chemin,diametre_estime,calibre_zone_b,calibre_zone_b_um,tortuosite_zone_c,densite_zone_c,longueur_zone_c
/home/carld/.cache/kagglehub/datasets/andrewmvd/retinal-disease-classification/versions/1/Training_Set/Training_Set/Training/10.png,False,0.05496743226160197,98.94137807088354,1.0902398324687448,0.07613424346875437,2.165342272055801
/home/carld/.cache/kagglehub/datasets/andrewmvd/retinal-disease-classification/versions/1/Training_Set/Training_Set/Training/16.png,False,0.05501248512739017,99.0224732293023,1.0917641887076286,0.0882115330865039,2.4618288606664396
/home/carld/.cache/kagglehub/datasets/andrewmvd/retinal-disease-classification/versions/1/Training_Set/Training_Set/Training/17.png,True,0.0600534368506602,108.09618633118835,1.0839934549206895,0.056886516145775404,0.951893294728316
/home/carld/.cache/kagglehub/datasets/andrewmvd/retinal-disease-classification/versions/1/Training_Set/Training_Set/Training/21.png,False,0.07255765569140339,130.6037802445261,1.093393450681441,0.1353082610713059,2.857092927259908
/home/carld/.cache/kagglehub/datasets/andrewmvd/retinal-disease-classification/versions/1/Training_Set/Training_Set/Training/28.png,True,0.07144105108836735,128.5938919590612,1.1159778363119945,0.0922746240056478,1.8215710198859192
/home/carld/.cache/kagglehub/datasets/andrewmvd/retinal-disease-classification/versions/1/Training_Set/Training_Set/Training/68.png,False,0.07445837949451647,134.02508309012964,1.1294315369653576,0.10066762137195183,2.298594162851207
/home/carld/.cache/kagglehub/datasets/andrewmvd/retinal-disease-classification/versions/1/Training_Set/Training_Set/Training/81.png,True,0.09125026189761952,164.25047141571514,1.1042054974206001,0.11328166066155038,1.9228836446061344
/home/carld/.cache/kagglehub/datasets/andrewmvd/retinal-disease-classification/versions/1/Training_Set/Training_Set/Training/83.png,False,0.054236094732791326,97.62497051902439,1.0969320982059219,0.10875618742954907,3.229778076784274
/home/carld/.cache/kagglehub/datasets/andrewmvd/retinal-disease-classification/versions/1/Training_Set/Training_Set/Training/90.png,False,0.057959732131578436,104.32751783684118,1.0938883356007054,0.11233563732566103,3.0908705740931417
/home/carld/.cache/kagglehub/datasets/andrewmvd/retinal-disease-classification/versions/1/Training_Set/Training_Set/Training/91.png,False,0.057116885090348735,102.81039316262772,1.0766856719448312,0.08571936507936508,2.1263034920634922
/home/carld/.cache/kagglehub/datasets/andrewmvd/retinal-disease-classification/versions/1/Training_Set/Training_Set/Training/92.png,False,0.05750628765122297,103.51131777220134,1.0838335129364283,0.09976067419553637,2.9265122328379203
/home/carld/.cache/kagglehub/datasets/andrewmvd/retinal-disease-classification/versions/1/Training_Set/Training_Set/Training/93.png,False,0.043184016467121895,77.73122964081941,1.105138156172287,0.09789183939128927,3.5451434927518126
/home/carld/.cache/kagglehub/datasets/andrewmvd/retinal-disease-classification/versions/1/Training_Set/Training_Set/Training/94.png,False,0.045828938484191895,82.49208927154541,1.09799938742711,0.09409490139755841,3.7308843838037893
/home/carld/.cache/kagglehub/datasets/andrewmvd/retinal-disease-classification/versions/1/Training_Set/Training_Set/Training/115.png,False,0.05690192522378913,102.42346540282044,1.084202757285491,0.10299999000169971,2.8782706939820235
/home/carld/.cache/kagglehub/datasets/andrewmvd/retinal-disease-classification/versions/1/Training_Set/Training_Set/Training/116.png,False,0.03318865549618795,59.739579893138306,1.0809321610322378,0.04467542819308784,1.2055101837477864
/home/carld/.cache/kagglehub/datasets/andrewmvd/retinal-disease-classification/versions/1/Training_Set/Training_Set/Training/117.png,False,0.06321151267754639,113.7807228195835,1.1663380867952224,0.1041924501338016,2.6487019143202737
/home/carld/.cache/kagglehub/datasets/andrewmvd/retinal-disease-classification/versions/1/Training_Set/Training_Set/Training/118.png,False,0.06127621067894829,110.29717922210692,1.0674213389585847,0.09316170097892958,2.2077490303056138
/home/carld/.cache/kagglehub/datasets/andrewmvd/retinal-disease-classification/versions/1/Training_Set/Training_Set/Training/126.png,False,0.0463111950046241,83.36015100832338,1.1083836860141627,0.09208210129515312,2.9732634746070445
/home/carld/.cache/kagglehub/datasets/andrewmvd/retinal-disease-classification/versions/1/Training_Set/Training_Set/Training/138.png,False,0.047172591028880675,84.91066385198522,1.0937577988273457,0.10336791831357049,3.3283102766798423
/home/carld/.cache/kagglehub/datasets/andrewmvd/retinal-disease-classification/versions/1/Training_Set/Training_Set/Training/148.png,False,0.0726819568210178,130.82752227783203,1.2174258234606097,0.10331006443694385,2.218318502608162
/home/carld/.cache/kagglehub/datasets/andrewmvd/retinal-disease-classification/versions/1/Training_Set/Training_Set/Training/153.png,False,0.07762742718906268,139.72936894031284,1.2579309620389092,0.10425309299166637,1.9247586181577887
/home/carld/.cache/kagglehub/datasets/andrewmvd/retinal-disease-classification/versions/1/Training_Set/Training_Set/Training/154.png,False,0.07793236148449802,140.27825067209642,1.1522410737400175,0.08471629682176507,1.4770549621829008
/home/carld/.cache/kagglehub/datasets/andrewmvd/retinal-disease-classification/versions/1/Training_Set/Training_Set/Training/159.png,False,0.0670280288168266,120.65045187028787,1.0955250658553166,0.10243503100397129,2.2567407510624955
/home/carld/.cache/kagglehub/datasets/andrewmvd/retinal-disease-classification/versions/1/Training_Set/Training_Set/Training/160.png,False,0.06489067091106696,116.80320763992052,1.1397937140334995,0.09908207343412527,2.1426705218421236
/home/carld/.cache/kagglehub/datasets/andrewmvd/retinal-disease-classification/versions/1/Training_Set/Training_Set/Training/167.png,False,0.043905016188317915,79.02902913897225,1.0921119404938593,0.07439207798463694,2.467576879658468
/home/carld/.cache/kagglehub/datasets/andrewmvd/retinal-disease-classification/versions/1/Training_Set/Training_Set/Training/175.png,True,0.03377078182255966,60.78740728060738,1.138394214694724,0.040180554633605835,1.0701389008018316
/home/carld/.cache/kagglehub/datasets/andrewmvd/retinal-disease-classification/versions/1/Training_Set/Training_Set/Training/179.png,True,0.0466187739201865,83.91379305633569,1.0819853023690695,0.05294483672862051,0.8797056040306288
/home/carld/.cache/kagglehub/datasets/andrewmvd/retinal-disease-classification/versions/1/Training_Set/Training_Set/Training/206.png,False,0.04706605886801696,84.71890596243053,1.0862624023108105,0.05885560869200436,1.7798787649970635
/home/carld/.cache/kagglehub/datasets/andrewmvd/retinal-disease-classification/versions/1/Training_Set/Training_Set/Training/209.png,False,0.05863530880365616,105.54355584658109,1.0874204959175677,0.09204317518840702,2.213383051486569
/home/carld/.cache/kagglehub/datasets/andrewmvd/retinal-disease-classification/versions/1/Training_Set/Training_Set/Training/218.png,True,0.05704005698877656,102.67210257979781,1.109066362981774,0.045916903682696325,1.250844195386571
/home/carld/.cache/kagglehub/datasets/andrewmvd/retinal-disease-classification/versions/1/Training_Set/Training_Set/Training/230.png,False,0.05279247836979557,95.02646106563203,1.1022540856215275,0.08001370332305584,2.1474020783373304
/home/carld/.cache/kagglehub/datasets/andrewmvd/retinal-disease-classification/versions/1/Training_Set/Training_Set/Training/238.png,True,0.10964876891493029,197.36778404687453,1.1147244310703712,0.08536906513825421,1.1186484685908045
/home/carld/.cache/kagglehub/datasets/andrewmvd/retinal-disease-classification/versions/1/Training_Set/Training_Set/Training/239.png,False,0.0443604188087659,79.84875385577863,1.099895868241309,0.0331093979976975,0.6979204616662538
/home/carld/.cache/kagglehub/datasets/andrewmvd/retinal-disease-classification/versions/1/Training_Set/Training_Set/Training/248.png,False,0.04911644447252946,88.40960005055304,1.0983567068502498,0.08939268035298256,2.545328486875309
/home/carld/.cache/kagglehub/datasets/andrewmvd/retinal-disease-classification/versions/1/Training_Set/Training_Set/Training/255.png,False,0.0555023139225688,99.90416506062384,1.0977065128689916,0.0693861020099798,1.9389892465301755
/home/carld/.cache/kagglehub/datasets/andrewmvd/retinal-disease-classification/versions/1/Training_Set/Training_Set/Training/256.png,False,0.06197559660759525,111.55607389367145,1.0809338558243498,0.09528358361035752,2.2432272362538686
/home/carld/.cache/kagglehub/datasets/andrewmvd/retinal-disease-classification/versions/1/Training_Set/Training_Set/Training/257.png,False,0.05760449199049685,103.68808558289433,1.0912027970987506,0.10570375045676511,2.618685370703442
/home/carld/.cache/kagglehub/datasets/andrewmvd/retinal-disease-classification/versions/1/Training_Set/Training_Set/Training/258.png,False,0.05604916678534613,100.88850021362303,1.0839073131952703,0.1041106232491606,2.943794329763773
/home/carld/.cache/kagglehub/datasets/andrewmvd/retinal-disease-classification/versions/1/Training_Set/Training_Set/Training/266.png,False,0.05939017136891683,106.9023084640503,1.0932512183664753,0.08263775845946039,1.6443043674020712
/home/carld/.cache/kagglehub/datasets/andrewmvd/retinal-disease-classification/versions/1/Training_Set/Training_Set/Training/270.png,False,0.06747166845533584,121.4490032196045,1.0968243551933148,0.10224233949118029,2.5238585903191777
/home/carld/.cache/kagglehub/datasets/andrewmvd/retinal-disease-classification/versions/1/Training_Set/Training_Set/Training/271.png,False,0.0748932628920584,134.80787320570514,1.1674795602296923,0.11986693610160713,2.5687022622321765
/home/carld/.cache/kagglehub/datasets/andrewmvd/retinal-disease-classification/versions/1/Training_Set/Training_Set/Training/274.png,False,0.07345669123591209,132.22204422464176,1.1106049435060508,0.09531562386644508,1.923740752300853
/home/carld/.cache/kagglehub/datasets/andrewmvd/retinal-disease-classification/versions/1/Training_Set/Training_Set/Training/292.png,False,0.05948962963802714,107.08133334844885,1.098074979052867,0.1084484085933553,2.842254673178242
/home/carld/.cache/kagglehub/datasets/andrewmvd/retinal-disease-classification/versions/1/Training_Set/Training_Set/Training/293.png,False,0.05271802526531798,94.89244547757237,1.090418553979011,0.10439176306088725,2.922613448582687
/home/carld/.cache/kagglehub/datasets/andrewmvd/retinal-disease-classification/versions/1/Training_Set/Training_Set/Training/313.png,True,0.06376735009221399,114.78123016598518,1.117366235595159,0.07103004458831677,1.6119329492257262
/home/carld/.cache/kagglehub/datasets/andrewmvd/retinal-disease-classification/versions/1/Training_Set/Training_Set/Training/314.png,True,0.04092121916209322,73.6581944917678,1.1016635009987825,0.03627863685401815,1.0427819600917652
/home/carld/.cache/kagglehub/datasets/andrewmvd/retinal-disease-classification/versions/1/Training_Set/Training_Set/Training/320.png,False,0.07279222661798651,131.02600791237572,1.144287969996421,0.0883561058643375,1.9338577916231263
/home/carld/.cache/kagglehub/datasets/andrewmvd/retinal-disease-classification/versions/1/Training_Set/Training_Set/Training/325.png,False,0.05823553338342784,104.8239600901701,1.1108086240886483,0.08681554265297008,1.9775078159892807
/home/carld/.cache/kagglehub/datasets/andrewmvd/retinal-disease-classification/versions/1/Training_Set/Training_Set/Training/336.png,False,0.08510444133110295,153.18799439598533,1.1070161341023377,0.05551886685036322,1.2643636280828001
/home/carld/.cache/kagglehub/datasets/andrewmvd/retinal-disease-classification/versions/1/Training_Set/Training_Set/Training/339.png,False,0.09808957135235823,176.5612284342448,1.0885231520783003,0.14518255172964767,2.165155388671407
/home/carld/.cache/kagglehub/datasets/andrewmvd/retinal-disease-classification/versions/1/Training_Set/Training_Set/Training/344.png,True,0.05454414339245723,98.17945810642301,1.133009667700059,0.06973836949727655,1.5307142777103504
/home/carld/.cache/kagglehub/datasets/andrewmvd/retinal-disease-classification/versions/1/Training_Set/Training_Set/Training/374.png,False,0.060135348787847556,108.2436278181256,1.093379944342907,0.10487951765528412,2.4346224932680793
/home/carld/.cache/kagglehub/datasets/andrewmvd/retinal-disease-classification/versions/1/Training_Set/Training_Set/Training/375.png,False,0.05209281673170116,93.76707011706209,1.0803559439907893,0.08680615524598657,2.284180950415138
/home/carld/.cache/kagglehub/datasets/andrewmvd/retinal-disease-classification/versions/1/Training_Set/Training_Set/Training/378.png,False,0.07062822547766681,127.13080585980026,1.1499322812624788,0.09235823088759097,2.6001394930333346
/home/carld/.cache/kagglehub/datasets/andrewmvd/retinal-disease-classification/versions/1/Training_Set/Training_Set/Training/406.png,False,0.10698110927907072,192.56599670232728,1.1546447806062012,0.15935129978535656,2.4464774624373957
/home/carld/.cache/kagglehub/datasets/andrewmvd/retinal-disease-classification/versions/1/Training_Set/Training_Set/Training/410.png,False,0.05848665543091603,105.27597977564885,1.1118719579850294,0.09358299219368264,2.5141910837982278
/home/carld/.cache/kagglehub/datasets/andrewmvd/retinal-disease-classification/versions/1/Training_Set/Training_Set/Training/414.png,False,0.06840555756180375,123.13000361124675,1.0850889154506154,0.0848528258895588,1.8988082816809262
/home/carld/.cache/kagglehub/datasets/andrewmvd/retinal-disease-classification/versions/1/Training_Set/Training_Set/Training/420.png,False,0.028794260554843475,51.829668998718255,1.0938442880650165,0.05536826277938277,2.174540055699243
/home/carld/.cache/kagglehub/datasets/andrewmvd/retinal-disease-classification/versions/1/Training_Set/Training_Set/Training/421.png,False,0.03707665009118022,66.73797016412439,1.0787596220419433,0.06046709979045794,2.3123650875548867
/home/carld/.cache/kagglehub/datasets/andrewmvd/retinal-disease-classification/versions/1/Training_Set/Training_Set/Training/430.png,False,0.05133860690112958,92.40949242203325,1.131439740259799,0.11289577770192945,3.821751962575542
/home/carld/.cache/kagglehub/datasets/andrewmvd/retinal-disease-classification/versions/1/Training_Set/Training_Set/Training/431.png,False,0.054177665480093104,97.51979786416759,1.0880028463785054,0.10763334975302673,3.034042995494376
/home/carld/.cache/kagglehub/datasets/andrewmvd/retinal-disease-classification/versions/1/Training_Set/Training_Set/Training/435.png,False,0.07938001680035964,142.88403024064735,1.1005035088888566,0.16677385675506368,3.1766464815201503
/home/carld/.cache/kagglehub/datasets/andrewmvd/retinal-disease-classification/versions/1/Training_Set/Training_Set/Training/442.png,False,0.05672201291838689,102.0996232530964,1.0966376140110814,0.08288107689830852,2.0946960057750332
/home/carld/.cache/kagglehub/datasets/andrewmvd/retinal-disease-classification/versions/1/Training_Set/Training_Set/Training/443.png,False,0.05468491501278347,98.43284702301024,1.0778045379098284,0.11811613704585447,3.3145637097608946
/home/carld/.cache/kagglehub/datasets/andrewmvd/retinal-disease-classification/versions/1/Training_Set/Training_Set/Training/449.png,False,0.05726720002981333,103.08096005366399,1.1008919391666558,0.10997821936293037,2.683721633379806
/home/carld/.cache/kagglehub/datasets/andrewmvd/retinal-disease-classification/versions/1/Training_Set/Training_Set/Training/452.png,False,0.060823712645277465,109.48268276149943,1.1097148606902634,0.09999318057828696,2.101050190943808
/home/carld/.cache/kagglehub/datasets/andrewmvd/retinal-disease-classification/versions/1/Training_Set/Training_Set/Training/454.png,False,0.055538483385769825,99.96927009438569,1.0903952616092725,0.10358327631157267,2.329276848587737
/home/carld/.cache/kagglehub/datasets/andrewmvd/retinal-disease-classification/versions/1/Training_Set/Training_Set/Training/458.png,False,0.06777526906147095,121.99548431064771,1.108944534194221,0.09076861967970179,2.1323532621268533
/home/carld/.cache/kagglehub/datasets/andrewmvd/retinal-disease-classification/versions/1/Training_Set/Training_Set/Training/462.png,False,0.06745451291402181,121.41812324523926,1.0894371541247962,0.12771025647270867,3.142898896655869
/home/carld/.cache/kagglehub/datasets/andrewmvd/retinal-disease-classification/versions/1/Training_Set/Training_Set/Training/466.png,False,0.0715892153271174,128.8605875888113,1.0911744620728088,0.1071102688285253,2.3872556165670504
/home/carld/.cache/kagglehub/datasets/andrewmvd/retinal-disease-classification/versions/1/Training_Set/Training_Set/Training/470.png,False,0.0868050663559525,156.2491194407145,1.0863592889947937,0.1372421806913915,2.2476033698073015
/home/carld/.cache/kagglehub/datasets/andrewmvd/retinal-disease-classification/versions/1/Training_Set/Training_Set/Training/482.png,False,0.06793374648460974,122.28074367229755,1.0977571114834883,0.10985233470799521,2.888812026074232
/home/carld/.cache/kagglehub/datasets/andrewmvd/retinal-disease-classification/versions/1/Training_Set/Training_Set/Training/489.png,False,0.048545591566297744,87.38206481933594,1.1130812014996254,0.1015695738018787,3.230290580562813
/home/carld/.cache/kagglehub/datasets/andrewmvd/retinal-disease-classification/versions/1/Training_Set/Training_Set/Training/498.png,False,0.09147925493193836,164.66265887748904,1.0865957704854798,0.08860851129841253,1.5501939086819378
/home/carld/.cache/kagglehub/datasets/andrewmvd/retinal-disease-classification/versions/1/Training_Set/Training_Set/Training/529.png,True,0.058840501330323466,105.91290239458223,1.0972026828027106,0.08322930656049034,1.6777025684776863
/home/carld/.cache/kagglehub/datasets/andrewmvd/retinal-disease-classification/versions/1/Training_Set/Training_Set/Training/530.png,False,0.046344424234068954,83.41996362132411,1.1146580408851257,0.10519599241675921,3.4423311716597853
/home/carld/.cache/kagglehub/datasets/andrewmvd/retinal-disease-classification/versions/1/Training_Set/Training_Set/Training/531.png,False,0.058229668816523764,104.81340386974277,1.109032581718299,0.09740365001958745,2.2649506261229013
/home/carld/.cache/kagglehub/datasets/andrewmvd/retinal-disease-classification/versions/1/Training_Set/Training_Set/Training/536.png,True,0.05690156285778187,102.42281314400736,1.0961948851841714,0.08362821035466775,2.2439169931234204
/home/carld/.cache/kagglehub/datasets/andrewmvd/retinal-disease-classification/versions/1/Training_Set/Training_Set/Training/537.png,True,0.048472162765217215,87.24989297739099,1.1012459408487032,0.06736391285457141,1.7344288043280962
/home/carld/.cache/kagglehub/datasets/andrewmvd/retinal-disease-classification/versions/1/Training_Set/Training_Set/Training/553.png,False,0.04864926686447658,87.56868035605784,1.1399604282828235,0.09285081636077475,3.280158195786402
/home/carld/.cache/kagglehub/datasets/andrewmvd/retinal-disease-classification/versions/1/Training_Set/Training_Set/Training/569.png,False,0.06201194433065561,111.6214997951801,1.1279255167282431,0.10763336437408541,2.743541306372223
/home/carld/.cache/kagglehub/datasets/andrewmvd/retinal-disease-classification/versions/1/Training_Set/Training_Set/Training/578.png,False,0.07462971354975845,134.3334843895652,1.1114596211290584,0.09063860621100488,1.661119981532424
/home/carld/.cache/kagglehub/datasets/andrewmvd/retinal-disease-classification/versions/1/Training_Set/Training_Set/Training/579.png,False,0.08483659426371257,152.70586967468262,1.0946483570429413,0.102836656832179,1.912703228641376
/home/carld/.cache/kagglehub/datasets/andrewmvd/retinal-disease-classification/versions/1/Training_Set/Training_Set/Training/582.png,False,0.0488418251720827,87.91528530974887,1.090647669663459,0.06735996218388088,1.50470941430274
/home/carld/.cache/kagglehub/datasets/andrewmvd/retinal-disease-classification/versions/1/Training_Set/Training_Set/Training/593.png,False,0.07027125776859752,126.48826398347553,1.0877076006040725,0.08579199790990184,1.7370395252491322
/home/carld/.cache/kagglehub/datasets/andrewmvd/retinal-disease-classification/versions/1/Training_Set/Training_Set/Training/594.png,False,0.06379138517100909,114.82449330781635,1.095052809679734,0.08189639084835591,1.7035326391221588
/home/carld/.cache/kagglehub/datasets/andrewmvd/retinal-disease-classification/versions/1/Training_Set/Training_Set/Training/598.png,False,0.06806732266327072,122.52118079388728,1.1055259476537191,0.07224484505460084,1.3520268737645953
/home/carld/.cache/kagglehub/datasets/andrewmvd/retinal-disease-classification/versions/1/Training_Set/Training_Set/Training/601.png,False,0.08283494553476009,149.10290196256815,1.129667895257507,0.1459968804359687,2.86311789512873
/home/carld/.cache/kagglehub/datasets/andrewmvd/retinal-disease-classification/versions/1/Training_Set/Training_Set/Training/605.png,False,0.05517616462259785,99.31709632067613,1.105090047127897,0.0800225375586521,2.3592373214395628
/home/carld/.cache/kagglehub/datasets/andrewmvd/retinal-disease-classification/versions/1/Training_Set/Training_Set/Training/617.png,False,0.05875953038533529,105.76715469360352,1.090839190598759,0.1021234341582646,2.9339367552703943
/home/carld/.cache/kagglehub/datasets/andrewmvd/retinal-disease-classification/versions/1/Training_Set/Training_Set/Training/641.png,False,0.058122924795732805,104.62126463231905,1.1255648301655006,0.09385261513387885,2.1568164174570494
/home/carld/.cache/kagglehub/datasets/andrewmvd/retinal-disease-classification/versions/1/Training_Set/Training_Set/Training/642.png,False,0.08664778276538174,155.96600897768712,1.0957562041933468,0.1268821247286835,2.0041530652355966
/home/carld/.cache/kagglehub/datasets/andrewmvd/retinal-disease-classification/versions/1/Training_Set/Training_Set/Training/649.png,False,0.04534728144421989,81.62510659959581,1.0943824591958562,0.0855883247187595,2.4909862142099684
/home/carld/.cache/kagglehub/datasets/andrewmvd/retinal-disease-classification/versions/1/Training_Set/Training_Set/Training/651.png,False,0.05708161043742346,102.74689878736224,1.0980921006182938,0.09333822425246313,2.1535251872782606
/home/carld/.cache/kagglehub/datasets/andrewmvd/retinal-disease-classification/versions/1/Training_Set/Training_Set/Training/666.png,False,0.07816145636818626,140.69062146273527,1.080458901067352,0.11055071716095223,2.06907553099778
/home/carld/.cache/kagglehub/datasets/andrewmvd/retinal-disease-classification/versions/1/Training_Set/Training_Set/Training/680.png,False,0.07462913601111014,134.33244481999824,1.099350023878465,0.1370892737955861,2.6103968575273817
/home/carld/.cache/kagglehub/datasets/andrewmvd/retinal-disease-classification/versions/1/Training_Set/Training_Set/Training/684.png,False,0.11104088585551192,199.87359453992144,1.0803148398203046,0.14988559558831283,2.0067904554033675
/home/carld/.cache/kagglehub/datasets/andrewmvd/retinal-disease-classification/versions/1/Training_Set/Training_Set/Training/690.png,False,0.09719830520393312,174.9569493670796,1.0946660403260349,0.09473069918601024,1.3265115155905702
/home/carld/.cache/kagglehub/datasets/andrewmvd/retinal-disease-classification/versions/1/Training_Set/Training_Set/Training/692.png,False,0.07522005384618585,135.39609692313454,1.095468701872592,0.08560714554910681,1.583628552046431
/home/carld/.cache/kagglehub/datasets/andrewmvd/retinal-disease-classification/versions/1/Training_Set/Training_Set/Training/693.png,False,0.07770565298737073,139.87017537726732,1.0943486691773132,0.09864754342539282,1.9638731063170607
/home/carld/.cache/kagglehub/datasets/andrewmvd/retinal-disease-classification/versions/1/Training_Set/Training_Set/Training/701.png,False,0.058662158118353944,105.5918846130371,1.0868452547077232,0.09386400643073561,2.326813281942412
/home/carld/.cache/kagglehub/datasets/andrewmvd/retinal-disease-classification/versions/1/Training_Set/Training_Set/Training/708.png,False,0.0410197199165047,73.83549584970847,1.1214705491915002,0.04806396516451135,1.4573621877287486
/home/carld/.cache/kagglehub/datasets/andrewmvd/retinal-disease-classification/versions/1/Training_Set/Training_Set/Training/715.png,False,0.0507853939419701,91.41370909554618,1.1098481116267818,0.08505857580939191,2.0841494377947045
/home/carld/.cache/kagglehub/datasets/andrewmvd/retinal-disease-classification/versions/1/Training_Set/Training_Set/Training/728.png,False,0.0645067704417718,116.11218679518925,1.1014777051188667,0.08978765658417354,1.9383134738771768
/home/carld/.cache/kagglehub/datasets/andrewmvd/retinal-disease-classification/versions/1/Training_Set/Training_Set/Training/730.png,False,0.08425426483154297,151.65767669677734,1.1184805093429961,0.15776432633784548,2.8080786244054945
/home/carld/.cache/kagglehub/datasets/andrewmvd/retinal-disease-classification/versions/1/Training_Set/Training_Set/Training/735.png,False,0.047642974853515624,85.75735473632812,1.091867433701602,0.07795243712916328,1.9830922395817463
/home/carld/.cache/kagglehub/datasets/andrewmvd/retinal-disease-classification/versions/1/Training_Set/Training_Set/Training/743.png,False,0.07772360144361937,139.90248259851487,1.0884226651285271,0.08092818840533285,1.3169153495762032
/home/carld/.cache/kagglehub/datasets/andrewmvd/retinal-disease-classification/versions/1/Training_Set/Training_Set/Training/757.png,False,0.0778314761125325,140.0966570025585,1.0807864591348744,0.13572118052479168,3.374176369918908
/home/carld/.cache/kagglehub/datasets/andrewmvd/retinal-disease-classification/versions/1/Training_Set/Training_Set/Training/758.png,False,0.061505354626078,110.70963832694041,1.0986847039457313,0.10311296004554762,3.07632138247387
/home/carld/.cache/kagglehub/datasets/andrewmvd/retinal-disease-classification/versions/1/Training_Set/Training_Set/Training/769.png,False,0.06366809209187825,114.60256576538085,1.1515494244138034,0.09434866206315036,2.4406983206321424
/home/carld/.cache/kagglehub/datasets/andrewmvd/retinal-disease-classification/versions/1/Training_Set/Training_Set/Training/793.png,False,0.05307354121447699,95.53237418605858,1.092098396412427,0.07210281295278595,1.7542931609495966
/home/carld/.cache/kagglehub/datasets/andrewmvd/retinal-disease-classification/versions/1/Training_Set/Training_Set/Training/794.png,False,0.05626267614498944,101.272817060981,1.0809321701026031,0.11607164337094329,3.166790963985854
/home/carld/.cache/kagglehub/datasets/andrewmvd/retinal-disease-classification/versions/1/Training_Set/Training_Set/Training/795.png,False,0.06154825700023187,110.78686260041736,1.1139695933537548,0.11963755111647201,2.58739077991233
/home/carld/.cache/kagglehub/datasets/andrewmvd/retinal-disease-classification/versions/1/Training_Set/Training_Set/Training/797.png,False,0.050467899580042073,90.84221924407574,1.0917804365501902,0.09977301528738029,3.0325638845666436
/home/carld/.cache/kagglehub/datasets/andrewmvd/retinal-disease-classification/versions/1/Training_Set/Training_Set/Training/798.png,False,0.05763559330237304,103.74406794427148,1.0827593439097176,0.06879286661947334,1.6695935904588222
/home/carld/.cache/kagglehub/datasets/andrewmvd/retinal-disease-classification/versions/1/Training_Set/Training_Set/Training/801.png,True,0.06340771665197363,114.13388997355254,1.0800420111477915,0.10639813856139296,2.3984373620456876
/home/carld/.cache/kagglehub/datasets/andrewmvd/retinal-disease-classification/versions/1/Training_Set/Training_Set/Training/802.png,False,0.07653080092536078,137.7554416656494,1.077081557662201,0.1117079580346262,2.683074283613488
/home/carld/.cache/kagglehub/datasets/andrewmvd/retinal-disease-classification/versions/1/Training_Set/Training_Set/Training/803.png,False,0.07780968236644364,140.05742825959857,1.0811122664868345,0.132564728360084,2.847184144577998
/home/carld/.cache/kagglehub/datasets/andrewmvd/retinal-disease-classification/versions/1/Training_Set/Training_Set/Training/805.png,False,0.054742553984055496,98.53659717129989,1.079378840652943,0.08386484416912361,2.1538729601217854
/home/carld/.cache/kagglehub/datasets/andrewmvd/retinal-disease-classification/versions/1/Training_Set/Training_Set/Training/812.png,False,0.11253036090305873,202.55464962550573,1.0969146326919132,0.15975292762011953,2.3250797223785407
/home/carld/.cache/kagglehub/datasets/andrewmvd/retinal-disease-classification/versions/1/Training_Set/Training_Set/Training/813.png,False,0.03478515550557068,62.613279910027224,1.0858861857384368,0.07318736556960335,2.5491770832836544
/home/carld/.cache/kagglehub/datasets/andrewmvd/retinal-disease-classification/versions/1/Training_Set/Training_Set/Training/815.png,False,0.08465053988438026,152.37097179188447,1.0905803153428004,0.1410557184750733,2.4878048780487805
/home/carld/.cache/kagglehub/datasets/andrewmvd/retinal-disease-classification/versions/1/Training_Set/Training_Set/Training/822.png,False,0.038211471597913285,68.78064887624392,1.0960385324416229,0.035507883587185,1.0637129273901165
/home/carld/.cache/kagglehub/datasets/andrewmvd/retinal-disease-classification/versions/1/Training_Set/Training_Set/Training/833.png,False,0.05491897171618891,98.85414908914004,1.0947385115126902,0.07927776092403456,2.8441253469062144
/home/carld/.cache/kagglehub/datasets/andrewmvd/retinal-disease-classification/versions/1/Training_Set/Training_Set/Training/834.png,False,0.07708985821094388,138.761744779699,1.0915728416968755,0.10845210707706411,2.022000687521485
/home/carld/.cache/kagglehub/datasets/andrewmvd/retinal-disease-classification/versions/1/Training_Set/Training_Set/Training/839.png,False,0.06661875927505863,119.91376669510554,1.1095330894249409,0.10282008019808489,2.4577952100269522
/home/carld/.cache/kagglehub/datasets/andrewmvd/retinal-disease-classification/versions/1/Training_Set/Training_Set/Training/840.png,False,0.051036938333310154,91.86648899995828,1.0948565386131202,0.0828304125358595,2.500787899046073
/home/carld/.cache/kagglehub/datasets/andrewmvd/retinal-disease-classification/versions/1/Training_Set/Training_Set/Training/850.png,False,0.07420081911031266,133.56147439856278,1.0839703139031707,0.12363384828222274,2.5098850423268226
/home/carld/.cache/kagglehub/datasets/andrewmvd/retinal-disease-classification/versions/1/Training_Set/Training_Set/Training/852.png,False,0.043262419493302055,77.8723550879437,1.1391924632589978,0.04950686147729247,1.2099071625716546
/home/carld/.cache/kagglehub/datasets/andrewmvd/retinal-disease-classification/versions/1/Training_Set/Training_Set/Training/859.png,False,0.08971472808292934,161.4865105492728,1.1145564103665317,0.08817099510087974,1.1283780224411315
/home/carld/.cache/kagglehub/datasets/andrewmvd/retinal-disease-classification/versions/1/Training_Set/Training_Set/Training/863.png,False,0.04437109402247837,79.86796924046106,1.1031712346339164,0.07626296639854971,2.5705300074971094
/home/carld/.cache/kagglehub/datasets/andrewmvd/retinal-disease-classification/versions/1/Training_Set/Training_Set/Training/868.png,False,0.06059739430745443,109.07530975341797,1.1452693626539823,0.08392273081967758,2.19965632315585
/home/carld/.cache/kagglehub/datasets/andrewmvd/retinal-disease-classification/versions/1/Training_Set/Training_Set/Training/872.png,False,0.09492505921257866,170.86510658264157,1.1123271131839556,0.1425300560834151,2.673096713974583
/home/carld/.cache/kagglehub/datasets/andrewmvd/retinal-disease-classification/versions/1/Training_Set/Training_Set/Training/883.png,False,0.04578754578754579,82.41758241758242,1.0899185905336517,0.09786082946894076,3.488583667374047
/home/carld/.cache/kagglehub/datasets/andrewmvd/retinal-disease-classification/versions/1/Training_Set/Training_Set/Training/885.png,False,0.07710863250532961,138.79553850959329,1.117588708094481,0.12284791171827744,2.526562707463523
/home/carld/.cache/kagglehub/datasets/andrewmvd/retinal-disease-classification/versions/1/Training_Set/Training_Set/Training/889.png,False,0.02506128887632,45.110319977376,1.0773846729985324,0.018146082598334275,0.3542343316217478
/home/carld/.cache/kagglehub/datasets/andrewmvd/retinal-disease-classification/versions/1/Training_Set/Training_Set/Training/893.png,False,0.04980842911877394,89.6551724137931,1.1215399766259067,0.09359990654361576,3.567056624555665
/home/carld/.cache/kagglehub/datasets/andrewmvd/retinal-disease-classification/versions/1/Training_Set/Training_Set/Training/895.png,False,0.049045718417448154,88.28229315140668,1.1035454399482887,0.09481210267129474,2.98510871709331
/home/carld/.cache/kagglehub/datasets/andrewmvd/retinal-disease-classification/versions/1/Training_Set/Training_Set/Training/896.png,False,0.044738596432829555,80.5294735790932,1.1078948816848466,0.09256941948725055,2.435746110646847
/home/carld/.cache/kagglehub/datasets/andrewmvd/retinal-disease-classification/versions/1/Training_Set/Training_Set/Training/898.png,False,0.0677867021316137,122.01606383690465,1.1439348906509588,0.05586720519724751,1.502275932811899
/home/carld/.cache/kagglehub/datasets/andrewmvd/retinal-disease-classification/versions/1/Training_Set/Training_Set/Training/899.png,False,0.0341000100273398,61.380018049211635,1.0844679881585613,0.03440844655527935,0.9771316647631254
/home/carld/.cache/kagglehub/datasets/andrewmvd/retinal-disease-classification/versions/1/Training_Set/Training_Set/Training/900.png,False,0.05006045731814099,90.10882317265379,1.132329918205627,0.0960895565873173,3.2176124966849566
/home/carld/.cache/kagglehub/datasets/andrewmvd/retinal-disease-classification/versions/1/Training_Set/Training_Set/Training/901.png,False,0.06474110058375768,116.53398105076381,1.082731103476229,0.10656716717520476,2.6557732455436005
/home/carld/.cache/kagglehub/datasets/andrewmvd/retinal-disease-classification/versions/1/Training_Set/Training_Set/Training/904.png,False,0.054736390643649636,98.52550315856935,1.080761581969026,0.08362186140526477,2.2888811861522105
/home/carld/.cache/kagglehub/datasets/andrewmvd/retinal-disease-classification/versions/1/Training_Set/Training_Set/Training/905.png,False,0.048795580270871594,87.83204448756887,1.0937439751030529,0.09015706549704737,2.0902305750900494
/home/carld/.cache/kagglehub/datasets/andrewmvd/retinal-disease-classification/versions/1/Training_Set/Training_Set/Training/908.png,False,0.041717806081662236,75.09205094699202,1.1401837721447787,0.09482840252695372,3.4306643399212695
/home/carld/.cache/kagglehub/datasets/andrewmvd/retinal-disease-classification/versions/1/Training_Set/Training_Set/Training/910.png,False,0.05259370523998995,94.66866943198191,1.131974027533342,0.09771325883623717,2.4444928820882437
/home/carld/.cache/kagglehub/datasets/andrewmvd/retinal-disease-classification/versions/1/Training_Set/Training_Set/Training/928.png,False,0.03978194068459903,71.60749323227826,1.0963378067689182,0.0750681586673857,2.8999265983582
/home/carld/.cache/kagglehub/datasets/andrewmvd/retinal-disease-classification/versions/1/Training_Set/Training_Set/Training/931.png,False,0.06351391898261176,114.32505416870117,1.0986724353453095,0.09672628492364717,2.3832493430990493
/home/carld/.cache/kagglehub/datasets/andrewmvd/retinal-disease-classification/versions/1/Training_Set/Training_Set/Training/936.png,False,0.05562955767052359,100.13320380694246,1.1115666051297524,0.10660668959740817,2.964681272613637
/home/carld/.cache/kagglehub/datasets/andrewmvd/retinal-disease-classification/versions/1/Training_Set/Training_Set/Training/940.png,False,0.09520767249313056,171.373810487635,1.099064846010206,0.1431468919257678,2.752212456605465
/home/carld/.cache/kagglehub/datasets/andrewmvd/retinal-disease-classification/versions/1/Training_Set/Training_Set/Training/942.png,False,0.06229444048297939,112.12999286936291,1.0899668139954166,0.10793091043588847,2.5609549722091334
/home/carld/.cache/kagglehub/datasets/andrewmvd/retinal-disease-classification/versions/1/Training_Set/Training_Set/Training/944.png,False,0.08758758038890604,157.6576447000309,1.0919972261476645,0.14203915923299015,2.7335603199378884
/home/carld/.cache/kagglehub/datasets/andrewmvd/retinal-disease-classification/versions/1/Training_Set/Training_Set/Training/947.png,False,0.041834162268446475,75.30149208320366,1.1154873701665358,0.06775337907517154,2.423263253903869
/home/carld/.cache/kagglehub/datasets/andrewmvd/retinal-disease-classification/versions/1/Training_Set/Training_Set/Training/956.png,False,0.05724432945251465,103.03979301452637,1.0952558714856313,0.09632961770012985,2.5403042209818043
/home/carld/.cache/kagglehub/datasets/andrewmvd/retinal-disease-classification/versions/1/Training_Set/Training_Set/Training/965.png,False,0.06326249501644036,113.87249102959265,1.1045784952746929,0.0976965183806163,2.329878574008725
/home/carld/.cache/kagglehub/datasets/andrewmvd/retinal-disease-classification/versions/1/Training_Set/Training_Set/Training/969.png,False,0.06048557987320894,108.87404377177609,1.1007768189150016,0.09901840936323696,2.1108919039953524
/home/carld/.cache/kagglehub/datasets/andrewmvd/retinal-disease-classification/versions/1/Training_Set/Training_Set/Training/974.png,False,0.049782460438456515,89.60842878922173,1.0863749699025829,0.07135751803280264,1.757387322014676
/home/carld/.cache/kagglehub/datasets/andrewmvd/retinal-disease-classification/versions/1/Training_Set/Training_Set/Training/997.png,False,0.05284261376890417,95.1167047840275,1.0796561912965286,0.04989556741703412,1.2637604687048325
/home/carld/.cache/kagglehub/datasets/andrewmvd/retinal-disease-classification/versions/1/Training_Set/Training_Set/Training/999.png,True,0.06894140761939004,124.09453371490207,1.0766178069116445,0.12305087268802799,2.8125791227227923
/home/carld/.cache/kagglehub/datasets/andrewmvd/retinal-disease-classification/versions/1/Training_Set/Training_Set/Training/1010.png,True,0.06769385182489686,121.84893328481435,1.104237251216869,0.08764308506804526,1.648544898484756
/home/carld/.cache/kagglehub/datasets/andrewmvd/retinal-disease-classification/versions/1/Training_Set/Training_Set/Training/1014.png,False,0.056301070482302935,101.34192686814528,1.1048009240768744,0.10205137781097447,2.5079627604236134
/home/carld/.cache/kagglehub/datasets/andrewmvd/retinal-disease-classification/versions/1/Training_Set/Training_Set/Training/1015.png,False,0.0640215954538119,115.23887181686143,1.0931156813468723,0.09682481331306891,2.2381911257180795
/home/carld/.cache/kagglehub/datasets/andrewmvd/retinal-disease-classification/versions/1/Training_Set/Training_Set/Training/1018.png,False,0.040157928466796874,72.28427124023438,1.0758147341521946,0.06713233230138357,2.141872073486756
/home/carld/.cache/kagglehub/datasets/andrewmvd/retinal-disease-classification/versions/1/Training_Set/Training_Set/Training/1024.png,False,0.07498793346060198,134.97828022908357,1.116001621530568,0.11553008595988538,2.3148001809681795
/home/carld/.cache/kagglehub/datasets/andrewmvd/retinal-disease-classification/versions/1/Training_Set/Training_Set/Training/1032.png,False,0.0641957211167845,115.5522980102121,1.0820345399277265,0.10116544515198847,2.410478648696798
/home/carld/.cache/kagglehub/datasets/andrewmvd/retinal-disease-classification/versions/1/Training_Set/Training_Set/Training/1035.png,False,0.07027184637517878,126.4893234753218,1.0820449450353344,0.10802329572385087,2.1448518956377725
/home/carld/.cache/kagglehub/datasets/andrewmvd/retinal-disease-classification/versions/1/Training_Set/Training_Set/Training/1041.png,False,0.05543682310316298,99.78628158569336,1.08314952077155,0.06470822731545507,1.5580174123599209
/home/carld/.cache/kagglehub/datasets/andrewmvd/retinal-disease-classification/versions/1/Training_Set/Training_Set/Training/1045.png,False,0.05853732818728881,105.36719073711986,1.0888032585549574,0.0906473368820177,2.1439096965278828
/home/carld/.cache/kagglehub/datasets/andrewmvd/retinal-disease-classification/versions/1/Training_Set/Training_Set/Training/1046.png,False,0.05927418741051125,106.69353733892025,1.1076720382222867,0.0890154315165913,1.9726647532333794
/home/carld/.cache/kagglehub/datasets/andrewmvd/retinal-disease-classification/versions/1/Training_Set/Training_Set/Training/1052.png,False,0.05237497223748101,94.27495002746582,1.0736973665132632,0.06145231261222296,1.4338261314040814
/home/carld/.cache/kagglehub/datasets/andrewmvd/retinal-disease-classification/versions/1/Training_Set/Training_Set/Training/1063.png,False,0.07315422081556476,131.67759746801656,1.0923427930360619,0.12352524199067888,2.821073558648111
/home/carld/.cache/kagglehub/datasets/andrewmvd/retinal-disease-classification/versions/1/Training_Set/Training_Set/Training/1064.png,False,0.07365114832185006,132.57206697933012,1.091722428394295,0.11179643450770785,2.503976143141153
/home/carld/.cache/kagglehub/datasets/andrewmvd/retinal-disease-classification/versions/1/Training_Set/Training_Set/Training/1071.png,False,0.0653087449796272,117.55574096332896,1.094827995494896,0.09539631946114986,2.2552822548312084
/home/carld/.cache/kagglehub/datasets/andrewmvd/retinal-disease-classification/versions/1/Training_Set/Training_Set/Training/1072.png,False,0.07176793400758232,129.18228121364817,1.1333721051660146,0.10245156326502064,2.141498216409037
/home/carld/.cache/kagglehub/datasets/andrewmvd/retinal-disease-classification/versions/1/Training_Set/Training_Set/Training/1077.png,False,0.06464220982431715,116.35597768377087,1.0722381368550298,0.0911216285567657,1.9186633973883789
/home/carld/.cache/kagglehub/datasets/andrewmvd/retinal-disease-classification/versions/1/Training_Set/Training_Set/Training/1082.png,False,0.05247101624806722,94.447829246521,1.0756608983314393,0.06902186319781808,1.5499281105695484
/home/carld/.cache/kagglehub/datasets/andrewmvd/retinal-disease-classification/versions/1/Training_Set/Training_Set/Training/1085.png,False,0.08799471498346653,158.39048697023975,1.0701302591370268,0.15310219438903058,2.5687230120451505
/home/carld/.cache/kagglehub/datasets/andrewmvd/retinal-disease-classification/versions/1/Training_Set/Training_Set/Training/1086.png,False,0.08027593943537498,144.49669098367497,1.086685664669127,0.14396101108557866,2.6571930001767634
/home/carld/.cache/kagglehub/datasets/andrewmvd/retinal-disease-classification/versions/1/Training_Set/Training_Set/Training/1101.png,False,0.07362298700544569,132.52137660980225,1.0911375254667217,0.11348629088504633,1.5823226238892762
/home/carld/.cache/kagglehub/datasets/andrewmvd/retinal-disease-classification/versions/1/Training_Set/Training_Set/Training/1102.png,False,0.032127037081112156,57.82866674600188,1.0915134757342324,0.06388295185170792,2.5134885166906304
/home/carld/.cache/kagglehub/datasets/andrewmvd/retinal-disease-classification/versions/1/Training_Set/Training_Set/Training/1109.png,False,0.054937075965012176,98.88673673702192,1.1150761988084366,0.09826792691779024,2.7238644612272003
/home/carld/.cache/kagglehub/datasets/andrewmvd/retinal-disease-classification/versions/1/Training_Set/Training_Set/Training/1112.png,False,0.060923191672521276,109.6617450105383,1.1543573272441185,0.07185690369679172,1.262164832450531
/home/carld/.cache/kagglehub/datasets/andrewmvd/retinal-disease-classification/versions/1/Training_Set/Training_Set/Training/1113.png,False,0.05706290349568406,102.71322629223131,1.108250065849876,0.10079744396606584,2.964815034254541
/home/carld/.cache/kagglehub/datasets/andrewmvd/retinal-disease-classification/versions/1/Training_Set/Training_Set/Training/1124.png,False,0.04897455324100543,88.15419583380977,1.094005940078843,0.08609154860657117,2.6651973583768185
/home/carld/.cache/kagglehub/datasets/andrewmvd/retinal-disease-classification/versions/1/Training_Set/Training_Set/Training/1134.png,False,0.06447267308481422,116.05081155266559,1.0927840138867475,0.09358734169547553,2.1952397229157024
/home/carld/.cache/kagglehub/datasets/andrewmvd/retinal-disease-classification/versions/1/Training_Set/Training_Set/Training/1135.png,False,0.058972295228537024,106.15013141136664,1.080009235501826,0.07419176235526348,1.460011394365406
/home/carld/.cache/kagglehub/datasets/andrewmvd/retinal-disease-classification/versions/1/Training_Set/Training_Set/Training/1137.png,False,0.06848989016767862,123.28180230182151,1.1009560775510203,0.060042205624728374,1.3175950858673884
/home/carld/.cache/kagglehub/datasets/andrewmvd/retinal-disease-classification/versions/1/Training_Set/Training_Set/Training/1145.png,False,0.05357973222379331,96.44351800282796,1.1122180599611033,0.07027972603190445,1.9906337568615406
/home/carld/.cache/kagglehub/datasets/andrewmvd/retinal-disease-classification/versions/1/Training_Set/Training_Set/Training/1147.png,False,0.06296744828667146,113.34140691600862,1.1257380953545963,0.1141719657174454,2.4703566491567597
/home/carld/.cache/kagglehub/datasets/andrewmvd/retinal-disease-classification/versions/1/Training_Set/Training_Set/Training/1153.png,False,0.06385901199644477,114.94622159360058,1.0978036815056134,0.08434759108665209,1.8969314301157163
/home/carld/.cache/kagglehub/datasets/andrewmvd/retinal-disease-classification/versions/1/Training_Set/Training_Set/Training/1176.png,False,0.05316422408793396,95.69560335828113,1.1059304063804956,0.07886680977121127,2.326690370931924
/home/carld/.cache/kagglehub/datasets/andrewmvd/retinal-disease-classification/versions/1/Training_Set/Training_Set/Training/1185.png,False,0.09121537650073015,164.18767770131427,1.1003689845835438,0.10649604061683023,1.4884628499981054
/home/carld/.cache/kagglehub/datasets/andrewmvd/retinal-disease-classification/versions/1/Training_Set/Training_Set/Training/1188.png,False,0.06035037379447228,108.6306728300501,1.0916892607814066,0.11331167914136421,2.7222143765004945
/home/carld/.cache/kagglehub/datasets/andrewmvd/retinal-disease-classification/versions/1/Training_Set/Training_Set/Training/1189.png,False,0.06065790379633669,109.18422683340604,1.1067198520284354,0.10679773816119675,2.393141153081511
/home/carld/.cache/kagglehub/datasets/andrewmvd/retinal-disease-classification/versions/1/Training_Set/Training_Set/Training/1193.png,False,0.11601011977236496,208.81821559025693,1.09746086939224,0.13527118214410738,1.8605279994205768
/home/carld/.cache/kagglehub/datasets/andrewmvd/retinal-disease-classification/versions/1/Training_Set/Training_Set/Training/1194.png,False,0.07352066414911043,132.3371954683988,1.0938343588193693,0.11279970153572054,2.0757886081057415
/home/carld/.cache/kagglehub/datasets/andrewmvd/retinal-disease-classification/versions/1/Training_Set/Training_Set/Training/1209.png,False,0.060028822686937114,108.0518808364868,1.0714196502319806,0.07947727063848783,2.022600254712398
/home/carld/.cache/kagglehub/datasets/andrewmvd/retinal-disease-classification/versions/1/Training_Set/Training_Set/Training/1214.png,False,0.05958655548556415,107.25579987401547,1.0856053751318153,0.102658386203199,2.532240193012242
/home/carld/.cache/kagglehub/datasets/andrewmvd/retinal-disease-classification/versions/1/Training_Set/Training_Set/Training/1224.png,False,0.06250755754235672,112.51360357624209,1.091817922342773,0.12421783276780761,3.3409711560377935
/home/carld/.cache/kagglehub/datasets/andrewmvd/retinal-disease-classification/versions/1/Training_Set/Training_Set/Training/1225.png,False,0.07197245756785074,129.55042362213135,1.0825095186139089,0.10229232963214369,1.7118676788372078
/home/carld/.cache/kagglehub/datasets/andrewmvd/retinal-disease-classification/versions/1/Training_Set/Training_Set/Training/1231.png,False,0.06406933751272326,115.32480752290186,1.091501795766398,0.06048478763308453,1.4660137157579662
/home/carld/.cache/kagglehub/datasets/andrewmvd/retinal-disease-classification/versions/1/Training_Set/Training_Set/Training/1244.png,False,0.06363565293117542,114.54417527611575,1.1035671797943432,0.09645318574487091,2.091148185670012
/home/carld/.cache/kagglehub/datasets/andrewmvd/retinal-disease-classification/versions/1/Training_Set/Training_Set/Training/1245.png,False,0.0710510602073064,127.89190837315151,1.083237238709772,0.09657978580476757,1.7971670953130396
/home/carld/.cache/kagglehub/datasets/andrewmvd/retinal-disease-classification/versions/1/Training_Set/Training_Set/Training/1250.png,False,0.051782720717624645,93.20889729172436,1.137710257268571,0.10009581603321623,2.8391420779795102
/home/carld/.cache/kagglehub/datasets/andrewmvd/retinal-disease-classification/versions/1/Training_Set/Training_Set/Training/1255.png,False,0.06115645832485623,110.08162498474121,1.1020515460423372,0.13757997340952996,3.218049199714997
/home/carld/.cache/kagglehub/datasets/andrewmvd/retinal-disease-classification/versions/1/Training_Set/Training_Set/Training/1264.png,False,0.04654928048451741,83.78870487213133,1.1050453841097272,0.09292534395910082,2.9539132396060443
/home/carld/.cache/kagglehub/datasets/andrewmvd/retinal-disease-classification/versions/1/Training_Set/Training_Set/Training/1265.png,False,0.06503713196092616,117.06683752966708,1.0836212277624058,0.11771866859258605,3.1004232397075797
/home/carld/.cache/kagglehub/datasets/andrewmvd/retinal-disease-classification/versions/1/Training_Set/Training_Set/Training/1284.png,False,0.05014072169720287,90.25329905496517,1.0940424740422707,0.041698495542432656,0.7989314646162009
/home/carld/.cache/kagglehub/datasets/andrewmvd/retinal-disease-classification/versions/1/Training_Set/Training_Set/Training/1295.png,False,0.07070972124735514,127.27749824523926,1.089524509519113,0.11840520682516271,2.6352786761024585
/home/carld/.cache/kagglehub/datasets/andrewmvd/retinal-disease-classification/versions/1/Training_Set/Training_Set/Training/1303.png,False,0.06354968368727278,114.389430637091,1.0888657824007153,0.09848471149847206,2.1061334828128673
/home/carld/.cache/kagglehub/datasets/andrewmvd/retinal-disease-classification/versions/1/Training_Set/Training_Set/Training/1311.png,False,0.055425992494897,99.7667864908146,1.1007393619872297,0.11463825707791504,3.4153974610734
/home/carld/.cache/kagglehub/datasets/andrewmvd/retinal-disease-classification/versions/1/Training_Set/Training_Set/Training/1312.png,False,0.0723945783846306,130.3102410923351,1.137853512790857,0.12483590550769692,2.464911535924448
/home/carld/.cache/kagglehub/datasets/andrewmvd/retinal-disease-classification/versions/1/Training_Set/Training_Set/Training/1314.png,False,0.04492646623328029,80.86763921990452,1.102061544913082,0.07994752838628283,2.4399515426080973
/home/carld/.cache/kagglehub/datasets/andrewmvd/retinal-disease-classification/versions/1/Training_Set/Training_Set/Training/1318.png,True,0.06774138702409079,121.93449664336342,1.0804696429685965,0.06252865180245884,1.3165630491429423
/home/carld/.cache/kagglehub/datasets/andrewmvd/retinal-disease-classification/versions/1/Training_Set/Training_Set/Training/1319.png,False,0.05133612188574386,92.40501939433895,1.1091920217268014,0.10858087120961078,3.153144316459667
/home/carld/.cache/kagglehub/datasets/andrewmvd/retinal-disease-classification/versions/1/Training_Set/Training_Set/Training/1321.png,False,,,1.0962473140118507,0.010238461538461538,0.5665846153846154
/home/carld/.cache/kagglehub/datasets/andrewmvd/retinal-disease-classification/versions/1/Training_Set/Training_Set/Training/1374.png,False,0.06086740856282195,109.5613354130795,1.0754647051235975,0.07296215429403202,1.547167170529616
/home/carld/.cache/kagglehub/datasets/andrewmvd/retinal-disease-classification/versions/1/Training_Set/Training_Set/Training/1381.png,False,0.06135623779655063,110.44122803379113,1.1147344165457467,0.10326957164957985,2.5023296092661167
/home/carld/.cache/kagglehub/datasets/andrewmvd/retinal-disease-classification/versions/1/Training_Set/Training_Set/Training/1382.png,False,0.06692292690277099,120.46126842498778,1.087247971969603,0.11728439433566859,2.666117411570851
/home/carld/.cache/kagglehub/datasets/andrewmvd/retinal-disease-classification/versions/1/Training_Set/Training_Set/Training/1388.png,False,0.04046908345138817,72.84435021249871,1.0811214896382058,0.09321600295894464,3.8452102083590187
/home/carld/.cache/kagglehub/datasets/andrewmvd/retinal-disease-classification/versions/1/Training_Set/Training_Set/Training/1392.png,False,0.0545193084081014,98.13475513458252,1.093118253099384,0.09570807856398561,2.7408922006173446
/home/carld/.cache/kagglehub/datasets/andrewmvd/retinal-disease-classification/versions/1/Training_Set/Training_Set/Training/1404.png,False,0.06055368712885462,108.99663683193832,1.1106235244288003,0.090008424433814,2.052438405565053
/home/carld/.cache/kagglehub/datasets/andrewmvd/retinal-disease-classification/versions/1/Training_Set/Training_Set/Training/1410.png,False,0.0637131195283879,114.68361515109822,1.1234487259157109,0.11302033208668852,2.8369047474021465
/home/carld/.cache/kagglehub/datasets/andrewmvd/retinal-disease-classification/versions/1/Training_Set/Training_Set/Training/1411.png,False,0.07105744409861055,127.90339937749899,1.1128822381233259,0.1173365786289082,2.7097352030246884
/home/carld/.cache/kagglehub/datasets/andrewmvd/retinal-disease-classification/versions/1/Training_Set/Training_Set/Training/1419.png,False,0.06027441024780274,108.49393844604492,1.0695672018625335,0.09903849828829764,2.135068877592806
/home/carld/.cache/kagglehub/datasets/andrewmvd/retinal-disease-classification/versions/1/Training_Set/Training_Set/Training/1508.png,False,0.04374513392354928,78.7412410623887,1.107108540343413,0.12388853894420335,4.39632221669271
/home/carld/.cache/kagglehub/datasets/andrewmvd/retinal-disease-classification/versions/1/Training_Set/Training_Set/Training/1510.png,False,0.07415942869324615,133.4869716478431,1.1286170645852673,0.0876174232035107,2.393402015907844
/home/carld/.cache/kagglehub/datasets/andrewmvd/retinal-disease-classification/versions/1/Training_Set/Training_Set/Training/1525.png,False,0.05346873579504283,96.24372443107708,1.1066075506941795,0.11101103029719185,3.2637445209768314
/home/carld/.cache/kagglehub/datasets/andrewmvd/retinal-disease-classification/versions/1/Training_Set/Training_Set/Training/1526.png,False,0.06283366680145264,113.10060024261475,1.111165163880147,0.10477620560207912,2.475229569737222
/home/carld/.cache/kagglehub/datasets/andrewmvd/retinal-disease-classification/versions/1/Training_Set/Training_Set/Training/1535.png,True,0.08543488499600668,153.78279299281203,1.0885724603494478,0.15290745463359118,3.1114597318604287
/home/carld/.cache/kagglehub/datasets/andrewmvd/retinal-disease-classification/versions/1/Training_Set/Training_Set/Training/1543.png,False,0.05500639611808814,99.01151301255865,1.0907074046711853,0.11940627900133548,3.3303605785554224
/home/carld/.cache/kagglehub/datasets/andrewmvd/retinal-disease-classification/versions/1/Training_Set/Training_Set/Training/1544.png,False,0.04318469694291038,77.73245449723869,1.1021843177179205,0.10758456156784685,4.137794007874361
/home/carld/.cache/kagglehub/datasets/andrewmvd/retinal-disease-classification/versions/1/Training_Set/Training_Set/Training/1553.png,True,0.08607740805399089,154.9393344971836,1.0894309437333396,0.12858095815645845,2.9469399503462235
/home/carld/.cache/kagglehub/datasets/andrewmvd/retinal-disease-classification/versions/1/Training_Set/Training_Set/Training/1554.png,False,0.05140459715430416,92.52827487774749,1.081445645168223,0.09838110389370147,2.3038852449485474
/home/carld/.cache/kagglehub/datasets/andrewmvd/retinal-disease-classification/versions/1/Training_Set/Training_Set/Training/1555.png,False,0.07446084094770028,134.0295137058605,1.0829177990267862,0.09171012655611666,1.8324113177130337
/home/carld/.cache/kagglehub/datasets/andrewmvd/retinal-disease-classification/versions/1/Training_Set/Training_Set/Training/1558.png,False,0.050758783552381725,91.36581039428711,1.112444254694422,0.10544903237313832,3.2734326228484796
/home/carld/.cache/kagglehub/datasets/andrewmvd/retinal-disease-classification/versions/1/Training_Set/Training_Set/Training/1562.png,False,0.04856455112443603,87.41619202398485,1.0936025494444235,0.1270007673094594,4.829559412803016
/home/carld/.cache/kagglehub/datasets/andrewmvd/retinal-disease-classification/versions/1/Training_Set/Training_Set/Training/1586.png,False,0.046327789145779896,83.39002046240381,1.0928972821596565,0.11502159823411993,3.9780250729622497
/home/carld/.cache/kagglehub/datasets/andrewmvd/retinal-disease-classification/versions/1/Training_Set/Training_Set/Training/1587.png,False,0.057084491758635544,102.75208516554397,1.109036087790182,0.0942033224145999,1.7340313523631259
/home/carld/.cache/kagglehub/datasets/andrewmvd/retinal-disease-classification/versions/1/Training_Set/Training_Set/Training/1588.png,False,0.058991981976067843,106.18556755692212,1.1260100224817868,0.11674730149858525,2.718430153351731
/home/carld/.cache/kagglehub/datasets/andrewmvd/retinal-disease-classification/versions/1/Training_Set/Training_Set/Training/1601.png,False,0.04540894248268821,81.73609646883878,1.1135444882659833,0.10236146109234211,3.911663067881811
/home/carld/.cache/kagglehub/datasets/andrewmvd/retinal-disease-classification/versions/1/Training_Set/Training_Set/Training/1614.png,False,0.07200176861821389,129.603183512785,1.1063660071331556,0.14646248609804088,2.7194487435739894
/home/carld/.cache/kagglehub/datasets/andrewmvd/retinal-disease-classification/versions/1/Training_Set/Training_Set/Training/1644.png,False,0.050355748479146076,90.64034726246294,1.108922298208519,0.1261819944176964,4.331471386272061
/home/carld/.cache/kagglehub/datasets/andrewmvd/retinal-disease-classification/versions/1/Training_Set/Training_Set/Training/1647.png,False,0.11943235060181281,214.97823108326307,1.1207970428889495,0.16731570367687013,2.0700959971019746
/home/carld/.cache/kagglehub/datasets/andrewmvd/retinal-disease-classification/versions/1/Training_Set/Training_Set/Training/1657.png,True,0.05736604905509854,103.25888829917737,1.1255925858200433,0.1036255767963085,2.0578414528486433
/home/carld/.cache/kagglehub/datasets/andrewmvd/retinal-disease-classification/versions/1/Training_Set/Training_Set/Training/1659.png,False,0.05859345673395435,105.46822212111783,1.1234710690195413,0.12974993769211599,3.8045193985212262
/home/carld/.cache/kagglehub/datasets/andrewmvd/retinal-disease-classification/versions/1/Training_Set/Training_Set/Training/1663.png,False,0.05653585837437557,101.76454507387602,1.0840201832256402,0.12713820831902012,3.670053817655294
/home/carld/.cache/kagglehub/datasets/andrewmvd/retinal-disease-classification/versions/1/Training_Set/Training_Set/Training/1675.png,False,0.0586885745708759,105.63943422757663,1.0931268189650285,0.11112831130633333,3.247547359662532
/home/carld/.cache/kagglehub/datasets/andrewmvd/retinal-disease-classification/versions/1/Training_Set/Training_Set/Training/1684.png,False,0.05430964152018229,97.75735473632812,1.1010513046139807,0.0951110178258197,2.635080433576708
/home/carld/.cache/kagglehub/datasets/andrewmvd/retinal-disease-classification/versions/1/Training_Set/Training_Set/Training/1691.png,True,0.07116100070083389,128.089801261501,1.0960695150638873,0.10600294915092993,2.178542615694852
/home/carld/.cache/kagglehub/datasets/andrewmvd/retinal-disease-classification/versions/1/Training_Set/Training_Set/Training/1696.png,False,0.04365940523330279,78.58692941994502,1.0985929251267768,0.11080934451313605,4.744318864780048
/home/carld/.cache/kagglehub/datasets/andrewmvd/retinal-disease-classification/versions/1/Training_Set/Training_Set/Training/1699.png,False,0.08501208071805993,153.0217452925079,1.101116324382357,0.12082399560693985,1.9373395271523768
/home/carld/.cache/kagglehub/datasets/andrewmvd/retinal-disease-classification/versions/1/Training_Set/Training_Set/Training/1701.png,False,0.0595588457890046,107.20592242020827,1.1235587053058207,0.126348755197642,3.3431145498885906
/home/carld/.cache/kagglehub/datasets/andrewmvd/retinal-disease-classification/versions/1/Training_Set/Training_Set/Training/1703.png,False,0.048364292446968486,87.05572640454328,1.0821184195100557,0.09331956179666351,2.7822928862804175
/home/carld/.cache/kagglehub/datasets/andrewmvd/retinal-disease-classification/versions/1/Training_Set/Training_Set/Training/1704.png,False,0.060986869212047594,109.77636458168567,1.0760156045243385,0.09617714054988839,2.70773942390468
/home/carld/.cache/kagglehub/datasets/andrewmvd/retinal-disease-classification/versions/1/Training_Set/Training_Set/Training/1705.png,False,0.04504622993888436,81.08321388999185,1.0907127954404898,0.09017239235141285,4.079598277757051
/home/carld/.cache/kagglehub/datasets/andrewmvd/retinal-disease-classification/versions/1/Training_Set/Training_Set/Training/1706.png,False,0.06878306878306878,123.8095238095238,1.1070351067195838,0.12015434847135649,3.253784505788068
/home/carld/.cache/kagglehub/datasets/andrewmvd/retinal-disease-classification/versions/1/Training_Set/Training_Set/Training/1707.png,False,0.0648386445853228,116.70956025358105,1.1756525004010696,0.12698396932917502,2.8754494348542936
/home/carld/.cache/kagglehub/datasets/andrewmvd/retinal-disease-classification/versions/1/Training_Set/Training_Set/Training/1709.png,False,0.05667732467114086,102.01918440805355,1.1675101857419539,0.09439000469766023,2.5570930548802098
/home/carld/.cache/kagglehub/datasets/andrewmvd/retinal-disease-classification/versions/1/Training_Set/Training_Set/Training/1714.png,False,0.061570262125400316,110.82647182572057,1.1435680148696517,0.10142307710413459,2.518775861825474
/home/carld/.cache/kagglehub/datasets/andrewmvd/retinal-disease-classification/versions/1/Training_Set/Training_Set/Training/1715.png,False,0.06201772506420429,111.63190511556772,1.1700357038857672,0.12514535818008637,3.332632107941962
/home/carld/.cache/kagglehub/datasets/andrewmvd/retinal-disease-classification/versions/1/Training_Set/Training_Set/Training/1716.png,False,0.06371417981848869,114.68552367327965,1.1256789872385313,0.12470140211182275,4.046148519993076
/home/carld/.cache/kagglehub/datasets/andrewmvd/retinal-disease-classification/versions/1/Training_Set/Training_Set/Training/1717.png,False,0.06526506882087857,117.47712387758142,1.0873822162502202,0.06973125980959953,1.208035475624216
/home/carld/.cache/kagglehub/datasets/andrewmvd/retinal-disease-classification/versions/1/Training_Set/Training_Set/Training/1718.png,True,0.046667422578776825,84.00136064179829,1.081183158684715,0.03592576432823262,0.8151910854806078
/home/carld/.cache/kagglehub/datasets/andrewmvd/retinal-disease-classification/versions/1/Training_Set/Training_Set/Training/1719.png,False,0.07739261298151741,139.30670336673134,1.102068550589526,0.10503272944370606,2.081507331253243
/home/carld/.cache/kagglehub/datasets/andrewmvd/retinal-disease-classification/versions/1/Training_Set/Training_Set/Training/1727.png,False,0.12689267407666457,228.40681333799623,1.1111771638255001,0.15147275405007363,1.7119538537064312
/home/carld/.cache/kagglehub/datasets/andrewmvd/retinal-disease-classification/versions/1/Training_Set/Training_Set/Training/1728.png,False,0.04806669444254,86.520049996572,1.0993696187735196,0.05499312496883082,1.80519795102698
/home/carld/.cache/kagglehub/datasets/andrewmvd/retinal-disease-classification/versions/1/Training_Set/Training_Set/Training/1729.png,False,0.064127580064242,115.42964411563561,1.1038517311394571,0.07365100363802884,2.0546976365532856
/home/carld/.cache/kagglehub/datasets/andrewmvd/retinal-disease-classification/versions/1/Training_Set/Training_Set/Training/1730.png,False,0.05161369014793719,92.90464226628694,1.0922755581328607,0.06616970755867876,2.1285217839728765
/home/carld/.cache/kagglehub/datasets/andrewmvd/retinal-disease-classification/versions/1/Training_Set/Training_Set/Training/1731.png,False,0.059374162759730426,106.87349296751476,1.090465899635245,0.09340585687770675,2.32693338832749
/home/carld/.cache/kagglehub/datasets/andrewmvd/retinal-disease-classification/versions/1/Training_Set/Training_Set/Training/1732.png,False,0.0649974879933827,116.99547838808887,1.1202472118258984,0.10514912977540261,2.679052654384571
/home/carld/.cache/kagglehub/datasets/andrewmvd/retinal-disease-classification/versions/1/Training_Set/Training_Set/Training/1733.png,False,0.07264029546217485,130.75253183191472,1.1047134410532957,0.13290381817994243,2.9522546966398777
/home/carld/.cache/kagglehub/datasets/andrewmvd/retinal-disease-classification/versions/1/Training_Set/Training_Set/Training/1734.png,False,0.05912097034558572,106.4177466220543,1.0948798437787521,0.0962973276615358,2.350591985865317
/home/carld/.cache/kagglehub/datasets/andrewmvd/retinal-disease-classification/versions/1/Training_Set/Training_Set/Training/1735.png,False,0.07169855965508355,129.0574073791504,1.0790215006770838,0.11151084620192381,2.186191862680834
/home/carld/.cache/kagglehub/datasets/andrewmvd/retinal-disease-classification/versions/1/Training_Set/Training_Set/Training/1736.png,False,0.09358556092190905,168.45400965943628,1.0793577854248082,0.12055066192757431,1.8949544119919641
/home/carld/.cache/kagglehub/datasets/andrewmvd/retinal-disease-classification/versions/1/Training_Set/Training_Set/Training/1737.png,False,0.08435984029837534,151.8477125370756,1.0866835685999305,0.10267049769433723,1.5469313938103328
/home/carld/.cache/kagglehub/datasets/andrewmvd/retinal-disease-classification/versions/1/Training_Set/Training_Set/Training/1738.png,False,0.04516409560678086,81.29537209220555,1.0975490949134912,0.07167076785956482,2.224107263955358
/home/carld/.cache/kagglehub/datasets/andrewmvd/retinal-disease-classification/versions/1/Training_Set/Training_Set/Training/1740.png,False,0.044755143958305,80.55925912494901,1.0967067582781458,0.10192074579585714,3.325240930369616
/home/carld/.cache/kagglehub/datasets/andrewmvd/retinal-disease-classification/versions/1/Training_Set/Training_Set/Training/1742.png,False,0.04836438898839256,87.05590017910662,1.1068082486789796,0.09687783937530452,3.736116195467534
/home/carld/.cache/kagglehub/datasets/andrewmvd/retinal-disease-classification/versions/1/Training_Set/Training_Set/Training/1743.png,False,0.08137070275599662,146.4672649607939,1.108134420086089,0.13169424348781128,2.4036960103144476
/home/carld/.cache/kagglehub/datasets/andrewmvd/retinal-disease-classification/versions/1/Training_Set/Training_Set/Training/1744.png,False,0.05110773755543267,91.99392759977881,1.1365580034590235,0.09451522509285494,2.85721969109411
/home/carld/.cache/kagglehub/datasets/andrewmvd/retinal-disease-classification/versions/1/Training_Set/Training_Set/Training/1745.png,False,0.06012070119677491,108.21726215419483,1.0962590155648066,0.0968130685708696,2.547612246894258
/home/carld/.cache/kagglehub/datasets/andrewmvd/retinal-disease-classification/versions/1/Training_Set/Training_Set/Training/1746.png,False,0.07568357725563289,136.23043906013922,1.105613029230852,0.11532177944585495,2.556683960702064
/home/carld/.cache/kagglehub/datasets/andrewmvd/retinal-disease-classification/versions/1/Training_Set/Training_Set/Training/1748.png,False,0.07638849634112735,137.49929341402924,1.0887552642627711,0.11334096253989585,2.649871913321015
/home/carld/.cache/kagglehub/datasets/andrewmvd/retinal-disease-classification/versions/1/Training_Set/Training_Set/Training/1751.png,False,0.07894932818250591,142.10879072851066,1.135213789600523,0.11176368024520285,2.1844527443081185
/home/carld/.cache/kagglehub/datasets/andrewmvd/retinal-disease-classification/versions/1/Training_Set/Training_Set/Training/1752.png,False,0.08151748798511646,146.73147837320963,1.0908392801845865,0.11462268110467556,1.7423193150339964
/home/carld/.cache/kagglehub/datasets/andrewmvd/retinal-disease-classification/versions/1/Training_Set/Training_Set/Training/1754.png,False,0.0536740469554114,96.61328451974052,1.0718454705641858,0.06234644610589362,1.4092122150467539
/home/carld/.cache/kagglehub/datasets/andrewmvd/retinal-disease-classification/versions/1/Training_Set/Training_Set/Training/1756.png,False,0.08491918973043455,152.8545415147822,1.0939251164446229,0.12939168104555968,2.2206762362788646
/home/carld/.cache/kagglehub/datasets/andrewmvd/retinal-disease-classification/versions/1/Training_Set/Training_Set/Training/1757.png,False,0.06890561139142072,124.0301005045573,1.118215076874497,0.12402103590480874,2.0101396087927053
/home/carld/.cache/kagglehub/datasets/andrewmvd/retinal-disease-classification/versions/1/Training_Set/Training_Set/Training/1759.png,False,0.06554186007397322,117.9753481331518,1.113290431069392,0.10509300919379336,2.7236862778706206
/home/carld/.cache/kagglehub/datasets/andrewmvd/retinal-disease-classification/versions/1/Training_Set/Training_Set/Training/1760.png,False,0.10768264677466416,193.8287641943955,1.0908142236620317,0.18182310078637906,2.637003102229276
/home/carld/.cache/kagglehub/datasets/andrewmvd/retinal-disease-classification/versions/1/Training_Set/Training_Set/Training/1764.png,False,0.08409495302971373,151.3709154534847,1.1131094547735436,0.1381035567046328,2.6312906156103697
/home/carld/.cache/kagglehub/datasets/andrewmvd/retinal-disease-classification/versions/1/Training_Set/Training_Set/Training/1765.png,False,0.0690005480074415,124.2009864133947,1.2552028871958938,0.08263535100595804,1.4554442621535273
/home/carld/.cache/kagglehub/datasets/andrewmvd/retinal-disease-classification/versions/1/Training_Set/Training_Set/Training/1766.png,False,0.056884129168623586,102.39143250352245,1.1187855411729086,0.10328989734459638,2.5589984469108678
/home/carld/.cache/kagglehub/datasets/andrewmvd/retinal-disease-classification/versions/1/Training_Set/Training_Set/Training/1767.png,False,0.08625210007877214,155.25378014178986,1.0912414106905655,0.11964798794178141,2.2241446986230393
/home/carld/.cache/kagglehub/datasets/andrewmvd/retinal-disease-classification/versions/1/Training_Set/Training_Set/Training/1768.png,False,0.05497188872942641,98.94939971296755,1.0967784342857723,0.10413393104723172,3.1780201497365748
/home/carld/.cache/kagglehub/datasets/andrewmvd/retinal-disease-classification/versions/1/Training_Set/Training_Set/Training/1771.png,False,0.06244154915665135,112.39478848197243,1.097235665716538,0.09507690641247833,2.241821923743501
/home/carld/.cache/kagglehub/datasets/andrewmvd/retinal-disease-classification/versions/1/Training_Set/Training_Set/Training/1773.png,False,0.05629267748336346,101.32681947005423,1.0793973783191875,0.0901952545399635,2.105400685426159
/home/carld/.cache/kagglehub/datasets/andrewmvd/retinal-disease-classification/versions/1/Training_Set/Training_Set/Training/1775.png,False,0.05198363405494875,93.57054129890774,1.1067460298105194,0.08545919326341116,2.233337092590504
/home/carld/.cache/kagglehub/datasets/andrewmvd/retinal-disease-classification/versions/1/Training_Set/Training_Set/Training/1777.png,False,0.047178185608492317,84.92073409528616,1.0963169994098534,0.11131222556613547,3.656254625289851
/home/carld/.cache/kagglehub/datasets/andrewmvd/retinal-disease-classification/versions/1/Training_Set/Training_Set/Training/1780.png,False,0.07147376342389568,128.65277416301223,1.1262575095071872,0.11264903772698721,2.6404477214982145
/home/carld/.cache/kagglehub/datasets/andrewmvd/retinal-disease-classification/versions/1/Training_Set/Training_Set/Training/1781.png,False,0.06173874659416004,111.12974386948807,1.1017311256585556,0.07864154157351219,1.893324816352603
/home/carld/.cache/kagglehub/datasets/andrewmvd/retinal-disease-classification/versions/1/Training_Set/Training_Set/Training/1782.png,False,0.04107622865220191,73.93721157396344,1.1053106390634337,0.041247744263985565,1.5801346908361495
/home/carld/.cache/kagglehub/datasets/andrewmvd/retinal-disease-classification/versions/1/Training_Set/Training_Set/Training/1785.png,False,0.05227116072848762,94.08808931127771,1.1014300369260832,0.10827058031851829,3.250052872752908
/home/carld/.cache/kagglehub/datasets/andrewmvd/retinal-disease-classification/versions/1/Training_Set/Training_Set/Training/1786.png,False,0.09426994949367874,169.68590908862174,1.0915175331735896,0.12109538208779769,2.1328083506242432
/home/carld/.cache/kagglehub/datasets/andrewmvd/retinal-disease-classification/versions/1/Training_Set/Training_Set/Training/1787.png,False,0.07911354007450401,142.4043721341072,1.0842707865297994,0.14141407119021135,2.7800055617352615
/home/carld/.cache/kagglehub/datasets/andrewmvd/retinal-disease-classification/versions/1/Training_Set/Training_Set/Training/1788.png,False,0.09865831309913571,177.58496357844427,1.2117188462699384,0.13789631106679962,2.0219341974077767
/home/carld/.cache/kagglehub/datasets/andrewmvd/retinal-disease-classification/versions/1/Training_Set/Training_Set/Training/1790.png,False,0.0933753205824268,168.07557704836825,1.098847580919316,0.12067192320877614,2.144651600256674
/home/carld/.cache/kagglehub/datasets/andrewmvd/retinal-disease-classification/versions/1/Training_Set/Training_Set/Training/1791.png,False,0.09065708760861997,163.18275769551596,1.0972351537179343,0.13361281628986374,2.395193891301093
/home/carld/.cache/kagglehub/datasets/andrewmvd/retinal-disease-classification/versions/1/Training_Set/Training_Set/Training/1792.png,False,0.05552916318341031,99.95249373013856,1.086558153241309,0.10553152703853066,2.819814784560221
/home/carld/.cache/kagglehub/datasets/andrewmvd/retinal-disease-classification/versions/1/Training_Set/Training_Set/Training/1794.png,False,0.0625608207294776,112.60947731305968,1.1199567561599013,0.0925865812979919,1.7317043139537487
/home/carld/.cache/kagglehub/datasets/andrewmvd/retinal-disease-classification/versions/1/Training_Set/Training_Set/Training/1795.png,False,0.09412278223407361,169.4210080213325,1.1190670718750295,0.13710603128792104,2.659735659702863
/home/carld/.cache/kagglehub/datasets/andrewmvd/retinal-disease-classification/versions/1/Training_Set/Training_Set/Training/1796.png,False,0.06778580781185266,122.01445406133479,1.0885211778522117,0.1181271194602568,2.7143284384044932
/home/carld/.cache/kagglehub/datasets/andrewmvd/retinal-disease-classification/versions/1/Training_Set/Training_Set/Training/1797.png,False,0.05582943662482114,100.49298592467805,1.0958587141791096,0.08621986720308769,2.5678621659634318
/home/carld/.cache/kagglehub/datasets/andrewmvd/retinal-disease-classification/versions/1/Training_Set/Training_Set/Training/1800.png,False,0.08462954538839836,152.33318169911703,1.1441303715459583,0.1065424533969187,1.6544209388083289
/home/carld/.cache/kagglehub/datasets/andrewmvd/retinal-disease-classification/versions/1/Training_Set/Training_Set/Training/1801.png,False,0.08809907906720428,158.5783423209677,1.0802354598323323,0.10876677104814278,1.937969398406273
/home/carld/.cache/kagglehub/datasets/andrewmvd/retinal-disease-classification/versions/1/Training_Set/Training_Set/Training/1802.png,False,0.051827105769404656,93.28879038492838,1.1226949404613564,0.07359127259279805,1.391623907918458
/home/carld/.cache/kagglehub/datasets/andrewmvd/retinal-disease-classification/versions/1/Training_Set/Training_Set/Training/1805.png,False,0.07657807431322464,137.84053376380436,1.107350728986254,0.12328814117517907,2.039328155446387
/home/carld/.cache/kagglehub/datasets/andrewmvd/retinal-disease-classification/versions/1/Training_Set/Training_Set/Training/1807.png,False,0.05302214971062733,95.4398694791292,1.1183274178484097,0.07615601546806604,1.5970189294056834
/home/carld/.cache/kagglehub/datasets/andrewmvd/retinal-disease-classification/versions/1/Training_Set/Training_Set/Training/1808.png,False,0.059068170733421854,106.32270732015934,1.1038673895957678,0.09427203054624453,2.1684871160461046
/home/carld/.cache/kagglehub/datasets/andrewmvd/retinal-disease-classification/versions/1/Training_Set/Training_Set/Training/1809.png,False,0.08378777182694022,150.8179892884924,1.1085004849500275,0.1058108534243041,1.8916950950319638
/home/carld/.cache/kagglehub/datasets/andrewmvd/retinal-disease-classification/versions/1/Training_Set/Training_Set/Training/1810.png,False,0.12344593774704707,222.20268794468473,1.0867944023672194,0.1620601771663285,1.8368634631563319
/home/carld/.cache/kagglehub/datasets/andrewmvd/retinal-disease-classification/versions/1/Training_Set/Training_Set/Training/1811.png,False,0.054270282906679373,97.68650923202287,1.071784987206026,0.08761840184895005,2.65875873930714
/home/carld/.cache/kagglehub/datasets/andrewmvd/retinal-disease-classification/versions/1/Training_Set/Training_Set/Training/1812.png,False,0.10255749816568488,184.6034966982328,1.1577754273774552,0.13987192074259194,1.9971661906461977
/home/carld/.cache/kagglehub/datasets/andrewmvd/retinal-disease-classification/versions/1/Training_Set/Training_Set/Training/1813.png,False,0.08023779454574086,144.42803018233354,1.085391153751051,0.10075165046494447,1.9591693148371814
/home/carld/.cache/kagglehub/datasets/andrewmvd/retinal-disease-classification/versions/1/Training_Set/Training_Set/Training/1814.png,False,0.08091319282099886,145.64374707779794,1.080008701444807,0.10889115936496531,2.1654391125682078
/home/carld/.cache/kagglehub/datasets/andrewmvd/retinal-disease-classification/versions/1/Training_Set/Training_Set/Training/1815.png,False,0.04594876284890331,82.70777312802596,1.0966375630245813,0.08484377918496354,2.789106477734276
/home/carld/.cache/kagglehub/datasets/andrewmvd/retinal-disease-classification/versions/1/Training_Set/Training_Set/Training/1816.png,False,0.07010069440622799,126.18124993121037,1.1046178871269319,0.1104125642091064,2.429582256908689
/home/carld/.cache/kagglehub/datasets/andrewmvd/retinal-disease-classification/versions/1/Training_Set/Training_Set/Training/1817.png,False,0.08173831488734992,147.12896679722985,1.0969859320629118,0.13909022334459348,2.4975566560624447
/home/carld/.cache/kagglehub/datasets/andrewmvd/retinal-disease-classification/versions/1/Training_Set/Training_Set/Training/1819.png,False,0.06808901641328456,122.56022954391221,1.0848708430328033,0.10529860484259462,2.7048093877302852
/home/carld/.cache/kagglehub/datasets/andrewmvd/retinal-disease-classification/versions/1/Training_Set/Training_Set/Training/1820.png,False,0.06709671332166085,120.77408397898954,1.1507730851349447,0.12738767160426884,2.6981366918886946
/home/carld/.cache/kagglehub/datasets/andrewmvd/retinal-disease-classification/versions/1/Training_Set/Training_Set/Training/1821.png,False,0.08107078219905044,145.9274079582908,1.1260139266832234,0.13429463389075666,2.817480242762957
/home/carld/.cache/kagglehub/datasets/andrewmvd/retinal-disease-classification/versions/1/Training_Set/Training_Set/Training/1822.png,False,0.057920637275233416,104.25714709542015,1.1005839315392094,0.05184411969380654,1.54053583855254
/home/carld/.cache/kagglehub/datasets/andrewmvd/retinal-disease-classification/versions/1/Training_Set/Training_Set/Training/1823.png,False,0.05933371080574414,106.80067945033946,1.089281420019828,0.05833441860931066,1.1714569078650785
/home/carld/.cache/kagglehub/datasets/andrewmvd/retinal-disease-classification/versions/1/Training_Set/Training_Set/Training/1824.png,False,0.05428895370039359,97.72011666070847,1.0935877347181322,0.07972040652442342,2.4332662700434327
/home/carld/.cache/kagglehub/datasets/andrewmvd/retinal-disease-classification/versions/1/Training_Set/Training_Set/Training/1827.png,False,0.06206223156934228,111.7120168248161,1.0836627098726692,0.10455971852415367,2.330135032331685
/home/carld/.cache/kagglehub/datasets/andrewmvd/retinal-disease-classification/versions/1/Training_Set/Training_Set/Training/1828.png,False,0.0730284630846815,131.4512335524267,1.0865900626507277,0.12699102600158516,2.3069951167131135
/home/carld/.cache/kagglehub/datasets/andrewmvd/retinal-disease-classification/versions/1/Training_Set/Training_Set/Training/1829.png,False,0.09212910029905061,165.8323805382911,1.1223683252095171,0.12240029511825225,2.0081485428536294
/home/carld/.cache/kagglehub/datasets/andrewmvd/retinal-disease-classification/versions/1/Training_Set/Training_Set/Training/1830.png,False,0.055182360991453516,99.32824978461633,1.115801917262191,0.09280276935794984,2.181816616147699
/home/carld/.cache/kagglehub/datasets/andrewmvd/retinal-disease-classification/versions/1/Training_Set/Training_Set/Training/1832.png,False,0.0754033546058499,135.72603829052983,1.0870076519095844,0.11273251424256985,2.178076738279909
/home/carld/.cache/kagglehub/datasets/andrewmvd/retinal-disease-classification/versions/1/Training_Set/Training_Set/Training/1833.png,False,0.0837347666422526,150.7225799560547,1.077830161349024,0.13144931876029345,2.2402305734391375
/home/carld/.cache/kagglehub/datasets/andrewmvd/retinal-disease-classification/versions/1/Training_Set/Training_Set/Training/1837.png,False,0.06318715846899785,113.73688524419613,1.1986394634350646,0.11526144038855582,2.476537401027042
/home/carld/.cache/kagglehub/datasets/andrewmvd/retinal-disease-classification/versions/1/Training_Set/Training_Set/Training/1838.png,False,0.06363529317519244,114.54352771534639,1.0901529591200856,0.10167124211337475,2.1136396474497907
/home/carld/.cache/kagglehub/datasets/andrewmvd/retinal-disease-classification/versions/1/Training_Set/Training_Set/Training/1839.png,False,0.07426940989332134,133.68493780797843,1.097027335464903,0.09074816396992129,1.7355092606138631
/home/carld/.cache/kagglehub/datasets/andrewmvd/retinal-disease-classification/versions/1/Training_Set/Training_Set/Training/1840.png,False,0.07055974210429396,127.00753578772913,1.1311092001920893,0.08073921691970282,1.486560465155817
/home/carld/.cache/kagglehub/datasets/andrewmvd/retinal-disease-classification/versions/1/Training_Set/Training_Set/Training/1841.png,False,0.0769006756116759,138.42121610101663,1.0993429404607178,0.14057575234229955,3.0921052631578947
/home/carld/.cache/kagglehub/datasets/andrewmvd/retinal-disease-classification/versions/1/Training_Set/Training_Set/Training/1844.png,False,0.08369390708578509,150.64903275441316,1.1350911741691394,0.10989224706770329,2.5768463166278472
/home/carld/.cache/kagglehub/datasets/andrewmvd/retinal-disease-classification/versions/1/Training_Set/Training_Set/Training/1848.png,False,0.060417540329324324,108.75157259278379,1.107937757141255,0.09260944730974636,2.161603028070328
/home/carld/.cache/kagglehub/datasets/andrewmvd/retinal-disease-classification/versions/1/Training_Set/Training_Set/Training/1849.png,False,0.08914728682170543,160.46511627906978,1.090547469537158,0.13735600568177153,2.400088675047006
/home/carld/.cache/kagglehub/datasets/andrewmvd/retinal-disease-classification/versions/1/Training_Set/Training_Set/Training/1850.png,False,0.0601662244015967,108.29920392287406,1.1040440969439613,0.11582483073780417,2.794453043560666
/home/carld/.cache/kagglehub/datasets/andrewmvd/retinal-disease-classification/versions/1/Training_Set/Training_Set/Training/1852.png,False,0.08823016630549009,158.81429934988216,1.1279149248406786,0.1234972258933645,2.1855363379238573
/home/carld/.cache/kagglehub/datasets/andrewmvd/retinal-disease-classification/versions/1/Training_Set/Training_Set/Training/1853.png,False,0.08329204365059181,149.92567857106528,1.1557683043036866,0.14327886701887024,2.3711632685922845
/home/carld/.cache/kagglehub/datasets/andrewmvd/retinal-disease-classification/versions/1/Training_Set/Training_Set/Training/1855.png,False,0.10065661254504048,181.18190258107285,1.1198014851252873,0.17064495842359023,2.7331004122702813
/home/carld/.cache/kagglehub/datasets/andrewmvd/retinal-disease-classification/versions/1/Training_Set/Training_Set/Training/1856.png,False,0.06998303948026716,125.96947106448089,1.1166482037201853,0.117259149890684,2.8789147903120473
/home/carld/.cache/kagglehub/datasets/andrewmvd/retinal-disease-classification/versions/1/Training_Set/Training_Set/Training/1858.png,False,0.07060925540684154,127.09665973231478,1.1418481989308884,0.12393086349454903,2.510516388483576
/home/carld/.cache/kagglehub/datasets/andrewmvd/retinal-disease-classification/versions/1/Training_Set/Training_Set/Training/1859.png,False,0.05010518321284542,90.18932978312175,1.0874992932905108,0.07262476033666605,1.7456589793862454
/home/carld/.cache/kagglehub/datasets/andrewmvd/retinal-disease-classification/versions/1/Training_Set/Training_Set/Training/1860.png,False,0.0598062667233205,107.6512801019769,1.0852686392725832,0.08115270466299997,1.812649611203092
/home/carld/.cache/kagglehub/datasets/andrewmvd/retinal-disease-classification/versions/1/Training_Set/Training_Set/Training/1861.png,False,0.10665094139229538,191.97169450613168,1.0895591729004033,0.1581442229008243,2.2153164481168792
/home/carld/.cache/kagglehub/datasets/andrewmvd/retinal-disease-classification/versions/1/Training_Set/Training_Set/Training/1862.png,False,0.05584255984572113,100.51660772229803,1.0991289332261442,0.09309305224980166,2.5813170123540745
/home/carld/.cache/kagglehub/datasets/andrewmvd/retinal-disease-classification/versions/1/Training_Set/Training_Set/Training/1863.png,False,0.06528281920995467,117.50907457791841,1.1130358995336775,0.11970531942342426,3.141475174355242
/home/carld/.cache/kagglehub/datasets/andrewmvd/retinal-disease-classification/versions/1/Training_Set/Training_Set/Training/1864.png,False,0.06684634685516358,120.32342433929445,1.0758302900544348,0.08280776109027509,1.846314266973881
/home/carld/.cache/kagglehub/datasets/andrewmvd/retinal-disease-classification/versions/1/Training_Set/Training_Set/Training/1865.png,False,0.04414847478344666,79.467254610204,1.0914490698103023,0.07170210481526697,2.108012454716448
/home/carld/.cache/kagglehub/datasets/andrewmvd/retinal-disease-classification/versions/1/Training_Set/Training_Set/Training/1868.png,False,0.07320144387329518,131.7625989719313,1.1748038500228697,0.11307163960506048,2.0601752480997955
/home/carld/.cache/kagglehub/datasets/andrewmvd/retinal-disease-classification/versions/1/Training_Set/Training_Set/Training/1869.png,False,0.050932073063320586,91.67773151397705,1.090011574548171,0.08808474220478289,2.774306060165674
/home/carld/.cache/kagglehub/datasets/andrewmvd/retinal-disease-classification/versions/1/Training_Set/Training_Set/Training/1871.png,False,0.02261507604636398,40.70713688345516,1.0795349507989773,0.00982910150958527,0.43155390834119006
/home/carld/.cache/kagglehub/datasets/andrewmvd/retinal-disease-classification/versions/1/Training_Set/Training_Set/Training/1872.png,False,0.060711326162799506,109.28038709303911,1.1023315183916336,0.10703752220070238,2.2132392532527545
/home/carld/.cache/kagglehub/datasets/andrewmvd/retinal-disease-classification/versions/1/Training_Set/Training_Set/Training/1873.png,False,0.049773367245992024,89.59206104278564,1.077534338789176,0.10740749492787625,3.347601670340651
/home/carld/.cache/kagglehub/datasets/andrewmvd/retinal-disease-classification/versions/1/Training_Set/Training_Set/Training/1874.png,False,0.07322132145916974,131.79837862650552,1.083242841003272,0.09064097696226898,1.6220010772722053
/home/carld/.cache/kagglehub/datasets/andrewmvd/retinal-disease-classification/versions/1/Training_Set/Training_Set/Training/1875.png,False,0.07573027730737843,136.31449915328116,1.0810531867232442,0.11910215047843466,2.368796590946629
/home/carld/.cache/kagglehub/datasets/andrewmvd/retinal-disease-classification/versions/1/Training_Set/Training_Set/Training/1876.png,False,0.10984796915597062,197.72634448074712,1.0971869791245434,0.1765114349614025,2.658448163913137
/home/carld/.cache/kagglehub/datasets/andrewmvd/retinal-disease-classification/versions/1/Training_Set/Training_Set/Training/1877.png,False,0.07428168779039113,133.70703802270404,1.1005867010701864,0.09946482182482705,2.24023553641097
/home/carld/.cache/kagglehub/datasets/andrewmvd/retinal-disease-classification/versions/1/Training_Set/Training_Set/Training/1878.png,False,0.06368085324476307,114.62553584057352,1.1117765817285872,0.11129239986107896,3.123791676313962
/home/carld/.cache/kagglehub/datasets/andrewmvd/retinal-disease-classification/versions/1/Training_Set/Training_Set/Training/1879.png,True,0.07383254871071207,132.89858767928172,1.0820580564892681,0.10918368314728226,2.435365274188535
/home/carld/.cache/kagglehub/datasets/andrewmvd/retinal-disease-classification/versions/1/Training_Set/Training_Set/Training/1880.png,False,0.07227584159735477,130.0965148752386,1.0958859543134283,0.12395098716657084,3.000321758807488
/home/carld/.cache/kagglehub/datasets/andrewmvd/retinal-disease-classification/versions/1/Training_Set/Training_Set/Training/1881.png,False,0.08917661949440284,160.5179150899251,1.1641035062877128,0.12652343165144483,2.0744871986824376
/home/carld/.cache/kagglehub/datasets/andrewmvd/retinal-disease-classification/versions/1/Training_Set/Training_Set/Training/1882.png,True,0.07445101798075902,134.01183236536625,1.111297474919695,0.1324328581554698,2.897820608150279
/home/carld/.cache/kagglehub/datasets/andrewmvd/retinal-disease-classification/versions/1/Training_Set/Training_Set/Training/1883.png,False,0.05162897894654093,92.93216210377366,1.1976818251429266,0.07370587893947585,2.6511637850731318
/home/carld/.cache/kagglehub/datasets/andrewmvd/retinal-disease-classification/versions/1/Training_Set/Training_Set/Training/1884.png,False,0.0729575938424148,131.32366891634666,1.1108160017598447,0.12293793265282178,2.775069811099378
/home/carld/.cache/kagglehub/datasets/andrewmvd/retinal-disease-classification/versions/1/Training_Set/Training_Set/Training/1885.png,False,0.07908248576988168,142.34847438578703,1.0912644772320657,0.12956570446019175,2.43123436848687
/home/carld/.cache/kagglehub/datasets/andrewmvd/retinal-disease-classification/versions/1/Training_Set/Training_Set/Training/1886.png,False,0.028851068876927195,51.93192397846895,1.102448937697557,0.04480759413666529,1.0587548921895131
/home/carld/.cache/kagglehub/datasets/andrewmvd/retinal-disease-classification/versions/1/Training_Set/Training_Set/Training/1888.png,False,0.07447958963888664,134.06326134999594,1.0915428054567555,0.09807605929031292,1.6628237760143734
/home/carld/.cache/kagglehub/datasets/andrewmvd/retinal-disease-classification/versions/1/Training_Set/Training_Set/Training/1889.png,False,0.07844668847543222,141.20403925577799,1.086162741299513,0.11897077214554767,2.053588144109872
/home/carld/.cache/kagglehub/datasets/andrewmvd/retinal-disease-classification/versions/1/Training_Set/Training_Set/Training/1890.png,False,0.047027159762638875,84.64888757274997,1.086929573182095,0.09405312932589985,3.5609099352396183
/home/carld/.cache/kagglehub/datasets/andrewmvd/retinal-disease-classification/versions/1/Training_Set/Training_Set/Training/1893.png,False,0.05727447118514624,103.09404813326323,1.1221061431767783,0.0889199135643417,2.1358949221617127
/home/carld/.cache/kagglehub/datasets/andrewmvd/retinal-disease-classification/versions/1/Training_Set/Training_Set/Training/1894.png,False,0.06246811744065312,112.44261139317562,1.0874186766987148,0.07537832911268519,1.5473630124417368
/home/carld/.cache/kagglehub/datasets/andrewmvd/retinal-disease-classification/versions/1/Training_Set/Training_Set/Training/1895.png,True,0.0583007765288833,104.94139775198994,1.1102133897724775,0.08276399884720362,1.7969148389097576
/home/carld/.cache/kagglehub/datasets/andrewmvd/retinal-disease-classification/versions/1/Training_Set/Training_Set/Training/1896.png,False,0.059367914668849255,106.86224640392865,1.097435385381599,0.08785006704360639,1.747202267756359
/home/carld/.cache/kagglehub/datasets/andrewmvd/retinal-disease-classification/versions/1/Training_Set/Training_Set/Training/1897.png,False,0.07488460423516445,134.792287623296,1.0995444313314982,0.10464477770203742,2.492577444520185
/home/carld/.cache/kagglehub/datasets/andrewmvd/retinal-disease-classification/versions/1/Training_Set/Training_Set/Training/1898.png,False,0.06280673937822775,113.05213088080995,1.1241880373275992,0.10396422307378991,2.6042925661465826
/home/carld/.cache/kagglehub/datasets/andrewmvd/retinal-disease-classification/versions/1/Training_Set/Training_Set/Training/1899.png,False,0.05252365040894292,94.54257073609726,1.172469696668739,0.08790072388831438,2.219924164081351
/home/carld/.cache/kagglehub/datasets/andrewmvd/retinal-disease-classification/versions/1/Training_Set/Training_Set/Training/1900.png,False,0.06399337817461062,115.18808071429912,1.1138982682341885,0.09539781812676816,2.3887064879031876
/home/carld/.cache/kagglehub/datasets/andrewmvd/retinal-disease-classification/versions/1/Training_Set/Training_Set/Training/1901.png,False,0.05195674929820316,93.52214873676569,1.129421222711209,0.10907170074516259,2.9624751911626688
/home/carld/.cache/kagglehub/datasets/andrewmvd/retinal-disease-classification/versions/1/Training_Set/Training_Set/Training/1904.png,False,0.048899101973766124,88.01838355277903,1.0839193284431579,0.09880063911979452,2.762362720708695
/home/carld/.cache/kagglehub/datasets/andrewmvd/retinal-disease-classification/versions/1/Training_Set/Training_Set/Training/1905.png,False,0.0558254945845831,100.48589025224958,1.0930865212242455,0.10338494980979568,2.668107513851497
/home/carld/.cache/kagglehub/datasets/andrewmvd/retinal-disease-classification/versions/1/Training_Set/Training_Set/Training/1911.png,False,0.04551608562469482,81.92895412445068,1.0940288173006314,0.11068072211020316,4.280218614029502
/home/carld/.cache/kagglehub/datasets/andrewmvd/retinal-disease-classification/versions/1/Training_Set/Training_Set/Training/1912.png,False,0.04769976167793734,85.8595710202872,1.1056048219851877,0.10533251057374625,4.004512322110378
/home/carld/.cache/kagglehub/datasets/andrewmvd/retinal-disease-classification/versions/1/Training_Set/Training_Set/Training/1913.png,False,0.055146530760286,99.2637553685148,1.0983204889313773,0.09575081301512466,2.422578591462051
/home/carld/.cache/kagglehub/datasets/andrewmvd/retinal-disease-classification/versions/1/Training_Set/Training_Set/Training/1918.png,False,0.057690320323355755,103.84257658204037,1.1095422905095969,0.0906096313844794,2.6325818503234957
/home/carld/.cache/kagglehub/datasets/andrewmvd/retinal-disease-classification/versions/1/Training_Set/Training_Set/Training/1920.png,False,0.0445151858859592,80.12733459472656,1.0968838760273147,0.07866255055145532,3.1147937567083486
/home/carld/.cache/kagglehub/datasets/andrewmvd/retinal-disease-classification/versions/1/Evaluation_Set/Evaluation_Set/Validation/116.png,False,0.06061130910370481,109.10035638666866,1.1381915138390415,0.10107571710433826,2.470426263204076
/home/carld/.cache/kagglehub/datasets/andrewmvd/retinal-disease-classification/versions/1/Evaluation_Set/Evaluation_Set/Validation/122.png,False,0.07861809563218501,141.51257213793303,1.1121833215650356,0.10783814461453509,2.1599042856704602
/home/carld/.cache/kagglehub/datasets/andrewmvd/retinal-disease-classification/versions/1/Evaluation_Set/Evaluation_Set/Validation/127.png,False,0.05133068561553955,92.39523410797119,1.1032222334795418,0.09214427833734623,2.7596728782635402
/home/carld/.cache/kagglehub/datasets/andrewmvd/retinal-disease-classification/versions/1/Evaluation_Set/Evaluation_Set/Validation/135.png,True,0.062128011364236506,111.83042045562571,1.1250079446052175,0.1028223588514992,2.4869653017353874
/home/carld/.cache/kagglehub/datasets/andrewmvd/retinal-disease-classification/versions/1/Evaluation_Set/Evaluation_Set/Validation/138.png,False,0.061711906735362906,111.08143212365323,1.0869112467078692,0.08942934084897267,1.9275465298884
/home/carld/.cache/kagglehub/datasets/andrewmvd/retinal-disease-classification/versions/1/Evaluation_Set/Evaluation_Set/Validation/150.png,False,0.051439706708343934,92.59147207501908,1.0850934290760785,0.08140915336081209,2.807155148265237
/home/carld/.cache/kagglehub/datasets/andrewmvd/retinal-disease-classification/versions/1/Evaluation_Set/Evaluation_Set/Validation/164.png,False,0.049431432872058055,88.9765791697045,1.083035764112726,0.0843758064735205,2.421335723890632
/home/carld/.cache/kagglehub/datasets/andrewmvd/retinal-disease-classification/versions/1/Evaluation_Set/Evaluation_Set/Validation/170.png,False,0.03622651143825098,65.20772058885177,1.1341018254430104,0.11244706873489657,4.504371217215871
/home/carld/.cache/kagglehub/datasets/andrewmvd/retinal-disease-classification/versions/1/Evaluation_Set/Evaluation_Set/Validation/171.png,True,0.07343680087369181,132.18624157264526,1.1443787766181033,0.14202762291934268,3.415800821766894
/home/carld/.cache/kagglehub/datasets/andrewmvd/retinal-disease-classification/versions/1/Evaluation_Set/Evaluation_Set/Validation/184.png,False,0.05846580403361155,105.23844726050079,1.0877554501382685,0.09335267920971389,2.2628638604555107
/home/carld/.cache/kagglehub/datasets/andrewmvd/retinal-disease-classification/versions/1/Evaluation_Set/Evaluation_Set/Validation/185.png,False,0.06117315971908938,110.1116874943609,1.1383113508297542,0.0964506134954264,2.4182472541231115
/home/carld/.cache/kagglehub/datasets/andrewmvd/retinal-disease-classification/versions/1/Evaluation_Set/Evaluation_Set/Validation/188.png,False,0.07349588103213553,132.29258585784396,1.1123040933796424,0.11379191555466003,2.731967943009795
/home/carld/.cache/kagglehub/datasets/andrewmvd/retinal-disease-classification/versions/1/Evaluation_Set/Evaluation_Set/Validation/215.png,False,0.06854759754777766,123.38567558599979,1.079912525700315,0.10311869954362551,2.0733742186379627
/home/carld/.cache/kagglehub/datasets/andrewmvd/retinal-disease-classification/versions/1/Evaluation_Set/Evaluation_Set/Validation/216.png,False,0.06987296526704855,125.77133748068738,1.0788673628757057,0.09101475666277611,2.2726713579326145
/home/carld/.cache/kagglehub/datasets/andrewmvd/retinal-disease-classification/versions/1/Evaluation_Set/Evaluation_Set/Validation/239.png,False,0.08668442133701208,156.03195840662175,1.0928713297761363,0.11979322744980521,2.275247228049146
/home/carld/.cache/kagglehub/datasets/andrewmvd/retinal-disease-classification/versions/1/Evaluation_Set/Evaluation_Set/Validation/240.png,False,0.13140591212681363,236.53064182826452,1.06819902354292,0.10620178721454213,1.3000585554622064
/home/carld/.cache/kagglehub/datasets/andrewmvd/retinal-disease-classification/versions/1/Evaluation_Set/Evaluation_Set/Validation/249.png,False,0.0608583006692763,109.54494120469734,1.0987639416748642,0.09579961182114476,2.1963075925063693
/home/carld/.cache/kagglehub/datasets/andrewmvd/retinal-disease-classification/versions/1/Evaluation_Set/Evaluation_Set/Validation/260.png,False,0.04564536133885899,82.16165040994619,1.1048880169087818,0.10650552949061662,3.0152312332439677
/home/carld/.cache/kagglehub/datasets/andrewmvd/retinal-disease-classification/versions/1/Evaluation_Set/Evaluation_Set/Validation/262.png,False,0.06743063899756825,121.37515019562285,1.1089834764369126,0.12411400995324989,3.17252903031217
/home/carld/.cache/kagglehub/datasets/andrewmvd/retinal-disease-classification/versions/1/Evaluation_Set/Evaluation_Set/Validation/285.png,False,0.05038858392111068,90.69945105799923,1.1322975024110098,0.10950801917146363,3.387188314268534
/home/carld/.cache/kagglehub/datasets/andrewmvd/retinal-disease-classification/versions/1/Evaluation_Set/Evaluation_Set/Validation/287.png,False,0.04830817381540935,86.95471286773683,1.0940235131990277,0.0989501664017035,2.9479501265666928
/home/carld/.cache/kagglehub/datasets/andrewmvd/retinal-disease-classification/versions/1/Evaluation_Set/Evaluation_Set/Validation/289.png,False,0.05324663956960042,95.84395122528076,1.1285829057484322,0.1113811309582552,3.003799467087733
/home/carld/.cache/kagglehub/datasets/andrewmvd/retinal-disease-classification/versions/1/Evaluation_Set/Evaluation_Set/Validation/293.png,False,0.047787511582468065,86.01752084844252,1.1045126013963291,0.08199876652818347,2.255897960705112
/home/carld/.cache/kagglehub/datasets/andrewmvd/retinal-disease-classification/versions/1/Evaluation_Set/Evaluation_Set/Validation/294.png,False,0.05753019361784963,103.55434851212934,1.1451442982638063,0.09846638847430782,2.2515305656239533
/home/carld/.cache/kagglehub/datasets/andrewmvd/retinal-disease-classification/versions/1/Evaluation_Set/Evaluation_Set/Validation/313.png,False,0.06169330122325342,111.04794220185616,1.102710768624575,0.10398550890369916,2.97942977901993
/home/carld/.cache/kagglehub/datasets/andrewmvd/retinal-disease-classification/versions/1/Evaluation_Set/Evaluation_Set/Validation/316.png,False,0.05932957538660022,106.7932356958804,1.131401412148209,0.0921102185673713,2.1290314005059883
/home/carld/.cache/kagglehub/datasets/andrewmvd/retinal-disease-classification/versions/1/Evaluation_Set/Evaluation_Set/Validation/322.png,False,0.0715006791451127,128.70122246120286,1.1442432850850455,0.14637703310279826,4.1819380230025605
/home/carld/.cache/kagglehub/datasets/andrewmvd/retinal-disease-classification/versions/1/Evaluation_Set/Evaluation_Set/Validation/323.png,False,0.1295667398543585,233.22013173784526,1.1201379201021082,0.20662394219824815,2.6994358390656705
/home/carld/.cache/kagglehub/datasets/andrewmvd/retinal-disease-classification/versions/1/Evaluation_Set/Evaluation_Set/Validation/345.png,False,0.06856809362853314,123.42256853135964,1.108594505761047,0.10673016024760107,2.410537385131986
/home/carld/.cache/kagglehub/datasets/andrewmvd/retinal-disease-classification/versions/1/Evaluation_Set/Evaluation_Set/Validation/349.png,False,0.06357015233461548,114.42627420230787,1.0962360689604818,0.0776102099191303,1.2404709638794653
/home/carld/.cache/kagglehub/datasets/andrewmvd/retinal-disease-classification/versions/1/Evaluation_Set/Evaluation_Set/Validation/353.png,False,0.05763975126013909,103.75155226825035,1.1872777150354008,0.10256195679462503,2.9131230050091457
/home/carld/.cache/kagglehub/datasets/andrewmvd/retinal-disease-classification/versions/1/Evaluation_Set/Evaluation_Set/Validation/361.png,True,0.057296122163652555,103.1330198945746,1.0801463920754901,0.09727852539486426,2.0718856655860467
/home/carld/.cache/kagglehub/datasets/andrewmvd/retinal-disease-classification/versions/1/Evaluation_Set/Evaluation_Set/Validation/369.png,False,0.04638857690114823,83.49943842206682,1.1070720105247098,0.09179253365606409,2.228471801999892
/home/carld/.cache/kagglehub/datasets/andrewmvd/retinal-disease-classification/versions/1/Evaluation_Set/Evaluation_Set/Validation/382.png,False,0.054432540179387624,97.97857232289772,1.095947574972747,0.11440140439000013,3.087462573091922
/home/carld/.cache/kagglehub/datasets/andrewmvd/retinal-disease-classification/versions/1/Evaluation_Set/Evaluation_Set/Validation/383.png,False,0.06824786954082794,122.84616517349029,1.1221476316602164,0.10334117113304919,2.43510694452321
/home/carld/.cache/kagglehub/datasets/andrewmvd/retinal-disease-classification/versions/1/Evaluation_Set/Evaluation_Set/Validation/394.png,False,0.0597440986922293,107.53937764601274,1.0741127858422848,0.054121584275362865,1.2035010940919038
/home/carld/.cache/kagglehub/datasets/andrewmvd/retinal-disease-classification/versions/1/Evaluation_Set/Evaluation_Set/Validation/397.png,False,0.06696466874268095,120.5364037368257,1.071468605659663,0.0804274367728001,1.4798300006967184
/home/carld/.cache/kagglehub/datasets/andrewmvd/retinal-disease-classification/versions/1/Evaluation_Set/Evaluation_Set/Validation/407.png,False,0.0695849803456089,125.252964622096,1.096237279603577,0.11724265580792723,2.2931727438589067
/home/carld/.cache/kagglehub/datasets/andrewmvd/retinal-disease-classification/versions/1/Evaluation_Set/Evaluation_Set/Validation/410.png,False,0.050382075253982986,90.68773545716938,1.0800325351523394,0.06192654485840451,1.107022924984796
/home/carld/.cache/kagglehub/datasets/andrewmvd/retinal-disease-classification/versions/1/Evaluation_Set/Evaluation_Set/Validation/411.png,False,0.05160808275287278,92.894548955171,1.0726243156861173,0.06613256745521881,1.49427858816416
/home/carld/.cache/kagglehub/datasets/andrewmvd/retinal-disease-classification/versions/1/Evaluation_Set/Evaluation_Set/Validation/421.png,False,0.06283231845683297,113.09817322229935,1.1764146397480983,0.10238346291554175,2.296339640568694
/home/carld/.cache/kagglehub/datasets/andrewmvd/retinal-disease-classification/versions/1/Evaluation_Set/Evaluation_Set/Validation/423.png,False,0.07404103696020575,133.27386652837035,1.1048885565820832,0.12083202868386962,2.3631652944824073
/home/carld/.cache/kagglehub/datasets/andrewmvd/retinal-disease-classification/versions/1/Evaluation_Set/Evaluation_Set/Validation/431.png,False,0.05071027964761812,91.27850336571262,1.1019093692237667,0.07340903775693164,2.0208750184063957
/home/carld/.cache/kagglehub/datasets/andrewmvd/retinal-disease-classification/versions/1/Evaluation_Set/Evaluation_Set/Validation/433.png,False,0.0509278004061538,91.67004073107684,1.0954345413930018,0.10272875654219572,3.3194737124422407
/home/carld/.cache/kagglehub/datasets/andrewmvd/retinal-disease-classification/versions/1/Evaluation_Set/Evaluation_Set/Validation/435.png,False,0.05464334302841256,98.35801745114262,1.123141858831022,0.10235223084035991,2.9115052841803926
/home/carld/.cache/kagglehub/datasets/andrewmvd/retinal-disease-classification/versions/1/Evaluation_Set/Evaluation_Set/Validation/436.png,False,0.06399598575773693,115.19277436392647,1.0893488966646359,0.08389425217514287,1.900160811285076
/home/carld/.cache/kagglehub/datasets/andrewmvd/retinal-disease-classification/versions/1/Evaluation_Set/Evaluation_Set/Validation/437.png,False,0.07442048535202489,133.9568736336448,1.101523573418435,0.10910930772435962,2.2902570818204064
/home/carld/.cache/kagglehub/datasets/andrewmvd/retinal-disease-classification/versions/1/Evaluation_Set/Evaluation_Set/Validation/438.png,False,0.05909107226491626,106.36393007684926,1.1058471961621348,0.11481607134202491,2.7540778795564815
/home/carld/.cache/kagglehub/datasets/andrewmvd/retinal-disease-classification/versions/1/Evaluation_Set/Evaluation_Set/Validation/440.png,False,0.049294823332677914,88.73068199882024,1.10643854174745,0.09702934013330178,2.8245088982371493
/home/carld/.cache/kagglehub/datasets/andrewmvd/retinal-disease-classification/versions/1/Evaluation_Set/Evaluation_Set/Validation/441.png,False,0.06548804580849946,117.87848245529902,1.1389997244832277,0.1167399063924806,2.830137001369464
/home/carld/.cache/kagglehub/datasets/andrewmvd/retinal-disease-classification/versions/1/Evaluation_Set/Evaluation_Set/Validation/444.png,False,0.05669598072623285,102.05276530721913,1.0821113934602034,0.10271895676296833,2.8272189289203653
/home/carld/.cache/kagglehub/datasets/andrewmvd/retinal-disease-classification/versions/1/Evaluation_Set/Evaluation_Set/Validation/445.png,False,0.05627463569103832,101.29434424386898,1.0918511261128487,0.11345389442632987,3.269379368561662
/home/carld/.cache/kagglehub/datasets/andrewmvd/retinal-disease-classification/versions/1/Evaluation_Set/Evaluation_Set/Validation/446.png,False,0.07148133285010039,128.6663991301807,1.092764662257137,0.09532885212499939,2.331820641179997
/home/carld/.cache/kagglehub/datasets/andrewmvd/retinal-disease-classification/versions/1/Evaluation_Set/Evaluation_Set/Validation/447.png,False,0.06786306633975336,122.15351941155606,1.1142214828124468,0.12289789577743257,2.547854822765146
/home/carld/.cache/kagglehub/datasets/andrewmvd/retinal-disease-classification/versions/1/Evaluation_Set/Evaluation_Set/Validation/448.png,False,0.05815549936050024,104.67989884890044,1.1259231667059943,0.08620535737729022,1.7660650426143076
/home/carld/.cache/kagglehub/datasets/andrewmvd/retinal-disease-classification/versions/1/Evaluation_Set/Evaluation_Set/Validation/450.png,False,0.08411107744489398,151.39993940080916,1.0865371091897842,0.1073206907511389,1.699756330119716
/home/carld/.cache/kagglehub/datasets/andrewmvd/retinal-disease-classification/versions/1/Evaluation_Set/Evaluation_Set/Validation/451.png,False,0.062452709593740455,112.41487726873282,1.0813909470084462,0.05588316382796226,0.9599160642078177
/home/carld/.cache/kagglehub/datasets/andrewmvd/retinal-disease-classification/versions/1/Evaluation_Set/Evaluation_Set/Validation/452.png,False,0.07743929886648841,139.39073795967914,1.1000369362736848,0.12349002925708542,2.403442643548184
/home/carld/.cache/kagglehub/datasets/andrewmvd/retinal-disease-classification/versions/1/Evaluation_Set/Evaluation_Set/Validation/454.png,False,0.05242771833715305,94.36989300687549,1.111280909363879,0.06711213738020648,1.6933470923318263
/home/carld/.cache/kagglehub/datasets/andrewmvd/retinal-disease-classification/versions/1/Evaluation_Set/Evaluation_Set/Validation/455.png,False,0.05368305800797103,96.62950441434786,1.1018755882538365,0.09032808299776528,2.798619582780051
/home/carld/.cache/kagglehub/datasets/andrewmvd/retinal-disease-classification/versions/1/Evaluation_Set/Evaluation_Set/Validation/456.png,False,0.05486061459495907,98.74910627092633,1.1177981321239565,0.10230636041982812,3.054507129866991
/home/carld/.cache/kagglehub/datasets/andrewmvd/retinal-disease-classification/versions/1/Evaluation_Set/Evaluation_Set/Validation/457.png,False,0.04980971170887011,89.65748107596619,1.0954213361521832,0.09001660537979979,2.5365211085700063
/home/carld/.cache/kagglehub/datasets/andrewmvd/retinal-disease-classification/versions/1/Evaluation_Set/Evaluation_Set/Validation/458.png,False,0.050276374342429694,90.49747381637344,1.0769122182286568,0.0573945053144845,1.2570610852533897
/home/carld/.cache/kagglehub/datasets/andrewmvd/retinal-disease-classification/versions/1/Evaluation_Set/Evaluation_Set/Validation/459.png,False,0.04694391170264164,84.49904106475495,1.1333014075056782,0.0906189433577859,2.921231404248001
/home/carld/.cache/kagglehub/datasets/andrewmvd/retinal-disease-classification/versions/1/Evaluation_Set/Evaluation_Set/Validation/460.png,False,0.06696466874268095,120.5364037368257,1.097962132963456,0.1003218379266862,2.169789895669304
/home/carld/.cache/kagglehub/datasets/andrewmvd/retinal-disease-classification/versions/1/Evaluation_Set/Evaluation_Set/Validation/461.png,False,0.05522369873988164,99.40265773178695,1.1067318659148047,0.08658808484843453,2.1975977048241044
/home/carld/.cache/kagglehub/datasets/andrewmvd/retinal-disease-classification/versions/1/Evaluation_Set/Evaluation_Set/Validation/464.png,False,0.036964102542444026,66.53538457639925,1.0888607057378494,0.06852102238747758,2.4140708286746926
/home/carld/.cache/kagglehub/datasets/andrewmvd/retinal-disease-classification/versions/1/Evaluation_Set/Evaluation_Set/Validation/466.png,False,0.04917613149205327,88.51703668569589,1.0936388792887266,0.0715463053499092,1.8561251571448527
/home/carld/.cache/kagglehub/datasets/andrewmvd/retinal-disease-classification/versions/1/Evaluation_Set/Evaluation_Set/Validation/468.png,False,0.036185932683420706,65.13467883015727,1.100624446531312,0.04986311656211379,1.535197033931449
/home/carld/.cache/kagglehub/datasets/andrewmvd/retinal-disease-classification/versions/1/Evaluation_Set/Evaluation_Set/Validation/469.png,False,0.0535122733645969,96.32209205627441,1.1059331536803412,0.10043813793412065,3.000451562773328
/home/carld/.cache/kagglehub/datasets/andrewmvd/retinal-disease-classification/versions/1/Evaluation_Set/Evaluation_Set/Validation/472.png,False,0.0778948983187398,140.21081697373165,1.0821517827227274,0.11985324555285258,2.4750012758790807
/home/carld/.cache/kagglehub/datasets/andrewmvd/retinal-disease-classification/versions/1/Evaluation_Set/Evaluation_Set/Validation/473.png,False,0.04517703683752763,81.31866630754973,1.0863089823694179,0.09342234346874383,3.4626160377330697
/home/carld/.cache/kagglehub/datasets/andrewmvd/retinal-disease-classification/versions/1/Evaluation_Set/Evaluation_Set/Validation/475.png,False,0.058355609575907394,105.04009723663331,1.0907284785740863,0.0425385813393742,0.7744018122610788
/home/carld/.cache/kagglehub/datasets/andrewmvd/retinal-disease-classification/versions/1/Evaluation_Set/Evaluation_Set/Validation/476.png,False,0.059374162759730426,106.87349296751476,1.0816971246941756,0.08442354313235317,1.7817384684329596
/home/carld/.cache/kagglehub/datasets/andrewmvd/retinal-disease-classification/versions/1/Evaluation_Set/Evaluation_Set/Validation/477.png,False,0.08015086663463128,144.2715599423363,1.1402730038316296,0.11172021927894042,2.379736705213877
/home/carld/.cache/kagglehub/datasets/andrewmvd/retinal-disease-classification/versions/1/Evaluation_Set/Evaluation_Set/Validation/559.png,False,0.07044989556977244,126.80981202559039,1.0999207236057762,0.1217912575398134,2.4135381538494274
/home/carld/.cache/kagglehub/datasets/andrewmvd/retinal-disease-classification/versions/1/Evaluation_Set/Evaluation_Set/Validation/560.png,False,0.10439016676356651,187.9023001744197,1.0949823119327395,0.14280914706838627,2.288349409342148
/home/carld/.cache/kagglehub/datasets/andrewmvd/retinal-disease-classification/versions/1/Evaluation_Set/Evaluation_Set/Validation/562.png,False,0.05261908723162366,94.71435701692259,1.173146795105749,0.08700739581942245,2.598641662056203
/home/carld/.cache/kagglehub/datasets/andrewmvd/retinal-disease-classification/versions/1/Evaluation_Set/Evaluation_Set/Validation/563.png,False,0.08778660665682661,158.0158919822879,1.0788068718891786,0.13557824110814515,2.0831289228771372
/home/carld/.cache/kagglehub/datasets/andrewmvd/retinal-disease-classification/versions/1/Evaluation_Set/Evaluation_Set/Validation/564.png,False,0.05198363405494875,93.57054129890774,1.094639519371862,0.08598944442357537,2.131869576650013
/home/carld/.cache/kagglehub/datasets/andrewmvd/retinal-disease-classification/versions/1/Evaluation_Set/Evaluation_Set/Validation/565.png,False,0.062092408155783624,111.76633468041052,1.0948623908717452,0.11963605704490148,3.2689733436160138
/home/carld/.cache/kagglehub/datasets/andrewmvd/retinal-disease-classification/versions/1/Evaluation_Set/Evaluation_Set/Validation/566.png,False,0.08143459450114857,146.5822701020674,1.1065207681717744,0.13482374612743867,2.933824555527645
/home/carld/.cache/kagglehub/datasets/andrewmvd/retinal-disease-classification/versions/1/Evaluation_Set/Evaluation_Set/Validation/567.png,False,0.07625558173734377,137.2600471272188,1.102786798057967,0.12843826136082764,2.773807422054306
/home/carld/.cache/kagglehub/datasets/andrewmvd/retinal-disease-classification/versions/1/Evaluation_Set/Evaluation_Set/Validation/568.png,False,0.07272727272727272,130.9090909090909,1.105616931365,0.13550951515183088,2.57125293685565
/home/carld/.cache/kagglehub/datasets/andrewmvd/retinal-disease-classification/versions/1/Evaluation_Set/Evaluation_Set/Validation/570.png,False,0.0886018216235083,159.48327892231492,1.1388351961183685,0.11632037515365162,2.1909341477546556
/home/carld/.cache/kagglehub/datasets/andrewmvd/retinal-disease-classification/versions/1/Evaluation_Set/Evaluation_Set/Validation/571.png,False,0.09162403897541326,164.92327015574386,1.1145369446110909,0.15199119832623909,2.368570088738186
/home/carld/.cache/kagglehub/datasets/andrewmvd/retinal-disease-classification/versions/1/Evaluation_Set/Evaluation_Set/Validation/572.png,False,0.08904757820968086,160.28564077742556,1.1046270162832323,0.15570024974613716,2.7449021598924173
/home/carld/.cache/kagglehub/datasets/andrewmvd/retinal-disease-classification/versions/1/Evaluation_Set/Evaluation_Set/Validation/573.png,False,0.06518459031076143,117.33226255937058,1.147119342206747,0.12301160931890248,2.9870279619486886
/home/carld/.cache/kagglehub/datasets/andrewmvd/retinal-disease-classification/versions/1/Evaluation_Set/Evaluation_Set/Validation/574.png,False,0.09019492534880942,162.35086562785696,1.1038735737296628,0.1130562347188264,1.97039934800326
/home/carld/.cache/kagglehub/datasets/andrewmvd/retinal-disease-classification/versions/1/Evaluation_Set/Evaluation_Set/Validation/575.png,False,0.03566791934351767,64.20225481833181,1.113887008071894,0.10521580448230815,3.9808721642462475
/home/carld/.cache/kagglehub/datasets/andrewmvd/retinal-disease-classification/versions/1/Evaluation_Set/Evaluation_Set/Validation/577.png,False,0.10351876514713938,186.33377726485088,1.0838450259845718,0.1341714162037371,2.0505915879085204
/home/carld/.cache/kagglehub/datasets/andrewmvd/retinal-disease-classification/versions/1/Evaluation_Set/Evaluation_Set/Validation/578.png,False,0.10054135230160498,180.97443414288895,1.0927598917712276,0.14575612475812535,2.368518579252894
/home/carld/.cache/kagglehub/datasets/andrewmvd/retinal-disease-classification/versions/1/Evaluation_Set/Evaluation_Set/Validation/579.png,False,0.05054462731369143,90.98032916464457,1.098178986073982,0.09072217011759613,1.382836736166222
/home/carld/.cache/kagglehub/datasets/andrewmvd/retinal-disease-classification/versions/1/Evaluation_Set/Evaluation_Set/Validation/580.png,True,0.061099438876684266,109.97898997803168,1.0837888420677348,0.11815207509929461,2.6928590583159884
/home/carld/.cache/kagglehub/datasets/andrewmvd/retinal-disease-classification/versions/1/Evaluation_Set/Evaluation_Set/Validation/583.png,False,0.046039720585471705,82.87149705384907,1.09664121036336,0.10422989551392145,3.9833847006449017
/home/carld/.cache/kagglehub/datasets/andrewmvd/retinal-disease-classification/versions/1/Evaluation_Set/Evaluation_Set/Validation/584.png,False,0.08100744013516407,145.81339224329534,1.0935336146936048,0.11164991888706044,2.0381522589078345
/home/carld/.cache/kagglehub/datasets/andrewmvd/retinal-disease-classification/versions/1/Evaluation_Set/Evaluation_Set/Validation/585.png,False,0.06340961537118685,114.13730766813633,1.091859794471715,0.11201643884570714,2.6229250424372377
/home/carld/.cache/kagglehub/datasets/andrewmvd/retinal-disease-classification/versions/1/Evaluation_Set/Evaluation_Set/Validation/586.png,False,0.07916092583627411,142.4896665052934,1.0784160468310158,0.12475091353610768,2.6638975788007047
/home/carld/.cache/kagglehub/datasets/andrewmvd/retinal-disease-classification/versions/1/Evaluation_Set/Evaluation_Set/Validation/587.png,False,0.10416752660376395,187.5015478867751,1.095334526636027,0.17944447613072492,2.4717275993840184
/home/carld/.cache/kagglehub/datasets/andrewmvd/retinal-disease-classification/versions/1/Evaluation_Set/Evaluation_Set/Validation/588.png,False,0.09608384480713107,172.95092065283592,1.1171185888813084,0.12361061558306118,2.0625463128138977
/home/carld/.cache/kagglehub/datasets/andrewmvd/retinal-disease-classification/versions/1/Evaluation_Set/Evaluation_Set/Validation/590.png,False,0.055119926063575554,99.21586691443599,1.185822137218454,0.10915529436140857,2.9821527797398732
/home/carld/.cache/kagglehub/datasets/andrewmvd/retinal-disease-classification/versions/1/Evaluation_Set/Evaluation_Set/Validation/591.png,False,0.0294450821519709,53.001147873547616,1.089101925728924,0.03151058775964017,0.6426188911911861
/home/carld/.cache/kagglehub/datasets/andrewmvd/retinal-disease-classification/versions/1/Evaluation_Set/Evaluation_Set/Validation/593.png,False,0.10282714855976594,185.08886740757868,1.110367748097202,0.162123629112662,2.4768693918245264
/home/carld/.cache/kagglehub/datasets/andrewmvd/retinal-disease-classification/versions/1/Evaluation_Set/Evaluation_Set/Validation/594.png,False,0.055685144883615,100.233260790507,1.0924763584159334,0.09148352843900953,2.3638365464119415
/home/carld/.cache/kagglehub/datasets/andrewmvd/retinal-disease-classification/versions/1/Evaluation_Set/Evaluation_Set/Validation/595.png,False,0.04688574726454878,84.3943450761878,1.0913338932948644,0.07378632779446012,1.9551748152252866
/home/carld/.cache/kagglehub/datasets/andrewmvd/retinal-disease-classification/versions/1/Evaluation_Set/Evaluation_Set/Validation/596.png,False,0.06313379540469477,113.64083172845059,1.071600321969309,0.10367360712103386,2.504044798307295
/home/carld/.cache/kagglehub/datasets/andrewmvd/retinal-disease-classification/versions/1/Evaluation_Set/Evaluation_Set/Validation/597.png,False,0.04670151747190035,84.06273144942062,1.0894102619645734,0.0752584594361496,2.0773828858596834
/home/carld/.cache/kagglehub/datasets/andrewmvd/retinal-disease-classification/versions/1/Evaluation_Set/Evaluation_Set/Validation/598.png,False,0.04485578439673599,80.74041191412478,1.0826190745875923,0.05317456868454218,1.2733909869192994
/home/carld/.cache/kagglehub/datasets/andrewmvd/retinal-disease-classification/versions/1/Evaluation_Set/Evaluation_Set/Validation/599.png,False,0.0878811933376171,158.18614800771078,1.1025682468408189,0.14520886360233567,2.513774517143285
/home/carld/.cache/kagglehub/datasets/andrewmvd/retinal-disease-classification/versions/1/Evaluation_Set/Evaluation_Set/Validation/609.png,False,0.04504175980885824,81.07516765594482,1.117903858898327,0.09515702701491868,3.3815689261233812
/home/carld/.cache/kagglehub/datasets/andrewmvd/retinal-disease-classification/versions/1/Evaluation_Set/Evaluation_Set/Validation/612.png,False,0.058170124276043615,104.70622369687851,1.1221932600869915,0.10462845258794937,2.9233137051486238
/home/carld/.cache/kagglehub/datasets/andrewmvd/retinal-disease-classification/versions/1/Evaluation_Set/Evaluation_Set/Validation/614.png,False,0.04690294354050248,84.42529837290446,1.149816969965715,0.10756939932927151,3.468523168226432
/home/carld/.cache/kagglehub/datasets/andrewmvd/retinal-disease-classification/versions/1/Evaluation_Set/Evaluation_Set/Validation/615.png,False,0.05429584769360033,97.73252584848059,1.154696176174982,0.11206392772017834,3.4230680840725687
/home/carld/.cache/kagglehub/datasets/andrewmvd/retinal-disease-classification/versions/1/Evaluation_Set/Evaluation_Set/Validation/616.png,True,0.023670546813453743,42.606984264216734,1.191173163093697,0.015357659910502764,0.3220430175496216
/home/carld/.cache/kagglehub/datasets/andrewmvd/retinal-disease-classification/versions/1/Evaluation_Set/Evaluation_Set/Validation/617.png,True,0.06682284262363272,120.2811167225389,1.0822907108831157,0.06875731766110334,1.710795667615237
/home/carld/.cache/kagglehub/datasets/andrewmvd/retinal-disease-classification/versions/1/Evaluation_Set/Evaluation_Set/Validation/618.png,False,0.0822723148562384,148.09016674122913,1.1647145688393827,0.13973415668751019,2.331843836528316
/home/carld/.cache/kagglehub/datasets/andrewmvd/retinal-disease-classification/versions/1/Evaluation_Set/Evaluation_Set/Validation/619.png,False,0.08063147573760063,145.13665632768112,1.0866319307007672,0.1423302060781012,3.1467003447999358
/home/carld/.cache/kagglehub/datasets/andrewmvd/retinal-disease-classification/versions/1/Evaluation_Set/Evaluation_Set/Validation/620.png,False,0.08537395065333567,153.6731111760042,1.074711575806019,0.1212877100113614,1.8878331460923765
/home/carld/.cache/kagglehub/datasets/andrewmvd/retinal-disease-classification/versions/1/Evaluation_Set/Evaluation_Set/Validation/621.png,True,0.0670282618277465,120.65087128994371,1.0880599390203967,0.1232040946896993,2.4190517345304765
/home/carld/.cache/kagglehub/datasets/andrewmvd/retinal-disease-classification/versions/1/Evaluation_Set/Evaluation_Set/Validation/622.png,False,0.06998303948026716,125.96947106448089,1.0999558904640678,0.1030361911119588,2.229162693114629
/home/carld/.cache/kagglehub/datasets/andrewmvd/retinal-disease-classification/versions/1/Evaluation_Set/Evaluation_Set/Validation/623.png,False,0.05107321015637905,91.9317782814823,1.0938037576816233,0.07872653035361396,2.2877543988879516
/home/carld/.cache/kagglehub/datasets/andrewmvd/retinal-disease-classification/versions/1/Evaluation_Set/Evaluation_Set/Validation/625.png,False,0.05725589699215359,103.06061458587646,1.1122148536049656,0.13313695629751424,4.012583500688634
/home/carld/.cache/kagglehub/datasets/andrewmvd/retinal-disease-classification/versions/1/Evaluation_Set/Evaluation_Set/Validation/626.png,False,0.052566365444616514,94.61945780030973,1.1071392501336363,0.1280805330470867,4.8826537157518555
/home/carld/.cache/kagglehub/datasets/andrewmvd/retinal-disease-classification/versions/1/Evaluation_Set/Evaluation_Set/Validation/627.png,False,0.05810073004082335,104.58131407348202,1.0944635930712432,0.11439611263977519,3.396826883671916
/home/carld/.cache/kagglehub/datasets/andrewmvd/retinal-disease-classification/versions/1/Evaluation_Set/Evaluation_Set/Validation/628.png,True,0.0671644860309661,120.89607485573897,1.0848953343519292,0.11700736867126219,2.4964263709374857
/home/carld/.cache/kagglehub/datasets/andrewmvd/retinal-disease-classification/versions/1/Evaluation_Set/Evaluation_Set/Validation/629.png,False,0.0737346143433542,132.72230581803754,1.087584521255232,0.12467610074232816,2.8321802605618203
/home/carld/.cache/kagglehub/datasets/andrewmvd/retinal-disease-classification/versions/1/Evaluation_Set/Evaluation_Set/Validation/630.png,False,0.045706712483056904,82.27208246950242,1.1022950421411013,0.07052861693851563,1.9623627173596534
/home/carld/.cache/kagglehub/datasets/andrewmvd/retinal-disease-classification/versions/1/Evaluation_Set/Evaluation_Set/Validation/631.png,False,0.07697283843206981,138.55110917772566,1.0900977811177404,0.1076811473667674,2.515039782650883
/home/carld/.cache/kagglehub/datasets/andrewmvd/retinal-disease-classification/versions/1/Evaluation_Set/Evaluation_Set/Validation/632.png,False,0.0557010722272273,100.26193000900913,1.109494204332178,0.08695447463488966,2.0610628862978753
/home/carld/.cache/kagglehub/datasets/andrewmvd/retinal-disease-classification/versions/1/Evaluation_Set/Evaluation_Set/Validation/633.png,True,0.07041171713054323,126.74109083497781,1.0877854648384775,0.08871306949776114,1.6876705052591496
/home/carld/.cache/kagglehub/datasets/andrewmvd/retinal-disease-classification/versions/1/Evaluation_Set/Evaluation_Set/Validation/634.png,False,0.06350747302726463,114.31345144907634,1.1124862882774924,0.0966116970962503,2.3426406810515608
/home/carld/.cache/kagglehub/datasets/andrewmvd/retinal-disease-classification/versions/1/Evaluation_Set/Evaluation_Set/Validation/635.png,True,0.06638337778312417,119.49008000962351,1.091514678957016,0.1115021555687228,2.4257332862602365
/home/carld/.cache/kagglehub/datasets/andrewmvd/retinal-disease-classification/versions/1/Evaluation_Set/Evaluation_Set/Validation/638.png,False,0.05219744841257731,93.95540714263916,1.1799092941312734,0.10322095026772878,3.619957120586756
/home/carld/.cache/kagglehub/datasets/andrewmvd/retinal-disease-classification/versions/1/Evaluation_Set/Evaluation_Set/Validation/639.png,False,0.060673382343390043,109.21208821810208,1.0957411061153461,0.11237133962869505,3.3750422725735545
/home/carld/.cache/kagglehub/datasets/andrewmvd/retinal-disease-classification/versions/1/Test_Set/Test_Set/Test/245.png,False,0.07516726903748094,135.3010842674657,1.1060324274178266,0.12488910653579463,2.6853322545617133
/home/carld/.cache/kagglehub/datasets/andrewmvd/retinal-disease-classification/versions/1/Test_Set/Test_Set/Test/272.png,False,0.06339622255581528,114.11320060046751,1.1343866242873588,0.11565374795682656,2.8224769340916156
/home/carld/.cache/kagglehub/datasets/andrewmvd/retinal-disease-classification/versions/1/Test_Set/Test_Set/Test/273.png,False,0.040745908586086066,73.34263545495492,1.1088402287119885,0.030050498586697772,0.9252979270348444
/home/carld/.cache/kagglehub/datasets/andrewmvd/retinal-disease-classification/versions/1/Test_Set/Test_Set/Test/276.png,False,0.08440938063547121,151.93688514384817,1.0854886542166817,0.13556127807109666,2.1927608579936986
/home/carld/.cache/kagglehub/datasets/andrewmvd/retinal-disease-classification/versions/1/Test_Set/Test_Set/Test/277.png,False,0.08658297613364498,155.84935704056096,1.0797896838725238,0.1250559284116331,2.3052614135388185
/home/carld/.cache/kagglehub/datasets/andrewmvd/retinal-disease-classification/versions/1/Test_Set/Test_Set/Test/278.png,False,0.0625274878496315,112.54947812933669,1.1003855415631654,0.12596433463914056,2.9733591290345838
/home/carld/.cache/kagglehub/datasets/andrewmvd/retinal-disease-classification/versions/1/Test_Set/Test_Set/Test/279.png,False,0.06654094135950482,119.77369444710868,1.081250225587402,0.11255420194094569,2.7213710510014457
/home/carld/.cache/kagglehub/datasets/andrewmvd/retinal-disease-classification/versions/1/Test_Set/Test_Set/Test/280.png,False,0.06473185935458124,116.51734683824624,1.0996050243134046,0.11015722120658135,2.8935429616087753
/home/carld/.cache/kagglehub/datasets/andrewmvd/retinal-disease-classification/versions/1/Test_Set/Test_Set/Test/281.png,False,0.05480727134459469,98.65308842027045,1.0811171907310975,0.09903494691241031,3.03254104860077
/home/carld/.cache/kagglehub/datasets/andrewmvd/retinal-disease-classification/versions/1/Test_Set/Test_Set/Test/291.png,False,0.04400631705463161,79.21137069833689,1.0895059433654342,0.07335825930507141,2.495881592263578
/home/carld/.cache/kagglehub/datasets/andrewmvd/retinal-disease-classification/versions/1/Test_Set/Test_Set/Test/294.png,False,0.055376519903468625,99.67773582624352,1.088553198863143,0.0787037037037037,1.84063766261463
/home/carld/.cache/kagglehub/datasets/andrewmvd/retinal-disease-classification/versions/1/Test_Set/Test_Set/Test/295.png,False,0.06036151780022515,108.65073204040527,1.1065213321709728,0.09063231260850968,2.29724983015877
/home/carld/.cache/kagglehub/datasets/andrewmvd/retinal-disease-classification/versions/1/Test_Set/Test_Set/Test/296.png,False,0.019179947813798424,34.52390606483716,1.1069951422912243,0.03780850880220918,1.3325422851225406
/home/carld/.cache/kagglehub/datasets/andrewmvd/retinal-disease-classification/versions/1/Test_Set/Test_Set/Test/305.png,False,0.05237559716864284,94.27607490355712,1.093006736172264,0.11723615491634314,3.684871837828782
/home/carld/.cache/kagglehub/datasets/andrewmvd/retinal-disease-classification/versions/1/Test_Set/Test_Set/Test/313.png,False,0.06635422810264256,119.43761058475661,1.1481636914233504,0.1105335181630767,2.868868628705481
/home/carld/.cache/kagglehub/datasets/andrewmvd/retinal-disease-classification/versions/1/Test_Set/Test_Set/Test/321.png,False,0.07610312197943153,136.98561956297675,1.097364979089195,0.14119784332752092,2.927194064043542
/home/carld/.cache/kagglehub/datasets/andrewmvd/retinal-disease-classification/versions/1/Test_Set/Test_Set/Test/322.png,False,0.07712891607573538,138.8320489363237,1.1115802707807285,0.13736322032579557,2.646965206504594
/home/carld/.cache/kagglehub/datasets/andrewmvd/retinal-disease-classification/versions/1/Test_Set/Test_Set/Test/326.png,False,0.0606138800497109,109.10498408947961,1.0826330059385718,0.10399974298840235,2.9205255887171906
/home/carld/.cache/kagglehub/datasets/andrewmvd/retinal-disease-classification/versions/1/Test_Set/Test_Set/Test/327.png,False,0.07405682606885662,133.30228692394192,1.172900965719077,0.11392867537324985,2.4047632317152465
/home/carld/.cache/kagglehub/datasets/andrewmvd/retinal-disease-classification/versions/1/Test_Set/Test_Set/Test/340.png,False,0.07071114259924592,127.28005667864265,1.1271075331251739,0.1274927820483146,2.69459232277949
/home/carld/.cache/kagglehub/datasets/andrewmvd/retinal-disease-classification/versions/1/Test_Set/Test_Set/Test/348.png,False,0.06399844179105996,115.19719522390793,1.0830704378806923,0.09633906621802041,2.2999985220291554
/home/carld/.cache/kagglehub/datasets/andrewmvd/retinal-disease-classification/versions/1/Test_Set/Test_Set/Test/357.png,False,0.055816745561827356,100.47014201128924,1.1100130818747567,0.08789550449838983,2.354073100639739
/home/carld/.cache/kagglehub/datasets/andrewmvd/retinal-disease-classification/versions/1/Test_Set/Test_Set/Test/359.png,False,0.05163216590881348,92.93789863586426,1.1435063767134872,0.06057346781988055,1.6675869247354465
/home/carld/.cache/kagglehub/datasets/andrewmvd/retinal-disease-classification/versions/1/Test_Set/Test_Set/Test/363.png,False,0.0557776477601793,100.39976596832274,1.1147839800508703,0.07504682656765403,2.2974025758756156
/home/carld/.cache/kagglehub/datasets/andrewmvd/retinal-disease-classification/versions/1/Test_Set/Test_Set/Test/372.png,False,0.043437921299653896,78.18825833937701,1.0906130906152176,0.07141335495708465,2.328287027810801
/home/carld/.cache/kagglehub/datasets/andrewmvd/retinal-disease-classification/versions/1/Test_Set/Test_Set/Test/379.png,False,0.07343933038544237,132.19079469379628,1.0769353813045255,0.07849376317861952,1.3785534639128116
/home/carld/.cache/kagglehub/datasets/andrewmvd/retinal-disease-classification/versions/1/Test_Set/Test_Set/Test/380.png,False,0.06521737875428589,117.39128175771461,1.0809550103468033,0.06504176553691689,1.0766181573785782
/home/carld/.cache/kagglehub/datasets/andrewmvd/retinal-disease-classification/versions/1/Test_Set/Test_Set/Test/411.png,True,0.05824974349285092,104.84953828713165,1.0793297830843938,0.08625107654357742,1.704282483504063
/home/carld/.cache/kagglehub/datasets/andrewmvd/retinal-disease-classification/versions/1/Test_Set/Test_Set/Test/417.png,False,0.0642164136931213,115.58954464761834,1.096311004637583,0.09786431031900554,1.8849183765163995
/home/carld/.cache/kagglehub/datasets/andrewmvd/retinal-disease-classification/versions/1/Test_Set/Test_Set/Test/427.png,False,0.08997463369045128,161.9543406428123,1.0854903841342327,0.13197333934779396,2.14095614369376
/home/carld/.cache/kagglehub/datasets/andrewmvd/retinal-disease-classification/versions/1/Test_Set/Test_Set/Test/434.png,False,0.06616024378329348,119.08843880992826,1.080535484294313,0.1034279829336472,2.353029051278279
/home/carld/.cache/kagglehub/datasets/andrewmvd/retinal-disease-classification/versions/1/Test_Set/Test_Set/Test/435.png,False,0.09274794869389094,166.9463076490037,1.0669148030572568,0.10600443489709653,1.7090464971242465
/home/carld/.cache/kagglehub/datasets/andrewmvd/retinal-disease-classification/versions/1/Test_Set/Test_Set/Test/441.png,False,0.06641093889872234,119.53969001770021,1.099568349166102,0.13275483314510633,3.2759598385536544
/home/carld/.cache/kagglehub/datasets/andrewmvd/retinal-disease-classification/versions/1/Test_Set/Test_Set/Test/442.png,False,0.04377732240377258,78.79918032679065,1.0820179698928163,0.10223080624465355,3.8839285714285716
/home/carld/.cache/kagglehub/datasets/andrewmvd/retinal-disease-classification/versions/1/Test_Set/Test_Set/Test/446.png,False,0.04988197681835159,89.78755827303286,1.128323218623636,0.0885579432574087,2.819495260205662
/home/carld/.cache/kagglehub/datasets/andrewmvd/retinal-disease-classification/versions/1/Test_Set/Test_Set/Test/447.png,False,0.06403076333343667,115.25537400018601,1.1073258182311059,0.11207295018331785,2.485655434241172
/home/carld/.cache/kagglehub/datasets/andrewmvd/retinal-disease-classification/versions/1/Test_Set/Test_Set/Test/448.png,False,0.0813331215880638,146.39961885851483,1.1162951959982883,0.13767480363847798,2.049334292556494
/home/carld/.cache/kagglehub/datasets/andrewmvd/retinal-disease-classification/versions/1/Test_Set/Test_Set/Test/454.png,False,0.06133688442290775,110.40639196123395,1.1331602211758847,0.09151537926595915,2.3484210389913307
/home/carld/.cache/kagglehub/datasets/andrewmvd/retinal-disease-classification/versions/1/Test_Set/Test_Set/Test/456.png,False,0.06405609436136074,115.30096985044933,1.076541579770939,0.12328955448221503,2.918201064990056
/home/carld/.cache/kagglehub/datasets/andrewmvd/retinal-disease-classification/versions/1/Test_Set/Test_Set/Test/460.png,False,0.051806517291169626,93.25173112410533,1.089764182412892,0.11227721361587482,3.5931881767784053
/home/carld/.cache/kagglehub/datasets/andrewmvd/retinal-disease-classification/versions/1/Test_Set/Test_Set/Test/461.png,False,0.05979436788803492,107.62986219846285,1.0835616951563858,0.10455847203979242,2.4762171357205913
/home/carld/.cache/kagglehub/datasets/andrewmvd/retinal-disease-classification/versions/1/Test_Set/Test_Set/Test/462.png,False,0.05667249992410973,102.01049986339751,1.1050241888616312,0.10507425631246121,2.615909111352985
/home/carld/.cache/kagglehub/datasets/andrewmvd/retinal-disease-classification/versions/1/Test_Set/Test_Set/Test/463.png,False,0.05107664626482959,91.93796327669327,1.109879164662263,0.10384236250872797,3.4830437699374324
/home/carld/.cache/kagglehub/datasets/andrewmvd/retinal-disease-classification/versions/1/Test_Set/Test_Set/Test/464.png,False,0.0706940342168339,127.24926159030102,1.0920701469009786,0.11673768649658993,2.509061981953917
/home/carld/.cache/kagglehub/datasets/andrewmvd/retinal-disease-classification/versions/1/Test_Set/Test_Set/Test/467.png,False,0.05983130259391589,107.6963446690486,1.0914536811503575,0.11726715527981367,3.043637681823674
/home/carld/.cache/kagglehub/datasets/andrewmvd/retinal-disease-classification/versions/1/Test_Set/Test_Set/Test/471.png,False,0.05760357624445206,103.6864372400137,1.150524876065616,0.09341941310765269,2.3650891879008857
/home/carld/.cache/kagglehub/datasets/andrewmvd/retinal-disease-classification/versions/1/Test_Set/Test_Set/Test/475.png,False,0.05652290671619017,101.7412320891423,1.1034061926845518,0.08229281651891264,2.067766959882968
/home/carld/.cache/kagglehub/datasets/andrewmvd/retinal-disease-classification/versions/1/Test_Set/Test_Set/Test/476.png,False,0.06115929469084128,110.08673044351431,1.1199504801594835,0.12231406904073475,3.2819653737058294
/home/carld/.cache/kagglehub/datasets/andrewmvd/retinal-disease-classification/versions/1/Test_Set/Test_Set/Test/477.png,False,0.06306005569926479,113.50810025867662,1.109549876899297,0.11654185368450343,2.570127151965351
/home/carld/.cache/kagglehub/datasets/andrewmvd/retinal-disease-classification/versions/1/Test_Set/Test_Set/Test/481.png,False,0.04744483499084344,85.40070298351819,1.089388981304499,0.09805572831961308,2.938890455569162
/home/carld/.cache/kagglehub/datasets/andrewmvd/retinal-disease-classification/versions/1/Test_Set/Test_Set/Test/488.png,False,0.045900949033867405,82.62170826096133,1.1494159101773413,0.0821698169892888,3.2505890054425683
/home/carld/.cache/kagglehub/datasets/andrewmvd/retinal-disease-classification/versions/1/Test_Set/Test_Set/Test/489.png,False,0.044498680550375105,80.09762499067519,1.1014992442344125,0.0990647288386489,3.890310859911183
/home/carld/.cache/kagglehub/datasets/andrewmvd/retinal-disease-classification/versions/1/Test_Set/Test_Set/Test/491.png,False,0.05991216989663931,107.84190581395076,1.1083663682748808,0.10565371461026533,2.742074222238685
/home/carld/.cache/kagglehub/datasets/andrewmvd/retinal-disease-classification/versions/1/Test_Set/Test_Set/Test/494.png,False,0.052779315562730425,95.00276801291477,1.0985936355290686,0.1210472713710921,4.294601553478832
/home/carld/.cache/kagglehub/datasets/andrewmvd/retinal-disease-classification/versions/1/Test_Set/Test_Set/Test/495.png,False,0.06198777092827691,111.57798767089844,1.0967658436790992,0.1282470291904254,4.4284455982569195
/home/carld/.cache/kagglehub/datasets/andrewmvd/retinal-disease-classification/versions/1/Test_Set/Test_Set/Test/499.png,False,0.04067487432142344,73.2147737785622,1.0947637257340397,0.08936809741626857,3.445691216098962
/home/carld/.cache/kagglehub/datasets/andrewmvd/retinal-disease-classification/versions/1/Test_Set/Test_Set/Test/501.png,False,0.07093067891669995,127.67522205005992,1.1018849589331177,0.11954741248559121,2.595173815446217
/home/carld/.cache/kagglehub/datasets/andrewmvd/retinal-disease-classification/versions/1/Test_Set/Test_Set/Test/502.png,False,0.055878112866328315,100.58060315939096,1.09384915671642,0.11407353410178141,2.838215864048476
/home/carld/.cache/kagglehub/datasets/andrewmvd/retinal-disease-classification/versions/1/Test_Set/Test_Set/Test/503.png,False,0.05768984455173298,103.84172019311937,1.1591933965034424,0.11788539734112603,3.1732017033711752
/home/carld/.cache/kagglehub/datasets/andrewmvd/retinal-disease-classification/versions/1/Test_Set/Test_Set/Test/504.png,True,0.06879314482882,123.827660691876,1.1428585034131205,0.12778854039149504,2.568832119768539
/home/carld/.cache/kagglehub/datasets/andrewmvd/retinal-disease-classification/versions/1/Test_Set/Test_Set/Test/510.png,False,0.056740011254402055,102.1320202579237,1.0898747781760068,0.10765830141580442,2.720859772480421
/home/carld/.cache/kagglehub/datasets/andrewmvd/retinal-disease-classification/versions/1/Test_Set/Test_Set/Test/513.png,False,0.06538300728671766,117.68941311609179,1.0672855139597492,0.09023543135903282,2.2131343125298266
/home/carld/.cache/kagglehub/datasets/andrewmvd/retinal-disease-classification/versions/1/Test_Set/Test_Set/Test/515.png,False,0.06084082615681184,109.51348708226132,1.0966550527187082,0.09967425878990968,2.7818129241864975
/home/carld/.cache/kagglehub/datasets/andrewmvd/retinal-disease-classification/versions/1/Test_Set/Test_Set/Test/516.png,False,0.07677262125451581,138.19071825812847,1.0892211209524734,0.10890249904303603,2.0874665062612787
/home/carld/.cache/kagglehub/datasets/andrewmvd/retinal-disease-classification/versions/1/Test_Set/Test_Set/Test/517.png,False,0.0557776477601793,100.39976596832274,1.1228261390599827,0.10949592549057668,3.2799171797996354
/home/carld/.cache/kagglehub/datasets/andrewmvd/retinal-disease-classification/versions/1/Test_Set/Test_Set/Test/519.png,False,0.07270484779313294,130.8687260276393,1.1008667318565266,0.11837180685119658,2.4447405909654885
/home/carld/.cache/kagglehub/datasets/andrewmvd/retinal-disease-classification/versions/1/Test_Set/Test_Set/Test/520.png,False,0.07701941836964,138.63495306535202,1.122190186183971,0.15301488887918613,3.0966467275029474
/home/carld/.cache/kagglehub/datasets/andrewmvd/retinal-disease-classification/versions/1/Test_Set/Test_Set/Test/521.png,False,0.08363977634545529,150.5515974218195,1.0906751123038225,0.13338178824346664,3.015481986994359
/home/carld/.cache/kagglehub/datasets/andrewmvd/retinal-disease-classification/versions/1/Test_Set/Test_Set/Test/522.png,False,0.05887719207339817,105.97894573211671,1.1007722084050557,0.11600613884625802,3.3512683939694865
/home/carld/.cache/kagglehub/datasets/andrewmvd/retinal-disease-classification/versions/1/Test_Set/Test_Set/Test/523.png,False,0.060718999573247355,109.29419923184524,1.1247054639453566,0.11335423258154093,2.7797548208566756
/home/carld/.cache/kagglehub/datasets/andrewmvd/retinal-disease-classification/versions/1/Test_Set/Test_Set/Test/524.png,True,0.07557320585831713,136.03177054497084,1.0947767765444714,0.117092942715682,2.7903463620886937
/home/carld/.cache/kagglehub/datasets/andrewmvd/retinal-disease-classification/versions/1/Test_Set/Test_Set/Test/525.png,False,0.04311829271282347,77.61292688308224,1.1155623685998408,0.12159743807101818,4.710988273523594
/home/carld/.cache/kagglehub/datasets/andrewmvd/retinal-disease-classification/versions/1/Test_Set/Test_Set/Test/526.png,False,0.04619190443950485,83.14542799110873,1.1268849604963822,0.10517101544551909,3.5010486374858423
/home/carld/.cache/kagglehub/datasets/andrewmvd/retinal-disease-classification/versions/1/Test_Set/Test_Set/Test/527.png,False,0.05744632868699624,103.40339163659324,1.09801570057462,0.10367975161481574,3.1570817861266267
/home/carld/.cache/kagglehub/datasets/andrewmvd/retinal-disease-classification/versions/1/Test_Set/Test_Set/Test/529.png,False,0.0467680832589736,84.18254986615248,1.0962471627693486,0.07551326012413734,2.3837189114110857
/home/carld/.cache/kagglehub/datasets/andrewmvd/retinal-disease-classification/versions/1/Test_Set/Test_Set/Test/530.png,False,0.049322145956533926,88.77986272176106,1.1062252342287318,0.11225514543536347,4.136527606071922
/home/carld/.cache/kagglehub/datasets/andrewmvd/retinal-disease-classification/versions/1/Test_Set/Test_Set/Test/531.png,False,0.07205807637868437,129.70453748163186,1.0851070976142467,0.10570115283389554,1.9803536345776032
/home/carld/.cache/kagglehub/datasets/andrewmvd/retinal-disease-classification/versions/1/Test_Set/Test_Set/Test/532.png,False,0.06429126262664794,115.7242727279663,1.0847726937998758,0.08542521636666531,2.2607777010279957
/home/carld/.cache/kagglehub/datasets/andrewmvd/retinal-disease-classification/versions/1/Test_Set/Test_Set/Test/533.png,True,0.07108757853910228,127.9576413703841,1.0937545532176494,0.13072045181506298,2.5846303954554863
/home/carld/.cache/kagglehub/datasets/andrewmvd/retinal-disease-classification/versions/1/Test_Set/Test_Set/Test/535.png,False,0.05553913946768538,99.97045104183368,1.0934366073903425,0.12617032566756906,3.0888683029490855
/home/carld/.cache/kagglehub/datasets/andrewmvd/retinal-disease-classification/versions/1/Test_Set/Test_Set/Test/536.png,False,0.06355015689103062,114.39028240385512,1.0977439569620497,0.10412309530923215,2.407374591759991
/home/carld/.cache/kagglehub/datasets/andrewmvd/retinal-disease-classification/versions/1/Test_Set/Test_Set/Test/537.png,False,0.05012136386580257,90.21845495844462,1.0889885930219598,0.07281946244798866,2.277799660538698
/home/carld/.cache/kagglehub/datasets/andrewmvd/retinal-disease-classification/versions/1/Test_Set/Test_Set/Test/547.png,False,0.07886705025523699,141.9606904594266,1.1134239417051743,0.10965717474464007,2.1010926089171766
/home/carld/.cache/kagglehub/datasets/andrewmvd/retinal-disease-classification/versions/1/Test_Set/Test_Set/Test/548.png,False,0.054213005270661606,97.58340948719089,1.0994759678553663,0.0901458336707863,2.4840965169455376
/home/carld/.cache/kagglehub/datasets/andrewmvd/retinal-disease-classification/versions/1/Test_Set/Test_Set/Test/551.png,False,0.06531802005013504,117.57243609024307,1.0845344175775384,0.09827035579298962,2.613169126192732
/home/carld/.cache/kagglehub/datasets/andrewmvd/retinal-disease-classification/versions/1/Test_Set/Test_Set/Test/552.png,False,0.0921760756953233,165.91693625158194,1.0805282936253986,0.1230711620159343,2.186059424350813
/home/carld/.cache/kagglehub/datasets/andrewmvd/retinal-disease-classification/versions/1/Test_Set/Test_Set/Test/555.png,False,0.05585637574638826,100.54147634349886,1.0866334831249804,0.09883650818464013,2.699426070256147
/home/carld/.cache/kagglehub/datasets/andrewmvd/retinal-disease-classification/versions/1/Test_Set/Test_Set/Test/556.png,False,0.06138839694739735,110.49911450531523,1.085387346312069,0.09187014081506967,2.058854308959654
/home/carld/.cache/kagglehub/datasets/andrewmvd/retinal-disease-classification/versions/1/Test_Set/Test_Set/Test/557.png,False,0.07002364174794343,126.04255514629817,1.0761861731251758,0.11319497665993172,2.60203441789173
/home/carld/.cache/kagglehub/datasets/andrewmvd/retinal-disease-classification/versions/1/Test_Set/Test_Set/Test/558.png,False,0.0674935713999689,121.48842851994401,1.1069528212422222,0.07255308058839538,1.6584760578062945
/home/carld/.cache/kagglehub/datasets/andrewmvd/retinal-disease-classification/versions/1/Test_Set/Test_Set/Test/559.png,False,0.06094041938990192,109.69275490182345,1.118400333493892,0.0938909445074025,2.15434888473214
/home/carld/.cache/kagglehub/datasets/andrewmvd/retinal-disease-classification/versions/1/Test_Set/Test_Set/Test/561.png,False,0.053956704795675936,97.12206863221668,1.0861837911876264,0.08119563189181024,2.107594430573203
/home/carld/.cache/kagglehub/datasets/andrewmvd/retinal-disease-classification/versions/1/Test_Set/Test_Set/Test/562.png,False,0.05069520291554402,91.25136524797924,1.1013644995855727,0.0964610321406064,3.3490595896645896
/home/carld/.cache/kagglehub/datasets/andrewmvd/retinal-disease-classification/versions/1/Test_Set/Test_Set/Test/563.png,False,0.05863512329190795,105.54322192543431,1.1170250759648486,0.0838622424909577,2.0293756880012577
/home/carld/.cache/kagglehub/datasets/andrewmvd/retinal-disease-classification/versions/1/Test_Set/Test_Set/Test/564.png,False,0.06981730772778878,125.67115391001981,1.113775400566253,0.12111930444429705,2.538115077809868
/home/carld/.cache/kagglehub/datasets/andrewmvd/retinal-disease-classification/versions/1/Test_Set/Test_Set/Test/565.png,False,0.06351018558114262,114.3183340460567,1.107116296188333,0.08125039922562513,2.2009149022941346
/home/carld/.cache/kagglehub/datasets/andrewmvd/retinal-disease-classification/versions/1/Test_Set/Test_Set/Test/566.png,False,0.08398665322197807,151.17597579956052,1.1020371263339912,0.13681195177064367,2.8740829483248427
/home/carld/.cache/kagglehub/datasets/andrewmvd/retinal-disease-classification/versions/1/Test_Set/Test_Set/Test/568.png,False,0.0682821601044898,122.90788818808164,1.0908227110850262,0.1220561879244514,2.5458272643901387
/home/carld/.cache/kagglehub/datasets/andrewmvd/retinal-disease-classification/versions/1/Test_Set/Test_Set/Test/569.png,False,0.06783951341716292,122.11112415089326,1.1069269400819348,0.12109185257146919,2.4452592794436483
/home/carld/.cache/kagglehub/datasets/andrewmvd/retinal-disease-classification/versions/1/Test_Set/Test_Set/Test/571.png,False,0.06985515168627854,125.73927303530137,1.097521326321052,0.12283540193348845,2.5864152712429322
/home/carld/.cache/kagglehub/datasets/andrewmvd/retinal-disease-classification/versions/1/Test_Set/Test_Set/Test/572.png,False,0.05824743287037995,104.84537916668391,1.0971384724671667,0.09703612138597419,2.4022891975541634
/home/carld/.cache/kagglehub/datasets/andrewmvd/retinal-disease-classification/versions/1/Test_Set/Test_Set/Test/574.png,False,0.08021854245385458,144.39337641693825,1.078972892348171,0.12964481322357416,2.181660162015021
/home/carld/.cache/kagglehub/datasets/andrewmvd/retinal-disease-classification/versions/1/Test_Set/Test_Set/Test/575.png,False,0.07727328936258951,139.0919208526611,1.1085506812813708,0.1368452030606239,2.31191638960915
/home/carld/.cache/kagglehub/datasets/andrewmvd/retinal-disease-classification/versions/1/Test_Set/Test_Set/Test/576.png,False,0.07260045138272372,130.68081248890272,1.0823657133905773,0.1147650464521341,2.64995287464656
/home/carld/.cache/kagglehub/datasets/andrewmvd/retinal-disease-classification/versions/1/Test_Set/Test_Set/Test/577.png,False,0.07088901504637703,127.60022708347864,1.080400950082756,0.10594910782624312,2.5677671497047467
/home/carld/.cache/kagglehub/datasets/andrewmvd/retinal-disease-classification/versions/1/Test_Set/Test_Set/Test/578.png,False,0.05141753463421838,92.55156234159308,1.0912783961331212,0.09141103386343115,2.355144152723433
/home/carld/.cache/kagglehub/datasets/andrewmvd/retinal-disease-classification/versions/1/Test_Set/Test_Set/Test/579.png,False,0.0425059983379952,76.51079700839135,1.1086622204023453,0.08385507089565085,3.1459373324742903
/home/carld/.cache/kagglehub/datasets/andrewmvd/retinal-disease-classification/versions/1/Test_Set/Test_Set/Test/580.png,False,0.09707059509070345,174.72707116326623,1.0915082277085828,0.15716341171380563,2.2792115669051283
/home/carld/.cache/kagglehub/datasets/andrewmvd/retinal-disease-classification/versions/1/Test_Set/Test_Set/Test/581.png,False,0.09344807037940392,168.20652668292706,1.1139761378119455,0.12589232303090728,1.8578464606181457
/home/carld/.cache/kagglehub/datasets/andrewmvd/retinal-disease-classification/versions/1/Test_Set/Test_Set/Test/582.png,False,0.054483645780074995,98.07056240413499,1.092170558001231,0.11176902011182958,3.2810273249046222
/home/carld/.cache/kagglehub/datasets/andrewmvd/retinal-disease-classification/versions/1/Test_Set/Test_Set/Test/583.png,False,0.07539994386756944,135.719898961625,1.1044725694890445,0.10878740123483442,2.0692219679633865
/home/carld/.cache/kagglehub/datasets/andrewmvd/retinal-disease-classification/versions/1/Test_Set/Test_Set/Test/584.png,False,0.0822893764033462,148.12087752602315,1.1054876814836998,0.10053034646572201,2.109406994839872
/home/carld/.cache/kagglehub/datasets/andrewmvd/retinal-disease-classification/versions/1/Test_Set/Test_Set/Test/585.png,False,0.0895042875979809,161.10771767636564,1.0779788675406672,0.11208831112240822,2.16201024002324
/home/carld/.cache/kagglehub/datasets/andrewmvd/retinal-disease-classification/versions/1/Test_Set/Test_Set/Test/587.png,False,0.06750175579875506,121.5031604377591,1.0911100211809985,0.10918712765480922,2.139064329730664
/home/carld/.cache/kagglehub/datasets/andrewmvd/retinal-disease-classification/versions/1/Test_Set/Test_Set/Test/588.png,False,0.08670913498356657,156.07644297041983,1.1945808948326981,0.1459231009543121,2.8710116651242847
/home/carld/.cache/kagglehub/datasets/andrewmvd/retinal-disease-classification/versions/1/Test_Set/Test_Set/Test/590.png,False,0.055807422541972226,100.45336057555001,1.093974971675684,0.10496600924178026,2.274138070807324
/home/carld/.cache/kagglehub/datasets/andrewmvd/retinal-disease-classification/versions/1/Test_Set/Test_Set/Test/591.png,False,0.061383880990924254,110.49098578366366,1.0738470603987635,0.07998228471159398,1.8728311385436465
/home/carld/.cache/kagglehub/datasets/andrewmvd/retinal-disease-classification/versions/1/Test_Set/Test_Set/Test/592.png,False,0.06710130015229868,120.78234027413762,1.1144856989506962,0.09668982427462199,2.1163407087395645
/home/carld/.cache/kagglehub/datasets/andrewmvd/retinal-disease-classification/versions/1/Test_Set/Test_Set/Test/593.png,False,0.0631745942154823,113.71426958786815,1.086937286431829,0.08158454284921882,2.045730485963453
/home/carld/.cache/kagglehub/datasets/andrewmvd/retinal-disease-classification/versions/1/Test_Set/Test_Set/Test/594.png,False,0.08597947181539332,154.76304926770797,1.0968636076889478,0.11643148344361567,2.208303803863507
/home/carld/.cache/kagglehub/datasets/andrewmvd/retinal-disease-classification/versions/1/Test_Set/Test_Set/Test/614.png,False,0.0823480399080025,148.22647183440452,1.1010489894501563,0.12393821127545833,2.0526220852054706
/home/carld/.cache/kagglehub/datasets/andrewmvd/retinal-disease-classification/versions/1/Test_Set/Test_Set/Test/615.png,False,0.06758757675586104,121.65763816054987,1.0891187682031387,0.10399074000999659,1.9296819509115304
/home/carld/.cache/kagglehub/datasets/andrewmvd/retinal-disease-classification/versions/1/Test_Set/Test_Set/Test/616.png,False,0.05802782516033329,104.45008528859992,1.1107810925383406,0.0880361295613841,2.050158363594179
/home/carld/.cache/kagglehub/datasets/andrewmvd/retinal-disease-classification/versions/1/Test_Set/Test_Set/Test/617.png,False,0.08065919842280395,145.1865571610471,1.0905836136757532,0.1310434709492979,2.370484038229771
/home/carld/.cache/kagglehub/datasets/andrewmvd/retinal-disease-classification/versions/1/Test_Set/Test_Set/Test/618.png,False,0.04400201507334439,79.2036271320199,1.100545033494649,0.029845662793639673,0.6828594227438158
/home/carld/.cache/kagglehub/datasets/andrewmvd/retinal-disease-classification/versions/1/Test_Set/Test_Set/Test/619.png,False,0.052923403089008635,95.26212556021554,1.1281864983420467,0.08638799763394217,2.501299539335711
/home/carld/.cache/kagglehub/datasets/andrewmvd/retinal-disease-classification/versions/1/Test_Set/Test_Set/Test/620.png,False,0.06645080299242169,119.61144538635904,1.0920113402389398,0.11912772499758698,2.438688416088689
/home/carld/.cache/kagglehub/datasets/andrewmvd/retinal-disease-classification/versions/1/Test_Set/Test_Set/Test/621.png,False,0.07808330432087385,140.54994777757292,1.0997493892843362,0.11087106588602255,2.3696341369877025
/home/carld/.cache/kagglehub/datasets/andrewmvd/retinal-disease-classification/versions/1/Test_Set/Test_Set/Test/622.png,False,0.06968114731159616,125.4260651608731,1.0892774771366733,0.09917045832870935,1.9129119964487848
/home/carld/.cache/kagglehub/datasets/andrewmvd/retinal-disease-classification/versions/1/Test_Set/Test_Set/Test/623.png,False,0.03320315032223471,59.76567058002248,1.0923338613133415,0.0353485327430427,0.7862981369669512
/home/carld/.cache/kagglehub/datasets/andrewmvd/retinal-disease-classification/versions/1/Test_Set/Test_Set/Test/626.png,False,0.07238260735856726,130.28869324542106,1.0883709167215259,0.12251692375984907,2.451448229941183
/home/carld/.cache/kagglehub/datasets/andrewmvd/retinal-disease-classification/versions/1/Test_Set/Test_Set/Test/627.png,False,0.053364221659083826,96.05559898635089,1.0838630686537258,0.10259846623482988,2.7845004095004096
/home/carld/.cache/kagglehub/datasets/andrewmvd/retinal-disease-classification/versions/1/Test_Set/Test_Set/Test/628.png,False,0.07378136181662269,132.80645126992084,1.0942167233135696,0.10997572046870052,2.2062000774129986
/home/carld/.cache/kagglehub/datasets/andrewmvd/retinal-disease-classification/versions/1/Test_Set/Test_Set/Test/629.png,False,0.06174343936848191,111.13819086326744,1.0829529292883056,0.10154707634875623,2.218241860799024
/home/carld/.cache/kagglehub/datasets/linchundan/fundusimage1000/versions/4/1000images/0.0.Normal/1ffa9627-8d87-11e8-9daf-6045cb817f5b..JPG,False,0.09098325512273525,163.76985922092345,1.1397147640159415,0.15280727437679129,2.154869172560259
/home/carld/.cache/kagglehub/datasets/linchundan/fundusimage1000/versions/4/1000images/0.0.Normal/1ffa9628-8d87-11e8-9daf-6045cb817f5b..JPG,False,0.0815334814566153,146.76026662190756,1.0883991230244239,0.12491172613242761,2.269142818710697
/home/carld/.cache/kagglehub/datasets/linchundan/fundusimage1000/versions/4/1000images/0.0.Normal/1ffa9629-8d87-11e8-9daf-6045cb817f5b..JPG,False,0.08533209445429783,153.5977700177361,1.1078190393366398,0.1490434177232137,2.7810236568353126
/home/carld/.cache/kagglehub/datasets/linchundan/fundusimage1000/versions/4/1000images/0.0.Normal/1ffa962a-8d87-11e8-9daf-6045cb817f5b..JPG,False,0.11020174646765236,198.36314364177426,1.1000927768695925,0.15107041182334865,2.556100268245306
/home/carld/.cache/kagglehub/datasets/linchundan/fundusimage1000/versions/4/1000images/0.0.Normal/1ffa962b-8d87-11e8-9daf-6045cb817f5b..JPG,False,0.07351501643309119,132.32702957956414,1.1006279452582541,0.13823766120747755,3.2179073617263514
/home/carld/.cache/kagglehub/datasets/linchundan/fundusimage1000/versions/4/1000images/0.0.Normal/1ffa962d-8d87-11e8-9daf-6045cb817f5b..JPG,False,0.04389389266682028,79.00900680027651,1.0850709623093766,0.10647714938054423,4.095725567990418
/home/carld/.cache/kagglehub/datasets/linchundan/fundusimage1000/versions/4/1000images/0.0.Normal/1ffa962e-8d87-11e8-9daf-6045cb817f5b..JPG,False,0.07087985919072078,127.5837465432974,1.0955450320335929,0.1365407599931703,3.7738991861281326
/home/carld/.cache/kagglehub/datasets/linchundan/fundusimage1000/versions/4/1000images/0.0.Normal/1ffa962f-8d87-11e8-9daf-6045cb817f5b..JPG,False,0.056757845095734095,102.16412117232137,1.0981700874906553,0.1211348562011158,3.7076404555094764
/home/carld/.cache/kagglehub/datasets/linchundan/fundusimage1000/versions/4/1000images/0.0.Normal/1ffa9630-8d87-11e8-9daf-6045cb817f5b..JPG,False,0.05655287477705214,101.79517459869385,1.1556686977726418,0.11885644509757985,3.9108257193363576
/home/carld/.cache/kagglehub/datasets/linchundan/fundusimage1000/versions/4/1000images/0.0.Normal/1ffa9631-8d87-11e8-9daf-6045cb817f5b..JPG,False,0.04578867725942327,82.41961906696189,1.0881523079967412,0.12168997322225528,4.287572720884741
/home/carld/.cache/kagglehub/datasets/linchundan/fundusimage1000/versions/4/1000images/0.0.Normal/1ffa9632-8d87-11e8-9daf-6045cb817f5b..JPG,False,0.06584711869557698,118.52481365203856,1.10020955824476,0.13555610481629396,3.416997307176959
/home/carld/.cache/kagglehub/datasets/linchundan/fundusimage1000/versions/4/1000images/0.0.Normal/1ffa9633-8d87-11e8-9daf-6045cb817f5b..JPG,False,0.05182097551408508,93.27775592535315,1.1186871057747831,0.1211422196801747,3.678321744432837
/home/carld/.cache/kagglehub/datasets/linchundan/fundusimage1000/versions/4/1000images/0.0.Normal/1ffa9634-8d87-11e8-9daf-6045cb817f5b..JPG,False,0.07516072577203227,135.2893063896581,1.0927071023192185,0.14532788407950956,3.20913988482259
/home/carld/.cache/kagglehub/datasets/linchundan/fundusimage1000/versions/4/1000images/0.0.Normal/1ffa9636-8d87-11e8-9daf-6045cb817f5b..JPG,False,0.06050061935033554,108.90111483060397,1.1075341315043328,0.11079682556705453,3.139801955422096
/home/carld/.cache/kagglehub/datasets/linchundan/fundusimage1000/versions/4/1000images/0.0.Normal/1ffa9638-8d87-11e8-9daf-6045cb817f5b..JPG,False,0.07102922537387946,127.85260567298302,1.0909748944931712,0.1127077552462295,2.9058100246713807
/home/carld/.cache/kagglehub/datasets/linchundan/fundusimage1000/versions/4/1000images/0.0.Normal/1ffa9639-8d87-11e8-9daf-6045cb817f5b..JPG,False,0.05655287477705214,101.79517459869385,1.1556686977726418,0.11885644509757985,3.9108257193363576
/home/carld/.cache/kagglehub/datasets/linchundan/fundusimage1000/versions/4/1000images/0.0.Normal/1ffa963a-8d87-11e8-9daf-6045cb817f5b..JPG,False,0.06440781096302013,115.93405973343624,1.10451631841201,0.1252972512694836,3.288725739623464
/home/carld/.cache/kagglehub/datasets/linchundan/fundusimage1000/versions/4/1000images/0.0.Normal/1ffa963f-8d87-11e8-9daf-6045cb817f5b..JPG,False,0.05072816954718696,91.31070518493652,1.097415951932624,0.10734541314548095,3.4349611361553043
/home/carld/.cache/kagglehub/datasets/linchundan/fundusimage1000/versions/4/1000images/0.0.Normal/1ffa9640-8d87-11e8-9daf-6045cb817f5b..JPG,False,0.0722360069101507,130.02481243827125,1.1110751045694387,0.13321349320796214,2.8878177903324573
/home/carld/.cache/kagglehub/datasets/linchundan/fundusimage1000/versions/4/1000images/0.0.Normal/1ffa9641-8d87-11e8-9daf-6045cb817f5b..JPG,False,0.06677088184633116,120.18758732339609,1.0762149871505058,0.13666333494914484,3.799968255738633
/home/carld/.cache/kagglehub/datasets/linchundan/fundusimage1000/versions/4/1000images/0.0.Normal/1ffa9642-8d87-11e8-9daf-6045cb817f5b..JPG,False,0.06626184188311374,119.27131538960472,1.1057605043902266,0.1334500396906756,3.23410138733368
/home/carld/.cache/kagglehub/datasets/linchundan/fundusimage1000/versions/4/1000images/0.0.Normal/1ffa9643-8d87-11e8-9daf-6045cb817f5b..JPG,False,0.10597273732861903,190.75092719151425,1.2088639777072172,0.18298990748528174,2.796257359125315
/home/carld/.cache/kagglehub/datasets/linchundan/fundusimage1000/versions/4/1000images/0.0.Normal/1ffa9644-8d87-11e8-9daf-6045cb817f5b..JPG,False,0.06099968864804222,109.799439566476,1.0842735032798978,0.12072884054219836,3.7069817080737635
/home/carld/.cache/kagglehub/datasets/linchundan/fundusimage1000/versions/4/1000images/0.0.Normal/1ffa9647-8d87-11e8-9daf-6045cb817f5b..JPG,False,0.05976829751890306,107.58293553402551,1.105860795646182,0.12096818456246913,2.9943101776468652
/home/carld/.cache/kagglehub/datasets/linchundan/fundusimage1000/versions/4/1000images/0.0.Normal/1ffa9649-8d87-11e8-9daf-6045cb817f5b..JPG,False,0.05824301731892122,104.8374311740582,1.0989490320823536,0.1159192424513132,2.7493810459685037
/home/carld/.cache/kagglehub/datasets/linchundan/fundusimage1000/versions/4/1000images/0.0.Normal/1ffa964a-8d87-11e8-9daf-6045cb817f5b..JPG,False,0.05751422410288816,103.52560338519869,1.0945163611735071,0.1151670299283338,3.306160153113283
/home/carld/.cache/kagglehub/datasets/linchundan/fundusimage1000/versions/4/1000images/0.0.Normal/1ffa964b-8d87-11e8-9daf-6045cb817f5b..JPG,False,0.07172515857144722,129.105285428605,1.108920740036226,0.14041923923837485,3.314645308924485
/home/carld/.cache/kagglehub/datasets/linchundan/fundusimage1000/versions/4/1000images/0.0.Normal/1ffa964c-8d87-11e8-9daf-6045cb817f5b..JPG,False,0.06375594577979092,114.76070240362365,1.10410021140054,0.11534921034903035,2.823294060775612
/home/carld/.cache/kagglehub/datasets/linchundan/fundusimage1000/versions/4/1000images/0.0.Normal/1ffa9651-8d87-11e8-9daf-6045cb817f5b..JPG,False,0.07517528664218923,135.3155159559406,1.0834538339896416,0.11707847487077491,2.3811511687630453
/home/carld/.cache/kagglehub/datasets/linchundan/fundusimage1000/versions/4/1000images/0.0.Normal/1ffa9652-8d87-11e8-9daf-6045cb817f5b..JPG,False,0.06699227159889183,120.5860888780053,1.1030291454271073,0.15150890891161334,4.1624407310846046
/home/carld/.cache/kagglehub/datasets/linchundan/fundusimage1000/versions/4/1000images/0.0.Normal/1ffa9654-8d87-11e8-9daf-6045cb817f5b..JPG,False,0.054933941816981836,98.8810952705673,1.081683427570442,0.12634082156773763,4.39021298495846
/home/carld/.cache/kagglehub/datasets/linchundan/fundusimage1000/versions/4/1000images/0.0.Normal/1ffa9655-8d87-11e8-9daf-6045cb817f5b..JPG,False,0.06366349178585198,114.59428521453357,1.070065006606672,0.13718644216269654,3.280936559482915
/home/carld/.cache/kagglehub/datasets/linchundan/fundusimage1000/versions/4/1000images/0.0.Normal/1ffa9656-8d87-11e8-9daf-6045cb817f5b..JPG,False,0.05760449199049685,103.68808558289433,1.0968216287630872,0.14533968868560732,4.147711476793636
/home/carld/.cache/kagglehub/datasets/linchundan/fundusimage1000/versions/4/1000images/0.0.Normal/1ffa9657-8d87-11e8-9daf-6045cb817f5b..JPG,False,0.07344460891465009,132.20029604637014,1.1230355911875376,0.15082326222726905,4.045085338864235
/home/carld/.cache/kagglehub/datasets/linchundan/fundusimage1000/versions/4/1000images/0.0.Normal/1ffa9658-8d87-11e8-9daf-6045cb817f5b..JPG,False,0.07297191571216194,131.34944828189148,1.097592307304312,0.12774171935848583,2.294778275616599
/home/carld/.cache/kagglehub/datasets/linchundan/fundusimage1000/versions/4/1000images/0.0.Normal/1ffa9659-8d87-11e8-9daf-6045cb817f5b..JPG,False,0.05632366328478948,101.38259391262106,1.1163862155421513,0.11764549243079872,3.475681361257939
/home/carld/.cache/kagglehub/datasets/linchundan/fundusimage1000/versions/4/1000images/0.0.Normal/1ffa965a-8d87-11e8-9daf-6045cb817f5b..JPG,False,0.0644802425846909,116.06443665244362,1.0893030816022091,0.14358050423334628,3.3114895020077486
/home/carld/.cache/kagglehub/datasets/linchundan/fundusimage1000/versions/4/1000images/0.0.Normal/1ffa965b-8d87-11e8-9daf-6045cb817f5b..JPG,False,0.10501688056521946,189.03038501739502,1.0681976643361455,0.1695480866193303,2.4715825804908986
