chemin,diametre_estime,crae_um,crve_um,avr,calibre_zone_b,calibre_zone_b_um,tortuosite_zone_c,densite_zone_c,longueur_zone_c
/home/carld/.cache/kagglehub/datasets/andrewmvd/retinal-disease-classification/versions/1/Training_Set/Training_Set/Training/10.png,False,147.13932444003407,240.36763852070536,0.6121428214944976,0.06545613236623267,117.82103825921881,1.1169527123681926,0.08638456082653066,1.9681332134677154
/home/carld/.cache/kagglehub/datasets/andrewmvd/retinal-disease-classification/versions/1/Training_Set/Training_Set/Training/16.png,False,101.01916680390592,180.50973929774577,0.5596327776933833,0.050266571005676025,90.47982781021685,1.1018992906265526,0.08849486367586981,2.8513548179600963
/home/carld/.cache/kagglehub/datasets/andrewmvd/retinal-disease-classification/versions/1/Training_Set/Training_Set/Training/17.png,False,133.74372757160185,189.19609109429462,0.7069053424837646,0.05396233811790561,97.13220861223009,1.090151899206256,0.07984514261064114,2.0615554466955714
/home/carld/.cache/kagglehub/datasets/andrewmvd/retinal-disease-classification/versions/1/Training_Set/Training_Set/Training/21.png,False,179.79324104501163,270.9459866253959,0.6635759521088235,0.0700613678547374,126.11046213852732,1.0988936907667952,0.12214743261402737,2.7162648315426012
/home/carld/.cache/kagglehub/datasets/andrewmvd/retinal-disease-classification/versions/1/Training_Set/Training_Set/Training/28.png,True,142.2930979852068,229.96764108924256,0.6187526962977705,0.061124287134834934,110.02371684270288,1.1189396668373082,0.0875471174816888,1.9587483856323813
/home/carld/.cache/kagglehub/datasets/andrewmvd/retinal-disease-classification/versions/1/Training_Set/Training_Set/Training/68.png,False,146.6668163733225,254.59410356691487,0.5760809630643081,0.06783857540777552,122.10943573399594,1.1243075650943817,0.09374264641615739,2.3077916053167673
/home/carld/.cache/kagglehub/datasets/andrewmvd/retinal-disease-classification/versions/1/Training_Set/Training_Set/Training/81.png,True,212.0647066851112,223.61151097343182,0.9483622098072914,0.07257575942184108,130.63636695931393,1.0888570383936522,0.10606993706818575,1.9754009365232097
/home/carld/.cache/kagglehub/datasets/andrewmvd/retinal-disease-classification/versions/1/Training_Set/Training_Set/Training/83.png,False,119.73698714978973,215.17651568169853,0.5564593643988156,0.05571830330263589,100.2929459447446,1.0879372104223253,0.09776472842140907,2.863945608540101
/home/carld/.cache/kagglehub/datasets/andrewmvd/retinal-disease-classification/versions/1/Training_Set/Training_Set/Training/90.png,False,142.90869043948592,210.17203552321533,0.6799605384404265,0.05563617998094701,100.14512396570463,1.1307660946980373,0.09806829210615772,2.613574669550352
/home/carld/.cache/kagglehub/datasets/andrewmvd/retinal-disease-classification/versions/1/Training_Set/Training_Set/Training/91.png,False,187.547380608008,218.87252657221146,0.856879497601685,0.06515045545587493,117.27081982057487,1.0775811279910696,0.09549206349206349,2.1991314285714285
/home/carld/.cache/kagglehub/datasets/andrewmvd/retinal-disease-classification/versions/1/Training_Set/Training_Set/Training/92.png,False,144.37689578609732,196.67022214543027,0.7341065373858987,0.053465363345568694,96.23765402202365,1.0798604418042448,0.0877074251492478,2.964743868457766
/home/carld/.cache/kagglehub/datasets/andrewmvd/retinal-disease-classification/versions/1/Training_Set/Training_Set/Training/93.png,False,110.66893299411848,146.57447255132752,0.7550355192672747,0.0417735292097178,75.19235257749204,1.0973320808870348,0.0867082307329596,3.169736953464098
/home/carld/.cache/kagglehub/datasets/andrewmvd/retinal-disease-classification/versions/1/Training_Set/Training_Set/Training/94.png,False,99.9385840168088,159.11330015394665,0.6280969844765673,0.04181061952542036,75.25911514575665,1.0936136845420568,0.08953488372093023,3.791205877478871
/home/carld/.cache/kagglehub/datasets/andrewmvd/retinal-disease-classification/versions/1/Training_Set/Training_Set/Training/115.png,False,143.5305450293269,251.03309752998018,0.5717594470274401,0.06436743100484212,115.8613758087158,1.0743352122933187,0.11039637438509615,2.8321026166817553
/home/carld/.cache/kagglehub/datasets/andrewmvd/retinal-disease-classification/versions/1/Training_Set/Training_Set/Training/116.png,False,153.57918651442134,289.7973382807831,0.5299537512163734,0.07622443621431417,137.2039851857655,1.1064291659392305,0.12103364801808288,1.9167919313387967
/home/carld/.cache/kagglehub/datasets/andrewmvd/retinal-disease-classification/versions/1/Training_Set/Training_Set/Training/117.png,False,127.03476351341295,175.25434638687616,0.7248594179398103,0.053361806511319304,96.05125172037475,1.0952913138514235,0.09695829032845607,2.9172858590623143
/home/carld/.cache/kagglehub/datasets/andrewmvd/retinal-disease-classification/versions/1/Training_Set/Training_Set/Training/118.png,False,138.82199847736868,181.54458974449363,0.7646716361679913,0.05565713569161973,100.18284424491551,1.0869374273752865,0.09103524051735978,2.4848614011906283
/home/carld/.cache/kagglehub/datasets/andrewmvd/retinal-disease-classification/versions/1/Training_Set/Training_Set/Training/126.png,False,109.58371396444821,193.33147628906178,0.5668177581213049,0.04986870877536727,89.76367579566109,1.1033120454525465,0.08941916964949595,3.206328785599419
/home/carld/.cache/kagglehub/datasets/andrewmvd/retinal-disease-classification/versions/1/Training_Set/Training_Set/Training/138.png,False,88.52800268271555,158.4022347461168,0.5588810209944706,0.04082603415343987,73.48686147619176,1.0990759556460297,0.08549489459815547,3.2562747035573123
/home/carld/.cache/kagglehub/datasets/andrewmvd/retinal-disease-classification/versions/1/Training_Set/Training_Set/Training/148.png,False,154.252955024214,335.96901816783725,0.45912851091273876,0.08693660978685346,156.48589761633622,1.2158503335857624,0.10072747263986909,2.119208346118441
/home/carld/.cache/kagglehub/datasets/andrewmvd/retinal-disease-classification/versions/1/Training_Set/Training_Set/Training/153.png,False,259.12051707618093,257.04946232883236,1.0080570281244128,0.09051059239299586,162.91906630739254,1.1081561662657402,0.11182495686332097,2.0938543999412604
/home/carld/.cache/kagglehub/datasets/andrewmvd/retinal-disease-classification/versions/1/Training_Set/Training_Set/Training/154.png,False,199.55187687120215,293.64176094073457,0.6795759439389736,0.08481259863505992,152.66267754310786,1.0892290251877026,0.11701819417107116,1.9152737118706724
/home/carld/.cache/kagglehub/datasets/andrewmvd/retinal-disease-classification/versions/1/Training_Set/Training_Set/Training/159.png,False,151.93531478853555,209.18744121380362,0.7263118373977693,0.05912273886513575,106.42092995724435,1.1057307574112551,0.09801522329826517,2.3286769316519194
/home/carld/.cache/kagglehub/datasets/andrewmvd/retinal-disease-classification/versions/1/Training_Set/Training_Set/Training/160.png,False,155.96110115281394,223.3814645315463,0.6981828213897704,0.06228526770058325,112.11348186104985,1.0949704462211514,0.09438793283634084,2.188915209363896
/home/carld/.cache/kagglehub/datasets/andrewmvd/retinal-disease-classification/versions/1/Training_Set/Training_Set/Training/167.png,False,101.95507975326449,165.79954900198484,0.6149297773544845,0.045706224798709706,82.27120463767747,1.096901647251142,0.08565881353626205,2.7830601836360227
/home/carld/.cache/kagglehub/datasets/andrewmvd/retinal-disease-classification/versions/1/Training_Set/Training_Set/Training/175.png,False,168.26250944043448,202.62229981004674,0.8304244379724064,0.06341467963324653,114.14642333984375,1.1423824781175074,0.0886003725478131,1.6161526886652609
/home/carld/.cache/kagglehub/datasets/andrewmvd/retinal-disease-classification/versions/1/Training_Set/Training_Set/Training/179.png,True,278.21291737413316,330.4789400706038,0.8418476448595953,0.10754001471746605,193.5720264914389,1.159218997258492,0.10799989178367557,1.2667315840592746
/home/carld/.cache/kagglehub/datasets/andrewmvd/retinal-disease-classification/versions/1/Training_Set/Training_Set/Training/206.png,False,98.61505066425816,128.31066099215653,0.7685647466993126,0.03993016756497897,71.87430161696214,1.0896416938810374,0.059395712727577814,1.6251363369410186
/home/carld/.cache/kagglehub/datasets/andrewmvd/retinal-disease-classification/versions/1/Training_Set/Training_Set/Training/209.png,False,121.26600728643697,184.85390039478887,0.6560100004784942,0.04965575964022906,89.3803673524123,1.1044686478325443,0.08487349627899425,2.3604426451873075
/home/carld/.cache/kagglehub/datasets/andrewmvd/retinal-disease-classification/versions/1/Training_Set/Training_Set/Training/218.png,True,173.10344529954494,221.32077373534472,0.78213826193533,0.07325716952738488,131.8629051492928,1.1015474020378455,0.047490635476176817,0.9257315491177003
/home/carld/.cache/kagglehub/datasets/andrewmvd/retinal-disease-classification/versions/1/Training_Set/Training_Set/Training/230.png,False,131.07736787154508,220.1521828228927,0.5953943594417764,0.05608948888299672,100.9610799893941,1.0957703357745043,0.08042480301473107,2.3194610026264706
/home/carld/.cache/kagglehub/datasets/andrewmvd/retinal-disease-classification/versions/1/Training_Set/Training_Set/Training/238.png,True,674.2484043943543,658.8679870503603,1.0233437010847188,0.22091323399428886,397.64382118972,1.1258381591575313,0.17682380652224397,1.1790152288660092
/home/carld/.cache/kagglehub/datasets/andrewmvd/retinal-disease-classification/versions/1/Training_Set/Training_Set/Training/239.png,True,259.7396150543903,245.11464721466024,1.0596658257918066,0.08580783617735394,154.45410511923708,1.0966529809108472,0.06665380906460945,0.7992002649196815
/home/carld/.cache/kagglehub/datasets/andrewmvd/retinal-disease-classification/versions/1/Training_Set/Training_Set/Training/248.png,False,114.63160672425457,160.6114526626443,0.7137200045443339,0.04694428248105994,84.49970846590789,1.0893687138088541,0.08153672823299704,2.358192672196251
/home/carld/.cache/kagglehub/datasets/andrewmvd/retinal-disease-classification/versions/1/Training_Set/Training_Set/Training/255.png,False,91.81595666323281,222.38446101163117,0.41287037882755057,0.058229591535485306,104.81326476387355,1.115838874930486,0.08513466501202041,2.284367227619438
/home/carld/.cache/kagglehub/datasets/andrewmvd/retinal-disease-classification/versions/1/Training_Set/Training_Set/Training/256.png,False,205.36554773930854,166.6692405797204,1.2321742573794179,0.06541413673456165,117.74544612221096,1.082308029605741,0.09274260313578643,2.578063505406748
/home/carld/.cache/kagglehub/datasets/andrewmvd/retinal-disease-classification/versions/1/Training_Set/Training_Set/Training/257.png,False,125.37462903527785,200.93204136224057,0.6239653376598722,0.052684116251591785,94.83140925286521,1.0877851843138502,0.0947034230095719,2.668552256300986
/home/carld/.cache/kagglehub/datasets/andrewmvd/retinal-disease-classification/versions/1/Training_Set/Training_Set/Training/258.png,False,143.21560912163318,190.634091212866,0.751259169912666,0.05247101624806722,94.447829246521,1.085253868028726,0.09710925237915483,2.7178987940317483
/home/carld/.cache/kagglehub/datasets/andrewmvd/retinal-disease-classification/versions/1/Training_Set/Training_Set/Training/266.png,False,173.25236954667506,280.20255835151147,0.618311162346104,0.07430505391323206,133.7490970438177,1.0831499266059184,0.10024590447823226,1.8233643888754199
/home/carld/.cache/kagglehub/datasets/andrewmvd/retinal-disease-classification/versions/1/Training_Set/Training_Set/Training/270.png,False,131.37054072747742,211.11217637388603,0.6222783687039266,0.05841035472022162,105.13863849639893,1.0988007528710066,0.09935150429740847,2.8568975245945882
/home/carld/.cache/kagglehub/datasets/andrewmvd/retinal-disease-classification/versions/1/Training_Set/Training_Set/Training/271.png,False,188.20839137810987,263.3053168923405,0.7147914580663937,0.06883265683145234,123.89878229661421,1.1532000285454105,0.11130240667653947,2.2926530344259066
/home/carld/.cache/kagglehub/datasets/andrewmvd/retinal-disease-classification/versions/1/Training_Set/Training_Set/Training/274.png,False,245.13024072797245,326.2573279512848,0.7513401837355026,0.09647350408593003,173.65230735467406,1.1049520126268955,0.11920568907485048,2.1229764726723634
/home/carld/.cache/kagglehub/datasets/andrewmvd/retinal-disease-classification/versions/1/Training_Set/Training_Set/Training/292.png,False,161.64357940013656,196.6550452450606,0.8219650769636004,0.057499381298190544,103.49888633674298,1.0978712485501592,0.10019065604926986,2.96438280366637
/home/carld/.cache/kagglehub/datasets/andrewmvd/retinal-disease-classification/versions/1/Training_Set/Training_Set/Training/293.png,False,123.23107461168476,196.90785881187765,0.6258311646637608,0.051632992632977374,92.93938673935928,1.0945003812816574,0.09941845684504894,3.1849243676115417
/home/carld/.cache/kagglehub/datasets/andrewmvd/retinal-disease-classification/versions/1/Training_Set/Training_Set/Training/313.png,True,115.62321217136945,211.87388376875367,0.5457171507629724,0.06053838964103531,108.96910135386356,1.1141774829490523,0.06386323136900918,1.3846929087162172
/home/carld/.cache/kagglehub/datasets/andrewmvd/retinal-disease-classification/versions/1/Training_Set/Training_Set/Training/314.png,False,47.376885665084764,52.888493323506715,0.8957881514092543,0.017445902520246467,31.40262453644364,1.100654320860741,0.040353084006469114,1.5819355630453933
/home/carld/.cache/kagglehub/datasets/andrewmvd/retinal-disease-classification/versions/1/Training_Set/Training_Set/Training/320.png,False,214.316540179254,326.7920032503836,0.6558194143295716,0.08744636593442974,157.40345868197352,1.1153541486415632,0.12106574130667666,2.3227981624243377
/home/carld/.cache/kagglehub/datasets/andrewmvd/retinal-disease-classification/versions/1/Training_Set/Training_Set/Training/325.png,False,170.1539645824395,214.24059779319234,0.7942190524817808,0.06682098560592756,120.27777409066961,1.0971032393765272,0.07538186690486824,1.2964537740062527
/home/carld/.cache/kagglehub/datasets/andrewmvd/retinal-disease-classification/versions/1/Training_Set/Training_Set/Training/336.png,False,,294.63532882481553,,0.08391597739651671,151.04875931373007,1.095429546071728,0.06658949001834998,0.8530154312245224
/home/carld/.cache/kagglehub/datasets/andrewmvd/retinal-disease-classification/versions/1/Training_Set/Training_Set/Training/339.png,False,157.25770388676537,350.8223450252125,0.44825452573570757,0.09061024365601715,163.09843858083087,1.079672374908308,0.13435727410721418,2.1741431652951984
/home/carld/.cache/kagglehub/datasets/andrewmvd/retinal-disease-classification/versions/1/Training_Set/Training_Set/Training/344.png,True,99.01410299638687,205.96402792222335,0.4807349321881431,0.052435204172935915,94.38336751128465,1.0821301835273776,0.06243116944965324,1.3129297260035933
/home/carld/.cache/kagglehub/datasets/andrewmvd/retinal-disease-classification/versions/1/Training_Set/Training_Set/Training/374.png,False,173.19798355552757,245.6444384978596,0.7050759407159821,0.07284641415817933,131.1235454847228,1.0909742793572301,0.10516333127972255,1.9496057759533716
/home/carld/.cache/kagglehub/datasets/andrewmvd/retinal-disease-classification/versions/1/Training_Set/Training_Set/Training/375.png,False,113.8180623439719,139.05935390740757,0.8184854822477995,0.04346268579840116,78.23283443712208,1.098502270293418,0.08715578939386918,2.921955760749144
/home/carld/.cache/kagglehub/datasets/andrewmvd/retinal-disease-classification/versions/1/Training_Set/Training_Set/Training/378.png,False,179.34068417504994,234.60068945587065,0.7644507976127864,0.06951980903500417,125.1356562630075,1.129725792036489,0.09313555847792869,2.1597461439759775
/home/carld/.cache/kagglehub/datasets/andrewmvd/retinal-disease-classification/versions/1/Training_Set/Training_Set/Training/406.png,False,230.63592788746433,316.7338323277306,0.7281695365237171,0.08962444002314132,161.32399204165438,1.114688339998538,0.14092058192225138,2.3184927259718577
/home/carld/.cache/kagglehub/datasets/andrewmvd/retinal-disease-classification/versions/1/Training_Set/Training_Set/Training/410.png,False,143.0204690110421,196.03422255736652,0.7295688841737278,0.057573700562501565,103.63266101250282,1.0889506919400964,0.08206403329653258,2.05949019569529
/home/carld/.cache/kagglehub/datasets/andrewmvd/retinal-disease-classification/versions/1/Training_Set/Training_Set/Training/414.png,False,177.35707680389748,231.47739834309132,0.7661960868465536,0.06802850993222029,122.45131787799652,1.1150453083850038,0.1001370504266611,2.1958523916145443
/home/carld/.cache/kagglehub/datasets/andrewmvd/retinal-disease-classification/versions/1/Training_Set/Training_Set/Training/420.png,False,,82.15272703141912,,0.030025923517015246,54.04666233062744,1.114516114868653,0.0376655492143948,1.3255757873783056
/home/carld/.cache/kagglehub/datasets/andrewmvd/retinal-disease-classification/versions/1/Training_Set/Training_Set/Training/421.png,False,92.90726740091583,100.77761469614548,0.921903814463564,0.03615549920310437,65.07989856558787,1.0915996198113997,0.04066063662879466,1.3382261580094557
/home/carld/.cache/kagglehub/datasets/andrewmvd/retinal-disease-classification/versions/1/Training_Set/Training_Set/Training/430.png,False,85.16165913187498,167.2860187964421,0.5090781629246725,0.04337091897250203,78.06765415050366,1.1334849172562038,0.09752444435521111,3.7137671411648965
/home/carld/.cache/kagglehub/datasets/andrewmvd/retinal-disease-classification/versions/1/Training_Set/Training_Set/Training/431.png,False,169.09149845917713,196.57091818515272,0.8602060773807224,0.05901720731154732,106.23097316078517,1.0858162271454423,0.0939583060299441,2.7901969911288464
/home/carld/.cache/kagglehub/datasets/andrewmvd/retinal-disease-classification/versions/1/Training_Set/Training_Set/Training/435.png,False,186.279123398673,345.11912791287045,0.5397531122809902,0.08840742263388127,159.1333607409863,1.106795578644655,0.14689496763416163,2.5658133221967008
/home/carld/.cache/kagglehub/datasets/andrewmvd/retinal-disease-classification/versions/1/Training_Set/Training_Set/Training/442.png,False,105.7422150090115,208.4577652612276,0.5072596594159076,0.055268632831858164,99.48353909734469,1.0936122271666948,0.07503388677403104,2.0821695844780397
/home/carld/.cache/kagglehub/datasets/andrewmvd/retinal-disease-classification/versions/1/Training_Set/Training_Set/Training/443.png,False,139.76816564719098,211.4116221996677,0.6611186470873723,0.056839396158854166,102.3109130859375,1.088862890393328,0.10369112928268295,3.234447779732947
/home/carld/.cache/kagglehub/datasets/andrewmvd/retinal-disease-classification/versions/1/Training_Set/Training_Set/Training/449.png,False,140.54222645631972,182.5366220317141,0.7699398887303928,0.05385529872698661,96.9395377085759,1.0887009705140398,0.09600277717120477,2.762333495708263
/home/carld/.cache/kagglehub/datasets/andrewmvd/retinal-disease-classification/versions/1/Training_Set/Training_Set/Training/452.png,False,138.89870721736244,157.1935829627609,0.8836156323904615,0.05047445378061068,90.85401680509923,1.1051718308058383,0.09369885433715221,2.201636661211129
/home/carld/.cache/kagglehub/datasets/andrewmvd/retinal-disease-classification/versions/1/Training_Set/Training_Set/Training/454.png,False,130.13839046695085,189.43588565107456,0.6869785522403878,0.05683632166880482,102.30537900384867,1.1237649617819447,0.08298615020830988,2.0520038457207694
/home/carld/.cache/kagglehub/datasets/andrewmvd/retinal-disease-classification/versions/1/Training_Set/Training_Set/Training/458.png,False,148.73103922652788,230.72461537192072,0.6446257976712982,0.06206343254605353,111.71417858289635,1.1151946407971722,0.09450063073169242,2.3564310625537432
/home/carld/.cache/kagglehub/datasets/andrewmvd/retinal-disease-classification/versions/1/Training_Set/Training_Set/Training/462.png,False,180.80900336032425,262.78287406005154,0.6880547448423352,0.07377007557795598,132.78613604032077,1.1072982565615204,0.1134617726575249,2.8579292203521933
/home/carld/.cache/kagglehub/datasets/andrewmvd/retinal-disease-classification/versions/1/Training_Set/Training_Set/Training/466.png,False,168.362526760693,244.1104192638335,0.689698240937137,0.06588464335533185,118.59235803959734,1.097832189771935,0.09871443920717451,2.3904411725005534
/home/carld/.cache/kagglehub/datasets/andrewmvd/retinal-disease-classification/versions/1/Training_Set/Training_Set/Training/470.png,False,188.2726629145378,323.2560928058032,0.5824257209829081,0.0888545036315918,159.93810653686523,1.0837517914944064,0.13103515057615958,2.217100803718408
/home/carld/.cache/kagglehub/datasets/andrewmvd/retinal-disease-classification/versions/1/Training_Set/Training_Set/Training/482.png,False,170.55635203168114,193.83796867013652,0.8798913505017439,0.059422153081649394,106.9598755469689,1.1047443683218765,0.10080085140348544,2.7601436743381664
/home/carld/.cache/kagglehub/datasets/andrewmvd/retinal-disease-classification/versions/1/Training_Set/Training_Set/Training/489.png,False,117.24992719922282,192.96761717433643,0.6076145257745162,0.05287214226192898,95.16985607147217,1.107929892634739,0.09421830438164376,3.1991783171456496
/home/carld/.cache/kagglehub/datasets/andrewmvd/retinal-disease-classification/versions/1/Training_Set/Training_Set/Training/498.png,False,258.48527661109966,553.1195939070411,0.46732258169567115,0.14566445544483214,262.19601980069785,1.0904375293473687,0.11167071720357827,1.5247530896116654
/home/carld/.cache/kagglehub/datasets/andrewmvd/retinal-disease-classification/versions/1/Training_Set/Training_Set/Training/529.png,False,106.86965675230995,113.44708144968946,0.9420220898296409,0.037942814143327834,68.2970654579901,1.0790206947279737,0.08472515934399077,2.955271291462711
/home/carld/.cache/kagglehub/datasets/andrewmvd/retinal-disease-classification/versions/1/Training_Set/Training_Set/Training/530.png,False,107.27969381450608,155.92334909120055,0.6880284090855278,0.042064759893656635,75.71656780858194,1.1203829985712568,0.09434263241528673,3.6985232313440615
/home/carld/.cache/kagglehub/datasets/andrewmvd/retinal-disease-classification/versions/1/Training_Set/Training_Set/Training/531.png,False,141.78295636848196,214.37241726753635,0.6613861903303405,0.059026509375121466,106.24771687521864,1.090990940396028,0.10274967241682088,2.690335958501628
/home/carld/.cache/kagglehub/datasets/andrewmvd/retinal-disease-classification/versions/1/Training_Set/Training_Set/Training/536.png,True,137.3108016599256,164.81188970836013,0.8331365043074345,0.05318325503111966,95.72985905601539,1.1222980652100771,0.08157271201500642,2.1234643470029115
/home/carld/.cache/kagglehub/datasets/andrewmvd/retinal-disease-classification/versions/1/Training_Set/Training_Set/Training/537.png,True,111.62659033871374,217.19158147210024,0.5139544985220937,0.061020547057105266,109.83698470278948,1.1034368821411487,0.07624318254732114,1.6279045248549642
/home/carld/.cache/kagglehub/datasets/andrewmvd/retinal-disease-classification/versions/1/Training_Set/Training_Set/Training/553.png,False,105.46457883128193,173.54285364590257,0.6077149050831688,0.04562873831402497,82.13172896524495,1.0802789432636477,0.09005350365010015,3.224203445558602
/home/carld/.cache/kagglehub/datasets/andrewmvd/retinal-disease-classification/versions/1/Training_Set/Training_Set/Training/569.png,False,137.58301679713276,227.1008895672811,0.6058233283862691,0.05951564739911984,107.12816531841571,1.113363599240939,0.10019954769189836,2.5380870027936675
/home/carld/.cache/kagglehub/datasets/andrewmvd/retinal-disease-classification/versions/1/Training_Set/Training_Set/Training/578.png,False,166.89333729762967,273.3559027130484,0.6105349679345452,0.07213165254303903,129.83697457747027,1.0996879941895625,0.09649308427755228,1.8889508749655335
/home/carld/.cache/kagglehub/datasets/andrewmvd/retinal-disease-classification/versions/1/Training_Set/Training_Set/Training/579.png,False,165.64025283254534,268.2320965418264,0.617525847831251,0.07144446517481949,128.6000373146751,1.0979893370962637,0.10366665969185272,2.0822609556890073
/home/carld/.cache/kagglehub/datasets/andrewmvd/retinal-disease-classification/versions/1/Training_Set/Training_Set/Training/582.png,False,144.03997040840954,195.6339896467494,0.7362727237148223,0.05457468827565511,98.2344388961792,1.143067008216515,0.07623065821167975,1.7769452420583636
/home/carld/.cache/kagglehub/datasets/andrewmvd/retinal-disease-classification/versions/1/Training_Set/Training_Set/Training/593.png,False,155.9495825374688,252.7445862821484,0.617024423080526,0.06616930236593324,119.10474425867983,1.0874347100583854,0.10023606912253201,2.0284962490202667
/home/carld/.cache/kagglehub/datasets/andrewmvd/retinal-disease-classification/versions/1/Training_Set/Training_Set/Training/594.png,False,169.71368812577657,264.6884691532176,0.6411827786405614,0.0685719837222183,123.42957069999295,1.0957157468752214,0.10127645280483709,2.210390773709551
/home/carld/.cache/kagglehub/datasets/andrewmvd/retinal-disease-classification/versions/1/Training_Set/Training_Set/Training/598.png,False,159.3378311910496,242.68821510155993,0.6565536407458847,0.06575786220571382,118.36415197028488,1.1644130302853646,0.10285047687970533,1.976647476264028
/home/carld/.cache/kagglehub/datasets/andrewmvd/retinal-disease-classification/versions/1/Training_Set/Training_Set/Training/601.png,False,171.76413704125127,336.1621938636585,0.5109561401509528,0.08744980854058415,157.40965537305146,1.1237854367050666,0.12704841743104545,2.5099909494129955
/home/carld/.cache/kagglehub/datasets/andrewmvd/retinal-disease-classification/versions/1/Training_Set/Training_Set/Training/605.png,False,149.8330859085697,170.50491742479431,0.8787610830910935,0.05539029864638065,99.70253756348517,1.0946141015684943,0.07542506498487238,2.159552657869443
/home/carld/.cache/kagglehub/datasets/andrewmvd/retinal-disease-classification/versions/1/Training_Set/Training_Set/Training/617.png,False,172.2123620317136,244.9591157003144,0.7030249171963865,0.07131155710371714,128.36080278669087,1.0915358192727764,0.10450656889703636,2.863198900091659
/home/carld/.cache/kagglehub/datasets/andrewmvd/retinal-disease-classification/versions/1/Training_Set/Training_Set/Training/641.png,False,105.89398878363235,194.7582657859238,0.5437201258509351,0.05306467427893983,95.5164137020917,1.0978419540367679,0.09510147597027807,2.4300131636682756
/home/carld/.cache/kagglehub/datasets/andrewmvd/retinal-disease-classification/versions/1/Training_Set/Training_Set/Training/642.png,False,223.345314602668,336.0785655189198,0.6645628061932877,0.09128564976631327,164.3141695793639,1.1043573669179736,0.12669412589085813,2.089299447967049
/home/carld/.cache/kagglehub/datasets/andrewmvd/retinal-disease-classification/versions/1/Training_Set/Training_Set/Training/649.png,False,94.00883965479535,156.0528718258473,0.6024165948045341,0.04380409413404425,78.84736944127965,1.0925718691668431,0.08384563474701333,2.576281618699434
/home/carld/.cache/kagglehub/datasets/andrewmvd/retinal-disease-classification/versions/1/Training_Set/Training_Set/Training/651.png,False,112.2163629163889,198.38047818938483,0.5656623269617338,0.05306691656667719,95.52044982001894,1.0926863353389513,0.08135356186917174,2.1080281762794244
/home/carld/.cache/kagglehub/datasets/andrewmvd/retinal-disease-classification/versions/1/Training_Set/Training_Set/Training/666.png,False,165.58142771992567,267.98500115002435,0.6178757281540144,0.06990114414330685,125.82205945795234,1.1059391526877806,0.10363366074519574,1.976486081036133
/home/carld/.cache/kagglehub/datasets/andrewmvd/retinal-disease-classification/versions/1/Training_Set/Training_Set/Training/680.png,False,195.74365285336413,193.26674851856345,1.0128159880258076,0.07216272878308669,129.89291180955604,1.1198346543947315,0.1204687448710514,2.2421848500432198
/home/carld/.cache/kagglehub/datasets/andrewmvd/retinal-disease-classification/versions/1/Training_Set/Training_Set/Training/684.png,False,269.85690858746096,416.734770238565,0.6475507393658995,0.11244073728235757,202.39332710824362,1.097691373116182,0.14399139594470628,1.7811237992808866
/home/carld/.cache/kagglehub/datasets/andrewmvd/retinal-disease-classification/versions/1/Training_Set/Training_Set/Training/690.png,False,189.8068878011649,372.1579189420479,0.5100170603402407,0.09869322481081468,177.6478046594664,1.0875087307854732,0.13348828317586808,1.8015635847746687
/home/carld/.cache/kagglehub/datasets/andrewmvd/retinal-disease-classification/versions/1/Training_Set/Training_Set/Training/692.png,False,168.0003501464208,290.1399020783291,0.5790322149521707,0.07817179217483057,140.70922591469503,1.1071323648934372,0.10476495565438054,2.0576116177985475
/home/carld/.cache/kagglehub/datasets/andrewmvd/retinal-disease-classification/versions/1/Training_Set/Training_Set/Training/693.png,False,129.55014809979187,300.64024287117064,0.43091419452886176,0.07667799464991835,138.02039036985303,1.0859011358512805,0.09744511907792468,2.0755469135066917
/home/carld/.cache/kagglehub/datasets/andrewmvd/retinal-disease-classification/versions/1/Training_Set/Training_Set/Training/701.png,False,105.13462310681516,237.8202863623069,0.4420759251237634,0.06152944988674587,110.75300979614256,1.1469700476961715,0.09301894181420946,2.488818352330111
/home/carld/.cache/kagglehub/datasets/andrewmvd/retinal-disease-classification/versions/1/Training_Set/Training_Set/Training/708.png,False,96.65034514159566,176.37800278906516,0.5479727835289201,0.047782977422078446,86.0093593597412,1.1009117805735755,0.06577075395559226,1.8961316841532312
/home/carld/.cache/kagglehub/datasets/andrewmvd/retinal-disease-classification/versions/1/Training_Set/Training_Set/Training/715.png,False,150.01477329825605,197.47654929103314,0.7596586725706362,0.05694690411225026,102.50442740205047,1.0933292099817695,0.08974087211301575,2.2945230322814654
/home/carld/.cache/kagglehub/datasets/andrewmvd/retinal-disease-classification/versions/1/Training_Set/Training_Set/Training/728.png,False,218.5322813305909,276.9307456237746,0.7891224964507149,0.078689592855948,141.6412671407064,1.106459376501397,0.11450504124656279,2.3338680109990833
/home/carld/.cache/kagglehub/datasets/andrewmvd/retinal-disease-classification/versions/1/Training_Set/Training_Set/Training/730.png,False,168.57435640394473,261.30075198829184,0.6451353665124473,0.07442507556840486,133.96513602312874,1.1188111741190425,0.13537266770878373,2.607925632753517
/home/carld/.cache/kagglehub/datasets/andrewmvd/retinal-disease-classification/versions/1/Training_Set/Training_Set/Training/735.png,False,114.16725563340475,163.1860354469789,0.6996141264213692,0.04730725606282552,85.15306091308594,1.0955800969141603,0.08236221089427426,2.3670429267315867
/home/carld/.cache/kagglehub/datasets/andrewmvd/retinal-disease-classification/versions/1/Training_Set/Training_Set/Training/743.png,False,150.43575886166724,261.9163145469183,0.5743657439663576,0.0709498615588172,127.70975080587097,1.2008698246884546,0.09538148107810288,1.5973835440037416
/home/carld/.cache/kagglehub/datasets/andrewmvd/retinal-disease-classification/versions/1/Training_Set/Training_Set/Training/757.png,False,161.59207164153975,276.77024033900693,0.5838491574947179,0.07191569557606849,129.44825203692326,1.0791907826200902,0.12463685665922115,2.9321370781591725
/home/carld/.cache/kagglehub/datasets/andrewmvd/retinal-disease-classification/versions/1/Training_Set/Training_Set/Training/758.png,False,164.01003544397506,279.5035680213505,0.5867904893129908,0.07403916820114206,133.2705027620557,1.112070803483845,0.11754573283829074,2.5967091065685612
/home/carld/.cache/kagglehub/datasets/andrewmvd/retinal-disease-classification/versions/1/Training_Set/Training_Set/Training/769.png,False,154.59763574715134,187.14510650435113,0.8260843077056729,0.060350554137580135,108.63099744764425,1.1005408633791842,0.09384402128434272,2.2605479504557735
/home/carld/.cache/kagglehub/datasets/andrewmvd/retinal-disease-classification/versions/1/Training_Set/Training_Set/Training/793.png,False,114.79022513525744,190.4449584933234,0.6027475132101318,0.04980971170887011,89.65748107596619,1.1221446083537423,0.0796903265631564,2.0784900419242276
/home/carld/.cache/kagglehub/datasets/andrewmvd/retinal-disease-classification/versions/1/Training_Set/Training_Set/Training/794.png,False,126.25610665526195,237.19662194350343,0.532284589977568,0.05992924887249727,107.8726479704951,1.0889467344788273,0.10547429451247384,2.939188538985253
/home/carld/.cache/kagglehub/datasets/andrewmvd/retinal-disease-classification/versions/1/Training_Set/Training_Set/Training/795.png,False,137.95943861612923,264.0156231356105,0.5225427078050867,0.06967195190449871,125.40951342809767,1.1055973646046016,0.10420993792474478,2.407978582565973
/home/carld/.cache/kagglehub/datasets/andrewmvd/retinal-disease-classification/versions/1/Training_Set/Training_Set/Training/797.png,False,103.74572084843861,166.0967489330433,0.6246101836120853,0.047479000272630134,85.46220049073425,1.1192995628422842,0.09310383548019699,2.893798424742136
/home/carld/.cache/kagglehub/datasets/andrewmvd/retinal-disease-classification/versions/1/Training_Set/Training_Set/Training/798.png,False,98.39608768340858,220.69189097315842,0.44585275539360886,0.0560803900302296,100.94470205441327,1.0884959024879108,0.08098187119972622,2.097643302845195
/home/carld/.cache/kagglehub/datasets/andrewmvd/retinal-disease-classification/versions/1/Training_Set/Training_Set/Training/801.png,False,318.1378913638547,435.6929950083616,0.7301882174115496,0.12328520086076523,221.9133615493774,1.0814609414972398,0.15575724708121438,1.9234822826387254
/home/carld/.cache/kagglehub/datasets/andrewmvd/retinal-disease-classification/versions/1/Training_Set/Training_Set/Training/802.png,False,190.84517320260116,212.3984004239183,0.8985245313604066,0.07085776817031772,127.5439827065719,1.09690047669622,0.10156382971480703,2.437817855027471
/home/carld/.cache/kagglehub/datasets/andrewmvd/retinal-disease-classification/versions/1/Training_Set/Training_Set/Training/803.png,False,162.70630632673013,223.66596445183663,0.7274522376504301,0.06487802525012813,116.78044545023064,1.0775097835750385,0.12547192650705682,2.480190537260111
/home/carld/.cache/kagglehub/datasets/andrewmvd/retinal-disease-classification/versions/1/Training_Set/Training_Set/Training/805.png,False,109.14638564274753,187.62793739342834,0.5817171321021535,0.04963630241967143,89.34534435540857,1.0785271303204176,0.08238379744049448,2.350508278730243
/home/carld/.cache/kagglehub/datasets/andrewmvd/retinal-disease-classification/versions/1/Training_Set/Training_Set/Training/812.png,False,333.94884844458016,404.43810553900823,0.825710643658355,0.11954053243001303,215.17295837402347,1.0749890993919333,0.15500978106493019,2.049334083661602
/home/carld/.cache/kagglehub/datasets/andrewmvd/retinal-disease-classification/versions/1/Training_Set/Training_Set/Training/813.png,True,240.6536203018083,230.66968870087615,1.0432823734109207,0.08116402474804699,146.09524454648457,1.110316213028716,0.11832293477589417,2.369981621995361
/home/carld/.cache/kagglehub/datasets/andrewmvd/retinal-disease-classification/versions/1/Training_Set/Training_Set/Training/815.png,False,188.91939340428334,316.22042977876333,0.5974294372329347,0.08378801626317642,150.81842927371756,1.086218708298819,0.1294685644803662,2.2397539517917173
/home/carld/.cache/kagglehub/datasets/andrewmvd/retinal-disease-classification/versions/1/Training_Set/Training_Set/Training/822.png,False,212.13224711712792,180.11149949234945,1.1777829162215077,0.06989087241356362,125.80357034441451,1.0962974383349366,0.08397090149865746,1.8296129447890264
/home/carld/.cache/kagglehub/datasets/andrewmvd/retinal-disease-classification/versions/1/Training_Set/Training_Set/Training/833.png,False,100.70492669735351,220.02231431047232,0.45770324256861206,0.05667500215418199,102.01500387752758,1.1155036566320635,0.07981483354119617,2.685205784204672
/home/carld/.cache/kagglehub/datasets/andrewmvd/retinal-disease-classification/versions/1/Training_Set/Training_Set/Training/834.png,False,170.06276277795052,275.9522042101131,0.6162761528386373,0.07708164445715013,138.74696002287024,1.112084344232096,0.09940855523529982,1.998624957029907
/home/carld/.cache/kagglehub/datasets/andrewmvd/retinal-disease-classification/versions/1/Training_Set/Training_Set/Training/839.png,False,150.58553713456052,221.3485924563433,0.6803094407038552,0.06198288680274705,111.56919624494469,1.112544021214969,0.10004163288559721,2.395503648355501
/home/carld/.cache/kagglehub/datasets/andrewmvd/retinal-disease-classification/versions/1/Training_Set/Training_Set/Training/840.png,False,78.54891744917352,189.8511508287249,0.41373948541421685,0.048525708134164285,87.34627464149571,1.1078955094801664,0.0856697876529424,2.6423966823756717
/home/carld/.cache/kagglehub/datasets/andrewmvd/retinal-disease-classification/versions/1/Training_Set/Training_Set/Training/850.png,False,184.89700733016417,271.9808699523783,0.6798162214957918,0.07606131640094066,136.91036952169318,1.0969425970512034,0.113666458051978,2.224500148226226
/home/carld/.cache/kagglehub/datasets/andrewmvd/retinal-disease-classification/versions/1/Training_Set/Training_Set/Training/852.png,False,85.62585948226726,192.92909043519145,0.4438203657578047,0.04975550877299286,89.55991579138716,1.1113083974576075,0.07108529076836965,1.5315280538881706
/home/carld/.cache/kagglehub/datasets/andrewmvd/retinal-disease-classification/versions/1/Training_Set/Training_Set/Training/859.png,False,151.77405119728067,241.05662077347264,0.6296199237767743,0.06625351191914014,119.25632145445225,1.0901575742707938,0.10201075126573905,2.042752516445588
/home/carld/.cache/kagglehub/datasets/andrewmvd/retinal-disease-classification/versions/1/Training_Set/Training_Set/Training/863.png,False,100.60943232596094,167.37377504435165,0.6011063101092204,0.04323880401723114,77.82984723101605,1.09393011669178,0.07978067778949642,2.7193116213663373
/home/carld/.cache/kagglehub/datasets/andrewmvd/retinal-disease-classification/versions/1/Training_Set/Training_Set/Training/868.png,False,125.49436459533413,180.93436683574015,0.6935905366682672,0.052210525406731496,93.9789457321167,1.1432995130211872,0.08217114110673905,2.22082482442596
/home/carld/.cache/kagglehub/datasets/andrewmvd/retinal-disease-classification/versions/1/Training_Set/Training_Set/Training/872.png,False,171.33280251855047,363.9895071264813,0.47070808131569203,0.09435611300998263,169.84100341796875,1.0996589556322443,0.12572896473047251,2.5022138190173036
/home/carld/.cache/kagglehub/datasets/andrewmvd/retinal-disease-classification/versions/1/Training_Set/Training_Set/Training/883.png,False,85.90896654202292,147.39676347845344,0.5828416073367931,0.03904331909431206,70.27797436976171,1.0993610407623202,0.0834872540543373,3.411099321438864
/home/carld/.cache/kagglehub/datasets/andrewmvd/retinal-disease-classification/versions/1/Training_Set/Training_Set/Training/885.png,False,180.41017143554365,231.6658877786462,0.7787515596941197,0.06727585138059129,121.09653248506433,1.184957883060486,0.11429857043801543,2.3790921027396252
/home/carld/.cache/kagglehub/datasets/andrewmvd/retinal-disease-classification/versions/1/Training_Set/Training_Set/Training/889.png,False,82.13483832793659,190.06085173443844,0.4321502170404828,0.050567628139287085,91.02173065071675,1.084909020782542,0.051450753015748224,1.010687172935656
/home/carld/.cache/kagglehub/datasets/andrewmvd/retinal-disease-classification/versions/1/Training_Set/Training_Set/Training/893.png,False,97.04806720149394,182.2369740751263,0.5325377448458201,0.0472395570798852,85.03120274379336,1.1225736793422956,0.08511206421788689,3.0594682999282385
/home/carld/.cache/kagglehub/datasets/andrewmvd/retinal-disease-classification/versions/1/Training_Set/Training_Set/Training/895.png,False,105.04816211151218,183.89978109170855,0.5712250525144779,0.05130416552225749,92.34749794006349,1.1137332255078785,0.09794747388055827,2.923335675056496
/home/carld/.cache/kagglehub/datasets/andrewmvd/retinal-disease-classification/versions/1/Training_Set/Training_Set/Training/896.png,False,131.2574519219628,180.8940172936592,0.7256041625129174,0.05097014610081503,91.74626298146705,1.1029631632574046,0.09182900268888206,2.3788509250880057
/home/carld/.cache/kagglehub/datasets/andrewmvd/retinal-disease-classification/versions/1/Training_Set/Training_Set/Training/898.png,False,148.28383272137756,240.76537451716206,0.6158852078242161,0.06524535325857309,117.44163586543155,1.1197808656038672,0.08009039620464162,1.7599478565628073
/home/carld/.cache/kagglehub/datasets/andrewmvd/retinal-disease-classification/versions/1/Training_Set/Training_Set/Training/899.png,False,162.93938993910356,251.51935371734245,0.6478204859027067,0.07346151242801799,132.23072237043237,1.1365068707497226,0.09000046511868279,1.659254052992522
/home/carld/.cache/kagglehub/datasets/andrewmvd/retinal-disease-classification/versions/1/Training_Set/Training_Set/Training/900.png,False,116.58920885263419,198.8313877903637,0.5863722531351997,0.05202330969556977,93.6419574520256,1.1492753273994012,0.09271661704996657,3.009282120432244
/home/carld/.cache/kagglehub/datasets/andrewmvd/retinal-disease-classification/versions/1/Training_Set/Training_Set/Training/901.png,False,156.39350086604458,205.22789890425338,0.7620479559604519,0.05844135637636538,105.19444147745769,1.142487632987391,0.10072567046731974,2.449634655532359
/home/carld/.cache/kagglehub/datasets/andrewmvd/retinal-disease-classification/versions/1/Training_Set/Training_Set/Training/904.png,False,107.35331719482926,207.7312411961211,0.5167894659305287,0.05375662909613715,96.76193237304686,1.0817097718585627,0.08507456292378575,2.6575090647795823
/home/carld/.cache/kagglehub/datasets/andrewmvd/retinal-disease-classification/versions/1/Training_Set/Training_Set/Training/905.png,False,126.85341319587022,159.9729168489256,0.7929680579348778,0.04960139118023773,89.28250412442792,1.1689450015870988,0.09111269020607189,2.3003699982847765
/home/carld/.cache/kagglehub/datasets/andrewmvd/retinal-disease-classification/versions/1/Training_Set/Training_Set/Training/908.png,False,103.83268060395079,145.47070809267368,0.7137703663187167,0.03988407946181023,71.79134303125842,1.1533897777369055,0.08509530186816011,3.4147761860314114
/home/carld/.cache/kagglehub/datasets/andrewmvd/retinal-disease-classification/versions/1/Training_Set/Training_Set/Training/910.png,False,113.48666720374773,155.1906689845349,0.7312724917440553,0.04762626701677349,85.72728063019228,1.1324622014954961,0.09117902068771766,2.5696751287230386
/home/carld/.cache/kagglehub/datasets/andrewmvd/retinal-disease-classification/versions/1/Training_Set/Training_Set/Training/928.png,False,109.44035195300876,125.96578033669003,0.868810177339346,0.04311675250284956,77.61015450512922,1.0800145753352293,0.07467802366215827,2.2095869956623315
/home/carld/.cache/kagglehub/datasets/andrewmvd/retinal-disease-classification/versions/1/Training_Set/Training_Set/Training/931.png,False,138.12387386846228,220.18376051899486,0.6273118123829418,0.05804262585110134,104.47672653198242,1.103881147364672,0.09226655157677384,2.1788801584178525
/home/carld/.cache/kagglehub/datasets/andrewmvd/retinal-disease-classification/versions/1/Training_Set/Training_Set/Training/936.png,False,136.67139074998718,185.89847522269724,0.7351937157432925,0.04988819115782437,89.79874408408386,1.0930850689403184,0.09795026381690554,2.8299794643730256
/home/carld/.cache/kagglehub/datasets/andrewmvd/retinal-disease-classification/versions/1/Training_Set/Training_Set/Training/940.png,False,171.7984458962852,345.9268520572297,0.4966322934302395,0.08962008532355814,161.31615358240467,1.0954875664548769,0.12740711480465813,2.594146200651773
/home/carld/.cache/kagglehub/datasets/andrewmvd/retinal-disease-classification/versions/1/Training_Set/Training_Set/Training/942.png,False,141.70895746182057,200.7017882151509,0.7060672389720293,0.059655303385720324,107.37954609429659,1.0971547702014222,0.10464262009353134,2.6600799525756584
/home/carld/.cache/kagglehub/datasets/andrewmvd/retinal-disease-classification/versions/1/Training_Set/Training_Set/Training/944.png,False,242.34171495521417,387.4297666141452,0.6255113464128086,0.10801652499607631,194.42974499293734,1.106529841670206,0.1390225557829016,2.2508875931062926
/home/carld/.cache/kagglehub/datasets/andrewmvd/retinal-disease-classification/versions/1/Training_Set/Training_Set/Training/947.png,False,101.99313732165902,154.3710206421334,0.6607013213840307,0.041171369535145746,74.10846516326234,1.1112221432349225,0.07285693988019122,2.3577809250118023
/home/carld/.cache/kagglehub/datasets/andrewmvd/retinal-disease-classification/versions/1/Training_Set/Training_Set/Training/956.png,False,168.08535761356984,172.13397126642656,0.9764798684241688,0.05904988712734646,106.28979682922363,1.1002218957264134,0.09551594461963946,2.7445656756437713
/home/carld/.cache/kagglehub/datasets/andrewmvd/retinal-disease-classification/versions/1/Training_Set/Training_Set/Training/965.png,False,114.99012231230999,230.99669591247246,0.49779985751779404,0.06215278857793563,111.87501944028413,1.1185236052876442,0.09495123509961377,2.00911389591264
/home/carld/.cache/kagglehub/datasets/andrewmvd/retinal-disease-classification/versions/1/Training_Set/Training_Set/Training/969.png,False,131.88327733060476,209.54068393424507,0.629392225196661,0.058346146917612536,105.02306445170257,1.098799444434826,0.0988247539971678,2.2308614032751963
/home/carld/.cache/kagglehub/datasets/andrewmvd/retinal-disease-classification/versions/1/Training_Set/Training_Set/Training/974.png,False,137.60145144843446,167.8275730444481,0.8198977614482429,0.04874975842554212,87.74956516597581,1.087468137228937,0.09153599592489896,2.1997183951406343
/home/carld/.cache/kagglehub/datasets/andrewmvd/retinal-disease-classification/versions/1/Training_Set/Training_Set/Training/997.png,False,115.4759143624938,176.4505969280067,0.6544376520846168,0.0497281404390727,89.51065279033085,1.077912967956538,0.07799261439744638,2.0252266777409993
/home/carld/.cache/kagglehub/datasets/andrewmvd/retinal-disease-classification/versions/1/Training_Set/Training_Set/Training/999.png,True,151.22796086930956,229.09268195933225,0.6601169429591602,0.06042861349977495,108.77150429959491,1.0769022286428636,0.11424956272561497,2.4360461548205152
/home/carld/.cache/kagglehub/datasets/andrewmvd/retinal-disease-classification/versions/1/Training_Set/Training_Set/Training/1010.png,False,150.86735311815522,235.49392993691876,0.6406422159525204,0.06416134747196006,115.49042544952812,1.0998702264222857,0.09816782931650372,2.290612230426266
/home/carld/.cache/kagglehub/datasets/andrewmvd/retinal-disease-classification/versions/1/Training_Set/Training_Set/Training/1014.png,False,146.128742237404,198.6148154429397,0.7357393853601295,0.05439471342624762,97.91048416724571,1.0976382954761283,0.10220609811401286,2.546802891669112
/home/carld/.cache/kagglehub/datasets/andrewmvd/retinal-disease-classification/versions/1/Training_Set/Training_Set/Training/1015.png,False,99.5056226357249,239.91305944049324,0.41475700767513135,0.062345528333200576,112.22195099976103,1.092968741664638,0.09654498866984533,2.2414283127671366
/home/carld/.cache/kagglehub/datasets/andrewmvd/retinal-disease-classification/versions/1/Training_Set/Training_Set/Training/1018.png,False,78.19311800234864,141.94253946198526,0.5508786745589411,0.038337990442911786,69.00838279724121,1.074073197715558,0.07060244982974863,2.0753580974155152
/home/carld/.cache/kagglehub/datasets/andrewmvd/retinal-disease-classification/versions/1/Training_Set/Training_Set/Training/1024.png,False,187.34002925744934,257.9273669065571,0.7263286230705391,0.07459820663861635,134.27677194950942,1.1009021474101932,0.11814206002111295,2.3774393002563716
/home/carld/.cache/kagglehub/datasets/andrewmvd/retinal-disease-classification/versions/1/Training_Set/Training_Set/Training/1032.png,False,153.30449930244623,227.9545686802217,0.6725221617185669,0.0599650514724592,107.93709265042656,1.0919189818844923,0.09814100519126476,2.4516110321626403
/home/carld/.cache/kagglehub/datasets/andrewmvd/retinal-disease-classification/versions/1/Training_Set/Training_Set/Training/1035.png,False,149.6994222493945,280.1964107548905,0.5342660237726892,0.07286566658749608,131.15819985749295,1.096350633182562,0.10402989872135024,2.040500563869836
/home/carld/.cache/kagglehub/datasets/andrewmvd/retinal-disease-classification/versions/1/Training_Set/Training_Set/Training/1041.png,False,119.18380529664705,188.17476727202407,0.6333676242806551,0.05674624039930998,102.14323271875796,1.111522885929873,0.08639739355969073,2.0476994325480216
/home/carld/.cache/kagglehub/datasets/andrewmvd/retinal-disease-classification/versions/1/Training_Set/Training_Set/Training/1045.png,False,117.74659906027301,191.2309079540827,0.615729958718523,0.05089962090684774,91.61931763232593,1.0971151952760876,0.0904868666584139,2.475945513481791
/home/carld/.cache/kagglehub/datasets/andrewmvd/retinal-disease-classification/versions/1/Training_Set/Training_Set/Training/1046.png,False,160.77533526951962,195.4974853569896,0.8223908096614881,0.055758679546595774,100.36562318387239,1.1407468839789365,0.09407260510713357,2.4172881926212164
/home/carld/.cache/kagglehub/datasets/andrewmvd/retinal-disease-classification/versions/1/Training_Set/Training_Set/Training/1052.png,False,171.95280752721843,243.48897055901793,0.7062036819673511,0.06648438045943993,119.67188482699187,1.1100811429705402,0.09577779525288667,2.042897023552078
/home/carld/.cache/kagglehub/datasets/andrewmvd/retinal-disease-classification/versions/1/Training_Set/Training_Set/Training/1063.png,False,141.51512320760156,239.5861337728763,0.5906649144468251,0.061955924242572055,111.5206636366297,1.0926789144233648,0.11936984649480169,2.927435387673956
/home/carld/.cache/kagglehub/datasets/andrewmvd/retinal-disease-classification/versions/1/Training_Set/Training_Set/Training/1064.png,False,152.7179933196399,284.4550175474225,0.5368792388911887,0.07378642155173047,132.81555879311486,1.096073141384711,0.11338933611446078,2.7087475149105367
/home/carld/.cache/kagglehub/datasets/andrewmvd/retinal-disease-classification/versions/1/Training_Set/Training_Set/Training/1071.png,False,160.06587470812147,241.22467757571323,0.6635551400328086,0.06644205830313943,119.59570494565097,1.084872851713832,0.0946746451768102,2.1852698259963113
/home/carld/.cache/kagglehub/datasets/andrewmvd/retinal-disease-classification/versions/1/Training_Set/Training_Set/Training/1072.png,False,206.5710016316077,264.10756911772086,0.7821472225187633,0.07176793400758232,129.18228121364817,1.210533129870911,0.10057471264367816,2.0184304399524375
/home/carld/.cache/kagglehub/datasets/andrewmvd/retinal-disease-classification/versions/1/Training_Set/Training_Set/Training/1077.png,False,169.74999934323571,237.4451214867053,0.7149020299106889,0.06307129325762473,113.52832786372451,1.0802737044290465,0.10405998745509494,2.074493927125506
/home/carld/.cache/kagglehub/datasets/andrewmvd/retinal-disease-classification/versions/1/Training_Set/Training_Set/Training/1082.png,False,109.45774385396552,182.34615824178672,0.6002744719679102,0.04699547343783908,84.59185218811035,1.0778632453609909,0.07921146370423383,2.003667799808071
/home/carld/.cache/kagglehub/datasets/andrewmvd/retinal-disease-classification/versions/1/Training_Set/Training_Set/Training/1085.png,False,214.6816877027331,317.5453358954365,0.6760662602628336,0.09098762719809604,163.77772895657287,1.0708439770566764,0.136991490113886,2.4289033105224616
/home/carld/.cache/kagglehub/datasets/andrewmvd/retinal-disease-classification/versions/1/Training_Set/Training_Set/Training/1086.png,False,173.16627515294195,347.51307223238405,0.4983014711951458,0.08891882863985437,160.05389155173788,1.0898216605366107,0.1313224413524911,2.519847983636777
/home/carld/.cache/kagglehub/datasets/andrewmvd/retinal-disease-classification/versions/1/Training_Set/Training_Set/Training/1101.png,False,186.98016570817103,352.92221193057924,0.5298056041452854,0.09699042196627017,174.58275953928631,1.0832563471422472,0.12783398701098722,1.7730817655637177
/home/carld/.cache/kagglehub/datasets/andrewmvd/retinal-disease-classification/versions/1/Training_Set/Training_Set/Training/1102.png,False,152.31760549939017,301.8676652544691,0.5045840380783716,0.08516973214792022,153.3055178662564,1.097651887269794,0.09582485625829279,1.482547545333923
/home/carld/.cache/kagglehub/datasets/andrewmvd/retinal-disease-classification/versions/1/Training_Set/Training_Set/Training/1109.png,False,113.03426831218947,183.7141346280201,0.615272573017087,0.04945872051303397,89.02569692346114,1.1045078634180914,0.10111739177439034,2.886137237640736
/home/carld/.cache/kagglehub/datasets/andrewmvd/retinal-disease-classification/versions/1/Training_Set/Training_Set/Training/1112.png,False,196.23267786252873,332.36176445245866,0.5904189315693624,0.08964972377668882,161.3695027980399,1.088519930665762,0.10686939100365013,1.7381370584845073
/home/carld/.cache/kagglehub/datasets/andrewmvd/retinal-disease-classification/versions/1/Training_Set/Training_Set/Training/1113.png,False,108.28906020581012,217.4493620606219,0.4979966792251182,0.05795699711803976,104.32259481247156,1.104804735264339,0.09103237613724638,2.486805089246137
/home/carld/.cache/kagglehub/datasets/andrewmvd/retinal-disease-classification/versions/1/Training_Set/Training_Set/Training/1124.png,False,114.24834639922096,159.5951053224501,0.7158637238177864,0.0473782986025267,85.28093748454806,1.09850562971613,0.08567659297942055,2.696123296626724
/home/carld/.cache/kagglehub/datasets/andrewmvd/retinal-disease-classification/versions/1/Training_Set/Training_Set/Training/1134.png,False,165.1156651867095,215.49920672839255,0.7662008027473407,0.05734636973886983,103.2234655299657,1.101893306919611,0.09347917324691396,2.5005949264670884
/home/carld/.cache/kagglehub/datasets/andrewmvd/retinal-disease-classification/versions/1/Training_Set/Training_Set/Training/1135.png,False,135.94323639451665,256.2043224650821,0.5306047731222187,0.06618210092767493,119.12778166981488,1.0871650033043088,0.10017813726198214,2.168700801617679
/home/carld/.cache/kagglehub/datasets/andrewmvd/retinal-disease-classification/versions/1/Training_Set/Training_Set/Training/1137.png,False,151.41339997987197,274.9468177575098,0.550700681734791,0.07112353435461072,128.0223618382993,1.1539880077324198,0.0970191717482179,1.9705187886716877
/home/carld/.cache/kagglehub/datasets/andrewmvd/retinal-disease-classification/versions/1/Training_Set/Training_Set/Training/1145.png,False,136.75532897233572,260.15838218222444,0.5256618211768679,0.06873521350678943,123.72338431222099,1.13294270830351,0.09574077222152153,2.1460980384630153
/home/carld/.cache/kagglehub/datasets/andrewmvd/retinal-disease-classification/versions/1/Training_Set/Training_Set/Training/1147.png,False,160.56825797936827,202.17900649718456,0.7941885795229896,0.05925156900791522,106.6528242142474,1.1248868725234704,0.10454520320707769,2.457539397290572
/home/carld/.cache/kagglehub/datasets/andrewmvd/retinal-disease-classification/versions/1/Training_Set/Training_Set/Training/1153.png,False,155.54642982635363,234.7257668673752,0.6626730073236505,0.06506245231153954,117.11241416077117,1.0992020195177388,0.09306930693069307,2.256433186742992
/home/carld/.cache/kagglehub/datasets/andrewmvd/retinal-disease-classification/versions/1/Training_Set/Training_Set/Training/1176.png,False,116.19483984150314,151.5858023274277,0.7665285142636279,0.046240412311636524,83.23274216094575,1.0887197523118124,0.08657962284673668,2.513866171156881
/home/carld/.cache/kagglehub/datasets/andrewmvd/retinal-disease-classification/versions/1/Training_Set/Training_Set/Training/1185.png,False,147.54257385250733,309.7418839504167,0.4763404030826062,0.0822289572821723,148.01212310791016,1.092577871090346,0.10656234607661122,1.5592202477929753
/home/carld/.cache/kagglehub/datasets/andrewmvd/retinal-disease-classification/versions/1/Training_Set/Training_Set/Training/1188.png,False,178.0200429888551,267.35250344460627,0.6658626371371896,0.07756232042781643,139.61217677006957,1.1014547363337754,0.10519418161276656,2.472046321141082
/home/carld/.cache/kagglehub/datasets/andrewmvd/retinal-disease-classification/versions/1/Training_Set/Training_Set/Training/1189.png,False,149.02296539986517,269.16601697544746,0.5536470282333545,0.06993235395254334,125.87823711457801,1.1009368501642238,0.10884691848906561,2.3916500994035785
/home/carld/.cache/kagglehub/datasets/andrewmvd/retinal-disease-classification/versions/1/Training_Set/Training_Set/Training/1193.png,False,207.50668987557498,377.428691806696,0.5497904488455045,0.10506271093319623,189.1128796797532,1.0889669214538225,0.15538199683731485,1.9706908414915318
/home/carld/.cache/kagglehub/datasets/andrewmvd/retinal-disease-classification/versions/1/Training_Set/Training_Set/Training/1194.png,False,213.29919537051228,202.1527313707583,1.0551388246113322,0.07654117188363704,137.77410939054667,1.1004254934750837,0.11059928886317087,2.0104157942423804
/home/carld/.cache/kagglehub/datasets/andrewmvd/retinal-disease-classification/versions/1/Training_Set/Training_Set/Training/1209.png,False,111.5799174408456,212.3384467795881,0.525481461944892,0.05492172612084283,98.8591070175171,1.0906536946869871,0.08361306473283646,2.385631069660777
/home/carld/.cache/kagglehub/datasets/andrewmvd/retinal-disease-classification/versions/1/Training_Set/Training_Set/Training/1214.png,False,158.52734707960815,293.9316634226366,0.5393340249011073,0.07489253587768849,134.8065645798393,1.0886295924294451,0.10100080421767492,2.3028773121258155
/home/carld/.cache/kagglehub/datasets/andrewmvd/retinal-disease-classification/versions/1/Training_Set/Training_Set/Training/1224.png,False,143.5080672034653,223.88486592437948,0.6409904779000887,0.06013520994142855,108.24337789457138,1.0916381660618126,0.11314384996150985,3.2172779935233327
/home/carld/.cache/kagglehub/datasets/andrewmvd/retinal-disease-classification/versions/1/Training_Set/Training_Set/Training/1225.png,False,177.8603147965155,238.111781174143,0.7469614225700046,0.06690208261663264,120.42374870993875,1.0821917468781777,0.0941717161023546,1.737898479875949
/home/carld/.cache/kagglehub/datasets/andrewmvd/retinal-disease-classification/versions/1/Training_Set/Training_Set/Training/1231.png,False,84.24594749749768,240.93539153092786,0.3496619859879879,0.06214031414013004,111.85256545223407,1.0862055025233244,0.08076952222180124,2.1139790853635434
/home/carld/.cache/kagglehub/datasets/andrewmvd/retinal-disease-classification/versions/1/Training_Set/Training_Set/Training/1244.png,False,128.96580819147286,203.82342315734493,0.6327330107291718,0.057987671586411514,104.37780885554072,1.1093859532463117,0.09985676998857154,2.2991261472125046
/home/carld/.cache/kagglehub/datasets/andrewmvd/retinal-disease-classification/versions/1/Training_Set/Training_Set/Training/1245.png,False,172.8226290128992,230.53864672111817,0.7496471046000464,0.06462844843586917,116.33120718456449,1.0817095129960965,0.09422725752233256,1.927757091858278
/home/carld/.cache/kagglehub/datasets/andrewmvd/retinal-disease-classification/versions/1/Training_Set/Training_Set/Training/1250.png,False,113.37656354640173,233.88706169606212,0.48474918930631306,0.061451197856694305,110.61215614204976,1.1126939901693906,0.09050438542613566,2.5046605901284917
/home/carld/.cache/kagglehub/datasets/andrewmvd/retinal-disease-classification/versions/1/Training_Set/Training_Set/Training/1255.png,False,132.8287147074451,223.93708808997042,0.5931519242318584,0.06285522137469018,113.13939847444233,1.0870339152295965,0.11549225424015161,2.4669198392819105
/home/carld/.cache/kagglehub/datasets/andrewmvd/retinal-disease-classification/versions/1/Training_Set/Training_Set/Training/1264.png,False,164.86282253257903,193.74761216945282,0.8509153774157949,0.06519536727514022,117.3516610952524,1.095443382160073,0.07805659493502513,2.361476580708217
/home/carld/.cache/kagglehub/datasets/andrewmvd/retinal-disease-classification/versions/1/Training_Set/Training_Set/Training/1265.png,False,150.08948101085974,211.56682690394533,0.7094187836876844,0.06234058395760958,112.21305112369724,1.0868356534137211,0.10610638391815264,2.6979607541362065
/home/carld/.cache/kagglehub/datasets/andrewmvd/retinal-disease-classification/versions/1/Training_Set/Training_Set/Training/1284.png,False,125.14875550174291,193.47047948693057,0.6468622801454164,0.054025100430412476,97.24518077474245,1.0987910166405528,0.083415287923629,1.6654148579479182
/home/carld/.cache/kagglehub/datasets/andrewmvd/retinal-disease-classification/versions/1/Training_Set/Training_Set/Training/1295.png,False,136.89113922443508,245.75088751148064,0.557032125542334,0.0632556929732814,113.86024735190652,1.094133002916033,0.10375762824242589,2.4581546080673315
/home/carld/.cache/kagglehub/datasets/andrewmvd/retinal-disease-classification/versions/1/Training_Set/Training_Set/Training/1303.png,False,115.82862806296548,302.3941375251953,0.3830386032312373,0.07564846226866816,136.16723208360267,1.0945611232650159,0.09799649205287236,2.1812379075276205
/home/carld/.cache/kagglehub/datasets/andrewmvd/retinal-disease-classification/versions/1/Training_Set/Training_Set/Training/1311.png,False,131.0760697446436,180.90553456176673,0.724555332495315,0.05114481167451239,92.0606610141223,1.097945637640218,0.10241909297543024,3.141774774635474
/home/carld/.cache/kagglehub/datasets/andrewmvd/retinal-disease-classification/versions/1/Training_Set/Training_Set/Training/1312.png,False,176.10282823918124,260.1697158226541,0.676876736719129,0.07161022966558284,128.89841339804912,1.1168962949243275,0.12047311462775859,2.3844480873603153
/home/carld/.cache/kagglehub/datasets/andrewmvd/retinal-disease-classification/versions/1/Training_Set/Training_Set/Training/1314.png,False,89.26739778457343,146.96932979800522,0.6073879353417656,0.04208628336588542,75.75531005859376,1.112336541299184,0.0720588656956073,2.530386225484574
/home/carld/.cache/kagglehub/datasets/andrewmvd/retinal-disease-classification/versions/1/Training_Set/Training_Set/Training/1318.png,False,140.30910453363242,272.3311867752057,0.5152149711353103,0.07054911515651605,126.98840728172888,1.079287219914114,0.09287357993652245,1.6828304131235423
/home/carld/.cache/kagglehub/datasets/andrewmvd/retinal-disease-classification/versions/1/Training_Set/Training_Set/Training/1319.png,False,133.11732887850985,164.2232820133064,0.8105874346593794,0.05363673869877646,96.54612965779762,1.109736511340134,0.10441878857769,2.8344754759664026
/home/carld/.cache/kagglehub/datasets/andrewmvd/retinal-disease-classification/versions/1/Training_Set/Training_Set/Training/1321.png,False,234.23800980738034,455.0531673540702,0.5147486636987261,0.11605648292127504,208.90166925829507,1.0877226099471098,0.12422220314980904,1.5177230399519375
/home/carld/.cache/kagglehub/datasets/andrewmvd/retinal-disease-classification/versions/1/Training_Set/Training_Set/Training/1374.png,False,151.82224908359137,287.85707829204955,0.5274223235516825,0.07452829400001212,134.15092920002184,1.0834472140607436,0.0982626059045273,2.2779364012988466
/home/carld/.cache/kagglehub/datasets/andrewmvd/retinal-disease-classification/versions/1/Training_Set/Training_Set/Training/1381.png,False,143.18964071341682,179.1091615213106,0.7994545867849421,0.05237093497889702,94.26768296201463,1.1353974774372226,0.09194852758771555,2.653481333808426
/home/carld/.cache/kagglehub/datasets/andrewmvd/retinal-disease-classification/versions/1/Training_Set/Training_Set/Training/1382.png,False,140.9025979358243,227.48699222733765,0.619387493571563,0.06039143342238206,108.7045801602877,1.0982116032756517,0.10155874172661472,2.5166020646830813
/home/carld/.cache/kagglehub/datasets/andrewmvd/retinal-disease-classification/versions/1/Training_Set/Training_Set/Training/1388.png,False,89.4650387802453,153.95049144600216,0.5811286338869855,0.03985674925017775,71.74214865031995,1.0873071532737149,0.08490321785229935,3.698804093206756
/home/carld/.cache/kagglehub/datasets/andrewmvd/retinal-disease-classification/versions/1/Training_Set/Training_Set/Training/1392.png,False,127.71623859917918,202.17773720731768,0.6317027797586637,0.05216030226813422,93.8885440826416,1.0767535631557295,0.09132375203979318,2.5409433183256986
/home/carld/.cache/kagglehub/datasets/andrewmvd/retinal-disease-classification/versions/1/Training_Set/Training_Set/Training/1404.png,False,134.01379773684877,184.6676311875215,0.7257026955674973,0.05466385030034763,98.39493054062574,1.1363682032053146,0.09042225627029131,2.4452337903547625
/home/carld/.cache/kagglehub/datasets/andrewmvd/retinal-disease-classification/versions/1/Training_Set/Training_Set/Training/1410.png,False,204.9627966166593,280.6016253517464,0.7304405181535547,0.08062220832048836,145.11997497687904,1.117399457097744,0.10010720333304908,2.2324363175655098
/home/carld/.cache/kagglehub/datasets/andrewmvd/retinal-disease-classification/versions/1/Training_Set/Training_Set/Training/1411.png,False,160.11267169361122,313.3421547626126,0.5109835024110058,0.08085350495464397,145.53630891835914,1.0918753935165,0.09489071056931692,2.0212493932163293
/home/carld/.cache/kagglehub/datasets/andrewmvd/retinal-disease-classification/versions/1/Training_Set/Training_Set/Training/1419.png,False,128.39605163750406,188.24946224543316,0.682052687460566,0.05695154483501728,102.5127807030311,1.0857953011617643,0.09076117520515858,2.1755272971482547
/home/carld/.cache/kagglehub/datasets/andrewmvd/retinal-disease-classification/versions/1/Training_Set/Training_Set/Training/1508.png,False,127.18932670286837,160.39289486865738,0.7929860409778203,0.042943569258147594,77.29842466466567,1.104984677681048,0.10643577277646887,4.069156803446704
/home/carld/.cache/kagglehub/datasets/andrewmvd/retinal-disease-classification/versions/1/Training_Set/Training_Set/Training/1510.png,False,125.59974060411122,274.5932852521482,0.4574028111749999,0.07012262666858912,126.22072800346042,1.1276000538271964,0.10203390702139331,2.4637787986834887
/home/carld/.cache/kagglehub/datasets/andrewmvd/retinal-disease-classification/versions/1/Training_Set/Training_Set/Training/1525.png,False,109.43650753532312,195.47898296630538,0.5598377169487659,0.05113702114314249,92.04663805765648,1.1062291297346774,0.09836713067771302,3.2946871537979865
/home/carld/.cache/kagglehub/datasets/andrewmvd/retinal-disease-classification/versions/1/Training_Set/Training_Set/Training/1526.png,False,121.51891023945052,235.24551954133557,0.5165620602525359,0.061685379085645,111.03368235416099,1.0820818820760911,0.09402252382327461,2.462546924631822
/home/carld/.cache/kagglehub/datasets/andrewmvd/retinal-disease-classification/versions/1/Training_Set/Training_Set/Training/1535.png,True,179.91324272428508,346.59742491727866,0.5190841875620524,0.08945481726089383,161.0186710696089,1.0938590446248422,0.13390203806352352,2.657311458831656
/home/carld/.cache/kagglehub/datasets/andrewmvd/retinal-disease-classification/versions/1/Training_Set/Training_Set/Training/1543.png,False,162.63284902226093,193.21176428112554,0.84173367821241,0.05738153623704293,103.28676522667728,1.080282032805126,0.10570067226510332,3.0520722515222163
/home/carld/.cache/kagglehub/datasets/andrewmvd/retinal-disease-classification/versions/1/Training_Set/Training_Set/Training/1544.png,False,100.11140638600952,172.15745913231294,0.5815107105470703,0.04554312439257158,81.97762390662884,1.1204994884944643,0.08961843010406452,3.5781508423224975
/home/carld/.cache/kagglehub/datasets/andrewmvd/retinal-disease-classification/versions/1/Training_Set/Training_Set/Training/1553.png,True,170.78002909485213,309.17043270613266,0.5523815055664751,0.07944265076935969,142.99677138484745,1.1040180200985055,0.11562158884172226,2.548935579962936
/home/carld/.cache/kagglehub/datasets/andrewmvd/retinal-disease-classification/versions/1/Training_Set/Training_Set/Training/1554.png,False,123.66786927486503,166.4137349340836,0.7431349901728352,0.048902396538957435,88.02431377012338,1.1107156674231267,0.0924192533945022,2.370459242189606
/home/carld/.cache/kagglehub/datasets/andrewmvd/retinal-disease-classification/versions/1/Training_Set/Training_Set/Training/1555.png,False,197.86677727381988,291.9625683283058,0.6777128260199535,0.07857134558937766,141.4284220608798,1.0837067458784064,0.09851673751145343,2.039296466487086
/home/carld/.cache/kagglehub/datasets/andrewmvd/retinal-disease-classification/versions/1/Training_Set/Training_Set/Training/1558.png,False,89.83766789672961,187.88917088610148,0.47814180813639995,0.048802195125155975,87.84395122528076,1.108808096313649,0.0939400695621154,3.0580576117007046
/home/carld/.cache/kagglehub/datasets/andrewmvd/retinal-disease-classification/versions/1/Training_Set/Training_Set/Training/1562.png,False,102.99696661224128,169.04377119222946,0.6092916993381405,0.04378056184365331,78.80501131857596,1.0997517219269646,0.10871796167241886,4.4630696799088065
/home/carld/.cache/kagglehub/datasets/andrewmvd/retinal-disease-classification/versions/1/Training_Set/Training_Set/Training/1586.png,False,100.46372024744434,177.42470329356394,0.5662329900093944,0.045533872033697534,81.96096966065556,1.0917849737502785,0.09255732245265814,3.4771924759990283
/home/carld/.cache/kagglehub/datasets/andrewmvd/retinal-disease-classification/versions/1/Training_Set/Training_Set/Training/1587.png,False,87.50723474936784,198.25185022621417,0.441394290391329,0.05227305455641313,94.09149820154363,1.110862640974268,0.08579492278895648,1.9069519185774448
/home/carld/.cache/kagglehub/datasets/andrewmvd/retinal-disease-classification/versions/1/Training_Set/Training_Set/Training/1588.png,False,132.43178647925896,190.45651399085017,0.6953387085811158,0.052247677869464625,94.04582016503632,1.117673599989472,0.09471390645195095,2.716089705522758
/home/carld/.cache/kagglehub/datasets/andrewmvd/retinal-disease-classification/versions/1/Training_Set/Training_Set/Training/1601.png,False,140.0488603932866,180.70006926034233,0.7750349015722412,0.05222325820427436,94.00186476769386,1.1129346687609416,0.08844425174609034,2.7230252115269864
/home/carld/.cache/kagglehub/datasets/andrewmvd/retinal-disease-classification/versions/1/Training_Set/Training_Set/Training/1614.png,False,178.49745391079546,298.51316843481953,0.597955041135046,0.07862808590843563,141.53055463518413,1.1057155097331934,0.14353043654095926,2.612743916191602
/home/carld/.cache/kagglehub/datasets/andrewmvd/retinal-disease-classification/versions/1/Training_Set/Training_Set/Training/1644.png,False,119.41886943762557,201.7440761644178,0.5919324706233323,0.05302764086359476,95.44975355447056,1.135315727373684,0.10455675872632916,3.7947353712161145
/home/carld/.cache/kagglehub/datasets/andrewmvd/retinal-disease-classification/versions/1/Training_Set/Training_Set/Training/1647.png,False,228.15189870739184,432.31752751934147,0.5277414959706545,0.1109826010887069,199.76868195967242,1.1326165907120649,0.13854676085250256,1.977449737366419
/home/carld/.cache/kagglehub/datasets/andrewmvd/retinal-disease-classification/versions/1/Training_Set/Training_Set/Training/1657.png,False,109.52686130993789,198.1247118715856,0.5528177695517743,0.05115234399143653,92.07421918458576,1.148924344313205,0.08550565582588097,2.7807249164212733
/home/carld/.cache/kagglehub/datasets/andrewmvd/retinal-disease-classification/versions/1/Training_Set/Training_Set/Training/1659.png,False,132.89643320642304,235.631496442494,0.5640011425164313,0.060986869212047594,109.77636458168567,1.1647117894302144,0.11514496967682977,3.214081581789482
/home/carld/.cache/kagglehub/datasets/andrewmvd/retinal-disease-classification/versions/1/Training_Set/Training_Set/Training/1663.png,False,107.24058632742464,192.3567183791257,0.5575089200474852,0.051101152713482194,91.98207488426794,1.0823114876518078,0.11035759006238711,3.5144738834775735
/home/carld/.cache/kagglehub/datasets/andrewmvd/retinal-disease-classification/versions/1/Training_Set/Training_Set/Training/1675.png,False,146.06923307603043,205.94057588476903,0.7092785501277868,0.05439471342624762,97.91048416724571,1.0873402269290686,0.09828944058515064,2.929332997929526
/home/carld/.cache/kagglehub/datasets/andrewmvd/retinal-disease-classification/versions/1/Training_Set/Training_Set/Training/1684.png,False,173.17117426800303,264.0929961856616,0.6557204347299727,0.07287322150336371,131.1717987060547,1.0987310314115355,0.1109466124945653,3.0100748114720917
/home/carld/.cache/kagglehub/datasets/andrewmvd/retinal-disease-classification/versions/1/Training_Set/Training_Set/Training/1691.png,False,145.4394676814262,241.84755537321666,0.6013683597379577,0.06427538079559487,115.69568543207077,1.0975950351561399,0.09518927079093396,2.194273701999619
/home/carld/.cache/kagglehub/datasets/andrewmvd/retinal-disease-classification/versions/1/Training_Set/Training_Set/Training/1696.png,False,93.0844567095597,146.41351079986256,0.6357641190422645,0.03941925047001163,70.95465084602094,1.109819587434068,0.09655737012575653,4.2350097622938305
/home/carld/.cache/kagglehub/datasets/andrewmvd/retinal-disease-classification/versions/1/Training_Set/Training_Set/Training/1699.png,False,216.72307120577622,256.6195704379369,0.8445305665344429,0.07688963007764751,138.40133413976554,1.109481069683595,0.10394930171121566,2.1438727199869394
/home/carld/.cache/kagglehub/datasets/andrewmvd/retinal-disease-classification/versions/1/Training_Set/Training_Set/Training/1701.png,False,150.57725927122405,234.40755441117966,0.6423737479343052,0.06225954385904165,112.06717894627498,1.1627548466333046,0.11322964366545607,3.0226590873203856
/home/carld/.cache/kagglehub/datasets/andrewmvd/retinal-disease-classification/versions/1/Training_Set/Training_Set/Training/1703.png,False,107.7179868742476,189.82167678210863,0.5674693675680375,0.048870187237429516,87.96633702737313,1.1072671481273075,0.10056453356998502,3.2975546821981756
/home/carld/.cache/kagglehub/datasets/andrewmvd/retinal-disease-classification/versions/1/Training_Set/Training_Set/Training/1704.png,False,132.84199424007883,217.55247420880536,0.6106204708689179,0.057680933128500214,103.82567963130039,1.1030081050742822,0.08906165484561529,2.6931351561369157
/home/carld/.cache/kagglehub/datasets/andrewmvd/retinal-disease-classification/versions/1/Training_Set/Training_Set/Training/1705.png,False,97.50472191330056,161.80869617176572,0.6025925937243558,0.041568468778561324,74.82324380141038,1.077256015333466,0.083645078129464,3.5712542728363563
/home/carld/.cache/kagglehub/datasets/andrewmvd/retinal-disease-classification/versions/1/Training_Set/Training_Set/Training/1706.png,False,145.65480514642528,256.90051517019714,0.5669696888304356,0.06646324213219698,119.63383583795456,1.1040731212614994,0.10953794399920846,2.9383793410507573
/home/carld/.cache/kagglehub/datasets/andrewmvd/retinal-disease-classification/versions/1/Training_Set/Training_Set/Training/1707.png,False,139.1007784015435,261.1784510428096,0.532589031928762,0.06728908598748712,121.12035477747682,1.1749764779595278,0.10990047873502712,2.753064102818776
/home/carld/.cache/kagglehub/datasets/andrewmvd/retinal-disease-classification/versions/1/Training_Set/Training_Set/Training/1709.png,False,139.37402778126827,207.54270648521114,0.6715438482113061,0.05496309396806457,98.93356914251623,1.1294095612804682,0.0957828197499526,2.8344528049976514
/home/carld/.cache/kagglehub/datasets/andrewmvd/retinal-disease-classification/versions/1/Training_Set/Training_Set/Training/1714.png,False,119.60584681600209,224.407001862005,0.5329862518708375,0.05820926030476888,104.77666854858398,1.1325017050897166,0.10133834211281993,2.737363894420201
/home/carld/.cache/kagglehub/datasets/andrewmvd/retinal-disease-classification/versions/1/Training_Set/Training_Set/Training/1715.png,False,121.68585944574717,260.49727961478686,0.46712909872107466,0.06682863846803323,120.29154924245982,1.1403381222691864,0.10969502539020272,2.961917617703604
/home/carld/.cache/kagglehub/datasets/andrewmvd/retinal-disease-classification/versions/1/Training_Set/Training_Set/Training/1716.png,False,174.68793773820045,216.82464645116522,0.8056645800990382,0.06489264965057373,116.80676937103271,1.1250180001537424,0.10405054526570885,3.4402371473082916
/home/carld/.cache/kagglehub/datasets/andrewmvd/retinal-disease-classification/versions/1/Training_Set/Training_Set/Training/1717.png,False,228.32872951276806,391.4025588593227,0.5833603392328194,0.10354871531717137,186.38768757090847,1.0888160671455376,0.11336298773842896,2.071417311501477
/home/carld/.cache/kagglehub/datasets/andrewmvd/retinal-disease-classification/versions/1/Training_Set/Training_Set/Training/1718.png,False,285.6597199852375,517.4317245332232,0.5520722956114298,0.13889596908073115,250.01274434531607,1.091089454338885,0.13538182165726848,1.7876517251266366
/home/carld/.cache/kagglehub/datasets/andrewmvd/retinal-disease-classification/versions/1/Training_Set/Training_Set/Training/1719.png,False,171.74065995469843,246.76312407936595,0.6959737626739634,0.070751258504321,127.3522653077778,1.102169073869004,0.11430784866985551,2.1900795314821
/home/carld/.cache/kagglehub/datasets/andrewmvd/retinal-disease-classification/versions/1/Training_Set/Training_Set/Training/1727.png,False,260.3503199937256,389.83690290535475,0.6678442139607647,0.1082893062282253,194.92075121080555,1.1044104984866463,0.16343888070692195,2.2477908689248896
/home/carld/.cache/kagglehub/datasets/andrewmvd/retinal-disease-classification/versions/1/Training_Set/Training_Set/Training/1728.png,False,133.2004775150473,171.7139752100616,0.7757113383002179,0.050059085022913265,90.10635304124388,1.0956156789198814,0.08552467530617043,2.598840150182028
/home/carld/.cache/kagglehub/datasets/andrewmvd/retinal-disease-classification/versions/1/Training_Set/Training_Set/Training/1729.png,False,155.64754344167176,237.7192043521582,0.6547537623889018,0.06305379033740101,113.49682260732182,1.0878878947398765,0.09745083572900501,2.2673060777978478
/home/carld/.cache/kagglehub/datasets/andrewmvd/retinal-disease-classification/versions/1/Training_Set/Training_Set/Training/1730.png,False,109.92617596700137,196.4879539558939,0.5594550391199898,0.05054326404428258,90.97787527970864,1.114921755524508,0.07855776668578048,2.3378218721016597
/home/carld/.cache/kagglehub/datasets/andrewmvd/retinal-disease-classification/versions/1/Training_Set/Training_Set/Training/1731.png,False,137.3250335140384,212.9535512260951,0.6448590912120499,0.056961456303874024,102.53062134697325,1.091435784348096,0.09773149102907816,2.4477624252423182
/home/carld/.cache/kagglehub/datasets/andrewmvd/retinal-disease-classification/versions/1/Training_Set/Training_Set/Training/1732.png,False,142.8156396212357,239.871783332217,0.5953832403181797,0.06205042796348458,111.69077033427224,1.094273801892102,0.1060119425450316,2.810967984705028
/home/carld/.cache/kagglehub/datasets/andrewmvd/retinal-disease-classification/versions/1/Training_Set/Training_Set/Training/1733.png,False,252.74375591549403,274.07909457869624,0.9221562713639357,0.08649455706278483,155.6902027130127,1.1165154787462297,0.12937553517450556,2.8058619017651734
/home/carld/.cache/kagglehub/datasets/andrewmvd/retinal-disease-classification/versions/1/Training_Set/Training_Set/Training/1734.png,False,158.397190307907,197.48959623393006,0.8020533401682721,0.059352007068571494,106.83361272342869,1.1204377022428378,0.09946610844912186,2.6897379514312325
/home/carld/.cache/kagglehub/datasets/andrewmvd/retinal-disease-classification/versions/1/Training_Set/Training_Set/Training/1735.png,False,223.18032410519203,268.6000744536117,0.8309019443095358,0.08287548473457884,149.17587252224192,1.0992859491148301,0.1155352977941737,2.28803792740743
/home/carld/.cache/kagglehub/datasets/andrewmvd/retinal-disease-classification/versions/1/Training_Set/Training_Set/Training/1736.png,False,206.76507292903653,320.86988972117956,0.6443891419936766,0.08343052053127159,150.17493695628886,1.080364943481661,0.127794519136661,2.057757688147118
/home/carld/.cache/kagglehub/datasets/andrewmvd/retinal-disease-classification/versions/1/Training_Set/Training_Set/Training/1737.png,False,188.63392282688224,377.7429032907643,0.4993711891965921,0.0959183856950584,172.6530942511051,1.0908481171327682,0.13127794001362258,2.087106295359707
/home/carld/.cache/kagglehub/datasets/andrewmvd/retinal-disease-classification/versions/1/Training_Set/Training_Set/Training/1738.png,False,149.1907407924081,174.60556779216563,0.8544443495066033,0.05142219746170412,92.55995543106742,1.1655795640102191,0.09419309837050241,2.71823448489663
/home/carld/.cache/kagglehub/datasets/andrewmvd/retinal-disease-classification/versions/1/Training_Set/Training_Set/Training/1740.png,False,116.62304689812153,151.48987852789273,0.7698405202473548,0.04232671894604647,76.18809410288364,1.1015553947683228,0.09732984188002705,3.472853057588888
/home/carld/.cache/kagglehub/datasets/andrewmvd/retinal-disease-classification/versions/1/Training_Set/Training_Set/Training/1742.png,False,131.31275645281892,202.67757675989054,0.6478899074680738,0.05235524287169007,94.23943716904213,1.1109376110210212,0.09222422670230837,3.2957374804124253
/home/carld/.cache/kagglehub/datasets/andrewmvd/retinal-disease-classification/versions/1/Training_Set/Training_Set/Training/1743.png,False,178.56820636462575,323.87746667504246,0.551344952144477,0.08191953453363157,147.45516216053682,1.107339651322418,0.13095408638349687,2.5224195974500394
/home/carld/.cache/kagglehub/datasets/andrewmvd/retinal-disease-classification/versions/1/Training_Set/Training_Set/Training/1744.png,False,128.84212709945817,180.0073409108593,0.7157604042562994,0.04948841042779572,89.07913877003229,1.084017545978988,0.09445286710343241,2.7726154889450974
/home/carld/.cache/kagglehub/datasets/andrewmvd/retinal-disease-classification/versions/1/Training_Set/Training_Set/Training/1745.png,False,152.6174782212674,231.81042002018938,0.6583719498371784,0.06387391908844905,114.9730543592083,1.0920761075046992,0.10272522742834785,2.8092419055071898
/home/carld/.cache/kagglehub/datasets/andrewmvd/retinal-disease-classification/versions/1/Training_Set/Training_Set/Training/1746.png,False,173.27291471059982,319.1685017959775,0.5428885173053866,0.08253886714671392,148.56996086408506,1.112658427844707,0.11774478419251573,2.3952091842366707
/home/carld/.cache/kagglehub/datasets/andrewmvd/retinal-disease-classification/versions/1/Training_Set/Training_Set/Training/1748.png,False,196.89777585065235,304.15029804840077,0.6473699914616527,0.08312750874143658,149.62951573458585,1.1014313895814734,0.11335671090206619,2.485878968587267
/home/carld/.cache/kagglehub/datasets/andrewmvd/retinal-disease-classification/versions/1/Training_Set/Training_Set/Training/1751.png,False,165.33167184012052,244.3108744712714,0.6767266180759461,0.06884341823811434,123.91815282860581,1.1228781541059873,0.10997421332281065,2.1664663075497153
/home/carld/.cache/kagglehub/datasets/andrewmvd/retinal-disease-classification/versions/1/Training_Set/Training_Set/Training/1752.png,False,204.60648328827048,255.67916859099594,0.800246983028855,0.08409441753670022,151.3699515660604,1.080455277224635,0.11869386384621841,1.8235331150843617
/home/carld/.cache/kagglehub/datasets/andrewmvd/retinal-disease-classification/versions/1/Training_Set/Training_Set/Training/1754.png,False,124.17927098199078,201.11895702838476,0.6174419001410436,0.054668903981567055,98.4040271668207,1.077375371604937,0.08545236009534092,1.9759773463442458
/home/carld/.cache/kagglehub/datasets/andrewmvd/retinal-disease-classification/versions/1/Training_Set/Training_Set/Training/1756.png,False,170.92531410152148,337.42120184025174,0.506563645583967,0.08690875980025488,156.43576764045878,1.094540340368656,0.12266419472080473,2.142167480450824
/home/carld/.cache/kagglehub/datasets/andrewmvd/retinal-disease-classification/versions/1/Training_Set/Training_Set/Training/1757.png,False,168.68615944895907,210.11593603683878,0.802824205677498,0.06960426613136575,125.28767903645834,1.1187720625607482,0.11766486322878439,1.907986833642314
/home/carld/.cache/kagglehub/datasets/andrewmvd/retinal-disease-classification/versions/1/Training_Set/Training_Set/Training/1759.png,False,140.60489925382694,213.21557117743913,0.6594494880339429,0.05926251815537275,106.67253267967095,1.1147341155216424,0.09979384192007923,2.43547442544743
/home/carld/.cache/kagglehub/datasets/andrewmvd/retinal-disease-classification/versions/1/Training_Set/Training_Set/Training/1760.png,False,226.55129747144008,485.10259967929386,0.4670172817486762,0.12523976961771646,225.43158531188962,1.0973093803641165,0.16327285188658827,2.435123728446721
/home/carld/.cache/kagglehub/datasets/andrewmvd/retinal-disease-classification/versions/1/Training_Set/Training_Set/Training/1764.png,False,216.34689476053927,291.3619996894907,0.7425364151505816,0.08106089821944,145.909616794992,1.1089035341122362,0.13447697575291734,2.311410802878904
/home/carld/.cache/kagglehub/datasets/andrewmvd/retinal-disease-classification/versions/1/Training_Set/Training_Set/Training/1765.png,False,160.06798108049387,288.26797867622,0.5552749279179591,0.07381145003574346,132.86061006433823,1.1309281050694546,0.10614368361972196,1.8686641913478972
/home/carld/.cache/kagglehub/datasets/andrewmvd/retinal-disease-classification/versions/1/Training_Set/Training_Set/Training/1766.png,False,145.0695215601673,186.33468232295868,0.7785427798606496,0.0533937970123722,96.10883462226997,1.1224384218042613,0.0947668472290617,2.5517349142012953
/home/carld/.cache/kagglehub/datasets/andrewmvd/retinal-disease-classification/versions/1/Training_Set/Training_Set/Training/1767.png,False,189.51829941457666,326.4860668410333,0.580478981073497,0.08570008074983637,154.26014534970548,1.0885023348060627,0.1176382848440125,2.272110659276821
/home/carld/.cache/kagglehub/datasets/andrewmvd/retinal-disease-classification/versions/1/Training_Set/Training_Set/Training/1768.png,False,123.17340044463263,213.44142023420446,0.5770829312767748,0.05587245666817443,100.57042200271398,1.0987014170299034,0.09919277813722771,3.228063283729242
/home/carld/.cache/kagglehub/datasets/andrewmvd/retinal-disease-classification/versions/1/Training_Set/Training_Set/Training/1771.png,False,146.39088708385808,216.0835208080774,0.6774736293466849,0.05908025972770922,106.3444675098766,1.0995322485159604,0.09628466204506066,2.502166377816291
/home/carld/.cache/kagglehub/datasets/andrewmvd/retinal-disease-classification/versions/1/Training_Set/Training_Set/Training/1773.png,False,128.605146534325,211.25035958956,0.6087807224763686,0.057895679920040376,104.21222385607268,1.1147569397582386,0.09334663917958953,2.299998686923067
/home/carld/.cache/kagglehub/datasets/andrewmvd/retinal-disease-classification/versions/1/Training_Set/Training_Set/Training/1775.png,False,136.90907099944545,181.2609227023614,0.7553148740407567,0.05388551460947968,96.99392629706342,1.0992142090752905,0.0847374158866208,2.37081312732604
/home/carld/.cache/kagglehub/datasets/andrewmvd/retinal-disease-classification/versions/1/Training_Set/Training_Set/Training/1777.png,False,141.9581033863593,200.35501091638451,0.7085328324810585,0.058810926345457516,105.85966742182353,1.1104290487680606,0.1018643001628102,3.4489491341457397
/home/carld/.cache/kagglehub/datasets/andrewmvd/retinal-disease-classification/versions/1/Training_Set/Training_Set/Training/1780.png,False,169.44864589814216,205.93824278004283,0.8228129152249093,0.06116687876623381,110.10038177922087,1.1051940959571,0.1136223453318017,2.54627455196727
/home/carld/.cache/kagglehub/datasets/andrewmvd/retinal-disease-classification/versions/1/Training_Set/Training_Set/Training/1781.png,False,131.40217656187602,207.60674780127573,0.6329378883563849,0.05825480192135542,104.85864345843976,1.0917853019293833,0.08837219205791547,1.9641860960289577
/home/carld/.cache/kagglehub/datasets/andrewmvd/retinal-disease-classification/versions/1/Training_Set/Training_Set/Training/1782.png,False,107.79032054757903,213.36081450515678,0.5052020484528748,0.05643674689279476,101.58614440703056,1.094116975806957,0.08339954867622286,2.139776174483609
/home/carld/.cache/kagglehub/datasets/andrewmvd/retinal-disease-classification/versions/1/Training_Set/Training_Set/Training/1785.png,False,131.62485147335312,184.18355975223744,0.7146395240183979,0.05053279771433248,90.95903588579846,1.1119717101796016,0.10042618643253116,3.0112090236164963
/home/carld/.cache/kagglehub/datasets/andrewmvd/retinal-disease-classification/versions/1/Training_Set/Training_Set/Training/1786.png,False,256.8869694295334,361.0086970825995,0.7115811101103671,0.09860450494373944,177.48810889873099,1.09501593214842,0.1386577532911742,2.2852469000290343
/home/carld/.cache/kagglehub/datasets/andrewmvd/retinal-disease-classification/versions/1/Training_Set/Training_Set/Training/1787.png,False,246.1469077335081,320.7248508267456,0.7674706437589889,0.09025724221628609,162.46303598931496,1.091017891965295,0.14310344827586208,2.6296996662958843
/home/carld/.cache/kagglehub/datasets/andrewmvd/retinal-disease-classification/versions/1/Training_Set/Training_Set/Training/1788.png,False,209.93220465500255,339.60743420328816,0.6181613931611922,0.09370034678369506,168.6606242106511,1.0974912729140336,0.13187437686939182,1.9799401794616154
/home/carld/.cache/kagglehub/datasets/andrewmvd/retinal-disease-classification/versions/1/Training_Set/Training_Set/Training/1790.png,False,226.06152467100108,272.24846115091924,0.8303500549289984,0.08498402806215508,152.97125051187913,1.0982673846220476,0.1218761811836889,2.0244543480745056
/home/carld/.cache/kagglehub/datasets/andrewmvd/retinal-disease-classification/versions/1/Training_Set/Training_Set/Training/1791.png,False,155.67671637722424,352.5354236085732,0.44159169817236604,0.09242243413571957,166.36038144429523,1.0902083844346533,0.13490792034735738,2.3008683934720766
/home/carld/.cache/kagglehub/datasets/andrewmvd/retinal-disease-classification/versions/1/Training_Set/Training_Set/Training/1792.png,False,193.89510715059131,265.59183418021564,0.7300492040693729,0.07115653434086366,128.0817618135546,1.0885283796797576,0.11321014299595003,2.731171053423562
/home/carld/.cache/kagglehub/datasets/andrewmvd/retinal-disease-classification/versions/1/Training_Set/Training_Set/Training/1794.png,False,174.04688342525293,245.1283608009657,0.710023445906253,0.06643608156240212,119.58494681232382,1.0919273987853684,0.10919205713134389,1.923324900938011
/home/carld/.cache/kagglehub/datasets/andrewmvd/retinal-disease-classification/versions/1/Training_Set/Training_Set/Training/1795.png,False,328.4814258354931,317.17548621020956,1.035645691791548,0.10863878560620685,195.54981409117232,1.162709680939959,0.14368174215342233,2.41717228034502
/home/carld/.cache/kagglehub/datasets/andrewmvd/retinal-disease-classification/versions/1/Training_Set/Training_Set/Training/1796.png,False,183.04531491475456,298.1037608257125,0.6140322229003098,0.07883103760805997,141.89586769450796,1.0893836114900584,0.11464981067422281,2.659685014623959
/home/carld/.cache/kagglehub/datasets/andrewmvd/retinal-disease-classification/versions/1/Training_Set/Training_Set/Training/1797.png,False,165.89578466579877,237.58211838015984,0.6982671330522681,0.0662444094520303,119.23993701365455,1.1642723899655623,0.09803176004971707,2.431442776305891
/home/carld/.cache/kagglehub/datasets/andrewmvd/retinal-disease-classification/versions/1/Training_Set/Training_Set/Training/1800.png,False,225.44471711595628,340.74027546759555,0.6616321384567176,0.09560416981025978,172.0875056584676,1.130249685442889,0.12706906590512101,1.9081154517980428
/home/carld/.cache/kagglehub/datasets/andrewmvd/retinal-disease-classification/versions/1/Training_Set/Training_Set/Training/1801.png,False,203.20470717810332,288.64393347279525,0.7039978451418082,0.08515151179566675,153.27272123220015,1.0851211404930305,0.10778023880445022,2.1300822322360546
/home/carld/.cache/kagglehub/datasets/andrewmvd/retinal-disease-classification/versions/1/Training_Set/Training_Set/Training/1802.png,False,202.15821058016547,402.2489623989606,0.5025698745734983,0.10346097592954281,186.22975667317706,1.132126729301484,0.12034083730103699,1.8977950353626403
/home/carld/.cache/kagglehub/datasets/andrewmvd/retinal-disease-classification/versions/1/Training_Set/Training_Set/Training/1805.png,False,163.75404463793103,255.6986600105519,0.6404180789651905,0.07107412223274827,127.93342001894689,1.134865410695943,0.1214630732497187,2.3140763509619346
/home/carld/.cache/kagglehub/datasets/andrewmvd/retinal-disease-classification/versions/1/Training_Set/Training_Set/Training/1807.png,False,129.57983843139712,170.67477104295358,0.75922081300924,0.049689628924542706,89.44133206417688,1.0971844204632906,0.08419103454142157,1.9841524298080886
/home/carld/.cache/kagglehub/datasets/andrewmvd/retinal-disease-classification/versions/1/Training_Set/Training_Set/Training/1808.png,False,195.37264075353548,278.4431653080346,0.7016607519793121,0.07844079065622774,141.19342318120994,1.1146438564741947,0.11030771171981721,2.3644592689309363
/home/carld/.cache/kagglehub/datasets/andrewmvd/retinal-disease-classification/versions/1/Training_Set/Training_Set/Training/1809.png,False,225.06540362580367,288.7886213207144,0.7793430454306478,0.08718424655021505,156.93164379038708,1.1026527889146636,0.12248086460453517,2.0479889917724967
/home/carld/.cache/kagglehub/datasets/andrewmvd/retinal-disease-classification/versions/1/Training_Set/Training_Set/Training/1810.png,False,214.23941993429088,458.3621962175367,0.467402027702594,0.11939843949817475,214.91719109671453,1.090036830000315,0.16570990250903153,1.8221408422823773
/home/carld/.cache/kagglehub/datasets/andrewmvd/retinal-disease-classification/versions/1/Training_Set/Training_Set/Training/1811.png,False,123.65527175256783,198.6283001123966,0.62254609077657,0.05108372607634436,91.95070693741984,1.083118892841873,0.08597286938689445,2.785076095540111
/home/carld/.cache/kagglehub/datasets/andrewmvd/retinal-disease-classification/versions/1/Training_Set/Training_Set/Training/1812.png,False,229.54428457983957,326.9689291878531,0.7020369952276405,0.089952926350455,161.915267430819,1.1641507789307812,0.13058952159942877,2.013700464119957
/home/carld/.cache/kagglehub/datasets/andrewmvd/retinal-disease-classification/versions/1/Training_Set/Training_Set/Training/1813.png,False,173.35173567425497,301.9402584986223,0.5741259431128358,0.07721210305207694,138.9817854937385,1.0852443250500077,0.1097222059358107,2.169080312855451
/home/carld/.cache/kagglehub/datasets/andrewmvd/retinal-disease-classification/versions/1/Training_Set/Training_Set/Training/1814.png,False,162.15585878028847,288.91593543871807,0.5612561956267841,0.07496511936187744,134.9372148513794,1.0825769500838482,0.10853748905306178,2.313610131812364
/home/carld/.cache/kagglehub/datasets/andrewmvd/retinal-disease-classification/versions/1/Training_Set/Training_Set/Training/1815.png,False,135.41000486632856,173.50548619446425,0.7804364451886068,0.04859144195144725,87.46459551260506,1.0882573079561264,0.09300732851602128,2.7662236351050935
/home/carld/.cache/kagglehub/datasets/andrewmvd/retinal-disease-classification/versions/1/Training_Set/Training_Set/Training/1816.png,False,138.64610274958414,245.73647488981976,0.5642064443699233,0.06539614213620379,117.71305584516682,1.0995330092514615,0.10720888358956757,2.515539657591579
/home/carld/.cache/kagglehub/datasets/andrewmvd/retinal-disease-classification/versions/1/Training_Set/Training_Set/Training/1817.png,False,243.78732255252422,278.7614452381511,0.8745374466840354,0.09094128682631855,163.6943162873734,1.0994252085723661,0.13726181496179202,2.260634285526877
/home/carld/.cache/kagglehub/datasets/andrewmvd/retinal-disease-classification/versions/1/Training_Set/Training_Set/Training/1819.png,False,157.89487444911921,262.8033674065352,0.6008099363691518,0.06798694228048378,122.37649610487081,1.0970107290444178,0.1073658511489119,2.566285177095659
/home/carld/.cache/kagglehub/datasets/andrewmvd/retinal-disease-classification/versions/1/Training_Set/Training_Set/Training/1820.png,False,190.82076954403405,318.62618542599125,0.5988860246652794,0.08150864894094031,146.71556809369255,1.1339555070953238,0.12221797747270352,2.431025558869199
/home/carld/.cache/kagglehub/datasets/andrewmvd/retinal-disease-classification/versions/1/Training_Set/Training_Set/Training/1821.png,False,223.16919056757993,318.3524505230002,0.7010129502724105,0.08792248855937611,158.26047940687698,1.1057783699307377,0.1265718464829935,2.4890843994236564
/home/carld/.cache/kagglehub/datasets/andrewmvd/retinal-disease-classification/versions/1/Training_Set/Training_Set/Training/1822.png,False,209.71780168441109,312.35992698158407,0.6713979085312551,0.08218496568275221,147.932938228954,1.0872877398091954,0.09939870389700765,1.9591597077244258
/home/carld/.cache/kagglehub/datasets/andrewmvd/retinal-disease-classification/versions/1/Training_Set/Training_Set/Training/1823.png,False,179.43053558517147,334.8873045667827,0.5357937823808717,0.08645364832370839,155.6165669826751,1.1308982588904535,0.1134731168792138,1.7760190741427153
/home/carld/.cache/kagglehub/datasets/andrewmvd/retinal-disease-classification/versions/1/Training_Set/Training_Set/Training/1824.png,False,148.9896431108586,202.92776328982012,0.7342003907965642,0.05906064548189678,106.3091618674142,1.1386986013604923,0.09588467416739342,2.2727892859918315
/home/carld/.cache/kagglehub/datasets/andrewmvd/retinal-disease-classification/versions/1/Training_Set/Training_Set/Training/1827.png,False,150.48349390890098,240.3432082178024,0.6261191860788125,0.062230408517389355,112.01473533130084,1.0951163548956617,0.11097850893875999,2.4333872194750854
/home/carld/.cache/kagglehub/datasets/andrewmvd/retinal-disease-classification/versions/1/Training_Set/Training_Set/Training/1828.png,False,243.33648165047464,381.03833708775335,0.6386141707164603,0.10167535794835512,183.01564430703922,1.0953942068652458,0.1421138751821645,2.4529440339529054
/home/carld/.cache/kagglehub/datasets/andrewmvd/retinal-disease-classification/versions/1/Training_Set/Training_Set/Training/1829.png,False,217.03271194852326,181.80714983959274,1.1937523476937502,0.07404476869190837,133.2805836454351,1.1074150073107347,0.12170348813378694,2.0304955527318933
/home/carld/.cache/kagglehub/datasets/andrewmvd/retinal-disease-classification/versions/1/Training_Set/Training_Set/Training/1830.png,False,190.54234246078397,196.62548797617646,0.969062273777398,0.06391376837705955,115.04478307870718,1.115346805181132,0.09774989666574814,2.3732433177183796
/home/carld/.cache/kagglehub/datasets/andrewmvd/retinal-disease-classification/versions/1/Training_Set/Training_Set/Training/1832.png,False,188.34248913529638,273.74212406393264,0.6880288876961766,0.07610584602874963,136.99052285174935,1.0949656290000878,0.12420207289450202,2.1235911867664217
/home/carld/.cache/kagglehub/datasets/andrewmvd/retinal-disease-classification/versions/1/Training_Set/Training_Set/Training/1833.png,False,234.634724587581,305.31377855465877,0.7685035562375562,0.08544546586495859,153.80183855692545,1.080852580362629,0.13226530917802065,2.503668213804462
/home/carld/.cache/kagglehub/datasets/andrewmvd/retinal-disease-classification/versions/1/Training_Set/Training_Set/Training/1837.png,False,154.71365841663993,187.0080905319499,0.8273099734698774,0.05571896451892275,100.29413613406095,1.1857282575497627,0.10812779843666996,2.632920998709873
/home/carld/.cache/kagglehub/datasets/andrewmvd/retinal-disease-classification/versions/1/Training_Set/Training_Set/Training/1838.png,False,154.73035226490086,294.3367507328478,0.525691582446463,0.07669092315474367,138.0436616785386,1.081375611662448,0.10484395318595578,2.1529403265424074
/home/carld/.cache/kagglehub/datasets/andrewmvd/retinal-disease-classification/versions/1/Training_Set/Training_Set/Training/1839.png,False,192.50773704938922,282.0823091596173,0.6824523580472323,0.07753753175540846,139.56755715973523,1.0932631837312643,0.10265675746847296,1.9964449776165256
/home/carld/.cache/kagglehub/datasets/andrewmvd/retinal-disease-classification/versions/1/Training_Set/Training_Set/Training/1840.png,False,161.55017235441022,384.5955501996797,0.4200521099907015,0.09787634702829215,176.17742465092587,1.1109740312140461,0.09510532310987946,1.5051258946938912
/home/carld/.cache/kagglehub/datasets/andrewmvd/retinal-disease-classification/versions/1/Training_Set/Training_Set/Training/1841.png,False,149.1215830177551,272.66646745799574,0.5469010707769825,0.07039450024658779,126.71010044385802,1.0967182826276691,0.13177863650101462,3.0160183066361554
/home/carld/.cache/kagglehub/datasets/andrewmvd/retinal-disease-classification/versions/1/Training_Set/Training_Set/Training/1844.png,False,161.04187040648912,314.6349976856025,0.5118371179019615,0.08156206378829008,146.81171481892213,1.1151580184430774,0.11422644322712391,2.5981561144116654
/home/carld/.cache/kagglehub/datasets/andrewmvd/retinal-disease-classification/versions/1/Training_Set/Training_Set/Training/1848.png,False,156.67667090091757,216.48776156535462,0.7237206841072126,0.06013782415012855,108.24808347023139,1.0980955976766007,0.10563092021940026,2.375263053978436
/home/carld/.cache/kagglehub/datasets/andrewmvd/retinal-disease-classification/versions/1/Training_Set/Training_Set/Training/1849.png,False,183.34630236243265,287.4672077890516,0.6377990163558945,0.07954711045405662,143.1847988173019,1.0826564060912116,0.12710911136107986,2.3711379143300517
/home/carld/.cache/kagglehub/datasets/andrewmvd/retinal-disease-classification/versions/1/Training_Set/Training_Set/Training/1850.png,False,164.32585099226773,203.89725841931633,0.8059247694950872,0.05937282314077455,106.87108165339419,1.0896386861577523,0.10680102347032253,2.702625011845721
/home/carld/.cache/kagglehub/datasets/andrewmvd/retinal-disease-classification/versions/1/Training_Set/Training_Set/Training/1852.png,False,341.6193015957814,326.55751925194545,1.046122907775446,0.11288267738965092,203.18881930137167,1.1678672926283857,0.12607021777854394,2.209312570629585
/home/carld/.cache/kagglehub/datasets/andrewmvd/retinal-disease-classification/versions/1/Training_Set/Training_Set/Training/1853.png,False,206.23228161516556,278.0717257360732,0.7416513889330384,0.08087268847006339,145.5708392461141,1.0952600512923139,0.12943097909014928,2.1593043851645106
/home/carld/.cache/kagglehub/datasets/andrewmvd/retinal-disease-classification/versions/1/Training_Set/Training_Set/Training/1855.png,False,265.24139365275954,335.9091756680563,0.7896223529031243,0.09243086720189303,166.37556096340745,1.1125689357795596,0.16351757389420726,2.4716791279435397
/home/carld/.cache/kagglehub/datasets/andrewmvd/retinal-disease-classification/versions/1/Training_Set/Training_Set/Training/1856.png,False,161.10377273544898,263.34822564889134,0.6117518822786387,0.069578750928243,125.2417516708374,1.1150537110882022,0.11772764700871688,2.665748601607087
/home/carld/.cache/kagglehub/datasets/andrewmvd/retinal-disease-classification/versions/1/Training_Set/Training_Set/Training/1858.png,False,219.31645771298167,248.0966850990318,0.8839959212894681,0.0791708103515817,142.50745863284706,1.2217469853661933,0.11989750524929713,2.460218038601611
/home/carld/.cache/kagglehub/datasets/andrewmvd/retinal-disease-classification/versions/1/Training_Set/Training_Set/Training/1859.png,False,172.12666763972064,207.6540499571122,0.8289107179718902,0.061609167270559484,110.89650108700707,1.1539034251808176,0.08700456037349567,1.9565302165364993
/home/carld/.cache/kagglehub/datasets/andrewmvd/retinal-disease-classification/versions/1/Training_Set/Training_Set/Training/1860.png,False,132.36530183555152,220.82099875127082,0.5994235266757653,0.05852058477569045,105.33705259624281,1.0847442150728557,0.09099436667367201,2.152740544059378
/home/carld/.cache/kagglehub/datasets/andrewmvd/retinal-disease-classification/versions/1/Training_Set/Training_Set/Training/1861.png,False,203.08023980701822,412.0633471411985,0.4928374270993588,0.10900970198150373,196.2174635667067,1.0875700101138488,0.139951699499032,1.9203041734027904
/home/carld/.cache/kagglehub/datasets/andrewmvd/retinal-disease-classification/versions/1/Training_Set/Training_Set/Training/1862.png,False,123.89699571771047,209.88996425138436,0.5902949965216991,0.05616915877399548,101.10448579319187,1.152205783637947,0.10352487815935622,2.5907197098492576
/home/carld/.cache/kagglehub/datasets/andrewmvd/retinal-disease-classification/versions/1/Training_Set/Training_Set/Training/1863.png,False,153.41932358229434,241.65068393024728,0.6348805684596323,0.062357623760516824,112.24372276893028,1.1120084485031372,0.10749756422550073,2.7414690127122396
/home/carld/.cache/kagglehub/datasets/andrewmvd/retinal-disease-classification/versions/1/Training_Set/Training_Set/Training/1864.png,False,156.95313664843084,291.4845122514218,0.5384613248783864,0.07473747585759019,134.52745654366234,1.0788016164818406,0.09943546533465637,2.0504325109178874
/home/carld/.cache/kagglehub/datasets/andrewmvd/retinal-disease-classification/versions/1/Training_Set/Training_Set/Training/1865.png,False,141.84065901753817,176.5502613558435,0.8034010141262445,0.05307722328907222,95.53900192033,1.0927855518556284,0.09555376166635517,2.44051998043512
/home/carld/.cache/kagglehub/datasets/andrewmvd/retinal-disease-classification/versions/1/Training_Set/Training_Set/Training/1868.png,False,160.90224097972057,294.4112531554598,0.5465220478334039,0.07744159503858916,139.3948710694605,1.1051112298330106,0.1089492689578546,2.3330092674427414
/home/carld/.cache/kagglehub/datasets/andrewmvd/retinal-disease-classification/versions/1/Training_Set/Training_Set/Training/1869.png,False,122.3932417125728,172.80433049071544,0.708276472962284,0.04808136992984348,86.54646587371826,1.0871692915532811,0.09032601850506225,2.791745385845081
/home/carld/.cache/kagglehub/datasets/andrewmvd/retinal-disease-classification/versions/1/Training_Set/Training_Set/Training/1871.png,False,136.31472442143243,193.58417616793338,0.7041625360080053,0.05535981421377145,99.64766558478861,1.083570357418526,0.06602945479371891,1.7299001918137782
/home/carld/.cache/kagglehub/datasets/andrewmvd/retinal-disease-classification/versions/1/Training_Set/Training_Set/Training/1872.png,False,136.9557505834689,314.4705890922759,0.4355121125278957,0.07975355472440034,143.5563985039206,1.1033077410061598,0.10960115082012006,2.187827987752445
/home/carld/.cache/kagglehub/datasets/andrewmvd/retinal-disease-classification/versions/1/Training_Set/Training_Set/Training/1873.png,False,116.23053469091488,170.93365688558282,0.6799745398807893,0.04626553217569987,83.27795791625977,1.0800328598623217,0.0992009506223268,3.1111276149709512
/home/carld/.cache/kagglehub/datasets/andrewmvd/retinal-disease-classification/versions/1/Training_Set/Training_Set/Training/1874.png,False,204.7366041426647,325.77576613367427,0.6284586682812249,0.08918712227432816,160.5368200937907,1.1474279403453596,0.12099886091709419,1.9772360020839037
/home/carld/.cache/kagglehub/datasets/andrewmvd/retinal-disease-classification/versions/1/Training_Set/Training_Set/Training/1875.png,False,188.77347367200895,287.6892939500848,0.6561713544500611,0.07633457168843012,137.40222903917422,1.106122636889353,0.11442240990122994,2.321525705539712
/home/carld/.cache/kagglehub/datasets/andrewmvd/retinal-disease-classification/versions/1/Training_Set/Training_Set/Training/1876.png,False,220.03850073785458,436.80708061505555,0.5037429806037591,0.11222754261357998,202.00957670444396,1.1805591978139236,0.16629391818772093,2.4380816679893225
/home/carld/.cache/kagglehub/datasets/andrewmvd/retinal-disease-classification/versions/1/Training_Set/Training_Set/Training/1877.png,False,168.67296317389793,299.33461714322885,0.5634930058663727,0.07840902724508513,141.13624904115323,1.1995006950568479,0.11172025700155187,2.4045308851469924
/home/carld/.cache/kagglehub/datasets/andrewmvd/retinal-disease-classification/versions/1/Training_Set/Training_Set/Training/1878.png,False,178.16056433910032,226.83843822978636,0.7854072957362915,0.06598376536714858,118.77077766086744,1.1127586967502179,0.10538825538319055,2.9919903334105116
/home/carld/.cache/kagglehub/datasets/andrewmvd/retinal-disease-classification/versions/1/Training_Set/Training_Set/Training/1879.png,True,195.64067074182367,285.54632531675793,0.6851451179587008,0.07771685676448081,139.89034217606547,1.078854357755978,0.1087094663163785,2.381294109131063
/home/carld/.cache/kagglehub/datasets/andrewmvd/retinal-disease-classification/versions/1/Training_Set/Training_Set/Training/1880.png,False,210.7864166508446,253.96515755845977,0.8299816347930485,0.07173392194690126,129.12105950442228,1.1082527288219262,0.11587536857207661,2.7073102546114365
/home/carld/.cache/kagglehub/datasets/andrewmvd/retinal-disease-classification/versions/1/Training_Set/Training_Set/Training/1881.png,False,189.82341103114913,304.6889279045729,0.6230072498420451,0.08462293324647127,152.32127984364828,1.2054600121175085,0.12626890253031892,2.2328192843240005
/home/carld/.cache/kagglehub/datasets/andrewmvd/retinal-disease-classification/versions/1/Training_Set/Training_Set/Training/1882.png,True,162.91769835396332,257.3291748048367,0.6331100951826514,0.06807968496282849,122.54343293309127,1.1126294964873136,0.11871406631487753,2.701816415412418
/home/carld/.cache/kagglehub/datasets/andrewmvd/retinal-disease-classification/versions/1/Training_Set/Training_Set/Training/1883.png,False,89.1361122338753,181.7818661791233,0.49034655715352155,0.048665353517492106,87.59763633148579,1.0810665216582385,0.06948503923059773,2.7664947178420576
/home/carld/.cache/kagglehub/datasets/andrewmvd/retinal-disease-classification/versions/1/Training_Set/Training_Set/Training/1884.png,False,174.46956701850792,259.68864709168787,0.6718413337372744,0.0720019111525541,129.6034400745974,1.1475721807344224,0.11678516954124135,2.802759591693066
/home/carld/.cache/kagglehub/datasets/andrewmvd/retinal-disease-classification/versions/1/Training_Set/Training_Set/Training/1885.png,False,192.4853385927673,260.21895084031524,0.7397053057480313,0.07452294129092676,134.14129432366818,1.0785281550913886,0.11911213005418925,2.2263443101292206
/home/carld/.cache/kagglehub/datasets/andrewmvd/retinal-disease-classification/versions/1/Training_Set/Training_Set/Training/1886.png,False,162.7308423490948,292.13902914152914,0.5570321871312118,0.07929606842838861,142.73292317109951,1.1114675388783237,0.10001944721297129,1.9030313343219
/home/carld/.cache/kagglehub/datasets/andrewmvd/retinal-disease-classification/versions/1/Training_Set/Training_Set/Training/1888.png,False,141.59060515815753,297.0123457712713,0.476716228042575,0.07817240644384313,140.71033159891763,1.1177833681101184,0.11098966911214253,1.929630184159305
/home/carld/.cache/kagglehub/datasets/andrewmvd/retinal-disease-classification/versions/1/Training_Set/Training_Set/Training/1889.png,False,191.42326739056114,308.91747433942487,0.6196582689272984,0.08358220789167616,150.4479742050171,1.0981727077741454,0.13412013149913507,2.2389300343724963
/home/carld/.cache/kagglehub/datasets/andrewmvd/retinal-disease-classification/versions/1/Training_Set/Training_Set/Training/1890.png,False,94.95175484510138,161.23683241252857,0.5888961810051246,0.041774226345896295,75.19360742261333,1.0886465830729788,0.0884830785349324,3.7670802659250056
/home/carld/.cache/kagglehub/datasets/andrewmvd/retinal-disease-classification/versions/1/Training_Set/Training_Set/Training/1893.png,False,145.6572821239644,208.46059965265158,0.6987281163282966,0.05812155589079246,104.61880060342642,1.1057303598874884,0.10399482617912302,2.6737053899100225
/home/carld/.cache/kagglehub/datasets/andrewmvd/retinal-disease-classification/versions/1/Training_Set/Training_Set/Training/1894.png,False,192.9810680243729,226.98556769892159,0.8501909173377358,0.07000138048540082,126.00248487372147,1.0934174774749068,0.11283811061768267,2.411348038316145
/home/carld/.cache/kagglehub/datasets/andrewmvd/retinal-disease-classification/versions/1/Training_Set/Training_Set/Training/1895.png,False,142.7467569410757,200.38631546559745,0.7123578105091842,0.05546132320367196,99.83038176660953,1.1080938479108002,0.10221209548651584,2.9094356055440946
/home/carld/.cache/kagglehub/datasets/andrewmvd/retinal-disease-classification/versions/1/Training_Set/Training_Set/Training/1896.png,False,163.6200829984372,202.3937277796304,0.808424672016464,0.0593397461000036,106.81154298000648,1.0898062691338528,0.10287497259624453,2.2093493966075424
/home/carld/.cache/kagglehub/datasets/andrewmvd/retinal-disease-classification/versions/1/Training_Set/Training_Set/Training/1897.png,False,162.87937764226476,245.04572389932983,0.6646897364721173,0.0654392945961874,117.79073027313731,1.1087070635762297,0.11509221389078239,2.738023555252594
/home/carld/.cache/kagglehub/datasets/andrewmvd/retinal-disease-classification/versions/1/Training_Set/Training_Set/Training/1898.png,False,156.46216460530042,225.0617809571387,0.6951965097756755,0.060743353984974054,109.33803717295329,1.1492437038574084,0.11119192691665074,2.6236689636827624
/home/carld/.cache/kagglehub/datasets/andrewmvd/retinal-disease-classification/versions/1/Training_Set/Training_Set/Training/1899.png,False,133.54958845379798,193.189946228277,0.691286431106478,0.05392245969910552,97.06042745838994,1.1329640421072722,0.0982596628925481,2.6523214806565374
/home/carld/.cache/kagglehub/datasets/andrewmvd/retinal-disease-classification/versions/1/Training_Set/Training_Set/Training/1900.png,False,147.24511545716572,242.87679721299256,0.6062543526051114,0.06293410582420154,113.28139048356277,1.1233249562644116,0.10025168182119236,2.7042076280407614
/home/carld/.cache/kagglehub/datasets/andrewmvd/retinal-disease-classification/versions/1/Training_Set/Training_Set/Training/1901.png,False,146.88109603763263,199.0232319693245,0.7380098020932121,0.05484916962368388,98.72850532263098,1.1466023058808923,0.11132308670656595,2.8983901821109694
/home/carld/.cache/kagglehub/datasets/andrewmvd/retinal-disease-classification/versions/1/Training_Set/Training_Set/Training/1904.png,False,106.34919695132871,179.45323566080074,0.5926290298401086,0.04849872067200011,87.2976972096002,1.0911978959424928,0.08705984669215056,2.683089618348401
/home/carld/.cache/kagglehub/datasets/andrewmvd/retinal-disease-classification/versions/1/Training_Set/Training_Set/Training/1905.png,False,128.13170664398416,193.1904746903775,0.6632402909581246,0.05699817591874057,102.59671665373303,1.1077111478815298,0.09055474698765077,2.434352961753003
/home/carld/.cache/kagglehub/datasets/andrewmvd/retinal-disease-classification/versions/1/Training_Set/Training_Set/Training/1911.png,False,111.70000176402327,172.46767726338564,0.6476575990145652,0.04468524502772911,80.4334410499124,1.0884783283686124,0.09962031436084286,4.027645123633662
/home/carld/.cache/kagglehub/datasets/andrewmvd/retinal-disease-classification/versions/1/Training_Set/Training_Set/Training/1912.png,False,109.77522591162591,159.78522510986195,0.687017374955343,0.044581964791539204,80.24753662477056,1.107658345857384,0.09679959376245388,3.761766104876136
/home/carld/.cache/kagglehub/datasets/andrewmvd/retinal-disease-classification/versions/1/Training_Set/Training_Set/Training/1913.png,False,133.7253542245349,173.31851499329076,0.7715583890717704,0.048734567534755656,87.72222156256018,1.103989954435271,0.09179758074229571,2.5410809229657416
/home/carld/.cache/kagglehub/datasets/andrewmvd/retinal-disease-classification/versions/1/Training_Set/Training_Set/Training/1918.png,False,136.27523262421485,220.84176135108243,0.6170718427099111,0.060200977088207035,108.36175875877267,1.0997164623637072,0.09131366493142097,2.729676812629437
/home/carld/.cache/kagglehub/datasets/andrewmvd/retinal-disease-classification/versions/1/Training_Set/Training_Set/Training/1920.png,False,99.4012196248419,199.21301435151287,0.4989695073307194,0.0515789661878421,92.84213913811578,1.10875744480154,0.0929127795461264,3.0521384032614
/home/carld/.cache/kagglehub/datasets/andrewmvd/retinal-disease-classification/versions/1/Evaluation_Set/Evaluation_Set/Validation/116.png,False,138.48330620654946,208.68306099016493,0.6636058794109603,0.056232714534398924,101.21888616191806,1.135185936096077,0.09153048511496453,2.4983590345208717
/home/carld/.cache/kagglehub/datasets/andrewmvd/retinal-disease-classification/versions/1/Evaluation_Set/Evaluation_Set/Validation/122.png,False,170.17465611525162,242.93335160544964,0.7004993550314733,0.06766528414006819,121.79751145212273,1.1273006657426883,0.09898456913212872,2.0025278399852744
/home/carld/.cache/kagglehub/datasets/andrewmvd/retinal-disease-classification/versions/1/Evaluation_Set/Evaluation_Set/Validation/127.png,False,96.58941678762284,189.93891801779492,0.5085288354573738,0.04917391141255696,88.51304054260252,1.0876333446113782,0.08483849073937874,2.837964289124415
/home/carld/.cache/kagglehub/datasets/andrewmvd/retinal-disease-classification/versions/1/Evaluation_Set/Evaluation_Set/Validation/135.png,False,136.96698040312782,200.26596316901313,0.6839254071723384,0.055060690813103816,99.10924346358686,1.1284489340195083,0.10243058589176816,3.214580020618917
/home/carld/.cache/kagglehub/datasets/andrewmvd/retinal-disease-classification/versions/1/Evaluation_Set/Evaluation_Set/Validation/138.png,False,142.8976174104848,239.73141321439752,0.5960738123321705,0.06651702344091864,119.73064219365355,1.0933005706449554,0.09942498193738693,2.0797979375779976
/home/carld/.cache/kagglehub/datasets/andrewmvd/retinal-disease-classification/versions/1/Evaluation_Set/Evaluation_Set/Validation/150.png,False,101.70514671033024,187.678004354695,0.5419129804796753,0.049246845111041,88.6443211998738,1.094853846464801,0.0797639850423075,2.526187077869818
/home/carld/.cache/kagglehub/datasets/andrewmvd/retinal-disease-classification/versions/1/Evaluation_Set/Evaluation_Set/Validation/164.png,False,99.82771525916021,159.17093586996012,0.6271730119166838,0.04241476211373664,76.34657180472595,1.096344224785309,0.08053642656959555,2.5912192294980283
/home/carld/.cache/kagglehub/datasets/andrewmvd/retinal-disease-classification/versions/1/Evaluation_Set/Evaluation_Set/Validation/170.png,False,300.1899542589701,412.8373472637355,0.7271385601341873,0.12914264299036043,232.4567573826488,1.1380667233552226,0.1416229292209335,2.141255750664161
/home/carld/.cache/kagglehub/datasets/andrewmvd/retinal-disease-classification/versions/1/Evaluation_Set/Evaluation_Set/Validation/171.png,True,155.67619746202897,368.7156383840783,0.4222120823089865,0.09190406334908972,165.4273140283615,1.1423656514594416,0.12376683395791677,2.8777366215239675
/home/carld/.cache/kagglehub/datasets/andrewmvd/retinal-disease-classification/versions/1/Evaluation_Set/Evaluation_Set/Validation/184.png,False,133.4760610718452,184.32519219031002,0.7241335787353219,0.05347510831273017,96.2551949629143,1.0900377310454497,0.08614033879995552,2.2351900785308434
/home/carld/.cache/kagglehub/datasets/andrewmvd/retinal-disease-classification/versions/1/Evaluation_Set/Evaluation_Set/Validation/185.png,False,120.6961640121262,206.8261840373101,0.5835632687124054,0.05424471868984941,97.64049364172894,1.088547505719579,0.08602683766307097,2.290186528141249
/home/carld/.cache/kagglehub/datasets/andrewmvd/retinal-disease-classification/versions/1/Evaluation_Set/Evaluation_Set/Validation/188.png,False,156.45188677778577,240.61472475866105,0.65021742511689,0.0691351594224488,124.44328696040785,1.1148656592886992,0.10131880845753359,2.533321200382188
/home/carld/.cache/kagglehub/datasets/andrewmvd/retinal-disease-classification/versions/1/Evaluation_Set/Evaluation_Set/Validation/215.png,False,188.81668038355156,281.3089788393902,0.6712074430135914,0.0830733840968333,149.53209137429994,1.0926644547714255,0.11389959761436778,1.8336299908050242
/home/carld/.cache/kagglehub/datasets/andrewmvd/retinal-disease-classification/versions/1/Evaluation_Set/Evaluation_Set/Validation/216.png,False,135.0458395990781,239.84617137023898,0.5630518879145014,0.06594628421821405,118.7033115927853,1.0842588015333539,0.08095581718591845,2.1506661565358893
/home/carld/.cache/kagglehub/datasets/andrewmvd/retinal-disease-classification/versions/1/Evaluation_Set/Evaluation_Set/Validation/239.png,False,252.8529693116348,290.9900710792104,0.8689401957044978,0.08677677385734789,156.1981929432262,1.0819247949648345,0.12414525839758084,2.069973029667366
/home/carld/.cache/kagglehub/datasets/andrewmvd/retinal-disease-classification/versions/1/Evaluation_Set/Evaluation_Set/Validation/240.png,False,206.75250363652435,294.9344555799337,0.7010116984466399,0.08102505318602624,145.84509573484723,1.1062660910764435,0.11110379129747357,2.1276194868078657
/home/carld/.cache/kagglehub/datasets/andrewmvd/retinal-disease-classification/versions/1/Evaluation_Set/Evaluation_Set/Validation/249.png,False,128.41360991340073,233.39504652872373,0.5501985231618742,0.06296024452987596,113.32844015377673,1.1179240731039106,0.09182365589147733,2.157050259221864
/home/carld/.cache/kagglehub/datasets/andrewmvd/retinal-disease-classification/versions/1/Evaluation_Set/Evaluation_Set/Validation/260.png,False,102.22370189599621,165.18852689117705,0.6188305194061037,0.045721003503510445,82.2978063063188,1.1011191102608258,0.09493548927613941,3.013941018766756
/home/carld/.cache/kagglehub/datasets/andrewmvd/retinal-disease-classification/versions/1/Evaluation_Set/Evaluation_Set/Validation/262.png,False,166.94112252430887,204.38754392684484,0.8167871647993435,0.06159984189911751,110.87971541841152,1.100044863014134,0.10453928517568994,2.510547428743779
/home/carld/.cache/kagglehub/datasets/andrewmvd/retinal-disease-classification/versions/1/Evaluation_Set/Evaluation_Set/Validation/285.png,False,112.18677426645206,171.18402293850733,0.6553577392368666,0.044282141536351585,79.70785476543286,1.098069620902936,0.09742563673381836,3.3524391573276695
/home/carld/.cache/kagglehub/datasets/andrewmvd/retinal-disease-classification/versions/1/Evaluation_Set/Evaluation_Set/Validation/287.png,False,166.81999084791016,150.26005083058953,1.1102085346423256,0.05359217872867336,96.46592171161205,1.0991708596706329,0.0899329685412057,2.857046632311988
/home/carld/.cache/kagglehub/datasets/andrewmvd/retinal-disease-classification/versions/1/Evaluation_Set/Evaluation_Set/Validation/289.png,False,130.3662283792206,173.18868234224905,0.7527410372093234,0.04848145272996691,87.26661491394043,1.1266855896748769,0.09849419388795684,2.8347971972762265
/home/carld/.cache/kagglehub/datasets/andrewmvd/retinal-disease-classification/versions/1/Evaluation_Set/Evaluation_Set/Validation/293.png,False,103.46492683319755,188.96895125406073,0.5475234219514366,0.04858815623264686,87.45868121876435,1.108417597201829,0.08871847700117248,2.79452528278358
/home/carld/.cache/kagglehub/datasets/andrewmvd/retinal-disease-classification/versions/1/Evaluation_Set/Evaluation_Set/Validation/294.png,False,127.08220008184037,171.49761008152598,0.7410144084306973,0.04886645052856181,87.95961095141126,1.1364475338318665,0.09414120800462977,2.4631978922359967
/home/carld/.cache/kagglehub/datasets/andrewmvd/retinal-disease-classification/versions/1/Evaluation_Set/Evaluation_Set/Validation/313.png,False,165.0552438986666,200.8664790481743,0.8217162200522317,0.06147162623248749,110.64892721847748,1.0967171042037331,0.09563300200807806,2.737801726306737
/home/carld/.cache/kagglehub/datasets/andrewmvd/retinal-disease-classification/versions/1/Evaluation_Set/Evaluation_Set/Validation/316.png,False,106.204222750105,211.9650370980066,0.501045947030402,0.054866610517824335,98.7598989320838,1.098889926871676,0.09367426239604425,2.2256387989206767
/home/carld/.cache/kagglehub/datasets/andrewmvd/retinal-disease-classification/versions/1/Evaluation_Set/Evaluation_Set/Validation/322.png,False,160.82905497854094,264.5289045551705,0.6079829168347015,0.06856319984952032,123.41375972913657,1.1268597031427618,0.13122986002318088,3.7029727561040846
/home/carld/.cache/kagglehub/datasets/andrewmvd/retinal-disease-classification/versions/1/Evaluation_Set/Evaluation_Set/Validation/323.png,False,296.5632137340074,609.0807473583685,0.4869029517354235,0.15616354942321778,281.094388961792,1.1161893772903106,0.17231652397683972,2.029989607561736
/home/carld/.cache/kagglehub/datasets/andrewmvd/retinal-disease-classification/versions/1/Evaluation_Set/Evaluation_Set/Validation/345.png,False,141.0543548359009,238.05309998210686,0.5925331568734169,0.06228526770058325,112.11348186104985,1.1204346008776958,0.10352162326876427,2.383040760966982
/home/carld/.cache/kagglehub/datasets/andrewmvd/retinal-disease-classification/versions/1/Evaluation_Set/Evaluation_Set/Validation/349.png,False,106.1697204129198,238.89303965093654,0.4444236657880525,0.061412244426960846,110.54203996852952,1.1023243198812926,0.08288432116011442,1.467704383689217
/home/carld/.cache/kagglehub/datasets/andrewmvd/retinal-disease-classification/versions/1/Evaluation_Set/Evaluation_Set/Validation/353.png,False,132.1700308253425,214.3424244272669,0.6166302876274125,0.05550232488815099,99.90418479867178,1.1424176839605191,0.09764446622911362,2.7065804312567496
/home/carld/.cache/kagglehub/datasets/andrewmvd/retinal-disease-classification/versions/1/Evaluation_Set/Evaluation_Set/Validation/361.png,False,155.5846292956434,261.6829319448671,0.5945539823301234,0.06902966930367853,124.25340474662136,1.0835977290349648,0.10486119687229853,2.0600971069411314
/home/carld/.cache/kagglehub/datasets/andrewmvd/retinal-disease-classification/versions/1/Evaluation_Set/Evaluation_Set/Validation/369.png,False,135.97685468446377,247.39943202791665,0.5496247649797357,0.06713502053861266,120.84303696950279,1.098100821076095,0.08033119843747191,1.732500943627965
/home/carld/.cache/kagglehub/datasets/andrewmvd/retinal-disease-classification/versions/1/Evaluation_Set/Evaluation_Set/Validation/382.png,False,95.58350066854598,207.4447248597865,0.46076611845951543,0.05352382082917375,96.34287749251276,1.102085310723468,0.10227102847648459,2.9646126181537054
/home/carld/.cache/kagglehub/datasets/andrewmvd/retinal-disease-classification/versions/1/Evaluation_Set/Evaluation_Set/Validation/383.png,False,151.32889419474526,208.72957035216584,0.7249997877129969,0.060986869212047594,109.77636458168567,1.1029934947526423,0.10341969454393167,2.278382941225227
/home/carld/.cache/kagglehub/datasets/andrewmvd/retinal-disease-classification/versions/1/Evaluation_Set/Evaluation_Set/Validation/394.png,False,153.77825131258942,226.19844879620717,0.6798377801924518,0.0681199023217866,122.61582417921586,1.1749067424676665,0.09807454968085831,1.5949512769453258
/home/carld/.cache/kagglehub/datasets/andrewmvd/retinal-disease-classification/versions/1/Evaluation_Set/Evaluation_Set/Validation/397.png,False,157.8280281088077,267.0449704881344,0.5910166659207703,0.06870628615557137,123.67131508002846,1.1531015882418145,0.10195168257507141,2.1395875426740054
/home/carld/.cache/kagglehub/datasets/andrewmvd/retinal-disease-classification/versions/1/Evaluation_Set/Evaluation_Set/Validation/407.png,False,172.19363528783418,242.2234560896726,0.7108875336337661,0.06744204975708186,121.39568956274735,1.0816206812355038,0.11621803855205055,2.1582802295142653
/home/carld/.cache/kagglehub/datasets/andrewmvd/retinal-disease-classification/versions/1/Evaluation_Set/Evaluation_Set/Validation/410.png,False,119.89311394318852,192.97526872526404,0.6212874568599696,0.054792767379716126,98.62698128348903,1.0789552015966792,0.08062746238663106,1.5576694254210848
/home/carld/.cache/kagglehub/datasets/andrewmvd/retinal-disease-classification/versions/1/Evaluation_Set/Evaluation_Set/Validation/411.png,False,110.43006250463777,157.6386752557096,0.700526455995056,0.0475191517152648,85.53447308747664,1.0917876384357525,0.07708160128989998,1.861416370644698
/home/carld/.cache/kagglehub/datasets/andrewmvd/retinal-disease-classification/versions/1/Evaluation_Set/Evaluation_Set/Validation/421.png,False,145.23475796495592,221.73229063217065,0.6550004852738582,0.05915186230072194,106.47335214129949,1.1594641078771688,0.09269086822010822,2.264892298066116
/home/carld/.cache/kagglehub/datasets/andrewmvd/retinal-disease-classification/versions/1/Evaluation_Set/Evaluation_Set/Validation/423.png,False,188.37025252298918,260.95085133558536,0.7218610384249835,0.06953782657456528,125.1680878342175,1.1062216926718547,0.11043167013549936,2.3189729799421657
/home/carld/.cache/kagglehub/datasets/andrewmvd/retinal-disease-classification/versions/1/Evaluation_Set/Evaluation_Set/Validation/431.png,False,119.24829755986705,143.88949010110713,0.8287491843641576,0.04567989475650874,82.22381056171574,1.0930762066182265,0.08179802336962641,2.2738005526249685
/home/carld/.cache/kagglehub/datasets/andrewmvd/retinal-disease-classification/versions/1/Evaluation_Set/Evaluation_Set/Validation/433.png,False,104.75490719128585,188.8977989545545,0.5545586437271725,0.04879583694316723,87.832506497701,1.0910146909275795,0.09165587475766097,3.0327128943516812
/home/carld/.cache/kagglehub/datasets/andrewmvd/retinal-disease-classification/versions/1/Evaluation_Set/Evaluation_Set/Validation/435.png,False,136.80913610939305,191.21416294467264,0.7154759563964854,0.052141283745090715,93.85431074116329,1.132065851828097,0.09247210130088372,2.6723217037734495
/home/carld/.cache/kagglehub/datasets/andrewmvd/retinal-disease-classification/versions/1/Evaluation_Set/Evaluation_Set/Validation/436.png,False,156.39350086604458,210.91027073742032,0.7415167612237897,0.059690393468059565,107.44270824250722,1.1064264400481314,0.0848475959498604,2.0704426762769303
/home/carld/.cache/kagglehub/datasets/andrewmvd/retinal-disease-classification/versions/1/Evaluation_Set/Evaluation_Set/Validation/437.png,False,193.90222747611338,316.1929186687787,0.6132402594355113,0.0862568660215898,155.26235883886164,1.088328065322675,0.10615289985912418,2.109830221499104
/home/carld/.cache/kagglehub/datasets/andrewmvd/retinal-disease-classification/versions/1/Evaluation_Set/Evaluation_Set/Validation/438.png,False,171.84610530392334,230.80842681756755,0.744539996538998,0.06687430996712439,120.3737579408239,1.0792352591392855,0.11566153465053286,2.4433243401885867
/home/carld/.cache/kagglehub/datasets/andrewmvd/retinal-disease-classification/versions/1/Evaluation_Set/Evaluation_Set/Validation/440.png,False,120.64018914929332,145.45578787377167,0.8293942160210659,0.04574522891628088,82.34141204930559,1.1150804634409586,0.08995579511532208,2.914376894358724
/home/carld/.cache/kagglehub/datasets/andrewmvd/retinal-disease-classification/versions/1/Evaluation_Set/Evaluation_Set/Validation/441.png,False,135.26620718652643,256.67351202044216,0.5269971417064394,0.0677597207367105,121.96749732607888,1.126217142627617,0.11213652838199788,2.72549677433548
/home/carld/.cache/kagglehub/datasets/andrewmvd/retinal-disease-classification/versions/1/Evaluation_Set/Evaluation_Set/Validation/444.png,False,124.01537358881606,195.87651939796174,0.6331303719812093,0.05256262263238142,94.61272073828655,1.0913928983708148,0.0952166407646085,2.716840725122634
/home/carld/.cache/kagglehub/datasets/andrewmvd/retinal-disease-classification/versions/1/Evaluation_Set/Evaluation_Set/Validation/445.png,False,125.01803987493389,206.38325062313174,0.6057567147405016,0.053923233573985214,97.06182043317338,1.0983967476787058,0.10750314234959625,3.320751566536644
/home/carld/.cache/kagglehub/datasets/andrewmvd/retinal-disease-classification/versions/1/Evaluation_Set/Evaluation_Set/Validation/446.png,False,134.65042582465728,250.7209709207893,0.5370529051883642,0.06471776250583022,116.4919725104944,1.0876668748718754,0.08952342885553709,2.3964845749270056
/home/carld/.cache/kagglehub/datasets/andrewmvd/retinal-disease-classification/versions/1/Evaluation_Set/Evaluation_Set/Validation/447.png,False,136.2029364644858,244.49985641175866,0.557067551954339,0.06532717141948763,117.58890855507774,1.1138159564982677,0.11284846773054653,2.452060443440192
/home/carld/.cache/kagglehub/datasets/andrewmvd/retinal-disease-classification/versions/1/Evaluation_Set/Evaluation_Set/Validation/448.png,False,169.8260073475927,205.37365573177203,0.8269123259382095,0.062232453395158815,112.01841611128587,1.122037193646584,0.09928109689175493,2.073948820820358
/home/carld/.cache/kagglehub/datasets/andrewmvd/retinal-disease-classification/versions/1/Evaluation_Set/Evaluation_Set/Validation/450.png,False,160.41290917974158,292.5643479462983,0.5482995802659666,0.07815632852567296,140.68139134621134,1.077037226061977,0.11584913656107639,1.8013560758554932
/home/carld/.cache/kagglehub/datasets/andrewmvd/retinal-disease-classification/versions/1/Evaluation_Set/Evaluation_Set/Validation/451.png,False,241.10438834725448,310.8579850126966,0.7756094421618505,0.09046000526064918,162.82800946916853,1.1090127816506479,0.12053516725891435,1.8132581791447129
/home/carld/.cache/kagglehub/datasets/andrewmvd/retinal-disease-classification/versions/1/Evaluation_Set/Evaluation_Set/Validation/452.png,False,235.79758497978204,291.3475452270214,0.8093343803396243,0.08955492787327327,161.19887017189188,1.1024798286311759,0.10847558020569706,1.7074650440651193
/home/carld/.cache/kagglehub/datasets/andrewmvd/retinal-disease-classification/versions/1/Evaluation_Set/Evaluation_Set/Validation/454.png,False,121.86791610542384,174.11950364490218,0.6999096227264708,0.047657124873058336,85.782824771505,1.1007006966641646,0.07612644087718243,1.908875942267736
/home/carld/.cache/kagglehub/datasets/andrewmvd/retinal-disease-classification/versions/1/Evaluation_Set/Evaluation_Set/Validation/455.png,False,149.58429751398538,182.6646964131271,0.8189009723897341,0.05491176931372968,98.84118476471342,1.099929223583156,0.09199422786960167,2.687783163660049
/home/carld/.cache/kagglehub/datasets/andrewmvd/retinal-disease-classification/versions/1/Evaluation_Set/Evaluation_Set/Validation/456.png,False,124.55469991565207,209.85490915577736,0.59352769214083,0.05500289062400917,99.0052031232165,1.1072070433516794,0.10154562996010127,2.8165411329336854
/home/carld/.cache/kagglehub/datasets/andrewmvd/retinal-disease-classification/versions/1/Evaluation_Set/Evaluation_Set/Validation/457.png,False,132.2683820752723,177.93357774888602,0.7433581887615386,0.05126425392551509,92.27565706592716,1.0982868953525586,0.08755797937843532,2.502692474373222
/home/carld/.cache/kagglehub/datasets/andrewmvd/retinal-disease-classification/versions/1/Evaluation_Set/Evaluation_Set/Validation/458.png,False,152.16722326759145,233.8425361742264,0.650725166418046,0.06434243472654429,115.81638250777972,1.0937612327668675,0.08521484393821128,1.7483931273067175
/home/carld/.cache/kagglehub/datasets/andrewmvd/retinal-disease-classification/versions/1/Evaluation_Set/Evaluation_Set/Validation/459.png,False,97.6827055454475,162.2971712994618,0.6018755888555122,0.04202247626615531,75.64045727907956,1.1080711584944372,0.08682868425752595,3.003095709003354
/home/carld/.cache/kagglehub/datasets/andrewmvd/retinal-disease-classification/versions/1/Evaluation_Set/Evaluation_Set/Validation/460.png,False,172.86067466712967,246.76786131307844,0.7004991401526899,0.07131698037271446,128.370564670886,1.0927113185628525,0.0997132944785661,2.2341951228693135
/home/carld/.cache/kagglehub/datasets/andrewmvd/retinal-disease-classification/versions/1/Evaluation_Set/Evaluation_Set/Validation/461.png,False,97.3661642861496,201.5778954149596,0.48302004585232816,0.0516399284461876,92.95187120313769,1.108834880933577,0.08704894686800663,2.6208766342956076
/home/carld/.cache/kagglehub/datasets/andrewmvd/retinal-disease-classification/versions/1/Evaluation_Set/Evaluation_Set/Validation/464.png,False,94.50339477877914,139.9777520833851,0.6751315360635541,0.036964102542444026,66.53538457639925,1.0875323918641322,0.07148846823890377,2.6151941028107855
/home/carld/.cache/kagglehub/datasets/andrewmvd/retinal-disease-classification/versions/1/Evaluation_Set/Evaluation_Set/Validation/466.png,False,107.54712331240677,167.9629772243184,0.6403025541085469,0.046368409028817045,83.46313625187068,1.097436691931288,0.08153972023227506,2.223662522698701
/home/carld/.cache/kagglehub/datasets/andrewmvd/retinal-disease-classification/versions/1/Evaluation_Set/Evaluation_Set/Validation/468.png,False,111.4555819465364,165.45832902216216,0.6736172340505601,0.04760119985427535,85.68215973769563,1.099496759991403,0.07146341996228037,1.7252073487755681
/home/carld/.cache/kagglehub/datasets/andrewmvd/retinal-disease-classification/versions/1/Evaluation_Set/Evaluation_Set/Validation/469.png,False,111.56558088247175,191.31741533643532,0.5831438851830688,0.0508517747455173,91.53319454193115,1.129065052501583,0.09076004930577308,2.7282934588487993
/home/carld/.cache/kagglehub/datasets/andrewmvd/retinal-disease-classification/versions/1/Evaluation_Set/Evaluation_Set/Validation/472.png,False,222.5896304488303,249.10409407611505,0.8935607071187552,0.07961208605892443,143.301754906064,1.1082464683468076,0.1105251518296106,2.702924314852934
/home/carld/.cache/kagglehub/datasets/andrewmvd/retinal-disease-classification/versions/1/Evaluation_Set/Evaluation_Set/Validation/473.png,False,104.97111613525401,167.57893116486872,0.6263980525808496,0.04332326504222134,77.98187707599841,1.0886593939106866,0.08320247939971187,3.336112445019252
/home/carld/.cache/kagglehub/datasets/andrewmvd/retinal-disease-classification/versions/1/Evaluation_Set/Evaluation_Set/Validation/475.png,False,178.5414409077944,297.9704891158747,0.5991916898802795,0.0769977404636407,138.59593283455328,1.115031880788912,0.09736655811977914,1.4917740336967293
/home/carld/.cache/kagglehub/datasets/andrewmvd/retinal-disease-classification/versions/1/Evaluation_Set/Evaluation_Set/Validation/476.png,False,138.24908500925125,202.32989162930457,0.6832855189906495,0.05431595365837137,97.76871658506847,1.0805511711510067,0.08734996679427026,1.9307269085195644
/home/carld/.cache/kagglehub/datasets/andrewmvd/retinal-disease-classification/versions/1/Evaluation_Set/Evaluation_Set/Validation/477.png,False,175.1369120105132,270.75685267670514,0.6468420292196037,0.0744296217721606,133.97331918988908,1.1348208486376654,0.10516928951565421,2.591492937457485
/home/carld/.cache/kagglehub/datasets/andrewmvd/retinal-disease-classification/versions/1/Evaluation_Set/Evaluation_Set/Validation/559.png,False,167.52902088540378,238.99782656593953,0.7009646208610291,0.06767719225449996,121.81894605809993,1.0979653115204326,0.11057329177349177,2.2994436229401813
/home/carld/.cache/kagglehub/datasets/andrewmvd/retinal-disease-classification/versions/1/Evaluation_Set/Evaluation_Set/Validation/560.png,False,308.3169673115006,412.0675570752041,0.7482194655165036,0.11607297669109116,208.9313580439641,1.1022284690266986,0.1549257613525523,2.111672266175355
/home/carld/.cache/kagglehub/datasets/andrewmvd/retinal-disease-classification/versions/1/Evaluation_Set/Evaluation_Set/Validation/562.png,False,131.14638390041054,194.7405897969501,0.6734414434974895,0.0504545850671215,90.8182531208187,1.0859539182758913,0.08556702342115471,2.828783282777216
/home/carld/.cache/kagglehub/datasets/andrewmvd/retinal-disease-classification/versions/1/Evaluation_Set/Evaluation_Set/Validation/563.png,False,231.88817040033302,295.0559554481504,0.7859125230945634,0.09135121833987353,164.43219301177234,1.0780221882160606,0.12617235408700672,1.8916023374936872
/home/carld/.cache/kagglehub/datasets/andrewmvd/retinal-disease-classification/versions/1/Evaluation_Set/Evaluation_Set/Validation/564.png,False,101.07138503743803,175.71054906842218,0.5752152364971584,0.04645544319337117,83.61979774806811,1.0894727385455962,0.08326133503624958,2.395599338867811
/home/carld/.cache/kagglehub/datasets/andrewmvd/retinal-disease-classification/versions/1/Evaluation_Set/Evaluation_Set/Validation/565.png,False,185.62168994091124,243.33119529529222,0.7628355653932979,0.07067442918435121,127.21397253183218,1.0984088050425078,0.1127152270248023,3.0679416124894607
/home/carld/.cache/kagglehub/datasets/andrewmvd/retinal-disease-classification/versions/1/Evaluation_Set/Evaluation_Set/Validation/566.png,False,183.48591372441493,293.75009792738183,0.624632689551561,0.07814082593628854,140.65348668531936,1.1058317203079877,0.12381032124815095,2.623740545368277
/home/carld/.cache/kagglehub/datasets/andrewmvd/retinal-disease-classification/versions/1/Evaluation_Set/Evaluation_Set/Validation/567.png,False,220.19806888532585,286.91045036178974,0.7674801270140541,0.08206891156489554,147.72404081681196,1.1044793901830174,0.1345762272989419,2.5517107446770946
/home/carld/.cache/kagglehub/datasets/andrewmvd/retinal-disease-classification/versions/1/Evaluation_Set/Evaluation_Set/Validation/568.png,False,199.55848604070675,338.7966819227548,0.5890213708946708,0.09002485997749098,162.04474795948374,1.10759961051933,0.13291518412977907,2.5179597514026577
/home/carld/.cache/kagglehub/datasets/andrewmvd/retinal-disease-classification/versions/1/Evaluation_Set/Evaluation_Set/Validation/570.png,False,162.87589652195655,343.68922714477173,0.47390457325375684,0.08395089293425938,151.1116072816669,1.129809104837713,0.12482739574703121,2.519832567105826
/home/carld/.cache/kagglehub/datasets/andrewmvd/retinal-disease-classification/versions/1/Evaluation_Set/Evaluation_Set/Validation/571.png,False,220.5531898929143,341.98161486542125,0.644927037904385,0.09019070233755964,162.34326420760735,1.1193928344349553,0.1554180795036433,2.4831902460139963
/home/carld/.cache/kagglehub/datasets/andrewmvd/retinal-disease-classification/versions/1/Evaluation_Set/Evaluation_Set/Validation/572.png,False,246.42127291143896,333.0916495639632,0.739800211845656,0.09293689288146106,167.2864071866299,1.1013866605531648,0.1501701567088399,2.625586628976041
/home/carld/.cache/kagglehub/datasets/andrewmvd/retinal-disease-classification/versions/1/Evaluation_Set/Evaluation_Set/Validation/573.png,False,183.70847856132582,248.8573685587983,0.7382079125293027,0.06940796664266875,124.93433995680375,1.155382395442263,0.11846222385282633,2.857307581435572
/home/carld/.cache/kagglehub/datasets/andrewmvd/retinal-disease-classification/versions/1/Evaluation_Set/Evaluation_Set/Validation/574.png,False,160.51138621317054,275.3083370551283,0.5830240665070359,0.07933822760345242,142.80880968621437,1.0977145987849617,0.12323825047541428,2.056202118989405
/home/carld/.cache/kagglehub/datasets/andrewmvd/retinal-disease-classification/versions/1/Evaluation_Set/Evaluation_Set/Validation/575.png,False,124.17834427150251,187.2503004414106,0.6631676637034669,0.052120156612874786,93.81628190317461,1.1367463082946123,0.10192955791977797,3.698651444372716
/home/carld/.cache/kagglehub/datasets/andrewmvd/retinal-disease-classification/versions/1/Evaluation_Set/Evaluation_Set/Validation/577.png,False,204.79229713607947,365.0544110410493,0.5609911589673989,0.09632230386501406,173.38014695702532,1.090886747898462,0.1333417502344708,2.1127083183031528
/home/carld/.cache/kagglehub/datasets/andrewmvd/retinal-disease-classification/versions/1/Evaluation_Set/Evaluation_Set/Validation/578.png,False,220.55082575572047,418.4552141515353,0.5270595712444686,0.10825769014136735,194.86384225446125,1.0906629944367645,0.1419435243186514,2.1760191531927453
/home/carld/.cache/kagglehub/datasets/andrewmvd/retinal-disease-classification/versions/1/Evaluation_Set/Evaluation_Set/Validation/579.png,False,267.7160493053182,523.131506954922,0.5117566916656526,0.14196162882859145,255.5309318914646,1.1136092484157356,0.1551655724695188,1.9855169179712864
/home/carld/.cache/kagglehub/datasets/andrewmvd/retinal-disease-classification/versions/1/Evaluation_Set/Evaluation_Set/Validation/580.png,True,165.70866149304513,251.66016423369604,0.6584620255558808,0.06653501160495508,119.76302088891914,1.0797531750808824,0.12130227854993413,2.603170907113852
/home/carld/.cache/kagglehub/datasets/andrewmvd/retinal-disease-classification/versions/1/Evaluation_Set/Evaluation_Set/Validation/583.png,False,115.38273016109426,191.70710715317443,0.6018698621794089,0.050482848652622155,90.86912757471988,1.112091944800812,0.09823050721625769,3.835870329561169
/home/carld/.cache/kagglehub/datasets/andrewmvd/retinal-disease-classification/versions/1/Evaluation_Set/Evaluation_Set/Validation/584.png,False,199.1978716852718,329.3916309042005,0.604744787044107,0.08768825111149242,157.83885200068636,1.0932788197375478,0.12442958346463126,2.235472614170839
/home/carld/.cache/kagglehub/datasets/andrewmvd/retinal-disease-classification/versions/1/Evaluation_Set/Evaluation_Set/Validation/585.png,False,149.2505958903273,229.70242782170052,0.6497562838394486,0.06273771409934523,112.9278853788214,1.092230725499738,0.10962208523184133,2.4198100002978054
/home/carld/.cache/kagglehub/datasets/andrewmvd/retinal-disease-classification/versions/1/Evaluation_Set/Evaluation_Set/Validation/586.png,False,154.95353145616045,272.1726230711137,0.5693207851242038,0.07011890917113332,126.21403650803998,1.1544865815075318,0.1171481900155104,2.658114040852809
/home/carld/.cache/kagglehub/datasets/andrewmvd/retinal-disease-classification/versions/1/Evaluation_Set/Evaluation_Set/Validation/587.png,False,379.09813234861656,366.6011728864046,1.0340887056192924,0.1280754916688316,230.53588500389685,1.1349994474955831,0.1632578566132436,2.267974676324645
/home/carld/.cache/kagglehub/datasets/andrewmvd/retinal-disease-classification/versions/1/Evaluation_Set/Evaluation_Set/Validation/588.png,False,217.87176939769122,338.4110922399007,0.6438080027330819,0.09173722554605904,165.12700598290627,1.0920711839725,0.12548371161182315,2.0973735488651646
/home/carld/.cache/kagglehub/datasets/andrewmvd/retinal-disease-classification/versions/1/Evaluation_Set/Evaluation_Set/Validation/590.png,False,124.43206645104739,185.0570132463466,0.6723985450116624,0.05021385648357334,90.38494167043201,1.2050903606592398,0.10202582431554262,3.107723749517324
/home/carld/.cache/kagglehub/datasets/andrewmvd/retinal-disease-classification/versions/1/Evaluation_Set/Evaluation_Set/Validation/591.png,False,304.2035689466661,370.61589301487567,0.8208055150361726,0.11823170039118552,212.81706070413395,1.0922197440611416,0.10418456562389447,1.7353186435538484
/home/carld/.cache/kagglehub/datasets/andrewmvd/retinal-disease-classification/versions/1/Evaluation_Set/Evaluation_Set/Validation/593.png,False,225.11411558024312,326.8783043516754,0.6886786690439136,0.09012033694829696,162.21660650693454,1.1224630380160858,0.14810568295114657,2.45431704885344
/home/carld/.cache/kagglehub/datasets/andrewmvd/retinal-disease-classification/versions/1/Evaluation_Set/Evaluation_Set/Validation/594.png,False,128.13170664398416,192.87275844003528,0.664332836219692,0.05266530803902439,94.7975544702439,1.088511690490377,0.0930719352452239,2.5541059227990774
/home/carld/.cache/kagglehub/datasets/andrewmvd/retinal-disease-classification/versions/1/Evaluation_Set/Evaluation_Set/Validation/595.png,False,218.5114033983077,278.32266632390565,0.7851009990828739,0.08430359789714721,151.74647621486497,1.0842527183783173,0.09622887352947784,2.2310900772047537
/home/carld/.cache/kagglehub/datasets/andrewmvd/retinal-disease-classification/versions/1/Evaluation_Set/Evaluation_Set/Validation/596.png,False,144.03176672484202,252.69489863412,0.569982882532929,0.06519257566316532,117.34663619369758,1.072484695381859,0.10321759829270295,2.3293569363502877
/home/carld/.cache/kagglehub/datasets/andrewmvd/retinal-disease-classification/versions/1/Evaluation_Set/Evaluation_Set/Validation/597.png,False,156.6436183498943,240.79772673623478,0.6505195064464986,0.062485427122849685,112.47376882112944,1.0901463708444228,0.1034957828828728,2.3171555834332076
/home/carld/.cache/kagglehub/datasets/andrewmvd/retinal-disease-classification/versions/1/Evaluation_Set/Evaluation_Set/Validation/598.png,False,221.84825616304303,218.14660556017236,1.016968637184912,0.07732327941323625,139.18190294382524,1.0976581093237932,0.0922428403806875,1.5842857763678242
/home/carld/.cache/kagglehub/datasets/andrewmvd/retinal-disease-classification/versions/1/Evaluation_Set/Evaluation_Set/Validation/599.png,False,217.6081568414687,308.9553389214296,0.7043353178525541,0.087662348040828,157.7922264734904,1.0966248085240302,0.13452612666566852,2.3278185357089387
/home/carld/.cache/kagglehub/datasets/andrewmvd/retinal-disease-classification/versions/1/Evaluation_Set/Evaluation_Set/Validation/609.png,False,106.42211226727221,169.11755323400973,0.6292789260025233,0.04535084378485586,81.63151881274055,1.1182603592525335,0.08977345698370742,3.514216806296014
/home/carld/.cache/kagglehub/datasets/andrewmvd/retinal-disease-classification/versions/1/Evaluation_Set/Evaluation_Set/Validation/612.png,False,124.70546935871666,202.7942619341802,0.6149358870873358,0.053766719826824586,96.78009568828425,1.132121185211094,0.1028312317051194,3.2148628705854847
/home/carld/.cache/kagglehub/datasets/andrewmvd/retinal-disease-classification/versions/1/Evaluation_Set/Evaluation_Set/Validation/614.png,False,120.70947072150054,177.67873494441338,0.6793692602508926,0.04602740036607279,82.84932065893103,1.1415580678243897,0.10018787421206961,3.587421206960125
/home/carld/.cache/kagglehub/datasets/andrewmvd/retinal-disease-classification/versions/1/Evaluation_Set/Evaluation_Set/Validation/615.png,False,126.50572150947174,208.69347874331856,0.6061795618686618,0.05401504997268738,97.22708995083728,1.170357666731299,0.10933898894922421,3.5151710145308184
/home/carld/.cache/kagglehub/datasets/andrewmvd/retinal-disease-classification/versions/1/Evaluation_Set/Evaluation_Set/Validation/616.png,True,696.0361508689473,1127.4625277724492,0.6173474804915425,0.29843573279107666,537.184319023938,1.0936562635189537,0.21316464859173467,1.26204138675696
/home/carld/.cache/kagglehub/datasets/andrewmvd/retinal-disease-classification/versions/1/Evaluation_Set/Evaluation_Set/Validation/617.png,False,171.24279175851865,265.5869435768541,0.6447711226021371,0.0696063425026688,125.29141650480383,1.0779383249921148,0.08081762554941334,1.8742843775777798
/home/carld/.cache/kagglehub/datasets/andrewmvd/retinal-disease-classification/versions/1/Evaluation_Set/Evaluation_Set/Validation/618.png,False,228.12328261473942,275.89165157786675,0.8268582297074497,0.08388934152346131,151.00081474223035,1.1603826899202376,0.12726345681285453,2.2240052120585507
/home/carld/.cache/kagglehub/datasets/andrewmvd/retinal-disease-classification/versions/1/Evaluation_Set/Evaluation_Set/Validation/619.png,False,189.48085538022528,270.36466459088814,0.7008343921974602,0.08000936580426765,144.01685844768178,1.0808680779645128,0.12257437254430278,2.8887017881485044
/home/carld/.cache/kagglehub/datasets/andrewmvd/retinal-disease-classification/versions/1/Evaluation_Set/Evaluation_Set/Validation/620.png,False,215.4509180396031,290.1514190576037,0.7425464908611378,0.07828560491808417,140.91408885255152,1.0771444958566223,0.1156387455490603,2.16463240474513
/home/carld/.cache/kagglehub/datasets/andrewmvd/retinal-disease-classification/versions/1/Evaluation_Set/Evaluation_Set/Validation/621.png,False,124.21526084159954,165.20294895036503,0.7518949366873581,0.04607853878578639,82.9413698144155,1.1101134103097718,0.09557875024839428,3.2847996173886096
/home/carld/.cache/kagglehub/datasets/andrewmvd/retinal-disease-classification/versions/1/Evaluation_Set/Evaluation_Set/Validation/622.png,False,159.85894870695668,290.3778566444411,0.550520451367265,0.0739243745803833,133.06387424468994,1.1032010491769095,0.1183005912645432,2.2980044821666987
/home/carld/.cache/kagglehub/datasets/andrewmvd/retinal-disease-classification/versions/1/Evaluation_Set/Evaluation_Set/Validation/623.png,False,186.99540251419205,350.9965908148694,0.5327556090504064,0.09432718053979067,169.7889249716232,1.1105791753816396,0.1055495491214105,2.3206564570487154
/home/carld/.cache/kagglehub/datasets/andrewmvd/retinal-disease-classification/versions/1/Evaluation_Set/Evaluation_Set/Validation/625.png,False,163.74860800350538,215.02989224955905,0.7615155562346759,0.06206065548790826,111.70917987823488,1.1062928766194742,0.11866957086258259,3.834661052427208
/home/carld/.cache/kagglehub/datasets/andrewmvd/retinal-disease-classification/versions/1/Evaluation_Set/Evaluation_Set/Validation/626.png,False,110.84886683927711,196.56785874272097,0.5639216276164575,0.05104768057882568,91.88582504188622,1.1017912725246954,0.1106910499928002,4.469531751122514
/home/carld/.cache/kagglehub/datasets/andrewmvd/retinal-disease-classification/versions/1/Evaluation_Set/Evaluation_Set/Validation/627.png,False,123.40451747479639,203.34564853465992,0.6068707069173517,0.053353654386851704,96.03657789633307,1.090911453499229,0.09962726616318326,3.286536697695295
/home/carld/.cache/kagglehub/datasets/andrewmvd/retinal-disease-classification/versions/1/Evaluation_Set/Evaluation_Set/Validation/628.png,False,99.83495999719287,162.47454977700343,0.6144652201481187,0.0425489299437579,76.58807389876422,1.0877341839454526,0.0919368906129994,3.556834897616475
/home/carld/.cache/kagglehub/datasets/andrewmvd/retinal-disease-classification/versions/1/Evaluation_Set/Evaluation_Set/Validation/629.png,False,206.05745517340574,343.30580778909683,0.6002154653322762,0.09227331045902136,166.09195882623845,1.1219202599796894,0.12891576816282796,2.5301490322946236
/home/carld/.cache/kagglehub/datasets/andrewmvd/retinal-disease-classification/versions/1/Evaluation_Set/Evaluation_Set/Validation/630.png,False,291.5749712262357,345.8839747658299,0.8429849096756724,0.10821524083288642,194.78743349919554,1.0888077361305697,0.12207344050832063,2.110825716781621
/home/carld/.cache/kagglehub/datasets/andrewmvd/retinal-disease-classification/versions/1/Evaluation_Set/Evaluation_Set/Validation/631.png,False,122.6616296046194,284.13644283591236,0.4316997438989408,0.07335138888586135,132.03249999455042,1.0937607686392459,0.10630885383456701,2.747331651465166
/home/carld/.cache/kagglehub/datasets/andrewmvd/retinal-disease-classification/versions/1/Evaluation_Set/Evaluation_Set/Validation/632.png,False,137.32636399485554,203.66838574275235,0.6742645084264992,0.05573214219769402,100.31785595584924,1.1072358783606417,0.09146163987193316,2.3734740698888834
/home/carld/.cache/kagglehub/datasets/andrewmvd/retinal-disease-classification/versions/1/Evaluation_Set/Evaluation_Set/Validation/633.png,False,137.34477391609988,213.83105486697775,0.6423050852063595,0.05738941476314883,103.30094657366789,1.1101084603835618,0.09852614644134501,2.9384332079084174
/home/carld/.cache/kagglehub/datasets/andrewmvd/retinal-disease-classification/versions/1/Evaluation_Set/Evaluation_Set/Validation/634.png,False,203.12808288214995,271.0695030664846,0.7493579343461932,0.0776154011014908,139.70772198268344,1.1185804839464306,0.10151077082329425,2.4370883974942443
/home/carld/.cache/kagglehub/datasets/andrewmvd/retinal-disease-classification/versions/1/Evaluation_Set/Evaluation_Set/Validation/635.png,False,133.60751256401875,238.49416677617933,0.5602129157708329,0.062145418228079743,111.86175281054354,1.0941835345295563,0.09954310650280664,2.9791917647278217
/home/carld/.cache/kagglehub/datasets/andrewmvd/retinal-disease-classification/versions/1/Evaluation_Set/Evaluation_Set/Validation/638.png,False,134.16048413189185,200.99133602437726,0.6674938670770375,0.05297307173411051,95.35152912139893,1.139065967866415,0.09642160237727462,2.9173697297027337
/home/carld/.cache/kagglehub/datasets/andrewmvd/retinal-disease-classification/versions/1/Evaluation_Set/Evaluation_Set/Validation/639.png,False,150.42257120679298,204.86169929802622,0.7342640021157056,0.05498316287994385,98.96969318389893,1.111758252738082,0.10288494055825811,2.5583361515049035
/home/carld/.cache/kagglehub/datasets/andrewmvd/retinal-disease-classification/versions/1/Test_Set/Test_Set/Test/245.png,False,171.80654533099377,216.7688041292434,0.7925796611792816,0.06770616107516818,121.87108993530272,1.0890304902512804,0.10123419989922001,1.9838610087934083
/home/carld/.cache/kagglehub/datasets/andrewmvd/retinal-disease-classification/versions/1/Test_Set/Test_Set/Test/272.png,False,167.80771524058508,213.82759207057444,0.7847804561405698,0.05995476127263919,107.91857029075054,1.1125950848391668,0.113563294473638,2.965931349372526
/home/carld/.cache/kagglehub/datasets/andrewmvd/retinal-disease-classification/versions/1/Test_Set/Test_Set/Test/273.png,False,119.84471546252392,228.47394484046097,0.5245443437596756,0.059064575674111955,106.31623621340152,1.1006210794219629,0.07860739451426649,1.8369711086652065
/home/carld/.cache/kagglehub/datasets/andrewmvd/retinal-disease-classification/versions/1/Test_Set/Test_Set/Test/276.png,False,179.67528324834186,326.00774608023323,0.5511380800262404,0.08450692088891427,152.1124576000457,1.1669545303175772,0.12467091539468574,2.0216944080792967
/home/carld/.cache/kagglehub/datasets/andrewmvd/retinal-disease-classification/versions/1/Test_Set/Test_Set/Test/277.png,False,206.44544534362424,304.2139994993702,0.6786191486366875,0.08652037828147006,155.73668090664611,1.104783113547405,0.12095451155853841,2.2248736432181624
/home/carld/.cache/kagglehub/datasets/andrewmvd/retinal-disease-classification/versions/1/Test_Set/Test_Set/Test/278.png,False,160.0973024897473,218.4250370617114,0.7329622310857851,0.06116899691129986,110.10419444033974,1.148168433938759,0.10870845249825759,2.2247110000240333
/home/carld/.cache/kagglehub/datasets/andrewmvd/retinal-disease-classification/versions/1/Test_Set/Test_Set/Test/279.png,False,184.64276320038235,264.70575078318876,0.6975396743519062,0.0713923040521208,128.50614729381743,1.0880288317470774,0.1116405120792897,2.404614908114805
/home/carld/.cache/kagglehub/datasets/andrewmvd/retinal-disease-classification/versions/1/Test_Set/Test_Set/Test/280.png,False,136.34471576173246,225.57814494418187,0.6044234284995572,0.060678367453496806,109.22106141629425,1.1075324386949028,0.1054576477757465,2.6944058500914077
/home/carld/.cache/kagglehub/datasets/andrewmvd/retinal-disease-classification/versions/1/Test_Set/Test_Set/Test/281.png,False,117.48755848216311,219.42263560164406,0.535439555540927,0.05649781801614417,101.6960724290595,1.0989531004538535,0.09739493685574487,2.9349449784361887
/home/carld/.cache/kagglehub/datasets/andrewmvd/retinal-disease-classification/versions/1/Test_Set/Test_Set/Test/291.png,False,91.74612607122538,128.86113579947377,0.7119766988085173,0.0380434131256922,68.47814362624595,1.083563446917661,0.0718612954008771,2.6719751489935906
/home/carld/.cache/kagglehub/datasets/andrewmvd/retinal-disease-classification/versions/1/Test_Set/Test_Set/Test/294.png,False,119.51496010801117,211.33003708733185,0.5655370232988781,0.054236094732791326,97.62497051902439,1.0968901014121597,0.09275254140897135,2.282709532949456
/home/carld/.cache/kagglehub/datasets/andrewmvd/retinal-disease-classification/versions/1/Test_Set/Test_Set/Test/295.png,False,126.17095699723419,217.35451786777787,0.580484630524161,0.05544700824394428,99.8046148390997,1.1083858970743163,0.09177968447273734,2.384117957879375
/home/carld/.cache/kagglehub/datasets/andrewmvd/retinal-disease-classification/versions/1/Test_Set/Test_Set/Test/296.png,False,129.87576729505227,98.1705083537636,1.3229611364243608,0.04490712787328142,80.83283017190655,1.1150540589185982,0.07396300770912438,2.3322690139224482
/home/carld/.cache/kagglehub/datasets/andrewmvd/retinal-disease-classification/versions/1/Test_Set/Test_Set/Test/305.png,False,113.9334139681738,198.60322422169529,0.5736735363419533,0.05220770357124298,93.97386642823736,1.1045501067304953,0.10654322696249463,3.0004953127390066
/home/carld/.cache/kagglehub/datasets/andrewmvd/retinal-disease-classification/versions/1/Test_Set/Test_Set/Test/313.png,False,156.0114619883988,234.58979833886323,0.6650394138752844,0.06179782849003152,111.23609128205673,1.1400557700866663,0.10054560318475865,2.713744934954148
/home/carld/.cache/kagglehub/datasets/andrewmvd/retinal-disease-classification/versions/1/Test_Set/Test_Set/Test/321.png,False,237.15281843936106,304.2101508046304,0.7795690505793318,0.08980236113446313,161.64425004203363,1.09883033424617,0.1265111663979338,2.1955888897806117
/home/carld/.cache/kagglehub/datasets/andrewmvd/retinal-disease-classification/versions/1/Test_Set/Test_Set/Test/322.png,False,176.38015459498004,254.21003103083552,0.6938363284869166,0.0711783387444236,128.1210097399625,1.137256329094117,0.13258875206009463,2.2454854750065425
/home/carld/.cache/kagglehub/datasets/andrewmvd/retinal-disease-classification/versions/1/Test_Set/Test_Set/Test/326.png,False,145.75947330286274,178.5670142041567,0.8162732291430661,0.05494651821373546,98.90373278472383,1.0742691699141913,0.08825778263244129,2.201766954733832
/home/carld/.cache/kagglehub/datasets/andrewmvd/retinal-disease-classification/versions/1/Test_Set/Test_Set/Test/327.png,False,176.3597608905028,257.1502151798387,0.685823890005945,0.07004012024335268,126.07221643803483,1.1372600755320519,0.10543882789326695,2.347037222810505
/home/carld/.cache/kagglehub/datasets/andrewmvd/retinal-disease-classification/versions/1/Test_Set/Test_Set/Test/340.png,False,168.47544963010415,271.7837157462565,0.6198879471770733,0.07414288372643249,133.4571907075785,1.1292241590542926,0.10784898948676404,2.311498775689208
/home/carld/.cache/kagglehub/datasets/andrewmvd/retinal-disease-classification/versions/1/Test_Set/Test_Set/Test/348.png,False,166.90389718307497,234.0603952988124,0.7130804721148902,0.06206607699987308,111.71893859977153,1.0796123872998957,0.0983786659835157,2.383838881471665
/home/carld/.cache/kagglehub/datasets/andrewmvd/retinal-disease-classification/versions/1/Test_Set/Test_Set/Test/357.png,False,124.35477834659847,192.07517575890566,0.647427643136402,0.05047504254329352,90.85507657792833,1.0937179788150315,0.09198593440871085,2.576320995855416
/home/carld/.cache/kagglehub/datasets/andrewmvd/retinal-disease-classification/versions/1/Test_Set/Test_Set/Test/359.png,False,198.19842402904004,197.01879184957974,1.0059874094668133,0.06487270714580148,116.77087286244267,1.1093039301306924,0.09112537483581572,2.2510371490173724
/home/carld/.cache/kagglehub/datasets/andrewmvd/retinal-disease-classification/versions/1/Test_Set/Test_Set/Test/363.png,False,107.46726983303134,202.04013773824147,0.5319104957860573,0.05305633121066623,95.50139617919922,1.094467871292434,0.0890657892555819,2.3744799350229577
/home/carld/.cache/kagglehub/datasets/andrewmvd/retinal-disease-classification/versions/1/Test_Set/Test_Set/Test/372.png,False,110.34363505656272,205.5570154239363,0.5368030608393123,0.05514663060506184,99.26393508911131,1.0821276308579788,0.09665404517623129,2.6431256399507967
/home/carld/.cache/kagglehub/datasets/andrewmvd/retinal-disease-classification/versions/1/Test_Set/Test_Set/Test/379.png,False,188.59107850175158,225.1631687413611,0.837575166293654,0.06713739124655027,120.84730424379049,1.10113427883106,0.09230749688794045,1.611691182074537
/home/carld/.cache/kagglehub/datasets/andrewmvd/retinal-disease-classification/versions/1/Test_Set/Test_Set/Test/380.png,False,194.22083875645222,312.24523906266506,0.62201377141726,0.08151146225959251,146.7206320672665,1.1068505130685284,0.09859821416324907,1.4459105435692046
/home/carld/.cache/kagglehub/datasets/andrewmvd/retinal-disease-classification/versions/1/Test_Set/Test_Set/Test/411.png,False,130.0946205615705,205.72851336291086,0.63236067006463,0.05739401548336714,103.30922787006085,1.096968260887226,0.09489922841723945,2.1401138790741006
/home/carld/.cache/kagglehub/datasets/andrewmvd/retinal-disease-classification/versions/1/Test_Set/Test_Set/Test/417.png,False,178.8132099616733,229.50731697506552,0.7791176870456822,0.0668075788787931,120.25364198182758,1.1187245809071318,0.10242324397184364,2.061117268234237
/home/carld/.cache/kagglehub/datasets/andrewmvd/retinal-disease-classification/versions/1/Test_Set/Test_Set/Test/427.png,False,221.4455330580901,346.73609566751384,0.638657283810552,0.0900511019894866,162.09198358107588,1.0808066170359227,0.13028566095552152,2.0921767940332403
/home/carld/.cache/kagglehub/datasets/andrewmvd/retinal-disease-classification/versions/1/Test_Set/Test_Set/Test/434.png,False,192.16075097765554,291.3542939348388,0.6595432261610401,0.07881163742582677,141.86094736648818,1.0733771730036332,0.11492060977127919,2.2608843267957583
/home/carld/.cache/kagglehub/datasets/andrewmvd/retinal-disease-classification/versions/1/Test_Set/Test_Set/Test/435.png,False,253.933476550599,354.33280385981766,0.7166524628384704,0.09741892205907944,175.35405970634298,1.0719760438096162,0.11516007206707782,1.6821772572933271
/home/carld/.cache/kagglehub/datasets/andrewmvd/retinal-disease-classification/versions/1/Test_Set/Test_Set/Test/441.png,False,253.50246647369383,250.26454638956872,1.0129379895428132,0.08673462646255076,156.12232763259135,1.100248956964727,0.11688658251252067,2.6794851634239203
/home/carld/.cache/kagglehub/datasets/andrewmvd/retinal-disease-classification/versions/1/Test_Set/Test_Set/Test/442.png,False,102.83911112408897,161.18230800947043,0.6380297713446724,0.042294420044997644,76.12995608099575,1.0911133419743226,0.09523698139435414,3.7257805816937553
/home/carld/.cache/kagglehub/datasets/andrewmvd/retinal-disease-classification/versions/1/Test_Set/Test_Set/Test/446.png,False,112.37289152249453,217.0960232229907,0.5176183785138728,0.05474822854799498,98.54681138639096,1.1366552469614555,0.09672492631927598,3.1662807565269926
/home/carld/.cache/kagglehub/datasets/andrewmvd/retinal-disease-classification/versions/1/Test_Set/Test_Set/Test/447.png,False,161.05858208039177,245.55523049845556,0.6558955464050062,0.0651015528926143,117.18279520670573,1.0997709130455022,0.10816875114994368,2.597046271489923
/home/carld/.cache/kagglehub/datasets/andrewmvd/retinal-disease-classification/versions/1/Test_Set/Test_Set/Test/448.png,False,209.60455970345168,322.3454107311624,0.6502483135342754,0.08941341185754584,160.94414134358252,1.0877933551782233,0.14360753318682185,2.0739127435424902
/home/carld/.cache/kagglehub/datasets/andrewmvd/retinal-disease-classification/versions/1/Test_Set/Test_Set/Test/454.png,False,142.51865891395914,339.97820479069026,0.4191993983899693,0.08532118418860057,153.57813153948103,1.093279946231892,0.10568736960775421,2.5111505617395133
/home/carld/.cache/kagglehub/datasets/andrewmvd/retinal-disease-classification/versions/1/Test_Set/Test_Set/Test/456.png,False,175.44542422523034,256.1603918944698,0.6849045745429233,0.06806328624644607,122.51391524360292,1.079027831157135,0.11241969040134178,2.518637325976776
/home/carld/.cache/kagglehub/datasets/andrewmvd/retinal-disease-classification/versions/1/Test_Set/Test_Set/Test/460.png,False,195.01317975050455,173.5508029791575,1.1236662487463371,0.06010052876130438,108.18095177034789,1.0789755480608207,0.11897051966219367,3.4939316615719394
/home/carld/.cache/kagglehub/datasets/andrewmvd/retinal-disease-classification/versions/1/Test_Set/Test_Set/Test/461.png,False,150.54352932771857,227.86116044888635,0.6606809560310669,0.06148822124187763,110.67879823537973,1.0844570969211118,0.10925690661269137,2.7449451992851146
/home/carld/.cache/kagglehub/datasets/andrewmvd/retinal-disease-classification/versions/1/Test_Set/Test_Set/Test/462.png,False,137.02257961370947,219.9453667723459,0.622984614881815,0.059188836466067686,106.53990563892184,1.09782758284524,0.1058163696714012,2.6470778724284645
/home/carld/.cache/kagglehub/datasets/andrewmvd/retinal-disease-classification/versions/1/Test_Set/Test_Set/Test/463.png,False,164.6988720913772,225.6158506951408,0.7299969021854031,0.06167344796603128,111.0122063388563,1.1273856939245803,0.1052251475198861,2.7879341739570926
/home/carld/.cache/kagglehub/datasets/andrewmvd/retinal-disease-classification/versions/1/Test_Set/Test_Set/Test/464.png,False,183.77867813773213,254.05299133838525,0.7233871845773647,0.06779849464124668,122.03729035424402,1.0946683228896459,0.11255994036559451,2.416762163304814
/home/carld/.cache/kagglehub/datasets/andrewmvd/retinal-disease-classification/versions/1/Test_Set/Test_Set/Test/467.png,False,144.45804408684373,198.78159354633766,0.7267174063234851,0.054866705796657464,98.76007043398343,1.0836985635437315,0.1074504477101988,2.8166784028266783
/home/carld/.cache/kagglehub/datasets/andrewmvd/retinal-disease-classification/versions/1/Test_Set/Test_Set/Test/471.png,False,152.5009351168414,265.2568048301438,0.5749180882069918,0.06761363225105481,121.70453805189865,1.1733809396720776,0.10834260196188295,2.672208330894221
/home/carld/.cache/kagglehub/datasets/andrewmvd/retinal-disease-classification/versions/1/Test_Set/Test_Set/Test/475.png,False,159.3966352074066,279.16514058059295,0.5709761429235107,0.07138196034217949,128.48752861592308,1.1252182091453249,0.10332723473982942,2.5550229365682617
/home/carld/.cache/kagglehub/datasets/andrewmvd/retinal-disease-classification/versions/1/Test_Set/Test_Set/Test/476.png,False,188.2997353722031,187.48761085646936,1.0043316169640428,0.06115929469084128,110.08673044351431,1.119421430005207,0.11360060888294304,2.971874472818006
/home/carld/.cache/kagglehub/datasets/andrewmvd/retinal-disease-classification/versions/1/Test_Set/Test_Set/Test/477.png,False,202.23094076347456,297.4843635391713,0.6798035982716307,0.0810219573636427,145.83952325455687,1.1161536456062076,0.1409084002154964,2.447030708237212
/home/carld/.cache/kagglehub/datasets/andrewmvd/retinal-disease-classification/versions/1/Test_Set/Test_Set/Test/481.png,False,145.6112299346991,176.69156829064687,0.8240983502686302,0.05155978625333762,92.80761525600771,1.0976692919303082,0.09386432205452305,3.2105013076414934
/home/carld/.cache/kagglehub/datasets/andrewmvd/retinal-disease-classification/versions/1/Test_Set/Test_Set/Test/488.png,False,128.66957299874989,215.62108762166955,0.596739281941266,0.055695341294070326,100.25161432932659,1.1683494495159064,0.08807093997362521,2.651077919490467
/home/carld/.cache/kagglehub/datasets/andrewmvd/retinal-disease-classification/versions/1/Test_Set/Test_Set/Test/489.png,False,127.83962357810917,183.26079324729545,0.6975830526150788,0.050720999760882846,91.29779956958912,1.092445673257086,0.09396110886825461,2.8722244650787245
/home/carld/.cache/kagglehub/datasets/andrewmvd/retinal-disease-classification/versions/1/Test_Set/Test_Set/Test/491.png,False,160.77641058958255,229.21962982851468,0.701407687944805,0.0640523238059802,115.29418285076434,1.1055314839733834,0.1034888650179238,2.6644935857070537
/home/carld/.cache/kagglehub/datasets/andrewmvd/retinal-disease-classification/versions/1/Test_Set/Test_Set/Test/494.png,False,107.01989691649474,191.12781876358179,0.5599388807386249,0.04964095554994733,89.3537199899052,1.1005285245077074,0.10831319166027153,3.9754426984343287
/home/carld/.cache/kagglehub/datasets/andrewmvd/retinal-disease-classification/versions/1/Test_Set/Test_Set/Test/495.png,False,114.34975391291975,210.8751458506586,0.5422628325952743,0.05533628601105616,99.6053148199011,1.0895608400643237,0.11422357177074158,4.330814519493765
/home/carld/.cache/kagglehub/datasets/andrewmvd/retinal-disease-classification/versions/1/Test_Set/Test_Set/Test/499.png,False,89.71469326694206,162.70995564643496,0.5513780205428245,0.04247918393876818,76.46253108978271,1.0920380894845116,0.08730857762163118,3.3236916810461965
/home/carld/.cache/kagglehub/datasets/andrewmvd/retinal-disease-classification/versions/1/Test_Set/Test_Set/Test/501.png,False,154.45534775910423,261.27233851941287,0.5911660937180612,0.07172168095906575,129.09902572631836,1.108101629474889,0.10516137838985622,2.270672814414852
/home/carld/.cache/kagglehub/datasets/andrewmvd/retinal-disease-classification/versions/1/Test_Set/Test_Set/Test/502.png,False,131.991906585998,199.2455020217135,0.6624586514962517,0.05291897822649051,95.25416080768292,1.1047914056610268,0.106369310674746,2.8062326301881635
/home/carld/.cache/kagglehub/datasets/andrewmvd/retinal-disease-classification/versions/1/Test_Set/Test_Set/Test/503.png,False,150.60273967158892,245.01867566296852,0.6146582062126076,0.06554186007397322,117.9753481331518,1.1354800757136594,0.10764786742158437,2.8987013236693615
/home/carld/.cache/kagglehub/datasets/andrewmvd/retinal-disease-classification/versions/1/Test_Set/Test_Set/Test/504.png,False,144.18895302037444,169.49705675939612,0.8506870607496922,0.051208846885243624,92.17592439343852,1.0873715959839432,0.10646347051998323,4.142763818605513
/home/carld/.cache/kagglehub/datasets/andrewmvd/retinal-disease-classification/versions/1/Test_Set/Test_Set/Test/510.png,False,171.13047883466652,197.59712093610202,0.8660575519721558,0.05789845828051981,104.21722490493566,1.092848745763686,0.10635492292154958,2.907814554393186
/home/carld/.cache/kagglehub/datasets/andrewmvd/retinal-disease-classification/versions/1/Test_Set/Test_Set/Test/513.png,False,159.87930419861001,272.4930813656093,0.5867279396503164,0.07292862291689271,131.2715212504069,1.0813645512710166,0.08995263092776216,1.945887904979055
/home/carld/.cache/kagglehub/datasets/andrewmvd/retinal-disease-classification/versions/1/Test_Set/Test_Set/Test/515.png,False,140.04529412599376,215.98607768887942,0.6483996358678462,0.05695881599035019,102.52586878263034,1.0951147700229693,0.09659119903383286,2.4783122693020805
/home/carld/.cache/kagglehub/datasets/andrewmvd/retinal-disease-classification/versions/1/Test_Set/Test_Set/Test/516.png,False,218.10238458628206,269.7615619516588,0.8085005995975288,0.08058419414595061,145.0515494627111,1.0765154985175565,0.11082326242686061,1.9738202001421776
/home/carld/.cache/kagglehub/datasets/andrewmvd/retinal-disease-classification/versions/1/Test_Set/Test_Set/Test/517.png,False,144.0322078622268,210.95944474850882,0.6827483265038548,0.055009958479139545,99.01792526245119,1.1240935301766948,0.11143702393661954,3.2615845833647863
/home/carld/.cache/kagglehub/datasets/andrewmvd/retinal-disease-classification/versions/1/Test_Set/Test_Set/Test/519.png,False,158.55278324015052,317.70758511605567,0.499052558604267,0.08200830465171768,147.61494837309183,1.0993378357261951,0.12088905228007292,2.514008241042844
/home/carld/.cache/kagglehub/datasets/andrewmvd/retinal-disease-classification/versions/1/Test_Set/Test_Set/Test/520.png,False,205.79043679612008,267.675442780843,0.7688058144527261,0.07778434536673806,140.0118216601285,1.105991692237191,0.12867415853225056,2.5956306564952287
/home/carld/.cache/kagglehub/datasets/andrewmvd/retinal-disease-classification/versions/1/Test_Set/Test_Set/Test/521.png,False,207.50867310177748,334.51379839591186,0.6203291885023582,0.08882941910714813,159.89295439286664,1.087967309268154,0.11925696753735424,2.59096551768497
/home/carld/.cache/kagglehub/datasets/andrewmvd/retinal-disease-classification/versions/1/Test_Set/Test_Set/Test/522.png,False,133.5461509174758,239.8569956015458,0.5567740502316838,0.06222222222222223,112.00000000000001,1.1023502366063478,0.10997201408323554,3.2543107339532362
/home/carld/.cache/kagglehub/datasets/andrewmvd/retinal-disease-classification/versions/1/Test_Set/Test_Set/Test/523.png,False,147.11421125253523,228.3648310106846,0.6442069499118808,0.05960444727940346,107.28800510292622,1.1181093623105105,0.11137557690633074,2.998867957388755
/home/carld/.cache/kagglehub/datasets/andrewmvd/retinal-disease-classification/versions/1/Test_Set/Test_Set/Test/524.png,False,139.76989337585488,209.41183254292488,0.6674402858644823,0.05577235212051329,100.39023381692392,1.0983549945275353,0.10212967854607125,3.894353945911751
/home/carld/.cache/kagglehub/datasets/andrewmvd/retinal-disease-classification/versions/1/Test_Set/Test_Set/Test/525.png,False,100.92846791380744,155.7435743084841,0.6480425812874732,0.04114872366724048,74.06770260103286,1.103701786097863,0.1150572195535462,4.680329895450693
/home/carld/.cache/kagglehub/datasets/andrewmvd/retinal-disease-classification/versions/1/Test_Set/Test_Set/Test/526.png,False,135.5659877556188,155.1103845896875,0.8739968514308739,0.04638611983103925,83.49501569587065,1.1072649275580226,0.10023688131281552,3.3729397935595435
/home/carld/.cache/kagglehub/datasets/andrewmvd/retinal-disease-classification/versions/1/Test_Set/Test_Set/Test/527.png,False,138.62991019153273,222.24092116289603,0.6237821075710944,0.059793746527371835,107.6287437492693,1.1389037466316296,0.10023169095391145,3.0839704184479046
/home/carld/.cache/kagglehub/datasets/andrewmvd/retinal-disease-classification/versions/1/Test_Set/Test_Set/Test/529.png,False,120.56223618697253,174.82610419331925,0.689612325020165,0.04726991015420833,85.085838277575,1.0916893538500316,0.09160915548996629,2.6805923289494626
/home/carld/.cache/kagglehub/datasets/andrewmvd/retinal-disease-classification/versions/1/Test_Set/Test_Set/Test/530.png,False,124.34576341723479,198.2253760510729,0.6272948796686708,0.051824923405431426,93.28486212977657,1.0788690502454628,0.10181381808162362,3.273747675173207
/home/carld/.cache/kagglehub/datasets/andrewmvd/retinal-disease-classification/versions/1/Test_Set/Test_Set/Test/531.png,False,180.8819466484011,301.14938861300783,0.6006385982766964,0.0771523301706374,138.87419430714732,1.0769308353754612,0.14030470400711717,2.426981008513425
/home/carld/.cache/kagglehub/datasets/andrewmvd/retinal-disease-classification/versions/1/Test_Set/Test_Set/Test/532.png,False,167.70721285233452,249.18716663521192,0.6730170542764873,0.06747752091823479,121.45953765282263,1.0827069684928576,0.11037341026370322,2.5946121652919425
/home/carld/.cache/kagglehub/datasets/andrewmvd/retinal-disease-classification/versions/1/Test_Set/Test_Set/Test/533.png,False,120.92848641502897,178.15011337297784,0.678801063470845,0.047534679306877985,85.56242275238037,1.109352067346223,0.09882073205879527,3.345662407531943
/home/carld/.cache/kagglehub/datasets/andrewmvd/retinal-disease-classification/versions/1/Test_Set/Test_Set/Test/535.png,False,134.82751063498088,179.79821011714947,0.74988238507565,0.04862017536637795,87.51631565948031,1.0988729390692695,0.10831751913443119,3.131652081628248
/home/carld/.cache/kagglehub/datasets/andrewmvd/retinal-disease-classification/versions/1/Test_Set/Test_Set/Test/536.png,False,136.41683357706808,245.2866828654169,0.5561526291743968,0.06282456842049089,113.0842231568836,1.1288116724636121,0.10266012795813029,2.6423353904165334
/home/carld/.cache/kagglehub/datasets/andrewmvd/retinal-disease-classification/versions/1/Test_Set/Test_Set/Test/537.png,False,125.91849842624902,178.22927320388004,0.7064972894896357,0.049453424641406195,89.01616435453116,1.088534935336943,0.09353447967171084,3.1385131022036337
/home/carld/.cache/kagglehub/datasets/andrewmvd/retinal-disease-classification/versions/1/Test_Set/Test_Set/Test/547.png,False,243.39387146743454,305.8609309983536,0.7957664637748215,0.08858702458491942,159.45664425285494,1.1061613832170694,0.11445300811167095,2.2429619325671863
/home/carld/.cache/kagglehub/datasets/andrewmvd/retinal-disease-classification/versions/1/Test_Set/Test_Set/Test/548.png,False,187.02128614260585,245.18443806287274,0.7627779626643674,0.06804987670338086,122.48977806608555,1.103135624007023,0.10939954970277144,2.4942902959327466
/home/carld/.cache/kagglehub/datasets/andrewmvd/retinal-disease-classification/versions/1/Test_Set/Test_Set/Test/551.png,False,204.35511404629167,217.30924180756594,0.9403885096946518,0.06739350496712378,121.3083089408228,1.091284430577195,0.0984510357355627,2.610288013594945
/home/carld/.cache/kagglehub/datasets/andrewmvd/retinal-disease-classification/versions/1/Test_Set/Test_Set/Test/552.png,False,172.60025036172723,329.641524034889,0.5235998433967298,0.08451706373772654,152.13071472790776,1.0863555627467243,0.1215861988817582,2.4233307077463424
/home/carld/.cache/kagglehub/datasets/andrewmvd/retinal-disease-classification/versions/1/Test_Set/Test_Set/Test/555.png,False,147.89473000413176,232.44085574261862,0.6362682220026558,0.06098450272461104,109.77210490429988,1.0801182922337638,0.10752808236003483,2.4068156948569643
/home/carld/.cache/kagglehub/datasets/andrewmvd/retinal-disease-classification/versions/1/Test_Set/Test_Set/Test/556.png,False,188.3489463855169,248.94293176557568,0.7565948751775815,0.06703811446152164,120.66860603073894,1.0872422040749583,0.1133049634881018,2.376862060502785
/home/carld/.cache/kagglehub/datasets/andrewmvd/retinal-disease-classification/versions/1/Test_Set/Test_Set/Test/557.png,False,164.6739760765343,255.82213928614226,0.6437049449123053,0.06870149151753571,123.66268473156428,1.0698755368774506,0.10882306834808055,2.5223907893820106
/home/carld/.cache/kagglehub/datasets/andrewmvd/retinal-disease-classification/versions/1/Test_Set/Test_Set/Test/558.png,False,218.30298572213087,243.67728294645158,0.8958692541319219,0.07388267880779202,132.98882185402564,1.1156347768272932,0.10357806755753184,1.9551184770725991
/home/carld/.cache/kagglehub/datasets/andrewmvd/retinal-disease-classification/versions/1/Test_Set/Test_Set/Test/559.png,False,197.05992965304205,241.24367339223295,0.8168501452580955,0.06881670157114665,123.87006282806398,1.1040575834469761,0.1109351319616062,2.536912385139471
/home/carld/.cache/kagglehub/datasets/andrewmvd/retinal-disease-classification/versions/1/Test_Set/Test_Set/Test/561.png,False,173.3193863567848,251.11666760930214,0.6901946732840626,0.06754198591545146,121.57557464781263,1.0948822910202958,0.09606550385186106,2.2413832934967077
/home/carld/.cache/kagglehub/datasets/andrewmvd/retinal-disease-classification/versions/1/Test_Set/Test_Set/Test/562.png,False,119.85488915081643,184.3460447628785,0.6501625207363898,0.04856809794184673,87.42257629532412,1.1066864177519327,0.09554232896855963,3.397879700301099
/home/carld/.cache/kagglehub/datasets/andrewmvd/retinal-disease-classification/versions/1/Test_Set/Test_Set/Test/563.png,False,171.4685875656422,226.27817455895863,0.7577778453439161,0.06263802623191075,112.74844721743936,1.0809160774658164,0.10290926246265136,2.247372228337789
/home/carld/.cache/kagglehub/datasets/andrewmvd/retinal-disease-classification/versions/1/Test_Set/Test_Set/Test/564.png,False,177.17598029695742,348.5905610133481,0.5082638490896288,0.0902845010258793,162.51210184658274,1.123032124286691,0.11954562172526273,2.5621001730448048
/home/carld/.cache/kagglehub/datasets/andrewmvd/retinal-disease-classification/versions/1/Test_Set/Test_Set/Test/565.png,False,136.43024933238237,202.99522350575708,0.6720860076223081,0.0562706128352106,101.28710310337908,1.122785112947641,0.09115610827490309,2.3267311651491998
/home/carld/.cache/kagglehub/datasets/andrewmvd/retinal-disease-classification/versions/1/Test_Set/Test_Set/Test/566.png,False,196.61723594235676,289.2100299720133,0.6798423829262883,0.07851689781238831,141.33041606229895,1.1189096935294431,0.12689563551606953,2.2183250203130283
/home/carld/.cache/kagglehub/datasets/andrewmvd/retinal-disease-classification/versions/1/Test_Set/Test_Set/Test/568.png,False,212.25483600768328,242.20905230838406,0.8763290801263587,0.0725803125917522,130.64456266515396,1.0919353905043199,0.12817608027188865,2.5788423153692612
/home/carld/.cache/kagglehub/datasets/andrewmvd/retinal-disease-classification/versions/1/Test_Set/Test_Set/Test/569.png,False,189.86160979980065,271.55568284808766,0.6991627198095209,0.07352757921405867,132.34964258530562,1.094719329885819,0.12054095039510941,2.4392171265416374
/home/carld/.cache/kagglehub/datasets/andrewmvd/retinal-disease-classification/versions/1/Test_Set/Test_Set/Test/571.png,False,181.21637891291007,291.4210183865156,0.6218370243719359,0.07738486475914529,139.29275656646152,1.0805699951804943,0.12248666510402076,2.510059056581121
/home/carld/.cache/kagglehub/datasets/andrewmvd/retinal-disease-classification/versions/1/Test_Set/Test_Set/Test/572.png,False,140.75189077080245,233.88707296371854,0.6017942291006243,0.06121658874770342,110.18985974586616,1.0926302402606949,0.0964180569185476,2.403402657205405
/home/carld/.cache/kagglehub/datasets/andrewmvd/retinal-disease-classification/versions/1/Test_Set/Test_Set/Test/574.png,False,299.69422992995425,298.4292237003383,1.0042388818827146,0.10203591612882393,183.66464903188307,1.122552636960306,0.12727526155258928,2.1499294873897217
/home/carld/.cache/kagglehub/datasets/andrewmvd/retinal-disease-classification/versions/1/Test_Set/Test_Set/Test/575.png,False,199.4402361347393,335.77958524851067,0.5939617680661957,0.0849013190691163,152.82237432440934,1.1014706986334581,0.12985380907688146,2.359464231742042
/home/carld/.cache/kagglehub/datasets/andrewmvd/retinal-disease-classification/versions/1/Test_Set/Test_Set/Test/576.png,False,149.2760471298217,252.40096446053022,0.5914242342491727,0.06617850896083947,119.12131612951106,1.1626259960483676,0.11220142722498991,2.489995960683991
/home/carld/.cache/kagglehub/datasets/andrewmvd/retinal-disease-classification/versions/1/Test_Set/Test_Set/Test/577.png,False,152.23533520390015,251.79810180813962,0.6045928627368985,0.06640196161926108,119.52353091466995,1.0864110714253963,0.10770224101733036,2.634574352089008
/home/carld/.cache/kagglehub/datasets/andrewmvd/retinal-disease-classification/versions/1/Test_Set/Test_Set/Test/578.png,False,179.98985688039514,262.8033674065352,0.684884134692101,0.06833469800356418,123.00245640641552,1.152834460342073,0.11514454745962589,2.4069631464421932
/home/carld/.cache/kagglehub/datasets/andrewmvd/retinal-disease-classification/versions/1/Test_Set/Test_Set/Test/579.png,False,106.22624716284555,130.60582037337818,0.8133347109582415,0.0372295217274765,67.0131391094577,1.1827800516002362,0.07964018551397503,3.257083417352344
/home/carld/.cache/kagglehub/datasets/andrewmvd/retinal-disease-classification/versions/1/Test_Set/Test_Set/Test/580.png,False,264.541170411708,327.28266077669394,0.8082957092316153,0.09242728791495626,166.36911824692126,1.098027988169945,0.14568303701691368,2.1442240936943464
/home/carld/.cache/kagglehub/datasets/andrewmvd/retinal-disease-classification/versions/1/Test_Set/Test_Set/Test/581.png,False,197.05628685290827,373.27123635976477,0.5279171488664673,0.09550701654874362,171.91262978773852,1.0989764185323931,0.126061814556331,1.8858424725822531
/home/carld/.cache/kagglehub/datasets/andrewmvd/retinal-disease-classification/versions/1/Test_Set/Test_Set/Test/582.png,False,121.90397625192355,213.10431240353776,0.5720389929091826,0.055172590817806226,99.3106634720512,1.0965995130852835,0.10486546134747239,3.3952388321816187
/home/carld/.cache/kagglehub/datasets/andrewmvd/retinal-disease-classification/versions/1/Test_Set/Test_Set/Test/583.png,False,134.72513322798383,285.69693768270366,0.471566598930823,0.07582962737893159,136.49332928207687,1.1109591612119027,0.11566318380035405,2.3941647597254008
/home/carld/.cache/kagglehub/datasets/andrewmvd/retinal-disease-classification/versions/1/Test_Set/Test_Set/Test/584.png,False,194.59509774238197,319.31016776447234,0.6094234302175997,0.08625353177388509,155.25635719299316,1.0988517727176923,0.11618990089278401,2.4230588090752723
/home/carld/.cache/kagglehub/datasets/andrewmvd/retinal-disease-classification/versions/1/Test_Set/Test_Set/Test/585.png,False,170.2764294058386,342.50781566097055,0.4971461135193066,0.08991653276673445,161.849758980122,1.0815538160012435,0.12406405461345728,2.094426086640764
/home/carld/.cache/kagglehub/datasets/andrewmvd/retinal-disease-classification/versions/1/Test_Set/Test_Set/Test/587.png,False,140.3306009082885,257.43782892523086,0.5451048180997732,0.06654598761577996,119.78277770840393,1.104686140362423,0.11012778918943132,2.3309592827935726
/home/carld/.cache/kagglehub/datasets/andrewmvd/retinal-disease-classification/versions/1/Test_Set/Test_Set/Test/588.png,False,209.98776030015387,340.5269542717604,0.6166553268866093,0.09235304256655136,166.23547661979245,1.1907180819813044,0.13227154570264837,2.7223063819252467
/home/carld/.cache/kagglehub/datasets/andrewmvd/retinal-disease-classification/versions/1/Test_Set/Test_Set/Test/590.png,False,179.1415122630562,281.2983921573706,0.6368380241677195,0.07325443231834555,131.857978173022,1.097455175486367,0.11713203701344575,2.331835500943866
/home/carld/.cache/kagglehub/datasets/andrewmvd/retinal-disease-classification/versions/1/Test_Set/Test_Set/Test/591.png,False,146.06345023220925,236.39129227784719,0.6178884544551272,0.06211056275801225,111.79901296442205,1.0772233220342093,0.10271503613133981,2.1416998828324276
/home/carld/.cache/kagglehub/datasets/andrewmvd/retinal-disease-classification/versions/1/Test_Set/Test_Set/Test/592.png,False,182.79236442065098,263.94595827118957,0.6925370845528999,0.07466729404100406,134.4011292738073,1.113984124098139,0.10968532897425419,2.326545624379707
/home/carld/.cache/kagglehub/datasets/andrewmvd/retinal-disease-classification/versions/1/Test_Set/Test_Set/Test/593.png,False,155.65160562732052,221.37221212626378,0.7031216977609717,0.0614139371448093,110.54508686065674,1.0832613432334603,0.09073680318017935,2.247141844627284
/home/carld/.cache/kagglehub/datasets/andrewmvd/retinal-disease-classification/versions/1/Test_Set/Test_Set/Test/594.png,False,191.2434402582767,290.4058749293023,0.6585384689784044,0.08367106931429383,150.60792476572888,1.104483151374518,0.11610870587244672,2.2274318834071276
/home/carld/.cache/kagglehub/datasets/andrewmvd/retinal-disease-classification/versions/1/Test_Set/Test_Set/Test/614.png,False,231.5712160219055,293.6929533954594,0.7884806678017003,0.08657312762829684,155.8316297309343,1.0905030797496593,0.1248893116001443,2.198583188481847
/home/carld/.cache/kagglehub/datasets/andrewmvd/retinal-disease-classification/versions/1/Test_Set/Test_Set/Test/615.png,False,167.44602723936268,268.89068792401866,0.622728992707544,0.07132184262178382,128.37931671921086,1.2241466548971836,0.10829847683687159,2.1178807250151266
/home/carld/.cache/kagglehub/datasets/andrewmvd/retinal-disease-classification/versions/1/Test_Set/Test_Set/Test/616.png,False,172.92372199859403,319.33625030358957,0.5415098405965414,0.0830354823006524,149.46386814117432,1.1205128661439228,0.11973582686299795,2.426605083822093
/home/carld/.cache/kagglehub/datasets/andrewmvd/retinal-disease-classification/versions/1/Test_Set/Test_Set/Test/617.png,False,289.7335674714896,329.2583030249547,0.879958272303707,0.10103620197756072,181.8651635596093,1.0968504156655245,0.13593430309145435,2.313181423246167
/home/carld/.cache/kagglehub/datasets/andrewmvd/retinal-disease-classification/versions/1/Test_Set/Test_Set/Test/618.png,False,114.68830253587562,181.74324499434078,0.6310457510508676,0.05296106683383198,95.32992030089756,1.1226715918348547,0.08083727447889298,1.5060041649637026
/home/carld/.cache/kagglehub/datasets/andrewmvd/retinal-disease-classification/versions/1/Test_Set/Test_Set/Test/619.png,False,146.79200773487443,252.80711940565936,0.5806482352236648,0.06533117206008346,117.59610970815022,1.1199452195334814,0.10245299252540824,2.504687303948807
/home/carld/.cache/kagglehub/datasets/andrewmvd/retinal-disease-classification/versions/1/Test_Set/Test_Set/Test/620.png,False,262.14163661433923,278.04511986583697,0.9428025089626766,0.08496804186638365,152.94247535949057,1.0871597568592242,0.13639121382182204,2.484053334804131
/home/carld/.cache/kagglehub/datasets/andrewmvd/retinal-disease-classification/versions/1/Test_Set/Test_Set/Test/621.png,False,209.9443070849868,301.7491924169453,0.6957576436356918,0.07942082606205324,142.95748691169584,1.098197660789448,0.1338557512847391,2.458581545777619
/home/carld/.cache/kagglehub/datasets/andrewmvd/retinal-disease-classification/versions/1/Test_Set/Test_Set/Test/622.png,False,175.78408751777644,322.05149172567707,0.5458260310357731,0.08480735197134898,152.65323354842815,1.0900225443325093,0.12416074797469759,2.2160831206303406
/home/carld/.cache/kagglehub/datasets/andrewmvd/retinal-disease-classification/versions/1/Test_Set/Test_Set/Test/623.png,False,110.92021286370426,250.20327154863966,0.4433203937628822,0.06426190472895803,115.67142851212445,1.0937709080566815,0.08717409841431167,1.6586937235682726
/home/carld/.cache/kagglehub/datasets/andrewmvd/retinal-disease-classification/versions/1/Test_Set/Test_Set/Test/626.png,False,266.49277132726974,319.9198026233642,0.8329986738614205,0.09550626142650631,171.91127056771137,1.1618068184489485,0.12778825879480635,2.4651398290977693
/home/carld/.cache/kagglehub/datasets/andrewmvd/retinal-disease-classification/versions/1/Test_Set/Test_Set/Test/627.png,False,191.76834139317086,266.6803320697204,0.7190944300423149,0.07386582719404144,132.9584889492746,1.087146692537579,0.11290577767850495,2.7383757724666817
/home/carld/.cache/kagglehub/datasets/andrewmvd/retinal-disease-classification/versions/1/Test_Set/Test_Set/Test/628.png,False,181.74581907237683,274.19735569763503,0.6628284893921186,0.07728866482457371,139.11959668423268,1.0900729231344557,0.11248108659699496,2.2955065273232695
/home/carld/.cache/kagglehub/datasets/andrewmvd/retinal-disease-classification/versions/1/Test_Set/Test_Set/Test/629.png,False,175.4117486866649,226.29946633006904,0.7751310753460555,0.06468794480809625,116.43830065457325,1.0875300871910718,0.11239934431721646,2.3482417411488807
/home/carld/.cache/kagglehub/datasets/linchundan/fundusimage1000/versions/4/1000images/0.0.Normal/1ffa9627-8d87-11e8-9daf-6045cb817f5b..JPG,False,265.579636449252,314.69012475623026,0.8439401670293247,0.09333734880617964,168.00722785112336,1.1155186425264645,0.14667312728097487,2.210664137404895
/home/carld/.cache/kagglehub/datasets/linchundan/fundusimage1000/versions/4/1000images/0.0.Normal/1ffa9628-8d87-11e8-9daf-6045cb817f5b..JPG,False,152.3157062422757,294.085291809088,0.5179303776305645,0.07958833288263392,143.25899918874106,1.0828649111933397,0.13049399737700507,2.4030668863705147
/home/carld/.cache/kagglehub/datasets/linchundan/fundusimage1000/versions/4/1000images/0.0.Normal/1ffa9629-8d87-11e8-9daf-6045cb817f5b..JPG,False,175.76830534359996,356.26151575317436,0.4933687686474001,0.0911093272414862,163.99678903467515,1.09722170044774,0.12971764422368898,2.6567549837334155
/home/carld/.cache/kagglehub/datasets/linchundan/fundusimage1000/versions/4/1000images/0.0.Normal/1ffa962a-8d87-11e8-9daf-6045cb817f5b..JPG,False,246.9669613719515,441.29561340970815,0.559640644201605,0.11774744057073826,211.94539302732886,1.090038570381169,0.12803831488504508,2.243435184328719
/home/carld/.cache/kagglehub/datasets/linchundan/fundusimage1000/versions/4/1000images/0.0.Normal/1ffa962b-8d87-11e8-9daf-6045cb817f5b..JPG,False,153.40875959066165,261.0481658812066,0.5876645755116022,0.0693820373356691,124.88766720420438,1.1312645194264073,0.12158528047320243,2.867324037662516
/home/carld/.cache/kagglehub/datasets/linchundan/fundusimage1000/versions/4/1000images/0.0.Normal/1ffa962d-8d87-11e8-9daf-6045cb817f5b..JPG,False,98.40850140816197,131.25927737243117,0.7497260641542357,0.03559511966919631,64.07121540455336,1.092888909810487,0.09408179561078464,3.954149043680054
/home/carld/.cache/kagglehub/datasets/linchundan/fundusimage1000/versions/4/1000images/0.0.Normal/1ffa962e-8d87-11e8-9daf-6045cb817f5b..JPG,False,161.1705985515841,249.57322427466576,0.6457848153382397,0.06411027358128474,115.39849244631253,1.0870499333529275,0.1310087078598395,3.442924626738252
/home/carld/.cache/kagglehub/datasets/linchundan/fundusimage1000/versions/4/1000images/0.0.Normal/1ffa962f-8d87-11e8-9daf-6045cb817f5b..JPG,False,130.22622293752323,188.48537265282363,0.69090890770283,0.05197597261685044,93.55675071033079,1.0937148833833774,0.1123171275345482,3.3374647088224565
/home/carld/.cache/kagglehub/datasets/linchundan/fundusimage1000/versions/4/1000images/0.0.Normal/1ffa9630-8d87-11e8-9daf-6045cb817f5b..JPG,False,128.6757068981792,203.43591721006055,0.6325122361028968,0.05336215602027045,96.05188083648682,1.1488709986085814,0.10376688745483072,3.2788107256192363
/home/carld/.cache/kagglehub/datasets/linchundan/fundusimage1000/versions/4/1000images/0.0.Normal/1ffa9631-8d87-11e8-9daf-6045cb817f5b..JPG,False,105.54754249738505,173.61120524029104,0.6079535151622227,0.045889144199561346,82.60045955921042,1.0963903373146,0.11056423176992664,4.077737755353966
/home/carld/.cache/kagglehub/datasets/linchundan/fundusimage1000/versions/4/1000images/0.0.Normal/1ffa9632-8d87-11e8-9daf-6045cb817f5b..JPG,False,152.09196810005213,240.67385682549875,0.6319422063790121,0.0627496633580122,112.94939404442196,1.1039699065262685,0.12436419455971692,3.1738627050513197
/home/carld/.cache/kagglehub/datasets/linchundan/fundusimage1000/versions/4/1000images/0.0.Normal/1ffa9633-8d87-11e8-9daf-6045cb817f5b..JPG,False,160.51212355715276,180.52149259240142,0.8891579681294366,0.05279073189122017,95.0233174041963,1.1228233253011513,0.10674866345549343,3.220545206165831
/home/carld/.cache/kagglehub/datasets/linchundan/fundusimage1000/versions/4/1000images/0.0.Normal/1ffa9634-8d87-11e8-9daf-6045cb817f5b..JPG,False,169.3101406554989,247.7877750368296,0.6832868999704836,0.0668075788787931,120.25364198182758,1.1184971472259277,0.1255619543005759,2.946535389188185
/home/carld/.cache/kagglehub/datasets/linchundan/fundusimage1000/versions/4/1000images/0.0.Normal/1ffa9636-8d87-11e8-9daf-6045cb817f5b..JPG,False,136.5581666326201,228.91916084967352,0.5965344540219375,0.06052705446879069,108.94869804382324,1.1181713705464322,0.09603732103598048,2.542048724685863
/home/carld/.cache/kagglehub/datasets/linchundan/fundusimage1000/versions/4/1000images/0.0.Normal/1ffa9638-8d87-11e8-9daf-6045cb817f5b..JPG,False,146.74457129712906,244.79356118478327,0.5994625454480741,0.06588508471464499,118.59315248636099,1.0923611871956882,0.10418387870569265,2.359905872700234
/home/carld/.cache/kagglehub/datasets/linchundan/fundusimage1000/versions/4/1000images/0.0.Normal/1ffa9639-8d87-11e8-9daf-6045cb817f5b..JPG,False,128.6757068981792,203.43591721006055,0.6325122361028968,0.05336215602027045,96.05188083648682,1.1488709986085814,0.10376688745483072,3.2788107256192363
/home/carld/.cache/kagglehub/datasets/linchundan/fundusimage1000/versions/4/1000images/0.0.Normal/1ffa963a-8d87-11e8-9daf-6045cb817f5b..JPG,False,134.0902558444203,250.2199760339503,0.5358894919973404,0.06432473848736475,115.78452927725655,1.0977306998419956,0.11131475923945212,2.8641418914007413
/home/carld/.cache/kagglehub/datasets/linchundan/fundusimage1000/versions/4/1000images/0.0.Normal/1ffa963f-8d87-11e8-9daf-6045cb817f5b..JPG,False,151.3869992028995,198.04277477043945,0.7644156641330601,0.05861288993085017,105.50320187553031,1.0919469520391185,0.11254030877875659,2.6813669855338773
/home/carld/.cache/kagglehub/datasets/linchundan/fundusimage1000/versions/4/1000images/0.0.Normal/1ffa9640-8d87-11e8-9daf-6045cb817f5b..JPG,False,145.12569033084742,255.07396371583343,0.5689553265911745,0.06575743718580766,118.3633869344538,1.1153506316568853,0.11430904266176771,2.8631913030309017
/home/carld/.cache/kagglehub/datasets/linchundan/fundusimage1000/versions/4/1000images/0.0.Normal/1ffa9641-8d87-11e8-9daf-6045cb817f5b..JPG,False,148.97794179157196,223.97208681698513,0.6651629848558168,0.059463386374395244,107.03409547391144,1.0912974038607006,0.11847473113897551,3.4560234735943514
/home/carld/.cache/kagglehub/datasets/linchundan/fundusimage1000/versions/4/1000images/0.0.Normal/1ffa9642-8d87-11e8-9daf-6045cb817f5b..JPG,False,163.45992518004857,188.73906198172736,0.8660630367860672,0.06224024948196031,112.03244906752856,1.1045687547193423,0.1148611352058921,2.990363839954579
/home/carld/.cache/kagglehub/datasets/linchundan/fundusimage1000/versions/4/1000images/0.0.Normal/1ffa9643-8d87-11e8-9daf-6045cb817f5b..JPG,False,317.30450609694543,418.1632365393837,0.75880536204684,0.12501023977230757,225.01843159015363,1.1788248191135204,0.16002943650126156,2.611753574432296
/home/carld/.cache/kagglehub/datasets/linchundan/fundusimage1000/versions/4/1000images/0.0.Normal/1ffa9644-8d87-11e8-9daf-6045cb817f5b..JPG,False,137.99852994719305,226.2709364735616,0.6098818173376737,0.05832498465781604,104.98497238406887,1.0917752023983955,0.11100671188532,3.25377875952446
/home/carld/.cache/kagglehub/datasets/linchundan/fundusimage1000/versions/4/1000images/0.0.Normal/1ffa9647-8d87-11e8-9daf-6045cb817f5b..JPG,False,135.51736868435543,208.64971979710967,0.6494970077895723,0.05526726357420982,99.48107443357767,1.1111339822453936,0.10558188038566384,2.9247882324960206
/home/carld/.cache/kagglehub/datasets/linchundan/fundusimage1000/versions/4/1000images/0.0.Normal/1ffa9649-8d87-11e8-9daf-6045cb817f5b..JPG,False,134.57517602798637,198.03055250264745,0.6795677451144173,0.052761150629092486,94.97007113236647,1.101238880659182,0.10802215472574593,2.797161744812272
/home/carld/.cache/kagglehub/datasets/linchundan/fundusimage1000/versions/4/1000images/0.0.Normal/1ffa964a-8d87-11e8-9daf-6045cb817f5b..JPG,False,109.72378504651519,214.03254628258327,0.5126500009099031,0.05896505224641669,106.13709404355004,1.1069926188366996,0.09827989059886856,2.647362478792965
/home/carld/.cache/kagglehub/datasets/linchundan/fundusimage1000/versions/4/1000images/0.0.Normal/1ffa964b-8d87-11e8-9daf-6045cb817f5b..JPG,False,165.2613366079456,270.3519731562617,0.6112821544395595,0.07019862813769646,126.35753064785364,1.0915672569992394,0.12575018349812184,3.1327231121281462
/home/carld/.cache/kagglehub/datasets/linchundan/fundusimage1000/versions/4/1000images/0.0.Normal/1ffa964c-8d87-11e8-9daf-6045cb817f5b..JPG,False,187.39609369795724,231.97694984473864,0.8078220436270965,0.07303034606857679,131.45462292343822,1.1040240335154254,0.11223791867443547,2.788149321429857
/home/carld/.cache/kagglehub/datasets/linchundan/fundusimage1000/versions/4/1000images/0.0.Normal/1ffa9651-8d87-11e8-9daf-6045cb817f5b..JPG,False,134.4442095525152,246.32919962730227,0.5457907944162941,0.0660414884650642,118.87467923711557,1.0954789223305985,0.1043854568502956,2.493142601112483
/home/carld/.cache/kagglehub/datasets/linchundan/fundusimage1000/versions/4/1000images/0.0.Normal/1ffa9652-8d87-11e8-9daf-6045cb817f5b..JPG,False,178.3996679781729,249.69904846891154,0.7144587417215741,0.06680920586657169,120.25657055982903,1.1065387419295434,0.1370547232766423,3.67007983573561
/home/carld/.cache/kagglehub/datasets/linchundan/fundusimage1000/versions/4/1000images/0.0.Normal/1ffa9654-8d87-11e8-9daf-6045cb817f5b..JPG,False,137.51031918762004,208.4804696296871,0.6595836983285408,0.05407463246759986,97.33433844167975,1.084162723167138,0.11661566622131067,4.153878526826572
/home/carld/.cache/kagglehub/datasets/linchundan/fundusimage1000/versions/4/1000images/0.0.Normal/1ffa9655-8d87-11e8-9daf-6045cb817f5b..JPG,False,138.25216683541558,227.08156807282288,0.6088216142275337,0.06231241538876393,112.16234769977507,1.084494785953962,0.11320306096271407,2.7473454345228037
/home/carld/.cache/kagglehub/datasets/linchundan/fundusimage1000/versions/4/1000images/0.0.Normal/1ffa9656-8d87-11e8-9daf-6045cb817f5b..JPG,False,124.20441246122789,201.77966822633832,0.6155447352698912,0.053002594222485176,95.40466960047331,1.088028878407536,0.10378063941939361,3.230485505484473
/home/carld/.cache/kagglehub/datasets/linchundan/fundusimage1000/versions/4/1000images/0.0.Normal/1ffa9657-8d87-11e8-9daf-6045cb817f5b..JPG,False,212.9574986195199,252.50523032909544,0.843378564245849,0.08115883870313396,146.08590966564114,1.1400088722894126,0.09282411967139033,1.7795094029176275
/home/carld/.cache/kagglehub/datasets/linchundan/fundusimage1000/versions/4/1000images/0.0.Normal/1ffa9658-8d87-11e8-9daf-6045cb817f5b..JPG,False,160.90224097972057,254.087897924939,0.6332542489971454,0.06789375243543767,122.2087543837878,1.0951976105449897,0.11304384238515976,2.2520999958125705
/home/carld/.cache/kagglehub/datasets/linchundan/fundusimage1000/versions/4/1000images/0.0.Normal/1ffa9659-8d87-11e8-9daf-6045cb817f5b..JPG,False,126.72715870386445,191.4241099915751,0.6620229745847684,0.05325090939595819,95.85163691272474,1.1067528432520854,0.09668872408696925,2.636567386084741
/home/carld/.cache/kagglehub/datasets/linchundan/fundusimage1000/versions/4/1000images/0.0.Normal/1ffa965a-8d87-11e8-9daf-6045cb817f5b..JPG,False,145.62705596409242,225.44399992273355,0.6459566722290377,0.06051097494183165,108.91975489529698,1.091271178287802,0.1242919890250939,3.104885717313739
/home/carld/.cache/kagglehub/datasets/linchundan/fundusimage1000/versions/4/1000images/0.0.Normal/1ffa965b-8d87-11e8-9daf-6045cb817f5b..JPG,False,339.6976309188945,414.2179459444459,0.8200939487166838,0.12399636170802972,223.1934510744535,1.0746998143853628,0.1619798110010292,2.432660020168207
