cle,logit_professeur
images/odir/deb039cf5c9ee538.jpg,-5.4229655
images/odir/b63b5fa6b3fdefa6.jpg,-5.576897
images/odir/3c17eb03d1938277.jpg,-5.293468
images/odir/cc0614a1f5e3e43f.jpg,0.02693975
images/odir/878161b2a48a4239.jpg,-0.77845144
images/odir/18a51cc0d3e2f21e.jpg,-4.7143927
images/odir/fd7211deb6e0f6f0.jpg,-2.0444152
images/odir/ca74d026613a5394.jpg,-4.1108837
images/odir/2c55f31898499b92.jpg,-7.409414
images/odir/3e2fcf6194cfa382.jpg,-3.6222124
images/odir/cf2c66c7c8a7c57a.jpg,-6.4027514
images/odir/890bc91a4b9edfcc.jpg,-2.4176378
images/odir/c620aa6f195313d4.jpg,-3.6099954
images/odir/28375aa2c7cb7dcf.jpg,-4.1231003
images/odir/b89f76e0932036bd.jpg,-2.9967132
images/odir/2a72e63905bb1ee7.jpg,-6.2585936
images/odir/9f6e2b12b3d30c1e.jpg,-6.661747
images/odir/c87f04160051c191.jpg,-3.18363
images/odir/0fffe83240f357d9.jpg,-6.3465543
images/odir/59ecff15f085a564.jpg,-3.8323412
images/odir/a9532e2af2651ebc.jpg,-4.45784
images/odir/a7f644c768f90f21.jpg,-4.533584
images/odir/03e5bd0beda8e626.jpg,-4.853664
images/odir/015c98fa26b0d98c.jpg,-5.293468
images/odir/c9fa5c8c1e2bfca9.jpg,-4.3723226
images/odir/94ef1b8a878457c4.jpg,-6.366101
images/odir/98293a462e388b4e.jpg,-5.3056846
images/odir/b3600dca16c5de75.jpg,-4.279475
images/odir/63a3c654cb8474ce.jpg,-2.4616184
images/odir/2f9869714f13cd0c.jpg,-4.746156
images/odir/8f91e27df2f57e93.jpg,-5.3521085
images/odir/8f89a982733f1316.jpg,-3.3229012
images/odir/812d4a37bf3c0cf5.jpg,-2.929521
images/odir/b65b8e36b30ce0d7.jpg,-3.8763213
images/odir/ed81d8bba07ced81.jpg,-4.9147477
images/odir/2c0f47ac25196970.jpg,-5.227497
images/odir/243b485884e5ee8f.jpg,-2.1354303
images/odir/2ee2eaacfad90df0.jpg,-5.747932
images/odir/0b325ac3400f9c04.jpg,-5.7919126
images/odir/224278359ca6224e.jpg,-5.1199894
images/odir/3d293c87f7663abd.jpg,-6.6764073
images/odir/e5c92f07fb889702.jpg,-3.563572
images/odir/3da37f1a54d2cec1.jpg,-3.6246557
images/odir/7193a39c4ced833a.jpg,-2.4261897
images/odir/15bd10fd6d65f546.jpg,-3.4450688
images/odir/2fa37cabd6914ae1.jpg,-5.4840493
images/odir/e26696cea2b21abf.jpg,-3.383985
images/odir/759be8da5e62a511.jpg,-4.8121266
images/odir/304b5334e2f44e64.jpg,-6.0093713
images/odir/47153152a370c631.jpg,-6.4858255
images/odir/1657c43bd406cb6f.jpg,-4.1719675
images/odir/e9aa0144693adac4.jpg,-5.4791627
images/odir/604f0760ae845f4f.jpg,-5.100443
images/odir/b11ecf19e6b9b7be.jpg,-4.42119
images/odir/2f99ef608d16e67e.jpg,-4.2721453
images/odir/8a194936a8943aa4.jpg,-2.8513336
images/odir/5d8dd5b338ec11b8.jpg,-6.495599
images/odir/84033bfd250f9989.jpg,-5.427852
images/odir/0ca9b54c3c5c0959.jpg,-5.1126595
images/odir/2c52c19a124256b0.jpg,0.02693975
images/odir/c6eeeb28df728c25.jpg,-4.1255436
images/odir/9c87eb6e41399061.jpg,-5.374099
images/odir/43d63450f4ba3dd6.jpg,-4.953841
images/odir/ab988c0a77f6c21f.jpg,-2.2856967
images/odir/0c36bb6b432ebe94.jpg,-4.0815635
images/odir/6a775b6ab7571330.jpg,-5.244601
images/odir/5781ec22d0005504.jpg,-3.4927144
images/odir/4b45a72e64be342c.jpg,-2.2185044
images/odir/818af3e9558e6877.jpg,-4.5897813
images/odir/ae5c426f29dc3cae.jpg,-0.93116117
images/odir/bbb3ee514840d315.jpg,-7.9664993
images/odir/a3e9361c90a14d93.jpg,-3.9862723
images/odir/7ad44486aa9fa6de.jpg,-3.423079
images/odir/cdfa50fdbb2c56a0.jpg,-4.9123044
images/odir/47f94d8a35ad65c9.jpg,-4.250155
images/odir/acb340b425598a8d.jpg,-4.758373
images/odir/cf83edeb254a7e7d.jpg,-2.1189375
images/odir/2d06e6daa3265ec7.jpg,-4.863437
images/odir/eb46907129d953cd.jpg,-2.6149387
images/odir/86ccc18739ad16b4.jpg,-6.783915
images/odir/830edf0b6c72772d.jpg,-4.4334064
images/odir/cbcff63ea062bbba.jpg,-4.2281647
images/odir/69274200c2fe3458.jpg,-3.5391383
images/odir/3d7491a3ec93854d.jpg,-5.239714
images/odir/acb065824af1be3b.jpg,-6.754595
images/odir/c9b1dabb80b4c7b9.jpg,-5.20062
images/odir/a1346f75d42ef41b.jpg,-4.5897813
images/odir/f5b2f9be8a59d151.jpg,-5.721055
images/odir/7d50b898ea7b76bb.jpg,-4.5555744
images/odir/10123b8984da9575.jpg,-5.774809
images/odir/8c8c75af935214f9.jpg,-3.9593954
images/odir/1814a3636c84b962.jpg,-4.606885
images/odir/f6dce8027077bcf8.jpg,-3.0101519
images/odir/e081db7741f9418c.jpg,-4.193958
images/odir/d24791c51879639e.jpg,-5.694178
images/odir/e17af2211bdce624.jpg,-6.016701
images/odir/186e5d5e2af51cf7.jpg,-5.027142
images/odir/af0a1293023b4f46.jpg,-5.3618817
images/odir/7a779788a5d0d3ff.jpg,-5.8994203
images/odir/cc09f3aa3228f775.jpg,-3.7309418
images/odir/688ab4268178c301.jpg,-6.0997753
images/odir/38e6e413c6da7a8c.jpg,-4.408973
images/odir/2f23c6e2c45c1052.jpg,-3.1115508
images/odir/ac94063601664d61.jpg,-4.2819185
images/odir/aeb7cb61871a1620.jpg,-2.5782886
images/odir/cc8fb45d19d6cf01.jpg,-5.374099
images/odir/5a4c4d3a117c42ef.jpg,-5.320345
images/odir/6ea92ce330f2a215.jpg,-5.701508
images/odir/8a6b0432d89bdafe.jpg,-6.2390466
images/odir/20949dbb623ddc37.jpg,-5.3056846
images/odir/d838549e56f4ecff.jpg,-2.7267222
images/odir/cb1b0315ea9ffafa.jpg,-5.755262
images/odir/d4aeb899787d7761.jpg,-3.0602405
images/odir/dea62502cf778100.jpg,-5.3985324
images/odir/3fba0dc006994b18.jpg,-5.5035963
images/odir/7fb207a029a98d6e.jpg,-4.189071
images/odir/32b05872b2b4792f.jpg,-6.578673
images/odir/0d2a07a25eb945b7.jpg,-6.5737863
images/odir/ed479248cc7ed268.jpg,-4.374766
images/odir/683508a6d3e7d2d0.jpg,-4.386983
images/odir/d12408d28f74cab4.jpg,-4.291692
images/odir/761937540931cff1.jpg,-6.1461987
images/odir/7529c0d45a368f87.jpg,-7.849218
images/odir/cb71de0fd70f0408.jpg,-1.6227837
images/odir/0a06e9afec3768cd.jpg,-4.291692
images/odir/2cef8b48c03f6a48.jpg,-4.1792974
images/odir/97986feb7eb49dcd.jpg,-5.212837
images/odir/945f97960e50a4b8.jpg,-4.6581955
images/odir/b2ac654f95322a78.jpg,-3.6881828
images/odir/0555ede3da1c0b94.jpg,-5.2763643
images/odir/dc4514d19312fbb5.jpg,-4.1231003
images/odir/b46cd6920ef2d5df.jpg,-6.0386915
images/odir/42bd45b161c3c43f.jpg,-3.7883606
images/odir/cd8ec1f08109bcc1.jpg,-6.2390466
images/odir/12bd64628b51764a.jpg,-6.8572154
images/odir/11505a23b05e24de.jpg,-4.2550416
images/odir/d58c640a18b4d74e.jpg,-5.5231433
images/odir/30bebda190066956.jpg,-2.1500905
images/odir/d1af86bb20403ea7.jpg,-5.9995975
images/odir/ccb2f21b0a7a41a9.jpg,-4.621545
images/odir/804cc9db62c42983.jpg,-6.361214
images/odir/75e4da5a6d3a3b9d.jpg,-0.5704608
images/odir/847ec66ca6923167.jpg,-4.860994
images/odir/bc81f40271e250e6.jpg,-4.018036
images/odir/d71d5b54e6570822.jpg,-0.5380863
images/odir/03b9f30865e09f87.jpg,-5.0979996
images/odir/0284232c525f5e80.jpg,-4.367436
images/odir/72c10bd7504ad694.jpg,-6.5737863
images/odir/52e6fcc830fad303.jpg,-5.3716555
images/odir/35102ada4ab7713e.jpg,-5.9629474
images/odir/7fe854fe724aa221.jpg,-1.8663557
images/odir/eb67e71f23d113cf.jpg,-4.1084404
images/odir/211b2b4b1bee0472.jpg,-5.92141
images/odir/a52337cfcd7c2ffb.jpg,-3.5757885
images/odir/eca93ecbaba0fde6.jpg,-5.0931125
images/odir/b56dd04030004358.jpg,-4.2745886
images/odir/56ca734aefb7c87e.jpg,-2.83423
images/odir/d8cc513fa16ca82b.jpg,-4.9758315
images/odir/5882a572bc47156c.jpg,-4.5433574
images/odir/421d0d4eb071a381.jpg,-5.569567
images/odir/9627629fe3d6caaa.jpg,-3.976499
images/odir/9caa56d184da0da4.jpg,-4.6655254
images/odir/be57ceb1bf7b8959.jpg,-5.15664
images/odir/65bcd17089c372f0.jpg,-5.0784526
images/odir/2bc2d6d704460b37.jpg,-2.675412
images/odir/71a6b4fe1d994441.jpg,-1.3918102
images/odir/e7601d5314a58537.jpg,-4.970945
images/odir/177cfbdfa70e0fd3.jpg,-6.1364255
images/odir/babde5c0985fb088.jpg,-5.0100384
images/odir/16e9495368441824.jpg,-5.2030635
images/odir/f5b138bf6e4bfc88.jpg,-4.853664
images/odir/dac6978aea40c1f1.jpg,-5.425409
images/odir/10dae61e4b6e1a52.jpg,-4.7095056
images/odir/89cb97dbeb77eb55.jpg,-2.4280221
images/odir/eb34cc732421b0f0.jpg,-4.8292303
images/odir/b5045518e8d91dd6.jpg,-4.203731
images/odir/ce8b983613911960.jpg,-5.5964437
images/odir/6866808ca91483ef.jpg,-3.6148825
images/odir/f88bbb772011d908.jpg,-5.5060396
images/odir/159351ed6506e6cd.jpg,-6.028918
images/odir/84a01d34c701852f.jpg,-5.2494874
images/odir/42d334e094738c41.jpg,-5.4987097
images/odir/b72f64b69f2fdfe5.jpg,-6.6764073
images/odir/3ede6a6e984315b9.jpg,-5.244601
images/odir/682fa396752135b1.jpg,-4.5286975
images/odir/4cc7c707113035fe.jpg,-4.5213675
images/odir/9fa86dc5004fee1b.jpg,-3.8567743
images/odir/b2969d06ab98b318.jpg,-5.3618817
images/odir/2885b44b3835183f.jpg,-5.7601485
images/odir/e79ef8c37a08b130.jpg,-5.2836943
images/odir/31937824ad5c261d.jpg,-4.250155
images/odir/e7f6f93cda1f6945.jpg,-4.3991995
images/odir/a8f56a676e0aa7fa.jpg,-4.3576627
images/odir/0203a6419a15167e.jpg,-5.501153
images/odir/3104c4f3404b7ab4.jpg,-6.1266522
images/odir/fb65d77bee4222f5.jpg,-6.0753417
images/odir/cddd01adf0c73973.jpg,-5.7381587
images/odir/61231c6262bcb30c.jpg,-4.751043
images/odir/b0a0dc59efb8a44d.jpg,-4.9489546
images/odir/c135f1b9ba8add77.jpg,-3.862883
images/odir/6ac0ecf2b71b60c2.jpg,-7.2823596
images/odir/dd45823e8989a75a.jpg,-5.857883
images/odir/d4f3373341200aac.jpg,-4.4993773
images/odir/0e47e460c7dbdfc4.jpg,-6.534693
images/odir/44c25c0adcc75745.jpg,-5.4498425
images/odir/747abef635b8ae0e.jpg,-3.8579965
images/odir/c05419eff41b9018.jpg,-4.8512206
images/odir/f57453ca137705da.jpg,-1.6585177
images/odir/b65576cddd508a9e.jpg,-4.746156
images/odir/1129de663294693a.jpg,-4.0497994
images/odir/7e69876fae310bc3.jpg,-3.1188812
images/odir/44a3cd8cfa671984.jpg,-4.237938
images/odir/e8c9f5fdc1e547ad.jpg,-2.7047322
images/odir/30e85cfefd9f0d9c.jpg,-3.8054643
images/odir/915c639c32626210.jpg,-6.0655684
images/odir/9b021f5d814d77c2.jpg,-6.3196774
images/odir/da7cabbc495abc21.jpg,-5.6550846
images/odir/f3a466f6778dfe8e.jpg,-3.6918478
images/odir/258b425bf6df2063.jpg,-4.347889
images/odir/fd2d8ab10cffc40a.jpg,-5.2299404
images/odir/bfa69d914fbbf9f9.jpg,-3.403532
images/odir/51ed0fef9eb1d703.jpg,1.1203417
images/odir/f0614b5188478878.jpg,-4.746156
images/odir/737f64af587cd960.jpg,-4.1231003
images/odir/1d27c263ccfe1829.jpg,-6.3758745
images/odir/f9739b863771adf2.jpg,-0.5759583
images/odir/140c6c7ed248e4c7.jpg,-6.607993
images/odir/d5b1d819a35ba35a.jpg,-3.396202
images/odir/a8535e82f5fc1569.jpg,-4.8047967
images/odir/c23434ba8533d4b2.jpg,-6.5591264
images/odir/36bc34fd2a62f393.jpg,-6.0460215
images/odir/badd8c0d2295bccb.jpg,-6.534693
images/odir/ccdc1b5074be97a1.jpg,-5.440069
images/odir/0b821db7ca72f735.jpg,-6.1266522
images/odir/6837514a919fee2d.jpg,-5.9360704
images/odir/34044c3b0ac408b4.jpg,-4.44318
images/odir/1e6b113fe6f1ccf4.jpg,-0.5912293
images/odir/5c08ac796e7cd582.jpg,-4.9294076
images/odir/602f03c49043fd84.jpg,-6.2830267
images/odir/99eaf12364f62688.jpg,-5.9776073
images/odir/2be7053ef914cb30.jpg,-5.0027084
images/odir/476211b6f9012ad3.jpg,-3.877543
images/odir/97a0fdf021089c23.jpg,-6.5004854
images/odir/d7008787c97c25ba.jpg,-5.5988874
images/odir/60e00d448f5047ea.jpg,-4.176854
images/odir/7e5e5b102a17ee9b.jpg,-5.6135473
images/odir/6909b0b6131f2ed1.jpg,-4.4334064
images/odir/c48999adafda2fff.jpg,-3.54769
images/odir/78837e0db8745300.jpg,-3.4475126
images/odir/0f8218d3731cdb04.jpg,-4.5653477
images/odir/cd1b35e594848af8.jpg,-6.048465
images/odir/b17e14e67b8c484d.jpg,-4.880541
images/odir/1cf5f7cbb319a4d7.jpg,-2.023952
images/odir/d61439af9f4554d2.jpg,-6.6324267
images/odir/70f0382146339f5d.jpg,-4.6655254
images/odir/b1db049a9663ffd6.jpg,-7.111325
images/odir/08e2a51e37fedf8b.jpg,-3.1164377
images/odir/6756ee899387537b.jpg,-5.831006
images/odir/16d86bc9db0e92a8.jpg,-3.0639057
images/odir/6ff0bc245c4bc712.jpg,-3.6906261
images/odir/a431f12028cc0879.jpg,-4.1719675
images/odir/b2df6b0fa953e105.jpg,-4.6264315
images/odir/ecdee4057fda14df.jpg,-6.1706324
images/odir/87226e36cd9cec84.jpg,-3.920302
images/odir/10368e5cd5804bc8.jpg,-5.115103
images/odir/48e234047ec52ce5.jpg,-2.154977
images/odir/98164fc7495a11c4.jpg,-6.3465543
images/odir/fab07380c0800af0.jpg,-3.4352956
images/odir/e8b1631eb8c53bca.jpg,-5.9262967
images/odir/f265d05a2293c18b.jpg,-3.53303
images/odir/a9924ff83a1b56e4.jpg,-5.8554397
images/odir/34b4ffb3bbe2b2cf.jpg,-5.55735
images/odir/4777c2c78ae76434.jpg,-5.349665
images/odir/fdc5bdea10d24f94.jpg,-3.5586853
images/odir/171ccc2618cf5fcd.jpg,-4.8390036
images/odir/9e425887bf76d3c3.jpg,-3.3742118
images/odir/317c02ad73affac7.jpg,-4.8365602
images/odir/085ea80aa20e352e.jpg,-3.4120836
images/odir/f0c6099c37b253d6.jpg,-5.5720105
images/odir/d99f152efcf90330.jpg,-4.9953785
images/odir/1838de9819e117c1.jpg,-3.156753
images/odir/2ea1c646deecef8e.jpg,-2.3082976
images/odir/b0cb9d45bd2ddc2a.jpg,-4.572678
images/odir/e0df1311b22bf836.jpg,-4.306352
images/odir/16f8469da9ed7165.jpg,-5.4767194
images/odir/d4c8ab26c877e400.jpg,-1.4730135
images/odir/d9678b4643528fed.jpg,-5.547577
images/odir/dc9e1d90ab94bbf0.jpg,-1.3876965
images/odir/a208ac793270fbdd.jpg,-6.4027514
images/odir/88e7a1ef8076c64a.jpg,-5.7894692
images/odir/81cb9ea652f6fd2f.jpg,-3.8604398
images/odir/392e6c1f51ae2cab.jpg,-5.4302955
images/odir/64be2a909c540fd3.jpg,-4.8487773
images/odir/b7e686795ce72e2b.jpg,-6.261037
images/odir/c268198f790bfb6f.jpg,-5.4351826
images/odir/44c75d8cdfaba07b.jpg,-2.7328308
images/odir/0599598005af1e4f.jpg,-3.073679
images/odir/ddd45a9b223bfa16.jpg,-3.0639057
images/odir/7b505d1f87f75701.jpg,-3.5281434
images/odir/0dc27766e2e63d2d.jpg,-5.713725
images/odir/08c64bf9fc487a05.jpg,-5.1419797
images/odir/ce951f6e5e104ec3.jpg,-6.378318
images/odir/a6cd035f55642dcd.jpg,-5.000265
images/odir/59b5fd3ad7bc486b.jpg,-5.4962664
images/odir/99b5d20238249eb4.jpg,-1.7040253
images/odir/5a9781a4f2559208.jpg,-4.496934
images/odir/beee49cb1dc774ce.jpg,-4.4456234
images/odir/6c390f1ae953e1c0.jpg,-5.784582
images/odir/cc1d8eb0061f1b96.jpg,-5.3056846
images/odir/08ad233a15a25d65.jpg,-4.6581955
images/odir/ea9ee3fd0fde0386.jpg,-6.6715207
images/odir/7f08cd172cce4aa5.jpg,-5.2983546
images/odir/dffbb1213ecb13aa.jpg,-4.3283424
images/odir/bba6b95047574e67.jpg,-5.090669
images/odir/178a4935ec75cfe2.jpg,-5.4864926
images/odir/9174fe74a64611bf.jpg,-4.890314
images/odir/2f5d2ff4e902d849.jpg,-4.8780975
images/odir/de78ef50eca34118.jpg,-6.2952437
images/odir/0f597e143e8c2d41.jpg,-6.1266522
images/odir/ec55ce5463742d25.jpg,-3.9447355
images/odir/5df5c1c89ae7ba52.jpg,-3.1591964
images/odir/2a11aae0ad522a34.jpg,-4.8023534
images/odir/a0124bea8b9e5e3b.jpg,-2.526978
images/odir/4168af349c324611.jpg,-6.4467316
images/odir/4fe4ee23aa45ff4b.jpg,-4.623988
images/odir/c6a67804159f0428.jpg,-4.572678
images/odir/fc17040061f137ed.jpg,-2.675412
images/odir/8e690b641c28e267.jpg,-2.2276669
images/odir/ec6322caab9fb4d7.jpg,-4.2208347
images/odir/09af6d4bfad20974.jpg,-4.924521
images/odir/35863cfc230bca12.jpg,-1.3733323
images/odir/cef0aaefeb5a2330.jpg,-3.6710796
images/odir/4ead61dd657f39ce.jpg,-5.3716555
images/odir/e888c211ce38748b.jpg,-6.8230085
images/odir/7b847812b6c91b8c.jpg,-3.8421144
images/odir/e5181fb317cb0b48.jpg,-5.6208773
images/odir/bbbf07d8d2feb88c.jpg,-5.7992425
images/odir/ba6eccd69f52b023.jpg,-6.243933
images/odir/86f9e0b82261e1da.jpg,-3.388872
images/odir/7f1e2e422b17cae1.jpg,-4.704619
images/odir/e3c18b97bf4ff0eb.jpg,-4.8585505
images/odir/15774c1c757927da.jpg,-2.0505238
images/odir/3f30f3caefb21dcf.jpg,-4.726609
images/odir/b9d2a770adecfef6.jpg,-3.434074
images/odir/60330b270e36d5c1.jpg,-6.8621025
images/odir/91f5469644c2c296.jpg,-3.536695
images/odir/3ddc70bc0d82637f.jpg,-4.9220777
images/odir/90408da23225a981.jpg,-5.444956
images/odir/6ffd705aed1444d3.jpg,-6.6715207
images/odir/b0aeb3815c31b679.jpg,-4.6948457
images/odir/6cc5f65f4efbe28e.jpg,-3.7614837
images/odir/7bdbb287138b06ea.jpg,-6.4467316
images/odir/33b587db547de40b.jpg,-5.16397
images/odir/d6143e642c064bbd.jpg,-4.9342947
images/odir/22fbdfcfb54a3468.jpg,-4.5018206
images/odir/e1c803d1eacd116c.jpg,-3.8189025
images/odir/8f0a3dca6c97136a.jpg,-4.047356
images/odir/0d396028605bbed4.jpg,-2.2252235
images/odir/d71db30650cc618d.jpg,-5.9360704
images/odir/c57e1c9ee0c3047d.jpg,-3.9154153
images/odir/c9fbcf0dfa63cb50.jpg,-3.1763
images/odir/33d09bf74a414854.jpg,-2.4164162
images/odir/0cdabbdb9a637501.jpg,-4.6386485
images/odir/5078ccb586ee898d.jpg,-5.349665
images/odir/fc341702fe66a528.jpg,-2.3932042
images/odir/44983b3973f24e44.jpg,-0.8520576
images/odir/0ac7ceba212545ad.jpg,-2.466505
images/odir/ba97b6647720d574.jpg,-5.911637
images/odir/5022dd6b73b2cdcc.jpg,-3.043137
images/odir/d3a474d4d8161a21.jpg,-2.8403385
images/odir/25d883671c9fd9ee.jpg,-4.48716
images/odir/97111a8b92d4634c.jpg,-4.560461
images/odir/07d77777dfd2a2cd.jpg,-5.4425125
images/odir/529461765cd7caf1.jpg,-1.5636849
images/odir/fff1a67859f33f76.jpg,-5.0491323
images/odir/13bbbeb8e706b607.jpg,-6.441845
images/odir/bcf5f834fcab4b0f.jpg,-3.6637492
images/odir/de65aa0b516d846d.jpg,-3.3852067
images/odir/3503b5e8662ad198.jpg,-6.305017
images/odir/6bc8f18b3e99a4ad.jpg,-4.257485
images/odir/7208f797027757cc.jpg,-6.0533514
images/odir/ce22f8867a11bef4.jpg,-2.1445928
images/odir/3cc5f3241bfe39f8.jpg,-4.0497994
images/odir/e87ee20df3bf9d57.jpg,-2.5776777
images/odir/de5e316b63c1e450.jpg,-5.5402465
images/odir/8f258fe28b0ff1bf.jpg,-4.3625493
images/odir/af0c7c7972d16053.jpg,-3.8042426
images/odir/cbe6396851098a38.jpg,-4.1255436
images/odir/c5031f5cea6c539d.jpg,-3.7223902
images/odir/06affdd27015538d.jpg,-4.7388263
images/odir/c82b464f5d68957d.jpg,-3.8824296
images/odir/6940806239360b1a.jpg,-2.7426043
images/odir/dc9cc7f5539e85e6.jpg,-3.3754334
images/odir/c4a4cb397da06205.jpg,-4.8023534
images/odir/67499275f6b94196.jpg,-5.3252316
images/odir/60aa0deefbb0170c.jpg,-5.88476
images/odir/970a7dc26b92b2e6.jpg,-3.7321634
images/odir/c9007a86393c7544.jpg,-4.279475
images/odir/dae618f03472cad0.jpg,-2.063962
images/odir/47ea6114255a4dfb.jpg,-5.0491323
images/odir/54bd7fcdf2419486.jpg,-5.1541967
images/odir/d047d3be8cdd2c02.jpg,-6.1071053
images/odir/9bc85a1691fdfdaf.jpg,-4.157307
images/odir/17c4ac56e5e297c3.jpg,-5.8481097
images/odir/f490854222d61361.jpg,-5.8969765
images/odir/787af86e77144fa1.jpg,-5.4498425
images/odir/9a355a7c2ed13dca.jpg,-5.1615267
images/odir/0106d5a178a0511e.jpg,-6.1364255
images/odir/6ccc722c536671cf.jpg,-4.8121266
images/odir/1ff18c29a6479af3.jpg,-4.1915145
images/odir/4d79c86b766259e5.jpg,-4.504264
images/odir/b53095df4ad065c4.jpg,-5.0320287
images/odir/de8869925f4d496c.jpg,-4.43585
images/odir/4e20b141dd887f9a.jpg,-3.340005
images/odir/285fd9ce074741d0.jpg,-3.8201241
images/odir/0e01ae512bafded3.jpg,-5.562237
images/odir/5118f0540bd3bcab.jpg,-5.0418024
images/odir/4d64913cef2d9f1b.jpg,-6.9256296
images/odir/d970c2db8ba74d10.jpg,-3.862883
images/odir/1b15477594e4c595.jpg,-5.4083056
images/odir/48d13d80b16384db.jpg,-5.376542
images/odir/666ad042cb8411e9.jpg,-2.6851854
images/odir/ab011c33845b9a4c.jpg,-5.5133696
images/odir/168207e815ff9f4e.jpg,-5.310571
images/odir/3f02ae40acd452d9.jpg,-4.897644
images/odir/1024f55e4d2f5887.jpg,-4.897644
images/odir/6cdf7ada7ce07ffb.jpg,-2.9808314
images/odir/4b29cf73338258ef.jpg,-4.9831614
images/odir/14a567181148a47e.jpg,-5.2959113
images/odir/5f3f4ce9e2c182c5.jpg,-6.251263
images/odir/1f5bc91ae01b0fd9.jpg,-3.6124392
images/odir/42cca310e7f3c022.jpg,-5.2421575
images/odir/dd74ef408aa64200.jpg,-6.695954
images/odir/1736d1331eca0b1c.jpg,-5.3594384
images/odir/a3c13d93e3288f0f.jpg,-5.997154
images/odir/02bf74951afe3d7e.jpg,-2.9380727
images/odir/e2250cab09fbe994.jpg,-4.924521
images/odir/708443f18b31307e.jpg,-1.1780928
images/odir/4fb8f242844c5168.jpg,-5.4498425
images/odir/38b5b118d58e1f7e.jpg,-2.724279
images/odir/176bb35ad5601522.jpg,-4.462727
images/odir/bcbfd36a15fc3283.jpg,-5.1884036
images/odir/21562bb831ef4251.jpg,-6.59822
images/odir/127f40ba22683ba3.jpg,-5.0100384
images/odir/e5f2125bd3b09e0f.jpg,-2.4054213
images/odir/fc807583f09e48d5.jpg,-3.4780545
images/odir/b1eacaecccf1a715.jpg,-4.1621943
images/odir/cd4ccfe820767f6c.jpg,-5.8187895
images/odir/40998d4ed1cfbe5e.jpg,-5.5720105
images/odir/92ade40e235336f6.jpg,-4.5580177
images/odir/a38f1874db71ce31.jpg,-5.1957335
images/odir/0986cf6502e82253.jpg,-5.0589056
images/odir/cbe1e5463ad2b575.jpg,-3.4096403
images/odir/1616713ff1bcc6e7.jpg,-4.470057
images/odir/1426009328e0d6a1.jpg,-4.682629
images/odir/fa59c850875d075c.jpg,-5.6428676
images/odir/1fb930acbb8fdec5.jpg,-3.5647936
images/odir/52bfb2026e2755eb.jpg,-6.4320717
images/odir/a1442c5cf526f553.jpg,-4.0620165
images/odir/aa801146d5b7d741.jpg,-6.881649
images/odir/8b5d151889e0bfbe.jpg,-2.1335979
images/odir/e98237ad412b491f.jpg,-5.838336
images/odir/df055b6035c70a8d.jpg,-5.019812
images/odir/93a19f1aad2610a6.jpg,-5.5402465
images/odir/83809f174e9e0c46.jpg,-4.4651704
images/odir/27ca4b9d2280d275.jpg,-6.1975093
images/odir/3d48fce1adeb692a.jpg,-3.1750784
images/odir/bc6beb8ef24615b8.jpg,-3.893425
images/odir/26467b4459f45a28.jpg,-5.3325615
images/odir/56cb8ca37657ac5b.jpg,-4.553131
images/odir/6d9bad82f6c05892.jpg,-2.754821
images/odir/00704cf81e60e49c.jpg,-3.1689699
images/odir/1ea50e77c751e069.jpg,-4.8780975
images/odir/f50f0feb6a09c6c1.jpg,-5.5255866
images/odir/6e8160fa2de3a411.jpg,-3.6222124
images/odir/6e870f2444b80db1.jpg,-2.0083756
images/odir/a0efcded5ecc0d53.jpg,-2.189795
images/odir/0cbdc8679fc00d9b.jpg,-4.81457
images/odir/3333f088e2d80c72.jpg,-3.6283207
images/odir/31391ac295dce29c.jpg,-4.8927574
images/odir/0463a1dbc655814f.jpg,-3.9936023
images/odir/7d877cd724b02acd.jpg,-5.5866704
images/odir/535ac48f429cf979.jpg,-4.42119
images/odir/b2013a934ced063a.jpg,-5.7088385
images/odir/2add244608501dfa.jpg,-4.257485
images/odir/52371f4a2dd3454b.jpg,-6.1193223
images/odir/bee3341544689e7a.jpg,-4.924521
images/odir/6acca331aee4d8dd.jpg,-3.827454
images/odir/f3cc2e33efc20062.jpg,-4.8512206
images/odir/b83e918a55c36f92.jpg,-4.3283424
images/odir/fb50704eafff5fe8.jpg,-4.0913367
images/odir/ac3add7b8758c47b.jpg,-3.4414039
images/odir/ea3c2289a93bea71.jpg,-4.5824513
images/odir/754423607132edcf.jpg,-5.637981
images/odir/8d895369b34de55a.jpg,-5.4327393
images/odir/db338f1148732ac9.jpg,-2.6350965
images/odir/cc173c16eec90d54.jpg,-5.5597935
images/odir/891a181b1c788497.jpg,-4.333229
images/odir/85b9260b98f932cf.jpg,-4.277032
images/odir/81302ce62dada448.jpg,-6.2537065
images/odir/e82bf24108bbe383.jpg,-2.500712
images/odir/dc764d1cba9a7d3d.jpg,-3.634429
images/odir/d3a130d310421b79.jpg,-5.931184
images/odir/b4a104713d94a3c3.jpg,-5.440069
images/odir/688235e6a0112f68.jpg,-4.853664
images/odir/c50f92867c19679a.jpg,-5.9434004
images/odir/582df14d9e0d3022.jpg,-6.4027514
images/odir/30076219a90544a3.jpg,-4.9342947
images/odir/baf96ea509384bd6.jpg,-5.5402465
images/odir/731a22ef90ff37fb.jpg,-4.5433574
images/odir/6163503e88afdb92.jpg,-1.0518019
images/odir/3105ea461185d769.jpg,-5.948287
images/odir/2b0231b1b71fca2a.jpg,-3.673523
images/odir/8400ed509817c07b.jpg,-4.826787
images/odir/1a575ceeb9eb4606.jpg,-4.2550416
images/odir/d6b1014858409ebf.jpg,-4.044913
images/odir/a4e3c6501e7cfeb2.jpg,-2.1201591
images/odir/740703fa1e95a1a4.jpg,-5.6330943
images/odir/4a9dfc1d62f156b3.jpg,-5.466946
images/odir/6ac8f18684a493e1.jpg,-4.7828064
images/odir/bca808eb62faa0c5.jpg,-3.8995333
images/odir/a6c6d2a4a4da144c.jpg,-4.643535
images/odir/a79172fea326dfe0.jpg,-6.5004854
images/odir/76846c2d25471c13.jpg,-4.389426
images/odir/19d36e588bd7d39e.jpg,-4.724166
images/odir/2ecc0cc5d3a6880c.jpg,-1.6944045
images/odir/47827b2193588822.jpg,-4.2403812
images/odir/fd96b8b1695ca3fd.jpg,-3.520813
images/odir/fcc0b1ed6feba05d.jpg,-4.430963
images/odir/0134a62a6f73e9f0.jpg,-5.1713
images/odir/c2012d3869c5153a.jpg,-1.7334982
images/odir/8cbaa307f1b89996.jpg,-4.856107
images/odir/88852229c753a77e.jpg,-4.3698792
images/odir/44fc4330ee2d84fb.jpg,-5.3716555
images/odir/1b230840d17c684c.jpg,-6.207283
images/odir/513df2dfb8015701.jpg,-0.6425398
images/odir/f76225aebf953469.jpg,-1.2926252
images/odir/e3c194b66904f5b5.jpg,-6.1999526
images/odir/2ab791a8bde271b4.jpg,-6.5737863
images/odir/c3cf6491c4a43115.jpg,-3.964282
images/odir/75080b313be06022.jpg,-6.441845
images/odir/a21de2435062e56b.jpg,-5.3032413
images/odir/5c067d998bd8dca5.jpg,-5.5060396
images/odir/2c8e996acbc442c1.jpg,-5.796799
images/odir/329939dc7f70f50e.jpg,-5.0979996
images/odir/6d5f617798a5b6fe.jpg,-5.88476
images/odir/1147ee0c63677ff5.jpg,-3.89709
images/odir/840ebe248a911449.jpg,-3.912972
images/odir/41eeacfbd4c6290e.jpg,-5.3692117
images/odir/5d9c975d7d4e2a2d.jpg,-5.967834
images/odir/e83bcc9268094082.jpg,-5.0955563
images/odir/2214a4a2e83526a1.jpg,-5.581784
images/odir/7296db6a20d532b2.jpg,-4.2721453
images/odir/f05b511c47df5bb4.jpg,-3.1653047
images/odir/6a46727745a037da.jpg,-2.830565
images/odir/cfc51e2c95c513ae.jpg,-3.4487343
images/odir/ff49217ba374f0a0.jpg,-5.7528186
images/odir/3b9e7987b334d601.jpg,-5.3667684
images/odir/2a78fcc8f1fa6771.jpg,-5.7503753
images/odir/9f3e37dffdbb58f0.jpg,-5.684405
images/odir/813b72ba54761a6a.jpg,-6.798575
images/odir/576d80a4d4133221.jpg,-4.5482445
images/odir/b004983e7c46f930.jpg,-1.0493586
images/odir/6b513c00d9e8a1f7.jpg,-5.0931125
images/odir/272762981503882e.jpg,-1.6049166
images/odir/69eeef4276faa9ff.jpg,-5.647754
images/odir/fc24b8ae8e4742f7.jpg,-6.1168785
images/odir/96e07b33b401055f.jpg,-5.080896
images/odir/dc8af3e22f1b62c2.jpg,-6.681294
images/odir/a897ed4d16c388f8.jpg,-5.2983546
images/odir/857c12ea75e31050.jpg,-4.5775647
images/odir/eef166629c4fe149.jpg,-3.376655
images/odir/e88fd604fe56f6b2.jpg,-4.470057
images/odir/abab8f155d0f5023.jpg,-3.7419367
images/odir/1e822dace91b13ea.jpg,-4.470057
images/odir/00950de54ac372b2.jpg,-6.3758745
images/odir/18c17aee63122d29.jpg,-5.0857825
images/odir/2084b3c36b8f6709.jpg,-4.333229
images/odir/bab7b06a2af15015.jpg,-5.310571
images/odir/57e5743a285864f2.jpg,-3.3229012
images/odir/cb3cde5b905ca9e9.jpg,-5.6233206
images/odir/c10ed29c4679f49d.jpg,-3.8164592
images/odir/d77bc91a0b003e64.jpg,-1.8410059
images/odir/abbbb5567802c84a.jpg,-4.333229
images/odir/956d1daa8cb2ec3b.jpg,-2.0273118
images/odir/0fd7ec009473001c.jpg,-4.306352
images/odir/3ddead9a81083c46.jpg,-5.2861376
images/odir/5b5f5a0559030225.jpg,-2.481776
images/odir/7a80dd91081106f9.jpg,-3.8164592
images/odir/62a51a3273899ce1.jpg,-4.0815635
images/odir/d47f8fd0a3a5acca.jpg,-5.012482
images/odir/3296c98dbcda5e9a.jpg,-4.9831614
images/odir/9a0c134d8f986184.jpg,-5.782139
images/odir/cc967a50c14b7479.jpg,-5.266591
images/odir/174a224e360d9f83.jpg,-5.8725433
images/odir/6117e351c05c5818.jpg,-6.0533514
images/odir/9eef71dd50e9f96e.jpg,-5.3887587
images/odir/660feb90034fc597.jpg,-5.3227882
images/odir/962686f98cd5ec34.jpg,-1.5978919
images/odir/10a994ce7b22d71f.jpg,-4.3014655
images/odir/2093dc8f50401243.jpg,-6.7692547
images/odir/feb3f2540587d632.jpg,-3.5904489
images/odir/1aaf8e777132c118.jpg,-3.8115726
images/odir/fbcda05780cacb03.jpg,-5.3325615
images/odir/028978c9517feda1.jpg,-5.1664133
images/odir/c61ae73d55f7b387.jpg,-3.4475126
images/odir/1420d361880ed29f.jpg,-3.9740558
images/odir/42194a3e693021fa.jpg,-2.0560212
images/odir/386ed94eca99a057.jpg,-6.4320717
images/odir/65178035123d088b.jpg,-4.1182137
images/odir/4c0fadf46cd02407.jpg,-4.0766764
images/odir/d45e1dd9c07c22e0.jpg,-6.9891567
images/odir/165b59bd839a7c43.jpg,-5.225054
images/odir/2d4384be43d244c5.jpg,-4.9294076
images/odir/43a6473ade0ea434.jpg,-4.167081
images/odir/56c083558a30baeb.jpg,-4.389426
images/odir/9baf14dad0eddd29.jpg,-1.882543
images/odir/cf953bb342d26136.jpg,-5.4962664
images/odir/456a4018a34913a3.jpg,-4.6313186
images/odir/c8e067773a8c2faa.jpg,-5.5597935
images/odir/4bf79db51740b22f.jpg,-4.780363
images/odir/842ac193ad103871.jpg,-4.973388
images/odir/40ff4531b46ac8b1.jpg,-3.90442
images/odir/745c4ec7a89acd26.jpg,-2.9282994
images/odir/19cdfbfd31f874ad.jpg,-6.866989
images/odir/aeca9eaa19386334.jpg,-4.8658805
images/odir/596c42126c999049.jpg,-3.6026654
images/odir/32147836583c2aac.jpg,-3.4096403
images/odir/81477f73ec92678e.jpg,-1.1115115
images/odir/439ff268cbcf64aa.jpg,-6.043578
images/odir/de6ebc547abef464.jpg,-1.6846311
images/odir/bd73e83458b1d8e4.jpg,-4.514037
images/odir/9414ce2af36a8b97.jpg,-3.6087737
images/odir/be38e3b09082104b.jpg,-5.0442457
images/odir/e63aa416f247f328.jpg,-5.6624146
images/odir/3152c685a2f9cd61.jpg,-3.0822306
images/odir/250eb85212df0833.jpg,-4.6752987
images/odir/5a4bf2c413988941.jpg,-0.7140079
images/odir/9b0c4d53e41a0a4e.jpg,-4.020479
images/odir/6bc37b80f77b8f4f.jpg,-6.427185
images/odir/97b22db55f8b2030.jpg,-5.293468
images/odir/1965133c655b2ae5.jpg,-6.471165
images/odir/d32f83447fb47592.jpg,-5.7357154
images/odir/21efd35b254a112d.jpg,-4.2183914
images/odir/06cd1e51a6a57afc.jpg,-4.8952007
images/odir/0c6b3d1fb272163e.jpg,-4.325899
images/odir/672f488351dcf4a4.jpg,-2.0389178
images/odir/e76872de593950d5.jpg,-4.9318514
images/odir/829ec259596a0b0f.jpg,-1.0020185
images/odir/28b10404ec2b3395.jpg,-4.880541
images/odir/037d3c0c85126ad7.jpg,-5.090669
images/odir/4d480e0d47447fa4.jpg,-5.667301
images/odir/dedbb5a3a19f65fc.jpg,-5.266591
images/odir/0558ca5c4b17bf43.jpg,-4.8096833
images/odir/ee9371bdf97784ca.jpg,-5.6086607
images/odir/688e655603ce1d90.jpg,-5.281251
images/odir/f45f60264768d82b.jpg,-6.510259
images/odir/9b1ee2f617e070c4.jpg,-3.2776992
images/odir/e5e3f7895840b895.jpg,-4.408973
images/odir/a1ebaeb7f7612df4.jpg,-5.122433
images/odir/c3277c0410e6e619.jpg,-5.8139024
images/odir/0642d716ad548524.jpg,-0.69201773
images/odir/08bda35b866e1517.jpg,-4.386983
images/odir/d03feee0c93b6d27.jpg,-5.747932
images/odir/a3ecadd7ac592460.jpg,-5.647754
images/odir/dfa09237278e3824.jpg,-5.757705
images/odir/d58c0f2699e56f71.jpg,-4.6459785
images/odir/443ef91c3ee88bae.jpg,-4.907418
images/odir/0bc0a25b5402d44a.jpg,-5.7430453
images/odir/e624e25b43478cc9.jpg,-4.0253663
images/odir/703ef5c48894cca4.jpg,-2.7083974
images/odir/4e7c50559dc05bfa.jpg,-6.177963
images/odir/408fc327fa4ef55a.jpg,-5.5671234
images/odir/635ecce03e65c6f1.jpg,-4.367436
images/odir/6ebf454f3d7f3d3e.jpg,-3.2007334
images/odir/17c35179799e50a2.jpg,-3.3216796
images/odir/5287288ac01bc9db.jpg,-4.746156
images/odir/4d4e42ef5e83df59.jpg,-3.9398484
images/odir/77ed6c8ce31a80f4.jpg,-5.9580607
images/odir/b71bce572a709d67.jpg,-5.225054
images/odir/5474d3a9eb413535.jpg,-5.931184
images/odir/5d2a896dbb158bbd.jpg,-4.044913
images/odir/ff2459b7d4d973fb.jpg,-2.8049097
images/odir/0fcfb9399acb7e4b.jpg,-4.924521
images/odir/821ee1c815af49fc.jpg,-4.990492
images/odir/4c4313b10c9d5355.jpg,-4.5775647
images/odir/d8184d6b94085740.jpg,-3.5391383
images/odir/fd4a4af779e12601.jpg,-6.735048
images/odir/7026aff279fbecb5.jpg,-4.6117716
images/odir/0bdd7bfdbffa3ab4.jpg,-2.003489
images/odir/a0281b289e871363.jpg,-4.9318514
images/odir/e53fccc77e301b6a.jpg,-5.110216
images/odir/9b01b7caa3dae2ab.jpg,-4.511594
images/odir/133601f721d12bbe.jpg,-4.890314
images/odir/9e77a9116802251b.jpg,-4.6313186
images/odir/4e27fc2616166143.jpg,-6.151086
images/odir/a43bf34bd0257bd1.jpg,-6.5395794
images/odir/7213048601c651bf.jpg,-3.3644383
images/odir/b340797b37104444.jpg,-5.569567
images/odir/142881574e7c590b.jpg,-4.2281647
images/odir/0bf6d0492a544eb2.jpg,-5.8163457
images/odir/49f6bfa415d6c677.jpg,-5.5940003
images/odir/c678292b8c319cb4.jpg,-3.3913152
images/odir/5f0798290043d4a8.jpg,-4.3918695
images/odir/81e9a19a17a9105d.jpg,-5.569567
images/odir/5a59b35efccd2ebe.jpg,-4.7095056
images/odir/60b6981463d7e0df.jpg,-5.391202
images/odir/c75b5f833c8e2b8e.jpg,-5.4864926
images/odir/f05a65303062a598.jpg,-5.4327393
images/odir/9e21e7d7a62c1fd0.jpg,-4.1157703
images/odir/42cecc1a19bad277.jpg,-2.618604
images/odir/1184f0ee9deb54e4.jpg,-5.1493096
images/odir/e56afaed5f08101c.jpg,-4.147534
images/odir/a1869e4b755907d1.jpg,-5.2836943
images/odir/bbc08821a5865701.jpg,-4.868324
images/odir/75a14b3e5c6df420.jpg,-3.6955132
images/odir/67735097554a413f.jpg,-2.47017
images/odir/adee729f6f08695c.jpg,-5.501153
images/odir/dd61f2cb3d4ffd6f.jpg,-4.3918695
images/odir/ef4bce86f92d3b4d.jpg,-5.115103
images/odir/06100a6b73c50bae.jpg,-2.9417377
images/odir/738db63b9aac04b5.jpg,-5.466946
images/odir/5ce1b00bfff7e53b.jpg,-4.614215
images/odir/add339726e64ce47.jpg,-3.9251885
images/odir/f1a6a4addd4f995c.jpg,-4.9342947
images/odir/2aec0a1ab56114e7.jpg,-3.7700353
images/odir/37b4fdcb86651b44.jpg,-5.6013308
images/odir/3b45d6ae8fdb3898.jpg,-4.594668
images/odir/de3a12e7fa9ece3f.jpg,-3.583119
images/odir/2a91753c6c3f0d33.jpg,-6.385648
images/odir/8545520e6f8973c1.jpg,-5.129763
images/odir/b4703f4e8159dd06.jpg,-4.677742
images/odir/4ffc4b76184ea746.jpg,-3.9251885
images/odir/b323586f9e92325f.jpg,-4.5751214
images/odir/d4af66b20e2218c5.jpg,-2.5935595
images/odir/a9b4021e6ae566af.jpg,-0.6962936
images/odir/54ae0fc85234b41b.jpg,-4.6948457
images/odir/75eab46380896548.jpg,-4.6728554
images/odir/81781a53c2094543.jpg,-5.1590834
images/odir/b2e436040539fded.jpg,-5.831006
images/odir/25dcf8f3ecb882c7.jpg,-1.3417596
images/odir/0a3a5de7ec888444.jpg,-5.713725
images/odir/3dc64009e3ab4bcc.jpg,-2.9844966
images/odir/35645c718349f145.jpg,-3.8873167
images/odir/d36255caea703a73.jpg,-5.691735
images/odir/831a32805db7295a.jpg,-3.8189025
images/odir/aa0c0931504ba783.jpg,-5.782139
images/odir/34e986bc30b84e58.jpg,-4.636205
images/odir/2e03f8076649389a.jpg,-6.141312
images/odir/69d969420e213f50.jpg,-4.951398
images/odir/63bcc8c684b7aff0.jpg,-6.4369583
images/odir/64845b4628aa1de8.jpg,-3.513483
images/odir/468f769d5436e06a.jpg,-4.0278096
images/odir/ec72148cbe2d9a22.jpg,-6.4369583
images/odir/5382dcd1f99db071.jpg,-4.2819185
images/odir/1cb133866798df2f.jpg,-4.7143927
images/odir/a441ecbaeab4ad1d.jpg,-5.997154
images/odir/94daa8ae4dd812a9.jpg,-3.8250108
images/odir/af1596da12d13079.jpg,-3.3363397
images/odir/5e61a6d5e39ea8d4.jpg,-5.52803
images/odir/a914fe9b109f05d9.jpg,-4.3381157
images/odir/d597fa12e282363c.jpg,-5.444956
images/odir/c037095abe266088.jpg,-5.576897
images/odir/739688eff4557ba0.jpg,-1.8987302
images/odir/0ad9e47df170c7c9.jpg,-4.2550416
images/odir/da93be8754815c3c.jpg,-4.4798303
images/odir/4c416a9880014f06.jpg,-5.931184
images/odir/08cf0c23b8743cb5.jpg,-3.7969122
images/odir/64c5375019f502fc.jpg,-6.043578
images/odir/569a695ea05a7ccc.jpg,-5.5035963
images/odir/0074c30a8560142c.jpg,-5.5158134
images/odir/f6aa8cc51d3ff363.jpg,-4.303909
images/odir/ad7f874dff58432c.jpg,-5.7601485
images/odir/ba7bee3a300ed11e.jpg,-4.7754765
images/odir/b18413efac99c944.jpg,-4.8512206
images/odir/05e5e7c4688d1f6e.jpg,-5.1493096
images/odir/42d8655405ed862d.jpg,-5.418079
images/odir/5aa8ab748df1f6ed.jpg,-6.1266522
images/odir/6d1402662fc7f85c.jpg,-2.2716475
images/odir/969f14b94b69b1bb.jpg,-3.9813857
images/odir/8fc28b00c639a8d0.jpg,-2.6015005
images/odir/05422989c9c796a6.jpg,-3.661306
images/odir/f6f7056818426b6b.jpg,-4.0913367
images/odir/5403934a864a5b19.jpg,-3.2019553
images/odir/df5d3a6c98486f29.jpg,-6.715501
images/odir/5fb30d549e2aa5af.jpg,-6.180406
images/odir/6273b0aeac88775f.jpg,-4.0766764
images/odir/21ea9470864338c9.jpg,-4.7192793
images/odir/1275b6187a8fad91.jpg,-4.4602833
images/odir/92aae027f8de154a.jpg,-5.9360704
images/odir/a9be8047d75640f0.jpg,-3.8225675
images/odir/a36d7e18fa1baf61.jpg,-5.7186117
images/odir/b8817b5661acbff2.jpg,-0.37743568
images/odir/89d1088ec6c60e21.jpg,-4.5848947
images/odir/a30b5bb8344306cc.jpg,-5.6135473
images/odir/1f59a12e0c309494.jpg,-2.5300322
images/odir/6d7dc476a32f7c31.jpg,-5.342335
images/odir/26bdb9364b47ec1c.jpg,-3.1860733
images/odir/c5f8d95936309b3a.jpg,-2.0957258
images/odir/c1ecabe11829d10f.jpg,-4.1524205
images/odir/709ebd6428a8a28d.jpg,-4.5995545
images/odir/fa671cf277fac4a5.jpg,-3.7981339
images/odir/560039d484ccfaf7.jpg,-6.7790284
images/odir/bb2f3099eb152631.jpg,-5.227497
images/odir/8c39c34494bb979a.jpg,-1.3882215
images/odir/ea0014298a50c4ee.jpg,-4.4651704
images/odir/1ece7f73595c8e77.jpg,-5.637981
images/odir/c45dcdc50a51a8d0.jpg,-5.2983546
images/odir/b8f60d75c8cb468a.jpg,-4.8952007
images/odir/1c78dd10eb250f5d.jpg,-4.020479
images/odir/7e1d838bb8c07030.jpg,-4.5482445
images/odir/12bf8b475fb99402.jpg,-2.9906049
images/odir/e032e89747ef1637.jpg,-5.1541967
images/odir/210cf07a4e809d14.jpg,-3.74438
images/odir/0c694d76708105c2.jpg,-2.9344077
images/odir/27ed83a1f0bd9a30.jpg,-3.9862723
images/odir/401eba74f13951e4.jpg,-5.2152805
images/odir/c7bf2332ffe98403.jpg,-6.744821
images/odir/cfdaa3c3c37f8c48.jpg,-4.4920473
images/odir/602f20f43c666c48.jpg,-2.4836085
images/odir/7f875bef9307f354.jpg,-5.3814287
images/odir/185a56edc7d81366.jpg,-3.9154153
images/odir/05b83f3de5f50008.jpg,-5.0760093
images/odir/4ce593690f3a7908.jpg,-3.8079076
images/odir/864d62986e4dbde9.jpg,-4.84389
images/odir/9adbce19b230d7ad.jpg,-5.1248765
images/odir/328448df2446967f.jpg,-3.8091292
images/odir/472592e79d67a1d9.jpg,-4.907418
images/odir/1d3da1e6a6ac5a2a.jpg,-6.3221207
images/odir/6f5f28c8a3cf8338.jpg,-6.158416
images/odir/54da4d79f0ebd5e6.jpg,-6.024031
images/odir/226564add3cdc264.jpg,-5.5891137
images/odir/5102541fb1443af7.jpg,-2.3730466
images/odir/02bad98bb7b876d9.jpg,-4.5286975
images/odir/aca3ba205c064096.jpg,-4.2012877
images/odir/aab194159c1350c0.jpg,-5.115103
images/odir/fd04eae34599ef5f.jpg,-4.44318
images/odir/a464bd92cd63b70a.jpg,-6.3416677
images/odir/2b9c029889690c19.jpg,-4.44318
images/odir/118b076f09a41bce.jpg,-5.7894692
images/odir/e9e4f34dd6a278c9.jpg,-4.9831614
images/odir/59ae486d3a9ba59a.jpg,-6.180406
images/odir/00a56890e321a6c2.jpg,-3.4878278
images/odir/914a1db04da3063f.jpg,-6.62754
images/odir/c88a8b0e9df01a11.jpg,-5.376542
images/odir/6f49949399b77edc.jpg,-4.9685016
images/odir/1feb3b4b01d24fa9.jpg,-2.6540327
images/odir/75068ab68fb50a89.jpg,-5.7723656
images/odir/81a83702a51edcc4.jpg,-4.203731
images/odir/8c46e5751cbeb638.jpg,-3.8042426
images/odir/38b1c07b078de28a.jpg,-5.349665
images/odir/c55992ab2cbb8c68.jpg,-4.3014655
images/odir/6a88bedbb76869e7.jpg,-3.457286
images/odir/dc8c453d7b932219.jpg,-5.1053295
images/odir/3ae530b7da095315.jpg,-4.550688
images/odir/2af099c7431289c2.jpg,-6.1193223
images/odir/c4363fc40314fbd7.jpg,-5.618434
images/odir/cd0272ae24b89000.jpg,-5.679518
images/odir/894be5aee378baac.jpg,-3.9716125
images/odir/15b52a3bf45c12fb.jpg,-1.7426608
images/odir/a855b36988e051fd.jpg,-4.9953785
images/odir/505ee2d69fbb5de9.jpg,-4.41386
images/odir/91ba4c23023d6061.jpg,-4.48716
images/odir/229e40faec06d8b9.jpg,-5.9727206
images/odir/677c9609e9117ba8.jpg,-2.508653
images/odir/301c13f87c222851.jpg,-5.0393586
images/odir/5ff8456510810d24.jpg,-5.0491323
images/odir/01b4f8ff1006ad79.jpg,-3.5721235
images/odir/2ffa63f0867cea80.jpg,-4.8854275
images/odir/88bd854a1ac9f53e.jpg,-3.653976
images/odir/7b2bcd8c3707ea27.jpg,-5.6062174
images/odir/0fa7c35e3f357e4e.jpg,-3.4316306
images/odir/945264b9c87825a2.jpg,-6.380761
images/odir/b0d27b145cb7519e.jpg,-5.1615267
images/odir/5418028896ca78f3.jpg,-4.3234553
images/odir/84c2ca8d2ba5a241.jpg,-4.511594
images/odir/2bbca2ff9a9ba227.jpg,-3.2312756
images/odir/72126d7cc18675e1.jpg,-4.7412696
images/odir/fd2533d3f8755dc6.jpg,-6.1266522
images/odir/a435fab976ad9bd8.jpg,-1.9610357
images/odir/210dab1a702b3272.jpg,-4.614215
images/odir/e40d2e94a86d1824.jpg,-6.6764073
images/odir/cbbbebd6f806f6d7.jpg,-5.183517
images/odir/299929cce8025dbb.jpg,-5.574454
images/odir/79c8aad44c12048e.jpg,-1.8706316
images/odir/7d8ce404bbb71247.jpg,-5.3594384
images/odir/c45e5af2b8cf0f47.jpg,-1.8553606
images/odir/e175992657f8c5c5.jpg,-5.6159906
images/odir/4d2b293309959872.jpg,-6.6422005
images/odir/e607fddf23ae1b23.jpg,-5.102886
images/odir/ed45e8c8deaeb3f8.jpg,-5.1346498
images/odir/9f0d4cbc5fac1ca0.jpg,-4.79991
images/odir/aab97554912aabea.jpg,-3.3693252
images/odir/561242ced5cc2491.jpg,-4.8219004
images/odir/bcdf7ae9b6cb2f1b.jpg,-2.7279441
images/odir/76a1ea00a35b5831.jpg,-4.311239
images/odir/247f077325806c78.jpg,-5.1493096
images/odir/0646bd3bbddcf7f3.jpg,-4.8463335
images/odir/3b898bcfdd039113.jpg,-4.184184
images/odir/cf9136615909966a.jpg,-3.0138168
images/odir/bf0ce3cf73b2486a.jpg,-5.244601
images/odir/afc15e6536563dda.jpg,-3.4352956
images/odir/563eb2988d8e789b.jpg,-3.0626838
images/odir/59966b48dc13ff3d.jpg,-4.7974668
images/odir/207f5864078f93fb.jpg,-6.7057276
images/odir/879f390c0e815de1.jpg,-6.476052
images/odir/ccd7133b527c78b7.jpg,-4.193958
images/odir/17a7a6c7f3127d6b.jpg,-4.531141
images/odir/e224358641b5bae5.jpg,-1.2077186
images/odir/3efa863972169608.jpg,-5.447399
images/odir/0bc141eb151c6fb6.jpg,-6.0093713
images/odir/fbbf5f16cdde5005.jpg,-3.4780545
images/odir/16ee7b73f754cbfd.jpg,-5.3814287
images/odir/f99cab0ba68e1ece.jpg,-3.1237679
images/odir/1d4be9bcfe8a4da9.jpg,-5.2617044
images/odir/a99c2617f884ecd9.jpg,-2.9857183
images/odir/a45da2844bb29caa.jpg,-2.4457364
images/odir/ca4595e354f5dc7a.jpg,-4.2623715
images/odir/bcc85d4014a1eb17.jpg,-5.4889364
images/odir/3312e9740b107b40.jpg,-5.7650356
images/odir/979b53a441f20f45.jpg,-5.6086607
images/odir/6725be9fa9470dde.jpg,-3.9447355
images/odir/dd2468b15d68d2b7.jpg,-3.8421144
images/odir/8dbbc3ce72737706.jpg,-6.901196
images/odir/ea68051b96fb3614.jpg,-4.4187465
images/odir/4e09be515c158019.jpg,-4.215948
images/odir/695da7af576427b4.jpg,-4.1646376
images/odir/85db508f01ea2c21.jpg,-4.5433574
images/odir/d9decd12b1c167b8.jpg,-2.5636284
images/odir/1ca5ffcd4ab37fff.jpg,-4.303909
images/odir/c879da3331ab4fb6.jpg,-4.77792
images/odir/ff41d07d1a9736b0.jpg,-4.1353173
images/odir/7f9787f4a157ff8e.jpg,-6.361214
images/odir/bc709fdec34c08f3.jpg,-4.80724
images/odir/ecc3ff707a03fe5b.jpg,-4.5213675
images/odir/03d0c801f8a0eb60.jpg,-1.7200598
images/odir/807723ecd3293855.jpg,-4.9611716
images/odir/3d1230e17910a91a.jpg,-5.1541967
images/odir/c4470c38e560e984.jpg,-6.385648
images/odir/71533442d309bf05.jpg,-4.020479
images/odir/da5da1e1edadb125.jpg,-5.225054
images/odir/7c7600a958121b72.jpg,-4.149977
images/odir/ef46d25dffe09be4.jpg,-5.6404243
images/odir/d18ecab6db29bf31.jpg,-0.22472584
images/odir/820221593ad73441.jpg,-7.052684
images/odir/7f16e6441ba1e3f5.jpg,-3.6564193
images/odir/4cf7f7b98a757d64.jpg,-2.7707028
images/odir/7109e438c9d34dca.jpg,-5.7357154
images/odir/90ba375a091136aa.jpg,-5.0515757
images/odir/e45159bc3c9be225.jpg,-3.964282
images/odir/c685f9c908f25bf2.jpg,-5.664858
images/odir/4eff155d98d83bd6.jpg,-4.120657
images/odir/4b69920da36174f1.jpg,-6.4467316
images/odir/6b3b9f35be20f8d1.jpg,-5.7625923
images/odir/96d57bf5f031117f.jpg,-4.7559295
images/odir/afc428f2814c5700.jpg,-7.072231
images/odir/d074fd3dfa1154d9.jpg,-4.9416246
images/odir/0de388a5c5cce046.jpg,-4.1231003
images/odir/107a46708e3da263.jpg,-4.765703
images/odir/2a1101ed1d49c619.jpg,-4.5653477
images/odir/28f1dda4474f0095.jpg,-5.2299404
images/odir/ce2d2fe60ec2b206.jpg,-3.900755
images/odir/b2eadd32b0ca3d1b.jpg,-5.244601
images/odir/2a0b26809d7a7b95.jpg,-3.937405
images/odir/c9014d970e4df6dd.jpg,-3.7223902
images/odir/d16b9c02aeef5547.jpg,-5.308128
images/odir/5beb0492372d2675.jpg,-2.0596862
images/odir/cc8fc7fc1014b3a3.jpg,-1.3508458
images/odir/4134066c271f195c.jpg,-1.6302664
images/odir/6a2732b7fced0a31.jpg,-6.4858255
images/odir/afafba5727e0a5b6.jpg,-3.1677482
images/odir/dbe10b44bcbde778.jpg,-5.5964437
images/odir/a17699efdb263d03.jpg,-1.5387169
images/odir/3e6aa8c0000e59c2.jpg,-3.586784
images/odir/86247c1f863c85ec.jpg,-3.73705
images/odir/5ac4f5dd0c9c9d35.jpg,-2.0517454
images/odir/f9b348efee40e8a7.jpg,-4.997822
images/odir/2edd774b007cd61d.jpg,-3.8201241
images/odir/f6690afc4fa595ae.jpg,-6.0728984
images/odir/c82d4a1dcad66ddb.jpg,-4.572678
images/odir/fde945a44cc9eb1b.jpg,-2.917304
images/odir/270f334d202964cd.jpg,-1.8886514
images/odir/b0c13aabe2cee28e.jpg,-4.3381157
images/odir/6a2bb61819186791.jpg,-4.7681465
images/odir/9125bd153e2aad40.jpg,-4.6752987
images/odir/50d3049bd0bf2226.jpg,-5.591557
images/odir/f0f1ae537c0f993b.jpg,1.7605008
images/odir/e30aeeb97015869f.jpg,0.31769907
images/odir/cd3a5f2354002fed.jpg,1.2498394
images/odir/98ffb264b312e09a.jpg,0.5999068
images/odir/40e63cb3ed18f8fb.jpg,-2.1525338
images/odir/aa822b9f241d288e.jpg,-1.3521438
images/odir/9760c6e87ead9009.jpg,1.2571696
images/odir/4fd74e42fee3a7c9.jpg,0.8259171
images/odir/cf35a2c78110a608.jpg,0.020831347
images/odir/5944d9b455a9a00b.jpg,-0.8309836
images/odir/f2d1d3c958291bc7.jpg,-4.189071
images/odir/1aa2141cbce61daf.jpg,1.0983514
images/odir/17a7c0e834f79244.jpg,-0.57656914
images/odir/6e4d63fb0b69bc1d.jpg,-3.3949804
images/odir/b1fd8b52f01cad3f.jpg,0.95052826
images/odir/5f011b8a46910986.jpg,0.042821527
images/odir/f39e1a9811313ab6.jpg,0.5693648
images/odir/805e16c419980d1a.jpg,1.5039486
images/odir/54fd84e5a6060106.jpg,-1.1252553
images/odir/282fef85a92ff122.jpg,-0.58573174
images/odir/4d691ad5c1bc68e1.jpg,0.68420255
images/odir/aaf81867ecef3267.jpg,1.1740955
images/odir/2e9f64ffd6a6ebd8.jpg,-1.6858528
images/odir/226806e5753c03ec.jpg,0.7074145
images/odir/ad1282f267238fed.jpg,1.6163429
images/odir/80f7ddbdd1d05521.jpg,-2.0315876
images/odir/0217aa5d7fe11343.jpg,0.19553137
images/odir/11304146af0eeeb0.jpg,-0.2986374
images/odir/96c835cbf016bcbd.jpg,0.6084584
images/odir/ac8a2ef217573ce3.jpg,0.21752155
images/odir/c8bf9a1f9766e9b1.jpg,-0.109888196
images/odir/b4489bc9472e133c.jpg,-0.048804283
images/odir/52e9b178b451c2ce.jpg,1.9022154
images/odir/7b8bcac38ec17ed5.jpg,-5.537803
images/odir/f23745fba9e8fdbd.jpg,-0.28214478
images/odir/1d730add09d34abe.jpg,-2.6210473
images/odir/18b9151127852f1d.jpg,-3.9227452
images/odir/fb3aef47fb172cda.jpg,0.74284303
images/odir/e86676897a5f229e.jpg,-0.047582626
images/odir/b89787a14a1b6191.jpg,1.0897995
images/odir/972bd4e9c1984d31.jpg,0.55836964
images/odir/cf9e29d7a088da82.jpg,0.68175924
images/odir/c5e317f5df8a9a13.jpg,-1.4864138
images/odir/2c3198702a94345c.jpg,2.1441078
images/odir/f37b9c4a55d29ae8.jpg,1.2718297
images/odir/00710196f8be6234.jpg,-4.1377606
images/odir/a31d95d3edc4ebe7.jpg,-1.5442145
images/odir/dcef9ea84808711d.jpg,-0.124548316
images/odir/c981cfe8998a0411.jpg,0.84302056
images/odir/d6f697b43d8b4ea0.jpg,0.6451088
images/odir/f77d676b33d1d026.jpg,-0.60588944
images/odir/f943503646a32c1e.jpg,1.0555927
images/odir/875840d1e8c8a7a0.jpg,-3.9154153
images/odir/356927558e2c9c13.jpg,1.2987067
images/odir/ab5bd34d6e9c44be.jpg,0.31647742
images/odir/ae79a33e96e1a5ee.jpg,-4.5897813
images/odir/e0cc6adb043d8cad.jpg,0.72696126
images/odir/9a3028a13024d841.jpg,-2.2936375
images/odir/40e2da342f998cd6.jpg,-0.7512691
images/odir/3dfc35b86d58f5fe.jpg,0.83446896
images/odir/f6db2b03ae7b12aa.jpg,-1.463202
images/odir/c5dd119c64aeb6ee.jpg,-1.105403
images/odir/5bf240abc8b973e7.jpg,0.37145293
images/odir/7c11cb3a850ac8c7.jpg,-1.0456935
images/odir/1364237b0765caee.jpg,0.13689077
images/odir/961fb2e8be08cd85.jpg,1.384224
images/odir/a6cb33f664cb0b1c.jpg,-3.9740558
images/odir/01b9bccfc480c331.jpg,0.74284303
images/odir/8eb56a333defd573.jpg,-1.2723148
images/odir/b52756f028cac9dc.jpg,-1.7344145
images/odir/a8933ab694b6193b.jpg,-3.3937588
images/odir/ba82228916997fe7.jpg,-2.197125
images/odir/cc1f0c4e0624a372.jpg,-3.5892272
images/odir/f4dabaa7c2fa35bb.jpg,-4.780363
images/odir/6aaa7338f6d62ec7.jpg,0.29937398
images/odir/a46a8a00305f67d5.jpg,-1.1391518
images/odir/d3857eaaeaf7aece.jpg,-5.5255866
images/odir/543c22bf5809612c.jpg,-2.5617957
images/odir/296efc911f853423.jpg,-3.19096
images/odir/6261cb94d22b54d7.jpg,-0.52770203
images/odir/40ec994be251180d.jpg,0.086802006
images/odir/bf339f4175be77c6.jpg,-0.28153396
images/odir/26d5cf4b6e072341.jpg,-2.7157273
images/odir/ffa4d1bf8e99ea09.jpg,-5.8994203
images/odir/cb0508b40756b312.jpg,-3.293581
images/odir/225a07a8869d27e8.jpg,1.3280269
images/odir/4f9b852c88cec821.jpg,-1.2104673
images/odir/2bb7993f8609591e.jpg,0.72451794
images/odir/e71aa8e4159c7282.jpg,-1.2101619
images/odir/e1d6c8e222565e8f.jpg,0.52416265
images/odir/c65d0136bfc4713d.jpg,0.09901881
images/odir/64081f4e53b94d96.jpg,0.36778796
images/odir/1aac5d7138113b97.jpg,-4.0424695
images/odir/8ccc26217ae0fa7c.jpg,-4.2354946
images/odir/e9b110f948511ee0.jpg,0.91998637
images/odir/a4a064ef8e07afb5.jpg,-2.106721
images/odir/c0eb2305ad9a9dd0.jpg,-1.234901
images/odir/c0bc6b813d7355b0.jpg,1.638333
images/odir/c2c239410b900ddf.jpg,-5.5182567
images/odir/f0e30861e9d64e1a.jpg,-2.0425828
images/odir/fe3a431ea00275d0.jpg,0.88089263
images/odir/1cb2e6896d494fa5.jpg,-4.1597505
images/odir/ceea1295bf937aa1.jpg,0.061146736
images/odir/36cbc3a60c42354b.jpg,-1.4604532
images/odir/9f70aa39a4c64cb7.jpg,-3.5256996
images/odir/7796e4f0a085cddd.jpg,-3.1066642
images/odir/0b54905770a486e2.jpg,-1.1756495
images/odir/2ce20d145d35f703.jpg,1.32314
images/odir/947ea0de65181730.jpg,-0.88657
images/odir/57286e7871d6c755.jpg,0.63167036
images/odir/10a21480d71b99a5.jpg,1.5137218
images/odir/ac313b91c5712b30.jpg,-3.0687923
images/odir/7e3e86406c5e2dcd.jpg,-3.8482227
images/odir/fabd45a190b3fcfb.jpg,-4.6288753
images/odir/09a5f42d11399b89.jpg,0.39588654
images/odir/b4b5bbf813af5a63.jpg,-3.524478
images/odir/33aa1a781ee3acb6.jpg,-3.677188
images/odir/db72ff75ac1cdd59.jpg,0.60723674
images/odir/3ec7da9c0bcbad7c.jpg,-2.0321984
images/odir/a872e0b54bc30b27.jpg,-4.470057
images/odir/c82a3d8140a631ac.jpg,0.89799607
images/odir/b19759fe91c3fe24.jpg,-0.041474223
images/odir/9e0c82340d481ece.jpg,0.51194596
images/odir/210d585d27c66013.jpg,-2.1806324
images/odir/583508ade925c0b0.jpg,0.8234738
images/odir/7f997cf64fd84be5.jpg,-0.14165175
images/odir/9cc15fe21eb17891.jpg,0.15643764
images/odir/a45603034ec95c1d.jpg,-3.776144
images/odir/8d50c2cce8a0b797.jpg,-0.21922839
images/odir/fe5635efb9932a5e.jpg,-0.13554347
images/odir/f0f0284835b1176b.jpg,-3.270369
images/odir/562ebc94bc2fb0bb.jpg,0.34335434
images/odir/434ef935918b4445.jpg,-3.6588626
images/odir/7f34bcccacb119f2.jpg,-4.887871
images/odir/72ed5473adb6c717.jpg,-4.7974668
images/odir/8fc08d2108d06371.jpg,1.4208742
images/odir/6029eb018ead4f38.jpg,0.488734
images/odir/3681ddf95cd4ad8c.jpg,-5.9556174
images/odir/ee06bdf1c98988d2.jpg,-0.2381643
images/odir/4e408e9f51d3f979.jpg,0.9322032
images/odir/d1f45731e711e6c3.jpg,1.0568143
images/odir/2c22c9f4fcda2688.jpg,-1.3892618
images/odir/3fda8a1c85a575af.jpg,-1.0362256
images/odir/6ae92326af6e1a3f.jpg,-4.743713
images/odir/18f1ff57a68a5afe.jpg,-0.68896353
images/odir/ae246f8c935cff48.jpg,-4.4993773
images/odir/fc6dec6e19cd926b.jpg,-2.2258344
images/odir/7ab48524abb44f00.jpg,-5.8896465
images/odir/d1d666d57c6ba02b.jpg,-2.197125
images/odir/3ab7d4e1e39e18b7.jpg,-0.37865734
images/odir/2e2a9c19c44801e8.jpg,-2.5788994
images/odir/7310e05e272f3872.jpg,0.9395331
images/odir/460ad0efa9c9a5ca.jpg,-1.7585427
images/odir/50ebefe4e66db6c4.jpg,0.87111914
images/odir/d85df45ef8068a43.jpg,-5.083339
images/odir/79f97bb58aa026df.jpg,-4.174411
images/odir/ad9ce703b6f7bd76.jpg,-1.0912011
images/odir/353165bf4b3a540a.jpg,-2.5807319
images/odir/2fb198106b62e2ff.jpg,0.7110795
images/odir/2e2e7b085bd39d8b.jpg,-0.83342695
images/odir/c3258c688d40e5e1.jpg,-5.1493096
images/odir/cd99c0e81b4f50cd.jpg,-0.6541457
images/odir/4007faee08d99d7d.jpg,-0.5490814
images/odir/eea506d343d237cd.jpg,-0.07323778
images/odir/9bd3d73f2a2a821c.jpg,0.1112355
images/odir/7b305e715e34b5aa.jpg,-1.5998771
images/odir/f4241f87e8f3ec37.jpg,0.8332473
images/odir/cf5339613c27d53d.jpg,0.31647742
images/odir/a98bbc28fa895248.jpg,-2.5239239
images/odir/b3e6a79b94699f37.jpg,-1.7021928
images/odir/93eb217b7fa92944.jpg,-3.7077298
images/odir/adab7fa712c63579.jpg,-1.0288954
images/odir/752650060c78a398.jpg,0.23706841
images/odir/d7b647a3b521b18e.jpg,-2.0444152
images/odir/7e63b5eee9fd8dd0.jpg,-0.41591853
images/odir/6e9dfd67ee75302c.jpg,-4.2721453
images/odir/156c1ccb29c9e92d.jpg,-3.529365
images/odir/d61c0b07a133303a.jpg,-2.3125734
images/odir/50fec2867413b1f3.jpg,-3.2508223
images/odir/24797bb4872debf0.jpg,-1.939351
images/odir/31ac6aa475d324fe.jpg,-4.484717
images/odir/526ef31e055464cd.jpg,-4.890314
images/odir/0a0ea7363cb15f92.jpg,-1.674705
images/odir/7e7e3c86a6b5dd35.jpg,-1.5363499
images/odir/1ceb41a3ce4bfc01.jpg,-2.7535992
images/odir/c0fa0ef3efeb9a4e.jpg,-0.3597213
images/odir/ba34f1865564f3f5.jpg,-0.38048983
images/odir/1daf625d2bde3c22.jpg,-3.1738567
images/odir/c6877fa44b930454.jpg,0.42642844
images/odir/ba7e30a2e0d406b3.jpg,-2.8476686
images/odir/c40ee705d9bcfbeb.jpg,-3.0015998
images/odir/dbe2accda3787f4f.jpg,-1.8174886
images/odir/c790312c3f6b5404.jpg,-3.6124392
images/odir/165869f99ee618cc.jpg,-3.1127727
images/odir/eb661a5ca4f45f64.jpg,-6.168189
images/odir/053f31bb6b5123d3.jpg,-5.5255866
images/odir/5e157ca37f1abbfe.jpg,-3.2679257
images/odir/d0189d1aa8debaad.jpg,-6.138869
images/odir/28751f2e728d3167.jpg,-4.856107
images/odir/e8168afea8d22c86.jpg,-5.4791627
images/odir/0d68891373dc5818.jpg,-5.364325
images/odir/fee68f295b58086e.jpg,-7.443621
images/odir/0d7cd4a0c8c6a7dc.jpg,-4.697289
images/odir/4bafd92e395abf57.jpg,-7.2432656
images/odir/dd51badcfc9bde64.jpg,-4.8023534
images/odir/1ba68c2703fb55f5.jpg,-7.135758
images/odir/bd134c8e7b72f4d4.jpg,-4.5580177
images/odir/93ded8467a4583f8.jpg,-7.8736515
images/odir/aa848aaa963a5c04.jpg,-6.180406
images/odir/b743df559af02222.jpg,-3.8286757
images/odir/f63cdbb72a54dac0.jpg,-2.857442
images/odir/b890f94d62153ffd.jpg,-5.007595
images/odir/5cb8f2e3dc045e61.jpg,-4.3454456
images/odir/f67d4f5464bd230e.jpg,-7.780804
images/odir/6e0be9c3dfa5de5b.jpg,-6.6031065
images/odir/2289fd809ef9c1e9.jpg,-2.390761
images/odir/9af8e297ea6576d5.jpg,-5.0027084
images/odir/a0f721919f57d028.jpg,-7.849218
images/odir/6ec7d53fa1185492.jpg,-6.9305162
images/odir/1704d2da52ce9cb0.jpg,-5.0784526
images/odir/2150d8d169102460.jpg,-5.100443
images/odir/03b873333a10f1f5.jpg,-4.841447
images/odir/e506f79c3f7174dc.jpg,-5.4840493
images/odir/5e1274db3e3f0598.jpg,-8.264589
images/odir/8bfa3b4d2f646577.jpg,-6.3196774
images/odir/e9b98313d2aa6017.jpg,-3.3143497
images/odir/ad20092158ab2e85.jpg,-6.9696097
images/odir/cfa4da2cb302a0df.jpg,-4.333229
images/odir/a12c301db9923f6c.jpg,-7.541355
images/odir/48e18f9c5efe959d.jpg,-6.9891567
images/odir/d4c2d0a06f1fc418.jpg,-7.868765
images/odir/f36edb9439fee65c.jpg,-4.1792974
images/odir/5cbeccfd27bc1bd4.jpg,-6.6128798
images/odir/f58f8d102d11bd88.jpg,-2.763373
images/odir/d1720824b7e01342.jpg,-3.870213
images/odir/fcae9937275aa825.jpg,-4.291692
images/odir/b889de777094e488.jpg,-6.5004854
images/odir/200a8eb0e1527beb.jpg,-5.647754
images/odir/c5a5fa1dd5f35958.jpg,-5.107773
images/odir/66d2ed0ae0da7f6e.jpg,-7.6097693
images/odir/0e124fe37376f3ad.jpg,-3.54036
images/odir/81078324a349db16.jpg,-6.832782
images/odir/d318125f80b1010c.jpg,-7.5169215
images/odir/3c7f5af418c98b70.jpg,-2.4371848
images/odir/6cb4c26213bbef29.jpg,-7.086891
images/odir/1dd149c2ea4833af.jpg,-5.2592607
images/odir/a67c1311a2ee89fe.jpg,-7.5999956
images/odir/73a6b5a1d3d49ca0.jpg,-2.6357074
images/odir/85055490eecc359d.jpg,-7.257926
images/odir/988e615587dfa6cf.jpg,-7.443621
images/odir/3449006968856620.jpg,-5.975164
images/odir/35b4859a9dc46303.jpg,-5.000265
images/odir/28e9dcd998ec583c.jpg,-8.127761
images/odir/31d4df3b1f1f9a0c.jpg,-5.6697445
images/odir/de99ee3a940c11cb.jpg,-6.5395794
images/odir/e468ecf28a5b0365.jpg,-4.9611716
images/odir/55e370229b86f875.jpg,-3.563572
images/odir/c9849eb877312546.jpg,-7.6586366
images/odir/671e2f2516c24901.jpg,-6.1657457
images/odir/cf1c11d81285243a.jpg,-4.6581955
images/odir/5ef453c11d9210b1.jpg,-6.490712
images/odir/5ac25ef2232acc3d.jpg,-3.5183697
images/odir/22fbc5704fd0649a.jpg,-6.647087
images/odir/7b00614387385417.jpg,-6.832782
images/odir/9b70ebb23bf2edd5.jpg,-7.428961
images/odir/89151867777df25f.jpg,-5.987381
images/odir/ac4f29d8154035cd.jpg,-1.040196
images/odir/3b33f3b5d1a9fef0.jpg,-4.0058193
images/odir/22a30627238ab873.jpg,-5.5451336
images/odir/622f9ab8d260aa61.jpg,-7.038024
images/odir/fc5589e4750a4a8c.jpg,-1.9112524
images/odir/bba02ad49bd4f6e9.jpg,-6.9256296
images/odir/abac0a71002dc563.jpg,-5.6624146
images/odir/fcebf25b51cced5f.jpg,-5.0320287
images/odir/b517b4bd1d444a4d.jpg,-5.5207
images/odir/4eb8c8bc8f01a4de.jpg,-5.92141
images/odir/7927443a2bc31f7f.jpg,-5.9849377
images/odir/227dd5d6ff2e3be4.jpg,-4.0913367
images/odir/853ef258261b1b2d.jpg,-5.7430453
images/odir/3092ed171604ce89.jpg,-1.3995339
images/odir/2096f891211353a6.jpg,-5.6428676
images/odir/a5d2130f7c100df8.jpg,-6.915856
images/odir/94fa44feee9b4342.jpg,-3.6319857
images/odir/bc14e9112988add4.jpg,-4.43585
images/odir/1ab895944fd6600c.jpg,-7.394754
images/odir/cb9b4ee27e3ca818.jpg,-6.661747
images/odir/a5c4daa1ad0f83c6.jpg,-4.9220777
images/odir/060ad621b1902150.jpg,-4.8316736
images/odir/a2f14204e0b25bb2.jpg,-3.996046
images/odir/1a409dd4cf8395af.jpg,-5.227497
images/odir/6ca2fb5c467af822.jpg,-6.783915
images/odir/b8aaf5e78d53ff4a.jpg,-2.6766336
images/odir/57f37a5cd6e01956.jpg,-5.1957335
images/odir/f6f48ac3400e3594.jpg,-3.4450688
images/odir/9152003df6792348.jpg,-1.5780396
images/odir/3b7446808678c0d2.jpg,-2.6570868
images/odir/c2b165480afc4ae8.jpg,-5.8798733
images/odir/8bb16baa16f25226.jpg,-6.373431
images/odir/d22084e2ce9e8b77.jpg,-4.1646376
images/odir/da0d4e3ceae7aa38.jpg,-6.564013
images/odir/4cfaddb2e3a1b9f8.jpg,-7.35566
images/odir/d17d8a5cb61eb1da.jpg,-1.4731281
images/odir/1c8eeb5877f60a35.jpg,-5.7332716
images/odir/f02eae5efdc18f2d.jpg,-4.189071
images/odir/846c196d172a1d83.jpg,-3.870213
images/odir/725cc2b8b0f8d8c2.jpg,-4.726609
images/odir/47ab9ad9b8eded78.jpg,-2.9478462
images/odir/b2be0314414a8253.jpg,-3.8140159
images/odir/5f8f085d2d1c9824.jpg,-4.1182137
images/odir/cfd0d679abda9ba2.jpg,-3.5281434
images/odir/4ed54449903db566.jpg,-4.0326962
images/odir/994c328d3dc65981.jpg,-6.4174113
images/odir/77ea63fea268be4d.jpg,-6.050908
images/odir/db1a33c6eb30af63.jpg,-5.425409
images/odir/0eac471e195fa377.jpg,-4.4065294
images/odir/3ed44a1a002a0074.jpg,-4.0986667
images/odir/4164404181696fc3.jpg,-3.2752557
images/odir/7203037950c80f8a.jpg,-4.733939
images/odir/ff86cb898d9e0ea6.jpg,-0.81296384
images/odir/d8499710ae6ad38b.jpg,-3.2776992
images/odir/ff8e80716102ba57.jpg,-5.7259417
images/odir/38a2845e6c318237.jpg,-6.305017
images/odir/daf1bb145895da75.jpg,-5.9800506
images/odir/b8f8345332e00631.jpg,-5.9898243
images/odir/ac4bbc5b3a4b4405.jpg,-5.0784526
images/odir/7d7905ee84f864a7.jpg,-6.1926227
images/odir/a3347a11ec243f9a.jpg,-3.7223902
images/odir/2181b2825c1874b3.jpg,-6.1022186
images/odir/b9d3cfe23776d095.jpg,-3.7065082
images/odir/5862402e56ec83dd.jpg,-4.6948457
images/odir/6a627046933529a7.jpg,-2.0089865
images/odir/89c35f3b818dbdee.jpg,-2.8806539
images/odir/3a3ed29187276fb9.jpg,-3.7614837
images/odir/b7b362dacdfaefe8.jpg,-3.1482015
images/odir/abeb708ee7605500.jpg,-5.1884036
images/odir/13a1f79940f07332.jpg,-5.1884036
images/odir/bc881b77131a48d6.jpg,-5.804129
images/odir/bda604ae3a512c29.jpg,-3.6026654
images/odir/329f716826b4680f.jpg,-3.1543097
images/odir/9fcdcaadfda99974.jpg,-5.0442457
images/odir/470c89bab827f3ef.jpg,-4.470057
images/odir/4dccc80bacbc04cd.jpg,-4.5824513
images/odir/60209107a0394044.jpg,-1.6221728
images/odir/856e8d49c2065aca.jpg,-4.5164804
images/odir/dad1bd5e3120ee9e.jpg,-3.5024881
images/odir/c175b4ae6b976318.jpg,-5.5524635
images/odir/984df247e097bf9a.jpg,-4.648422
images/odir/6db6fb9fea0394f6.jpg,-3.8836513
images/odir/9f7ca262f77b060b.jpg,-1.7092173
images/odir/a39b903e8b89ce6c.jpg,-2.049913
images/odir/79da8f0449edf9af.jpg,-5.19329
images/odir/0b8029baaa7ee250.jpg,-3.6246557
images/odir/5995fb9bdc5c6c64.jpg,-4.1353173
images/odir/3103a75c897bb47a.jpg,0.09535372
images/odir/1eb675a3b818dc93.jpg,0.8210305
images/odir/5bcd9c6cb511fb4c.jpg,-5.664858
images/odir/c91ffcdd60453a46.jpg,0.82225215
images/odir/0f98377ac6f48ac8.jpg,-3.3033543
images/odir/fddeaa6185e46e24.jpg,-6.031361
images/odir/00da1d009b674324.jpg,-0.47883493
images/odir/52e3123036ff569b.jpg,1.1814255
images/odir/5e412bf529f29602.jpg,-3.6710796
images/odir/15b55400a38cbb03.jpg,-4.2892485
images/odir/42492250e6922950.jpg,-2.8513336
images/odir/9bd62005d5026ef7.jpg,-6.031361
images/odir/1203a1f6decedbfc.jpg,-3.912972
images/odir/8d2dbd749b64178d.jpg,-4.4114165
images/odir/85f2e01c5d4f1731.jpg,-0.43424368
images/odir/9b142034c466a601.jpg,-4.514037
images/odir/814f30260bba6534.jpg,-5.16397
images/odir/c7023c7a9048444f.jpg,-3.2276103
images/odir/d17e52f88c43677b.jpg,-0.06957281
images/odir/40962a69abf55c56.jpg,-0.5790125
images/odir/312e91dbdf5e8c4e.jpg,-3.2825859
images/odir/329dc25c51b3142c.jpg,0.35190606
images/odir/6c5ee2c0b320b0fe.jpg,-0.5069335
images/odir/143532f4c0e31059.jpg,1.2620562
images/odir/cabc8ef27de3db05.jpg,-4.13043
images/odir/a28a9893132a81d8.jpg,-3.6551976
images/odir/92066c816fc18fdd.jpg,-2.9906049
images/odir/faad9ceb559c595e.jpg,-4.997822
images/odir/de661f8ec1cd6900.jpg,-1.7506018
images/odir/4a728edcea72a1f9.jpg,-4.7412696
images/odir/ae12ad51e1d57be9.jpg,-2.963728
images/odir/ddf31be72b23a597.jpg,-4.875654
images/odir/6f1a49f828b6dee8.jpg,-1.9585924
images/odir/a2ad2c8d9906a05b.jpg,-3.6063304
images/odir/7c0a39caf8febc9c.jpg,-3.4206357
images/odir/099a29c189013474.jpg,-5.672188
images/odir/16fd7a909992fda6.jpg,-2.6015005
images/odir/ca7a08c6ccac06e8.jpg,-5.3325615
images/odir/69e674d6164f8552.jpg,-4.5555744
images/odir/904f44585ec67921.jpg,-5.7723656
images/odir/67a7919d3e782016.jpg,-4.211061
images/odir/6d3a8d85ac342e2d.jpg,-5.3692117
images/odir/3dabd1ef8f7fc6ab.jpg,-3.3852067
images/odir/c78b434293bd5bb1.jpg,-4.059573
images/odir/e0100e7cd37cd503.jpg,-4.8854275
images/odir/70d8a50877f3c8c8.jpg,-4.127987
images/odir/85861b1e60f75d52.jpg,-4.6019983
images/odir/22d64749032530dd.jpg,-2.2747016
images/odir/3b9540cebbe5e451.jpg,-3.8384495
images/odir/5eec8cd5b9b79a6b.jpg,-4.6386485
images/odir/2bbf641bb9ff279c.jpg,-4.1719675
images/odir/ecd08e7481badb14.jpg,-3.1054425
images/odir/ba4794892a91f59a.jpg,-1.2996498
images/odir/60bbb7a76e7a38fc.jpg,-2.8244567
images/odir/1686aebadd4d1907.jpg,-3.53303
images/odir/2c1a86f16397edb6.jpg,-4.511594
images/odir/2e9ad6e218e5c4be.jpg,-2.7255006
images/odir/4aee047ec33a7037.jpg,-1.4182385
images/odir/e48808b6bcdcd870.jpg,-4.7852497
images/odir/037a6352c7d12d5b.jpg,-4.184184
images/odir/b68dabaf60dbaf6e.jpg,-3.8335629
images/odir/948cf57bacc8bf4a.jpg,-4.7388263
images/odir/0691b72fa732ceeb.jpg,-4.484717
images/odir/d32360b59f3f9a4e.jpg,-4.648422
images/odir/b7fdd7b6eecf3e54.jpg,-2.9918265
images/odir/4e28cd382884c6e5.jpg,-3.996046
images/odir/a70b552df95bb476.jpg,-1.7197543
images/odir/1093d9759c2be648.jpg,-2.546525
images/odir/57a34118ba3630cd.jpg,-3.7553754
images/odir/1772a2711912967b.jpg,-2.4689484
images/odir/20aabf530d053f5b.jpg,-3.9056416
images/odir/8b0f85577dc06f29.jpg,-4.230608
images/odir/9927dd1caeef45ff.jpg,-0.8117422
images/odir/73c6cd48e1291113.jpg,-5.376542
images/odir/cc856676e47d8d25.jpg,-5.7357154
images/odir/a108e91e87dc890f.jpg,-5.6355376
images/odir/0f7e1f7816e323cb.jpg,-5.4229655
images/odir/8805b1f096f9a368.jpg,0.4374236
images/odir/1f51122ffc414b86.jpg,-3.657641
images/odir/073e165535b65621.jpg,-1.2272654
images/odir/3f04bc635acde783.jpg,-4.860994
images/odir/c8380494af8b91c3.jpg,-5.997154
images/odir/6e8343093d9e5bf3.jpg,-3.2288322
images/odir/64028e9226e427cb.jpg,-3.6649709
images/odir/6454557544df9197.jpg,-5.562237
images/odir/f9385b0cc77cba65.jpg,-3.7578187
images/odir/9a494ca73b467721.jpg,-4.0693464
images/odir/045adf884a461620.jpg,-5.659971
images/odir/7bb00c8313197fdf.jpg,-6.3270073
images/odir/d22c1e1d1cbcb824.jpg,-4.401643
images/odir/1718d4365c272c01.jpg,-3.6784096
images/odir/741cdae9a034f200.jpg,-5.088226
images/odir/642c98333f3c99f8.jpg,-3.873878
images/odir/0205f43bd3c127b5.jpg,-4.973388
images/odir/322aef4cbccf4250.jpg,-3.9887156
images/odir/4da0d0b9190d9475.jpg,-5.794356
images/odir/86e3361472fcfa2c.jpg,-3.6674147
images/odir/caf54c91205e964d.jpg,-6.827895
images/odir/83ff70b670629922.jpg,-3.524478
images/odir/4985b937dc028f19.jpg,-5.7650356
images/odir/a0b35817780eae0c.jpg,-4.0913367
images/odir/331792dbb0de93db.jpg,-4.06446
images/odir/5b551f02f598a3b1.jpg,-2.189795
images/odir/5fdbec4e9295b2c1.jpg,-4.1792974
images/odir/58ca174caedd4867.jpg,-6.3489976
images/odir/94120783295e6342.jpg,-3.9545088
images/odir/cb2e2cf5cadcbe7f.jpg,-3.2776992
images/odir/d268ad27d328e798.jpg,-4.377209
images/odir/3d3fb30a8a0b247d.jpg,-4.154864
images/odir/14bf17326b88ceee.jpg,-6.0069275
images/odir/5843442567a65730.jpg,-3.3974237
images/odir/f21a3e2d394d682b.jpg,-4.2550416
images/odir/18e45ce9b7cc0fe5.jpg,-4.1231003
images/odir/3ee6e1444d3ab2e4.jpg,-4.3991995
images/odir/72b4c467e4b41446.jpg,-4.149977
images/odir/0baaefe8dedcfe4e.jpg,-2.9796097
images/odir/762f2c0c9e87b8b9.jpg,0.8576807
images/odir/325a5888758a0f3b.jpg,-4.5164804
images/odir/fe3c6b6d39cf1cee.jpg,-3.1787434
images/odir/03ec049dc87e7413.jpg,-4.9391813
images/odir/2606a73970fb137d.jpg,-5.129763
images/odir/23e7ada35f9ec428.jpg,-3.6368723
images/odir/ecfe4e979284733f.jpg,-5.012482
images/odir/7cfb3f47e095a99d.jpg,-3.5489116
images/odir/63cd5b7875c8f534.jpg,-0.20823324
images/odir/525defc7379119ef.jpg,-3.4548426
images/odir/9208b7ab4754c6c1.jpg,-4.4676137
images/odir/5732bdf12a4198cd.jpg,-4.6997323
images/odir/aff284c963e1bbd6.jpg,-4.9685016
images/odir/504c88143105f183.jpg,-2.1891842
images/odir/865a38e1f8f26bd3.jpg,-4.6386485
images/odir/40b5941b26eaa144.jpg,-4.870767
images/odir/90ec6a252243f65b.jpg,-3.5623503
images/odir/8c2a90ee7dc2ca89.jpg,-4.760816
images/odir/8c04c18dd11e4dbd.jpg,-2.3583865
images/odir/888af307ac62864f.jpg,-1.0551615
images/odir/800b72e6e37e6b08.jpg,-4.2965784
images/odir/583ea9423dfc059f.jpg,-6.224386
images/odir/fa96bef5f804682e.jpg,-3.255709
images/odir/6cb78c8211cb8374.jpg,-5.5060396
images/odir/68501c147562ac5a.jpg,-4.3430023
images/odir/fec4f3148a5b7928.jpg,-3.5012665
images/odir/dbbff579294b48cb.jpg,-2.5263672
images/odir/6259bda04d0c06f3.jpg,-3.2508223
images/odir/b50d1d113a04c1c8.jpg,-2.8696587
images/odir/e9af4163e17f3202.jpg,-4.5433574
images/odir/befad5b1707865ce.jpg,-5.100443
images/odir/a5a1ac52b1ffafd2.jpg,-3.9984894
images/odir/1b89556070839142.jpg,-4.5164804
images/odir/efe73583eb8e1854.jpg,-0.2619871
images/odir/44c493b8e17c0ddd.jpg,-6.476052
images/odir/2fec20d6b85e95de.jpg,-4.6581955
images/odir/60cf96c048427ea6.jpg,-2.2478247
images/odir/408350f95767c545.jpg,0.8454641
images/odir/195e3beae8328d78.jpg,-3.1359844
images/odir/629219b48e09311e.jpg,-4.3087955
images/odir/0702209dc6f6170b.jpg,-2.864772
images/odir/b9de667611d66ace.jpg,-5.948287
images/odir/8b36f56e1300bbfc.jpg,-2.7719245
images/odir/c558407fffd56e46.jpg,-2.66686
images/odir/d7150764d1e0cf15.jpg,-4.8780975
images/odir/1923d7b75aaf71ca.jpg,-5.337448
images/odir/76134278e11b015d.jpg,-4.193958
images/odir/a235329cd2caa602.jpg,-5.5060396
images/odir/666982c56bee57cf.jpg,-4.79991
images/odir/38dd664cfab803bf.jpg,-1.8074098
images/odir/398a7920621e6a16.jpg,-3.6356506
images/odir/deec3d4d8ce104cd.jpg,-4.4480667
images/odir/c14f99391ab04220.jpg,-4.3576627
images/odir/e548f68b63551ba5.jpg,-3.1934032
images/odir/15345b5db912c4a6.jpg,-4.970945
images/odir/8505b2199d8f6b10.jpg,-3.1958468
images/odir/8cb318c9014bb7fc.jpg,-3.8286757
images/odir/2240aafbd9e76898.jpg,-2.823235
images/odir/7e095f83e292cd8b.jpg,-1.8077152
images/odir/06655bbc0b9005f3.jpg,-6.0557947
images/odir/80624b06efd002a8.jpg,-5.5793405
images/odir/e7713e0c920cd3fb.jpg,-5.1322064
images/odir/95df34567bfae127.jpg,-4.43585
images/odir/22a58c515f6825ce.jpg,-3.9667253
images/odir/8bdcd43004b8ccd2.jpg,-4.8854275
images/odir/057cad9a4ddf88de.jpg,-6.3367805
images/odir/bf50ba8209b1a7ed.jpg,-5.694178
images/odir/704394b9dd2fe256.jpg,-5.1590834
images/odir/e49ebcff09541113.jpg,-5.481606
images/odir/0044bf0a5f4dd59b.jpg,-3.4181924
images/odir/0550b695acd4393d.jpg,-4.697289
images/odir/83299416b778b82a.jpg,-4.682629
images/odir/f90125fade2ef5c2.jpg,-5.452286
images/odir/46b1422d2dab292c.jpg,-4.4676137
images/odir/948955128159cb71.jpg,-6.048465
images/odir/adc4225edf61426a.jpg,-4.7485995
images/odir/72226633c945c0c7.jpg,-5.061349
images/odir/e12ee93a4262c409.jpg,-1.4121158
images/odir/593c2203b21d6722.jpg,-3.9813857
images/odir/d2fa3916e4a7e131.jpg,-3.2276103
images/odir/c09e8203e09c415d.jpg,-4.496934
images/odir/a1765a1c02830dc7.jpg,-4.4944906
images/odir/6655d54883fafabb.jpg,-1.1298366
images/odir/f8df39bef80567cb.jpg,-4.147534
images/odir/f157a993afef81b9.jpg,-6.427185
images/odir/2a1a990e3462b66c.jpg,-1.5418475
images/odir/a71e7f2d1bfc52dd.jpg,-4.2012877
images/odir/e48eb43134d57edf.jpg,-5.1493096
images/odir/144c23930c818c55.jpg,-6.5493526
images/odir/4c5f20d259673f52.jpg,-3.7944689
images/odir/e718e4d9055fdf5e.jpg,-1.5337539
images/odir/3fa81ff5a4757b20.jpg,-2.9515111
images/odir/655e1f186741781c.jpg,-3.4059753
images/odir/8b1f8eb869fb267f.jpg,-0.8957325
images/odir/def9fe2d1e2ee3fd.jpg,-6.4858255
images/odir/03247b16e2a9ce13.jpg,-4.394313
images/odir/09fccd4256884550.jpg,-3.426744
images/odir/77251ebea8c2ec61.jpg,-6.2585936
images/odir/9a9f5163392a9515.jpg,-4.3576627
images/odir/fa1aa9bc3ed02089.jpg,-4.6019983
images/odir/87ce69ed13e6fe0c.jpg,0.03060484
images/odir/88a6400d88ec363d.jpg,-5.2763643
images/odir/1b7c10c9143faf97.jpg,-2.5556874
images/odir/5b27e83853086006.jpg,-3.8604398
images/odir/410c9086db30adcf.jpg,-5.0027084
images/odir/4beb8bb82e3d6da0.jpg,-5.102886
images/odir/545b142bda6a5964.jpg,-2.7682595
images/odir/72b7f5c08fbce0b2.jpg,-1.5948378
images/odir/5062d922f40187e4.jpg,-1.4589642
images/odir/8e7753b1fa0e964a.jpg,-2.8562202
images/odir/9c29818fb1bc4909.jpg,-4.3307858
images/odir/905f7a3313783f8d.jpg,-5.0246987
images/odir/d91bfde88136a85f.jpg,-5.2592607
images/odir/e34ae3ff8a65f9ae.jpg,-4.7681465
images/odir/4a0e099561a001b8.jpg,-2.341894
images/odir/4cac1f6d6327490b.jpg,-5.090669
images/odir/62eb9d4b59676973.jpg,-3.8017988
images/odir/e04453737bce0242.jpg,-6.351441
images/odir/1bb8130620fad144.jpg,-3.0724573
images/odir/3fcbe7bddc7cca54.jpg,-5.3936453
images/odir/11d7577384fd7d12.jpg,-5.569567
images/odir/b9c28af5f050fdde.jpg,-5.3032413
images/odir/a0151b9320efa8d3.jpg,-5.8529963
images/odir/dfc4a027e8f56b7a.jpg,-5.831006
images/odir/db9b27399b08c457.jpg,-5.000265
images/odir/b7cb63005023b59b.jpg,-2.7035105
images/odir/4d4d99f2863b7372.jpg,-6.0093713
images/odir/576af4cd9e3e1590.jpg,-3.4523993
images/odir/b811445831bbd543.jpg,-4.6679688
images/odir/13a9a756672f12e1.jpg,-5.1346498
images/odir/7dd4efa9deff52be.jpg,-2.2814207
images/odir/da9bbe38ae785f00.jpg,-5.3936453
images/odir/0670f0f77aa8eabf.jpg,-6.1266522
images/odir/abdddcf05033bdfe.jpg,-3.7895823
images/odir/b776159430704106.jpg,-3.490271
images/odir/319b4baf83acbe95.jpg,-4.5897813
images/odir/940b10f55dc59553.jpg,-5.115103
images/odir/0d223cd9e53204fa.jpg,-6.5200324
images/odir/f258c5c8d32eb430.jpg,-5.3594384
images/odir/9a065fc9a21c34d6.jpg,-6.016701
images/odir/6471338096022b8b.jpg,-4.826787
images/odir/dbce9e5759703d0b.jpg,-4.1719675
images/odir/f0e5633b321a3d71.jpg,-3.3729901
images/odir/d9c2f7b588f22cb2.jpg,-6.1706324
images/odir/a480e932121960f2.jpg,-5.3887587
images/odir/78256c0f9a0e0d24.jpg,-3.2581525
images/odir/a879da079c230728.jpg,-6.0460215
images/odir/a3ed6651e0c91277.jpg,-4.2086177
images/odir/0da1ddcaa35af92e.jpg,-5.493823
images/odir/b539abf78ed2df71.jpg,-6.3221207
images/odir/f918e3de0e62bd95.jpg,-6.158416
images/odir/ea4deede4fbe3bff.jpg,-5.711282
images/odir/927ad2c698f85d7f.jpg,-3.4352956
images/odir/55b9d3a0189363ca.jpg,-5.212837
images/odir/3ae672de90749006.jpg,-5.3521085
images/odir/50ae6c7340fe372b.jpg,-4.127987
images/odir/13f2b108f3f53b0f.jpg,-4.3576627
images/odir/7945145f1f97aae2.jpg,-4.0131493
images/odir/355d9e223b8684de.jpg,-4.9318514
images/odir/1c99dfa9be94b53d.jpg,-5.3887587
images/odir/e941d7a10e2e9c34.jpg,-5.4009757
images/odir/807b451ed20b8bb4.jpg,-3.8152375
images/odir/a99ae3d329d4b25d.jpg,-3.8482227
images/odir/0d3084017e8961c7.jpg,-4.4260764
images/odir/6290d7dcfb9926e0.jpg,-7.2334924
images/odir/d3b9fb5d2be4db14.jpg,-5.7088385
images/odir/b11f0917a5ed4cd9.jpg,-6.1706324
images/odir/8caecfecac3e9229.jpg,-2.283864
images/odir/958d0f522c28eae0.jpg,-5.4083056
images/odir/3f304984a72f184b.jpg,-3.4756112
images/odir/8aa264ae776817dd.jpg,-4.45051
images/odir/4c58016b3477718e.jpg,-4.6924024
images/odir/69c068ef51cc313d.jpg,-1.0750138
images/odir/aa86331635c8e34a.jpg,-4.0693464
images/odir/d6e0ce3faf332028.jpg,-2.6479242
images/odir/019f269ea37231e9.jpg,0.8369123
images/odir/95aa6888dd0916e5.jpg,-6.2732534
images/odir/98d5f16f30175532.jpg,-4.9049745
images/odir/6f9f10fcc65d5669.jpg,-5.1346498
images/odir/7594c2ea593758dd.jpg,-5.6990647
images/odir/836ec3c370d478e1.jpg,-4.003376
images/odir/75f3285c74f45e03.jpg,0.41298997
images/odir/7fe85a311957c9bc.jpg,-5.2494874
images/odir/ec7858d0713d9a94.jpg,-5.9360704
images/odir/e7d1f9779b5bc3af.jpg,-1.3550453
images/odir/2bc642ea9aeb1e89.jpg,-3.2483788
images/odir/c3d4e15444e9e2f2.jpg,-4.9000874
images/odir/d0e50998e1868ee8.jpg,0.5388229
images/odir/77c49c723eadc973.jpg,-4.623988
images/odir/868dbf744c186695.jpg,-3.100556
images/odir/fc8c96eb90c4de32.jpg,-3.5990005
images/odir/44a2a7e3f65be277.jpg,-4.531141
images/odir/c2700ab2f83a026b.jpg,-4.2745886
images/odir/189d4d2c9a6dc216.jpg,-1.9054494
images/odir/e495e21bd40bf5b1.jpg,-2.573402
images/odir/6d24f46820b6b571.jpg,-4.616658
images/odir/0e1c6ae8c550d47b.jpg,-1.6710399
images/odir/d03a89e1d3d48f03.jpg,-5.5402465
images/odir/8485c039ee717a55.jpg,-6.4858255
images/odir/4fd8923a9c382c63.jpg,-3.634429
images/odir/73cc8171d1a61f4b.jpg,-4.5018206
images/odir/2aef1105475cad87.jpg,-3.6161041
images/odir/33324ae0103d7ef7.jpg,-4.4456234
images/odir/27caa1122b52001b.jpg,-4.2477117
images/odir/b655a6a29ae50883.jpg,-3.8787646
images/odir/5727b604332f9905.jpg,-5.8163457
images/odir/8030e114f1139282.jpg,-5.3814287
images/odir/4ada0228bc4f8a36.jpg,-4.4602833
images/odir/9ded031e4fbf3492.jpg,-6.1266522
images/odir/45be475d9b3e99e2.jpg,-4.2525983
images/odir/535f90411b1cec77.jpg,-5.6697445
images/odir/257d547fadb15a93.jpg,-0.8386191
images/odir/0f785d3d4abf757f.jpg,-5.427852
images/odir/157899cc8d35d189.jpg,-5.7650356
images/odir/7dec29cd4ce029fe.jpg,-5.4425125
images/odir/22be29416de125d5.jpg,-5.9507303
images/odir/db728072b7c8203d.jpg,-2.7413826
images/odir/552b1b6d6a50457d.jpg,-5.5255866
images/odir/9bdea2d6e1da2e42.jpg,-1.8184048
images/odir/58d2f69d97c7506c.jpg,-6.0802283
images/odir/be908c631fe53eb8.jpg,-3.787139
images/odir/3546fc5a121e60fe.jpg,-5.000265
images/odir/fe70319a815fff8d.jpg,-2.8721023
images/odir/2238b6284d787042.jpg,-1.0255358
images/odir/1accbe6e7014190a.jpg,-2.1274893
images/odir/4c83356cf5d5eaa9.jpg,-5.273921
images/odir/2df553c9823be4cb.jpg,-6.2317166
images/odir/806a587c73f95f5a.jpg,-6.8572154
images/odir/eda69139fc77485c.jpg,-3.206842
images/odir/207860b213441ba6.jpg,-1.168014
images/odir/10c2a9e55d0bc427.jpg,-4.8023534
images/odir/514ef9fdbbfc90d7.jpg,-4.8096833
images/odir/237dad732ebb622a.jpg,-5.110216
images/odir/cd4ffecddbfb62a3.jpg,-5.7332716
images/odir/9bcb20b8838dfdba.jpg,-4.6875157
images/odir/2652d064d27ff25e.jpg,-6.221943
images/odir/fed783879054ca15.jpg,-4.257485
images/odir/10cf02ea0ef051c6.jpg,-3.3729901
images/odir/6f4c6fe7b6839f09.jpg,-4.003376
images/odir/829874bae0cfc34f.jpg,-4.1377606
images/odir/ca1ac6810d494562.jpg,-5.0149255
images/odir/e8935b6c1bea5496.jpg,-5.2299404
images/odir/d4ffce3825cae978.jpg,-3.9300752
images/odir/0c04bd9f85632e9d.jpg,-4.597111
images/odir/095001f3429f3343.jpg,-6.158416
images/odir/9d265fa8bbea8724.jpg,-2.3779333
images/odir/b972b6f6356c6f96.jpg,-3.7920256
images/odir/a162f7717401ea91.jpg,-4.951398
images/odir/e548fee0f5a4b411.jpg,-3.5159264
images/odir/b520ccab0e1ff40a.jpg,-5.2983546
images/odir/e62a8cdf5c7b6780.jpg,-4.3503323
images/odir/f797a5c911c703d9.jpg,-4.1866274
images/odir/f25ad9fe85c6358f.jpg,-5.466946
images/odir/78af71617a243388.jpg,-4.6288753
images/odir/3c8c9eef13f82c33.jpg,-3.437739
images/odir/f95a245e6921913a.jpg,-5.530473
images/odir/880da59833de0509.jpg,-2.151312
images/odir/7429186c2f7c4b96.jpg,-3.9740558
images/odir/1da30f701315312a.jpg,0.5815816
images/odir/ed12c9b3249c8ef1.jpg,-5.4913797
images/odir/3082868c087a2e8f.jpg,-3.7162814
images/odir/6ca209454ee3df8a.jpg,-2.963728
images/odir/4df259a2da4f5467.jpg,-4.5897813
images/odir/0dfdf8ede2f649f4.jpg,-5.584227
images/odir/341ea1ca1fcec3e1.jpg,-5.1957335
images/odir/a27447593c7ef8db.jpg,-5.6135473
images/odir/b9125f5125f93028.jpg,-4.511594
images/odir/fb74c3cd64cddce4.jpg,-3.410862
images/odir/8c8dd653959b0cf7.jpg,-3.6161041
images/odir/a0ef4f2abf8775d6.jpg,-5.6428676
images/odir/1a469ab955c18b05.jpg,-3.3485565
images/odir/aba2b28b22da70af.jpg,-5.2788076
images/odir/2028e7fda6286b25.jpg,-5.100443
images/odir/edca96cd3bcb1bbb.jpg,-6.111992
images/odir/9ef98f53a3511731.jpg,-4.1719675
images/odir/ad3d4cca06f0c4c5.jpg,-3.9471788
images/odir/745b5c10e2ac8e10.jpg,-1.950346
images/odir/a48a72f0dfd5b886.jpg,-2.743826
images/odir/e2782f2a21c86187.jpg,-1.5090148
images/odir/93b81d8bb5e4ee22.jpg,-3.6564193
images/odir/c9e120e9a9b96895.jpg,-5.8529963
images/odir/5afa6aaee678bfbc.jpg,-4.3307858
images/odir/740d4d9e2b7c16db.jpg,-6.7057276
images/odir/882d069de84656f1.jpg,-5.0442457
images/odir/5769dacd53f6d743.jpg,-2.041972
images/odir/ef3198eba1b0d73f.jpg,-4.4456234
images/odir/7be16ae0a3252522.jpg,-2.9234126
images/odir/7b53045d9291bb05.jpg,-5.281251
images/odir/ea60701165363a43.jpg,-4.257485
images/odir/8af8c66dbde71d6d.jpg,-6.9256296
images/odir/8bc20b72f10e18cd.jpg,-3.3216796
images/odir/952c78a94206ba21.jpg,-4.059573
images/odir/27063075b1ab9765.jpg,-0.6993478
images/odir/d7fbefff7589c05d.jpg,-5.657528
images/odir/afa52ed470430f02.jpg,-3.9496222
images/odir/c5837847350ae955.jpg,-4.340559
images/odir/8cd5a9d1acc8437c.jpg,-3.8347845
images/odir/2ab629beb52eca5e.jpg,1.3622338
images/odir/e7c51a3b6d1b81d5.jpg,-4.3381157
images/odir/51fa4059000b0535.jpg,-3.0223684
images/odir/bda1ad8554474c99.jpg,-3.6099954
images/odir/d4487e1d04b2392c.jpg,-5.6990647
images/odir/b70b4837d3679f1b.jpg,-4.9660583
images/odir/b172c81951c04c25.jpg,-3.0602405
images/odir/85d6af90484e97a5.jpg,-3.5024881
images/odir/606334775aa6f473.jpg,-4.1353173
images/odir/626efa27380bbb6f.jpg,-5.1664133
images/odir/f1320e92f9290b03.jpg,-4.924521
images/odir/80bfbcad218bae33.jpg,-5.088226
images/odir/553d9218083bd390.jpg,-0.17769134
images/odir/ec02337a1062d462.jpg,-6.647087
images/odir/adfef75c1f8c834b.jpg,-5.784582
images/odir/6f529ff46b34920b.jpg,-6.111992
images/odir/b6674045fccf836c.jpg,-0.48249996
images/odir/ac5588e19de75595.jpg,-3.4206357
images/odir/71c82866f02ed8ce.jpg,-0.8526684
images/odir/54b7943231bc16a0.jpg,-4.787693
images/odir/cf9ab8aac1167695.jpg,-4.853664
images/odir/c3a97a1112fa19e6.jpg,-4.944068
images/odir/96f7e3e1e97a9d4a.jpg,-4.5164804
images/odir/0aac675d6302aecb.jpg,-5.1322064
images/odir/ce044664a942a581.jpg,-3.9667253
images/odir/d7d98aea17561eff.jpg,-5.7870255
images/odir/65b8ec9a2bbeb2cd.jpg,-4.423633
images/odir/941340bdbd3a1d85.jpg,-2.1158834
images/odir/cfe0e0785b249155.jpg,-5.5793405
images/odir/ab084b3fcbd246d5.jpg,-4.79991
images/odir/5de0b57fffab2a67.jpg,-5.3814287
images/odir/c1c3d964c3b4fcc3.jpg,-3.2056203
images/odir/e4b3b2c3194fbec7.jpg,-5.2568173
images/odir/83af7405fd622699.jpg,-5.183517
images/odir/3075e3188fe0b9de.jpg,-4.523811
images/odir/7d943d6dd022afe1.jpg,-3.446291
images/odir/756e10d395414460.jpg,-4.616658
images/odir/1b2f603205781c96.jpg,-5.2494874
images/odir/6c2608e7def03c99.jpg,-4.4260764
images/odir/18268a7d0c03ad52.jpg,-6.0728984
images/odir/440bf5127ed6c3fd.jpg,1.1423317
images/odir/aa1daaba5b2cb68d.jpg,-5.6526413
images/odir/622cd629b646a2c5.jpg,-3.73705
images/odir/9b746101784f2e9d.jpg,-6.490712
images/odir/acccd6185420f497.jpg,-4.0913367
images/odir/e0f4366791e40f51.jpg,-1.237497
images/odir/83c31c3acac147d6.jpg,-7.5657887
images/odir/29952a2f02392e0f.jpg,-2.1690264
images/odir/26e54b0653b4d53b.jpg,-4.2257214
images/odir/f6edce0a087b34e6.jpg,-0.5692391
images/odir/ad30005c0ccb7a35.jpg,-0.90550596
images/odir/ae2cc2519949cc0c.jpg,-3.9080849
images/odir/4eba72446927f2da.jpg,-4.45051
images/odir/bec3e3ae464f78d4.jpg,-4.655752
images/odir/706d8da2855e7c41.jpg,-4.9831614
images/odir/884729765c5c20af.jpg,-2.6387615
images/odir/3dc8bad0523cf710.jpg,-1.7686214
images/odir/0b56b9580abda13e.jpg,-3.2715907
images/odir/2078a86e04cb8f1c.jpg,-4.758373
images/odir/bdce41337b4a8ac9.jpg,-4.616658
images/odir/2125d06021c4aa84.jpg,-5.2959113
images/odir/18739ac427b29b6f.jpg,-3.7358284
images/odir/bf9d7649a3ea9817.jpg,-6.2170563
images/odir/ebb6c4bb37b71348.jpg,-4.5775647
images/odir/267281e4b3320fc5.jpg,-5.3887587
images/odir/e6d9ee17394adc22.jpg,-5.107773
images/odir/ea870ba01e7d7725.jpg,-3.5037098
images/odir/713492c8bae605ef.jpg,-5.225054
images/odir/4da545191c8e4c7d.jpg,-5.1322064
images/odir/883f510f03fe9e28.jpg,-3.3338964
images/odir/39ca173e478b4360.jpg,0.41298997
images/odir/0435dc6b0487de4a.jpg,-5.7161684
images/odir/9920ff38c91f26e1.jpg,-5.8823166
images/odir/627b97aae82852d4.jpg,-4.951398
images/odir/9f5bcc98889ebb94.jpg,-5.0393586
images/odir/5d028a10adab55b1.jpg,-4.724166
images/odir/c611cc03ebc563a5.jpg,-5.19329
images/odir/a5bf92f15fd83394.jpg,-4.059573
images/odir/294749afa7982c98.jpg,-5.9262967
images/odir/435a940578919aa8.jpg,-3.9618387
images/odir/6df3f31d7c78078a.jpg,-5.0491323
images/odir/8030227678a31145.jpg,-4.360106
images/odir/834c5779d4c84a78.jpg,-2.341283
images/odir/f44e0306f4c48d72.jpg,-3.760262
images/odir/f6c069c28aa5d8c5.jpg,-4.8927574
images/odir/b6675d08d3d2e698.jpg,0.5681431
images/odir/617ebc4fbf0879a7.jpg,-4.997822
images/odir/3e67d80c3990b784.jpg,-5.554907
images/odir/6dbe4de8b6f01bd4.jpg,-5.7870255
images/odir/f06730fbcae8729d.jpg,-4.743713
images/odir/a6277c2016c5c5cd.jpg,-5.0222554
images/odir/83179fd3184ce6e7.jpg,-3.3082411
images/odir/d5469d7bffab8248.jpg,-6.021588
images/odir/ff2eefaa22d7e268.jpg,-3.0492454
images/odir/4b93ed51c05bb2cf.jpg,-3.446291
images/odir/7bb1c7cea8abaf6e.jpg,-5.137093
images/odir/0f6de0e14c1c0a58.jpg,-3.893425
images/odir/1e40c3eae53973b8.jpg,-1.7823653
images/odir/fd1bacdfd7d0d3a1.jpg,-2.7071757
images/odir/f1974fc8dbb9ab63.jpg,-4.531141
images/odir/bfe3cec3e84b33a5.jpg,-4.6313186
images/odir/48ea852737b4f677.jpg,-5.887203
images/odir/c38dc4479211f709.jpg,-3.506153
images/odir/3d44598b40ca3d92.jpg,-4.4480667
images/odir/5375a6ef456483b7.jpg,-3.8201241
images/odir/eac7c9961821526b.jpg,-5.794356
images/odir/bec87f296c937411.jpg,-5.7699223
images/odir/e58d674371211dff.jpg,-3.7480454
images/odir/1e2485bb8af5a9b8.jpg,-3.5391383
images/odir/06e1960426b7a481.jpg,-3.1970685
images/odir/c6d06eb64d07c1f4.jpg,-3.0406938
images/odir/7631aa0a8b12182a.jpg,-4.9416246
images/odir/6bf474317eb5e0d4.jpg,-1.8022176
images/odir/571927bb75cdd123.jpg,-3.8836513
images/odir/521a9c6d09500f5a.jpg,-3.544025
images/odir/81334a728a27d470.jpg,-5.674631
images/odir/3b3081d73986c3a3.jpg,-5.3325615
images/odir/806cd91d8d8e4239.jpg,-0.86519057
images/odir/d9ed3890eea37c99.jpg,-5.0222554
images/odir/031376343b500928.jpg,-4.396756
images/odir/cc02dbd83181769a.jpg,-4.9342947
images/odir/e2c75bb0b9785cba.jpg,-4.333229
images/odir/b62b9ceeec23510f.jpg,-5.1688566
images/odir/f7d3f91ad4eff508.jpg,-3.8579965
images/odir/c3148946ef22e974.jpg,-4.5702343
images/odir/fd6198f5735c0ac2.jpg,-4.4944906
images/odir/3936046e3c7de214.jpg,-4.374766
images/odir/2c30b90a55e1a985.jpg,-6.180406
images/odir/78d9bf5d0c829256.jpg,-3.771257
images/odir/4e5b2793492cce6b.jpg,-3.5220346
images/odir/a5ef165579c6124b.jpg,-1.3593211
images/odir/a3c83029032a2c3f.jpg,-5.9018636
images/odir/7a5340a25bf0a055.jpg,-4.2135043
images/odir/24d67399de8550ff.jpg,-3.1249895
images/odir/af25c780ee542e90.jpg,-3.0162601
images/odir/689f64837b702a4f.jpg,-4.6679688
images/odir/a5ee27958a33728e.jpg,-1.1134967
images/odir/5841e380e3de9b6a.jpg,-3.6417594
images/odir/68bbe0cf268242c5.jpg,-4.997822
images/odir/e3fd08ed5d6ef168.jpg,-2.1427603
images/odir/fa70cfccac4e7621.jpg,-3.9887156
images/odir/e5f993f7f74ba40c.jpg,-3.9813857
images/odir/45434877882115f7.jpg,-4.5018206
images/odir/d433940ea7517bcf.jpg,-4.4114165
images/odir/ffd93d252709a3c2.jpg,-3.1591964
images/odir/2c98e7981297e424.jpg,-5.2959113
images/odir/febd547e715e090f.jpg,-6.287914
images/odir/c7371464a8aad08a.jpg,-5.237271
images/odir/d53eaccfcb9af322.jpg,-5.3692117
images/odir/970126f89efe68a0.jpg,-5.19329
images/odir/b00f20ab3cb01b64.jpg,-4.2697015
images/odir/5d160e7abf41ecf7.jpg,-4.917191
images/odir/e299248c6c7840eb.jpg,-3.6979566
images/odir/df8455908ad693c5.jpg,-4.3649926
images/odir/ed1e48019eb7ce08.jpg,-5.7259417
images/odir/fd8a88a1700699f5.jpg,-5.452286
images/odir/c1f4f7f14f9d5cb2.jpg,-5.8627696
images/odir/9426256ccb41979b.jpg,-5.0564623
images/odir/9dbb4730b7399e2e.jpg,-4.7363825
images/odir/c4dc7cb6feaf678d.jpg,-4.367436
images/odir/244044682aa0f53c.jpg,-5.0027084
images/odir/ed2dc5f2248098f9.jpg,-5.2959113
images/odir/dba88d57a5067279.jpg,-4.003376
images/odir/f13a4be1a687dfda.jpg,1.144775
images/odir/e3878373d305ab33.jpg,-5.0979996
images/odir/ca69e45de3195da7.jpg,-4.3796525
images/odir/aa0388ce5ad56140.jpg,-6.24149
images/odir/d262ed38531b666b.jpg,-4.951398
images/odir/24f8fa1fb1ce0529.jpg,-3.0370288
images/odir/223e05f8f21a928b.jpg,-3.6185474
images/odir/a39519958dec5de7.jpg,-2.2301102
images/odir/00b06c65af3c10eb.jpg,-3.680853
images/odir/793dd8bf1bb332cd.jpg,-5.8285627
images/odir/6b20ae67813c9dd8.jpg,-2.3950367
images/odir/127813dfe2196500.jpg,-3.6368723
images/odir/de8e74bbc583ceca.jpg,-5.686848
images/odir/34eb1949e72bc652.jpg,-4.8047967
images/odir/aadaf70dc629bca5.jpg,-3.5721235
images/odir/3280badd8560eb6d.jpg,-5.1810737
images/odir/f2650db9f98630ae.jpg,-5.2519307
images/odir/a507942710214c3d.jpg,-6.5542393
images/odir/0d7dfa1a5187c4e2.jpg,-3.4585075
images/odir/886093e62875a7d9.jpg,-5.2152805
images/odir/960c523ae25f4fe9.jpg,-2.5214806
images/odir/f40dd1923a756499.jpg,-5.0784526
images/odir/ac6befbc60b74e87.jpg,-5.217724
images/odir/a28124b1dda8dc52.jpg,-5.034472
images/odir/54bae0491d068f0d.jpg,-5.227497
images/odir/0eb5d8e861a304e9.jpg,0.057481766
images/odir/360140d8ff765c25.jpg,-4.890314
images/odir/efe5c6d708f9f4e5.jpg,-3.1897383
images/odir/689486b4cbdc6b6e.jpg,-6.344111
images/odir/a736bfe68d55c7d8.jpg,-6.0362477
images/odir/4a2fb9295aa08af8.jpg,-5.137093
images/odir/7246f5fffa872143.jpg,-5.5940003
images/odir/828bfdd3da8eec72.jpg,-3.803021
images/odir/5b151ba6dfbb7870.jpg,-4.2477117
images/odir/d444b1258e69a977.jpg,-1.946681
images/odir/317c33eb8bb23af5.jpg,-5.4840493
images/odir/778e8e41bcab255d.jpg,-4.540914
images/odir/a2fdd2de49af2f4d.jpg,-4.780363
images/odir/4f82a0d696793049.jpg,-5.5524635
images/odir/2a928c7d98f14da2.jpg,-2.417027
images/odir/f250396c480a6363.jpg,-5.3814287
images/odir/271f4e0423742238.jpg,-4.174411
images/odir/29235b49dd14a207.jpg,-1.646759
images/odir/9b994bcf0985be7a.jpg,-0.7763135
images/odir/5371b8eb12b5c240.jpg,-2.4115295
images/odir/7e2b391e28b0ca24.jpg,-3.8017988
images/odir/247994b33745ed72.jpg,-4.242825
images/odir/2240d0c38f3da044.jpg,-2.9478462
images/odir/00e7d1a0f9b2b851.jpg,-5.8432226
images/odir/aabc934635834506.jpg,-6.0557947
images/odir/b18c8e981d65897f.jpg,-2.9282994
images/odir/0891791a27b3e42f.jpg,-4.545801
images/odir/3a12628d81ce942f.jpg,-5.137093
images/odir/28a48ab1f4cb6abc.jpg,-3.7052865
images/odir/93e708f73a7a77dd.jpg,-5.0369153
images/odir/9a65f4b1d53ab8dd.jpg,-3.991159
images/odir/6a6093d2c8f2ab9f.jpg,-5.960504
images/odir/a81c42463bd8c09b.jpg,-6.1999526
images/odir/199b3060328f125b.jpg,-3.376655
images/odir/31fc0229f79bcae8.jpg,-2.526978
images/odir/be0c1e381de2f592.jpg,-3.36566
images/odir/04f609eb669f70f2.jpg,-2.9539547
images/odir/52d4fcb3f61d1d3a.jpg,-0.6798009
images/odir/b8fd40f93a739da4.jpg,-4.4944906
images/odir/80a03400129c9b21.jpg,-3.4365172
images/odir/74c44669e39f232c.jpg,-5.4131923
images/odir/c39822f8b2a0a04e.jpg,-4.523811
images/odir/6944af041a5ba4ee.jpg,-3.5782318
images/odir/94829cc2c3fdd770.jpg,-4.0962234
images/odir/e641f76d7cedf45f.jpg,-3.3681035
images/odir/5f10e45598106114.jpg,-5.4767194
images/odir/885ce2aaadb7953f.jpg,-4.1231003
images/odir/f1ff36f5ce6ca7f5.jpg,-4.41386
images/odir/e3951e7a345fdc91.jpg,-5.1517534
images/odir/78b1227a555c812f.jpg,-4.6948457
images/odir/aa053dcb91edd0f7.jpg,-4.7290525
images/odir/cae2a4dc918b3dbe.jpg,-4.753486
images/odir/8e145a114bc266c3.jpg,-5.1713
images/odir/298935aeb12d8cd7.jpg,-4.7901363
images/odir/fc5b1e953c01f914.jpg,-1.3810059
images/odir/85141566e47f6a13.jpg,-3.2373838
images/odir/dd878768ad2843b2.jpg,-2.5355299
images/odir/2f8bc3a2030e1429.jpg,-4.8292303
images/odir/71ffffcfdf3d78ae.jpg,-3.4988227
images/odir/2d6400b2df39e696.jpg,-5.5255866
images/odir/9c1af7c8353cc40f.jpg,-4.643535
images/odir/6c024acc9dc009a7.jpg,-2.493382
images/odir/46d32b6353334cca.jpg,-4.3552194
images/odir/87906b945e62abb7.jpg,-5.55735
images/odir/fb71ade33aef0203.jpg,-0.57779086
images/odir/377c2ebe8525b32b.jpg,-5.1346498
images/odir/437ee3a955747484.jpg,-2.8928707
images/odir/d82ebb4a3db37b79.jpg,-3.0858958
images/odir/c3c1f86445259e1c.jpg,-4.1524205
images/odir/1ed9452dfcd1d89f.jpg,-4.2257214
images/odir/746920050e1544b0.jpg,-2.7071757
images/odir/d75f4d807794529c.jpg,-4.10111
images/odir/7c2ed04e96f1b12d.jpg,-6.691067
images/odir/ded2818fb2abb511.jpg,-3.9178586
images/odir/b309c3970541cccb.jpg,-5.6355376
images/odir/f9dd6404ecbc2301.jpg,-1.169083
images/odir/212c10ecc2a176bd.jpg,-6.7399344
images/odir/863aad9cd9164abf.jpg,-1.5891875
images/odir/0ddff21f5e4427e3.jpg,-4.5824513
images/odir/b2375574efb3d0f6.jpg,-5.6135473
images/odir/7b0253ae6ec061ef.jpg,1.1081249
images/odir/09a7261dd95e79cc.jpg,-3.0443587
images/odir/5b91b7f01cb6e137.jpg,-7.551129
images/odir/35f44e6cf7e2cfca.jpg,-3.870213
images/odir/c543972e0c5c9def.jpg,-5.2568173
images/odir/c7866f612d2d605d.jpg,-4.360106
images/odir/0f595028da41e08d.jpg,-1.6821878
images/odir/bc15887702dad8e5.jpg,-4.0058193
images/odir/a1da096486129afe.jpg,-4.8047967
images/odir/d9c1273196148e10.jpg,-2.110386
images/odir/1daa527304192f81.jpg,-5.1395364
images/odir/cab3c25088db1f6d.jpg,-5.0369153
images/odir/cb19d10b55ddeaee.jpg,-5.0100384
images/odir/70fc4919329db2e7.jpg,-4.2061744
images/odir/2e932f9f852c4657.jpg,-5.007595
images/odir/9be217c24106e2ad.jpg,-4.010706
images/odir/d3194ec54d97746e.jpg,-2.7792544
images/odir/2dbf375f3725497c.jpg,-4.4651704
images/odir/8039f93cc503a456.jpg,-5.1053295
images/odir/640bc6a9c31ad770.jpg,-5.3521085
images/odir/659fb7b54d3f6056.jpg,-3.2496006
images/odir/420a834505cf677c.jpg,-5.232384
images/odir/4e4bff289be4435e.jpg,-3.3314528
images/odir/83bc2a564a9c5816.jpg,-4.4187465
images/odir/01f6149ff873c20a.jpg,-0.6736926
images/odir/4708bcb51909ce5f.jpg,-3.1689699
images/odir/621b3b1c30969429.jpg,-4.6655254
images/odir/c67161329b71d4d5.jpg,-5.8285627
images/odir/a7784e636ffc759c.jpg,-5.2788076
images/odir/cafda5980ddf1260.jpg,-6.476052
images/odir/58029e0c013311d2.jpg,-4.81457
images/odir/9c34e8d7223ff59e.jpg,-6.177963
images/odir/2050d011e5c6b072.jpg,-4.1255436
images/odir/ca8ef5d5e56c78fb.jpg,-4.746156
images/odir/abf9b95aaa29e12d.jpg,-4.242825
images/odir/f446289fa6e2ba2d.jpg,-4.074233
images/odir/5d87de7a232b08e4.jpg,-5.850553
images/odir/68f20fcf0a6539ef.jpg,-3.69307
images/odir/589df340ee989712.jpg,-0.5063227
images/odir/7bcc851dad59e677.jpg,-5.2983546
images/odir/c506595eac613593.jpg,-3.4120836
images/odir/a66d42c9da0af9d1.jpg,-3.1249895
images/odir/90af6efaf64d9b2b.jpg,-4.853664
images/odir/7febe92eb136db49.jpg,-1.2621596
images/odir/1c8285916ce8b684.jpg,-3.3448915
images/odir/49eb1f225be9089c.jpg,-6.048465
images/odir/f4e662f8acbc8e81.jpg,-6.2317166
images/odir/23f386da8de867e9.jpg,-3.9080849
images/odir/1a79530a7289f106.jpg,-3.3864284
images/odir/8f524042a1f1ea54.jpg,-4.980718
images/odir/8ef2d33ed410e80c.jpg,-4.360106
images/odir/b0cc2db5493e4678.jpg,-4.9147477
images/odir/534c1463773da2bf.jpg,-3.884873
images/odir/640ff9d38b118894.jpg,-3.3155713
images/odir/b9dff8dd4b03c52f.jpg,-3.733385
images/odir/e190e6786eaf29a2.jpg,-2.0938933
images/odir/3262d68832126d02.jpg,-2.5941703
images/odir/475c5c224f1aea85.jpg,-5.3154583
images/odir/549087f15c059511.jpg,-2.6283774
images/odir/86db5f253832c57c.jpg,-4.360106
images/odir/f6be903d35e13a49.jpg,-2.3028002
images/odir/52a3a7379b6bf800.jpg,-0.20273566
images/odir/15ffa120e58a28bd.jpg,-4.9342947
images/odir/64f7efdfe228b5c5.jpg,-2.9270778
images/odir/9ee890c26ab0d603.jpg,-4.841447
images/odir/6070e64098249dd6.jpg,-4.5580177
images/odir/95c6ecda4b5aafcf.jpg,-0.7628751
images/odir/872e4d891b29632c.jpg,-5.6770744
images/odir/636f3a907cc45939.jpg,-3.8408928
images/odir/9f3cecf62e600c27.jpg,-0.34017444
images/odir/bdea229baf2b199d.jpg,-6.351441
images/odir/3514dc39cb94f71c.jpg,-2.034031
images/odir/90de89f843ce1ef6.jpg,-3.5452466
images/odir/82c684dafe2a08d7.jpg,-1.2545241
images/odir/236ed17f291a395e.jpg,-6.1290956
images/odir/747c6e3875b37220.jpg,-4.360106
images/odir/f9fd9579c0de0080.jpg,-3.4181924
images/odir/3ed29131a7dfe94e.jpg,-3.8885384
images/odir/dda3ce95e70137fe.jpg,-3.4914927
images/odir/f07b5e034c1f2bfe.jpg,-4.196401
images/odir/f4eae2ed5d267b79.jpg,-3.0101519
images/odir/b902b28b1c6d1775.jpg,-4.4993773
images/odir/cecfe43a8d29efab.jpg,-5.1590834
images/odir/0c8c90b56e3ed1f6.jpg,-5.425409
images/odir/bd11e911458f1dd1.jpg,-4.5433574
images/odir/364466a89cb634e9.jpg,-5.2348275
images/odir/929bf064b09d5d01.jpg,-5.0320287
images/odir/461ce7bdbeb53a06.jpg,-5.0760093
images/odir/8bb315fa182d250c.jpg,-4.347889
images/odir/3acd7ce0a6426f6a.jpg,-4.9562845
images/odir/962b1c385c18b5d6.jpg,-1.2512408
images/odir/9bccc5e7dfe05d95.jpg,0.0135012865
images/odir/1e0737b40c3b2c95.jpg,-5.8065724
images/odir/ae96a52663ff3035.jpg,-5.694178
images/odir/579934ca14595c6a.jpg,-4.6997323
images/odir/43bc5d1c477e28d4.jpg,-0.9824717
images/odir/c54cd1faa179a6ae.jpg,-3.5892272
images/odir/dc4026b16653521c.jpg,-2.2808099
images/odir/c2d22a263f72920b.jpg,-0.5069335
images/odir/9149919e228e55b7.jpg,-0.9989643
images/odir/59b2e40f362009cf.jpg,-4.9416246
images/odir/a728857ddc23060c.jpg,-3.2923594
images/odir/af8778e14719462f.jpg,-4.7021756
images/odir/08d763aca5612f06.jpg,-3.5916705
images/odir/c78aa036aea20f3d.jpg,-4.2354946
images/odir/b528be3ef6ea2233.jpg,-5.237271
images/odir/d2facbd84d8e7110.jpg,-4.780363
images/odir/5d847c87007477b1.jpg,-0.6443723
images/odir/6102dc69c8fc1570.jpg,-3.976499
images/odir/43f80cc15ae68bc3.jpg,-1.3565724
images/odir/c15ff81a37571a31.jpg,-6.2390466
images/odir/4e1eeca002a40316.jpg,-6.351441
images/odir/036970946a2bfbe4.jpg,-5.1199894
images/odir/c464999aff9c3671.jpg,-4.3625493
images/odir/4acffdeecec0636e.jpg,-4.9123044
images/odir/d0ca0b48b3691e02.jpg,-5.1859603
images/odir/fe09ab0f99a5079b.jpg,-0.774481
images/odir/409ff5408b0e54f9.jpg,-0.7311114
images/odir/3ed4e3013ab10b31.jpg,-5.721055
images/odir/8cc48806d044111b.jpg,-1.5439854
images/odir/486818782d85dc5a.jpg,-4.3796525
images/odir/0f987ec3f5b50415.jpg,-4.0913367
images/odir/7af4190a57c69243.jpg,-5.1468663
images/odir/b01887a71da9566a.jpg,-3.9276319
images/odir/1c8affbd8dc79f1d.jpg,-1.1979451
images/odir/df93ef815937dd25.jpg,-6.1461987
images/odir/105656ced2960bd7.jpg,-3.3106844
images/odir/36c00cdddf7a8a38.jpg,-5.1493096
images/odir/be5da28bfe022339.jpg,-3.524478
images/odir/79168446134090bf.jpg,-2.5782886
images/odir/3ece505cfc3dcc9f.jpg,-3.9105282
images/odir/9d4e6c3dc6481c61.jpg,-5.997154
images/odir/218febb2048fa182.jpg,-4.8390036
images/odir/3c03aa4167abfb9e.jpg,-3.8286757
images/odir/8cb7bf9713e30727.jpg,-3.6991782
images/odir/121415acb417adc0.jpg,-2.3443372
images/odir/b094093d3c1c8b90.jpg,-5.8554397
images/odir/12c980134dafe60b.jpg,-3.0028217
images/odir/cfcab4954b46fa42.jpg,-4.4334064
images/odir/cfa2ae12d0261b9a.jpg,-2.5978355
images/odir/10d282c9d328cccc.jpg,-5.55002
images/odir/39332f0c3e84eace.jpg,-4.4749436
images/odir/f70535f6c4a2b095.jpg,-5.16397
images/odir/831dac702ab8e3e2.jpg,-0.41897267
images/odir/f83c8c9a7f4c3738.jpg,-6.287914
images/odir/b217aac5d9b43aa7.jpg,-5.530473
images/odir/f3aeabdaaa87083a.jpg,-5.447399
images/odir/3e530082dbd7f3ad.jpg,-1.8058827
images/odir/82c75e8b8db72d1d.jpg,-2.5074313
images/odir/0b13e65cb41b329d.jpg,-5.6966214
images/odir/5440ca9bbc064bf9.jpg,-2.7340527
images/odir/88b0d5fbf0b4cbb9.jpg,-3.493936
images/odir/e761f0969f27b56d.jpg,-1.8684937
images/odir/865479087f1eddec.jpg,-5.1688566
images/odir/ec0791869ae4e90d.jpg,-3.5305867
images/odir/66c38e73e1022519.jpg,-5.0564623
images/odir/978cb4eee0bb5a81.jpg,-5.4351826
images/odir/47ff95904ea269dd.jpg,-6.0118146
images/odir/8ff4c274ebdc8e32.jpg,-5.266591
images/odir/4845c50651109f5a.jpg,-2.9967132
images/odir/81cec3bc917b0f7d.jpg,-6.681294
images/odir/e664540f53a23797.jpg,-0.71278626
images/odir/6173d1fe523dd639.jpg,-3.2850294
images/odir/10d8c6c86aace951.jpg,-4.4480667
images/odir/6fe1895aae7ed166.jpg,-6.964723
images/odir/3376ba686bb491ff.jpg,-2.29547
images/odir/57860bdacfac6380.jpg,-4.8512206
images/odir/3f4c4f46c14ae932.jpg,-5.6404243
images/odir/8f3ce78f4a0173b5.jpg,-3.0956693
images/odir/319f0b68118be0c9.jpg,0.6634339
images/odir/f7b089f7168ca789.jpg,-4.07912
images/odir/fb4743f2f0176d3c.jpg,-2.6717467
images/odir/f1adc0d75aebf477.jpg,-4.196401
images/odir/44bde4086d882929.jpg,-4.9758315
images/odir/7f38209449290267.jpg,-4.286805
images/odir/45bf5115ea9d6e7f.jpg,-5.2055073
images/odir/e40fb6f6a4c7dcdb.jpg,-0.91680646
images/odir/9b43dc35c296c67f.jpg,-5.320345
images/odir/428a39259d90fab7.jpg,-0.9876638
images/odir/d553e046fc37a74f.jpg,-5.7259417
images/odir/2ea5bdc8a1ac176e.jpg,-4.746156
images/odir/3e2e8387ff4bef65.jpg,-4.325899
images/odir/c10df6c22cf15c5d.jpg,-5.403419
images/odir/a2a5b0012e9cc0f1.jpg,-4.2819185
images/odir/f0a29e61dae36fd1.jpg,-5.2861376
images/odir/9d4d72ffaf3c78bf.jpg,-5.2421575
images/odir/48ec4dc75c8add1d.jpg,-4.765703
images/odir/ce609e11eee24b06.jpg,-4.531141
images/odir/a77ce2d0c5ed864b.jpg,-3.133541
images/odir/a476069dbf0fa0e7.jpg,-2.5636284
images/odir/78eb3c456299d6ae.jpg,-5.967834
images/odir/116189ce24d07c6b.jpg,-5.212837
images/odir/a6c0f338ddf5e1e3.jpg,-5.960504
images/odir/72987ace8a028e58.jpg,-4.1353173
images/odir/edbf687930d2b491.jpg,-4.396756
images/odir/d8cbee1c11421d34.jpg,-4.6997323
images/odir/5b3c482c7084b669.jpg,-3.1811867
images/odir/996a4d88f40f247d.jpg,-4.614215
images/odir/30c2599f05cde449.jpg,-3.1127727
images/odir/610c005525f68cea.jpg,-3.5147047
images/odir/be7d65b95a870a91.jpg,-5.782139
images/odir/5f6d46ca95cac152.jpg,-3.1042209
images/odir/57273bbe65ac8391.jpg,-1.431152
images/odir/2779bd60f66e5d52.jpg,0.042821527
images/odir/d2e2455cfe6d1d01.jpg,-3.403532
images/odir/8b6a12c0938441ad.jpg,-3.6674147
images/odir/40b0dcd5da43d74e.jpg,-4.2525983
images/odir/118bf593024825ea.jpg,-4.7632594
images/odir/e303e520b60c18f7.jpg,-4.863437
images/odir/f57da07995f08670.jpg,-5.4718328
images/odir/844180583efd3764.jpg,-3.8873167
images/odir/a958658e594b149b.jpg,-4.3723226
images/odir/ef7354a578d0387f.jpg,-5.107773
images/odir/b05b22a50de624a7.jpg,-2.01876
images/odir/fda578f0750b6edd.jpg,-4.43585
images/odir/ef624d0a8bc1b94c.jpg,-3.8616614
images/odir/a786a4fc6ac13ea0.jpg,-4.4896035
images/odir/83addea79ff535d6.jpg,0.9285382
images/odir/e696f60881b03805.jpg,-2.420692
images/odir/59351ceebeebb1aa.jpg,-3.3729901
images/odir/a94444f1368d4fd6.jpg,-6.0997753
images/odir/12c960d465704cfa.jpg,-5.0955563
images/odir/f33ea0c16f69f211.jpg,-0.6040569
images/odir/55ef9874c5abfb1b.jpg,-4.7828064
images/odir/1c3fce81074fd53d.jpg,-6.647087
images/odir/d9143504551a90e9.jpg,-4.3356724
images/odir/571cadb37e65a02f.jpg,-5.0857825
images/odir/e3990ebc7406c552.jpg,-5.691735
images/odir/9e695f90988e6dbc.jpg,1.3035933
images/odir/85469295be703800.jpg,-0.02803576
images/odir/b74293ad170e6513.jpg,-1.3819604
images/odir/bbbf57838fbc6d0f.jpg,-3.4768329
images/odir/07284e4d67f82d13.jpg,-5.87743
images/odir/ba18c8a808ae08e7.jpg,-4.6117716
images/odir/ec38e774cf514dfa.jpg,-4.2697015
images/odir/777d28b8f6259e9f.jpg,-3.6332073
images/odir/c9e7a01aff7813f1.jpg,-2.5092638
images/odir/ab33a3b33d445fab.jpg,-1.0469152
images/odir/904db74b07134411.jpg,-6.158416
images/odir/417455d3a5328472.jpg,-5.0246987
images/odir/b222f3347fa46cb3.jpg,-5.4962664
images/odir/53b308a6d408bbe8.jpg,-3.1958468
images/odir/d51a744b55921de0.jpg,-3.316793
images/odir/0f06c993f53d1a5d.jpg,-0.505101
images/odir/9ab274480b91bd0c.jpg,-3.506153
images/odir/5b5b72687faae3d9.jpg,0.3971082
images/odir/a11142a8c207e568.jpg,-5.7503753
images/odir/121dd72c60890cd5.jpg,-4.636205
images/odir/da597b53f8c19f5a.jpg,-5.9238534
images/odir/8c5e839560aa142b.jpg,-6.3758745
images/odir/7903c9fd1f4713ab.jpg,-3.5269213
images/odir/95dcc16509ac3e65.jpg,-4.030253
images/odir/b34a8234b2d984b4.jpg,-3.5928922
images/odir/066657da5abb517c.jpg,-4.4676137
images/odir/3319871b19a135c4.jpg,-4.533584
images/odir/c6e91f0162f6b7cd.jpg,-1.5868969
images/odir/408e206d3388c7d7.jpg,-1.4850395
images/odir/5da2d1b48cf72ac3.jpg,-5.3447785
images/odir/399d1de6577bebeb.jpg,-3.4585075
images/odir/282f4ac4005999fe.jpg,-1.0863143
images/odir/e7717aec84e5b20e.jpg,-0.07323778
images/odir/92c2e00addeff5b8.jpg,-2.5807319
images/odir/91dca21ba0bb75a6.jpg,-5.4425125
images/odir/d3e42f738cc788c0.jpg,-5.198177
images/odir/86ddfda605170482.jpg,1.0617009
images/odir/b8732195be071314.jpg,-3.1921816
images/odir/ab4c3427c7c08ba8.jpg,-4.606885
images/odir/0632a987887d3730.jpg,-2.7377176
images/odir/4b279a03c8f8924a.jpg,-5.183517
images/odir/86a907fe510ebe1c.jpg,-4.4798303
images/odir/7723b18d2b040a1e.jpg,-6.0557947
images/odir/4cc274f6766df22e.jpg,-3.4609509
images/odir/5c77c392d6143219.jpg,-4.9147477
images/odir/5b2595cf85faa1ea.jpg,-6.5004854
images/odir/b6f1a23f45e94a82.jpg,-5.427852
images/odir/358dd1d4e3d39fdc.jpg,-4.731496
images/odir/ea5c467c85efec41.jpg,-2.9893832
images/odir/2326ed2757a63c1b.jpg,-3.8286757
images/odir/5ab50fd3a6423b76.jpg,-5.0369153
images/odir/8a06a33d96a0a402.jpg,-4.44318
images/odir/9bf9513abd7849dc.jpg,-1.6910449
images/odir/b07c35e852b4b1ba.jpg,-3.7419367
images/odir/b3e97397864616e3.jpg,-5.1737432
images/odir/bb068942caefb1ba.jpg,-4.863437
images/odir/9bfdc3c17d9b4cbd.jpg,-3.5990005
images/odir/c5f4bd0d1b8553d8.jpg,-4.79258
images/odir/c1493c3828dbf6ed.jpg,-2.326623
images/odir/a29cc7172e252aae.jpg,-4.641092
images/odir/c5a951d3961549c2.jpg,-6.002041
images/odir/2dc17083bd13680a.jpg,-5.3130145
images/odir/deea674aa6c36f5e.jpg,-6.2366033
images/odir/8529f49e7f593d74.jpg,-4.6875157
images/odir/ba7fbbc45e5a7b87.jpg,-6.5737863
images/odir/a9adc92434aa6939.jpg,-4.9000874
images/odir/3ae490e0fccc0e0e.jpg,-4.6117716
images/odir/a42ca2c84c98b54f.jpg,0.15155089
images/odir/dcb4acdf50589ef8.jpg,-3.1946251
images/odir/8d766361c781d08a.jpg,-1.4887044
images/odir/ab681d643b3f5a2c.jpg,-3.9398484
images/odir/5663934d6ea64904.jpg,-4.3381157
images/odir/82346a2a1c3c9f47.jpg,-4.550688
images/odir/7fb99273f301370b.jpg,-2.5715694
images/odir/c2fb3664e40ce543.jpg,-3.6527543
images/odir/caaabf3f3dc1119c.jpg,-4.3381157
images/odir/dea442f6b0cccf5a.jpg,-6.2194996
images/odir/24642dbcdcba22da.jpg,-3.4914927
images/odir/24c1f26fb4c9b14b.jpg,-1.7264736
images/odir/1a015732031d8e2a.jpg,-5.327675
images/odir/e1fda1fa609568f5.jpg,-5.6013308
images/odir/65f75fd830f885bf.jpg,-0.28092313
images/odir/87f9db4bc919b591.jpg,-5.7796955
images/odir/608d9fcb13f243af.jpg,-4.7974668
images/odir/8b57e3bddee62725.jpg,-6.2317166
images/odir/9b8fdf81c597c6c1.jpg,-3.9300752
images/odir/6631bb76aa90856d.jpg,-4.8487773
images/odir/05625ec5b8bb133d.jpg,-5.310571
images/odir/98e6d32d14f04099.jpg,-5.5426903
images/odir/6a064400ddf275bb.jpg,-3.0089302
images/odir/0b301665160f61c9.jpg,-5.5793405
images/odir/824492a38058e797.jpg,-6.131539
images/odir/3767e6b4410de75e.jpg,-4.531141
images/odir/8a9dc1a23281fdbd.jpg,-5.447399
images/odir/7ca2c84f8191c9eb.jpg,-5.144423
images/odir/32cdf372ddcfbbf5.jpg,-1.9598141
images/odir/15be1d9f0a94b79e.jpg,-5.530473
images/odir/8de8433b369584a4.jpg,-5.2494874
images/odir/f837b027669f8149.jpg,-3.9789424
images/odir/9327815b824d328e.jpg,-2.693737
images/odir/5eb4f58ff713ac4a.jpg,-5.5426903
images/odir/98ae14a4325a0ccc.jpg,-0.56251985
images/odir/3c53e89b9d91a51e.jpg,-6.5591264
images/odir/9451ffe070650dd6.jpg,-4.2330513
images/odir/4ca6d64b18515788.jpg,-5.0784526
images/odir/a96e010943c8a84b.jpg,-0.51120937
images/odir/f8e5e7c5b10138f6.jpg,-4.9269643
images/odir/74328d3e3811992f.jpg,-5.7528186
images/odir/962ee3aa8c911966.jpg,-4.506707
images/odir/a780645f8274e921.jpg,-3.7504888
images/odir/798f6bf2fb35e404.jpg,-2.6656384
images/odir/8bcbf65f3c59b80c.jpg,-4.5213675
images/odir/7430cf6c9d83fe5f.jpg,-5.410749
images/odir/07215ff97857653b.jpg,-1.5791087
images/odir/284fcdfbbe2ffd5d.jpg,-5.9898243
images/odir/349ffdceb1a9ed27.jpg,-4.7217226
images/odir/2e6c2abd04b68ae2.jpg,-5.9556174
images/odir/975e8b10ce404e80.jpg,-2.2899725
images/odir/c2244e23b1e8207d.jpg,-3.5195913
images/odir/df1dbcdee0a03f8a.jpg,-4.6948457
images/odir/6ce3c6369ec084be.jpg,-3.5085964
images/odir/2ba8e53a8409c547.jpg,-4.3234553
images/odir/24255543c2bdba9e.jpg,-5.3032413
images/odir/952859d20037dd41.jpg,-4.9220777
images/odir/01981cfb5bb8fb10.jpg,-3.6686363
images/odir/4b40a82cc1ff351a.jpg,-2.9344077
images/odir/9c8795d5ef50f62f.jpg,-6.4174113
images/odir/7e85110eca37535b.jpg,-4.909861
images/odir/5f4bf04edac63bff.jpg,-5.7332716
images/odir/c885506eed5cefae.jpg,-3.1249895
images/odir/f09ea2738bdc376b.jpg,-4.697289
images/odir/abb37cb2a347441f.jpg,-6.6373134
images/odir/4a4726d07cfe829c.jpg,-6.2023964
images/odir/591d0c68270a936f.jpg,-4.5824513
images/odir/bfe1b8dd3526fd30.jpg,-4.286805
images/odir/342a0d800a3909c0.jpg,-5.0564623
images/odir/c330fba542936a09.jpg,-2.6363182
images/odir/d28463d11908deb1.jpg,-5.000265
images/odir/9251b43bbc3542a4.jpg,-2.2453814
images/odir/e395311e7549214e.jpg,-5.918967
images/odir/0a4d315b317d0b09.jpg,-4.010706
images/odir/184de9d012c8bf83.jpg,-4.6093283
images/odir/911469f67ec3f489.jpg,1.031159
images/odir/3ad0977ad0856238.jpg,-3.0211468
images/odir/74628a3b09d82c55.jpg,-3.410862
images/odir/7769b13a82a542ac.jpg,-5.7992425
images/odir/42a588807ad0671d.jpg,-5.794356
images/odir/c1380037a9444437.jpg,-5.2152805
images/odir/ce3b531c190ac428.jpg,-3.72972
images/odir/e2a83e14dc50cbef.jpg,-4.45051
images/odir/0c4bf2aa74f12c56.jpg,-6.1730757
images/odir/fb79a49b2293e865.jpg,-5.9849377
images/odir/6cb7072fb5ea44f1.jpg,0.2492851
images/odir/6f998dca4cd846f4.jpg,-5.0100384
images/odir/60b0d8c9f87d7fcc.jpg,-0.8899296
images/odir/d96512d91ed364dd.jpg,0.06725514
images/odir/c6ccfaee5105a1dd.jpg,-4.347889
images/odir/3ed73888341c9fa4.jpg,-1.3542818
images/odir/7c6270ed572d4a83.jpg,-4.834117
images/odir/823b9ac8ce86be8e.jpg,-5.007595
images/odir/7a979a300cc36081.jpg,-4.147534
images/odir/6252edef66c57360.jpg,-4.0253663
images/odir/20982e74db3019d0.jpg,-4.1377606
images/odir/5296c63010d3b2da.jpg,-7.3019066
images/odir/031d9f5029d09a87.jpg,0.74528635
images/odir/0b4dd851fed09bd3.jpg,-6.111992
images/odir/1f76e99bb1f84197.jpg,-3.0981126
images/odir/c193798304940018.jpg,-5.87743
images/odir/f86928b02736577f.jpg,-5.9434004
images/odir/cf8a3b6c6b340bf0.jpg,-4.2183914
images/odir/1bd7861ebc811c86.jpg,-6.5688996
images/odir/28b83b27b7fc725f.jpg,-3.0516887
images/odir/33b1d7b3324220ff.jpg,-5.940957
images/odir/dcbd9a13e4c53ce4.jpg,-4.386983
images/odir/5225a64a8d34e885.jpg,-3.6209908
images/odir/a3253ddc8b207867.jpg,-0.16303122
images/odir/92b71266bc0ed51c.jpg,-5.2885814
images/odir/ba73b75bfddd772c.jpg,-5.418079
images/odir/cdb3bb7a418896f4.jpg,-2.7303874
images/odir/54e355f6376ac8cc.jpg,-6.353884
images/odir/1a38044b4f7b154d.jpg,-3.3729901
images/odir/b6a3db9f6c8ba527.jpg,-5.2836943
images/odir/c5bac8d542786c4f.jpg,-4.7681465
images/odir/b3a770f993509f66.jpg,-4.303909
images/odir/b606e621ecb1b6f4.jpg,-0.58023417
images/odir/861abd7e3cd8dc47.jpg,-0.8092988
images/odir/407015e3a0a2b46a.jpg,-5.8725433
images/odir/9b9bdb6e1c0e0b7e.jpg,-5.347222
images/odir/0e582132c29d75fc.jpg,-3.2618175
images/odir/e1e9cda9a866dcfc.jpg,-3.556242
images/odir/1f4c110f5e1e8a89.jpg,-1.4947366
images/odir/e7c3c68cf6b4f51f.jpg,-5.679518
images/odir/e9edbf91d301f216.jpg,-5.342335
images/odir/c114ad8a20bdc04b.jpg,-4.2257214
images/odir/afe5f56a35007bdf.jpg,-5.1590834
images/odir/676680f96c21c770.jpg,-4.394313
images/odir/0c31d08397885632.jpg,-3.1384277
images/odir/4584db5a23dccfc2.jpg,-6.0338044
images/odir/dd1966f4c62e520f.jpg,-4.416303
images/odir/e3fb9cc044429bbb.jpg,-3.5159264
images/odir/905ee1060e8fab64.jpg,-3.8836513
images/odir/df24dd82924fc256.jpg,-3.8225675
images/odir/0f5ee931e728ae1f.jpg,-2.5526333
images/odir/0c3cb6ce98342065.jpg,-3.7541537
images/odir/73d09903a7675ecd.jpg,-5.5133696
images/odir/e5848197bfd9a376.jpg,-4.3625493
images/odir/2c9ce5dddfde8e17.jpg,-5.007595
images/odir/61b0513ec0b18ee2.jpg,-1.9143066
images/odir/ee5ba3afb0b12ad3.jpg,-5.354552
images/odir/e0c825d3df12107e.jpg,-5.603774
images/odir/0ac3a54f312b1967.jpg,-6.837669
images/odir/2b5b9b6d88b6c954.jpg,-5.237271
images/odir/a74173a31b281fc1.jpg,-5.9995975
images/odir/8aab6263d7e54642.jpg,-1.09227
images/odir/90c4a6ed1de24994.jpg,-0.7915845
images/odir/188c56306b64640e.jpg,-4.4187465
images/odir/5c8a3a42008ffd80.jpg,-5.054019
images/odir/48130be048f8cd70.jpg,-4.765703
images/odir/f0ea1a073703e1f2.jpg,-4.760816
images/odir/f06fb425f52707dd.jpg,-5.0295854
images/odir/0c53dd67c8a07a70.jpg,-5.281251
images/odir/4558095f2c15a962.jpg,-3.9227452
images/odir/beb751d3ee5a0dc0.jpg,-4.663082
images/odir/255dab7b2c8e6cd2.jpg,-4.5482445
images/odir/53856169c8350306.jpg,-3.6527543
images/odir/a3a331308587b643.jpg,-1.1651125
images/odir/1754f8a30ae4ea2e.jpg,-4.1182137
images/odir/52c501d981e48b8f.jpg,-4.655752
images/odir/bfa736205b1631d2.jpg,-5.618434
images/odir/bc73343d6ee82405.jpg,-5.3154583
images/odir/84cfd3ef11642b95.jpg,-5.9849377
images/odir/130666199c5b7a59.jpg,-5.017369
images/odir/e55d4ccf4f110520.jpg,-5.427852
images/odir/de2e87d08207ec90.jpg,-4.0962234
images/odir/1816211a9ca07e53.jpg,-0.4550122
images/odir/28420f745244c3f0.jpg,-6.070455
images/odir/f225d448878b4c5d.jpg,-0.3719381
images/odir/dbe124bec3dd02f4.jpg,-4.853664
images/odir/6663509c9d193c41.jpg,-4.43585
images/odir/227a81f98ed702d9.jpg,-2.720614
images/odir/7526211d74440611.jpg,0.00861454
images/odir/02d083a071c1d34a.jpg,-3.8005772
images/odir/9c47bf2ef0e56cb0.jpg,-4.9269643
images/odir/b87d8c187b166348.jpg,-4.477387
images/odir/e9b794d5ed4a4c68.jpg,-5.667301
images/odir/54c79b5d3e3e6d16.jpg,-3.9080849
images/odir/c96e703d64ea01d2.jpg,-6.1901793
images/odir/48ef832163e6d385.jpg,-5.2152805
images/odir/b1d1b19c85558792.jpg,-3.1066642
images/odir/a94a8c7a28c1135f.jpg,-5.6013308
images/odir/84a1b374a2108d2c.jpg,-5.4620595
images/odir/754ee09a9b27c212.jpg,-4.79991
images/odir/7b5a3d31fd1f00ea.jpg,-4.037583
images/odir/f89d90cd2df04dd4.jpg,-6.3465543
images/odir/b2e61d6f213bce4a.jpg,-5.56468
images/odir/d49c8c1dd9882713.jpg,-5.4791627
images/odir/0b1c0c4c689c6792.jpg,-1.5878131
images/odir/b7595386ff7fa6ac.jpg,-2.644259
images/odir/db17886cd0318ff4.jpg,-1.2237531
images/odir/515ed4e6ce977914.jpg,0.42520678
images/odir/47307146f5062ca4.jpg,-4.7950234
images/odir/e1441bdb2590f4ad.jpg,-4.3087955
images/odir/22420ecae6b9bc88.jpg,-6.5542393
images/odir/c2ca739790c8a9b8.jpg,-4.3845396
images/odir/073cc5e0f17634e8.jpg,-2.265539
images/odir/e635c1ae2fd0e3d9.jpg,-5.747932
images/odir/169fd24237590269.jpg,-5.474276
images/odir/fca70280a32e95c0.jpg,-3.5354733
images/odir/864559095ad08fa8.jpg,-5.2055073
images/odir/556522d04fa598f4.jpg,-5.3887587
images/odir/377b8aa748976f77.jpg,-5.630651
images/odir/914c092131a8d306.jpg,-4.5433574
images/odir/a584d816a2c43282.jpg,-4.2623715
images/odir/56645f63946900c6.jpg,-4.6752987
images/odir/8b9ccf73a1917a8a.jpg,-4.4260764
images/odir/743167285f87c48a.jpg,-3.6295424
images/odir/9038aa2799aa4fb3.jpg,0.5730299
images/odir/ee960aeeed19ce18.jpg,-3.2080636
images/odir/8dfdc6665c506053.jpg,-5.4058623
images/odir/f468bf978661d827.jpg,0.78560174
images/odir/ea9df65570d25dab.jpg,-5.88476
images/odir/b47e6082e22453f6.jpg,-4.8243437
images/odir/74d1305348a4ff55.jpg,-4.3820963
images/odir/895c1eaec0bf4f5f.jpg,-1.5183302
images/odir/ad042f561f3c1b75.jpg,-4.6533084
images/odir/25b502ea88d8314a.jpg,-4.6313186
images/odir/784a789c48cb04bc.jpg,-4.5384707
images/odir/27c10f5d2b845b50.jpg,-4.08645
images/odir/8875b14d6b76e43c.jpg,-4.4480667
images/odir/bf6bd4e67d8a29e0.jpg,-2.6509783
images/odir/7a8693021a869b14.jpg,-4.936738
images/odir/5458800722f54d17.jpg,-5.20062
images/odir/12a634be80ff7849.jpg,-5.3618817
images/odir/f627a309c1c15872.jpg,-3.5904489
images/odir/c0c1bd7d32cc6d34.jpg,-3.0480237
images/odir/6c4f5dba6ff3cb89.jpg,-4.386983
images/odir/458017a5bb91d198.jpg,-2.591727
images/odir/9158e077a29c1e21.jpg,-4.77792
images/odir/be632efbafba486b.jpg,-4.0131493
images/odir/2ea97c63835680ef.jpg,-4.560461
images/odir/6ed5bd1d47f90100.jpg,-3.669858
images/odir/e1aaeef0c0e471e1.jpg,-5.5866704
images/odir/488ebb83dc7c32ff.jpg,-3.5000443
images/odir/1065c6552a61b623.jpg,-1.114871
images/odir/ec9dedc5dbba8402.jpg,-4.496934
images/odir/0ab38837cc99451a.jpg,-4.7070622
images/odir/54eb53670ca21921.jpg,-6.5542393
images/odir/4e48cfe417a8ded2.jpg,-5.347222
images/odir/510d3b831871feda.jpg,-5.9922676
images/odir/f2bb772b60b80518.jpg,-3.6942916
images/odir/6754c121f5601cf7.jpg,-4.7070622
images/odir/023ab358b7e188bf.jpg,-3.3265662
images/odir/b06ddd1bc98f9a05.jpg,-5.019812
images/odir/a49386334ba839ed.jpg,-6.114435
images/odir/9944fef3f106dac9.jpg,-5.8090158
images/odir/adc75fd872322bde.jpg,-4.470057
images/odir/fcd7a1dd9ea48593.jpg,-5.4864926
images/odir/e63fe257b7a9c552.jpg,-4.6386485
images/odir/8b0d25d96e2889e8.jpg,-5.821233
images/odir/d5be58a79152130f.jpg,-4.743713
images/odir/7e61d2154bbc3a04.jpg,-2.6693034
images/odir/078465352c8c2515.jpg,-4.2354946
images/odir/d9f82ff3850ee846.jpg,-5.3032413
images/odir/c84d37ca2a7609c9.jpg,-2.909974
images/odir/ad6e36577f4dec10.jpg,-4.9489546
images/odir/f36c752a61fb3b84.jpg,-6.744821
images/odir/ee56dc49eaae5584.jpg,-4.333229
images/odir/9534e017bf5bca47.jpg,-2.1959033
images/odir/2470577d424e6279.jpg,-4.8487773
images/odir/59e747006253f9d6.jpg,-5.16397
images/odir/603778a1d1bbc1e1.jpg,-4.396756
images/odir/c11bad8693a4a0c6.jpg,-4.6948457
images/odir/87591416c523fb1a.jpg,-4.044913
images/odir/471acd5d6848745a.jpg,-5.1126595
images/odir/67835aedc2abfe66.jpg,-5.454729
images/odir/28dff6625bbf14e5.jpg,-4.45784
images/odir/0427885d2907db2f.jpg,-3.1445363
images/odir/d482c15b6e132a1b.jpg,-0.2112875
images/odir/7f8744a7b5053bd1.jpg,-2.8513336
images/odir/60b38354be522b77.jpg,-5.107773
images/odir/7180172fcf84341a.jpg,-3.9691691
images/odir/a17676d73d1666f4.jpg,-3.6258774
images/odir/fa8727b84506bba5.jpg,-5.1737432
images/odir/db986a391f9c9cb1.jpg,-5.330118
images/odir/d7fc02c585e63eea.jpg,-6.324564
images/odir/3c0cde0f78dc8e22.jpg,-3.7358284
images/odir/96c8a9c2698704e7.jpg,-4.196401
images/odir/3596d370e378634f.jpg,-6.2805834
images/odir/5293aa26ab303ad7.jpg,-5.2617044
images/odir/e906a4199e6d941a.jpg,-4.5775647
images/odir/1bc86035b4cbfff8.jpg,-5.918967
images/odir/7371d5cc8c5cac13.jpg,-3.8335629
images/odir/ea30423e1afc11ca.jpg,-4.294135
images/odir/b1c5988f961bd281.jpg,-4.0326962
images/odir/b3e47203436aab92.jpg,-4.6313186
images/odir/dae1390c8a3d1868.jpg,-4.545801
images/odir/bf31199ce3383b03.jpg,-3.639316
images/odir/dfe99afda228d4bb.jpg,-5.8481097
images/odir/27cdc1744df2cce3.jpg,-3.3949804
images/odir/2851e0d43e4d5310.jpg,-5.2055073
images/odir/28ce4bf67143eb7e.jpg,-5.53536
images/odir/7511a0e91987e8e7.jpg,-4.2208347
images/odir/f573a267ecd88685.jpg,-4.299022
images/odir/d839300a14551a2c.jpg,-2.81224
images/odir/677beb51913e725f.jpg,-5.728385
images/odir/b552e42af2e0776a.jpg,-4.3307858
images/odir/399e5f8393c68c87.jpg,-4.07912
images/odir/8dac1d5f40b8f25b.jpg,-6.647087
images/odir/246ac3a4efbda67e.jpg,-5.017369
images/odir/d9d5d049029aaa0d.jpg,-4.3552194
images/odir/847f2e17d4340f61.jpg,-4.79258
images/odir/06664349f58a922d.jpg,-4.902531
images/odir/f91ea4ca08a19cf2.jpg,-4.81457
images/odir/d7944b5d4c9a0584.jpg,-4.9269643
images/odir/cbe2e66e057fc30c.jpg,-5.227497
images/odir/c1eb156eb93ae25a.jpg,-5.967834
images/odir/cd6a15e962a1d538.jpg,-5.686848
images/odir/dd8921323c93a541.jpg,-2.7413826
images/odir/6adeb091c4409d43.jpg,-5.212837
images/odir/518f1ad924a992ad.jpg,-4.2477117
images/odir/620a56520bf5062f.jpg,-4.545801
images/odir/528629df3afa4799.jpg,-5.576897
images/odir/12960e4c74f32ab3.jpg,-2.9735012
images/odir/bf44b02adf11f0f4.jpg,-3.02359
images/odir/0f505dcc94682754.jpg,-5.3325615
images/odir/102329c48d31898c.jpg,-1.7176164
images/odir/849f23a7b801af8b.jpg,-5.686848
images/odir/820af2582c7b4a75.jpg,-6.4027514
images/odir/25c3ebac8c405a9c.jpg,-4.2623715
images/odir/a5bc08f526ae7c51.jpg,-5.2788076
images/odir/3789703024a6eb6a.jpg,-2.2362187
images/odir/e28285a58d83b6cc.jpg,-5.1395364
images/odir/76950d63975ff813.jpg,-5.7234983
images/odir/2c95a9e856260c31.jpg,-4.8316736
images/odir/ff29eb6d3b047dea.jpg,-4.0058193
images/odir/d8f074ac46f6d1d4.jpg,-2.9454026
images/odir/5d1afd38384c85f4.jpg,-4.7485995
images/odir/d83494f41a5878f8.jpg,-3.1482015
images/odir/6fdb6de24b80122a.jpg,-4.9318514
images/odir/9bd76c84166b2658.jpg,-5.740602
images/odir/c68aa3e8405ffb75.jpg,-4.45784
images/odir/66901cb565bf308a.jpg,-3.2679257
images/odir/fe6a49e385c641c1.jpg,-4.6728554
images/odir/d1924f0824409845.jpg,-5.9360704
images/odir/1dc2691d96a1f121.jpg,-4.909861
images/odir/1be6732ceacd0582.jpg,-3.0492454
images/odir/aac22f2c75ef01f1.jpg,-5.1590834
images/odir/56fd5da686a3b149.jpg,-3.9227452
images/odir/dcc17140d91fef27.jpg,-5.9702773
images/odir/dd5377c4e7163af2.jpg,-4.1915145
images/odir/6872b28e8ab001aa.jpg,-4.6044416
images/odir/fa525379e4d7fe5c.jpg,-5.6330943
images/odir/dae2036337deecce.jpg,-4.8194566
images/odir/2abc29690615c945.jpg,-4.2330513
images/odir/20098570c6c59fcb.jpg,-5.3814287
images/odir/dc4d26f051e86a59.jpg,-3.7394934
images/odir/ab310544309ac2d0.jpg,-4.726609
images/odir/ecade526ce9792ca.jpg,-3.5037098
images/odir/4093544342157608.jpg,-5.310571
images/odir/648b1d4100bc1c8f.jpg,-5.562237
images/odir/7213101f6e254a32.jpg,-4.9294076
images/odir/cc549c359fb83b73.jpg,-5.0393586
images/odir/7909f793ce88f4e2.jpg,-3.3595517
images/odir/9ad30e41ba5c004d.jpg,-5.403419
images/odir/3fcd256f55ef8de6.jpg,-5.3130145
images/odir/7be4520a32bc5067.jpg,-5.7381587
images/odir/087d121771fe5543.jpg,-6.3196774
images/odir/f9b8d6bd9c0a7e4a.jpg,-6.3099036
images/odir/d4474337dc60fee7.jpg,-4.951398
images/odir/555c3217611f40f9.jpg,-6.324564
images/odir/95148f69682f7c65.jpg,-3.779809
images/odir/89ed51aaac05e965.jpg,-5.5891137
images/odir/4ad1306499cf71f4.jpg,-4.347889
images/odir/b9506f70f8727da6.jpg,-3.8250108
images/odir/159763f2abfca154.jpg,-6.3025737
images/odir/3a23934c238b22ec.jpg,-6.1559725
images/odir/96c6b1c5b66342b1.jpg,-4.834117
images/odir/11c7404221864757.jpg,-3.8372278
images/odir/e6d043bacc945c10.jpg,-6.5688996
images/odir/dc5bb5e642f05fa1.jpg,-6.0362477
images/odir/81db16ab2962b2ea.jpg,-5.3789854
images/odir/dc1e54c855af757b.jpg,-4.80724
images/odir/2483d681fab87737.jpg,-5.007595
images/odir/f3894d03fc383864.jpg,-5.327675
images/odir/90cfbe9bb31b03f3.jpg,-4.1108837
images/odir/6f79708aacdedad0.jpg,-6.4369583
images/odir/b876b69ea98c5dee.jpg,-4.1866274
images/odir/7651280078a16938.jpg,-6.6226535
images/odir/3de3f28a702629c4.jpg,-4.43585
images/odir/975af7bf887be04d.jpg,-5.20062
images/odir/b08595dc3c00ee05.jpg,-4.8170133
images/odir/20d4c1ce38df45b7.jpg,-4.06446
images/odir/3dae7e8a2da898cc.jpg,-6.385648
images/odir/1d56615f42db2d09.jpg,-5.960504
images/odir/8f874a28029a0137.jpg,-4.3552194
images/odir/f3cef54c76a728fa.jpg,-3.5525765
images/odir/d39a09d03b5b45af.jpg,-5.5182567
images/odir/1e49d5ba5251b606.jpg,-4.120657
images/odir/f3d9b0eec9e0ec09.jpg,-3.991159
images/odir/b612416a0c92d1f2.jpg,-5.7601485
images/odir/7b9f9df88f59af45.jpg,-5.0686793
images/odir/aa8f3d12b0735d51.jpg,-4.3234553
images/odir/7deecb42936d39f4.jpg,-5.2519307
images/odir/b409f7caf08d8c12.jpg,-5.220167
images/odir/eb45e4256ee9f78e.jpg,-4.05713
images/odir/7be381afcef91a3f.jpg,-6.0362477
images/odir/1125f1b5197a39e9.jpg,-4.13043
images/odir/46f6d5dd182adce4.jpg,-4.6875157
images/odir/8c850a79c2b585de.jpg,-4.5164804
images/odir/72cb4283e2848016.jpg,-5.3325615
images/odir/436082e8136d73ab.jpg,-4.147534
images/odir/899a267e01de8d00.jpg,-5.2226105
images/odir/5787ff4a76d7b466.jpg,-5.6624146
images/odir/ef9857bf72146d9c.jpg,-5.2959113
images/odir/a72946e6cb3d2eaf.jpg,-5.821233
images/odir/d69e7230bd011ac5.jpg,-6.691067
images/odir/f6ede7c9427c28e2.jpg,-5.0955563
images/odir/68ceef4b5816baa2.jpg,-3.2312756
images/odir/8d27d27f2868e258.jpg,-5.459616
images/odir/64f0f0c9be002d95.jpg,-6.647087
images/odir/62f31aef01c68f8b.jpg,-4.127987
images/odir/cb5eef59d46b4118.jpg,-3.6222124
images/odir/870037eedb7078e4.jpg,-4.8365602
images/odir/afd6b8e02e658d92.jpg,-5.7894692
images/odir/b5746c9328bbf940.jpg,-5.1810737
images/odir/2b50274802f4da68.jpg,-4.211061
images/odir/3504e500fd44ca79.jpg,-4.0693464
images/odir/617035624d6be58b.jpg,-3.760262
images/odir/f14f118cf879b00f.jpg,-4.7192793
images/odir/7fabf33c0b71eb2c.jpg,-4.834117
images/odir/574cc78e4811f5e3.jpg,-3.7541537
images/odir/941303a060373360.jpg,-6.3636575
images/odir/766d151e49e8ac18.jpg,-6.9891567
images/odir/c12c2728b3cd8034.jpg,-3.6979566
images/odir/cf9b4ab70fd12d0f.jpg,-5.691735
images/odir/c078737b0f6c76bc.jpg,-6.1657457
images/odir/b2607418ae5d47fe.jpg,-3.740715
images/odir/a260340574abb662.jpg,-5.87743
images/odir/38089767ac1a3e95.jpg,-5.466946
images/odir/6c38a7ee8d35a4b1.jpg,-0.57779086
images/odir/b1611d85178427b4.jpg,-6.1975093
images/odir/0aca2d00c1ae5c3c.jpg,-0.90031385
images/odir/13ce051555e167eb.jpg,-1.8972031
images/odir/b6d407fe974d6ff8.jpg,-4.7192793
images/odir/5ee5574fdd4e6dc1.jpg,-5.3618817
images/odir/0857a179c85bf3e1.jpg,-5.190847
images/odir/2d18ab528e8f6c5b.jpg,-3.3265662
images/odir/219bac343d892135.jpg,-5.581784
images/odir/394c310e8ab46adb.jpg,-4.606885
images/odir/f42a516f4d617c9b.jpg,-4.655752
images/odir/a5c204f55575e2ee.jpg,-5.2348275
images/odir/e668b9008a519db7.jpg,-6.2854705
images/odir/f28a521a2b11c611.jpg,-6.0191445
images/odir/f2d4fe2ff5692bd6.jpg,-3.4853845
images/odir/e830ca1140fcc9e4.jpg,-4.5555744
images/odir/42dce1c3754a9450.jpg,-5.0515757
images/odir/37db864545d75000.jpg,-6.214613
images/odir/2bfc85dc02e7243e.jpg,-5.782139
images/odir/15dfc568955fa251.jpg,-4.7217226
images/odir/724abbbc65acd08d.jpg,-4.052243
images/odir/37b9d25a0a3818be.jpg,-6.5004854
images/odir/7570faff2027e489.jpg,-6.1437554
images/odir/940660a615f8031d.jpg,-4.3234553
images/odir/6f0e529f31b5e726.jpg,-4.3430023
images/odir/2b6dd2733c8239e0.jpg,-2.8061314
images/odir/c941ceecb3cbac73.jpg,-4.401643
images/odir/9c8f4fb738b3303a.jpg,-6.0631247
images/odir/1633fa42df8559ab.jpg,-2.166583
images/odir/94b68233dd05dbc8.jpg,-3.4487343
images/odir/40b27cbbac58525b.jpg,-5.767479
images/odir/9863971f8b21b381.jpg,-2.7523775
images/odir/d31079ac81e238ef.jpg,-4.242825
images/odir/902e5ba9da36f398.jpg,-5.5182567
images/odir/cd641cc72fe7cd74.jpg,-4.870767
images/odir/945d4c7aaf01122f.jpg,-4.1035533
images/odir/aa74828cb78bcfa4.jpg,-4.7901363
images/odir/811c14b530ecc08d.jpg,-1.6036949
images/odir/df5e6abd1f3ef754.jpg,-4.3234553
images/odir/3a7c243a2d3f4e2e.jpg,-5.046689
images/odir/14819b793f792b3d.jpg,-4.105997
images/odir/c76fc11caf67e5bc.jpg,-6.4174113
images/odir/081f46ff62f16bf8.jpg,-5.4351826
images/odir/c41f1aab83f6c721.jpg,-5.418079
images/odir/f15331c9619ad6cd.jpg,-6.7057276
images/odir/4e7c3a5f96748631.jpg,-4.8219004
images/odir/b43fbaf338f6346d.jpg,-1.4332136
images/odir/64229e591a3dc030.jpg,-3.8176808
images/odir/4a6ce7f50b022cb6.jpg,-4.3918695
images/odir/fbc43f34a48bad67.jpg,-5.3667684
images/odir/e164614e8569d8ef.jpg,-4.3454456
images/odir/7638f6a37d7bc934.jpg,-6.0093713
images/odir/04ecda0f548cc71b.jpg,-5.1761866
images/odir/88a0b72ae1e78390.jpg,-4.9391813
images/odir/3f1f6f864a6fc961.jpg,-4.377209
images/odir/6744fce7d36cf339.jpg,-6.6861806
images/odir/ec8805495c0b97c4.jpg,-3.6588626
images/odir/e83de13efa1762a2.jpg,-4.8047967
images/odir/36f27ba48496d650.jpg,-4.3454456
images/odir/31465e660f18d75e.jpg,-4.550688
images/odir/75433ec761be425b.jpg,-5.4962664
images/odir/8b04b53498b0e979.jpg,-4.0546865
images/odir/d694a81bd1a3975a.jpg,-4.856107
images/odir/5c79f40990f300fb.jpg,-4.856107
images/odir/13e8b81a3416718c.jpg,-5.330118
images/odir/378bf8baefd999c7.jpg,-6.016701
images/odir/56360e25a61acc06.jpg,-5.2836943
images/odir/d17c1f3945aa5ce9.jpg,-4.9000874
images/odir/2a2cdefdc316d7f6.jpg,-4.374766
images/odir/1e3020ea7f87c073.jpg,-4.765703
images/odir/e94a9aaf033be5cc.jpg,-6.4662786
images/odir/7d3defb0cff85d8e.jpg,-1.762513
images/odir/ae306d1c75a9d258.jpg,-4.5629044
images/odir/d0c9c9e5cae83682.jpg,-6.3636575
images/odir/96a2c62001b5532c.jpg,-5.0051517
images/odir/493146e388f49e43.jpg,-5.3130145
images/odir/9a65306dfdd25895.jpg,-4.2061744
images/odir/20bd24d99d678e99.jpg,-5.3789854
images/odir/1fe238e9c8ab74bc.jpg,-3.551355
images/odir/4ffef87d3d0c83f2.jpg,-5.3521085
images/odir/ff1b2a8a5f78c0a7.jpg,-4.0278096
images/odir/e7883c9403716b66.jpg,-4.4896035
images/odir/91a1246e215cb2bf.jpg,-5.2568173
images/odir/dfeb55f7a887bd13.jpg,-5.481606
images/odir/a0914584f912bfac.jpg,-6.305017
images/odir/5f4fa2620fb4f898.jpg,-3.8567743
images/odir/7856f8d505733d52.jpg,-3.884873
images/odir/2c31e5c71ca147e2.jpg,-3.1811867
images/odir/32d8a8565cf5391b.jpg,-3.0516887
images/odir/f0bd4add0f56280d.jpg,-5.293468
images/odir/cb1bdec4ce5eb739.jpg,-4.826787
images/odir/1eec2e4b3e25f9fb.jpg,-1.618355
images/odir/9586e7aeb36275fa.jpg,-3.073679
images/odir/fe56b5b9b1cab56b.jpg,-4.0326962
images/odir/ee32d303be9a86ee.jpg,-6.0460215
images/odir/d5df36dc1e812a2e.jpg,-3.4670591
images/odir/8d3e6f14db9bb2e0.jpg,-5.92141
images/odir/d198f33aeb627d66.jpg,-6.385648
images/odir/fc0b47d845dff2ed.jpg,-5.823676
images/odir/c76b9f23d7f46cac.jpg,-5.537803
images/odir/e974df178eb3a578.jpg,-5.7063947
images/odir/9bbf36d04b05ba43.jpg,-4.5555744
images/odir/a1f3cd0556ea619b.jpg,-5.376542
images/odir/9d7f17c9a4d897f9.jpg,-5.9824944
images/odir/14dc3ef889a600c7.jpg,-5.454729
images/odir/8a77cc9da2dec1a0.jpg,-5.237271
images/odir/e2b5204471a9b7ba.jpg,-3.9593954
images/odir/4e85943895989cfd.jpg,-4.514037
images/odir/e20326452f3fee16.jpg,-4.0693464
images/odir/0e0c5531360c5923.jpg,-6.1364255
images/odir/c613531e5cc064f7.jpg,-4.897644
images/odir/dd3699104af713a0.jpg,-3.6906261
images/odir/2bff8ff84186facc.jpg,-6.0606813
images/odir/45f33b341dac9e63.jpg,-4.7485995
images/odir/a6359da05c2453ad.jpg,-6.180406
images/odir/67c566d74201e0a3.jpg,-5.0149255
images/odir/206a99167f3ac786.jpg,-4.3283424
images/odir/f79d324e2e1d9249.jpg,-4.6752987
images/odir/89217d842de6a45b.jpg,-4.826787
images/odir/69eb1b9bca4d8558.jpg,-6.0386915
images/odir/217f9c26a7763894.jpg,-5.1615267
images/odir/1ce91051b3271194.jpg,-4.514037
images/odir/716b62b8d0bd3bf3.jpg,-5.19329
images/odir/4e21305808ad6576.jpg,-4.834117
images/odir/b26b066e8c8d4879.jpg,-5.6526413
images/odir/f302d8e137b736d1.jpg,-4.321012
images/odir/be8ffc3047b95069.jpg,-6.1266522
images/odir/f6fcc0092116abeb.jpg,-5.459616
images/odir/3ad3dfe10ee92cc1.jpg,-5.1688566
images/odir/1a2c0929d94ccf33.jpg,-4.733939
images/odir/b768b8da10152703.jpg,-4.3381157
images/odir/b26c34766503e3ca.jpg,-5.110216
images/odir/08dc82d02e39d309.jpg,-4.9831614
images/odir/5c3817185f73ddee.jpg,-5.0711226
images/odir/e11ae85d87bf1156.jpg,-5.144423
images/odir/6a1cf960fca2a5a4.jpg,-4.2452683
images/odir/3fb09de9d548e07e.jpg,-4.8047967
images/odir/4c03ac7263e7091b.jpg,-3.156753
images/odir/9bab68474e28e9e2.jpg,-4.377209
images/odir/b99e7ba6ff652fdf.jpg,-5.7186117
images/odir/363145e9beb52f5f.jpg,-4.6264315
images/odir/4d51fdce42283769.jpg,-6.1486425
images/odir/8de36a174ecf3ea0.jpg,-4.0766764
images/odir/a8ffbb9f9be7de45.jpg,-4.4187465
images/odir/747c0af4fad3da9b.jpg,-5.4131923
images/odir/0acf89a07a2c4c66.jpg,-3.5647936
images/odir/22d6ec1b5db1e456.jpg,-5.0320287
images/odir/57c4321da12d5dbf.jpg,-0.8761857
images/odir/57891a16ae415f56.jpg,-4.157307
images/odir/3a59fd2694f9b59d.jpg,-4.724166
images/odir/aa8a123a573a38d2.jpg,-4.5482445
images/odir/528283847b73028a.jpg,-3.3509998
images/odir/9408ebfc91dc0aba.jpg,-4.0155926
images/odir/687bf821b2bad00a.jpg,-6.070455
images/odir/a9f6abe0a2714553.jpg,-6.1486425
images/odir/e5931d94c1af9dc1.jpg,-4.2183914
images/odir/88496380f1350694.jpg,-4.264815
images/odir/64d95362b9e3bb70.jpg,-4.689959
images/odir/00f176e64017b71b.jpg,-4.3430023
images/odir/8119908bfe316112.jpg,-5.3594384
images/odir/a62fc42a217cd7eb.jpg,-6.305017
images/odir/a5aaa767957c0892.jpg,-4.267258
images/odir/c68a1454bb7a622e.jpg,-6.480939
images/odir/c7f01445172b0324.jpg,-5.2592607
images/odir/bf413aad49b90fa1.jpg,-4.052243
images/odir/c887660889d79605.jpg,-3.6759663
images/odir/56ec1a909998e810.jpg,-2.8843188
images/odir/e6ac45783acae180.jpg,-6.490712
images/odir/e5a9324824d3f8f4.jpg,-4.7192793
images/odir/86cd227810b3c1d0.jpg,-4.7559295
images/odir/d3cfb660640e55fc.jpg,-4.1597505
images/odir/551c7d1ba7323666.jpg,-5.354552
images/odir/4ffef053a49c7d2a.jpg,-4.1108837
images/odir/dc265b97cb77f962.jpg,-5.2421575
images/odir/b289c017186462ee.jpg,-5.8627696
images/odir/02b16d310e2a288f.jpg,-5.6550846
images/odir/7cc8248e0ed4b1cf.jpg,-2.572791
images/odir/1b9d4ccdee3745f0.jpg,-4.924521
images/odir/3d9e7e1cf0aa78e9.jpg,-4.5775647
images/odir/8f64f8ff305daaaa.jpg,-3.3216796
images/odir/b6aa64fe48eeaea0.jpg,-2.4268005
images/odir/562f2abec4115e28.jpg,-6.243933
images/odir/e8bb830caca20896.jpg,-4.79991
images/odir/4a47aefaa4a239b2.jpg,-2.151312
images/odir/fdc73acebf009415.jpg,-5.3398914
images/odir/0616cfb0b3b01f30.jpg,-4.8292303
images/odir/3d1a51cc5394731a.jpg,-5.1468663
images/odir/ce36bc0c7adad4aa.jpg,-5.122433
images/odir/d7b15719c05da666.jpg,-4.325899
images/odir/37eda411de70000c.jpg,-1.489239
images/odir/47bfc0e5c40a2f45.jpg,-5.8090158
images/odir/a023b194e0e08420.jpg,-4.963615
images/odir/df23a17ff65abe02.jpg,-5.7357154
images/odir/f7345a3bc55001f8.jpg,-4.5286975
images/odir/4a5c484668fa619c.jpg,-5.1322064
images/odir/d083b3c9409aab76.jpg,-5.474276
images/odir/7134ec1d6d15c49b.jpg,-5.5158134
images/odir/2c9c712b1b4f5185.jpg,-6.9256296
images/odir/ee625ddf6aeec684.jpg,-5.007595
images/odir/8236e92ff4fe3936.jpg,-5.9360704
images/odir/0ec7db807758a12f.jpg,-4.113327
images/odir/5d6819170a4f81cf.jpg,-4.167081
images/odir/ef93c38401cbaf48.jpg,-5.9458437
images/odir/bb8c44b1d65fc152.jpg,-4.907418
images/odir/74afa755825808f8.jpg,-5.8725433
images/odir/361d7b62c1a83872.jpg,-5.2885814
images/odir/4c74e4789f4050c3.jpg,-3.9789424
images/odir/b2c1dee432f60942.jpg,-6.3465543
images/odir/a8cacf015dc12709.jpg,-3.870213
images/odir/f21d9a07f417b1ba.jpg,-1.6211039
images/odir/6786c4be07c76560.jpg,-5.91408
images/odir/e76383b6ed6f4acf.jpg,-5.0246987
images/odir/c294fd6dce4f1e03.jpg,-6.2390466
images/odir/6d6fc7a06855f33a.jpg,-4.7852497
images/odir/57f2eef391eb029c.jpg,-6.243933
images/odir/3ba4776698c005b7.jpg,-3.6356506
images/odir/1bef187c8728e054.jpg,-5.6624146
images/odir/d7e15bfe5a09af29.jpg,-3.1213245
images/odir/1b7f0cac36360e21.jpg,-2.967393
images/odir/3245c67e722feb46.jpg,-3.2239454
images/odir/fd1834c74c8282e6.jpg,-4.8194566
images/odir/e201499765bbe667.jpg,-5.911637
images/odir/c2a4d511ec3f6b4e.jpg,-3.4169703
images/odir/3a5f513db2d1292d.jpg,-4.6264315
images/odir/7f75b9c2d75531b1.jpg,-5.102886
images/odir/835b879a653988a7.jpg,-4.623988
images/odir/31ff3f0537d5181e.jpg,-4.2183914
images/odir/0ba05af24793bd0d.jpg,-5.3789854
images/odir/640352567f8caae6.jpg,-4.4529533
images/odir/b1fea76c438a458e.jpg,-5.6208773
images/odir/e8174a83bcce3deb.jpg,-5.5109262
images/odir/d23e5a8b84a2984d.jpg,-4.1084404
images/odir/b9c9671a64ca86d7.jpg,-5.308128
images/odir/ea4af57754920590.jpg,-4.477387
images/odir/90dbc4edd6874420.jpg,-3.7358284
images/odir/2181eac9129040f3.jpg,-4.594668
images/odir/f94b8a05b1816908.jpg,-4.9758315
images/odir/3a1a82298b757b26.jpg,-4.2061744
images/odir/594c2306cfca2789.jpg,-5.349665
images/odir/ffb88cdd27e4e09a.jpg,-5.7992425
images/odir/653a90618d1832b7.jpg,-3.8445578
images/odir/5fd4854e4a38cfa1.jpg,-2.3651056
images/odir/5d066017651c76eb.jpg,-3.3021326
images/odir/246ca99bbfab474c.jpg,-5.3447785
images/odir/c71a6275739a6f0f.jpg,-4.523811
images/odir/a16891338bd6f7b9.jpg,-4.5848947
images/odir/22e7e20691f3b501.jpg,-4.9758315
images/odir/37cb1bda96d9fb10.jpg,-5.821233
images/odir/70e5b8684397dd1d.jpg,-4.1255436
images/odir/d248dfb118cfbd5d.jpg,-6.1730757
images/odir/255e34ba5c927ec6.jpg,-2.9539547
images/odir/bae42b31f06322a7.jpg,-3.6857395
images/odir/c99397b6dce57770.jpg,-5.3887587
images/odir/7712b491cbb75ce6.jpg,-3.3509998
images/odir/0617b8ea9b5c6cc9.jpg,-6.077785
images/odir/e831fa005e363e02.jpg,-3.8579965
images/odir/31ce6214808e91e6.jpg,-6.014258
images/odir/b28db428571130bc.jpg,-4.4725003
images/odir/b4e02476c7a1010c.jpg,-4.154864
images/odir/17057d95f79c1820.jpg,-4.250155
images/odir/b3d61ab70344c1a2.jpg,-6.5933332
images/odir/87ee176610fb192f.jpg,-5.9824944
images/odir/0d45cc7b0fcd82db.jpg,-5.0369153
images/odir/d18cbe102adfc2b1.jpg,-1.3696481
images/odir/786da254df9d9ae3.jpg,-5.584227
images/odir/222296daab67c373.jpg,-5.801686
images/odir/83a00ce9a94a1f39.jpg,-4.5995545
images/odir/f584ce3c83d07695.jpg,-4.77059
images/odir/964d70fa75bb9969.jpg,-4.4065294
images/odir/702795fa3698951c.jpg,-4.973388
images/odir/8fc65d643616020b.jpg,-5.1053295
images/odir/d19290be11a54d47.jpg,-6.5591264
images/odir/249b2b6e55e46c65.jpg,-4.2208347
images/odir/7a8706efd902f652.jpg,-4.5482445
images/odir/1af39d027c6786ce.jpg,-5.8529963
images/odir/bfff04dd4dfb35dd.jpg,-4.0546865
images/odir/e7b88c14dcacc725.jpg,-4.4382935
images/odir/4338515e414d2861.jpg,-1.3431721
images/odir/1a5e5b4dd3566a64.jpg,-4.882984
images/odir/ef3031c0317226cd.jpg,-2.3522782
images/odir/c5ee3e0964b310c8.jpg,-5.0491323
images/odir/fb7c9774ac26e8f7.jpg,-3.0138168
images/odir/15cc08211a487cd9.jpg,-5.4791627
images/odir/073fa3b01d5291a5.jpg,-4.41386
images/odir/598515b69e1f2cbd.jpg,-2.0352526
images/odir/5b335a58da4de2ed.jpg,-4.7119493
images/odir/394f7f73bacd9dc5.jpg,-3.6332073
images/odir/3e63cb637b144e28.jpg,-5.266591
images/odir/4c3616af284b3acf.jpg,-4.7852497
images/odir/c94317cbcf1f117a.jpg,-0.85847133
images/odir/3eff5507fbbed864.jpg,-4.641092
images/odir/bf554ae22b797876.jpg,-4.3234553
images/odir/ecb787b568daf54f.jpg,-4.773033
images/odir/225148cb8f53a7e4.jpg,-5.3154583
images/odir/bfa6ec5b5ab28e2e.jpg,-3.2618175
images/odir/c257ce9b9fb7a3cc.jpg,-5.8432226
images/odir/a3e666f887e2ed99.jpg,-4.1719675
images/odir/4957bb73b193d036.jpg,-5.88476
images/odir/a292d55cf276a24a.jpg,-3.3155713
images/odir/0943d8b6707fc259.jpg,-5.618434
images/odir/bc8287523ccaf52f.jpg,-3.2508223
images/odir/de2e387fc0f1a44b.jpg,-4.758373
images/odir/db476f8cbb24f8c6.jpg,-5.403419
images/odir/ecf39482312909f3.jpg,-5.9995975
images/odir/adc44ffa76768bbf.jpg,-1.1382356
images/odir/5a6cb881b4a46469.jpg,-4.875654
images/odir/d0bc1fb56f130c4f.jpg,-3.4585075
images/odir/1a74723cbd27dc44.jpg,-5.19329
images/odir/f6ba74208171ab5d.jpg,-5.4058623
images/odir/14f2616e9b2dd20f.jpg,-4.3625493
images/odir/a99cc97dff12f989.jpg,-6.5737863
images/odir/ce7ec98813e50b3d.jpg,-4.9416246
images/odir/1e35fc386a309a77.jpg,-4.6679688
images/odir/74103a316839ec96.jpg,-2.5630176
images/odir/869918cd8f7fb938.jpg,-5.7308283
images/odir/ac35180b32b044d7.jpg,-4.2525983
images/odir/5f2c03accc85ed54.jpg,-5.7894692
images/odir/22d361ededd5c3a1.jpg,-3.247157
images/odir/83ce1f84e6f85ab4.jpg,-4.389426
images/odir/8b4fc8799b8645bb.jpg,-4.174411
images/odir/bc0e7eee0e01b2a1.jpg,-3.912972
images/odir/57ae486c36d1f905.jpg,-5.4425125
images/odir/53be27a9367dc077.jpg,-3.6588626
images/odir/95f307c6cd9b6b68.jpg,-6.085115
images/odir/e972b9a6eb8b7dde.jpg,-6.016701
images/odir/b532c67046b862ca.jpg,-3.9227452
images/odir/6e60b814e8a152fc.jpg,-5.2421575
images/odir/1ff4ef585b158d14.jpg,-4.167081
images/odir/7689867c53ea350c.jpg,-4.731496
images/odir/48d7289ce32e3ee4.jpg,-6.1926227
images/odir/f796266456773848.jpg,-5.061349
images/odir/52b2c8733c9e7f85.jpg,-6.124209
images/odir/60b1c3068c735d33.jpg,-4.753486
images/odir/93fcaba90bf14a62.jpg,-5.1737432
images/odir/94d4998d3a3d8c4d.jpg,-5.55735
images/odir/e34d914941d3bf81.jpg,-2.7022889
images/odir/b5956e275f1bf1c2.jpg,-4.477387
images/odir/e6bb7d18b84f7c27.jpg,-3.8286757
images/odir/cf6a825b7ccda7a0.jpg,-4.416303
images/odir/e50ab591cae89781.jpg,-4.623988
images/odir/e78a1c853cdd5c9d.jpg,-3.6649709
images/odir/574b12a0ee795919.jpg,-6.2097263
images/odir/bf862b09edadeb89.jpg,-5.100443
images/odir/bdcf34847b91e022.jpg,-4.963615
images/odir/f1f4ad5b027e7f8d.jpg,-4.5555744
images/odir/a36f6870480cb95c.jpg,-5.4058623
images/odir/c20ff938625b4e9d.jpg,-3.0858958
images/odir/1c80127b52d44f29.jpg,-5.046689
images/odir/8cddb817ea5b6332.jpg,-5.2592607
images/odir/07fce8deeb1103e7.jpg,-3.6527543
images/odir/3fe3bc98b75bd5b1.jpg,-3.8323412
images/odir/d8b9362c4e340b9c.jpg,-5.8798733
images/odir/5b663b457772a527.jpg,-3.050467
images/odir/1a96de1bd3636782.jpg,-6.3147907
images/odir/c5a81ad34710e81c.jpg,-4.4993773
images/odir/fcfaedb92905d82f.jpg,-2.1995683
images/odir/42bb9894a748c3fd.jpg,-2.2661498
images/odir/4b02a9087730f3f8.jpg,-4.7681465
images/odir/7064d56f1f33520e.jpg,-3.3913152
images/odir/9086cb27364f605f.jpg,-2.7022889
images/odir/c377cdb7d081e7a5.jpg,-5.3985324
images/odir/8cbeea3902a427e5.jpg,-3.6991782
images/odir/bc5e755ecb515cf2.jpg,-6.041135
images/odir/e6efc77b58c1498e.jpg,-3.5501332
images/odir/2d197b5010877537.jpg,-2.6247125
images/odir/f58348df86d36c35.jpg,-4.594668
images/odir/359223a215de3162.jpg,-4.5995545
images/odir/e30df3b7420ea6c0.jpg,-3.6820745
images/odir/87f06dbbcc7ea465.jpg,-4.6093283
images/odir/4070e043083c5371.jpg,-3.8604398
images/odir/da6f845c96bf7f72.jpg,-3.847001
images/odir/bfbb23da72177a91.jpg,-3.7028432
images/odir/410d6052365fe774.jpg,-5.129763
images/odir/7e029368a4b41466.jpg,-3.4585075
images/odir/d1a48062ccabd18d.jpg,-5.0662355
images/odir/46c0362d3d84660e.jpg,-5.821233
images/odir/babf0f587ecd397d.jpg,-5.547577
images/odir/210c7297661c81fb.jpg,-2.7340527
images/odir/533bcc354bcdb8c8.jpg,-4.7192793
images/odir/976b88dd8ddf7d35.jpg,-4.0131493
images/odir/627850d6a864cd0d.jpg,-4.3649926
images/odir/03014c154e427341.jpg,-6.5688996
images/odir/2a7054c946994af3.jpg,-3.7003999
images/odir/8e4ef9c5faca967e.jpg,-5.9238534
images/odir/068c6d253541a11d.jpg,-4.044913
images/odir/e5ab88579d6db618.jpg,-5.2421575
images/odir/06b6040dea415725.jpg,-1.9747796
images/odir/bd9ef5389aecd103.jpg,-3.179965
images/odir/dd9234ef49f0672a.jpg,-5.5866704
images/odir/b71c387c803e2042.jpg,-3.8237891
images/odir/1bafd621f9bb072f.jpg,-4.753486
images/odir/042d124ac2ecbc4e.jpg,-5.3179016
images/odir/f6436618080807d6.jpg,-5.9287405
images/odir/d69b379deead957f.jpg,-4.7412696
images/odir/f6787e67c5a89237.jpg,-4.6728554
images/odir/9575173aaf32e7e7.jpg,-1.7918334
images/odir/d864a7989d724ca1.jpg,-3.2569308
images/odir/48737752b15a6dba.jpg,-4.7119493
images/odir/ad89cc9c673354c7.jpg,-1.9772229
images/odir/eeafdd678de0e62f.jpg,-5.5231433
images/odir/6b639bac2d38eb85.jpg,-5.918967
images/odir/1617990810bf4127.jpg,-2.3388395
images/odir/c2548f21ba0bb5ef.jpg,-4.1866274
images/odir/888ba7447048bb61.jpg,-6.3221207
images/odir/54a3ae8a3737c96b.jpg,-3.586784
images/odir/eafd03ba450becec.jpg,-5.7088385
images/odir/82e5984e83472d9d.jpg,-2.27348
images/odir/9a776aca6a5e96fd.jpg,-4.8585505
images/odir/dca83eeb71b0ac68.jpg,-4.084007
images/odir/72b530ee822b1549.jpg,-6.1852927
images/odir/22b4e96db0d12776.jpg,-6.4174113
images/odir/8e6d8b9707c6d789.jpg,-5.0686793
images/odir/9245c74143db1c33.jpg,-6.1193223
images/odir/c81d432badba53e0.jpg,-4.5848947
images/odir/3fce4c5bd7d441b3.jpg,-1.4147261
images/odir/7ee245e4744dd34d.jpg,-5.3985324
images/odir/c380a4c724d652b5.jpg,-5.1810737
images/odir/2163404160568fe1.jpg,-3.7859173
images/odir/43f291141fa817aa.jpg,-6.4369583
images/odir/78b137a14544e3e1.jpg,-5.364325
images/odir/1b277b2e50f317b6.jpg,-6.2463765
images/odir/291916ec4cccd5bb.jpg,-2.5251455
images/odir/2f5f67e86c63c3dd.jpg,-6.0069275
images/odir/4d6ec5ea831253a1.jpg,-5.247044
images/odir/931276451f5c1975.jpg,-4.724166
images/odir/adebfe881505d96e.jpg,-5.55002
images/odir/0c893498f35ba505.jpg,-6.1486425
images/odir/df5a0b72a65e2754.jpg,-4.77792
images/odir/543aa8152e00c527.jpg,-4.753486
images/odir/9e1961a6dcbd8868.jpg,-2.1219919
images/odir/8761ceafc2710fad.jpg,-5.183517
images/odir/c5956b94f817823d.jpg,-5.8187895
images/odir/6c16f60ad7c37ff0.jpg,-3.8335629
images/odir/a01070b407600b4d.jpg,-2.0431936
images/odir/01bedbd2287c6260.jpg,-4.484717
images/odir/1da554b7684fbc66.jpg,-5.657528
images/odir/e88edecada2b33fa.jpg,-6.077785
images/odir/2a3e70b55b64f314.jpg,-6.1364255
images/odir/01a9cce412af47c6.jpg,-5.691735
images/odir/c889a5d89a98a014.jpg,-4.2623715
images/odir/7a695c3ab19e7447.jpg,-5.2910247
images/odir/f847d6ec47af19fb.jpg,-3.8799863
images/odir/0b657cd9d0dafac6.jpg,-5.2983546
images/odir/6666720dfbcf62b6.jpg,-5.9507303
images/odir/d84afec8838a7878.jpg,-5.3985324
images/odir/7e744d59a3992709.jpg,-4.3307858
images/odir/19a2d05276d24dfd.jpg,-5.16397
images/odir/b4ad406ae0a7a85a.jpg,-3.7944689
images/odir/78111cc17a5d2acb.jpg,-5.9727206
images/odir/fc4c5f416c0f5077.jpg,-3.324123
images/odir/7ad3a1a2ab0b9b79.jpg,-0.09156299
images/odir/e1031dff8e054105.jpg,-2.3736575
images/odir/270a1631d16f02ef.jpg,-4.758373
images/odir/ebe0a3cad749d42d.jpg,-3.5269213
images/odir/6c5b69fb81ae8239.jpg,-3.9105282
images/odir/4e5462b2ec05b0d4.jpg,-6.515146
images/odir/c18abffbe839fde6.jpg,-4.511594
images/odir/25e3f342dd9a8308.jpg,-5.9287405
images/odir/e4b6f95dc15d59e8.jpg,-1.3443937
images/odir/cc893f31fb0d14fc.jpg,-3.4328523
images/odir/79bcd9267abfe5b5.jpg,-4.7852497
images/odir/e021d1b446a7f9b7.jpg,-5.107773
images/odir/0f9c1f2ab05f24ce.jpg,-6.476052
images/odir/e92b8218d21273e8.jpg,-7.71239
images/odir/63dbc93d5dd33e8a.jpg,-4.5286975
images/odir/76e5335f37cf1f10.jpg,-5.645311
images/odir/b22f4ba6e3d69f2f.jpg,-3.5818968
images/odir/ca46970c8be88b64.jpg,-2.3840418
images/odir/bb309d000e398636.jpg,-4.07912
images/odir/6a072061dcb0a4cf.jpg,-5.0589056
images/odir/5a245b9925f9a10b.jpg,-5.887203
images/odir/e25f57fc0a23fcb8.jpg,-4.4749436
images/odir/aedc0902c5fcc14f.jpg,-5.664858
images/odir/427218b920ea7403.jpg,-5.569567
images/odir/5af7bfdc66762264.jpg,-5.6697445
images/odir/25636c451eb2d9bd.jpg,-4.484717
images/odir/296510b9abf1d88e.jpg,-5.8407793
images/odir/e73c4016c3d3a2c1.jpg,-5.1517534
images/odir/2a5ce304169be83e.jpg,-5.2592607
images/odir/d7376ec943f7d892.jpg,-6.160859
images/odir/fa9f375c48f69251.jpg,-7.3263397
images/odir/da9f06fe76b08636.jpg,-4.010706
images/odir/efccf999611ce77f.jpg,-5.1248765
images/odir/1e760542b2550f0a.jpg,-3.5684586
images/odir/df6a2be5091ec091.jpg,-5.3789854
images/odir/c12cf3e03978e2e7.jpg,-6.1975093
images/odir/df1a8f6e4350951e.jpg,-5.244601
images/odir/fade464b47be8995.jpg,-5.9629474
images/odir/eedaf2a8ffd0d535.jpg,-5.144423
images/odir/3a8078f061d174b3.jpg,-5.6404243
images/odir/8da8f6f3fb20db11.jpg,-6.5004854
images/odir/dea162011e019473.jpg,-1.0925754
images/odir/f77b62790d1584f6.jpg,-3.19829
images/odir/b0157bb895a49f0f.jpg,-4.120657
images/odir/cc1278905436ca11.jpg,-4.902531
images/odir/ac2f29a62998412d.jpg,-3.115216
images/odir/33275b1a58d806ed.jpg,-4.003376
images/odir/09615f95286f0a31.jpg,-4.660639
images/odir/c78ed0b0c63cf9ea.jpg,-2.8488903
images/odir/055e55946f6184a2.jpg,-6.0606813
images/odir/3668b2d54edeb849.jpg,-4.841447
images/odir/3d057caebf88622a.jpg,-5.6550846
images/odir/33c60596a80daa03.jpg,-5.300798
images/odir/3ddb42d05c541527.jpg,-5.220167
images/odir/7a75a46edd6a2247.jpg,-4.8487773
images/odir/1b5c1c06cdcd2907.jpg,-5.1810737
images/odir/2607e98c62ed8b25.jpg,-5.7430453
images/odir/002fd510c824e0ac.jpg,-4.3649926
images/odir/a70bda71ba5aa198.jpg,-5.2568173
images/odir/f9c32c0cf949680d.jpg,-4.670412
images/odir/c01dfb97ddb89011.jpg,-5.337448
images/odir/91f177e934aeabc6.jpg,-3.206842
images/odir/9e90431d9f270a0c.jpg,-5.1419797
images/odir/a167d5ddbc7529ac.jpg,-3.4756112
images/odir/12892bdbb8aae181.jpg,-4.970945
images/odir/f54d8306c4b5d28a.jpg,-4.8952007
images/odir/79686d5e2c86aa71.jpg,-3.3644383
images/odir/676be5918a9001c1.jpg,-3.912972
images/odir/c70a0dace422b135.jpg,-5.2226105
images/odir/c333ebd8ef4a6f89.jpg,-1.7582371
images/odir/20db53f2e52228b1.jpg,-6.8963094
images/odir/bf7473df501a0e44.jpg,-2.6729686
images/odir/98996389e033aacc.jpg,-5.073566
images/odir/e83603b3aa8ecf6c.jpg,-4.572678
images/odir/5e18af015e7ec304.jpg,-2.4689484
images/odir/cf95d26469e7788a.jpg,-3.0370288
images/odir/3f254f591b44dc2d.jpg,-5.5060396
images/odir/b47f87f1e71f4b8d.jpg,-0.96353567
images/odir/bc9e5ee6431feeb5.jpg,-0.3352878
images/odir/f08bb17ab910707b.jpg,-4.641092
images/odir/279df7eaa7e224c8.jpg,-4.0693464
images/odir/f3c1dbe18e914711.jpg,-4.321012
images/odir/e64fc807a89d9adc.jpg,-5.6404243
images/odir/e79294e6495468ee.jpg,-7.038024
images/odir/6655c326fb3f7b6e.jpg,-4.9489546
images/odir/95d3520f9c8579d9.jpg,-3.2019553
images/odir/54ab2e9903d863c9.jpg,-4.780363
images/odir/f2644de71abb485d.jpg,-4.8487773
images/odir/be9267317a60eb95.jpg,-4.80724
images/odir/db8834975ab8fa50.jpg,-5.0100384
images/odir/0d9ec30a23d37a67.jpg,-1.6547
images/odir/d5d3bdc1325e6720.jpg,-4.8292303
images/odir/8574e316a0954f5f.jpg,-5.7259417
images/odir/5a3382fe2154b48e.jpg,-5.20062
images/odir/560ad18bf34d40e6.jpg,-5.684405
images/odir/7eef463caa16902b.jpg,-2.3944259
images/odir/092889f8e909810c.jpg,-3.9105282
images/odir/4ab939023bdc5c7b.jpg,-5.911637
images/odir/7237135a08990034.jpg,-4.9318514
images/odir/5b7a1b56af4b1b7a.jpg,-3.559907
images/odir/a5d9c7400d917d43.jpg,-3.2153935
images/odir/0ec7f9e975a88e21.jpg,-2.2911942
images/odir/b3e3921fdcafd6f8.jpg,-2.8110182
images/odir/3e4f024d7bed25c4.jpg,-4.6948457
images/odir/e6cef57a0652bd24.jpg,-5.5158134
images/odir/4164e3d68fb416e3.jpg,-5.508483
images/odir/1829bcccba710b71.jpg,-5.129763
images/odir/67e7005821546a6c.jpg,-4.9587283
images/odir/5a0d36d6a9ee2c67.jpg,-3.18363
images/odir/d358e00005e4df9c.jpg,-5.0662355
images/odir/def22b1fddb6fc21.jpg,-2.4805543
images/odir/20e52d30d939a96a.jpg,-4.45051
images/odir/1be108b484f0e120.jpg,-5.7601485
images/odir/a88e2c0e43ed4b2e.jpg,-4.9342947
images/odir/f8346dfa37ca844e.jpg,-6.085115
images/odir/27507a71fe94c077.jpg,-4.496934
images/odir/322ff0fe21ecaf53.jpg,-4.462727
images/odir/82a3636dd021e9bd.jpg,-4.3576627
images/odir/127aedaf10bd92ba.jpg,-5.3789854
images/odir/7445985ff4a783d5.jpg,-6.0533514
images/odir/1c27528b5297d257.jpg,-7.5266953
images/odir/34f3cbde9497fd4c.jpg,-2.45551
images/odir/0296e413ec6a1f1e.jpg,-5.000265
images/odir/2897f1644f6dc06c.jpg,-4.313682
images/odir/cea46f5ae81369c4.jpg,-5.266591
images/odir/b42f3f8306adbb7d.jpg,-5.52803
images/odir/e3701178fe38105b.jpg,-4.8390036
images/odir/cd4ddf8b33df1d58.jpg,-4.5384707
images/odir/342675a4a65634c0.jpg,-3.4658375
images/odir/e0de8a3a2e5df47e.jpg,-5.2617044
images/odir/295a662174d9141b.jpg,-3.6014438
images/odir/05eef1e3bcf1c9ec.jpg,-5.8994203
images/odir/698c302c0afcb2ba.jpg,-3.7969122
images/odir/5150a6fbf7735f7e.jpg,-5.8334494
images/odir/17677b9f96f4dee2.jpg,-3.810351
images/odir/74c0cbe0592d9e73.jpg,-5.9360704
images/odir/dbb486bb35336616.jpg,-6.866989
images/odir/dab91c370b230aa2.jpg,-4.597111
images/odir/94d61491f086c6b2.jpg,-6.0948887
images/odir/3660f86e6c806f31.jpg,-5.308128
images/odir/3f93de940b636ff4.jpg,-6.6666336
images/odir/244e150860e5235e.jpg,-4.6386485
images/odir/1308938782bb4581.jpg,-5.672188
images/odir/08e1bbb8efcff6cb.jpg,-3.7724786
images/odir/a4e34afbbb51c9fc.jpg,-4.7192793
images/odir/cb5ef052122d3708.jpg,-4.3014655
images/odir/cc2876719a23dd9c.jpg,-4.3087955
images/odir/d19dee2ec641183d.jpg,-5.493823
images/odir/e820197f9a0f6b16.jpg,-4.643535
images/odir/2797c4893e8e2df3.jpg,-7.8101244
images/odir/67a75c172d88781a.jpg,-5.9531736
images/odir/008990980cfe8041.jpg,-5.794356
images/odir/95b571ee23b014b6.jpg,-0.97758496
images/odir/8874340143cebfdc.jpg,-4.8096833
images/odir/257a0d650f54d65f.jpg,-6.2463765
images/odir/7384aca68d247f5d.jpg,-3.517148
images/odir/2d5f0c061cb136a8.jpg,-4.6728554
images/odir/cf758e7ff0b6218f.jpg,-4.8292303
images/odir/97b621de3855397c.jpg,-3.8799863
images/odir/f3fa5e4e74d5cfdc.jpg,-2.796358
images/odir/270dbd607d8d5170.jpg,-4.5482445
images/odir/df65166b5b099536.jpg,-3.9667253
images/odir/a71c90820ccaa161.jpg,-4.0766764
images/odir/f2e54a8d683505c1.jpg,-5.2421575
images/odir/019f2706c666c88d.jpg,-0.8557226
images/odir/588767500977af55.jpg,-3.567237
images/odir/7acf7b7ed35be7ee.jpg,-5.6550846
images/odir/9b8b43ee65a26acd.jpg,-4.2697015
images/odir/0d97571a6cddf2fa.jpg,-5.1395364
images/odir/29ba344e4df1483d.jpg,-4.2819185
images/odir/7d0d6196749a3444.jpg,-1.3605428
images/odir/73eed0642865c7d9.jpg,-6.380761
images/odir/3a8d579758c57cf1.jpg,-2.803688
images/odir/132d4102a076d2db.jpg,-4.623988
images/odir/6858ac843f365490.jpg,-4.4065294
images/odir/4026696d3ab1aa0d.jpg,-3.9862723
images/odir/b9c01c8c1e7298f3.jpg,-3.696735
images/odir/f991398635eb3981.jpg,-6.2023964
images/odir/53e5ad033ddc9237.jpg,-5.342335
images/odir/4595bf90b257ccc2.jpg,-5.2030635
images/odir/74fe03346153263a.jpg,-5.911637
images/odir/0967df70146e4994.jpg,-5.5182567
images/odir/1bfa463dc2d549dd.jpg,-5.440069
images/odir/6653bd89e16edab3.jpg,-5.1541967
images/odir/9e72778e8031f16d.jpg,-4.1035533
images/odir/9fa70014c74b8e84.jpg,-5.56468
images/odir/6e3ff0f9975aaf9f.jpg,-2.0431936
images/odir/f06f4142292fda3f.jpg,-3.854331
images/odir/0ee5cd0dd4041108.jpg,-6.2194996
images/odir/847a670f27e4b89a.jpg,-1.4152511
images/odir/1639b825e1f9829f.jpg,-5.8432226
images/odir/2f1a24ac364616c3.jpg,-4.550688
images/odir/56e45da836e919f0.jpg,-4.882984
images/odir/e860d0f222d8d7c1.jpg,-3.5660152
images/odir/17352216af57c6a4.jpg,-5.6013308
images/odir/4b5b8025eb194969.jpg,-4.909861
images/odir/d539ee202eaf8f2f.jpg,-7.0429106
images/odir/783021f32b9f88ce.jpg,-3.4609509
images/odir/176224a51111e6fc.jpg,-3.4670591
images/odir/fc241b0f881d566e.jpg,-4.9220777
images/odir/964b69f4ca9fbbe8.jpg,-6.461392
images/odir/1d8c25be608cd294.jpg,-3.536695
images/odir/d60768373e09ce49.jpg,-3.434074
images/odir/04fa819252c848cf.jpg,-4.484717
images/odir/8dec8ea98f15ad83.jpg,-2.7535992
images/odir/40b89e2a43d246a7.jpg,-3.6906261
images/odir/04067f3bfdf2fe5b.jpg,-2.5398057
images/odir/2c69c8b27d0e0891.jpg,-5.581784
images/odir/b813ea6946bd569a.jpg,-3.0981126
images/odir/b24786f9b6d45073.jpg,-4.010706
images/odir/88f0a369bf5ff7f2.jpg,-5.679518
images/odir/4adac196c07425d0.jpg,-5.4058623
images/odir/d33626d382fbd541.jpg,-3.4023104
images/odir/b45deb4584d30b6f.jpg,-4.496934
images/odir/601b2a9a46918e03.jpg,-5.850553
images/odir/40df8095ab1fae53.jpg,-5.8456664
images/odir/4110b36553490860.jpg,-4.636205
images/odir/e4a8b227bb7156fa.jpg,0.49117744
images/odir/e91e83e829fa46c2.jpg,-3.4670591
images/odir/330b93cc27fc45a4.jpg,-5.107773
images/odir/7fce84d80633c72f.jpg,-6.251263
images/odir/dc8b1ff9d6d1a80b.jpg,-5.190847
images/odir/403027c6a1bd4c50.jpg,-3.6283207
images/odir/6a2f566926184871.jpg,-3.9178586
images/odir/0a4e225806fd721f.jpg,-4.9123044
images/odir/4022263f2ce24541.jpg,-5.857883
images/odir/ebc4b5b878d86730.jpg,-4.3356724
images/odir/475b84e60e476981.jpg,-6.6324267
images/odir/791947ee225664c0.jpg,-6.380761
images/odir/6e4de73507f3fb8b.jpg,-6.6519737
images/odir/440a0acff904fb23.jpg,-4.7828064
images/odir/7390395e8f72162f.jpg,-4.07912
images/odir/fdeb659347c7b161.jpg,1.0934647
images/odir/ea5004b22ec545e0.jpg,-5.3252316
images/odir/09318b6e1ccefc5c.jpg,-5.474276
images/odir/4244337e3d845b3d.jpg,-5.4083056
images/odir/83eacf68f09ff07d.jpg,-4.2452683
images/odir/9429b523357a2089.jpg,-6.617767
images/odir/19945269024fd6b9.jpg,-3.4560642
images/odir/7408c2ec24696d59.jpg,-5.5866704
images/odir/00d6d008666b4fe0.jpg,-5.0686793
images/odir/4fb1b9fee4c027d2.jpg,-4.4334064
images/odir/b2a37f0573daade8.jpg,-3.1628613
images/odir/c7156d2d5bba712e.jpg,-4.325899
images/odir/3c542bd2b86d7f7a.jpg,-4.5164804
images/odir/e5c162c4fdd3302c.jpg,-5.1615267
images/odir/deb9b1ff2342536e.jpg,-4.3430023
images/odir/62974f1763020b82.jpg,-5.5255866
images/odir/5f9f79d86c7c403b.jpg,-4.572678
images/odir/f1596665733c4fbf.jpg,-2.0932825
images/odir/66121fffc929eece.jpg,-5.437626
images/odir/73dbd92cc8bdf960.jpg,-4.682629
images/odir/e1b8d49c150f2c49.jpg,-4.1108837
images/odir/0b1460bb6714db94.jpg,-4.746156
images/odir/e10b10d837daf138.jpg,-4.760816
images/odir/72596f8698bebe93.jpg,-4.6019983
images/odir/0ebfa8aa3a31b51a.jpg,-4.506707
images/odir/17328f7be3df0b3e.jpg,-4.7974668
images/odir/3dfbff8eb10f2721.jpg,-3.206842
images/odir/151a7523d1fb0f08.jpg,-6.2756968
images/odir/fb813b6320211052.jpg,-4.0913367
images/odir/f87aa8f31e1539ac.jpg,-4.980718
images/odir/2538ffbc6d9c2ac9.jpg,-4.1182137
images/odir/f7f3252255e8550b.jpg,-5.1468663
images/odir/7e4e6db7f864e2bc.jpg,-5.0295854
images/odir/4ffb7fad54273057.jpg,-5.887203
images/odir/12643633c6b12295.jpg,-4.540914
images/odir/65b841f2f10ce79d.jpg,-5.198177
images/odir/c34d7e768641e765.jpg,-3.9105282
images/odir/fe3422a7fa7e0adb.jpg,-5.15664
images/odir/94a1187e280ccf9f.jpg,-3.6723013
images/odir/a4b5bc37e33ef7d2.jpg,-4.533584
images/odir/89e92f51d59382e9.jpg,-4.5091505
images/odir/04eda30be919d86d.jpg,-6.8132353
images/odir/abca2aeb6bb4bd2e.jpg,-6.1437554
images/odir/f311d87dad247a15.jpg,-1.5951432
images/odir/634842f38b562ec6.jpg,-0.4812783
images/odir/50a04547a0702289.jpg,-3.0626838
images/odir/6cdc62c1b92c4464.jpg,-4.277032
images/odir/aee32c165bb8896d.jpg,-5.9091935
images/odir/dddb596e86e4cc0f.jpg,-3.5085964
images/odir/ef89bcc2a0c9af83.jpg,-6.7057276
images/odir/ec59387faf8f644b.jpg,-5.5109262
images/odir/837164dd30290133.jpg,-3.983829
images/odir/6a2b8c74d12637fa.jpg,-5.7161684
images/odir/55259b2f77302edc.jpg,-5.046689
images/odir/f304e88971528567.jpg,-3.983829
images/odir/b7707b43c99ce33b.jpg,-3.5843406
images/odir/ae104dfdebf047e1.jpg,-5.7332716
images/odir/ceebd13c18ea5a74.jpg,-5.281251
images/odir/dee60882d1407269.jpg,-5.129763
images/odir/a113e272652bfe0e.jpg,-4.567791
images/odir/374eda84c373f6af.jpg,-2.9417377
images/odir/f82ffbb3f2ee3ba0.jpg,-5.2055073
images/odir/0372b4649ff7a321.jpg,-4.9660583
images/odir/c4506d33ae1b8f29.jpg,-5.1713
images/odir/5c4912c62261006b.jpg,-1.950346
images/odir/e68006e813e6e6bf.jpg,-5.823676
images/odir/49a687f56a5eb8d3.jpg,-5.7454886
images/odir/b941d9d89e83b891.jpg,-4.6997323
images/odir/e17ad4473476fcb1.jpg,-4.953841
images/odir/17979f480554deb4.jpg,-6.4051948
images/odir/92cac334d4f24227.jpg,-3.5012665
images/odir/87fe87d767b78af8.jpg,-5.20062
images/odir/a613223b4eec41ee.jpg,-5.8529963
images/odir/3057727d7a0370ea.jpg,-6.3294506
images/odir/6511e206f5b1208a.jpg,-4.416303
images/odir/49083c86a12c1cd1.jpg,-4.973388
images/odir/343d480347a07055.jpg,-4.7681465
images/odir/43b19b268611cfe6.jpg,-4.167081
images/odir/e5aa8ccc6bd8476c.jpg,-5.7919126
images/odir/ff9033b149ed10a2.jpg,-5.9385138
images/odir/0ba8821127efece4.jpg,-5.8456664
images/odir/c1461a641eaebc07.jpg,-3.8799863
images/odir/d2340bcc5998e905.jpg,-2.496436
images/odir/14d728cd94c07dc1.jpg,-2.5581307
images/odir/5bfa064710880d49.jpg,-5.3814287
images/odir/ee8222dc3618c2a9.jpg,-2.5990572
images/odir/6f186610ec7cd2bb.jpg,-6.6373134
images/odir/fc93612742ea33e3.jpg,-3.8653264
images/odir/0f9e3482d8ec333c.jpg,-4.765703
images/odir/1ed8d4dd0d2dca66.jpg,-4.264815
images/odir/f5cc3a13705c8ab3.jpg,-2.7926931
images/odir/3a5674292860c2a3.jpg,-1.9955481
images/odir/82fa7790826af27b.jpg,-3.5904489
images/odir/e6359aa297c19815.jpg,-1.1331962
images/odir/4cacab2a1038b66b.jpg,-2.3131845
images/odir/1a1ed9dbaaf3ef6b.jpg,-5.804129
images/odir/57d651f3807934ef.jpg,-6.1633024
images/odir/521e350dbb8fc9b8.jpg,-3.5342517
images/odir/de27f780be092147.jpg,-6.3074603
images/odir/5e021fc27cbadbe6.jpg,-4.0009327
images/odir/5be22a0867e5d911.jpg,-5.9287405
images/odir/28fd286f8193c9d2.jpg,-2.37549
images/odir/f84725070e6d6056.jpg,-4.3234553
images/odir/52408621466264c6.jpg,-3.6442027
images/odir/4b3c03e5844acb0d.jpg,-4.4749436
images/odir/428e107d4d8bffc9.jpg,-4.6191015
images/odir/c175a7fcedc3ce7f.jpg,-6.160859
images/odir/822f8baac94a85fe.jpg,-4.773033
images/odir/e297ad79fce8b400.jpg,-2.4347415
images/odir/1c4b33b48cd44705.jpg,-3.5696802
images/odir/867e5c6509e8a3e7.jpg,-3.9154153
images/odir/c237fd1b98c7cc15.jpg,-6.2268295
images/odir/4ce3027f4fb57b97.jpg,-4.169524
images/odir/d8d2202da9ce7e3d.jpg,-4.4749436
images/odir/7c820ea4a872f2a5.jpg,-5.5866704
images/odir/f4c2c9954bb07ce6.jpg,-4.936738
images/odir/861a4da941ec67fc.jpg,-4.8927574
images/odir/50e5d138ba055968.jpg,-5.3960886
images/odir/b5ed905308126e2b.jpg,-3.8787646
images/odir/0771878e0bcda465.jpg,-2.7841413
images/odir/0a15278dbcd02b1d.jpg,-4.9587283
images/odir/c039f154ea0ccc45.jpg,-4.294135
images/odir/256ad634d66483d7.jpg,-1.312172
images/odir/9a058f3197011cf0.jpg,-5.000265
images/odir/befafa212fe8c229.jpg,-5.7259417
images/odir/8307475b53449b95.jpg,-3.8873167
images/odir/935b41b084751857.jpg,-5.1957335
images/odir/1ade11b8c67d5bbb.jpg,-2.6961803
images/odir/eda6d422472d6ddd.jpg,-4.7021756
images/odir/848033d6eca7a984.jpg,-5.3521085
images/odir/e198e53a5397f3a1.jpg,-3.4279656
images/odir/faae6160342f4b23.jpg,-4.1719675
images/odir/874e16929e87d3d0.jpg,-2.3724358
images/odir/fef288c8c7f5cb9b.jpg,-4.8952007
images/odir/5738b1fef3a92532.jpg,-4.597111
images/odir/8f51e175e2668f40.jpg,-6.1755195
images/odir/7444fe2276933218.jpg,-5.911637
images/odir/f94762757065bdda.jpg,-3.9471788
images/odir/5c0d1d748d9b923c.jpg,-4.374766
images/odir/328d116ed3bed180.jpg,-5.7601485
images/odir/5972b8eb8ba30a41.jpg,-4.2525983
images/odir/506163869e39afe4.jpg,-6.26348
images/odir/719a0c13e922e54c.jpg,-1.6339314
images/odir/c0bff08fa40f5c20.jpg,-2.009903
images/odir/e3d59eb84a1abd61.jpg,-5.447399
images/odir/72ee2ca31a4a2564.jpg,-4.462727
images/odir/e04de153b50a7069.jpg,-5.6159906
images/odir/64548aeed10e67fa.jpg,-6.380761
images/odir/3c3eae19a11e214d.jpg,-3.6136608
images/odir/b04c676f79393e14.jpg,-5.3618817
images/odir/b404dbb1c6555e3d.jpg,-4.4480667
images/odir/978cc2db96a6fb1f.jpg,-5.308128
images/odir/297822d54ba3147b.jpg,-1.8574985
images/odir/c0e8af40c8d25510.jpg,-5.2592607
images/odir/24f1a45061189a62.jpg,-5.391202
images/odir/fad6e288152cc097.jpg,-4.4187465
images/odir/3bbd715fdc6531ee.jpg,-4.299022
images/odir/259f79cc875c34d7.jpg,-3.847001
images/odir/6b89399dedca8351.jpg,-3.0162601
images/odir/3d90e0c9e585f998.jpg,-6.305017
images/odir/b9293ffecf28f6e4.jpg,-2.9124174
images/odir/af0ca125d3a4d5f3.jpg,-5.659971
images/odir/bc12f153d9af988b.jpg,-5.4302955
images/odir/b82afdda7998cd78.jpg,-5.7381587
images/odir/202995b383901727.jpg,-5.611104
images/odir/5203ebf702c06648.jpg,-6.2170563
images/odir/7e91686d598bc066.jpg,-5.8554397
images/odir/60da1ce82871df09.jpg,-5.349665
images/odir/08b84150e59e78e1.jpg,-1.4599187
images/odir/d89359ed7dcc9204.jpg,-4.401643
images/odir/41864a3b9b5df304.jpg,-4.4529533
images/odir/856588c187b23409.jpg,-4.5213675
images/odir/e18ac59c5ac38e88.jpg,-1.1799254
images/odir/557936101acf5980.jpg,-3.5305867
images/odir/f97197037646c010.jpg,-4.2281647
images/odir/ae27795a35e4347c.jpg,-3.6063304
images/odir/f5c1bfcd7bb69848.jpg,-4.0546865
images/odir/d6a299ca3ef4e2bf.jpg,-6.476052
images/odir/827762d9b1cf4570.jpg,-3.9496222
images/odir/1934b28e44412794.jpg,-5.7308283
images/odir/526c4f196a9bee70.jpg,-4.203731
images/odir/a89c40e4c9cb4af6.jpg,-4.773033
images/odir/b640e849c0a9db7d.jpg,-5.694178
images/odir/a9a9bcd6493fda4c.jpg,-4.8927574
images/odir/e6b9fa5768cf7538.jpg,-6.2097263
images/odir/e2b6e748bd6fe34c.jpg,-3.414527
images/odir/fccbbe43dcf8aee2.jpg,-5.198177
images/odir/092a61abc9533530.jpg,-5.117546
images/odir/1137416133b0a30f.jpg,-5.5720105
images/odir/6f58b0abde8dae46.jpg,-3.787139
images/odir/6d3ca82967dcbd2e.jpg,-4.0009327
images/odir/d6f9f7c5a7e4486a.jpg,-5.9556174
images/odir/334ec0b05844c67d.jpg,-3.497601
images/odir/148330a2d0447dc3.jpg,-2.9356294
images/odir/e2cf28967b3412da.jpg,-2.736496
images/odir/245822e41b530eec.jpg,-2.3583865
images/odir/8781a16ca6b76669.jpg,-5.6624146
images/odir/5b98bea97ed5aa52.jpg,-2.9380727
images/odir/d99919b82fee7c1a.jpg,-4.105997
images/odir/00ba84dbb81cee7f.jpg,-5.782139
images/odir/5d3a3b43907a5790.jpg,-4.875654
images/odir/fdf1f8fb0a9c4755.jpg,-2.3028002
images/odir/da7cff552e72d315.jpg,-5.1419797
images/odir/9369628577441152.jpg,-4.6948457
images/odir/ae29299f9d4addf7.jpg,-6.324564
images/odir/239a2fc3b9c1e37f.jpg,-5.6330943
images/odir/f74656aeb971b595.jpg,-4.518924
images/odir/82ba72957bfac892.jpg,-5.1346498
images/odir/c26e80859820ec9a.jpg,-4.689959
images/odir/e1e6ba4f817ea00e.jpg,-5.9507303
images/odir/11f745a0c611acd6.jpg,-4.733939
images/odir/17261ce5f1da6acf.jpg,-2.9967132
images/odir/81b849f8d14564b8.jpg,-5.8065724
images/odir/efeedac09f740f5b.jpg,-3.3375614
images/odir/84d573e286a25d50.jpg,-6.490712
images/odir/c5fed62d9c0f7dfd.jpg,-2.8782105
images/odir/1568f9599eed8be9.jpg,-6.133982
images/odir/edfe9636092ec002.jpg,0.8821143
images/odir/6bb9db0d7428365e.jpg,-5.630651
images/odir/efa09900c8a16b2c.jpg,-3.1701915
images/odir/c81b5cff928144f6.jpg,-6.6324267
images/odir/5c261b4bd2fe145d.jpg,-4.149977
images/odir/2e5c10f0fb9298ec.jpg,-3.4585075
images/odir/2576da8fc2c3a16d.jpg,-4.733939
images/odir/09a99202a6cc2eee.jpg,-5.4962664
images/odir/5fe6c6ef4c1d70d4.jpg,-5.354552
images/odir/0a64d8f194808182.jpg,-2.5025444
images/odir/0458673a10268677.jpg,-4.751043
images/odir/aa79a6ac335e655b.jpg,0.28715718
images/odir/6791bc1721736063.jpg,-5.1468663
images/odir/35c701589f72543b.jpg,-5.1761866
images/odir/38744ac807831288.jpg,-2.023952
images/odir/70123570bbe3dae5.jpg,-3.9691691
images/odir/b4d7d074ec0ecfd0.jpg,-4.890314
images/odir/1d3c0fda888d1161.jpg,-4.682629
images/odir/7933c5879c894c7f.jpg,-4.022923
images/odir/e7b0bc29a7d7c77a.jpg,-5.838336
images/odir/7fbe1a27e2bd9e59.jpg,-5.2568173
images/odir/b41c74eebf1ead3e.jpg,-3.210507
images/odir/5cfcad6e7520d8f8.jpg,-4.6801853
images/odir/9a9832abce69cd9f.jpg,-5.090669
images/odir/30d8738f0da2ef29.jpg,-5.3130145
images/odir/1a5881a965d425ca.jpg,-2.740161
images/odir/6dd99aa71170b053.jpg,-4.863437
images/odir/965f88db34850113.jpg,-4.3649926
images/odir/01dc13ea6a4b20e9.jpg,-4.352776
images/odir/c36bf8931a8af21c.jpg,-6.4174113
images/odir/dc2f2cbea2a34ec6.jpg,-3.5183697
images/odir/bbbbc595f7d89e8f.jpg,-5.046689
images/odir/133980e84a12f35e.jpg,-4.404086
images/odir/f3c429697ca446b1.jpg,-6.138869
images/odir/ef33dc0dd7b73655.jpg,-3.7895823
images/odir/6dbb7296bd3600cc.jpg,-5.1248765
images/odir/3683133ae24cadbc.jpg,-4.7632594
images/odir/67fe0c86d9995609.jpg,-2.9282994
images/odir/ef53ac2897aa7b42.jpg,-6.480939
images/odir/e50304bd01f2238e.jpg,-4.1915145
images/odir/9979ad288b1a5188.jpg,-5.063792
images/odir/3dd387f9a6106d6b.jpg,-5.5182567
images/odir/53e6ccfc785bfd6f.jpg,-5.6062174
images/odir/507c9547bfa06e91.jpg,-3.6686363
images/odir/210e89e6ed801e3a.jpg,-5.8529963
images/odir/09f6b5fa9058a46d.jpg,-5.7063947
images/odir/b32673e4aec71189.jpg,-0.47578073
images/odir/34ff3f986dbe0834.jpg,-5.364325
images/odir/164fcbc4f4361ff9.jpg,-4.6655254
images/odir/adae4cfefc10d8f3.jpg,0.04892993
images/odir/432bc89223b6336d.jpg,-5.2152805
images/odir/b950310fc8f5181c.jpg,-3.5073748
images/odir/31b071e3d5b7cd9d.jpg,-5.5158134
images/odir/0c082017c7915681.jpg,-3.133541
images/odir/79989d5b7d2cb739.jpg,-4.3503323
images/odir/dbd20e0fcf5ef511.jpg,-4.594668
images/odir/868560423cb8630f.jpg,-2.4426823
images/odir/e407a762ac92914b.jpg,-4.7070622
images/odir/fbcc17e1231e9370.jpg,-4.9196343
images/odir/da013643a4766d20.jpg,-6.2928004
images/odir/33a791971db270b9.jpg,-4.2061744
images/odir/76e8441bd5c1c5b0.jpg,-5.618434
images/odir/a6cd81040550d0a8.jpg,-3.3461132
images/odir/5085f8dcd921dca8.jpg,-3.1249895
images/odir/b104bec4076e8b9f.jpg,-5.012482
images/odir/ea47dbdeac36eaa8.jpg,-2.940516
images/odir/2022d42a2c564916.jpg,-4.257485
images/odir/61ae3e12a12281dc.jpg,-2.326623
images/odir/21afc1249e1f06d0.jpg,-3.4621725
images/odir/5aaada983cb93a32.jpg,-3.6820745
images/odir/73390819cd23347d.jpg,-5.3447785
images/odir/954a175174999505.jpg,-1.1958072
images/odir/74f45d468fb5611a.jpg,-5.2568173
images/odir/3eed44c88ce2dfce.jpg,-3.8421144
images/odir/bceb7dfe688639d7.jpg,-6.4222984
images/odir/48323d51be7ea765.jpg,-3.6869612
images/odir/b3dfe1e501dff7b6.jpg,-2.7157273
images/odir/91e4d28281547008.jpg,-5.1737432
images/odir/11bf612da55b511f.jpg,-5.0051517
images/odir/a924e09e64520661.jpg,-5.342335
images/odir/9b4bc319e4e56505.jpg,-6.461392
images/odir/7097e258dd3a74e8.jpg,-4.010706
images/odir/e0405561feb03b73.jpg,-3.9545088
images/odir/e12b3104d690f2af.jpg,-5.083339
images/odir/02b0a277ed6b8ec7.jpg,-5.7528186
images/odir/17df65a9e2bb669d.jpg,-5.088226
images/odir/642d3d86956b7bea.jpg,-1.5186356
images/odir/d56c1bf75267d9b2.jpg,-4.9196343
images/odir/d2d2526c8cf75eb6.jpg,-5.342335
images/odir/19e97731c995b433.jpg,-4.992935
images/odir/8a0ceed647f69e92.jpg,-4.953841
images/odir/20f9a1dc159f6d3e.jpg,-4.8243437
images/odir/738cea69e0ad8d05.jpg,-6.0728984
images/odir/81fae675b3a38ce9.jpg,-4.401643
images/odir/291f55d2b974811b.jpg,-2.5251455
images/odir/bcc264c1a19e9f3d.jpg,-4.3307858
images/odir/62d561c18103b290.jpg,-4.3185687
images/odir/f1e3f4e68695fb88.jpg,-3.7846956
images/odir/239b09af2c71e72c.jpg,-5.1859603
images/odir/11656b12866c903e.jpg,-5.6550846
images/odir/954d46c1e127a00f.jpg,-5.364325
images/odir/edb56f99216c1c1c.jpg,-4.1084404
images/odir/98d706e15ddaca42.jpg,-3.9740558
images/odir/453e77eb8ed965a1.jpg,-4.2061744
images/odir/158a8721ce598f1a.jpg,-5.017369
images/odir/baa24a367a5b74af.jpg,-2.0804548
images/odir/61e9d3c6a16463a2.jpg,-5.1541967
images/odir/c531f25dbf0bb2d7.jpg,-4.5360274
images/odir/265513bef55913eb.jpg,-2.8843188
images/odir/9e30db2a9163bb2b.jpg,-2.7291658
images/odir/e7f3dfc7df62a9b2.jpg,-4.880541
images/odir/f0bc0b595cf01270.jpg,-4.43585
images/odir/2564be515130abce.jpg,-4.826787
images/odir/b046eac6212c91b7.jpg,-4.286805
images/odir/964eeb25f9f41bf2.jpg,-4.8219004
images/odir/3e17d0755d487f33.jpg,-4.8121266
images/odir/0702cc05a0f77a0f.jpg,-3.4756112
images/odir/fa5326b54cdc2695.jpg,-3.5586853
images/odir/db080c0a5ec10250.jpg,-5.027142
images/odir/6ee3c0643ea5ab05.jpg,-6.7399344
images/odir/ee3ae9fc765c36e5.jpg,-5.1957335
images/odir/9011bb9f89a32c03.jpg,-5.0051517
images/odir/ff10de5565d31e8e.jpg,-5.804129
images/odir/71248d9df0834a30.jpg,-3.6014438
images/odir/e75da3f9e49371d0.jpg,-2.6644168
images/odir/5e054d0d379ea62e.jpg,-2.1152725
images/odir/ea7a154c865f8f16.jpg,-4.553131
images/odir/c6258e334408ca4a.jpg,-5.8896465
images/odir/c68bac441d6ff607.jpg,-1.6288921
images/odir/01ae2100a043b7fb.jpg,-5.3521085
images/odir/81797350ce2537d9.jpg,-2.7719245
images/odir/f4ebf6c6780e48c5.jpg,-5.5207
images/odir/1d1bfa443c73caad.jpg,-5.198177
images/odir/4534abe04b148346.jpg,-3.9154153
images/odir/a1a72e21cbe28050.jpg,-6.1461987
images/odir/46ccfe58d50b37e5.jpg,-5.007595
images/odir/e645c2859c0a7f26.jpg,-2.0089865
images/odir/b87b155be673411d.jpg,-3.1494231
images/odir/f396683b60c72f5d.jpg,-6.5933332
images/odir/be97a9122352a4d4.jpg,-3.9545088
images/odir/7d3e3a27edbd11ce.jpg,-5.356995
images/odir/1277bdf5202b2080.jpg,-6.0386915
images/odir/4f04d8c4c00c97d8.jpg,-2.716949
images/odir/da6a02e04d13ba3d.jpg,-6.138869
images/odir/af4d45d90e37dbbe.jpg,-2.1317654
images/odir/6cb247291e3d3515.jpg,-2.9454026
images/odir/7480e71f477c6689.jpg,-7.018477
images/odir/29e94ade00f158f0.jpg,-3.803021
images/odir/57f371a011bcecb1.jpg,-4.223278
images/odir/cd5aa16de9ede773.jpg,-4.43585
images/odir/b01a12ab3e7ff738.jpg,-4.753486
images/odir/17cc7704bb0ab04b.jpg,-3.426744
images/odir/2304927c291def35.jpg,-2.5556874
images/odir/0f04fa8278da572d.jpg,-1.7643456
images/odir/4d86f2ab82b01e7e.jpg,-6.0460215
images/odir/cd9a679084de8c31.jpg,-2.6063871
images/odir/52960543d367741e.jpg,-3.3522215
images/odir/8af9b6f34e9b659b.jpg,-5.7650356
images/odir/4d87a7eaadff3851.jpg,-4.154864
images/odir/f795f014fa2265df.jpg,-4.704619
images/odir/6f075e45653ea974.jpg,-5.8090158
images/odir/9e0630a20dd791a6.jpg,-2.9380727
images/odir/478bb01d69407032.jpg,-2.633264
images/odir/983bc025ba08134e.jpg,-6.3294506
images/odir/208683225087c0e8.jpg,-5.2690344
images/odir/de41ef460fcc43fd.jpg,-4.526254
images/odir/50468c9f5be88c13.jpg,-3.410862
images/odir/41c7fc798c7f90e3.jpg,-3.881208
images/odir/a191bf1c0bb14799.jpg,-1.8920109
images/odir/a4201a0816365648.jpg,-1.5470396
images/odir/9a9dabb564ff243a.jpg,-5.007595
images/odir/36b8746b41cb68fa.jpg,-5.645311
images/odir/98165e9edefe5568.jpg,-4.3161254
images/odir/267a52b53ed9ba55.jpg,-2.2606523
images/odir/a94f82f398e8ce5f.jpg,-2.3583865
images/odir/7d3ecd55c14b3f4f.jpg,-5.7723656
images/odir/1ae7af4367bdce47.jpg,-4.7217226
images/odir/16a8eb18e0d56666.jpg,-2.7340527
images/odir/6977fd9a05b277a5.jpg,-3.6649709
images/odir/598e933c7c42221e.jpg,-5.7357154
images/odir/a904dea956ee1ccb.jpg,-5.5524635
images/odir/b8baeb8d27907996.jpg,-3.6649709
images/odir/f1630cce0d0c56ba.jpg,-4.0155926
images/odir/3491320d38ef1d88.jpg,-3.214172
images/odir/5e09bb376ab7623a.jpg,-3.4597292
images/odir/023146135b99ceb7.jpg,-3.9251885
images/odir/6b1d46508f93632d.jpg,-4.753486
images/odir/cf5ecb19e8cad128.jpg,-4.9196343
images/odir/c56aed07cfd5de00.jpg,-3.3070195
images/odir/5e0acf3e3eb002d5.jpg,-5.3618817
images/odir/cdc04e028538de4a.jpg,-4.8096833
images/odir/dc0ba8fe63eb6f4b.jpg,-7.257926
images/odir/a3ed88ca2e7c0897.jpg,-7.0771174
images/odir/73b2d6be306499c1.jpg,-5.90675
images/odir/91265125607b3a21.jpg,-3.0749006
images/odir/e314d40d76b7ec5e.jpg,-5.4987097
images/odir/022d765e55952718.jpg,-1.0695162
images/odir/e8f288f3766c5fd7.jpg,-4.7681465
images/odir/eed7f9fd2426364a.jpg,-4.8194566
images/odir/717c84f90af602d4.jpg,-4.7974668
images/odir/243420a58fd03c06.jpg,-4.404086
images/odir/6801abef9d4a5093.jpg,-3.854331
images/odir/2b911879c74a4e46.jpg,-5.2641478
images/odir/25a623d57033d0c9.jpg,-5.6135473
images/odir/446a5595f8524456.jpg,-4.6019983
images/odir/54fdf9000e63a112.jpg,-5.2983546
images/odir/3c70cd7e8a05275f.jpg,-2.352889
images/odir/4677cd828182ba36.jpg,-5.237271
images/odir/3a6d315da853efc6.jpg,-5.591557
images/odir/201e24f2de528fcb.jpg,-6.427185
images/odir/daccfb41494676af.jpg,-2.6418157
images/odir/39b5b1954d4edba3.jpg,-5.1517534
images/odir/bb78817f84fdebb0.jpg,-4.1035533
images/odir/76900ad3a6594a8a.jpg,-6.124209
images/odir/abce2664f1e6451f.jpg,-4.597111
images/odir/4676520477686d94.jpg,-5.320345
images/odir/06a111e53528d2e3.jpg,-3.976499
images/odir/14392e950d56d425.jpg,-5.183517
images/odir/0c0a70af80457ad7.jpg,-5.91408
images/odir/80298b8c0acc4a4a.jpg,-7.321453
images/odir/c0fa408318bee216.jpg,-4.8487773
images/odir/9bce60290548196e.jpg,-5.2152805
images/odir/9a49b4816eee6c3c.jpg,-6.031361
images/odir/ff4d3af61d1b12af.jpg,-4.8658805
images/odir/b8466e2ba3e54062.jpg,-4.4382935
images/odir/5091ba0f9457fa18.jpg,-3.2324972
images/odir/c9547e7f2de65f4c.jpg,-5.2348275
images/odir/785b1520d67c756f.jpg,-5.89209
images/odir/f1d62bf6b6fed4d3.jpg,-6.0753417
images/odir/cb942fb9889b7d0d.jpg,-6.0753417
images/odir/6b10941c9fe4bf64.jpg,-6.0069275
images/odir/e4fc60e45064344c.jpg,-4.020479
images/odir/022f8394cf0af508.jpg,-5.137093
images/odir/4e88c8486a1bd39e.jpg,-4.3991995
images/odir/e87af25ce236ed68.jpg,-5.232384
images/odir/eba7161a9ab99cc0.jpg,-5.0515757
images/odir/598987e9100fd2b5.jpg,-3.0138168
images/odir/8f46eb9786efb790.jpg,-5.3936453
images/odir/bac1f9647cd8f31c.jpg,-4.7095056
images/odir/253fbf8d8014a082.jpg,-3.38032
images/odir/24482e65f2c62fe4.jpg,-4.8023534
images/odir/bb9ce52cd2d4c872.jpg,-6.7399344
images/odir/8b645e84d67540b1.jpg,-4.648422
images/odir/840b1871eb61194c.jpg,-4.8512206
images/odir/53e3bd2bd98e3972.jpg,-4.753486
images/odir/bc083aa4d5452adb.jpg,-5.115103
images/odir/aa7d6b74839ee703.jpg,-2.974723
images/odir/42fa241683ebc777.jpg,-5.811459
images/odir/795ee40bab446475.jpg,-3.4658375
images/odir/9b4e5a59b93e4d1a.jpg,-3.3216796
images/odir/ed5079fb4f2b0a78.jpg,-5.356995
images/odir/3fb082adb5770246.jpg,-6.441845
images/odir/4f93fb8bf342fde8.jpg,-4.8292303
images/odir/064915d4a07a8d2d.jpg,-3.5049314
images/odir/cbbf055edf14181c.jpg,-4.533584
images/odir/5527ceff17197302.jpg,-5.0931125
images/odir/7942685f4e7b6e50.jpg,-5.2714777
images/odir/733bb5e1d3f25591.jpg,-6.735048
images/odir/a97d5db4a4633fc1.jpg,-3.3754334
images/odir/5c53d59ffc6fe99e.jpg,-4.7388263
images/odir/9dc497665b94598f.jpg,-3.0639057
images/odir/b50160ccac497891.jpg,-3.7956905
images/odir/41042dfe7e741148.jpg,-4.518924
images/odir/d937167e1d20fccd.jpg,-3.357108
images/odir/a9509c13f8dc5045.jpg,-5.3056846
images/odir/3f783ed962ebfa21.jpg,-3.1787434
images/odir/a67c85a2f982face.jpg,-1.6621828
images/odir/76a8968c27667daf.jpg,-4.2183914
images/odir/46b821267bd343e2.jpg,-6.0191445
images/odir/00e3119acf2142a9.jpg,-4.9147477
images/odir/d65e28f25fa227f3.jpg,-5.8603263
images/odir/bd2cb7d5a3ff431c.jpg,-3.5977788
images/odir/7b3ca7870dc83b1a.jpg,-3.680853
images/odir/8af47af4b4b700ec.jpg,-3.2361622
images/odir/cd42cc2b49642e82.jpg,-4.9465113
images/odir/d92a3b2bac18a6fc.jpg,-4.5848947
images/odir/4c8f402ed86335ed.jpg,-3.8262324
images/odir/dd41e4bdc4d4a6bb.jpg,-4.250155
images/odir/4d396b6c44f202ea.jpg,-3.3693252
images/odir/4fca2d23be0d5521.jpg,-3.2276103
images/odir/0f6bcf2d8db791eb.jpg,-5.88476
images/odir/b82480472cb5b414.jpg,-4.3820963
images/odir/069c24e775f0a7d9.jpg,-3.9398484
images/odir/6adef6d8cd44552d.jpg,-3.536695
images/odir/c836b7780e0daf01.jpg,-3.7773657
images/odir/9cde76c4ab297d9e.jpg,-4.936738
images/odir/bd6be8ed2c59338c.jpg,-3.2496006
images/odir/b7d134c3b497a512.jpg,-4.2330513
images/odir/38881bb5d019d192.jpg,-5.110216
images/odir/67958dc9e183d6af.jpg,-5.7161684
images/odir/1404a5a83ba721e1.jpg,-5.8994203
images/odir/5165ef7708f3109a.jpg,-5.933627
images/odir/f21a5b086a4f2c3b.jpg,-4.1988444
images/odir/1571b5ea2b182743.jpg,-5.637981
images/odir/fe4acca897809965.jpg,-1.7191435
images/odir/d3775e16e253c2b0.jpg,-3.976499
images/odir/ee4d92a0dd68918e.jpg,-4.074233
images/odir/aecfed48359d2f9a.jpg,-5.821233
images/odir/2e6b72b47768989d.jpg,-5.374099
images/odir/0b05d6e42c5d6a86.jpg,-3.3424482
images/odir/71bfea388edc7ae1.jpg,-1.7292223
images/odir/5e9006785f59f6ff.jpg,-5.466946
images/odir/75907289d37df044.jpg,-4.9611716
images/odir/af9a6c9f1adecfab.jpg,-4.5091505
images/odir/ffb65331ba292c94.jpg,-4.5995545
images/odir/2e11f4b22397fb2e.jpg,-6.3099036
images/odir/fb512927761cd9d7.jpg,-4.2721453
images/odir/cc32fe0a677654e4.jpg,-6.27081
images/odir/08ca22d8d68a14f6.jpg,-5.3447785
images/odir/a6cfe1efb9b2db92.jpg,-5.9165235
images/odir/50848d74f4dacfd5.jpg,-6.2732534
images/odir/3c722790b28eb6c9.jpg,0.09901881
images/odir/7330d28a2628310f.jpg,-4.616658
images/odir/be2a6db41aba2715.jpg,-4.909861
images/odir/2273c13720f86982.jpg,-5.713725
images/odir/706b9ae7de228041.jpg,-3.3363397
images/odir/47cda28f2c4a2d00.jpg,-6.361214
images/odir/dfaee757702e530b.jpg,-1.927745
images/odir/ec70cd5d86b0689f.jpg,-4.834117
images/odir/3e1ecbfb78536796.jpg,-3.5256996
images/odir/b8438086cfa90725.jpg,-6.050908
images/odir/b174b73dc732fc70.jpg,-5.5524635
images/odir/c289a0f3bfd0963b.jpg,-2.366938
images/odir/586bfbcb40eecadb.jpg,-5.9556174
images/odir/267684e7cf89ab3d.jpg,-5.5451336
images/odir/2a395206abcf2313.jpg,-4.9465113
images/odir/d2ce421e156e09b2.jpg,-2.5514116
images/odir/7b3922be96577363.jpg,-5.4767194
images/odir/296b9c4dfec0d995.jpg,-5.728385
images/odir/86746f990f2bd1dd.jpg,-4.81457
images/odir/edc60fd527ddf62a.jpg,-5.6501975
images/odir/2c98ccf5fdddcc93.jpg,-5.664858
images/odir/57e7f01eae6ce669.jpg,-4.7632594
images/odir/10c8db92323d7472.jpg,-3.6051087
images/odir/b750660c91a3e708.jpg,-5.427852
images/odir/1e9e12f65dce95d7.jpg,-3.9422922
images/odir/e5c7c36c7deda80d.jpg,-3.9716125
images/odir/7251412e5fbc0050.jpg,-1.5362736
images/odir/219eceed0ae4e1ea.jpg,-5.5940003
images/odir/a6295fb1fc465bf0.jpg,-4.751043
images/odir/30875b0c36fb7fa6.jpg,-6.177963
images/odir/aa73ff55f8adc127.jpg,-5.3667684
images/odir/27c6dd9c41cf939e.jpg,-5.034472
images/odir/eff6e0ddf0814f35.jpg,-3.3986454
images/odir/9c4e592c2944d1ec.jpg,-5.7894692
images/odir/003d539c112ae73d.jpg,-6.1901793
images/odir/d9129fafdb48e5e1.jpg,-5.080896
images/odir/9c7ec7a0fb668eb2.jpg,-4.7559295
images/odir/4d022cd51872f20f.jpg,-4.377209
images/odir/5d5963e541e35f3a.jpg,-2.3156278
images/odir/d838b88554bae57c.jpg,-4.7290525
images/odir/1ca1401e6f962071.jpg,-4.2623715
images/odir/8dc4d653f36df160.jpg,-4.863437
images/odir/9f83345696af70c1.jpg,-2.3174603
images/odir/4e71e4da1ee61e31.jpg,-4.404086
images/odir/a8f5d4fd913929f4.jpg,-3.5000443
images/odir/37947d66bbc5ca58.jpg,-2.561185
images/odir/7407617a33ee0b92.jpg,-3.8873167
images/odir/e7b0946b34ca4ea2.jpg,-3.1775217
images/odir/91ef1ce6ba05451a.jpg,-5.5182567
images/odir/95b6b46e79f7c2ec.jpg,-4.7754765
images/odir/cbb537fa9195de2a.jpg,-4.484717
images/odir/f0c6459784d16c30.jpg,-0.8868754
images/odir/2237ebc7042dead6.jpg,-5.425409
images/odir/b9c747f528f9f4a6.jpg,-6.3099036
images/odir/4bec69d2a2bed822.jpg,-5.4156356
images/odir/dfee05c2792f358c.jpg,-5.4425125
images/odir/81f5be85d7e22315.jpg,-5.1322064
images/odir/945b4684271f3f36.jpg,-2.8549986
images/odir/555b887e06139105.jpg,-4.81457
images/odir/bb808cfd1f619f1b.jpg,-2.01143
images/odir/8198e879b60e60cd.jpg,-5.5329165
images/odir/375df097efc17d4b.jpg,-2.0957258
images/odir/5acfbf27c26ee869.jpg,-2.6778553
images/odir/ff248a0fda8eade9.jpg,-4.780363
images/odir/541f2be88cbc0d2a.jpg,-5.5402465
images/odir/99bf9066e17fcd8a.jpg,-1.7451042
images/odir/1f7967a935bf0bda.jpg,-4.587338
images/odir/20d72bb9a67f87d6.jpg,-5.8627696
images/odir/66a256dc2e35f9c7.jpg,-3.3693252
images/odir/75449a0aa647c93a.jpg,-0.13310003
images/odir/45e6eff5c3f22245.jpg,-2.2111742
images/odir/f69a4346b40af9e8.jpg,-4.670412
images/odir/53741c34947f4884.jpg,-5.5891137
images/odir/54f32d98f4fc7c7a.jpg,-5.4351826
images/odir/19d2d1a0e5839e43.jpg,-5.918967
images/odir/eab3b1f5dc341707.jpg,-5.6966214
images/odir/7e895c837b5e2ef9.jpg,-3.361995
images/odir/777b4d325ef1adb2.jpg,-4.4676137
images/odir/51274e714ef82e8a.jpg,-5.4693894
images/odir/2c5ca283233f5a27.jpg,0.29326558
images/odir/990ff2e325ca7ff9.jpg,-3.9813857
images/odir/28a6c30e38d27dd4.jpg,-3.642981
images/odir/923d6610533fd6e4.jpg,-4.689959
images/odir/6291b89c34bc6ee7.jpg,-4.8023534
images/odir/21558bef59442a05.jpg,-5.501153
images/odir/9803f68859894f40.jpg,-6.151086
images/odir/487596da149a8b21.jpg,-5.701508
images/odir/d5bbb53465fd3672.jpg,-3.506153
images/odir/3d733db7b2e01756.jpg,-5.948287
images/odir/f119b8a6cca748d0.jpg,-2.2075093
images/odir/3d6e7994184d7065.jpg,-6.27814
images/odir/fe1ef7c941e8e0c2.jpg,-4.1108837
images/odir/a7a31659252d4360.jpg,-6.4516187
images/odir/ccfc459fd25c216d.jpg,-5.3863153
images/odir/d9d3fe04d8e34e57.jpg,-5.19329
images/odir/a8f77e014da6e5d2.jpg,-3.9496222
images/odir/f9fde7b3ccc118e2.jpg,-5.2763643
images/odir/4e4080c6da11ac99.jpg,-4.689959
images/odir/ac3a91c1bc03cdfe.jpg,-3.7065082
images/odir/eab08db8df27fa8c.jpg,-4.037583
images/odir/b79baaf33508a9ea.jpg,-5.691735
images/odir/6e2e15c8384b3cd2.jpg,-3.2153935
images/odir/6c125a153175192e.jpg,-1.5597146
images/odir/2d1dfb2143494a9a.jpg,-3.8518877
images/odir/9a385a54edff7326.jpg,-4.9269643
images/odir/59ddba1929db8ed1.jpg,-4.484717
images/odir/291a3dbe421afb9a.jpg,-5.7503753
images/odir/5901f98de38d9f20.jpg,-3.6099954
images/odir/e0060102af58a6d7.jpg,-0.8514467
images/odir/adf1f594e983a462.jpg,-6.0460215
images/odir/33e3e562854f9643.jpg,-4.291692
images/odir/4b9960dbc2b2e283.jpg,-5.1541967
images/odir/b22b28df8784935f.jpg,-1.5555913
images/odir/9bab9e2b55b83e84.jpg,-4.022923
images/odir/fe627daed06dca03.jpg,-6.4516187
images/odir/34a0710a71dc8c25.jpg,-5.110216
images/odir/ef0d432e6697c709.jpg,-2.652811
images/odir/4f7b45aa83711f75.jpg,-0.46356392
images/odir/cd81dd4d510e9bfb.jpg,-6.8425555
images/odir/9423bc628ec54fa9.jpg,-3.8958683
images/odir/90441a97ff3434dc.jpg,-5.8163457
images/odir/5962e32a470874fc.jpg,-3.8616614
images/odir/9560c31a107e4df8.jpg,-5.212837
images/odir/75a2b65d7ccc9888.jpg,-4.733939
images/odir/4b43a25fa3b5195a.jpg,-5.537803
images/odir/29fb9e502cabfa0d.jpg,-6.4516187
images/odir/d522417e5b826014.jpg,-2.2148395
images/odir/dfca7a718f79fe33.jpg,-5.4571724
images/odir/50c2d633c6bb54ee.jpg,-5.940957
images/odir/38cd119e5a2350c5.jpg,-2.2905834
images/odir/ea5037017ce5eee0.jpg,-5.755262
images/odir/b84bc9d4b278e465.jpg,-1.8071043
images/odir/02254f62161f2c40.jpg,-5.7454886
images/odir/f8e74ed3a1dbf494.jpg,-4.1255436
images/odir/8ffd4489c2c10c33.jpg,-5.8358927
images/odir/47aaffb178305031.jpg,-5.6892915
images/odir/f80f725de713d1da.jpg,-3.4133053
images/odir/54e334a423ce1e23.jpg,-5.3814287
images/odir/7c7cbb00768e1649.jpg,-4.45784
images/odir/70de76ea0168c0ae.jpg,-5.850553
images/odir/a4827b32ff7e75bd.jpg,-4.743713
images/odir/8815b29bda050d94.jpg,-1.950346
images/odir/1d7bc5297a5d8d26.jpg,-3.214172
images/odir/a41d8b4ff9c77ded.jpg,-5.4351826
images/odir/daa05aed632fffd8.jpg,-2.8928707
images/odir/fa4f634bf2db5711.jpg,-5.293468
images/odir/49751298856269d1.jpg,-4.9611716
images/odir/2af80b523837b5cf.jpg,-4.154864
images/odir/0958aa89d05268cd.jpg,-6.2537065
images/odir/f2eb2f70492fc702.jpg,-5.679518
images/odir/c2cf5b3ef53bbfc7.jpg,-5.054019
images/odir/0a87f65be2c2ed0a.jpg,-4.765703
images/odir/c501bbf835010296.jpg,-3.9447355
images/odir/d2abe51cda2fdd70.jpg,-5.0589056
images/odir/ae4c18b3660ab788.jpg,-6.0338044
images/odir/fbd5076663ee1fc0.jpg,-4.6386485
images/odir/fc63223149701031.jpg,-4.882984
images/odir/c138be609e5ab4c8.jpg,-4.540914
images/odir/bb2c3327ce9610e1.jpg,-5.3985324
images/odir/a6a07dc3de2340e6.jpg,-2.5135396
images/odir/34ae23390048624c.jpg,-1.1919894
images/odir/fa50633144adce0a.jpg,-5.1884036
images/odir/48360648fdfe68bf.jpg,-3.2838078
images/odir/d2c947e4a49eab7e.jpg,-5.0711226
images/odir/3f3cc380f2843099.jpg,-4.511594
images/odir/64e48fd29d6bd423.jpg,-4.753486
images/odir/103a04f6106f5667.jpg,-3.6857395
images/odir/9a84204c84be3dcb.jpg,-4.5091505
images/odir/0d4a82a7aa55ce36.jpg,-4.6386485
images/odir/94f9b8f596041c58.jpg,-3.0015998
images/odir/77b3ef55ce86d9c0.jpg,-6.4858255
images/odir/a074991cf98206f2.jpg,-4.751043
images/odir/b92909c1cd0db8df.jpg,-4.897644
images/odir/15c2978c517a6d3b.jpg,-4.3454456
images/odir/857025d3fefe7461.jpg,-4.030253
images/odir/97dbb6134fbedc1e.jpg,-5.838336
images/odir/feff96a1ed2a7b01.jpg,-3.9178586
images/odir/0a873a40e84bbaca.jpg,-3.6063304
images/odir/b1f8691138167f23.jpg,-4.9489546
images/odir/770310bd55567b1b.jpg,-3.88976
images/odir/10484f2ca4b20dc4.jpg,-5.073566
images/odir/45d774e81f4609ff.jpg,-4.4382935
images/odir/18ab615f4f5d336e.jpg,-5.073566
images/odir/f4e09bfc0a568051.jpg,-4.4334064
images/odir/9012911ea13f9978.jpg,-5.4327393
images/odir/a0afbd038d84a97c.jpg,-5.080896
images/odir/7a601984749a401e.jpg,-4.3161254
images/odir/2c0bfe98ce55b1a8.jpg,-5.3398914
images/odir/8b8cac8cfe0e72c9.jpg,-6.0460215
images/odir/054314306327da71.jpg,-3.1115508
images/odir/32ca013ec883ce97.jpg,-5.6697445
images/odir/b8cb970d726401d7.jpg,-4.663082
images/odir/7877b12aa9f6a994.jpg,-6.647087
images/odir/e5c34a3e3707809c.jpg,-2.4420714
images/odir/9800739f750cf91b.jpg,-5.574454
images/odir/96627e49114fdf58.jpg,-6.6715207
images/odir/44d68e05aeb93b45.jpg,-4.880541
images/odir/78ebc49f7c796d08.jpg,-6.6324267
images/odir/aacb3ad220c61549.jpg,-6.2390466
images/odir/9e7fddc5af6f89a6.jpg,-4.3185687
images/odir/6b54368d5b599b88.jpg,-3.7309418
images/odir/a6b1d48ad24da217.jpg,-5.102886
images/odir/58e0cef6ca3bdf3d.jpg,-4.3307858
images/odir/fa54573d37eb5b19.jpg,-2.3999236
images/odir/0cadc2fef1e07766.jpg,-5.0027084
images/odir/545db3f88fc21ed1.jpg,-3.3925369
images/odir/73980fb439c75c43.jpg,-4.963615
images/odir/2e69edbbb32156e6.jpg,-4.6728554
images/odir/e15e7cac9b037671.jpg,-3.771257
images/odir/bfe408b03425c8b7.jpg,-5.1248765
images/odir/5354e909734a4058.jpg,-3.810351
images/odir/e3cda77351fb31b6.jpg,-2.6729686
images/odir/ff01de7d4ca801df.jpg,-1.1524377
images/odir/86a3ee5d7aca6267.jpg,-3.4157486
images/odir/2ac7b9c06f3418c7.jpg,-4.1719675
images/odir/7e164320e051d946.jpg,-5.0931125
images/odir/91276abc5b42685b.jpg,-4.360106
images/odir/f8baa3e70ddd084c.jpg,-4.2281647
images/odir/7232b2b0c1d6bc4c.jpg,-3.763927
images/odir/aeedf33ff7080f21.jpg,-4.79991
images/odir/860421b229d32e1b.jpg,-0.40064752
images/odir/8aed3b68e849cc8d.jpg,-3.8641047
images/odir/b9c7131c3fa4e060.jpg,-3.983829
images/odir/85464c8e42213c78.jpg,-4.3430023
images/odir/a0dfb976bb4493af.jpg,-3.3045762
images/odir/7dc1e381a3c99ed5.jpg,-4.773033
images/odir/b5e8ed8199e36a4c.jpg,-4.132874
images/odir/cd2f465c248baeb4.jpg,-3.34367
images/odir/3a5aa0166558cd9a.jpg,-4.9562845
images/odir/7558de114f19e290.jpg,-0.8373974
images/odir/3ccbcc5afc2950e8.jpg,1.4941751
images/odir/f7982292567e6776.jpg,0.940755
images/odir/daf0ae48fdcdda3d.jpg,0.6512171
images/odir/03cf0aa248eadbe9.jpg,1.058036
images/odir/4311d91a03e4cce4.jpg,0.011057973
images/odir/ae4baeaf8edd4201.jpg,1.0030605
images/odir/17d52861cc8b9056.jpg,0.9065479
images/odir/7dd112316534cfe2.jpg,-4.7021756
images/odir/a6a1292d9bc05685.jpg,0.553483
images/odir/7423c49a692e66c0.jpg,-2.2673714
images/odir/4252ff05653112c1.jpg,-3.639316
images/odir/e1f6cecd215f8e72.jpg,0.28715718
images/odir/39847aefa92c0f66.jpg,-0.9039788
images/odir/a7ee8f8d724f8188.jpg,-0.041474223
images/odir/e306a7ba175c6c2e.jpg,-3.53303
images/odir/19d21dd241c3b972.jpg,0.6023501
images/odir/e91c8d276060b9e8.jpg,-1.7344145
images/odir/dfc244326885c193.jpg,-5.217724
images/odir/0e87444d0e64ee49.jpg,-4.8658805
images/odir/1c7d8e6831e41e3e.jpg,-1.1367085
images/odir/ff6ba8d8ec0f0165.jpg,1.0177206
images/odir/a5b2a2f70bcc30c3.jpg,-1.5061134
images/odir/1493d5a5a2dec728.jpg,0.65610397
images/odir/a030b95f94b00ef2.jpg,-4.9123044
images/odir/dd0b14007bdc2bc7.jpg,1.1130115
images/odir/afa993ce2b666b37.jpg,0.557148
images/odir/01a4e8dc1b75a900.jpg,-1.1649598
images/odir/54d85f14555f69eb.jpg,0.13078237
images/odir/d5788b1a05f52bfa.jpg,-0.24549448
images/odir/cb9b71b420eb8215.jpg,-0.43546534
images/odir/1efa1fe70f81a2a8.jpg,1.1936423
images/odir/c4070f1fd36dc6e6.jpg,-0.5900076
images/odir/b0f9cdb26bf6c9f8.jpg,-0.27298224
images/odir/e569360cfb537b6c.jpg,-3.4658375
images/odir/0e4f88468afa0fbe.jpg,1.3060366
images/odir/4f4241e6b09c5351.jpg,-0.5814559
images/odir/90bec576fa43c23f.jpg,1.3475736
images/odir/792e42df4ef03292.jpg,-1.3581376
images/odir/ad6bec555ad55a4d.jpg,-2.0438044
images/odir/aeb6e51474e03eaa.jpg,-0.20823324
images/odir/e8dedfa4100c981c.jpg,-3.426744
images/odir/f03c25436b2cc5de.jpg,1.191199
images/odir/41fe3329569b544b.jpg,1.8386883
images/odir/fd29a02d3cfbc055.jpg,0.050151706
images/odir/54c0a27f80232141.jpg,-1.4760296
images/odir/ce0f20108cc549c3.jpg,1.5234953
images/odir/478558ea9013f064.jpg,1.384224
images/odir/fec5f41340fb0936.jpg,1.3988842
images/odir/3a723d4d511e2a4c.jpg,0.98473537
images/odir/bd0a682708637ecd.jpg,0.36167955
images/odir/bf9ea76e44c90492.jpg,-4.697289
images/odir/6c0fcc948dcc847d.jpg,1.1203417
images/odir/b1740ec52393530f.jpg,-3.2801425
images/odir/7291e840006e50b7.jpg,-0.63215554
images/odir/9143f3397f0e9501.jpg,1.7922643
images/odir/c1d73f5e95e630ee.jpg,-2.6454809
images/odir/467592a02a576557.jpg,1.3988842
images/odir/8bcc11910987902b.jpg,-1.3976227
images/odir/92385ada70334cf1.jpg,-3.920302
images/odir/35da2cf331572a21.jpg,1.058036
images/odir/3b4af1798845512b.jpg,-4.973388
images/odir/b92bc04cc4b2e8f9.jpg,0.9089912
images/odir/354f8961586225b5.jpg,-3.7785873
images/odir/270122f21c80d403.jpg,0.64755213
images/odir/d98ff7af8e586553.jpg,-4.3087955
images/odir/4c2f7a63c649f7f7.jpg,0.4154334
images/odir/bb1e29ac4cf719eb.jpg,-2.36816
images/odir/faefece94b6bc7ad.jpg,-1.5194755
images/odir/901da3c98c653af1.jpg,-3.8286757
images/odir/e4e78d54eda89ead.jpg,-2.7535992
images/odir/0e20f25716353a74.jpg,-2.6198256
images/odir/8cd9126b9c7a0fe2.jpg,-1.0441664
images/odir/9c3ec469d89eba78.jpg,-2.147036
images/odir/56b0d3ae0dc76f08.jpg,-4.394313
images/odir/ed439e04a1803432.jpg,0.5974635
images/odir/4aba60d25ae8abd7.jpg,-0.35605633
images/odir/b7466b39f8ed3d19.jpg,-2.3956478
images/odir/701bd3eccf047179.jpg,-0.8685502
images/odir/ccf43149db8c6dd4.jpg,-5.254374
images/odir/6c58341368008797.jpg,-0.3633864
images/odir/40f264e7b8313455.jpg,1.7116338
images/odir/d63313c3648ca25f.jpg,-1.3233962
images/odir/abf38a9726255925.jpg,-0.72194886
images/odir/6170df6396425d0b.jpg,1.9217623
images/odir/9c10c67635741f81.jpg,0.64755213
images/odir/17e5b5ff1d0a2826.jpg,-2.2594306
images/odir/891803f8bf11265f.jpg,0.746508
images/odir/a0130527b16d9e37.jpg,-5.183517
images/odir/3f0c2b2107053fba.jpg,-2.4035885
images/odir/a7efd606f8b6102a.jpg,-2.3589973
images/odir/cee28efeb112ab60.jpg,-0.292529
images/odir/307ea4ab38db5683.jpg,0.31769907
images/odir/1dd8bf0f004f2e17.jpg,-5.0931125
images/odir/25e0362af1051e98.jpg,-0.02437067
images/odir/1496acdc82592e34.jpg,-1.4884754
images/odir/8f539b6909251e02.jpg,-0.3963716
images/odir/1c24406bf98ded50.jpg,-4.7192793
images/odir/cb33c19fc2c7d0ee.jpg,0.6805376
images/odir/0cf3a4706e5addff.jpg,-4.697289
images/odir/c21e56bc805f751f.jpg,-0.4782241
images/odir/b6789fb4807f4266.jpg,-3.5880055
images/odir/7bb8ff42529ceb6e.jpg,0.8014835
images/odir/5703094e3ae20124.jpg,0.2224083
images/odir/ecaee8a4449244b8.jpg,-2.8892055
images/odir/6db7ccfba50acafd.jpg,0.8589026
images/odir/5ae83f371993cb13.jpg,-0.9232203
images/odir/fdfd9782704a2fc9.jpg,-0.9363533
images/odir/4ed26b31a75a07c6.jpg,-3.7578187
images/odir/1abb50f893e3a77a.jpg,-4.154864
images/odir/9684524719a85ed7.jpg,-0.8114368
images/odir/42ceb5e9cefd6b3a.jpg,0.26272357
images/odir/52803cf476c2b9f8.jpg,1.8924421
images/odir/c5660f9721cebab5.jpg,-0.345672
images/odir/ebc145f3d982df92.jpg,-0.9467376
images/odir/d21797a8dcf88d14.jpg,-4.5702343
images/odir/51240cedd10de037.jpg,1.2962631
images/odir/9c0d92cd72a5321f.jpg,-3.2386055
images/odir/84719b713f28ae48.jpg,-0.003602147
images/odir/8026544533aed324.jpg,-2.466505
images/odir/4bc3fb0182d4aad9.jpg,-3.7321634
images/odir/7a559e8b5487f1c2.jpg,-2.8672154
images/odir/fad0dff81a4b1344.jpg,-2.7926931
images/odir/addaf03cd1e9ebac.jpg,-0.056134343
images/odir/dec7c6db981d40b8.jpg,-3.8763213
images/odir/5e916b4cf3fd8927.jpg,-1.5199336
images/odir/8f252942f891fedd.jpg,0.50217247
images/odir/ba4837b5fcc40d67.jpg,-3.4866061
images/odir/800a973cafa80a4f.jpg,-4.5897813
images/odir/379a797e62cc8b8e.jpg,-0.1404301
images/odir/af758ea368711581.jpg,2.0585904
images/odir/5e5e8b4e3381d72c.jpg,-1.751518
images/odir/1ed112d241828894.jpg,-3.1262112
images/odir/48767ae0e3ec2223.jpg,0.8674542
images/odir/513739e60f13b82e.jpg,-0.20640075
images/odir/1c3d11d1c73e9b73.jpg,0.29815233
images/odir/d4e1e9c40f7c777e.jpg,-0.50449014
images/odir/2242df5e2430ce0d.jpg,-1.1382356
images/odir/811a5ccb076466e9.jpg,-1.3715951
images/odir/40bc4100ef7d22ae.jpg,-2.3351746
images/odir/64823429f88794ae.jpg,-0.32979023
images/odir/ff9cc6f7437c4221.jpg,-1.4765259
images/odir/2326dd8ff79c26d5.jpg,-1.0576049
images/odir/4d43634bc4fc45a1.jpg,-5.1957335
images/odir/c38c0fd091c8f164.jpg,0.701306
images/odir/c73e10db3f36e948.jpg,1.65788
images/odir/d89ca56b7db7b5ec.jpg,-4.037583
images/odir/b79c6ccdcb9ed0e9.jpg,-0.505101
images/odir/0788ebae58827e3f.jpg,-0.39759338
images/odir/a674bbd5550b191e.jpg,-1.019122
images/odir/c7cd69b75b7a54d6.jpg,0.12100899
images/odir/c6c7fb02c474d82b.jpg,-3.3913152
images/odir/c4edd0b952e24ad1.jpg,-1.9512622
images/odir/722792298a6383e4.jpg,-2.2606523
images/odir/fbdcdb56801d9010.jpg,0.075806856
images/odir/2c480e2df309c13d.jpg,-0.47089404
images/odir/33caa16cdf0f1576.jpg,-3.497601
images/odir/3b73d25ec5010e96.jpg,1.2107457
images/odir/23b7855659a980d8.jpg,0.11856556
images/odir/da844aa79aa55873.jpg,-0.6462048
images/odir/7cac2f354dc4db7a.jpg,-1.6731778
images/odir/861ce197a2b7b624.jpg,-5.227497
images/odir/3b2cae09ab1a0bb9.jpg,0.5143893
images/odir/8114da154c753bee.jpg,0.28837883
images/odir/92d5e03f19b8ea73.jpg,-2.8586636
images/odir/8ca03345ad20f775.jpg,0.8515724
images/odir/e518ed0d579e5308.jpg,-2.944181
images/odir/f801e70cc2066eeb.jpg,-3.73705
images/odir/bf72facce411010c.jpg,-1.6737887
images/odir/eb3cab835f57e1d5.jpg,-2.3162386
images/odir/bc5ef115596d2b7c.jpg,-2.1616964
images/odir/37aa954c29383cd3.jpg,-0.89084584
images/odir/36e3a7ae3cfe9b52.jpg,0.9920653
images/odir/01f36d417fb18508.jpg,-2.895314
images/odir/92d7050023c9dd59.jpg,-3.414527
images/odir/f4a06c7a95f3a648.jpg,-1.1235754
images/odir/e6c9bb6a599a95ca.jpg,-3.6674147
images/odir/8b6bc9697e23dd93.jpg,-2.7193923
images/odir/975b3afd685118d1.jpg,-1.0983784
images/odir/ed15928398033c15.jpg,-4.1646376
images/odir/309a1b480f7a0c07.jpg,-1.4679359
images/odir/d76a9ca12ba972d6.jpg,-0.26076543
images/odir/f6998bee581e9725.jpg,-0.57779086
images/odir/83e0027021edfc2a.jpg,-1.7982471
images/odir/b16e1950513a29a5.jpg,-2.697402
images/odir/3da48bcbb6d36a3f.jpg,-4.597111
images/odir/3a68f2028aa3c7a8.jpg,-4.8365602
images/odir/ee4466bbd2afa440.jpg,-1.5690298
images/odir/d6bcb27f9c582782.jpg,-3.3338964
images/odir/875252e691d29b87.jpg,-4.047356
images/odir/e5be699ba321c2f8.jpg,-5.857883
images/odir/1fa7c783fb95cc53.jpg,-4.650865
images/odir/9640ac50faa7ddef.jpg,-1.791528
images/odir/5778372080f43bfd.jpg,-6.4858255
images/odir/a5d049a838ad9202.jpg,-5.2641478
images/odir/21f99be6b40a7c72.jpg,-5.144423
images/odir/f007703aea32eb17.jpg,-6.3123474
images/odir/1c9b6592ff01b11a.jpg,-6.0557947
images/odir/2f957cf9d1e0b6a4.jpg,-3.763927
images/odir/3abacd7d91231987.jpg,-6.920743
images/odir/8027a26ebc532a99.jpg,-1.8287891
images/odir/1b53b9ce1867316f.jpg,-4.623988
images/odir/f53294a16c03121a.jpg,-4.6313186
images/odir/8af814f7dbcfb406.jpg,-7.184625
images/odir/c2eecbf953e604f1.jpg,-4.9880486
images/odir/ba5440abe6cd1345.jpg,-3.1286545
images/odir/1a7e33d116d84358.jpg,-7.111325
images/odir/a7d31ff8f7743a05.jpg,-3.8714347
images/odir/0d2bc76a709db142.jpg,-7.1601915
images/odir/e70b6523132fa381.jpg,-6.4565053
images/odir/d5f8aa957a491ec9.jpg,-3.6063304
images/odir/aad15fddab3a20a8.jpg,-3.53303
images/odir/068bfb668b9ef240.jpg,-7.8638783
images/odir/7ca06f7caac1b21a.jpg,-5.0051517
images/odir/8460d80f583f8fcf.jpg,-4.868324
images/odir/7f2ddd68c088dfa7.jpg,-4.286805
images/odir/769d41a52bfae341.jpg,-2.7792544
images/odir/bf215f55d6cae60d.jpg,-5.183517
images/odir/ee7aa53081644308.jpg,-7.424074
images/odir/028a22bc2bd46eab.jpg,-6.8034616
images/odir/d71b032ebe2f3e12.jpg,-7.1455317
images/odir/5ea175c4e7ccc5a8.jpg,-5.237271
images/odir/60c4d4b85d9b608e.jpg,-3.607552
images/odir/bac5ac6ba3b7aae2.jpg,-7.1699653
images/odir/e0c1db26a9e11b72.jpg,-7.6537495
images/odir/3f25e198f016ba29.jpg,-1.6247689
images/odir/ec4cbbe02b396637.jpg,-6.5542393
images/odir/9368c1f02a501767.jpg,-6.3465543
images/odir/3fad1d6ba878b177.jpg,-3.912972
images/odir/72e19a5e02d1847d.jpg,-4.09378
images/odir/f25c01d89dcf6041.jpg,-7.3019066
images/odir/c5fa20c7609faf91.jpg,-5.5158134
images/odir/22f5e7275b80320e.jpg,-4.841447
images/odir/5cdb25c1a90d439b.jpg,-3.7920256
images/odir/4c2844f120c1a679.jpg,-7.629316
images/odir/c23d4b1c636dc80e.jpg,-8.333003
images/odir/e66df2dfb25d2893.jpg,-1.4035844
images/odir/84b852b9804cf1e3.jpg,-6.6715207
images/odir/17c6419ed68ca51d.jpg,-7.3898673
images/odir/ebd10511fbe28b0c.jpg,-1.6623355
images/odir/7872d712f4eb597d.jpg,-7.3019066
images/odir/1a84f4948c978029.jpg,-4.9465113
images/odir/30fb59d8e4cfbf63.jpg,-4.580008
images/odir/0573fa186b6383d1.jpg,-7.4533944
images/odir/1eec91f1a60b354c.jpg,-2.7988014
images/odir/ae60ba078913513b.jpg,-6.070455
images/odir/262065293f7a81f4.jpg,-7.0624576
images/odir/287ea74a903c5345.jpg,-4.951398
images/odir/61fd4ea9c5a44fd2.jpg,-6.353884
images/odir/2f92192d445fde2f.jpg,-6.681294
images/odir/87a9690036f81188.jpg,-4.4480667
images/odir/79d78cc39f2018d0.jpg,-7.1797385
images/odir/b6a48db3831d4d56.jpg,-3.5537982
images/odir/2d2a19299908adbc.jpg,-6.9060826
images/odir/7b9844bf58f55c2c.jpg,-6.5395794
images/odir/76c3ccd0d979e823.jpg,-7.4533944
images/odir/5d7842adfa98392e.jpg,-6.6519737
images/odir/081e2172ade6ae67.jpg,-4.660639
images/odir/b9c83ffe1901674c.jpg,-4.294135
images/odir/e73367342e88bccb.jpg,-5.7186117
images/odir/d677fc3911974aaf.jpg,-7.5022616
images/odir/3cf1dfdc6c32a182.jpg,-2.716949
images/odir/573dab3f0e09cbbd.jpg,-4.8096833
images/odir/c644ec096253afaa.jpg,-4.909861
images/odir/ca2229fbc243d121.jpg,-3.9496222
images/odir/9d9c1377964e45b0.jpg,-7.5560155
images/odir/2285ec13c7a6b315.jpg,-2.515983
images/odir/77085f41dfecc8a4.jpg,-3.7260551
images/odir/075452f8963e9d9b.jpg,-5.7699223
images/odir/39acc00b2de4cf16.jpg,-4.9562845
images/odir/de9c1c530e1e574c.jpg,-4.174411
images/odir/755d8944c3f8f4cf.jpg,-6.251263
images/odir/788c7b5515c5583d.jpg,-7.5071483
images/odir/7bcbd2577477703f.jpg,-6.6715207
images/odir/53386d8ad8ebf3cf.jpg,-3.4450688
images/odir/5a4601841ba9bfe3.jpg,-7.1259847
images/odir/cbd6619940b4c4e6.jpg,-5.5793405
images/odir/9fa0b8f7e59d1915.jpg,-5.0027084
images/odir/b135c77cb486915c.jpg,-3.806686
images/odir/3ef39bf2484c57ea.jpg,-6.1755195
images/odir/498cd05e4da6022f.jpg,-2.20079
images/odir/5c47dd80347a091b.jpg,-7.595109
images/odir/2443b9ef7d7ae25f.jpg,-3.293581
images/odir/3658ccf0416b0d56.jpg,-0.24060774
images/odir/d6c969d5ce66b8d0.jpg,-4.6117716
images/odir/cb1b594bd4de0307.jpg,-3.470724
images/odir/358da40ca5cf73f3.jpg,-6.305017
images/odir/d3e81de343a7d726.jpg,-4.868324
images/odir/5d324a182591ad56.jpg,-5.501153
images/odir/8e11743b51494566.jpg,-4.924521
images/odir/53fcf8eb4bb466be.jpg,-6.070455
images/odir/c3cb8cc3a4429467.jpg,-1.3714998
images/odir/edb44231dbb5ffed.jpg,-2.03342
images/odir/60a324324b8f57be.jpg,-4.277032
images/odir/91ff6559a7c2ea6b.jpg,-4.8658805
images/odir/3df01889cc653154.jpg,-4.0766764
images/odir/fb263bed79f95fc1.jpg,-3.3045762
images/odir/25e2bc0db3c49843.jpg,-3.38032
images/odir/0623b38d145d128a.jpg,-4.3796525
images/odir/60016bf0387b08ad.jpg,-6.6128798
images/odir/1be16c73e0333995.jpg,-6.002041
images/odir/cfd5a0874c152077.jpg,-5.237271
images/odir/176f79c8066ae6f7.jpg,-5.137093
images/odir/e1fb72eaa582670e.jpg,-4.4529533
images/odir/aa4574e70664b58b.jpg,-3.9618387
images/odir/93aa54f3ea54cd86.jpg,-3.7969122
images/odir/6871b9c58edc1be3.jpg,-2.7523775
images/odir/0ccf465b506e7c6b.jpg,-1.7159367
images/odir/64d8228396a2db36.jpg,-5.183517
images/odir/10a6c3ffa1a52402.jpg,-7.414301
images/odir/8e4333fe1cd3c2a1.jpg,-6.0680118
images/odir/705410da9c8ab06c.jpg,-6.407638
images/odir/96883a64959107aa.jpg,-6.1266522
images/odir/47b44bbd6c17b6a1.jpg,-4.84389
images/odir/f3b49e5e21d772e3.jpg,-3.6319857
images/odir/d1ee704a76dc1642.jpg,-6.441845
images/odir/c14b3e28f96a5741.jpg,-3.8689914
images/odir/d78f2b085dbfa374.jpg,-3.713838
images/odir/ffc3c5620432001e.jpg,-3.9422922
images/odir/81e4dd820f193cd6.jpg,-4.633762
images/odir/660d18458367e99a.jpg,-3.3986454
images/odir/5371fe063780536c.jpg,-3.8408928
images/odir/9ae8d70a55d8e692.jpg,-5.8481097
images/odir/cf204c545b8f0c1a.jpg,-5.867656
images/odir/f75090e6aed67f6a.jpg,-4.09378
images/odir/f2e1212c1b0ca047.jpg,-2.4744458
images/odir/5388448cb9934259.jpg,-3.7101731
images/odir/4d537d0706289de3.jpg,-4.7070622
images/odir/856711113b008764.jpg,-4.9196343
images/odir/3a7722d32a61242f.jpg,1.2009722
images/odir/764851aa71784728.jpg,-2.315017
images/odir/eb34a81d524e110b.jpg,-5.403419
images/odir/cf426c4e71dda064.jpg,-3.293581
images/odir/9df7e7dc1e0ebdb5.jpg,-4.587338
images/odir/cfa26272bee0348e.jpg,-2.7707028
images/odir/4abb3bf9cc5ea544.jpg,-1.0194274
images/odir/149f90200770f741.jpg,-5.659971
images/odir/ad1c7f971fb9647d.jpg,-5.5524635
images/odir/847ddf28388e4825.jpg,-5.1541967
images/odir/98647142dde8e801.jpg,-1.6776065
images/odir/e6e477e58a783a67.jpg,-3.073679
images/odir/bb6a8c4ef9a69fcb.jpg,-4.780363
images/odir/cea563b373786735.jpg,-6.1926227
images/odir/c150e8ab1bcd9384.jpg,0.6047934
images/odir/7d0bb8c6e400ab93.jpg,1.1936423
images/odir/a614facda3e816bb.jpg,-3.3729901
images/odir/a2107358927d70be.jpg,1.4550813
images/odir/7bee897465e97e2e.jpg,1.5259386
images/odir/8631aa3d1c30574f.jpg,0.11490059
images/odir/33082f3f98c9c9fd.jpg,0.44231033
images/odir/90d1da53330729cd.jpg,-3.9300752
images/odir/8a80f601847fb4d4.jpg,-2.0712922
images/odir/ea9676ed3433c939.jpg,-4.6533084
images/odir/2e9b94b654597f84.jpg,-4.856107
images/odir/fb394a1f0e0f34cc.jpg,-5.0686793
images/odir/ccd43fc7de495840.jpg,-4.7095056
images/odir/1867d6419caaed8a.jpg,-1.6811187
images/odir/3571a54881396737.jpg,-4.367436
images/odir/33abe0b791bfaf3d.jpg,-4.9269643
images/odir/25af76bdb280d07e.jpg,-0.003602147
images/odir/1e5426af8617f172.jpg,-1.2008467
images/odir/0f87a507e96ccbc6.jpg,-0.6193279
images/odir/42cad4e94e4973d7.jpg,-3.6185474
images/odir/be21144d49930583.jpg,-4.0131493
images/odir/a05104f68da66a93.jpg,-5.017369
images/odir/7b2e220cff0c21e5.jpg,-4.980718
images/odir/af9f6e241c062b5a.jpg,-5.110216
images/odir/745663128fd74620.jpg,-4.917191
images/odir/d15f21c2c66e5793.jpg,1.0592576
images/odir/00f2dc1e938ac955.jpg,-5.4962664
images/odir/2e954d763083a1f3.jpg,-4.347889
images/odir/85c5f9bb0b32bb9b.jpg,-3.1628613
images/odir/dded8cb872dd7c7b.jpg,-3.767592
images/odir/64e0dc61937a1bc7.jpg,0.051373363
images/odir/ddfebbc9289c5e15.jpg,-5.6086607
images/odir/4c7be0e46e6f039a.jpg,-6.476052
images/odir/5ce10739e3ed473a.jpg,-3.0040433
images/odir/6649d932bbca331b.jpg,-2.572791
images/odir/0484475644aa7363.jpg,-2.1641397
images/odir/9ac102248b3c02f5.jpg,-4.518924
images/odir/3ac68efc9c32266a.jpg,-4.5384707
images/odir/238b3133c71f6deb.jpg,-5.1517534
images/odir/f50a880a685f65e4.jpg,-3.2337189
images/odir/5c051146720ad9be.jpg,-4.022923
images/odir/f45782e40dd1757e.jpg,-5.080896
images/odir/9d2828d94ca90888.jpg,-2.857442
images/odir/0889072aacdb7fb9.jpg,-3.8127942
images/odir/940667f35113fe82.jpg,-3.8641047
images/odir/98f6e0487732199d.jpg,-2.9478462
images/odir/bd813f960a55cbbd.jpg,-3.790804
images/odir/cb11880d55ef79f4.jpg,-3.623434
images/odir/bccbc8a1b3a355fb.jpg,-4.5286975
images/odir/22d75fad76e8338c.jpg,-3.8836513
images/odir/83493d0986563160.jpg,-5.1541967
images/odir/827da97a714fbd3c.jpg,-4.3649926
images/odir/bc0a94d60bf2cd45.jpg,-4.9880486
images/odir/0ccd9479e35b25f1.jpg,-1.4729372
images/odir/ae06615fd56dc9f3.jpg,-1.9668387
images/odir/ddca90adab2a6927.jpg,-2.1604748
images/odir/9b61938c5e7e4f4a.jpg,-3.1750784
images/odir/ea6d1f70be46ab5a.jpg,-4.533584
images/odir/dcfd6b176cf8bf93.jpg,-3.7993555
images/odir/9b8b562f64f5629f.jpg,-3.771257
images/odir/b2fec226f512fe5f.jpg,-3.7920256
images/odir/429ebd0b7edd0328.jpg,-4.9880486
images/odir/415b1d5f42b44a18.jpg,-0.8890133
images/odir/27a0776481d9cf9f.jpg,-3.8189025
images/odir/557d47cf0af46766.jpg,-4.5897813
images/odir/05a7a4692803f7ac.jpg,-3.9471788
images/odir/2c3591d37316e004.jpg,-1.6493552
images/odir/9d5950f8631d73bc.jpg,-2.2930267
images/odir/466d90f151257cd2.jpg,-1.8443655
images/odir/acfe14dc773aba1b.jpg,-1.2074132
images/odir/404e37bc79a0fe33.jpg,-2.9502895
images/odir/6b98427a15a7e9b7.jpg,-5.4840493
images/odir/89455a867e2e346b.jpg,-5.0686793
images/odir/6b2a698fd60427c4.jpg,-4.127987
images/odir/75bbd1c99db2d809.jpg,-5.6697445
images/odir/9f7546af46210954.jpg,-4.8512206
images/odir/417a53e906431f8f.jpg,-4.4187465
images/odir/7fe39ce8145dc684.jpg,-2.9258559
images/odir/48cb45e5cfe46e28.jpg,-4.890314
images/odir/03f66b87795bf993.jpg,-4.4602833
images/odir/82dd34ed2649f02a.jpg,-1.3400034
images/odir/eb20c6f4279022bc.jpg,-3.7284985
images/odir/d82d835a393b0e5a.jpg,-5.403419
images/odir/dd22bcde0c5b8320.jpg,-4.8365602
images/odir/cb89b88e1fd40e65.jpg,-4.230608
images/odir/8d07bef2208b9e80.jpg,-3.4853845
images/odir/f0807eb7a7ac7861.jpg,-4.1792974
images/odir/d83940a1249191fa.jpg,-4.484717
images/odir/10a553a40fd4aade.jpg,-6.3196774
images/odir/7a556f9ecddfe7e8.jpg,-5.2885814
images/odir/1b6abfbaae7c285b.jpg,-4.1084404
images/odir/8127dc0c92be8d09.jpg,-3.7272768
images/odir/f87499d33e68001d.jpg,-5.2226105
images/odir/19e92536ca02bc8a.jpg,-5.8529963
images/odir/593b851858c9302c.jpg,-5.046689
images/odir/0dc75e9ee440e570.jpg,-4.731496
images/odir/11c81c49e4ca6562.jpg,-3.583119
images/odir/9efa53574d9766e1.jpg,-5.0442457
images/odir/a76383034649e49a.jpg,-4.897644
images/odir/f482b0821a6dcce6.jpg,-3.2434921
images/odir/89af4e16431e4ea4.jpg,-5.5964437
images/odir/c29480fd73c7a64e.jpg,-3.509818
images/odir/e8fa43825c8559c3.jpg,-3.5342517
images/odir/698775dba0737a13.jpg,-3.4047537
images/odir/5317cc996f1ed781.jpg,-2.0184546
images/odir/9f47a5097c5ebe17.jpg,-3.7944689
images/odir/8a0fddccb40a9cf4.jpg,-2.9014225
images/odir/de6134a7020e5eff.jpg,-5.19329
images/odir/fb5a062bcae5cad6.jpg,-2.109775
images/odir/f8f14a9b199ce2b3.jpg,-4.773033
images/odir/5cf801b2c5ea52de.jpg,-2.873324
images/odir/55f8af0e3018865d.jpg,-5.501153
images/odir/2d0e0483b8ba2d77.jpg,-4.7095056
images/odir/74cc0ae6056a804f.jpg,-4.4602833
images/odir/f12a630974ee3ad2.jpg,-5.000265
images/odir/d833a18872be2393.jpg,-5.1346498
images/odir/4ff03b7181c60be0.jpg,-4.0620165
images/odir/8abd7f2c5e968dcb.jpg,0.13566911
images/odir/1841614c0b9febe3.jpg,-4.526254
images/odir/e000668fc2b32945.jpg,-5.8285627
images/odir/a924fcd575d81950.jpg,-4.650865
images/odir/447a0da6936c2709.jpg,-5.349665
images/odir/308033ab6a19d19c.jpg,-5.4840493
images/odir/5f48ad7d981595a9.jpg,-2.205066
images/odir/23caed62060bf13f.jpg,-5.16397
images/odir/7cbab82d110d8568.jpg,-2.9539547
images/odir/bc468f40adfe091b.jpg,-5.1493096
images/odir/5cc85232a3d51b8d.jpg,-4.897644
images/odir/b300d407fb2e9987.jpg,-4.6093283
images/odir/ab1d54ba837c9f95.jpg,-3.6564193
images/odir/b02e70fe48a97812.jpg,-4.7632594
images/odir/549a64e71baed763.jpg,-3.4133053
images/odir/f8e13833d974c20b.jpg,-2.3089085
images/odir/62ef9d5fb7aa492c.jpg,-5.8725433
images/odir/ff9a0e91da196fe6.jpg,-4.5555744
images/odir/cd55e77621330b86.jpg,-4.8292303
images/odir/1aeab543008a4b44.jpg,-4.511594
images/odir/b2a0fb97e8e3ac13.jpg,-2.7792544
images/odir/610f239bc0ee1878.jpg,-1.3508075
images/odir/f1dfe9bc0653ffe0.jpg,-4.970945
images/odir/2d8814aa1d946b25.jpg,-4.1426473
images/odir/b03626e2f4f24762.jpg,-4.8023534
images/odir/781cc74fdaa6461f.jpg,-3.4646158
images/odir/f131d4de2d5d2254.jpg,-3.9496222
images/odir/0788385301d17ba0.jpg,-1.8749075
images/odir/5ecbc0cd37887e5b.jpg,-2.6888504
images/odir/f4d5bf2872a30077.jpg,-2.4274113
images/odir/e8bfdcbdf58a1f0c.jpg,-1.4660653
images/odir/9b57171af276bb9f.jpg,-5.728385
images/odir/5715a281cce8777c.jpg,-3.3106844
images/odir/89d41dc0faec1d22.jpg,-3.6710796
images/odir/3ee7707fbaccacd9.jpg,-2.1580315
images/odir/79eaa21a7c4fa20b.jpg,-2.341894
images/odir/90f6b0c5014c30fe.jpg,-3.2007334
images/odir/35b79d9113262eb8.jpg,-3.3815417
images/odir/af760668c4d77c1c.jpg,-1.9433215
images/odir/b1046bb6a69c299b.jpg,-4.1426473
images/odir/2b1a23c63e504bfe.jpg,-5.012482
images/odir/a5f454187aaf4dd3.jpg,-4.1792974
images/odir/21cd7ee070110d81.jpg,-4.7388263
images/odir/249af17e99397ed3.jpg,-4.066903
images/odir/f8791f1d3e105373.jpg,-4.8658805
images/odir/650de8b4f7b54214.jpg,-4.970945
images/odir/76adf5219dd59a90.jpg,-5.374099
images/odir/1165eed1a57318de.jpg,-4.030253
images/odir/33337f13c0f8a7c2.jpg,-3.9667253
images/odir/9bb5be87e840dbeb.jpg,-6.0948887
images/odir/f32c8f0e51c8ddeb.jpg,-5.225054
images/odir/3fddfe6bd792abc1.jpg,-3.1958468
images/odir/286595f4cfb10f24.jpg,-3.5537982
images/odir/9c20c9c06af08c7d.jpg,-5.337448
images/odir/3dad11e36d9fd2b6.jpg,-4.0913367
images/odir/fc40c011ed882cf5.jpg,-4.2183914
images/odir/48e4d0fc8cec8f49.jpg,-3.3852067
images/odir/405b90ddc5673acb.jpg,-4.8854275
images/odir/b630f52668ce0ca1.jpg,0.73429143
images/odir/d2a9413ae2ae9d9e.jpg,-5.1590834
images/odir/9c6fb9a1fd1f4318.jpg,-5.4229655
images/odir/a3780852eb376b9b.jpg,-5.2079506
images/odir/12f7cb247f9cf2a8.jpg,-4.853664
images/odir/f97eca04827b1872.jpg,-5.310571
images/odir/362108ea74e75811.jpg,-5.674631
images/odir/5fca87bdd0d9fede.jpg,-5.7063947
images/odir/9981682fd410758a.jpg,-6.8132353
images/odir/3f069049b958094e.jpg,-4.616658
images/odir/c0f14501b9b7d521.jpg,-5.0418024
images/odir/f96ff61a0fb273c8.jpg,-3.6124392
images/odir/b70157e8acd44bfc.jpg,-3.5122614
images/odir/2f96981815cb5b3b.jpg,-3.4792762
images/odir/1959bee8aca4f435.jpg,-5.686848
images/odir/76465801efd6a4cd.jpg,-1.9534003
images/odir/4c2903f253eac2af.jpg,-5.904307
images/odir/a62bbf7f403cecb5.jpg,-4.2257214
images/odir/06eba7351fccc7a8.jpg,-5.073566
images/odir/021ce9442833fce4.jpg,-2.4878845
images/odir/da5f67d6c7c09c23.jpg,-1.0896739
images/odir/c45e01017f649abb.jpg,-4.286805
images/odir/392d0ec4f0f31563.jpg,-3.077344
images/odir/3cba3e56c7247215.jpg,-3.5464683
images/odir/d576e1ba28f0ab21.jpg,-2.4799435
images/odir/cf21958ad2c1edae.jpg,0.7941536
images/odir/cd174f345398bce9.jpg,-4.4602833
images/odir/2a4417d0de447fae.jpg,-6.607993
images/odir/a8aa90ea70052c24.jpg,0.2224083
images/odir/46f4c12f8888d2e9.jpg,-5.659971
images/odir/befd67d7778c18b9.jpg,-5.3398914
images/odir/e2a4027f67556780.jpg,-6.1095486
images/odir/a8a07a610196a099.jpg,-3.9618387
images/odir/8a4255fc893c44a2.jpg,-1.3004134
images/odir/4d9016204de3016a.jpg,-2.5691261
images/odir/d9a09be171410bca.jpg,-4.277032
images/odir/4184ebc9cdd2e9ca.jpg,-3.8298974
images/odir/0f38135681275317.jpg,-5.6355376
images/odir/e7e075fb5e3dea7e.jpg,-3.5611286
images/odir/d937e63070da0694.jpg,-0.48188913
images/odir/5107f2853ced3a91.jpg,-3.54769
images/odir/e8a62ca4c70e071d.jpg,-3.2605958
images/odir/95482c0288bb30a0.jpg,-3.3778768
images/odir/36ccb713b79cf4d6.jpg,-1.3553889
images/odir/d851c645682cf38a.jpg,-6.4858255
images/odir/18d20af330caf7ae.jpg,-3.9593954
images/odir/a57b1f860133f061.jpg,-4.242825
images/odir/c58111dc8eeebf71.jpg,-5.7063947
images/odir/4ca826571ecd96ec.jpg,-4.731496
images/odir/19ae32f5f73eaf70.jpg,-5.107773
images/odir/334e3e56a3590beb.jpg,-2.0468585
images/odir/c3a4b6716080d7fd.jpg,-4.6093283
images/odir/221b60e8e43f4a3b.jpg,-1.2237531
images/odir/bb2f6ae1e3c4487e.jpg,-2.1274893
images/odir/c5c2cbb691078e0a.jpg,-5.3887587
images/odir/6ac79c3e6c33a733.jpg,-6.3905344
images/odir/0d6478e9923e1981.jpg,-4.887871
images/odir/489fc92af01e91c8.jpg,-4.990492
images/odir/9bbce01c6f4e5bfc.jpg,-2.8916488
images/odir/33d2bef1e253bf26.jpg,-5.1884036
images/odir/0513f9eaba079b62.jpg,-4.7754765
images/odir/60c1e1536360161e.jpg,-6.058238
images/odir/d8aea869a3a32cf3.jpg,-2.7572644
images/odir/29ca2de3eb72732e.jpg,-5.391202
images/odir/ad60bdf34e4c96a7.jpg,-4.6924024
images/odir/8ad5fc36ce0e3b80.jpg,-5.447399
images/odir/a83164d204cd438b.jpg,-5.1957335
images/odir/d0dac2a8f07e9c0b.jpg,-5.3252316
images/odir/9f42d9e628146f44.jpg,-3.3253446
images/odir/8db2233067ae226b.jpg,-5.4987097
images/odir/1a37ddcb4cfc65a5.jpg,-2.5905054
images/odir/74ea880ff78a3bdc.jpg,-3.7028432
images/odir/d4ef45ec27ebcfab.jpg,-4.856107
images/odir/8dd4c2ac5bd77725.jpg,-3.2593741
images/odir/c660a85fb143fe49.jpg,-5.7430453
images/odir/f2295ad6543dbd86.jpg,-5.574454
images/odir/552770f489794b0f.jpg,-4.6581955
images/odir/98e486ddf465fd51.jpg,-4.3796525
images/odir/0fd060c9776726f6.jpg,-5.6355376
images/odir/f78f8f6fa93efa1e.jpg,-6.2463765
images/odir/23b35581dbed8bbc.jpg,-7.1601915
images/odir/f7331e4857522379.jpg,-5.9995975
images/odir/07bee6e6e65abf7a.jpg,-5.019812
images/odir/83e94ed0656d26f2.jpg,-5.090669
images/odir/ace361993f958e5f.jpg,-4.105997
images/odir/90ab1158fd6ab44c.jpg,-3.0834522
images/odir/cbd3a98f0e88bd00.jpg,-3.142093
images/odir/8df683a3a7bbd159.jpg,-5.7039514
images/odir/c450ca3dbeb31519.jpg,-3.5452466
images/odir/b6c53da65b37a352.jpg,-5.237271
images/odir/7b6e2bdf12902af6.jpg,-2.7022889
images/odir/d0952c3a3c87161d.jpg,-5.1615267
images/odir/923371b04552a07a.jpg,-3.3253446
images/odir/19f1aa149fb0e4b4.jpg,-5.8065724
images/odir/9d88bbc069dfefab.jpg,-5.530473
images/odir/0dc0e810733d0010.jpg,-0.7225597
images/odir/5c875cac6c3dbf43.jpg,-4.9489546
images/odir/1f088ad60261e809.jpg,-4.7143927
images/odir/d51406af37d27405.jpg,-6.290357
images/odir/cc81215fe3eb984f.jpg,-5.440069
images/odir/18069ea2758b10e5.jpg,-4.5384707
images/odir/c3b31e6e496043e1.jpg,-4.3381157
images/odir/69cba7f3c211e96d.jpg,-5.300798
images/odir/484b37115755ed1c.jpg,-5.1688566
images/odir/2980e2126432b94e.jpg,-2.5556874
images/odir/22ea7e37763115f1.jpg,-5.3716555
images/odir/e76503d837371e8b.jpg,-3.096891
images/odir/6eb68838a9c49dd5.jpg,-3.5684586
images/odir/c170021a4b4adc10.jpg,-6.818122
images/odir/1ed6da4337aa01b4.jpg,-5.2690344
images/odir/4b1a9ea30934000f.jpg,-6.461392
images/odir/395b032bf20e3c29.jpg,-3.388872
images/odir/e8a9fbb1d0fb9a80.jpg,-5.0931125
images/odir/76ed6568da282097.jpg,-5.335005
images/odir/b5fa7f380caa89c7.jpg,-3.8922033
images/odir/d7f363e96e43b288.jpg,-3.536695
images/odir/901ca305b48e9af9.jpg,-4.8365602
images/odir/3a82f3eae6f57b67.jpg,-1.4379094
images/odir/9a31a2093f7c8e3a.jpg,-3.4328523
images/odir/81717d2de170b2c4.jpg,-2.1122184
images/odir/b03f1e173517ef5e.jpg,0.89310944
images/odir/f696d5a9c0338496.jpg,-4.223278
images/odir/9466b7fdf5212e39.jpg,-5.452286
images/odir/aeb4bbd8a5403bed.jpg,-4.3503323
images/odir/4e8ef0c7ada25e76.jpg,-4.8658805
images/odir/281138ca13f859bc.jpg,-1.4672488
images/odir/bdd4e9a8056e54a1.jpg,-2.2178936
images/odir/56ce1f1cec3229a1.jpg,-4.997822
images/odir/f678852cc8b988d1.jpg,-5.0442457
images/odir/5a22a1258d1a6f87.jpg,0.1637677
images/odir/c9e63200ca984ab5.jpg,-3.6405377
images/odir/b371a20d7c71bd3e.jpg,-4.4480667
images/odir/bfa4de87f1cb85c6.jpg,-1.4039258
images/odir/c2488842dee89f26.jpg,-5.2226105
images/odir/efa899e4f5fa8002.jpg,-5.691735
images/odir/4528645bf7cf7f24.jpg,-4.45051
images/odir/06b0c44c71729099.jpg,-5.4889364
images/odir/87b89cf53b113a1f.jpg,-4.059573
images/odir/22668fcfa8a759c8.jpg,-3.956952
images/odir/4b7fa0f67764da54.jpg,-6.111992
images/odir/971afc0d0764b7d0.jpg,-2.7609293
images/odir/9a9cb6005c32b1b8.jpg,-4.716836
images/odir/0739f92a85c50887.jpg,-3.3558865
images/odir/e0a5c7a5a4af1961.jpg,0.036713243
images/odir/62fec18411567e47.jpg,-5.8261194
images/odir/349185b711f42794.jpg,-6.1828494
images/odir/53e3dd3deb2e2947.jpg,-5.8065724
images/odir/2990ea6ba5aa16aa.jpg,-3.263039
images/odir/65f1cc7a75518131.jpg,-3.8360062
images/odir/3c71d838bdc394c5.jpg,-4.6581955
images/odir/641f45615e5c11f1.jpg,-4.6313186
images/odir/c38953d71db57795.jpg,-3.145758
images/odir/cee31c35da968b8e.jpg,-5.4009757
images/odir/cd11ad623bade53d.jpg,-3.2801425
images/odir/077841e2a40ba9f1.jpg,-4.430963
images/odir/5cf7e7c6aba2696a.jpg,-3.8824296
images/odir/909a2ee2653b0f00.jpg,-4.352776
images/odir/c53d33e55745477c.jpg,-6.041135
images/odir/91e5e1bfa4f29a7d.jpg,-5.3227882
images/odir/0d115afb3506ba70.jpg,-5.0222554
images/odir/d91b628dff578321.jpg,-5.232384
images/odir/55de8c3e76927dd2.jpg,-2.98694
images/odir/18b334f804fc9d7f.jpg,-4.3014655
images/odir/df389eebf844d5cd.jpg,-2.971058
images/odir/12c718602e537450.jpg,-5.0564623
images/odir/ca676b4d86ba1195.jpg,-4.7485995
images/odir/0408291275c994d4.jpg,-4.4285197
images/odir/ce94c011a2599634.jpg,-5.672188
images/odir/041309bafba9c170.jpg,-3.4695024
images/odir/873b38d0d19cf17b.jpg,-4.8023534
images/odir/e2537b2b7b7b06d0.jpg,-4.6019983
images/odir/1bc47719927fe00a.jpg,-5.0564623
images/odir/90682d8cf481215a.jpg,-5.6330943
images/odir/2f2cc8fb28aa8979.jpg,-5.273921
images/odir/7103ac2332f3ed89.jpg,-4.8194566
images/odir/e0f8d52b242de0ee.jpg,-2.147036
images/odir/516ddb92479e56c5.jpg,-2.2875292
images/odir/1132217da4e7a7bf.jpg,-4.321012
images/odir/78753627f9910731.jpg,-2.8171268
images/odir/7c53804d70d51010.jpg,-5.2617044
images/odir/5a51010154f48057.jpg,-3.5464683
images/odir/43334672e9d7fc9b.jpg,-4.394313
images/odir/96b6b061789e0db1.jpg,-3.89709
images/odir/cabe8615cc6433b0.jpg,-3.8201241
images/odir/ea0c30d49da255f4.jpg,-2.162918
images/odir/6d691f096deb5acb.jpg,-3.4279656
images/odir/d540bddca294214b.jpg,-4.633762
images/odir/cd727a965df9d2e7.jpg,-4.321012
images/odir/70d5e39683e64b52.jpg,-5.122433
images/odir/ecb96a7b89498508.jpg,-3.0529103
images/odir/b56409c41ba16c0f.jpg,-4.616658
images/odir/2e7ba3306e5afbb1.jpg,-6.681294
images/odir/48a68621a0d1032d.jpg,-3.1213245
images/odir/49943bae447f0c57.jpg,-3.8836513
images/odir/fd08fe058fab1f67.jpg,-5.027142
images/odir/4461c8c4af782bd2.jpg,-4.765703
images/odir/ababc5de6154f993.jpg,-4.279475
images/odir/68baf49ab4555ce8.jpg,-4.0766764
images/odir/95ef05692175b083.jpg,-4.4529533
images/odir/1927ca7527406574.jpg,-5.0295854
images/odir/de9db2abd6fa321b.jpg,-4.887871
images/odir/ab917811786c67da.jpg,-3.073679
images/odir/4d997b1f1af34145.jpg,-4.8292303
images/odir/fa8b932219a3b1c5.jpg,-4.660639
images/odir/0b766eb9aa51bb6f.jpg,-1.7845032
images/odir/52ffbe2f55a95ce6.jpg,-4.9220777
images/odir/cd570581e9b7e20a.jpg,-2.9124174
images/odir/ad5916f9ecfa75de.jpg,-4.909861
images/odir/15f20514d9776f9d.jpg,-0.5222045
images/odir/c9ebd20bb66a1be1.jpg,-2.310741
images/odir/1d885702424a8054.jpg,-2.8721023
images/odir/91cd688c23237e49.jpg,-5.374099
images/odir/74d68ed6f978a208.jpg,-4.3820963
images/odir/1c5070949f1420ac.jpg,-6.2268295
images/odir/07aa964a4500baea.jpg,-4.157307
images/odir/ce91ec1a4857ae17.jpg,-4.230608
images/odir/1047146f24a4c1f0.jpg,-4.0082626
images/odir/3abd6f7423561bb4.jpg,-4.970945
images/odir/7ecfdd1e032ec045.jpg,-5.1664133
images/odir/338381a28194548a.jpg,-4.5702343
images/odir/27cfec91152d1f8d.jpg,-5.0491323
images/odir/e3558370f02af31f.jpg,-5.1419797
images/odir/7ded2ee5f5f8d8f5.jpg,-5.569567
images/odir/c55ed28e433a6caf.jpg,-4.8365602
images/odir/4ceb37b77591e786.jpg,-2.2557654
images/odir/33d00965e3e89439.jpg,-5.327675
images/odir/0b1c67da4edcc63a.jpg,-2.5471358
images/odir/fb632e302dbddca6.jpg,-5.220167
images/odir/6760c7cabf1c948c.jpg,-5.3594384
images/odir/6006583b36ebbf91.jpg,-4.743713
images/odir/d47f7806a3114e83.jpg,-4.81457
images/odir/3787d9410c354180.jpg,-4.1426473
images/odir/fe5b4b4e22ca2749.jpg,-3.36566
images/odir/5de3f5a146da0290.jpg,-3.5000443
images/odir/dc933afb5fb2b4b3.jpg,-2.015095
images/odir/7bf3b03e7993f5ca.jpg,-6.2585936
images/odir/be0b6b7057dc0708.jpg,-4.140204
images/odir/d40bcd4107e51111.jpg,-4.0326962
images/odir/d7c30abade60a752.jpg,0.86501086
images/odir/db1e0b79efe40a2d.jpg,-4.511594
images/odir/f191373303da5b1b.jpg,-3.5085964
images/odir/0340a71ee2e47ede.jpg,-4.533584
images/odir/2bd581843f5cc4dc.jpg,1.0238291
images/odir/d5d5f13cc5270684.jpg,-3.2239454
images/odir/a5b552d841b35c07.jpg,-3.2056203
images/odir/f68e19f0e0e6b3d3.jpg,-3.115216
images/odir/8463e78b089c75e2.jpg,-5.89209
images/odir/d863ba3743bedadf.jpg,-4.4187465
images/odir/8d4773e62d8f53be.jpg,-2.4836085
images/odir/62802e86b1f2f9d6.jpg,-5.0320287
images/odir/966a4c71af55e79c.jpg,-3.266704
images/odir/8322433e3b18a7ef.jpg,-4.5995545
images/odir/79b46aed23acb6f2.jpg,-4.731496
images/odir/14449b838f650591.jpg,-5.4083056
images/odir/b3984b279cff5cc4.jpg,-3.7663703
images/odir/9979c7f47fb2c9c2.jpg,-6.866989
images/odir/1328b83a1b743c6d.jpg,-5.7699223
images/odir/debf137c2b375023.jpg,-5.232384
images/odir/c2ee691cae27e26a.jpg,-2.6925154
images/odir/9a5f1b15b6578569.jpg,-1.8938434
images/odir/9554c5aaf0b366c9.jpg,-4.030253
images/odir/089d26e31203723a.jpg,-4.77792
images/odir/0c6f050c83f21e1b.jpg,-5.1541967
images/odir/e894a9512608ae6d.jpg,-4.758373
images/odir/3145f571aa292143.jpg,-4.4114165
images/odir/f61c9d44e781800f.jpg,-2.6949587
images/odir/e272384fb3d8529f.jpg,-6.3294506
images/odir/d94f76b830071781.jpg,-4.1524205
images/odir/d388cd80ee2b2941.jpg,-2.6057763
images/odir/30a322bb30bb4e5e.jpg,-4.6801853
images/odir/f36b632ebf62aad8.jpg,-4.0326962
images/odir/163bd2252aa8d8dd.jpg,-5.7430453
images/odir/8a4ea09b50e373f0.jpg,-4.8292303
images/odir/178306210e06ed41.jpg,-5.948287
images/odir/85c0b7d85b008d57.jpg,-5.9800506
images/odir/f29e63e0e4570452.jpg,-4.157307
images/odir/4a9d6d960ad0f069.jpg,-5.728385
images/odir/ec73ee35b51f8fb3.jpg,-4.760816
images/odir/21e5329e5ede0b61.jpg,-3.8787646
images/odir/992bb7d1b109e217.jpg,-5.107773
images/odir/64b6d1fd7d52f938.jpg,-0.95742726
images/odir/a516df40ed5c54cb.jpg,-4.572678
images/odir/3ebb266c4237f13b.jpg,-5.2836943
images/odir/6404d4c7274d45dd.jpg,-6.6764073
images/odir/3b1ef7ab9af51a32.jpg,-3.2398272
images/odir/c0f5f3c29ef32fd0.jpg,-0.6168845
images/odir/490f5a07351f40c6.jpg,-6.847442
images/odir/1910b0f951bc153c.jpg,-5.7332716
images/odir/76d7876e22efbd8a.jpg,-4.3625493
images/odir/1b3669fbfd57edd8.jpg,0.74528635
images/odir/f697b0effbafba19.jpg,-1.1096789
images/odir/3e32bdca9ed964e7.jpg,-5.2055073
images/odir/e3363e8800e3beb4.jpg,-4.408973
images/odir/b073728e2e0e46b5.jpg,-4.572678
images/odir/a20a19a293541d67.jpg,-4.6655254
images/odir/7e12baae0ab8b7b6.jpg,-0.41042095
images/odir/8975178a3a36a75b.jpg,-5.19329
images/odir/a6d4eb80f124361f.jpg,-3.843336
images/odir/28d171381de15b56.jpg,-4.259928
images/odir/5c41c38fd31b1be9.jpg,-4.284362
images/odir/0266f4fa5ba07fb4.jpg,-4.5702343
images/odir/3165e18d9cadf171.jpg,-4.41386
images/odir/587e8bd64f6417cd.jpg,-5.4351826
images/odir/dbaf326a5f9d2b38.jpg,-5.3325615
images/odir/033cc8c61de47c04.jpg,-5.6404243
images/odir/99cb76ec23c3775e.jpg,-5.55002
images/odir/20e174221faf83df.jpg,-5.017369
images/odir/47f2be3ae24e78a1.jpg,-5.100443
images/odir/f1c4e51cebe0485d.jpg,-5.5720105
images/odir/0654f13d36ff3f49.jpg,-5.6624146
images/odir/c18d4b3c4c35dd2e.jpg,-3.0480237
images/odir/97231d6e5ba7acda.jpg,-0.9467376
images/odir/9043606c47b88e5c.jpg,-4.670412
images/odir/44de411a79c150fb.jpg,-1.6800498
images/odir/b5ef361751c345c4.jpg,-5.7430453
images/odir/66769651690a9abe.jpg,-5.6990647
images/odir/a671d9e4d17865b9.jpg,-2.9356294
images/odir/4ed4d2867928186a.jpg,-4.533584
images/odir/49ea9752859bc856.jpg,-4.7681465
images/odir/63e65e59f48ed6a8.jpg,-4.2550416
images/odir/a3acb9e0ead29316.jpg,-4.8096833
images/odir/cc3162f8e700057b.jpg,-3.4817195
images/odir/66b53b5a0b0572c5.jpg,-3.1469798
images/odir/be52864fdf5ca690.jpg,-3.8079076
images/odir/03d23d0ba0da8804.jpg,-4.9953785
images/odir/2fdb7d8283f138b5.jpg,-1.7411337
images/odir/a0f6d0f8f04d42f0.jpg,-5.391202
images/odir/74e66eefd0c50210.jpg,-5.591557
images/odir/d4532cb091ae383a.jpg,-5.6013308
images/odir/8107e0d4d08f607f.jpg,-5.3521085
images/odir/5c8aeb6f51ba3fe7.jpg,-5.684405
images/odir/9bd31a61d07f50b0.jpg,-2.8415601
images/odir/e8e1d4b19d9cd9cd.jpg,-6.8963094
images/odir/a41b188e42982892.jpg,-0.041474223
images/odir/4e4d929889d970b3.jpg,-4.074233
images/odir/80fd5a1358cc5813.jpg,-3.3461132
images/odir/b11919707a6a5e8b.jpg,-4.5018206
images/odir/568ef2d4c58fa172.jpg,-1.5772761
images/odir/cc3f24c8b1abb74b.jpg,-3.5489116
images/odir/497934dfb3ef09d2.jpg,-6.024031
images/odir/d6480e73bfb43378.jpg,-5.850553
images/odir/8f007eab3cebdffd.jpg,-6.070455
images/odir/c0420a8161d71b22.jpg,-4.325899
images/odir/446208aec01100a3.jpg,-5.3227882
images/odir/e08d7cbf214561e5.jpg,-4.8194566
images/odir/487746958d233278.jpg,-5.9287405
images/odir/c1e51db225294a9d.jpg,-6.1486425
images/odir/b8e4141533192d85.jpg,-0.8483925
images/odir/8d3034fd6c6a144e.jpg,-4.203731
images/odir/e2d4144793ffb386.jpg,-3.5916705
images/odir/b18e1c75abd0c6e7.jpg,-3.5220346
images/odir/79f052c8c873e0ad.jpg,-4.193958
images/odir/a023f2a753047b73.jpg,-6.490712
images/odir/7034e8ea7fc21539.jpg,-3.5147047
images/odir/12cb0538dc360284.jpg,-2.9502895
images/odir/9add6f48e81b08d3.jpg,-4.140204
images/odir/9d74a3ad33346af5.jpg,-6.0606813
images/odir/4e4748ecc2230031.jpg,-1.0334767
images/odir/097638914e6d169a.jpg,-4.257485
images/odir/ea5ad556673d2b23.jpg,-4.237938
images/odir/2895af51a06cbc6a.jpg,-4.396756
images/odir/5112c0bc8d606ede.jpg,-5.144423
images/odir/db61429dd0b21747.jpg,-4.4553967
images/odir/c17c476b589824f4.jpg,-5.3814287
images/odir/8b9e54af6ad5f463.jpg,-5.3789854
images/odir/b34b2c448ac5675c.jpg,-4.8390036
images/odir/13d0d91846fe5735.jpg,-2.724279
images/odir/b3a789cc5db33ee9.jpg,-5.1199894
images/odir/c99f1d9f2d6569a8.jpg,-4.074233
images/odir/f893e828446d2deb.jpg,-2.3889284
images/odir/5cdba2bea82070a0.jpg,-4.3625493
images/odir/913e7350e0daed26.jpg,-2.6546435
images/odir/8b84e49adea65ed9.jpg,-3.7052865
images/odir/9f7a5e4d652d5901.jpg,-5.1615267
images/odir/f6eee328812c9885.jpg,-4.887871
images/odir/e82b843e8e4671ab.jpg,-4.1524205
images/odir/23458c947d2d1851.jpg,-2.5251455
images/odir/88d51e85094dd99f.jpg,0.58769
images/odir/38de2ce7411c7165.jpg,-3.7590404
images/odir/211f3ddb7c953a58.jpg,-4.992935
images/odir/5a5e308ed7551418.jpg,-3.423079
images/odir/6ae1b3d8ee7dd05a.jpg,-3.5464683
images/odir/791bcf13b9ff3e5a.jpg,-3.4169703
images/odir/43bf4091e85cbc4e.jpg,-5.2519307
images/odir/6e729ad2d71cdefd.jpg,-4.6752987
images/odir/dbd73ef9feba3fca.jpg,-4.834117
images/odir/d75979d7391821f7.jpg,-4.030253
images/odir/4983e6118fe1098c.jpg,-5.6257644
images/odir/ea8bc1b6e9495183.jpg,-6.4027514
images/odir/cf3e3ab09bb2c1ed.jpg,-5.210394
images/odir/3034b69d4c388caa.jpg,-5.948287
images/odir/8beccb8a07b74374.jpg,-3.3778768
images/odir/7db74584d31e32d6.jpg,-5.212837
images/odir/f6950cb67533239b.jpg,-3.7456017
images/odir/90b41b79d0b7a61f.jpg,-5.8749866
images/odir/a085acb71581a2d2.jpg,-4.973388
images/odir/6feb6abb99b9a74a.jpg,-5.220167
images/odir/31a076fdd279fa3e.jpg,-4.9391813
images/odir/d72adf06054d2cea.jpg,-4.3307858
images/odir/0e830a22af506700.jpg,-5.437626
images/odir/94456afd5138549e.jpg,-3.313128
images/odir/5a32fc1c41a41e4c.jpg,-5.2421575
images/odir/09ea8cc608d943c8.jpg,-4.523811
images/odir/fb322549f0fa2ef7.jpg,-4.1157703
images/odir/a80cc4f0f84352c7.jpg,-0.34200704
images/odir/f48ec109aa3bbbdf.jpg,-2.7682595
images/odir/0586f679090aff22.jpg,-5.210394
images/odir/d21bdb05175b3136.jpg,-4.660639
images/odir/86bf9ff85b84493e.jpg,-5.3887587
images/odir/a39635b6bf02ec97.jpg,-3.1579747
images/odir/12c31ef335f49308.jpg,-4.990492
images/odir/139269fe99af3a26.jpg,-4.3454456
images/odir/adfa3ab53168ac5c.jpg,-3.623434
images/odir/52d57dfab719a1c2.jpg,-5.481606
images/odir/f90473667191d249.jpg,-4.6093283
images/odir/2e2c4c71ee595462.jpg,-3.7810307
images/odir/4254d8c341e47083.jpg,-5.637981
images/odir/6e80dfb8be7ba0c2.jpg,-4.140204
images/odir/34120c688e21bd0e.jpg,-5.7308283
images/odir/f3caf72ddaff3efe.jpg,-5.2641478
images/odir/9c2ca0475f36f0eb.jpg,-6.016701
images/odir/481f25abc1764fdb.jpg,-6.2756968
images/odir/f555ff1d1074cc83.jpg,-1.8657448
images/odir/38a521cc7a744e5a.jpg,-5.801686
images/odir/4ecc3fd64df88b57.jpg,-4.992935
images/odir/13fd95bfa8dbf87e.jpg,-4.6191015
images/odir/e9aabffa5ee29e9a.jpg,-3.619769
images/odir/6beba1aeaa8086e3.jpg,-4.4602833
images/odir/06ccf9ed28df1239.jpg,-3.8836513
images/odir/1db7e8c6e0b8721b.jpg,1.1985289
images/odir/41ebb618ce1cc575.jpg,-4.670412
images/odir/15aa5673ba46d3d3.jpg,-4.6875157
images/odir/e9f2ad85d7b0952f.jpg,-5.6550846
images/odir/55bd95dc2be4d99f.jpg,-5.9824944
images/odir/50b5b2821ca14699.jpg,-3.490271
images/odir/5c9cd442bb8ed6bc.jpg,-6.5884466
images/odir/a181f5bc2ab63f2d.jpg,-3.1408713
images/odir/216906a8de0ef65c.jpg,-4.267258
images/odir/72a5960ed1aaa5aa.jpg,-2.4280221
images/odir/f88dedde767a28d6.jpg,-5.6892915
images/odir/a67734eccd8a6fad.jpg,-4.697289
images/odir/9fbcaa55be75a112.jpg,-4.9196343
images/odir/e074b5f1ef689209.jpg,-5.1590834
images/odir/6cbd8aa6235e4cde.jpg,-3.0761223
images/odir/198da8046687c7af.jpg,-5.7870255
images/odir/88b89669479a8d92.jpg,-4.394313
images/odir/3664ed5dc15334fd.jpg,-0.2522136
images/odir/cbc24f079fea0e60.jpg,-1.5940742
images/odir/cd4bd3f8b14f182c.jpg,-0.8633581
images/odir/b6537bd3233f4efa.jpg,-3.7956905
images/odir/01544d57b3c5dcde.jpg,-1.6930301
images/odir/d89eafbb32d75248.jpg,-2.5172048
images/odir/a22954ce68eb6c88.jpg,-3.6442027
images/odir/e0615e1893d9859b.jpg,-5.0393586
images/odir/d60a07058ae0cdab.jpg,-2.1568096
images/odir/92033bb3df28bb4b.jpg,-5.310571
images/odir/4c30e26577b00b44.jpg,-4.533584
images/odir/6694aa485f039895.jpg,-2.546525
images/odir/7ceb4af959d41c84.jpg,-5.16397
images/odir/a1d0b0fe3e70a6b7.jpg,-4.147534
images/odir/692455def4d9bab0.jpg,-5.144423
images/odir/6781b90d50f510b7.jpg,-6.1852927
images/odir/c4962a97043da247.jpg,-5.5133696
images/odir/e5662686066b2f47.jpg,-3.806686
images/odir/398b9f0d39de7ee6.jpg,-0.24610531
images/odir/06b4b1cc1af73223.jpg,-2.8488903
images/odir/07a918982e941cd3.jpg,0.0135012865
images/odir/18488712f82d74d7.jpg,-0.97178197
images/odir/d42c27d6754db1d3.jpg,-3.603887
images/odir/c363b9df14b2d951.jpg,-3.4047537
images/odir/fa9c8cb690b3ee72.jpg,-4.44318
images/odir/6b3f82c4d16989e8.jpg,-3.0382504
images/odir/5e5007d865858df4.jpg,-3.3607733
images/odir/87128790747c1d08.jpg,-4.7828064
images/odir/bc4029194b641261.jpg,-3.453621
images/odir/8bd1924a3842f9e1.jpg,-5.5182567
images/odir/c0160bf174ac5a68.jpg,-3.8653264
images/odir/6a29fb78bb58af07.jpg,-5.16397
images/odir/4a52438db3ddea78.jpg,-5.1786304
images/odir/e18ccc521e74913d.jpg,-4.8780975
images/odir/8d9d092068086991.jpg,-4.5433574
images/odir/920c532f22c9006a.jpg,-3.1897383
images/odir/b307655e76fc0279.jpg,-0.7689834
images/odir/84e2b384720bc4e8.jpg,-1.100669
images/odir/d86cbaaf350aaa7b.jpg,-3.2153935
images/odir/3e30406baaa74e77.jpg,0.55226135
images/odir/0574e372c526e4c3.jpg,-5.7186117
images/odir/003d033d7ccaf8da.jpg,-2.8757672
images/odir/182096357dfacc95.jpg,-4.868324
images/odir/120b50a7b526c85f.jpg,-5.212837
images/odir/fcfdb6fe5a807571.jpg,-0.20762241
images/odir/34a814cc6d8b74ae.jpg,-0.8688556
images/odir/f3e2a94aceee78e8.jpg,-3.0956693
images/odir/a14f9ff22cd8940f.jpg,-1.7460204
images/odir/1ab245efee119344.jpg,-5.308128
images/odir/e78b290bac098512.jpg,-1.8110747
images/odir/cbffa84713ce19d8.jpg,-4.7754765
images/odir/526345b8ec0cf799.jpg,-4.3307858
images/odir/52f7a90acec76f45.jpg,-4.42119
images/odir/13c183faca3504b3.jpg,1.1325582
images/odir/9a911b67ef5b4c80.jpg,-4.4602833
images/odir/a52a36e829e99c9f.jpg,-6.334337
images/odir/f4eb6a9ec207939b.jpg,-3.5281434
images/odir/911ac43d362c7f6b.jpg,-5.5793405
images/odir/fb6d3a3c446a9d14.jpg,-0.53442127
images/odir/f751d8f51c9bc730.jpg,-6.3221207
images/odir/8839a149067a354b.jpg,-2.6815205
images/odir/c28efed58f3d8691.jpg,-4.0326962
images/odir/d79e76e9be670e98.jpg,-5.117546
images/odir/6251ddb96ea01caf.jpg,-0.8493088
images/odir/e830c33304dafd7b.jpg,-0.23877525
images/odir/32a2cc8d94fe0e38.jpg,-6.7203875
images/odir/a6f1145c1eaa3a2b.jpg,-6.2732534
images/odir/00afba3e3b93e955.jpg,-5.5720105
images/odir/3f770da5f51e06a9.jpg,-2.8049097
images/odir/1a00e5a602c6e3de.jpg,-3.5085964
images/odir/40ae1866206cad88.jpg,-3.7456017
images/odir/95eae514fb85179a.jpg,-4.636205
images/odir/c5a79dd9c1750888.jpg,-4.704619
images/odir/e6a1d8906c8dee8f.jpg,-2.8061314
images/odir/0788b76c3de7c81f.jpg,-5.774809
images/odir/167cfb9feee2eb81.jpg,-4.7974668
images/odir/6d260d0ada9f1955.jpg,-5.1468663
images/odir/677e08422199e33f.jpg,-5.6062174
images/odir/7c9416479066d811.jpg,-4.105997
images/odir/06f66b53ad1e9f81.jpg,-5.2690344
images/odir/2e6c7fd3f74ab449.jpg,-4.174411
images/odir/41808b366000a89a.jpg,-5.3325615
images/odir/f8ae43ff235d3143.jpg,-4.4993773
images/odir/adf92e80a8cea0ae.jpg,-3.2679257
images/odir/e99c4135c96be331.jpg,-2.2093418
images/odir/c7bb569d5fe173c9.jpg,-5.0222554
images/odir/3b7c50512b936146.jpg,-2.8708804
images/odir/76b88f322b34f200.jpg,-3.9227452
images/odir/fb0904dbcadbff9d.jpg,-5.1493096
images/odir/e65af73c952b2d14.jpg,-4.1817408
images/odir/8a71f816b02098fa.jpg,-5.1199894
images/odir/22e40e735863e96f.jpg,-6.1168785
images/odir/49229a595e81ab9f.jpg,-5.584227
images/odir/d3243d855efe9798.jpg,-4.496934
images/odir/caf6f541e5d76410.jpg,-1.2188663
images/odir/3df21321b0f437a0.jpg,-5.15664
images/odir/0dd25b4cce96a6ff.jpg,-4.79258
images/odir/9b59a121dece8636.jpg,-3.623434
images/odir/153d60a0836a4177.jpg,-5.273921
images/odir/b41d435c796a7d5b.jpg,-2.9282994
images/odir/05a3c5a920acf37a.jpg,-1.081733
images/odir/1978a56d12fc65e0.jpg,-5.562237
images/odir/8efdef333c106ac5.jpg,-5.3716555
images/odir/203768eb319a04d3.jpg,-4.066903
images/odir/6395c2537235d85d.jpg,-4.648422
images/odir/f7779a142a110c65.jpg,-0.7995254
images/odir/6c0ea3d5e3b36fb7.jpg,-5.6697445
images/odir/39eb93eef5fad83f.jpg,-3.9789424
images/odir/e321d12a39fb0e76.jpg,-4.07912
images/odir/28e4b2dcda4c06fb.jpg,-4.2403812
images/odir/c241e90c5f76e6bc.jpg,-5.664858
images/odir/3c284ddc98a00853.jpg,-4.682629
images/odir/a417d02ca0b0d230.jpg,-3.937405
images/odir/b874abdb8b41985d.jpg,-3.5904489
images/odir/76ed3e7a7f07919d.jpg,-2.8721023
images/odir/eecb534a5b2d1020.jpg,-4.1157703
images/odir/b08a711a9bbe2a0b.jpg,0.47163057
images/odir/55efdbd36162515d.jpg,-2.4463472
images/odir/7766293d81465d91.jpg,-5.212837
images/odir/658f0f67cccd4bf2.jpg,-0.29313982
images/odir/828e6210d57b1dca.jpg,-3.650311
images/odir/86de508e8b482296.jpg,-3.6759663
images/odir/b226cfabd53fa7f3.jpg,0.17354107
images/odir/f184740c833a7345.jpg,-4.3430023
images/odir/416d862e3479d04a.jpg,-3.4792762
images/odir/d90436f823681b8d.jpg,-4.8780975
images/odir/9871e5e1510491ed.jpg,-3.7700353
images/odir/09054991e7c01804.jpg,-0.72500306
images/odir/63f7507e2f004f01.jpg,-5.1493096
images/odir/0c7d7da23e9f14b3.jpg,-4.203731
images/odir/12283c7cd664fff1.jpg,-3.2178369
images/odir/b7fbaac7f42f8252.jpg,-5.337448
images/odir/f4af27c46a0e48c3.jpg,-4.367436
images/odir/b785d95e24f8c573.jpg,-2.8867621
images/odir/fdaaf21eb3b4fbaf.jpg,-4.367436
images/odir/b93f79f7bc5ec878.jpg,-1.7386904
images/odir/d608fdda39c09518.jpg,-2.850112
images/odir/e559250e9789f287.jpg,-5.466946
images/odir/7b7e624cf3091b46.jpg,-3.2825859
images/odir/42d975a5c36f8596.jpg,-5.1761866
images/odir/dd72d329721211b4.jpg,-4.9685016
images/odir/3c61c47700ac8fbf.jpg,-3.3949804
images/odir/a6ac232f66fd92a2.jpg,-4.203731
images/odir/870b4d02d365b4dd.jpg,-5.227497
images/odir/fb4d125a523b2b23.jpg,-4.484717
images/odir/9a363180eb135d55.jpg,-6.388091
images/odir/cb7155747252e80c.jpg,-5.537803
images/odir/691d01be024f21fe.jpg,-5.2910247
images/odir/9e761f4d97b8b0a5.jpg,-4.4993773
images/odir/69a562a38c986722.jpg,-3.9789424
images/odir/7ad0a8f65c5e2db5.jpg,-6.3636575
images/odir/85f1e6b712d97268.jpg,-4.4456234
images/odir/8bffc8fb645e8ad5.jpg,-0.1404301
images/odir/8d031e70f73c60e1.jpg,-5.3130145
images/odir/ee902a4bf4a552ec.jpg,-4.8463335
images/odir/321487595a7eaca2.jpg,-4.506707
images/odir/2411f98d3a36a621.jpg,-1.8489468
images/odir/03c6b98f3dee2319.jpg,-4.4382935
images/odir/ae3f07bc4d2eb0a2.jpg,-2.4921603
images/odir/5b77ddab959c224b.jpg,-5.3252316
images/odir/7a278f199edaaa65.jpg,-4.8512206
images/odir/ab96e4f0420bce2e.jpg,-4.1426473
images/odir/796007c566c1e472.jpg,-5.1810737
images/odir/9826d50ca07bb014.jpg,-5.0491323
images/odir/e84fdc77825c131e.jpg,-1.2783468
images/odir/af7a707a071911e3.jpg,-4.291692
images/odir/99089930434c8853.jpg,-4.5286975
images/odir/d42314861164f25e.jpg,-3.9447355
images/odir/eb80a716fbc0fc4c.jpg,-4.09378
images/odir/71457be191fd55dc.jpg,-4.294135
images/odir/46eac423d8e0a0d2.jpg,-1.709981
images/odir/7352d022028eafe9.jpg,-6.016701
images/odir/09044f1aa93b132d.jpg,-6.2121696
images/odir/bcef9e2cfabf09db.jpg,-3.5709019
images/odir/a8d7b28607d7e086.jpg,-4.2135043
images/odir/d1887157bd3f4983.jpg,-3.7846956
images/odir/13d50be5f09ba747.jpg,-5.6233206
images/odir/7fc156def782cdd7.jpg,-0.73294395
images/odir/b74db62fe965d62c.jpg,-5.611104
images/odir/f9cba238f95ba9b2.jpg,-5.9165235
images/odir/9325a2112171fbe2.jpg,-0.6816335
images/odir/f4eb84186e0b0714.jpg,-3.4670591
images/odir/f388af112a8034b3.jpg,-5.2641478
images/odir/a1b5c8eab8ee2f90.jpg,-4.4456234
images/odir/846c8181107f524b.jpg,-4.018036
images/odir/aa766e683a369565.jpg,0.70863616
images/odir/44cb17d965f74c6a.jpg,-4.9465113
images/odir/cefb09f6df7bd337.jpg,-3.803021
images/odir/6fd08eab2dd64050.jpg,-5.581784
images/odir/e3ee88c7bad1c8e3.jpg,-5.7723656
images/odir/7f9b4559e9ee4612.jpg,-5.7234983
images/odir/bdb49e877a9f2214.jpg,-4.1108837
images/odir/ba030997432b4668.jpg,-4.540914
images/odir/44ee615f7020067c.jpg,-4.890314
images/odir/091ba4bf63796f3b.jpg,-5.6330943
images/odir/74c950b79cdc15da.jpg,-5.376542
images/odir/21173dbcafe72d21.jpg,-3.5977788
images/odir/c1c5bc60bd82303a.jpg,-0.40370172
images/odir/9f6c506f57d08024.jpg,-1.8333704
images/odir/c16b5f2be1f42e80.jpg,-5.672188
images/odir/3978db3c9f13784d.jpg,-3.383985
images/odir/2a2c2adf32449726.jpg,-4.389426
images/odir/32ae395a838f1018.jpg,-4.0962234
images/odir/f4ada617cb2a992f.jpg,-5.0784526
images/odir/f1f00c0b04cf77d3.jpg,-5.2592607
images/odir/4b304be062cb3cf8.jpg,-5.7601485
images/odir/80a53ef16448a0cf.jpg,-2.393815
images/odir/e58e2a586371c907.jpg,-5.6428676
images/odir/49e8e8ecc868e4df.jpg,-1.1713736
images/odir/8106db7acfa76622.jpg,-2.5795102
images/odir/3ab57c6d9b1eec77.jpg,-4.875654
images/odir/75cebb1b73533ba9.jpg,-0.82395893
images/odir/a92ad09e706e8593.jpg,-1.3031621
images/odir/ed1ae0017157aa72.jpg,-5.9434004
images/odir/4d55f821e6b3102c.jpg,-5.410749
images/odir/0e1ca1e570cb6410.jpg,-3.396202
images/odir/5ab7fc2b5d144fa9.jpg,-5.4718328
images/odir/864b20a7be435d5c.jpg,-2.8708804
images/odir/18696a302ba84b12.jpg,-6.5591264
images/odir/95c4c6a867e2d78a.jpg,-5.083339
images/odir/a4d1c71137859c67.jpg,-4.1719675
images/odir/ca88dd1716e391b1.jpg,-5.342335
images/odir/f06f5291957162b1.jpg,-3.996046
images/odir/53488f00b6abba8b.jpg,-3.767592
images/odir/b6a8f26db5a0e145.jpg,-4.882984
images/odir/bf89afc4ca0e1f92.jpg,-5.9018636
images/odir/83ada66452b194cb.jpg,-1.7564046
images/odir/9b57eaf7bf471609.jpg,-5.3130145
images/odir/9608e9c385a787b2.jpg,-5.713725
images/odir/4eddf4fa946fea5c.jpg,-2.8293433
images/odir/217ffee6ddef4a26.jpg,-0.004823804
images/odir/75c3983791c5db02.jpg,-4.8732104
images/odir/323b7d6be5ca8005.jpg,1.0555927
images/odir/6e4ed9d6672c4083.jpg,-4.623988
images/odir/c480959b28fa92f6.jpg,-5.459616
images/odir/1b3eb662bc7e78e3.jpg,-5.183517
images/odir/3bba69e0e5b1fa1e.jpg,-5.0857825
images/odir/f8564d24fba9c48c.jpg,-4.1182137
images/odir/cadffd79a843be6f.jpg,-3.8176808
images/odir/7142128b45469c67.jpg,-1.211689
images/odir/30da13642911a59a.jpg,-6.1730757
images/odir/5b7c1a59e5b298f5.jpg,-4.8047967
images/odir/b2d945f9ace67f4b.jpg,-1.2955266
images/odir/18e88c4747cf5d70.jpg,-4.303909
images/odir/284ae1344400ed02.jpg,-4.2257214
images/odir/29bba07fe16dc0aa.jpg,-4.953841
images/odir/20c34882f6087213.jpg,-4.8243437
images/odir/faaf1cef2c10347f.jpg,-5.088226
images/odir/71d627e2a926c2a1.jpg,-5.4156356
images/odir/60f0597de8ff127e.jpg,-3.7187247
images/odir/53bec3b5c86a6718.jpg,-5.0686793
images/odir/24e1ae836f0aa863.jpg,-5.987381
images/odir/5097b7440421ff3f.jpg,-2.758486
images/odir/a257970faadcede7.jpg,-6.397865
images/odir/c39279112c2b2b7b.jpg,0.14177752
images/odir/d98dc42a90fc886d.jpg,-3.877543
images/odir/05bcbc1f5ba1a018.jpg,-4.1377606
images/odir/a62ee61d8443268b.jpg,-3.7199464
images/odir/1995e1ab427712e5.jpg,-5.012482
images/odir/8233b2fb887e3283.jpg,-2.9258559
images/odir/cf91d500a4cdcba9.jpg,-4.1108837
images/odir/ee7c42f97c5417b7.jpg,-6.014258
images/odir/80cabbffbcbf5351.jpg,-3.8408928
images/odir/ce5e53b0b19684c4.jpg,-2.1830757
images/odir/c16a92c47ee58b36.jpg,-2.1452036
images/odir/bf7bac70d2284ef1.jpg,-1.6511877
images/odir/b6db19a697a7c3d8.jpg,-5.4864926
images/odir/5f64a07b2a43360b.jpg,-3.5379167
images/odir/5d0d4987a64bf3de.jpg,-6.0655684
images/odir/d958e903cf693d56.jpg,-4.003376
images/odir/473d64f2e81c5cd2.jpg,-4.9391813
images/odir/557ee0f3894b98cc.jpg,-5.427852
images/odir/ed7bf1144d6520fb.jpg,-5.5451336
images/odir/63d53d8c7d08d2d9.jpg,-4.531141
images/odir/7fd06a69b8dda3a6.jpg,-2.5031552
images/odir/d6449ff5f8f2f615.jpg,-3.383985
images/odir/0e618c93224e2c39.jpg,-4.306352
images/odir/ffb99ab6eb140dee.jpg,-4.5629044
images/odir/19b38c6adf99f309.jpg,0.5669215
images/odir/d1e123ab1c2ef829.jpg,-2.8244567
images/odir/05a8860363177804.jpg,-2.4219136
images/odir/6de9ce927ef1b76d.jpg,-4.41386
images/odir/9a75497bb31683dd.jpg,-6.0386915
images/odir/3eb649c3ccba8a23.jpg,-4.5995545
images/odir/d7e4d374c4df582d.jpg,0.5925766
images/odir/a14b985c979cd3ac.jpg,-2.4909387
images/odir/55bb43eecd368a78.jpg,-4.430963
images/odir/11a677898978bdb9.jpg,-4.037583
images/odir/727eab31d1ea601b.jpg,-4.408973
images/odir/88c937372353a013.jpg,-4.641092
images/odir/6a98a635df0b865f.jpg,-0.6730817
images/odir/605457f35dc8279a.jpg,-4.0766764
images/odir/d0cd7a9a03409815.jpg,-1.8681881
images/odir/81cd0dbf892fbf50.jpg,-3.1188812
images/odir/4d77ad2a541a1ad4.jpg,-5.2568173
images/odir/5f9893387b79688d.jpg,-5.437626
images/odir/d0f96ac68a5ab853.jpg,-4.8390036
images/odir/dc6196e3fb3093f5.jpg,0.34579778
images/odir/80c35a9a7ab53b19.jpg,-1.5943797
images/odir/a5ab2f13a209b0d2.jpg,-2.7230573
images/odir/68ecd2dc168d23f0.jpg,-5.6257644
images/odir/a06708fb46cef265.jpg,-4.010706
images/odir/f7d2fa5f873c453e.jpg,-3.7737002
images/odir/c380b071e149fd42.jpg,-1.3243124
images/odir/d28b4b4262c16d01.jpg,-3.7003999
images/odir/329601d1122e1f81.jpg,-4.4553967
images/odir/be238de32fb9c074.jpg,-2.1995683
images/odir/6b39ecf2a2be3099.jpg,-3.0040433
images/odir/5dc11875ec61fb93.jpg,-6.6861806
images/odir/16757e10adf56b76.jpg,-1.198556
images/odir/f3e1fa5f834ddfbe.jpg,-3.3485565
images/odir/f4a2739c6344d274.jpg,-6.6324267
images/odir/731121f63ec02fa4.jpg,-3.2874727
images/odir/d0768df96d6e8cec.jpg,-4.863437
images/odir/64b8b9d996103c69.jpg,-3.6857395
images/odir/bbb612a2f04d023f.jpg,-1.4657599
images/odir/1f9ca34000a8b087.jpg,-5.0295854
images/odir/8839bacd773a0aac.jpg,-5.232384
images/odir/bfa08f101a5e5659.jpg,-0.8813778
images/odir/fb3b121009a2e92b.jpg,-2.4658942
images/odir/1401c4a1c2a4ce36.jpg,-6.2023964
images/odir/687bf0c078e17b82.jpg,-3.8714347
images/odir/4a1fb9a6e33b6da9.jpg,-1.2878149
images/odir/adf519680568bab3.jpg,-1.8700207
images/odir/2a29fa196058ee89.jpg,-6.1461987
images/odir/5da68b5655e1df8a.jpg,-5.6550846
images/odir/5e37e280b6e8a47c.jpg,1.2669429
images/odir/e5dc71a3ffc15009.jpg,-4.594668
images/odir/062494a6fedd4855.jpg,-3.8677697
images/odir/6d9772e4f83c1e64.jpg,-2.9490678
images/odir/f72df22d3aca09b6.jpg,-3.4927144
images/odir/ad849b31b4f8fed1.jpg,-3.7969122
images/odir/720029eb81967190.jpg,-6.1559725
images/odir/abc871ff7f4e8698.jpg,-5.2519307
images/odir/f6b8304e8f0763eb.jpg,-5.3618817
images/odir/dff1752c06bb6209.jpg,-5.8481097
images/odir/dc524d0e767f4380.jpg,-5.530473
images/odir/2544da4825e60933.jpg,-1.2920144
images/odir/cf0f5c4333a7f583.jpg,-2.6534219
images/odir/0cc102266e180f8f.jpg,-3.9618387
images/odir/6a6948526ee42c92.jpg,-4.6581955
images/odir/32477a784ad284a2.jpg,-0.878629
images/odir/75228b17e1eefdf7.jpg,-3.9716125
images/odir/068b18bf08f9d5f6.jpg,-4.643535
images/odir/644ca14e887ab1a9.jpg,-4.746156
images/odir/b5abcd169b4b110a.jpg,-4.1719675
images/odir/bfe8042ccfcc3961.jpg,-3.2654824
images/odir/5a8f7b740a68553c.jpg,-4.7143927
images/odir/c153ea53e9f6f67a.jpg,-4.5751214
images/odir/054bca485b140928.jpg,-4.5995545
images/odir/5e974e8bcae79b8a.jpg,-6.070455
images/odir/6dee4076c70f72c5.jpg,-3.873878
images/odir/1960d5bf859d7831.jpg,-5.1761866
images/odir/68336130194b4195.jpg,-6.2537065
images/odir/bca78bd70c98cac7.jpg,-4.870767
images/odir/a2e033a5bc4ed09e.jpg,-5.6526413
images/odir/c41218697cad47eb.jpg,-4.973388
images/odir/14c3b98cc76cb3e4.jpg,-4.951398
images/odir/51ebc70d847a99b7.jpg,-5.4767194
images/odir/095e71ec34397579.jpg,-0.4977709
images/odir/9a4539b4f3d6a5ce.jpg,-3.0162601
images/odir/464c3cb8e1691ab2.jpg,-2.0431936
images/odir/c3eea8daa8b6a896.jpg,-2.7377176
images/odir/cc21164ef573e495.jpg,1.4159876
images/odir/781f4752566f751d.jpg,-4.5482445
images/odir/fd4a79cf309ca148.jpg,-3.8115726
images/odir/352bc393f13bbccf.jpg,-5.796799
images/odir/883a732f47bbdbdc.jpg,-3.8213458
images/odir/16f8a9ad7d755e53.jpg,-2.5703478
images/odir/f9faf9b31a938130.jpg,-6.617767
images/odir/e2b51c5adf132be3.jpg,-5.5597935
images/odir/64e550422f39969f.jpg,-1.905144
images/odir/f61cb97efd3c1aa3.jpg,-5.657528
images/odir/212bb5efc9aacc70.jpg,-5.3252316
images/odir/45be9a929bee2616.jpg,-6.2537065
images/odir/5c48be8b7b9ba47b.jpg,-3.5818968
images/odir/c7b11be82be6d356.jpg,-4.882984
images/odir/6e70eb475aa1318c.jpg,-3.2398272
images/odir/5a968ee5fb6acac9.jpg,-3.3314528
images/odir/fa7a7ba67c5b03bc.jpg,-3.3900936
images/odir/d3475c08f1dae151.jpg,-3.983829
images/odir/92e6d73ca2146145.jpg,-6.4858255
images/odir/275d68586448f73d.jpg,-4.936738
images/odir/03a0e158f81ab3ae.jpg,-3.3265662
images/odir/78e12358edb5d6a0.jpg,-4.2477117
images/odir/7b2fbc2a56fc3cb8.jpg,-1.9888289
images/odir/ce3378c75c7c5214.jpg,-4.841447
images/odir/142cc23ff8d2fdad.jpg,-5.466946
images/odir/774dc7d090872937.jpg,-4.6313186
images/odir/3d62eb00da1960bc.jpg,-2.4787216
images/odir/dd586d8669a92279.jpg,-5.757705
images/odir/19537d0525a141fa.jpg,-4.2257214
images/odir/226c0560feefa218.jpg,-0.49410588
images/odir/f8c42fdf5951fc40.jpg,-3.396202
images/odir/640c73d647441449.jpg,-3.9618387
images/odir/463e445b3b55eff7.jpg,-5.4767194
images/odir/bcb9a3f105ade574.jpg,-5.3960886
images/odir/fab063e05261a6f1.jpg,-3.3143497
images/odir/4d87abc1e2af4d0c.jpg,-0.8633581
images/odir/f5caaba3382724ab.jpg,-6.3001304
images/odir/c79b742927f26a83.jpg,-5.7088385
images/odir/aa183d91c4dae056.jpg,-2.0706813
images/odir/d40464757a7cc9fb.jpg,-6.691067
images/odir/c311126d6403cd6d.jpg,-3.0602405
images/odir/c27112a4c62ea8a4.jpg,-5.239714
images/odir/61df1fb52a4d2bf1.jpg,-1.0634079
images/odir/81d5a8032d03394c.jpg,-1.2188663
images/odir/3c1aeff52f3d6c62.jpg,-3.1286545
images/odir/ee0755db1e80035a.jpg,-1.1463292
images/odir/0bc981c62022d5d7.jpg,-3.8922033
images/odir/3eb0375c1a286b09.jpg,-5.320345
images/odir/80ed6ca5b312f940.jpg,-3.8836513
images/odir/04ebb8810e4f224b.jpg,-3.790804
images/odir/6f9fa4502f66215b.jpg,-3.9422922
images/odir/02f4044baf68b818.jpg,-6.8621025
images/odir/3254fc87129dbaa4.jpg,-5.684405
images/odir/bc06eb6a3930f8a9.jpg,-5.2152805
images/odir/2246cab7b8af7474.jpg,-4.682629
images/odir/1003a769173c0b51.jpg,-4.77059
images/odir/1e4d0456e463661b.jpg,-3.3143497
images/odir/b92af102a00f8f47.jpg,-7.1455317
images/odir/243a76c4bf9c5f06.jpg,-4.8952007
images/odir/90ae123b37910555.jpg,-4.633762
images/odir/ad5e73e5ae1bf9ca.jpg,-4.08645
images/odir/cfcbbedef5f76c64.jpg,0.89310944
images/odir/1d55e02a055d1d1b.jpg,-4.5824513
images/odir/dab01be38dec0b2d.jpg,-2.2246127
images/odir/3e276021472de08d.jpg,-5.686848
images/odir/82fc22ddf700cff6.jpg,-5.110216
images/odir/a5cc4806330807f7.jpg,-5.0442457
images/odir/b72699d58f6eb2fa.jpg,-3.567237
images/odir/d0cd40276922b9dc.jpg,-3.6368723
images/odir/cad0a74a7aea9bca.jpg,-4.1353173
images/odir/393c4cd86cb6791a.jpg,-6.461392
images/odir/00afc4e31abbac6f.jpg,-5.8187895
images/odir/0e77c17ebefca110.jpg,-4.5384707
images/odir/59975f51bd31a5d0.jpg,-4.5653477
images/odir/713faf5c486c103c.jpg,-2.459175
images/odir/0ffe944c3635e600.jpg,-5.129763
images/odir/c08630969793e0a4.jpg,-5.327675
images/odir/c742bcb2dc960c03.jpg,-6.515146
images/odir/83158381006c2963.jpg,0.029383063
images/odir/f6b8468bc9ad9d27.jpg,-5.2568173
images/odir/4ef5171ae8e7819f.jpg,-2.7499342
images/odir/e00232dfe82d0987.jpg,-3.8323412
images/odir/afcd1a1d1fa2c7bf.jpg,-3.3693252
images/odir/d04444953589bf94.jpg,-0.5160961
images/odir/499bbf899ebb27c8.jpg,-2.0092921
images/odir/43d362afa017d245.jpg,-5.2861376
images/odir/b2e0aff0e4ade6ad.jpg,-4.7632594
images/odir/4d5e8edf652a483c.jpg,-5.7088385
images/odir/343a9c87b3dcd288.jpg,-4.553131
images/odir/839edd5ef2d54a19.jpg,-7.0135903
images/odir/3f50338f610e65bc.jpg,0.76483333
images/odir/9f252b5dbd4de57b.jpg,-4.6019983
images/odir/8f1dba56839d5f04.jpg,-1.9063656
images/odir/8661fc606550138f.jpg,-5.6135473
images/odir/739071a496d9b034.jpg,-5.6013308
images/odir/62ff18863100eea8.jpg,-4.0326962
images/odir/7d4ead46bcad4f0f.jpg,-4.572678
images/odir/1a7744675dabeda2.jpg,1.5112785
images/odir/cf73a77b3c89c37a.jpg,-5.0051517
images/odir/3bf9632e31bebeb0.jpg,-4.05713
images/odir/57fe97c4cba68eec.jpg,-4.882984
images/odir/202ac61faf624025.jpg,-5.1199894
images/odir/d4a130f6785eef10.jpg,-5.948287
images/odir/8491625fb7ca8ede.jpg,-2.322347
images/odir/037f11f207fdc9ec.jpg,-5.310571
images/odir/be6a53dab92f0b6d.jpg,-4.6752987
images/odir/0b4356c9e367a3ab.jpg,-0.036587477
images/odir/09cc5e82e95a008d.jpg,-6.031361
images/odir/c47af2984539d434.jpg,-5.0100384
images/odir/f585627bb087eefa.jpg,-4.230608
images/odir/d271a5f8b2c5c4ab.jpg,-2.9844966
images/odir/6a54058364ccfd5d.jpg,1.0372676
images/odir/e33b61584525a301.jpg,-6.351441
images/odir/d0a8ef470654cb67.jpg,-5.1786304
images/odir/6f45b48301a55160.jpg,-2.2753124
images/odir/d97e599eed2c0fe0.jpg,-4.0693464
images/odir/7a724109bc5e9d71.jpg,0.13444746
images/odir/2f8836b9d73f9693.jpg,-6.3832045
images/odir/0b553c85399a625a.jpg,-4.0913367
images/odir/a5cef4d9140484aa.jpg,-5.1126595
images/odir/19424cecaa6c8210.jpg,-4.4334064
images/odir/b22ef9015ff01adf.jpg,-4.773033
images/odir/f447fdd7461fb5e6.jpg,-3.0846741
images/odir/50ed0b53ad564f11.jpg,-6.3270073
images/odir/51cf84ce1d247e92.jpg,-3.976499
images/odir/407943046182bfe7.jpg,-4.120657
images/odir/f6de97031254da25.jpg,-1.9882181
images/odir/fe5e3af1290c78f6.jpg,-2.0706813
images/odir/2525b8286799437d.jpg,-4.037583
images/odir/76c9940f7e2fbaeb.jpg,-5.376542
images/odir/d6d1da81b9502250.jpg,-5.645311
images/odir/6fa512c474e18f4f.jpg,-5.2079506
images/odir/c2d62cedd94b1bc2.jpg,-4.2745886
images/odir/a711d0577ed19aa3.jpg,-5.6257644
images/odir/deda362b4e44829c.jpg,-5.8529963
images/odir/c2dd5901b6edf325.jpg,-5.7650356
images/odir/c146a1a5bec42f80.jpg,-5.427852
images/odir/c28f18ec74a232cd.jpg,-5.9385138
images/odir/d46d6a093abc2fd0.jpg,-2.3932042
images/odir/97b46d72d55632d7.jpg,0.1173439
images/odir/b48d75436d156ebe.jpg,0.7965969
images/odir/253443f29181754b.jpg,-4.396756
images/odir/b7d6c8b099897f4a.jpg,-4.4602833
images/odir/06be022fa321aa60.jpg,-3.976499
images/odir/a7efc2b4dcae6176.jpg,-6.24149
images/odir/3471f260c3078287.jpg,-5.5060396
images/odir/3b3f2ec463f75040.jpg,-6.7741413
images/odir/380a93b2fa0f9870.jpg,-5.129763
images/odir/a900fbc6d4942db0.jpg,-5.1493096
images/odir/ffcdd3593576677b.jpg,-4.45784
images/odir/91c1d40421b2ff89.jpg,-5.0246987
images/odir/35ddbedb8ccf8c08.jpg,-1.0481368
images/odir/095b3342cdfedb25.jpg,-4.526254
images/odir/873e41edf5965617.jpg,-3.1249895
images/odir/24fa3485174477cd.jpg,-5.1517534
images/odir/75153b87995a52ea.jpg,-4.890314
images/odir/5602de24af8006fc.jpg,-6.317234
images/odir/223109fb3c68eacd.jpg,-5.2152805
images/odir/5ec9c52f197bbdd8.jpg,-5.4425125
images/odir/19317b15121e0c77.jpg,-4.2550416
images/odir/ce4dbdb1d959f67e.jpg,-5.4131923
images/odir/0da6edb183386151.jpg,-0.054912686
images/odir/a600d2c9ccf24d32.jpg,-5.8994203
images/odir/1ec5c6eb09502666.jpg,-5.8749866
images/odir/785999c8fbcf9081.jpg,-3.2276103
images/odir/1e9ffbd8dbcadf49.jpg,-0.1404301
images/odir/f8d3e618a7c89468.jpg,-3.8482227
images/odir/78d8ceed45782ad0.jpg,-5.227497
images/odir/efe480278196336c.jpg,-3.0113735
images/odir/4f1b875dd73eec58.jpg,-4.6948457
images/odir/373ed6c1af8b49ce.jpg,-3.850666
images/odir/d6b3cbe692f21d35.jpg,-5.8065724
images/odir/af5ddd464b955ca4.jpg,-5.12732
images/odir/5cf135966f216283.jpg,-3.8164592
images/odir/9806de8b10dac593.jpg,-3.289916
images/odir/8d0c6b600ceca2c3.jpg,-5.227497
images/odir/774fec6ac2bdad3f.jpg,-2.8171268
images/odir/ff46814d658e20af.jpg,-4.5702343
images/odir/91b47c060cd5917d.jpg,-4.650865
images/odir/6e0e5f6ac397e386.jpg,-6.2756968
images/odir/fe33b33a976d6eb6.jpg,-4.980718
images/odir/16aa4d4a882a8eca.jpg,-3.3155713
images/odir/cecc5c6d76c26591.jpg,1.0274941
images/odir/73a8da8e34d4b877.jpg,-3.081009
images/odir/835fa74fc80f5777.jpg,-2.670525
images/odir/b231022234995667.jpg,-0.38904154
images/odir/0c2f0c5ca107ad05.jpg,-4.279475
images/odir/cdde455bf3c2974e.jpg,-4.9123044
images/odir/fa168ab88dc5e94f.jpg,-6.495599
images/odir/4d91efe55a6a608a.jpg,-5.0027084
images/odir/31c9756806ec9a57.jpg,-4.07912
images/odir/ea891a26192644c6.jpg,-5.12732
images/odir/24362a482c545642.jpg,-5.4009757
images/odir/389decf8da13d9b3.jpg,-2.1360412
images/odir/df093056a719a745.jpg,-3.6674147
images/odir/9d3224b92605da1d.jpg,-4.567791
images/odir/561881cab8d636ea.jpg,-4.936738
images/odir/17cdee69e406c517.jpg,-4.5213675
images/odir/b90a3f290c199031.jpg,-4.526254
images/odir/76caabb6c7395718.jpg,-3.7883606
images/odir/4ed059eda4f37439.jpg,-3.920302
images/odir/ec11778fb59ff875.jpg,-3.937405
images/odir/4c055ff896e88c51.jpg,-1.3291992
images/odir/521b77eac3b3faf0.jpg,-1.7872521
images/odir/47143970ddb27c6c.jpg,-6.5542393
images/odir/dd1e641eaff5ea7b.jpg,-2.55019
images/odir/f154bb3a9257fa46.jpg,-4.7143927
images/odir/cfb5243cc26b6b02.jpg,-5.0711226
images/odir/ca26f199b4d69e2a.jpg,-5.327675
images/odir/abbdf49742f0f0e5.jpg,-2.8330083
images/odir/65fadfc77d8ae30c.jpg,-3.524478
images/odir/bb727c7aa5f9e41a.jpg,-5.5720105
images/odir/f01a0a6be3948f6d.jpg,-4.6264315
images/odir/ad9685d9492ca058.jpg,-4.1108837
images/odir/0dbbea825ee6c4c5.jpg,-4.6313186
images/odir/cced9b9037a7b3db.jpg,-1.8959814
images/odir/d41eaed282fe98fd.jpg,-2.7719245
images/odir/5298193e050c7103.jpg,-6.847442
images/odir/971a4f46a0e36f42.jpg,-5.073566
images/odir/51b2dd1aedc69554.jpg,-4.553131
images/odir/ca1c4e36cd527425.jpg,-2.8317866
images/odir/a8006a181b3be6bf.jpg,-4.5213675
images/odir/b4fcdaba486cba29.jpg,-3.1127727
images/odir/b56edb7109cbde6e.jpg,-4.003376
images/odir/95e97af12b9ff692.jpg,-6.324564
images/odir/2e936ed1ef927d2d.jpg,-4.6019983
images/odir/ef8b95e324a4ef04.jpg,-5.1884036
images/odir/bf8b469c047cadc7.jpg,-4.132874
images/odir/a79991300cd25d61.jpg,-3.4401822
images/odir/9bcb7de7ca98c4d3.jpg,-2.591727
images/odir/eccd00260b3a8fcb.jpg,-5.537803
images/odir/81d2527b29adafe6.jpg,-6.730161
images/odir/c571fd6192e5df6e.jpg,-5.7796955
images/odir/23d6f89b6891ba88.jpg,-6.268367
images/odir/acf22a4f6c1df0c7.jpg,-4.4065294
images/odir/fb88e1282c2a49be.jpg,-5.3154583
images/odir/91297ae48b6d6f48.jpg,-5.0491323
images/odir/1ded6f7290970084.jpg,-2.7218356
images/odir/1d045b42c130486c.jpg,-5.2959113
images/odir/82929abb9f70bc71.jpg,-6.1633024
images/odir/e363872e8b4abedd.jpg,-6.3074603
images/odir/d747e987eeaa032c.jpg,-4.4114165
images/odir/7b41438ae1f56a27.jpg,-5.4913797
images/odir/b5725768adaa21a2.jpg,-4.3552194
images/odir/cde65c4fc96ad8ed.jpg,-5.55002
images/odir/28cf17c0ef5ac393.jpg,-5.3618817
images/odir/f6333be74c9c54fe.jpg,-3.1811867
images/odir/237a5fc808efc9c8.jpg,-5.2055073
images/odir/519a32bba3aabc11.jpg,-5.20062
images/odir/a8af278840a99544.jpg,-4.408973
images/odir/193b2578a36a981b.jpg,-3.8054643
images/odir/cf1f80eae39f9caf.jpg,-4.7070622
images/odir/b28fe4aa3cdf1ab6.jpg,-4.0962234
images/odir/0b20f626fbddcb86.jpg,-3.142093
images/odir/9fac50d764d200e6.jpg,-4.621545
images/odir/9fb03b4028bc9438.jpg,-5.4229655
images/odir/7162b7b5b1f832a6.jpg,-5.9849377
images/odir/a887ef57ffab3e29.jpg,-4.7217226
images/odir/4369533f4f2769a6.jpg,-2.5300322
images/odir/c5819ed044fccb94.jpg,-5.454729
images/odir/1a7f40358567b686.jpg,-4.704619
images/odir/1d44b6eefe7e5d45.jpg,-5.0760093
images/odir/6104695020ec9e18.jpg,-3.430409
images/odir/665a958888d4f572.jpg,-3.3057978
images/odir/92804ea09e914496.jpg,-4.037583
images/odir/8c34ff0172b96367.jpg,-4.259928
images/odir/dba17d8311c48a00.jpg,-4.1157703
images/odir/ab4aa7a6f514480e.jpg,-4.636205
images/odir/56dfa351464919ab.jpg,-5.2348275
images/odir/9e2c3a459f5a9831.jpg,-6.2121696
images/odir/e5a27ceb95bf366e.jpg,-6.5542393
images/odir/a201a16349d2d9a2.jpg,-2.64487
images/odir/af6b6cdcc774bb29.jpg,-4.7485995
images/odir/2187b2f0974c7b2b.jpg,-4.623988
images/odir/7dcfc100a785dd9f.jpg,-5.5255866
images/odir/c41b88eb210e397c.jpg,-5.997154
images/odir/9ccf8e3d1753bc9f.jpg,-6.6324267
images/odir/16c23a257db2de9d.jpg,-6.1071053
images/odir/8c02cca2acab2a76.jpg,-3.5709019
images/odir/fc7aac4e3c672fca.jpg,-4.8854275
images/odir/77fba4e1119f5a16.jpg,-4.504264
images/odir/fbd86944542f671e.jpg,-4.0766764
images/odir/280da672df8be0ec.jpg,-4.7192793
images/odir/b749a69ee63584b6.jpg,-6.160859
images/odir/ad13268a1e379093.jpg,-5.237271
images/odir/6dac4b09438736d0.jpg,-4.8096833
images/odir/a1daddf9e44ebb5d.jpg,-4.203731
images/odir/bdae00e1f5b60416.jpg,-2.9392943
images/odir/5ffed7dcf78d1ef7.jpg,-3.9691691
images/odir/113c028c1d566a78.jpg,-6.4027514
images/odir/167bba51b6cd6c42.jpg,-5.464503
images/odir/dba93e44d2863e4c.jpg,-4.020479
images/odir/f142d5a0fb4c18a3.jpg,-6.0948887
images/odir/855f2479eace5e84.jpg,-5.9898243
images/odir/2eb056b5f9a2841b.jpg,-3.3070195
images/odir/4d6d4af8e934a3f9.jpg,-4.6924024
images/odir/11e9682e507cf963.jpg,-4.787693
images/odir/bf4060136c7972c1.jpg,-4.377209
images/odir/ef74c8d753c63d93.jpg,-4.4725003
images/odir/8cf09e7776f01812.jpg,-3.0223684
images/odir/38a2eb4f1a0fac26.jpg,-6.0533514
images/odir/de24e25f0fe7b291.jpg,-5.796799
images/odir/d919a3119f402011.jpg,-2.1177158
images/odir/76db05d27283ad04.jpg,-4.655752
images/odir/1fdfd5e92f68dea8.jpg,-6.2854705
images/odir/7f1e11edf4a36ac4.jpg,-4.1597505
images/odir/c9ff0e59e09842a6.jpg,-5.3447785
images/odir/91f4b43bf9ba7f69.jpg,-4.953841
images/odir/5e035b389ed5107a.jpg,-3.3937588
images/odir/736b4bf29bab7955.jpg,-4.4896035
images/odir/3a02641283beef9b.jpg,-3.9716125
images/odir/1b49ee8e7ba55d80.jpg,-5.2983546
images/odir/5a7eb61fbe003c7b.jpg,-5.8163457
images/odir/bf38497c5c42b485.jpg,-3.8958683
images/odir/58180da019532be9.jpg,-6.5884466
images/odir/c010dea0a50b24a5.jpg,-2.4891062
images/odir/4b628932daaf3f62.jpg,-5.3692117
images/odir/0d2fdefa4f3112e3.jpg,-5.8749866
images/odir/d7fcb2fce60f0162.jpg,-4.284362
images/odir/a2807c4e8845c09a.jpg,-3.6014438
images/odir/b79bb77074bb097a.jpg,-3.9447355
images/odir/d1f90fe88c374d64.jpg,-5.3985324
images/odir/a0986918e91ccbeb.jpg,-4.2135043
images/odir/20f58d70e09ce178.jpg,-5.034472
images/odir/930aaa8b4de1de61.jpg,-5.7234983
images/odir/73464f261271e611.jpg,-4.0717897
images/odir/067ce04fbf6c578f.jpg,-3.035807
images/odir/28ebd953e13fead5.jpg,-5.0320287
images/odir/56e7a99bf3823bc9.jpg,-5.3179016
images/odir/26c7e75fe1584210.jpg,-2.8110182
images/odir/fd73db9c920eaa4b.jpg,-4.3356724
images/odir/58391a9be46cab0c.jpg,-2.2600415
images/odir/5431f25f6a8475f7.jpg,-5.6526413
images/odir/6448be74ae0b5a05.jpg,-3.9325185
images/odir/b07fc622aa78a7f7.jpg,-4.7388263
images/odir/fcc030ba5c33ede6.jpg,-4.616658
images/odir/2cb1d5b05ca59288.jpg,-6.3929777
images/odir/58682722483285f8.jpg,-3.388872
images/odir/fd6e4019e77349d3.jpg,-6.2854705
images/odir/e1c4682311cd2fe4.jpg,-6.031361
images/odir/bcfd43e033afa2fd.jpg,-4.0253663
images/odir/82dff057f3fb2e70.jpg,-5.530473
images/odir/7d86e9c04f2d4784.jpg,-4.2965784
images/odir/dff18f3c938acc0d.jpg,-6.0460215
images/odir/d70c31528e34b6c1.jpg,-3.5159264
images/odir/5ccaa857770f917d.jpg,-2.5544658
images/odir/6a1b617b7b6641f8.jpg,-5.1199894
images/odir/52134f2cc6f2cad4.jpg,-4.553131
images/odir/7e68b3a4ad900322.jpg,-4.416303
images/odir/40f6d46465127e4d.jpg,-4.1182137
images/odir/be8162755f8726d1.jpg,-4.887871
images/odir/f489d41e6c888326.jpg,-6.3758745
images/odir/613f81fb57b7ae9f.jpg,-4.765703
images/odir/f8817a67ed3def99.jpg,-6.002041
images/odir/bfc8a097e1344526.jpg,-6.1095486
images/odir/e50eaa651e22c550.jpg,-4.377209
images/odir/fda3421b131b3cc2.jpg,-6.9402895
images/odir/f831097e753029b5.jpg,-5.0149255
images/odir/c5bdd2734871b379.jpg,-5.574454
images/odir/77a60a60cee24051.jpg,-5.2348275
images/odir/4f85f2fb797abd43.jpg,-4.0546865
images/odir/4adfd3f98e9bca98.jpg,-5.3447785
images/odir/4be12f49bafa959d.jpg,-5.6892915
images/odir/69f69531526187c1.jpg,-6.3196774
images/odir/a6cf5b4e7b1584d0.jpg,-4.140204
images/odir/fea64772823dd374.jpg,-4.306352
images/odir/c9c8d79a30f6110d.jpg,-6.5688996
images/odir/3341d0a3c0bc5979.jpg,-6.441845
images/odir/925c1580d3e98297.jpg,-4.726609
images/odir/a468ee648cc61362.jpg,-5.630651
images/odir/dc5acd46ecc8ab1f.jpg,-4.6581955
images/odir/6c92252736bd81a2.jpg,-5.9287405
images/odir/76f60389eb849253.jpg,-2.4567316
images/odir/00ad340410ba632e.jpg,-6.735048
images/odir/77c5c4fda29964f3.jpg,-3.9740558
images/odir/0e72852593ee626b.jpg,-6.5591264
images/odir/1f384bf952fdfcad.jpg,-3.5647936
images/odir/b7787838b92e8762.jpg,-5.4962664
images/odir/c1f3c0ef995a9a8e.jpg,-2.095115
images/odir/b8c3585d6cf63121.jpg,-5.6159906
images/odir/4e306526a81c3999.jpg,-6.111992
images/odir/c1ed93c0bfb407eb.jpg,-3.9105282
images/odir/1037f42c7e7d44bf.jpg,-5.220167
images/odir/0210f0ff5a4fba18.jpg,-4.746156
images/odir/fe21e8a7e3e108fa.jpg,-5.55002
images/odir/9d4c9626b40e5c18.jpg,-2.2404945
images/odir/c7998073af7df343.jpg,-4.0962234
images/odir/208c8215adef1aa7.jpg,-6.4369583
images/odir/679591f6037e38b1.jpg,-4.9856052
images/odir/ec9a3771e07df418.jpg,-5.349665
images/odir/efb2311a4d04607e.jpg,-4.250155
images/odir/a1ee07811b94f2ee.jpg,-7.0966644
images/odir/d04829a3f3a07740.jpg,-5.8358927
images/odir/1cdb7d41f15bda43.jpg,-3.293581
images/odir/3e6b4eb6800c8f8c.jpg,-5.811459
images/odir/b06b66096d0b575c.jpg,-3.6319857
images/odir/69e218157655a0b7.jpg,-4.7828064
images/odir/721915b0c07c9e1a.jpg,-5.6062174
images/odir/1c33db18d9985214.jpg,-5.0686793
images/odir/e8c5269411dc1a4b.jpg,-4.223278
images/odir/f1c50e45b5b56890.jpg,-5.796799
images/odir/28a2e51554848a4d.jpg,-5.90675
images/odir/15166dd9c79448ae.jpg,-5.347222
images/odir/444fa720894f6f6d.jpg,-5.7039514
images/odir/f0e41ab87eedce2f.jpg,-6.3074603
images/odir/a963e4bccaddb4d6.jpg,-5.7503753
images/odir/531a0f751ccb43ac.jpg,-2.0737355
images/odir/fe8ad5a3717db556.jpg,-4.6581955
images/odir/50d2cf2e80fda52e.jpg,-5.9385138
images/odir/a3a1d6e62c7d06b6.jpg,-4.2623715
images/odir/f5f91a18be30bd83.jpg,-5.686848
images/odir/571ef32c45d17e96.jpg,-5.3667684
images/odir/8be10c919b8597a6.jpg,-2.8183484
images/odir/cb09d2f50ecd8dbd.jpg,-6.5004854
images/odir/1f4e10d6ddb6783a.jpg,-3.6869612
images/odir/e5a63326596aa5d9.jpg,-4.299022
images/odir/54ef372483c2f033.jpg,-3.8201241
images/odir/e9212a81bab108a8.jpg,-5.2030635
images/odir/a12b49c5a4c0b518.jpg,-5.7650356
images/odir/00bb2bbff10b9430.jpg,-4.4749436
images/odir/577226a301fb858c.jpg,-5.5109262
images/odir/82d4cac38a23826e.jpg,-6.735048
images/odir/e873b678d5f0d0d0.jpg,-4.4260764
images/odir/c1868f690d0ba7dc.jpg,-5.3814287
images/odir/5654ad21dd1cd857.jpg,-6.2463765
images/odir/77cf050102d84026.jpg,-4.8170133
images/odir/a0eec22c83030c96.jpg,-6.0362477
images/odir/5142f55ac2fb4681.jpg,-1.8513901
images/odir/100772847d382b87.jpg,-5.2299404
images/odir/c686719dc6f23b19.jpg,-1.9637845
images/odir/359bc8533137eb79.jpg,-4.06446
images/odir/f1e15f284be57a5e.jpg,-4.4065294
images/odir/5705ab93d83bf4da.jpg,-5.090669
images/odir/227b8e895d79729a.jpg,-5.801686
images/odir/1ea73961eafe2971.jpg,-3.8873167
images/odir/49729670c4f887d3.jpg,-4.6459785
images/odir/dde824350bc9e637.jpg,-5.6355376
images/odir/ffe5fdd9831c0b93.jpg,-5.5255866
images/odir/6f399f8f5a762f6e.jpg,-4.753486
images/odir/d67cbb367dff6193.jpg,-5.4571724
images/odir/2c97efd6151c29e9.jpg,-5.9629474
images/odir/19871fcfde0bb529.jpg,-3.996046
images/odir/6bdd067baf1212f6.jpg,-4.518924
images/odir/d542f991fd4f0328.jpg,-4.7070622
images/odir/0eb3dada39a92bec.jpg,-4.511594
images/odir/526cbeabc84abbfc.jpg,-5.3521085
images/odir/af537ac8936d4de5.jpg,-5.6624146
images/odir/eaf311e1cf3ecd63.jpg,-2.2759233
images/odir/31a52141699994fe.jpg,-5.281251
images/odir/7bec40e604a506ae.jpg,-5.9580607
images/odir/34231c67dff26e01.jpg,-3.426744
images/odir/1ca14dab74fcd515.jpg,-3.850666
images/odir/1f6917ce600114a4.jpg,-3.4047537
images/odir/a404a40e96278bda.jpg,-5.3032413
images/odir/55e87f26f29d5a6d.jpg,-2.5404165
images/odir/6386fc5e84412e24.jpg,-5.0760093
images/odir/007ac964bf996a66.jpg,-5.330118
images/odir/6e0fa62a4f183b1c.jpg,-3.6723013
images/odir/c413f4e188dd8e7a.jpg,-4.4749436
images/odir/5f72a63d609c92e6.jpg,-6.8132353
images/odir/e1a6b8b2bb1682df.jpg,-3.4914927
images/odir/90a216ef21727f5f.jpg,-4.689959
images/odir/b994f1df7cb15589.jpg,-5.2152805
images/odir/be2ab2afd3524d48.jpg,-3.7590404
images/odir/5df99fb44a2b2b82.jpg,-2.9588413
images/odir/5767166266f1512c.jpg,-4.2330513
images/odir/825e216fc0665fa2.jpg,-3.2361622
images/odir/e5dbd9cb793d5c7c.jpg,-6.2854705
images/odir/2d8dbc1dce9be97f.jpg,-4.9685016
images/odir/3c824af4251846cc.jpg,-5.530473
images/odir/38d19bdf0b0ea1c0.jpg,-6.3416677
images/odir/898c2e0c41ea84a4.jpg,-4.856107
images/odir/0c07d0dcd0eee89b.jpg,-2.763373
images/odir/92c36a7ed4c9dcbe.jpg,-5.0369153
images/odir/35c23e3d27dea6c0.jpg,-6.4858255
images/odir/236e28bab4da47dc.jpg,-3.912972
images/odir/cc18969927ba9a2c.jpg,-3.3974237
images/odir/ebe1c8f16b39f91d.jpg,-4.572678
images/odir/5d91fa847c4c449b.jpg,-3.8922033
images/odir/3ddf3a88673d8247.jpg,-5.4009757
images/odir/765bec1f73bdd1d1.jpg,-4.936738
images/odir/83013b3db5ddcf51.jpg,-6.661747
images/odir/90e029f1dd575f04.jpg,-5.8285627
images/odir/a37f520da9909300.jpg,-4.1108837
images/odir/e40ca151867db66a.jpg,-3.316793
images/odir/a82972e68570c1c2.jpg,-6.5004854
images/odir/a079265eb16dea0c.jpg,-3.3546648
images/odir/f724b2aee9ac9f3e.jpg,-3.0590189
images/odir/da67ab7fbb7722f0.jpg,-3.6869612
images/odir/7d9739d99f697061.jpg,-4.8096833
images/odir/7e41c7b92c47bfd0.jpg,-5.3789854
images/odir/c50009be9d08b57b.jpg,-5.212837
images/odir/c0bac4093312d313.jpg,-5.603774
images/odir/7dba8bdfe6cf1422.jpg,-5.1541967
images/odir/3ec5d2e3220fb3dc.jpg,-5.117546
images/odir/87e26f50c99a5d02.jpg,-5.2617044
images/odir/c9ae521e9b9ae45c.jpg,-6.1852927
images/odir/208aff1fff21dbbe.jpg,-5.0760093
images/odir/51ba4eb73004224a.jpg,-5.061349
images/odir/b12e9ad1a841b8ed.jpg,-4.936738
images/odir/d77cab866de1307b.jpg,-3.8213458
images/odir/9e95f550aca0fddd.jpg,-5.6013308
images/odir/e80dbb1f7e17434b.jpg,-4.7290525
images/odir/ef4ef4e0fa830388.jpg,-4.9196343
images/odir/a773b385b7a65cef.jpg,-5.1664133
images/odir/bd496d0ba21b2c70.jpg,-5.1957335
images/odir/b2034106968aeda4.jpg,-5.376542
images/odir/a79de4066918da58.jpg,-5.2055073
images/odir/e87f8fd6e8882283.jpg,-6.4320717
images/odir/3228640c48df7d75.jpg,-2.6802988
images/odir/8df66dea50177586.jpg,-6.2292733
images/odir/b830d2e9a7a7633b.jpg,-4.1353173
images/odir/d5ba5c1b4c609a57.jpg,-5.757705
images/odir/275baf074f63c517.jpg,-4.953841
images/odir/dec1a6a75e5d1f83.jpg,-5.088226
images/odir/499bdc9e25f30102.jpg,-4.3820963
images/odir/2521252a8a03a1af.jpg,-5.227497
images/odir/b99bf8e5c2e65eee.jpg,-5.4767194
images/odir/81db673320cb152a.jpg,-5.383872
images/odir/dbb351907ae5b3dd.jpg,-4.189071
images/odir/8b9696da3996aa9e.jpg,-2.9722795
images/odir/a72dea4eb140b543.jpg,-4.06446
images/odir/f3291cb2fbfc8110.jpg,-5.8700995
images/odir/db08717d8a35a671.jpg,-2.2685933
images/odir/487e1c16c8839fa1.jpg,-3.1775217
images/odir/5fb64b703e5e65c1.jpg,-3.1591964
images/odir/627ba90b3a84dc56.jpg,-5.774809
images/odir/9e1fd955ae089c36.jpg,-5.5866704
images/odir/b88b0058d0c99140.jpg,-5.1713
images/odir/1934135a27515776.jpg,-4.580008
images/odir/b9c53f97ea7062d6.jpg,-6.2170563
images/odir/620ae3f5247d63de.jpg,-5.2861376
images/odir/a82d786a4ac36209.jpg,-5.4498425
images/odir/7e20940cc2b40837.jpg,-3.749267
images/odir/edabc8901ea20ea8.jpg,-5.554907
images/odir/5971b0aacbabc513.jpg,-5.645311
images/odir/871415a8b6c36023.jpg,-5.356995
images/odir/db0ea7d3816c179a.jpg,-5.747932
images/odir/2b89d5b01c64d404.jpg,-5.0246987
images/odir/191c087c56905359.jpg,-5.6282077
images/odir/05d24af06b982a8d.jpg,-6.1071053
images/odir/079baf68066a1306.jpg,-4.765703
images/odir/11110179a36dc91c.jpg,-4.0717897
images/odir/540a4bef80ab4ce9.jpg,-4.4529533
images/odir/a4a9172e61ad55c8.jpg,-4.5384707
images/odir/f122dd25b427ac0d.jpg,-5.774809
images/odir/781be97367529942.jpg,-5.3667684
images/odir/f8b818ad04b66fbf.jpg,-4.4529533
images/odir/55c965e76eb0d217.jpg,-4.321012
images/odir/914a2f94464bf950.jpg,-5.2421575
images/odir/2dea02e124f3a05a.jpg,-6.5542393
images/odir/a66612c1b9fa8bfc.jpg,-4.8780975
images/odir/042b48ac4d9cf246.jpg,-4.4260764
images/odir/ae1c76c85f2b2beb.jpg,-4.401643
images/odir/1130512d74095a2a.jpg,-4.07912
images/odir/bb66c3f85067a790.jpg,-5.8163457
images/odir/e4b94b6d84d83db5.jpg,-4.514037
images/odir/6d56ca85eec238e4.jpg,-5.281251
images/odir/540a92a25a31fef3.jpg,-5.420522
images/odir/8a1e9b18a31e92e5.jpg,-3.0749006
images/odir/b0ed34df5f81a356.jpg,-2.933186
images/odir/d60cc1097c1e2c37.jpg,-4.79991
images/odir/19aab133882de4f0.jpg,-4.743713
images/odir/be891a1f5420fd01.jpg,-5.3179016
images/odir/257299d59dd5b2aa.jpg,-3.9716125
images/odir/493dae045df385e7.jpg,-4.259928
images/odir/81d01eec3ae0d7fb.jpg,-4.8365602
images/odir/bd000d5f6047eef7.jpg,-5.5988874
images/odir/7d9e72aeea75c7dd.jpg,-4.3625493
images/odir/0b6519b05ebf094e.jpg,-5.2763643
images/odir/2596336b9448e72c.jpg,-4.7974668
images/odir/faed5ca5f4de3cbf.jpg,-6.0631247
images/odir/970f45a161f11005.jpg,-4.731496
images/odir/c62cde5b34c84ace.jpg,-6.24149
images/odir/8652b16eaf9af9e4.jpg,-2.2814207
images/odir/b2d8589d6e57f8ed.jpg,-3.0223684
images/odir/2cad9fdf35e46ea0.jpg,-5.1713
images/odir/60293d78c0cc4c86.jpg,-4.6313186
images/odir/507ad2fb35971ef3.jpg,-4.868324
images/odir/14d4bbb62d9857ae.jpg,-1.1835904
images/odir/8a18374901ded953.jpg,-4.677742
images/odir/9fb415a974b70bd2.jpg,-5.4962664
images/odir/31994ef59b5f2434.jpg,-4.286805
images/odir/fad551dedee9b56b.jpg,-2.4219136
images/odir/8236441a380b80f5.jpg,-4.0546865
images/odir/64511aec40804ccc.jpg,-6.495599
images/odir/9aa3df84b4294119.jpg,-7.0233636
images/odir/8af1741d5ff49539.jpg,-5.3056846
images/odir/6fdaeef41d217a98.jpg,-6.085115
images/odir/2f7f23aeb8735bd9.jpg,-5.227497
images/odir/94ab097bdaa1486b.jpg,-6.187736
images/odir/bf13be363e14761a.jpg,-3.9667253
images/odir/90570aec18dd1598.jpg,-5.574454
images/odir/b9fc0b9cc93764c8.jpg,-4.6533084
images/odir/162d5f7816da0130.jpg,-5.645311
images/odir/5f86940a40a07b7f.jpg,-5.0564623
images/odir/3a1e7dcb83ddfeca.jpg,-4.6924024
images/odir/a0c3d4cabe58e06f.jpg,-4.6093283
images/odir/05d7f0fa02d483fa.jpg,-4.936738
images/odir/bec96360005317c4.jpg,-4.951398
images/odir/7e12d8a875c73bde.jpg,-4.404086
images/odir/668221e56db3b504.jpg,-5.383872
images/odir/2a2a8e00246e3d40.jpg,-4.223278
images/odir/20b9a223eb59c44f.jpg,-5.364325
images/odir/ce3efcc59117f64e.jpg,-3.9471788
images/odir/ef9c5c857e71db15.jpg,-4.540914
images/odir/2c0970e44c040a15.jpg,-4.944068
images/odir/99c497c3f02a79bd.jpg,-6.1657457
images/odir/e5d7946b043e8f5a.jpg,-3.4352956
images/odir/1369f5d0bf806c9b.jpg,-5.3985324
images/odir/78b281d08ae5241f.jpg,-4.4456234
images/odir/0102ecb3591fade9.jpg,-3.912972
images/odir/0724dbc1234b22cf.jpg,-1.7313603
images/odir/14d8993d3f98d0d8.jpg,-5.637981
images/odir/b4f4d263d650c482.jpg,-4.7485995
images/odir/7a8b685b099cc48a.jpg,-2.4903278
images/odir/466804eabc80c898.jpg,-4.787693
images/odir/e924dd67c6213e2e.jpg,-3.7016215
images/odir/04cf9e7f5be8661f.jpg,-5.5329165
images/odir/089c68da66b9372c.jpg,-4.689959
images/odir/6f1a3bb88d3afd4f.jpg,-4.560461
images/odir/8aa300b7fbe1fe85.jpg,-2.406643
images/odir/560f6506188d1e1c.jpg,-5.5891137
images/odir/7cc147eb0b4d408b.jpg,-3.956952
images/odir/57fd3f9b8f285464.jpg,-5.9385138
images/odir/f1fa131014bbab50.jpg,-3.8250108
images/odir/0ef30c0e7726539f.jpg,-5.349665
images/odir/1c752db37be32cac.jpg,-6.2463765
images/odir/7d2fcc8e64973d86.jpg,-5.2030635
images/odir/ab4b4924e76b87ae.jpg,-5.266591
images/odir/076d6b0417bd5f69.jpg,-5.794356
images/odir/b42de4aff8c31a49.jpg,-6.1559725
images/odir/15a32c6d58bf2ab3.jpg,-4.8292303
images/odir/c0b6dd46e732ca1e.jpg,-5.501153
images/odir/9ce14e0334dc6947.jpg,-5.3814287
images/odir/cb9809746a19009f.jpg,-6.050908
images/odir/ee5ad22597317b08.jpg,-4.9660583
images/odir/1ee17956c8f65d4a.jpg,-5.5597935
images/odir/5e9919fb9594b10d.jpg,-5.857883
images/odir/5473ae99ef4c9329.jpg,-4.506707
images/odir/8aba4eb3092ae558.jpg,-3.1103292
images/odir/08b1ebffdca4e47e.jpg,-5.310571
images/odir/6f2914b85707fed6.jpg,-2.0780115
images/odir/ba949b6f6a48a965.jpg,-3.9105282
images/odir/b59a42592d51a738.jpg,-5.237271
images/odir/7bd2fd8ea9a3e953.jpg,-6.3954215
images/odir/da782de2adf36e6b.jpg,-4.8390036
images/odir/64147ea715d45812.jpg,-5.657528
images/odir/b4feb4b97490b485.jpg,-4.9391813
images/odir/5ef580158e53c487.jpg,-5.5793405
images/odir/9025a29e4ce8b5a1.jpg,-4.8292303
images/odir/7d7a356a47e1ab4d.jpg,-3.3265662
images/odir/462d231d329dcbfa.jpg,-4.5653477
images/odir/0b627a9288c5c79a.jpg,-4.780363
images/odir/8ba4105f17d251fe.jpg,-5.9385138
images/odir/61ccea1d33672d04.jpg,-2.7450476
images/odir/43cec63ffd5e9de2.jpg,-4.841447
images/odir/1069af52e0632b4e.jpg,-5.1664133
images/odir/713aafd2aab5184d.jpg,-5.657528
images/odir/536044ced23f2250.jpg,-4.643535
images/odir/f976198012c3846e.jpg,-5.4987097
images/odir/ba9cdc9f94ecb726.jpg,-5.247044
images/odir/e28cd450ce14ff11.jpg,-4.944068
images/odir/148c9ebd7f80c900.jpg,-5.4693894
images/odir/be5c5439648ea4d7.jpg,-5.8529963
images/odir/5a5984861434af85.jpg,-4.6997323
images/odir/9d5530c64804b1ce.jpg,-6.4125247
images/odir/02ca1b8572782958.jpg,-4.1915145
images/odir/2ed1478918e0945b.jpg,-3.2911377
images/odir/d91bc48efcfa3393.jpg,-5.5133696
images/odir/1ab160c4c7c1e259.jpg,-4.10111
images/odir/6f2158d1dfeb8b14.jpg,-3.7590404
images/odir/ad19267a4fd76374.jpg,-4.9831614
images/odir/c3adbca52ceca66f.jpg,-6.6715207
images/odir/c4c308e29d58a4a4.jpg,-4.5897813
images/odir/58c9fbaa167ba67c.jpg,-0.62054956
images/odir/bef4783d16a4a46f.jpg,-6.131539
images/odir/fe9d20c99bed5508.jpg,-4.4798303
images/odir/1a0a30a911a47862.jpg,-5.911637
images/odir/2bce096ffc7d5d41.jpg,-4.7363825
images/odir/413284c5eda2d658.jpg,-5.063792
images/odir/4d1919b9d802b95b.jpg,-5.987381
images/odir/632633e4d6bb601d.jpg,-5.083339
images/odir/797d156ad2b1299b.jpg,-3.3717685
images/odir/cbca8995568a31bf.jpg,-5.0149255
images/odir/2e6fb8e643373343.jpg,-2.3840418
images/odir/d740585f3de73279.jpg,-4.677742
images/odir/3fb3a3473ff15d1e.jpg,-4.022923
images/odir/bc35b174e5973da6.jpg,-6.133982
images/odir/76a09708afce723a.jpg,-4.643535
images/odir/9189dc7f6af546ca.jpg,-4.08645
images/odir/b121cb4fefb15207.jpg,-5.857883
images/odir/ca647602b16b0123.jpg,-4.9489546
images/odir/8bef80ec708c4499.jpg,-4.8732104
images/odir/decf321d2b566c63.jpg,-2.4756675
images/odir/4c495f224c4e00a0.jpg,-6.0875583
images/odir/b795e26cc0f78581.jpg,-6.138869
images/odir/a68fe0fdd99b8f54.jpg,-2.5239239
images/odir/d064d314c29e7b86.jpg,-3.5880055
images/odir/6d077ece9ccba675.jpg,-3.5269213
images/odir/940584cab3aabcf1.jpg,-5.122433
images/odir/67d392ba343a11eb.jpg,-5.320345
images/odir/46f78f614afc1534.jpg,-6.6373134
images/odir/5a97528106f1183c.jpg,-5.100443
images/odir/dc32badec4318480.jpg,-4.5091505
images/odir/a337f55a4bfdf582.jpg,-4.9660583
images/odir/e7a8551e4889a2c5.jpg,-4.347889
images/odir/775e87895ba91e70.jpg,-4.08645
images/odir/3bf4c3085ea0a436.jpg,-3.145758
images/odir/3173483fb0f1219d.jpg,-5.090669
images/odir/0260948c77397023.jpg,-2.0120409
images/odir/669a233578acba7e.jpg,-6.7594814
images/odir/6d80e36218cc3811.jpg,-4.291692
images/odir/d14102a9d1caae25.jpg,-5.0515757
images/odir/4c372eb14387f37a.jpg,-5.865213
images/odir/81ac3cda3cf940d3.jpg,-2.029755
images/odir/bb468344700757e6.jpg,-3.912972
images/odir/99225be6997a357d.jpg,-3.361995
images/odir/5ea43f8532653eb5.jpg,-4.907418
images/odir/701abec6eda3a689.jpg,-4.526254
images/odir/ff407de6c41f9b71.jpg,-1.7863358
images/odir/853f081f79a8e860.jpg,-4.6801853
images/odir/76445c9d97c0dc6f.jpg,-4.650865
images/odir/5f51a90f0c063c33.jpg,-5.8798733
images/odir/937d4f83f1c2965a.jpg,-6.3074603
images/odir/2f4058d8f4cf4b7c.jpg,-3.6747446
images/odir/3b1e23c6d3d135f5.jpg,-5.672188
images/odir/5d5556f486afdeed.jpg,-5.562237
images/odir/4b8070f20fd9cb79.jpg,-5.6819615
images/odir/74a29cfceab133f3.jpg,-4.663082
images/odir/1c441f939ee5ed54.jpg,-5.2641478
images/odir/0bf81163a5972959.jpg,-2.4151945
images/odir/7340f62de9bf7d3b.jpg,-4.8219004
images/odir/75bd166c8684d6ea.jpg,-5.239714
images/odir/711e14f5fed84b01.jpg,-5.4058623
images/odir/f39fef7595852303.jpg,-0.8288457
images/odir/654dbc58101b1d12.jpg,-4.0693464
images/odir/4ee51d3a3044d20c.jpg,-5.8065724
images/odir/b5d1b96c67c2d514.jpg,-5.53536
images/odir/a99045d27e4d3843.jpg,-3.0822306
images/odir/0617d0907e031050.jpg,-5.247044
images/odir/3494c673431adf9d.jpg,-5.266591
images/odir/d0359822694ea97a.jpg,-4.9562845
images/odir/3c8b6273a2e8c5ad.jpg,-3.4817195
images/odir/d0bd11e28922b5e3.jpg,-4.8219004
images/odir/a97da217b85fc7d0.jpg,-2.560574
images/odir/ac5bb4ddfdde090d.jpg,-5.227497
images/odir/25e553ad6ff4242b.jpg,-5.1713
images/odir/e9c6c33b3bb7b2ee.jpg,-5.6282077
images/odir/61498094b5942891.jpg,-4.689959
images/odir/d34e3faa2e36a4e3.jpg,-4.753486
images/odir/61dc18e310b7e169.jpg,-3.9593954
images/odir/6c0e0deb6a923530.jpg,-4.277032
images/odir/85ac8010fa4b1773.jpg,-6.3367805
images/odir/7240f47811301d2b.jpg,-5.684405
images/odir/147255e84dc3f0a5.jpg,-4.0497994
images/odir/843228c884118c64.jpg,-6.1461987
images/odir/2a8fc0665f12a382.jpg,-5.0442457
images/odir/057d5c0262eb0021.jpg,-5.711282
images/odir/86cc1dd881f62910.jpg,-5.501153
images/odir/8d63963eb68d410c.jpg,-4.5995545
images/odir/0022120a01eada5e.jpg,-6.524919
images/odir/d072306e78bf20f5.jpg,-5.0979996
images/odir/287d7f55aa7cf3f2.jpg,-4.2281647
images/odir/1ce350e67aea5ad8.jpg,-4.9953785
images/odir/222b911d303a2f7c.jpg,-4.470057
images/odir/b03e6392819cc7a0.jpg,-3.806686
images/odir/37e26b3563c48eec.jpg,-3.9398484
images/odir/929a55e8ef35b309.jpg,-5.7454886
images/odir/670445e37c1eb8b0.jpg,-3.8323412
images/odir/dfe8597e8a33c86c.jpg,-5.4913797
images/odir/29ba175554d37157.jpg,-4.2550416
images/odir/7aec6d265398c18b.jpg,-6.1071053
images/odir/87cb6dff752a0a52.jpg,-5.1468663
images/odir/4af6e8d3067a75b6.jpg,-3.2654824
images/odir/8e6a85f088c23dde.jpg,-5.117546
images/odir/9075bbe5401a09c3.jpg,-5.6501975
images/odir/98a4906bcae909dc.jpg,-5.657528
images/odir/ed7e28adabe37621.jpg,-5.713725
images/odir/67154b17e6e2032f.jpg,-5.212837
images/odir/28c3436da67ea937.jpg,-3.669858
images/odir/688c466b294f68d6.jpg,-4.9269643
images/odir/c2e9f6a37c20dd38.jpg,-6.5004854
images/odir/377deea5eaf9c0de.jpg,-2.731609
images/odir/e9a496a83e7db535.jpg,-6.6666336
images/odir/7a9ccd3401d983c4.jpg,-3.806686
images/odir/e6915d29bca92d74.jpg,-2.3608298
images/odir/2a938f8719b22b7b.jpg,-3.4853845
images/odir/3430ce07cc071e2a.jpg,-5.8358927
images/odir/41aa3e78ae5698df.jpg,-4.6728554
images/odir/8d0beabe28efd6b6.jpg,-5.8823166
images/odir/004f8746360933e2.jpg,-3.749267
images/odir/8e2236de9ac801fb.jpg,-5.4058623
images/odir/731b395da26491e5.jpg,-4.3820963
images/odir/fa9f5d0ad543e349.jpg,-3.937405
images/odir/b2aef53aae5cb657.jpg,-4.6117716
images/odir/f65259d347c0997c.jpg,-4.704619
images/odir/33568a7bccf1b854.jpg,-3.9740558
images/odir/915465af570681b9.jpg,-4.606885
images/odir/84aa730bc0f33ac7.jpg,-3.293581
images/odir/fb95b2eabca33fe1.jpg,-2.9356294
images/odir/ecbdfd9f7bfbdd4a.jpg,-3.2459354
images/odir/a54ec86b620badf7.jpg,-4.5922246
images/odir/a324ac062a0739b1.jpg,-5.3227882
images/odir/760b859e324eedb6.jpg,-5.5793405
images/odir/4aef759e66ae5295.jpg,-5.5207
images/odir/3c740ed16fe6cf00.jpg,-3.650311
images/odir/3153d4499f88d841.jpg,-3.0174818
images/odir/d7efc9b09ffa1948.jpg,-4.6191015
images/odir/f961a08a2547d758.jpg,-3.920302
images/odir/01f4d1eb7a65dd01.jpg,-4.2330513
images/odir/a8747dd09adadf33.jpg,-2.9991565
images/odir/4b5abb00ccb3f983.jpg,-5.8358927
images/odir/ef8f572bfae7b3ce.jpg,-3.5745668
images/odir/b72082e9a0e4ee17.jpg,-6.317234
images/odir/f766b1c1f80a5ae1.jpg,-4.760816
images/odir/c9420d2c471b88da.jpg,-4.758373
images/odir/f2b163e45406f2ff.jpg,-2.0932825
images/odir/e758f97980cb2ee5.jpg,-3.8604398
images/odir/15d9bec9e51379c5.jpg,-5.8163457
images/odir/9e220621fa0a52d9.jpg,-6.471165
images/odir/3c6cffe0fcf474ef.jpg,-6.5737863
images/odir/64844db41bd7c785.jpg,-4.2819185
images/odir/4c84ca8679b8ebb6.jpg,-6.564013
images/odir/cca56f01628580bb.jpg,-2.8378952
images/odir/c512ccb667dbd22b.jpg,-4.6117716
images/odir/b6280a69634b6324.jpg,-3.0345852
images/odir/43224fb0d0e87356.jpg,-2.8782105
images/odir/3b9ba95255ba3425.jpg,-4.907418
images/odir/e0f6cda55fedafa5.jpg,-2.3803768
images/odir/f962a50d863252c3.jpg,-4.997822
images/odir/5824057cd97286c1.jpg,-5.464503
images/odir/15722905170646d5.jpg,-4.670412
images/odir/0b9544b85eca5b45.jpg,-3.5195913
images/odir/af4ef1735c63d4a1.jpg,-5.481606
images/odir/4d420b43aa27296f.jpg,-4.2012877
images/odir/894d595f45743bf7.jpg,-5.308128
images/odir/ad844c7d84852d46.jpg,-3.9887156
images/odir/f1d097ed8b0d89c2.jpg,-5.5451336
images/odir/e9bab05bf9b4b2b8.jpg,-2.6961803
images/odir/2eb455a1bdbc134d.jpg,-5.374099
images/odir/8c8c6ca1493b7072.jpg,-6.490712
images/odir/cbff5ac37c830dc4.jpg,-4.0009327
images/odir/81840c053d6f4930.jpg,-6.3465543
images/odir/f3102f5c56854ea2.jpg,-4.06446
images/odir/4b8c2c155b267f4e.jpg,-3.7981339
images/odir/452063ab852ebebc.jpg,-4.306352
images/odir/4caece6bc88aebb3.jpg,-4.6948457
images/odir/71940db3e01e9299.jpg,-4.389426
images/odir/4845310382a47085.jpg,-7.3507733
images/odir/2a2926c60eec6c5d.jpg,-5.2836943
images/odir/8549944bf2770be0.jpg,-5.190847
images/odir/59e54a021034d361.jpg,-4.0497994
images/odir/337b3e8c617d1dd1.jpg,-6.1437554
images/odir/a607260900b95bea.jpg,-5.664858
images/odir/88814694f3aad29c.jpg,-4.5286975
images/odir/b28410a6be3027ae.jpg,-5.1615267
images/odir/6c1a1594b7ef99f4.jpg,-5.349665
images/odir/e7726b3ae0a16358.jpg,-5.3960886
images/odir/c4511ec654d65a5c.jpg,-3.0858958
images/odir/39dc2fadd6c148b7.jpg,-5.811459
images/odir/55dcec487b832148.jpg,-2.800023
images/odir/316db8bb74003cc1.jpg,-4.8487773
images/odir/897499182d1c1ec2.jpg,-3.9349618
images/odir/a034a01681e0eba2.jpg,-4.196401
images/odir/c3ee26624c756daa.jpg,-2.0847306
images/odir/8e0639a119a74e44.jpg,-2.5098746
images/odir/782fc3c311b468dc.jpg,-5.2226105
images/odir/631fa8380ee2d787.jpg,-6.160859
images/odir/a4fc50d9f1319405.jpg,-6.915856
images/odir/23251be8aa791305.jpg,-5.8261194
images/odir/1e05984ce1a5b4f3.jpg,-4.4065294
images/odir/2805f9f9040e6926.jpg,-5.2568173
images/odir/4581506157a12304.jpg,-3.423079
images/odir/27cdccabe4cf1cfb.jpg,-5.190847
images/odir/6c64ad47cb35502f.jpg,-5.547577
images/odir/b71740d868647c76.jpg,-6.085115
images/odir/751a97127972ceaa.jpg,-4.4382935
images/odir/29db3bb6db89dd69.jpg,-4.360106
images/rfmid/5879983231eb301b.jpg,-5.437626
images/rfmid/de32b12ecc884e4e.jpg,-6.0264745
images/rfmid/01550fdc017dbbb5.jpg,-3.583119
images/rfmid/c84b5aa1e330fafd.jpg,-0.56068736
images/rfmid/228fcd19ce76eaba.jpg,-4.8854275
images/rfmid/ff100589a05ba6d2.jpg,-3.225167
images/rfmid/c91d3ae22d296e9a.jpg,-2.6815205
images/rfmid/598649a2614119be.jpg,-5.1859603
images/rfmid/4f981d3d131bf649.jpg,-4.6997323
images/rfmid/3dff7745ffc47afc.jpg,-3.449956
images/rfmid/28ba2b8a87f520f6.jpg,-4.306352
images/rfmid/3c9c067c431b793d.jpg,-1.12327
images/rfmid/df883cd288108b4b.jpg,-4.8854275
images/rfmid/77d4b4d306bf1f2c.jpg,-4.6801853
images/rfmid/ed75250db2fa345c.jpg,-5.7894692
images/rfmid/5e147371dc6ad53f.jpg,-4.1988444
images/rfmid/41d3dfc9a79d0c76.jpg,-4.787693
images/rfmid/6c533c05fb48f559.jpg,-0.72194886
images/rfmid/1ddefaa79143f6dd.jpg,-2.1177158
images/rfmid/82c9394d9c7878a7.jpg,-2.1256568
images/rfmid/45d876df942f1b7d.jpg,-3.5574636
images/rfmid/d51fd24f04c8099e.jpg,-1.304002
images/rfmid/319918abc5109896.jpg,1.2522827
images/rfmid/1718cd850da1d0c9.jpg,-2.2875292
images/rfmid/d887dc0953ef6a08.jpg,-4.3918695
images/rfmid/336f59a11adb4f0f.jpg,-4.4920473
images/rfmid/15977a29a37f5ad2.jpg,-4.132874
images/rfmid/7f7140ead8dc7abe.jpg,-5.046689
images/rfmid/2c33a5b1cd3968cc.jpg,-4.0693464
images/rfmid/dea6f24365315f32.jpg,-2.8403385
images/rfmid/a36e78f8c229a423.jpg,-2.4414606
images/rfmid/32f8aeb8765be418.jpg,-4.8194566
images/rfmid/75e4163b3c2757ee.jpg,0.34335434
images/rfmid/e7142b825a8ee116.jpg,-4.0815635
images/rfmid/30cbc709889c92db.jpg,-5.8065724
images/rfmid/da3897584ca1c597.jpg,-5.129763
images/rfmid/624c5c11084a5cf2.jpg,-2.4909387
images/rfmid/bf8cafbdbdbe8f24.jpg,-4.863437
images/rfmid/6ab5666ae9c47193.jpg,-5.4131923
images/rfmid/c17f63a06d17ea99.jpg,-0.7854761
images/rfmid/7e9302963a6de000.jpg,-2.090228
images/rfmid/ee73a26497d4b1b3.jpg,-4.294135
images/rfmid/070fba21d408959b.jpg,-4.572678
images/rfmid/450c18ec65f0417a.jpg,-4.553131
images/rfmid/ac448a8c8481f045.jpg,-4.45784
images/rfmid/14b3ea25586c524f.jpg,-2.366938
images/rfmid/19097ea8238acb86.jpg,1.2987067
images/rfmid/0163072db1ee62f6.jpg,0.10757053
images/rfmid/90e40bd5dbd72f77.jpg,-6.111992
images/rfmid/2d120becc73258b0.jpg,-4.787693
images/rfmid/0a7715db2380a5ea.jpg,-4.751043
images/rfmid/33ba82902e004f99.jpg,-4.980718
images/rfmid/3fece6b99c790a0c.jpg,-2.2056768
images/rfmid/e856a88ce81eb260.jpg,-0.35849965
images/rfmid/040524f9d8ec5c50.jpg,-3.8604398
images/rfmid/c70647f0433e0d09.jpg,-4.518924
images/rfmid/9cb07e29c4c250ba.jpg,-3.5024881
images/rfmid/9a28ba7c1df06fa3.jpg,-4.184184
images/rfmid/7f400a342f915464.jpg,-5.1493096
images/rfmid/289a19aed3b932c8.jpg,-1.5726949
images/rfmid/48a86766ffcb6f9b.jpg,-4.8854275
images/rfmid/83e97da27a564acd.jpg,-4.3820963
images/rfmid/d8e383efe53c42be.jpg,-5.1053295
images/rfmid/d0717502ea237e80.jpg,-4.614215
images/rfmid/d3032cff353d78ef.jpg,1.8631219
images/rfmid/ab57b45aedb85c0c.jpg,0.9554151
images/rfmid/181c7795f7b0f637.jpg,-2.4775
images/rfmid/3c20f8a5f89d8ff0.jpg,-1.5943797
images/rfmid/6d362cc7b0f4e729.jpg,-0.59794855
images/rfmid/27ad5efe65bd12cb.jpg,-4.299022
images/rfmid/c08e3ec053a8aca9.jpg,-4.1084404
images/rfmid/83e8e05087129257.jpg,-2.2307212
images/rfmid/9e1ce8f8485c13f9.jpg,-3.713838
images/rfmid/d42e85154115ee1e.jpg,-5.2617044
images/rfmid/17b8b47d71268a49.jpg,0.24806345
images/rfmid/481651e862ee8652.jpg,-0.46173143
images/rfmid/fe5d5a94baf0c874.jpg,0.5925766
images/rfmid/b782bb6420768fba.jpg,0.6609906
images/rfmid/81d202b2c5ef9a02.jpg,-5.9507303
images/rfmid/cc072bf16987809f.jpg,-4.621545
images/rfmid/dd31fd5f75cada2e.jpg,-2.39015
images/rfmid/239ebc950bdb585b.jpg,-5.183517
images/rfmid/536b141d6844b38e.jpg,-0.06102109
images/rfmid/7b84a22a31b363d7.jpg,-4.1915145
images/rfmid/4f921d007997c2fe.jpg,-4.010706
images/rfmid/9224b4a9c9ae7477.jpg,-4.7363825
images/rfmid/a8ece2c8fe5a1a59.jpg,-5.91408
images/rfmid/2aa70904b58ea2f6.jpg,-4.724166
images/rfmid/956a05b3b978a079.jpg,-2.675412
images/rfmid/80a596e8fda19a6e.jpg,-0.3273468
images/rfmid/f62622c169ff5969.jpg,-0.8685502
images/rfmid/aecd2ee9da7bcb7b.jpg,0.5620347
images/rfmid/a1e75503b91a93c1.jpg,-0.56374156
images/rfmid/f5e2c65097111f8a.jpg,-4.48716
images/rfmid/25276b3d1f63e9f5.jpg,-4.8316736
images/rfmid/4fdd0689c6c69dd1.jpg,-3.4426255
images/rfmid/9dc0030d94c5de48.jpg,1.4746281
images/rfmid/04f2c5a74189bc73.jpg,0.9016613
images/rfmid/38efd51211fa8837.jpg,-2.640594
images/rfmid/071c75c64aa6250c.jpg,-4.9000874
images/rfmid/10f2e56158a4e267.jpg,-5.293468
images/rfmid/636dc9190dc55e43.jpg,-5.6966214
images/rfmid/bc0feda6918633a3.jpg,-3.289916
images/rfmid/056bfcfa1d02bffe.jpg,-1.7119662
images/rfmid/292f0d2036aec909.jpg,-3.7724786
images/rfmid/475d3b25ddec70ae.jpg,-3.873878
images/rfmid/b9fd4d945dc06922.jpg,-5.8994203
images/rfmid/8985c96a141db813.jpg,-6.7203875
images/rfmid/3a8da67324a361fd.jpg,-2.2521005
images/rfmid/d0cd157310c04131.jpg,-2.2948592
images/rfmid/a7ffe7f4df63d9bd.jpg,-3.4597292
images/rfmid/f4056e501ec1cd1e.jpg,-1.005989
images/rfmid/e020aaad5dd834de.jpg,-0.5209828
images/rfmid/950a4feede622b96.jpg,-2.2441597
images/rfmid/27d0ac597bc55b17.jpg,-2.603333
images/rfmid/57ee6799f265fd5b.jpg,-3.0333636
images/rfmid/000a8cd51c5f3bd9.jpg,-4.1792974
images/rfmid/aca694d651d19a57.jpg,-4.4676137
images/rfmid/81fac753671c46aa.jpg,-2.2643173
images/rfmid/f0c1087992d8b997.jpg,-0.023149014
images/rfmid/b686d85a794ac110.jpg,-5.2348275
images/rfmid/b9c08bf753b3ea8a.jpg,-1.1602259
images/rfmid/494fdca7f91eabbc.jpg,-3.8555527
images/rfmid/16113b49c4a51be8.jpg,-3.2080636
images/rfmid/4ebedd299b27a2f2.jpg,-5.2494874
images/rfmid/91dc7645b89ba023.jpg,-2.216061
images/rfmid/1dd25af38615bcdb.jpg,-5.8407793
images/rfmid/cf9a1ce8183920b6.jpg,-5.0320287
images/rfmid/536f28b605027fb9.jpg,-7.0087037
images/rfmid/455a90464ccfb3df.jpg,-4.9000874
images/rfmid/c9499ab23d6d1e58.jpg,-5.046689
images/rfmid/9b451e3c68cd5a3b.jpg,-4.526254
images/rfmid/89e09a71f2c7c8ea.jpg,-5.1664133
images/rfmid/af88ec9a3a24a4fa.jpg,-5.5060396
images/rfmid/6feed7b6a495fe76.jpg,-3.3180146
images/rfmid/d61d3ab5e9f53ee5.jpg,-5.6013308
images/rfmid/84f02fe2b1dadb9c.jpg,-4.907418
images/rfmid/a7a0cb2e581e6a9e.jpg,-4.3161254
images/rfmid/5570e97309a89e58.jpg,-3.0113735
images/rfmid/37c3f4cee38a019e.jpg,-2.8940923
images/rfmid/ccfd2dcb90275f51.jpg,-5.19329
images/rfmid/29822d4d088f768e.jpg,-4.45784
images/rfmid/5499b2884d6364c2.jpg,-5.4131923
images/rfmid/c05f2eb213d1369a.jpg,-5.801686
images/rfmid/99e77faf8d3be06a.jpg,0.14788592
images/rfmid/0f200bc5482300dd.jpg,0.4520837
images/rfmid/19846f523091eb41.jpg,-4.223278
images/rfmid/3719379801e9a493.jpg,-3.8384495
images/rfmid/1ea4e3e57655cd7b.jpg,-1.6873798
images/rfmid/073a204865da7931.jpg,-2.8806539
images/rfmid/b89f487c6dcde395.jpg,-0.052469254
images/rfmid/8a1003a6271ace4f.jpg,1.350017
images/rfmid/8ae34a6be0514fe8.jpg,-4.1866274
images/rfmid/24060822cfb80954.jpg,-4.018036
images/rfmid/587594a92b602703.jpg,-2.8256783
images/rfmid/d4188ebdd1f6b2b8.jpg,0.7538382
images/rfmid/dba12c4efa90667e.jpg,-4.3503323
images/rfmid/2c8a420754ecf7d4.jpg,-1.7344145
images/rfmid/25d4d204e5b8ceef.jpg,-1.6217147
images/rfmid/9eb10399cf3ed656.jpg,-2.1794107
images/rfmid/5979f6cbb2c154d2.jpg,-6.534693
images/rfmid/a7fa1488d32ee839.jpg,-5.7503753
images/rfmid/ab0d641990c454ea.jpg,0.5693648
images/rfmid/1ced95509c64b842.jpg,0.48140395
images/rfmid/0a07c74c060e111c.jpg,-4.3723226
images/rfmid/2eb3ea1db29155a5.jpg,-2.8146832
images/rfmid/cd5b875d9a2eae19.jpg,-2.6693034
images/rfmid/2568ba81e23916c0.jpg,-4.430963
images/rfmid/b0120e31b39cf9d3.jpg,-5.7625923
images/rfmid/f9a940de744fb7de.jpg,-2.3229578
images/rfmid/efea01d1c3499291.jpg,1.7922643
images/rfmid/9d06fc04c576ebf6.jpg,-0.5295346
images/rfmid/bba9f6bbf13e130a.jpg,-5.330118
images/rfmid/d8ff85d2edb081c1.jpg,-5.6819615
images/rfmid/a50e299a04a8dc59.jpg,-1.7545722
images/rfmid/585155d9939282e5.jpg,-2.5746236
images/rfmid/a91f9d12dd2f72e7.jpg,-5.0760093
images/rfmid/b712ec8ecd0edea9.jpg,-5.376542
images/rfmid/83747597e16e80b2.jpg,-3.4523993
images/rfmid/4d8f8452e608060d.jpg,-5.6257644
images/rfmid/e2f4a20dc57cd20b.jpg,-3.783474
images/rfmid/4db3b768d9e5ff60.jpg,-4.1182137
images/rfmid/aacbbde7c15b0545.jpg,0.49362075
images/rfmid/00f82aadfbcd22c8.jpg,-0.33467686
images/rfmid/811d6c2ce03cb117.jpg,-1.7631239
images/rfmid/222ac7f6fcfba5f4.jpg,-2.173913
images/rfmid/15b52de566ea2932.jpg,-4.3918695
images/rfmid/bcdabf1ce045cac5.jpg,-3.9056416
images/rfmid/cfc90efca2948a9b.jpg,-4.0620165
images/rfmid/e456539a6a649192.jpg,-3.1017776
images/rfmid/44c3dca7d0cdd156.jpg,-3.6796312
images/rfmid/6159d22151f2779d.jpg,-3.410862
images/rfmid/7270b9929fbd74f5.jpg,-2.6717467
images/rfmid/227cb9dde68aeacc.jpg,-2.3327312
images/rfmid/66da32dba11f3d09.jpg,-4.0717897
images/rfmid/0cecced1a5c28ffd.jpg,-3.74438
images/rfmid/303c2dd372d0239c.jpg,-2.1006124
images/rfmid/0ce6c5041d45fc54.jpg,0.79171026
images/rfmid/e60bb572f5ff2d84.jpg,-5.2983546
images/rfmid/4da37a4460f65073.jpg,-4.550688
images/rfmid/c7c432b5091593e1.jpg,-6.3123474
images/rfmid/2e9908853dd42f2e.jpg,-4.8047967
images/rfmid/97d43de33fa601e8.jpg,-5.4913797
images/rfmid/b9fedba9a543447f.jpg,-5.701508
images/rfmid/02011d4f9a0e546f.jpg,-5.4083056
images/rfmid/149ba825f62af82e.jpg,-4.3454456
images/rfmid/1155fa3cb97da203.jpg,-6.4125247
images/rfmid/eac3c85cdddfe5c7.jpg,-2.724279
images/rfmid/940fbb948f14c429.jpg,-1.692572
images/rfmid/daf563d822ebcc6f.jpg,-3.6026654
images/rfmid/af4afd9f02f7a217.jpg,-2.967393
images/rfmid/13fe56a10513a3ed.jpg,-3.5232563
images/rfmid/5653fe80d97707e5.jpg,-4.997822
images/rfmid/cf3ede5ba1a4af69.jpg,-1.2382605
images/rfmid/5e77eccd0ac070ad.jpg,-4.3234553
images/rfmid/4d8a20faa36af4e6.jpg,-3.0626838
images/rfmid/65615aa37f2a5062.jpg,-4.1108837
images/rfmid/d78913e759df27e2.jpg,-3.3729901
images/rfmid/50517f4c95a509c1.jpg,-6.0924454
images/rfmid/4b84c3e8d01b295c.jpg,-2.0780115
images/rfmid/5308d44dd8d0ada1.jpg,-2.231332
images/rfmid/f8a6edc9f2acdb37.jpg,-4.8487773
images/rfmid/30f1ae7bc2ab04c2.jpg,-4.621545
images/rfmid/83b5a5b5614dc39a.jpg,-1.6908922
images/rfmid/3ac4acb4438de882.jpg,-4.5653477
images/rfmid/6f382f62497207ed.jpg,-2.5813427
images/rfmid/5f7c9a8dd1cce109.jpg,-2.913639
images/rfmid/8d6376f768699f42.jpg,-4.120657
images/rfmid/d48ab90677cc0ce9.jpg,-5.0931125
images/rfmid/ddcfde34f1c1a5bc.jpg,-3.6515326
images/rfmid/00953ccb28445a17.jpg,-4.8952007
images/rfmid/403733f67286cf4a.jpg,-5.8334494
images/rfmid/0daf1ff92985d6a4.jpg,-5.3887587
images/rfmid/68c645d4f0610b23.jpg,-5.721055
images/rfmid/4042116814382f82.jpg,-3.4181924
images/rfmid/5d3641d809c0cdef.jpg,-4.5848947
images/rfmid/130fb896744885b3.jpg,-4.765703
images/rfmid/9ed5e35fa38a7c80.jpg,-3.5220346
images/rfmid/3bc8a0d79589e0a4.jpg,-2.8818755
images/rfmid/66fedaa26b34c60a.jpg,1.9095455
images/rfmid/652fd1fbc4ad3e63.jpg,0.28471386
images/rfmid/bb4a8f30b8909e80.jpg,-0.1001147
images/rfmid/98c4b4a1350ae371.jpg,-5.2519307
images/rfmid/a488d04c1d76cde8.jpg,-4.826787
images/rfmid/6701c2579cbcf1a7.jpg,-1.7353307
images/rfmid/7b957f21bc545605.jpg,-5.310571
images/rfmid/75a84a4df438533b.jpg,-3.673523
images/rfmid/42a58e67f6ec7867.jpg,-3.7614837
images/rfmid/c48084b7e1294f8a.jpg,-4.0058193
images/rfmid/54859180c7592b06.jpg,-4.8096833
images/rfmid/9ed0261f273001c3.jpg,-3.7993555
images/rfmid/4a8f2199ab0c1691.jpg,-0.07934618
images/rfmid/e7cc992ab51d1fa9.jpg,-0.76104254
images/rfmid/4c87f3d2de683ff2.jpg,-3.9178586
images/rfmid/2d832e1407a70e82.jpg,-3.050467
images/rfmid/86471daecd7417aa.jpg,-1.7191435
images/rfmid/b13ad5e951a99741.jpg,-1.3889182
images/rfmid/601e1927cefd0082.jpg,1.7116338
images/rfmid/6e5745f1724fb57a.jpg,-4.990492
images/rfmid/2741530fa68d2052.jpg,0.89555275
images/rfmid/fcfa6232957fe362.jpg,-1.1144129
images/rfmid/11e879229352192d.jpg,-1.9506514
images/rfmid/f7ceacd4a3301487.jpg,-4.3649926
images/rfmid/4ec2d37a5ecf3ad3.jpg,-0.99346673
images/rfmid/b5d1715ad16f6fca.jpg,-6.070455
images/rfmid/a0864b3d621114fe.jpg,-4.834117
images/rfmid/4143792526b69726.jpg,-1.2994207
images/rfmid/2f6381dfcdfd0570.jpg,-1.1496888
images/rfmid/1210cc495803fc35.jpg,-5.0320287
images/rfmid/0ea948c968826070.jpg,-3.8054643
images/rfmid/309e7a49ce69964c.jpg,-4.3845396
images/rfmid/0474a4993fdbaf75.jpg,-1.5265765
images/rfmid/add91326358d3e32.jpg,-2.5141506
images/rfmid/1bff9e27ddcdea93.jpg,-0.23633182
images/rfmid/3345a397e1bf69c9.jpg,-2.8696587
images/rfmid/a7aa135e11424fd8.jpg,-3.4316306
images/rfmid/15de1b325d8260a0.jpg,-4.606885
images/rfmid/4ccd1becffa1d6d1.jpg,-2.9991565
images/rfmid/053c3a0638080a56.jpg,-2.0883956
images/rfmid/8d965ee57b8c7809.jpg,-4.010706
images/rfmid/0dce145801e9ba47.jpg,-2.4658942
images/rfmid/ccbd3ffe95b1abe4.jpg,-3.6796312
images/rfmid/fb28947638ef51b6.jpg,-5.364325
images/rfmid/71f2c98199908360.jpg,0.6707641
images/rfmid/de09dc74f46c0e08.jpg,-0.50265765
images/rfmid/b308b62ea84a2b06.jpg,0.78193676
images/rfmid/1fe2cfe2e56808c2.jpg,-4.4065294
images/rfmid/73baa52213bcae1b.jpg,-0.20701158
images/rfmid/3e55fcde963919f6.jpg,-4.1255436
images/rfmid/ae40a92a3c22dfdd.jpg,-3.90442
images/rfmid/d8027a33263b7b4d.jpg,-4.4285197
images/rfmid/e01522e0aaeb77a2.jpg,-2.6522002
images/rfmid/baa132824670a530.jpg,-4.9342947
images/rfmid/3d0ad4070a68bae3.jpg,-5.0979996
images/rfmid/9a3733f8f93f1253.jpg,1.5772492
images/rfmid/d4d43495a8c35b80.jpg,-1.1083045
images/rfmid/382ef9d80464a13b.jpg,0.7403997
images/rfmid/f7c715e7a34ae66e.jpg,0.13200402
images/rfmid/cf0ea634dc63e1e9.jpg,-4.7485995
images/rfmid/2d9142e7f727b3dd.jpg,-4.2623715
images/rfmid/c9d63ada9ef08d0a.jpg,-4.597111
images/rfmid/2dcad22f94bbbaa3.jpg,-5.4083056
images/rfmid/e558983030864f96.jpg,-3.8922033
images/rfmid/b2b4396e4bf3b55b.jpg,-4.7192793
images/rfmid/a1b166a0af99232a.jpg,-6.0264745
images/rfmid/be89f0f88031dec6.jpg,-2.2264452
images/rfmid/a2db4d02b025acd9.jpg,-4.5995545
images/rfmid/6826046b16a35b69.jpg,-2.7157273
images/rfmid/b1e307f750910491.jpg,-0.124548316
images/rfmid/845f413fbe2ab3d1.jpg,-0.029257417
images/rfmid/30b6a85acadaaf98.jpg,-2.9942698
images/rfmid/51c71e2666ccc53d.jpg,-4.580008
images/rfmid/6d954c096b1145b2.jpg,-3.4010887
images/rfmid/f1f161f885f3fc96.jpg,-3.8714347
images/rfmid/9684cfeef8f7dd42.jpg,-6.3685446
images/rfmid/7a44a05dd28f7f6e.jpg,-4.2281647
images/rfmid/b7b126a53381d86a.jpg,-1.433939
images/rfmid/4b18e78132851472.jpg,-4.3234553
images/rfmid/f462332154c860cc.jpg,-4.496934
images/rfmid/2206c7e8cc5cadbd.jpg,-2.8562202
images/rfmid/54f567d838316e10.jpg,-4.1255436
images/rfmid/e2747ae4c33040e0.jpg,-4.7290525
images/rfmid/7a3581955e2dee88.jpg,-4.9123044
images/rfmid/356bad6a1a091c46.jpg,-5.1737432
images/rfmid/26f14070ac4b8971.jpg,-4.6019983
images/rfmid/d75fe0f2c668da69.jpg,-4.648422
images/rfmid/1479e7de6e040864.jpg,-3.7627053
images/rfmid/0abe27a6a0147705.jpg,0.2896005
images/rfmid/551fd458c2e22aa9.jpg,0.86501086
images/rfmid/a6f4e56a4ef6cfaf.jpg,0.21629989
images/rfmid/42f0b166773b43db.jpg,1.7556142
images/rfmid/5fe09525f2fecfc5.jpg,-5.7625923
images/rfmid/0c99352ebb625acf.jpg,-4.572678
images/rfmid/14235d3d9bb4700d.jpg,-4.765703
images/rfmid/3954b073cbd694b0.jpg,-4.2721453
images/rfmid/05594fe79c568177.jpg,-2.785363
images/rfmid/5d7596b82ec1a739.jpg,-2.3736575
images/rfmid/2f6f0972cfd1d69a.jpg,-5.9824944
images/rfmid/281b269f04bf260b.jpg,-3.3607733
images/rfmid/e5ccf60d035958fb.jpg,-3.3668818
images/rfmid/d1a0d542aaf71411.jpg,-2.8757672
images/rfmid/f5bb72ff574fa7bb.jpg,0.33113754
images/rfmid/6f641b60962c65c0.jpg,-0.35483456
images/rfmid/88eb500f3381efc0.jpg,-1.9540111
images/rfmid/93a5232985034d32.jpg,-1.8529172
images/rfmid/5f02bbed4fc56e97.jpg,-1.3551216
images/rfmid/8e9619cfd907987c.jpg,-4.084007
images/rfmid/8f6c9ca27a5f5a0d.jpg,-4.4798303
images/rfmid/4c07db0e7dcf021b.jpg,-4.0278096
images/rfmid/24bb4e75e94a9bd1.jpg,1.4648548
images/rfmid/f6898e632d82fd28.jpg,0.93586814
images/rfmid/b332f68bef74d46a.jpg,-3.187295
images/rfmid/4411d0345747f500.jpg,-3.6380944
images/rfmid/afb1f18939a6ebbf.jpg,-3.0602405
images/rfmid/4ec2be1b65fa59d3.jpg,-4.154864
images/rfmid/b12d0f2e5f76dffa.jpg,1.1178981
images/rfmid/2f61a72d9a4a9c8c.jpg,-1.0362256
images/rfmid/11a72f066266ea71.jpg,1.1789821
images/rfmid/986021e667001b38.jpg,-4.560461
images/rfmid/745d3387ffcb34ea.jpg,-4.4382935
images/rfmid/80f661685d7a0124.jpg,-3.5843406
images/rfmid/48cfda8af2a7371c.jpg,-2.55019
images/rfmid/3e5529f64d04b0d8.jpg,1.2058591
images/rfmid/d556f312f9312ac0.jpg,1.6505498
images/rfmid/0ac92d60287f20f7.jpg,-2.0010457
images/rfmid/e56a67562be5e3ce.jpg,-5.198177
images/rfmid/89d9dde4d716d70b.jpg,-4.9416246
images/rfmid/d7ed680703d29f21.jpg,-4.6875157
images/rfmid/00af5f7e81acd83a.jpg,0.6402222
images/rfmid/ec9512655786fcb0.jpg,0.8857795
images/rfmid/3a27254de83157ce.jpg,-2.7707028
images/rfmid/61939468bbb0e48a.jpg,-4.1035533
images/rfmid/39786ba98d145c46.jpg,-5.584227
images/rfmid/f29916af68bf5c8d.jpg,-2.0236468
images/rfmid/7880005211354fcf.jpg,-4.8023534
images/rfmid/b37e6d8e262f79bc.jpg,-4.6264315
images/rfmid/07393b7f7f942635.jpg,-6.564013
images/rfmid/0052d1b04de22018.jpg,-4.4334064
images/rfmid/ea6e04618e6c36c3.jpg,-5.437626
images/rfmid/9ee7de3673ffe58b.jpg,-1.9931048
images/rfmid/0b1433ca33248d37.jpg,-5.91408
images/rfmid/a6d0b6e78759238b.jpg,1.213189
images/rfmid/3b0e54b7fac96d49.jpg,1.1325582
images/rfmid/c28af0f72f58b886.jpg,-2.6228797
images/rfmid/4bf4f4538afb7bfb.jpg,-3.5391383
images/rfmid/fbfcdae406357ac9.jpg,-2.246603
images/rfmid/1687367017c5d946.jpg,-4.3649926
images/rfmid/3272e8ddb2dcbb06.jpg,-5.584227
images/rfmid/7b8a003d619e1ce6.jpg,-4.0693464
images/rfmid/a2401e5d814a4ee7.jpg,-5.0027084
images/rfmid/10f444b59840a6e3.jpg,-5.237271
images/rfmid/276b1050e8ffc2a7.jpg,0.46674383
images/rfmid/ad189c7814434469.jpg,0.3629012
images/rfmid/40ab07fcc89e7d09.jpg,-2.2154503
images/rfmid/277b91f4d5c1e01d.jpg,-3.783474
images/rfmid/abc14747a0f7506d.jpg,-3.5415816
images/rfmid/84aceba90c3bda1a.jpg,-3.8457794
images/rfmid/8ec713096557599c.jpg,0.9517499
images/rfmid/28456a5d666f65cc.jpg,1.3329135
images/rfmid/8667453e99535f27.jpg,-1.6855474
images/rfmid/24972119784d12bf.jpg,-2.7645946
images/rfmid/3dade30dc1753bae.jpg,-3.7578187
images/rfmid/d077a01e766ee8c9.jpg,-3.9496222
images/rfmid/2fa2f6b6e40ba668.jpg,-4.0253663
images/rfmid/dd431f7420597072.jpg,-5.1053295
images/rfmid/08952024369663d1.jpg,-4.4382935
images/rfmid/2048b5a069abf3c7.jpg,-3.8873167
images/rfmid/90f16a87272995cf.jpg,-0.122105
images/rfmid/27ff656e0050a390.jpg,-3.1653047
images/rfmid/7f5c5e6e4fc5bfff.jpg,-1.5064188
images/rfmid/e3270f28c05b75d8.jpg,-2.7389393
images/rfmid/f7e7337eb874f2d0.jpg,-4.572678
images/rfmid/a2a76c9a0fa799b3.jpg,-3.1469798
images/rfmid/a556a0a9101666cc.jpg,-1.229098
images/rfmid/04fcf455b23f88a1.jpg,-3.7504888
images/rfmid/753c7efdd6b3876a.jpg,-3.133541
images/rfmid/4e174e700cd376ff.jpg,-5.459616
images/rfmid/46b0b2ee5412fa9c.jpg,-1.5070297
images/rfmid/29de7383e2fac515.jpg,-2.890427
images/rfmid/2541fca6adef9501.jpg,-1.2925488
images/rfmid/2a9d8087fae3b8e3.jpg,-0.96353567
images/rfmid/6e9601703cec489f.jpg,-4.853664
images/rfmid/d030db62ab5f24fb.jpg,-3.4120836
images/rfmid/b4937ccf45088c11.jpg,-2.8317866
images/rfmid/f47bb371a03603de.jpg,-2.648535
images/rfmid/7008cdfb0065756f.jpg,-3.9545088
images/rfmid/a2665e9019ad8634.jpg,-1.8419222
images/rfmid/e477c09e2eb207a1.jpg,-2.242938
images/rfmid/16755b9793d1d324.jpg,-2.4787216
images/rfmid/ec093070f93c1868.jpg,-2.3003569
images/rfmid/04e902275c8b35b5.jpg,-1.6640153
images/rfmid/cf923d16d38e4993.jpg,-4.650865
images/rfmid/a0183a05b7cc50ea.jpg,-4.3307858
images/rfmid/ca110c77b0b19706.jpg,-5.56468
images/rfmid/87aef2be8188b823.jpg,-5.273921
images/rfmid/c8abbda4dbbe304c.jpg,-4.2061744
images/rfmid/e0e98a3d16844d80.jpg,-4.8487773
images/rfmid/daa889d31987394f.jpg,-4.250155
images/rfmid/d7a4f1574a75cd98.jpg,-5.796799
images/rfmid/486df36a6e14660b.jpg,-3.4658375
images/rfmid/e586966132eea928.jpg,-4.196401
images/rfmid/a9af7886017a3d74.jpg,-4.0717897
images/rfmid/1b76a1ad17b6defe.jpg,-3.0565753
images/rfmid/206642cd277ce086.jpg,-2.7707028
images/rfmid/410cd5a07bebdd9f.jpg,-3.313128
images/rfmid/8209e8211ea2a496.jpg,-3.4743896
images/rfmid/e091c73155b2a2d9.jpg,-5.1859603
images/rfmid/91af8a2250e1205a.jpg,-3.1543097
images/rfmid/207acc36b201a69f.jpg,-2.013568
images/rfmid/7feac433493280af.jpg,-4.9758315
images/rfmid/fb4bbf6445dc6818.jpg,-4.4260764
images/rfmid/e9d34d366a2ae8ef.jpg,0.7000843
images/rfmid/f6ccd5cf386cbfbc.jpg,-0.37254894
images/rfmid/bf2646d4f8889fdd.jpg,-3.680853
images/rfmid/1d9d2fdb2171d144.jpg,-4.4456234
images/rfmid/ce60d90cbe31ce66.jpg,-2.8220134
images/rfmid/f8369f7aa99e9a06.jpg,-5.2788076
images/rfmid/1213cb64844c33f2.jpg,0.11367893
images/rfmid/d6f5ebe2aa42b566.jpg,0.40443826
images/rfmid/56cffb0f9b52f32d.jpg,-5.6526413
images/rfmid/0b617ec521f0ab8d.jpg,-3.6417594
images/rfmid/fe46fcd5a3b5f173.jpg,-4.9318514
images/rfmid/7c83b76f0a527d54.jpg,-5.694178
images/rfmid/498f412e73d8ec95.jpg,-3.0956693
images/rfmid/302947cc97d1cdf7.jpg,-4.863437
images/rfmid/0fccac23ceeb030f.jpg,-4.533584
images/rfmid/ef0810eaa9256179.jpg,-2.6473134
images/rfmid/b463b426641b2464.jpg,0.830804
images/rfmid/00a31babdd01ea01.jpg,-0.18624306
images/rfmid/8ef60943434f1bbe.jpg,-3.7883606
images/rfmid/3b42f50678fb581e.jpg,-4.5702343
images/rfmid/3a29f40b053b9106.jpg,-2.9111958
images/rfmid/ac3d9643493be672.jpg,-4.1377606
images/rfmid/fc6460d4fdf81d24.jpg,-5.1664133
images/rfmid/f2270e8beeb2d29f.jpg,1.8215848
images/rfmid/a60975e0824ff32d.jpg,0.68664587
images/rfmid/8700d3e995ba985b.jpg,0.49117744
images/rfmid/1bdc733fee5fc5fb.jpg,-0.93513167
images/rfmid/f98f6f48c9426fdf.jpg,-3.6674147
images/rfmid/5df950badf8c7d1d.jpg,-3.6637492
images/rfmid/20436ff807f1e871.jpg,-5.225054
images/rfmid/62f75e2c017a6469.jpg,0.19430959
images/rfmid/c89394b12f5e2991.jpg,-5.647754
images/rfmid/fc15a8f3d3b6ae16.jpg,-1.0255358
images/rfmid/28dd7137b7edad14.jpg,-2.360219
images/rfmid/0e89e02ab7032810.jpg,-4.953841
images/rfmid/8923e980df218630.jpg,-5.774809
images/rfmid/a58da7020684657b.jpg,-2.4909387
images/rfmid/3f2bc4adf3c1d92e.jpg,-3.5941138
images/rfmid/3029a868429a4209.jpg,-4.560461
images/rfmid/2357db3ab90df1bf.jpg,-3.0871174
images/rfmid/440d16a05e1ec4a8.jpg,-4.7388263
images/rfmid/2a08d63ee41c373c.jpg,-5.3447785
images/rfmid/c6386dfc9dc3c8ac.jpg,-2.2435489
images/rfmid/ebadbdf1e5788819.jpg,-3.5941138
images/rfmid/458e0e3135e42e85.jpg,-2.4194703
images/rfmid/054dafcad7350470.jpg,-4.2525983
images/rfmid/12fabd384ebe40c4.jpg,-1.6120939
images/rfmid/2030b743b33ccce6.jpg,-1.6392763
images/rfmid/5cccd06fbc81870c.jpg,0.27494037
images/rfmid/67cb18f9a9a175a2.jpg,-4.4114165
images/rfmid/0da5e289b713a1ad.jpg,-4.944068
images/rfmid/6c696d9cf78d4155.jpg,-1.4260744
images/rfmid/a537f37b63f13b27.jpg,-4.8047967
images/rfmid/01251b7a252be1ab.jpg,-3.8298974
images/rfmid/8da368066017cb24.jpg,-3.7663703
images/rfmid/43713fe2590eef59.jpg,-6.3147907
images/rfmid/17f7ae51a7e13802.jpg,-5.0222554
images/rfmid/8507e708fe31c9c3.jpg,-5.266591
images/rfmid/59d2654fd388a54b.jpg,-3.230054
images/rfmid/8d9f612530f5f95c.jpg,-2.6271558
images/rfmid/92c05ded03ca176d.jpg,-2.7951365
images/rfmid/7d18e5eb9c2c9e7a.jpg,-4.641092
images/rfmid/061a834c2c857ae3.jpg,-3.8518877
images/rfmid/6a119a7d8e544ec2.jpg,-2.6149387
images/rfmid/2fbcd814ee4ab9b2.jpg,-3.077344
images/rfmid/b1e29738dbf5a80c.jpg,-0.7653184
images/rfmid/d1c3f8b05d1b1e00.jpg,-2.428633
images/rfmid/8d964fecc51034b4.jpg,-3.2850294
images/rfmid/a500c751f61fdecf.jpg,-2.2563763
images/rfmid/0e7b2ca222e5dc74.jpg,-3.9887156
images/rfmid/60c68e864f3d89f5.jpg,-2.2704258
images/rfmid/f6ab3949c91eee38.jpg,-5.4229655
images/rfmid/3e7ee5ee22b61847.jpg,0.70863616
images/rfmid/b1b45f6b72cd6266.jpg,-0.25710034
images/rfmid/7561d0bf606a9b9e.jpg,-4.4553967
images/rfmid/d28adcc89358aa2a.jpg,-4.526254
images/rfmid/48c3ccb8aa9cc4b1.jpg,-3.2007334
images/rfmid/71c7adc8263c2b51.jpg,-3.7040648
images/rfmid/7e63250f811c2c17.jpg,-3.920302
images/rfmid/4fd74c0ccce93bf4.jpg,-3.5415816
images/rfmid/5d73549c3df58f34.jpg,-0.40981013
images/rfmid/5ac4dd484577868d.jpg,-0.8034958
images/rfmid/8042ef525056177a.jpg,-5.090669
images/rfmid/660caef0018a305d.jpg,-5.083339
images/rfmid/5abd5419248e08c0.jpg,-3.3180146
images/rfmid/aa0551b242ab3332.jpg,-3.9593954
images/rfmid/2fff632b814104e2.jpg,-5.383872
images/rfmid/26cb25c8b9634639.jpg,-4.970945
images/rfmid/25d9046d1dca0837.jpg,-4.6044416
images/rfmid/0d97e392911a5bfb.jpg,-4.3991995
images/rfmid/8a1dc9388090a658.jpg,1.1594352
images/rfmid/4f1aca3fcb2629cd.jpg,-3.0003781
images/rfmid/9da6e1f7e7c21b9a.jpg,0.9920653
images/rfmid/c6a1d4c15e2f82ac.jpg,-1.9842477
images/rfmid/037a9b5025829270.jpg,-3.5000443
images/rfmid/c411c53846185f7e.jpg,-4.018036
images/rfmid/26554bbcc205bf6d.jpg,-2.2374403
images/rfmid/da2557e0785cdd9b.jpg,-1.484734
images/rfmid/8a1ddef1c7b7ab3c.jpg,-5.1468663
images/rfmid/f9adec6eb22c9a47.jpg,-5.2226105
images/rfmid/22bf9638f1c6419d.jpg,-4.733939
images/rfmid/a3243ad7af06eccb.jpg,-4.753486
images/rfmid/e832724374c317f1.jpg,0.45330536
images/rfmid/dc357d93c3284eff.jpg,0.77705014
images/rfmid/07c9c5647700e753.jpg,-2.4750566
images/rfmid/c94435b158a11cfe.jpg,-1.9628682
images/rfmid/83909d88a3597336.jpg,-4.2819185
images/rfmid/2fc3267ab486d973.jpg,-4.2183914
images/rfmid/d4208e74e409fc52.jpg,-3.0895607
images/rfmid/af11ede39c980d04.jpg,-3.696735
images/rfmid/0506d655aaa9a6d0.jpg,-2.6173823
images/rfmid/44a12e67138ebf55.jpg,-4.6948457
images/rfmid/a906ebc327c23012.jpg,-1.5386406
images/rfmid/a7ded6aefd46683c.jpg,-1.8736858
images/rfmid/83848b4f5d147b6e.jpg,-4.052243
images/rfmid/b6d33d7673309091.jpg,-1.5896456
images/rfmid/68725d644aff5635.jpg,-0.93726957
images/rfmid/21d9777cf7c776dc.jpg,-4.2697015
images/rfmid/a160d15d006dc340.jpg,-0.9000084
images/rfmid/da870cb3ac9f43d6.jpg,-1.4727081
images/rfmid/ede84d124db413d5.jpg,-1.0233979
images/rfmid/87aad9a07afda612.jpg,2.0756936
images/rfmid/8add6679cfbaed3b.jpg,-5.7088385
images/rfmid/c1d91d61e1e9c5de.jpg,-5.501153
images/rfmid/9e98eed363c4e0e1.jpg,-4.4993773
images/rfmid/1174426ad161a603.jpg,-4.1988444
images/rfmid/d29c38deed322f1f.jpg,-1.8300108
images/rfmid/525ecd6ec2186c83.jpg,-2.2276669
images/rfmid/ea2bb7859d705fe3.jpg,-6.131539
images/rfmid/33ec873083cdab73.jpg,-4.7095056
images/rfmid/00c332222e4ca66d.jpg,-4.980718
images/rfmid/983583fb0f3cc668.jpg,-4.9660583
images/rfmid/43c4e620fb47dfbd.jpg,-4.523811
images/rfmid/8475dab6d19adad5.jpg,-3.2276103
images/rfmid/0c24e01522cae53d.jpg,-1.5726949
images/rfmid/d769141bac80121b.jpg,-5.679518
images/rfmid/618088283b167b20.jpg,-0.6785793
images/rfmid/bc246a1c42b92764.jpg,-3.9936023
images/rfmid/3debdf09e7868dbc.jpg,-4.726609
images/rfmid/1443d850da915f8b.jpg,-3.1347628
images/rfmid/ce792c0faad6b09b.jpg,-5.019812
images/rfmid/7c954e2d092320cd.jpg,-3.0003781
images/rfmid/3951f1832f3bffdb.jpg,-1.8162669
images/rfmid/214bd2a0e010e820.jpg,-2.614328
images/rfmid/5567a1cad1f22dc6.jpg,-1.9042277
images/rfmid/61f236744ce837fe.jpg,-3.1274328
images/rfmid/11140afe3dd2ca3c.jpg,-5.20062
images/rfmid/5b6ccde1a5719e32.jpg,-0.13798678
images/rfmid/3b66fd2794a52ef0.jpg,-0.8499196
images/rfmid/fb63b0fbf8f17f88.jpg,-3.5709019
images/rfmid/6148d587abc64e3a.jpg,-5.100443
images/rfmid/1993d494f13fe97c.jpg,-3.6796312
images/rfmid/326c0f7fef4b4a22.jpg,0.17231941
images/rfmid/f5e542789c628305.jpg,-4.0815635
images/rfmid/4677288b11320783.jpg,-4.902531
images/rfmid/c144066497aa8845.jpg,-1.4565972
images/rfmid/b92bb774b5f32931.jpg,1.0653661
images/rfmid/e234ebb9826a480a.jpg,-3.6490893
images/rfmid/364a1c221ad95801.jpg,-4.6264315
images/rfmid/21c596a9f7f757a8.jpg,-3.9080849
images/rfmid/22568ea5b7e3c179.jpg,-6.400308
images/rfmid/b5a5bb4d8a96e345.jpg,-2.7829196
images/rfmid/d07ea20f43449e77.jpg,-4.868324
images/rfmid/9ea802522b6f0ee5.jpg,-5.239714
images/rfmid/46d898b567ae12fb.jpg,-4.396756
images/rfmid/6fccad3c52a08e10.jpg,-3.3021326
images/rfmid/a402c08f18f4da09.jpg,-2.546525
images/rfmid/a622b39d43d75802.jpg,-4.6019983
images/rfmid/4f83bdc531b502ac.jpg,-4.963615
images/rfmid/474da289ba7295dd.jpg,-4.780363
images/rfmid/e8e926d4ed14a86c.jpg,-2.6210473
images/rfmid/b2de81e713cb3964.jpg,-2.9918265
images/rfmid/75193f05903af68a.jpg,-4.423633
images/rfmid/8e636c8df863ba02.jpg,-0.7653184
images/rfmid/e8ff69252aa926af.jpg,-2.0963366
images/rfmid/7558773d161f7ce4.jpg,-5.4840493
images/rfmid/6f38b1ad5c21f910.jpg,-1.244827
images/rfmid/44c449c5317f531e.jpg,-4.7852497
images/rfmid/f8be183e29673f81.jpg,-4.856107
images/rfmid/10aed48ffc56d866.jpg,-3.9178586
images/rfmid/6988512a856e174f.jpg,-0.50754434
images/rfmid/75f6f8b791af494a.jpg,-5.6062174
images/rfmid/b000ba83b435ca1f.jpg,1.7360672
images/rfmid/ca7dbb5fca830c47.jpg,-0.45867723
images/rfmid/104758361e794662.jpg,1.5870227
images/rfmid/ae96e3df257d1225.jpg,1.8240281
images/rfmid/acb7a36b312ff6b7.jpg,-1.308507
images/rfmid/2def690f453068bd.jpg,-0.9846096
images/rfmid/6f5c75c3aa8a79de.jpg,-6.0533514
images/rfmid/09164a1a2983f6c9.jpg,-3.8017988
images/rfmid/9396312267c286e9.jpg,-4.242825
images/rfmid/9debd1b59046c59f.jpg,-4.484717
images/rfmid/01b4e556debb96f7.jpg,-4.215948
images/rfmid/5e990460ba979274.jpg,1.3720073
images/rfmid/4bc94e38d7f2c7ed.jpg,-3.8482227
images/rfmid/0beabf6764b648a3.jpg,-3.600222
images/rfmid/eba135eb0548e6e7.jpg,-2.8818755
images/rfmid/c3aeb45d7bcee317.jpg,-4.215948
images/rfmid/1a3ea7ddf99b63e3.jpg,0.7782718
images/rfmid/7034b36daaf36729.jpg,-0.8245698
images/rfmid/0a191afe3443b96e.jpg,0.35557115
images/rfmid/558228caf84e07dd.jpg,-0.65475655
images/rfmid/bd311a92d7b9a7b7.jpg,-2.9649496
images/rfmid/2ee7aaf33129cd88.jpg,-2.9148607
images/rfmid/d15551339e211291.jpg,-4.7388263
images/rfmid/588dc595d6c8b193.jpg,-6.138869
images/rfmid/76f0d31b6903b7d6.jpg,-2.4481797
images/rfmid/2e6bfbfcfc94d19b.jpg,-2.5227022
images/rfmid/b7bdabf19dc9216e.jpg,-3.0187035
images/rfmid/0b2ae353e32efc87.jpg,-1.7756461
images/rfmid/b3b268f10e68df82.jpg,1.1740955
images/rfmid/124a95447d667301.jpg,1.2620562
images/rfmid/d330f6221cd8b9d8.jpg,0.6267837
images/rfmid/a999293d4ef455ca.jpg,-5.711282
images/rfmid/7274d8f7d3131ff4.jpg,-5.6135473
images/rfmid/545669725cc9463a.jpg,-2.6289883
images/rfmid/47ced77e2019240a.jpg,-2.9893832
images/rfmid/21c6add3cc625f48.jpg,-4.084007
images/rfmid/f8de101eba9438ac.jpg,0.6609906
images/rfmid/768e075f54d731fc.jpg,-1.3715761
images/rfmid/f028c24a44ca5b05.jpg,-5.8163457
images/rfmid/72d161868c13ae00.jpg,0.6805376
images/rfmid/c46fca7c1a494b2a.jpg,1.6652099
images/rfmid/f1a2343d20dc321c.jpg,-3.3485565
images/rfmid/8d8d0e89dfd73378.jpg,0.33113754
images/rfmid/4b8141206f4d84cc.jpg,0.99817383
images/rfmid/8e928c578cc58d6e.jpg,0.68420255
images/rfmid/700a97e5783f3ed6.jpg,1.1105682
images/rfmid/e726fae7b72fe004.jpg,-5.102886
images/rfmid/fc17fa3fb458e758.jpg,-4.8121266
images/rfmid/dd7d711d41961948.jpg,-3.2410488
images/rfmid/df3c2e1e5288547d.jpg,0.53027105
images/rfmid/83dbc346b00f6022.jpg,-4.6801853
images/rfmid/ef1131b77336a0b4.jpg,-6.0338044
images/rfmid/df6390fca0ab2acc.jpg,-4.9342947
images/rfmid/2c6209edbb455bfa.jpg,-2.8794322
images/rfmid/4789ca39479f2f35.jpg,-5.7161684
images/rfmid/070c176acce87d22.jpg,-5.493823
images/rfmid/0bcbbe957c99b63e.jpg,-4.5360274
images/rfmid/10e7310184791077.jpg,-4.9391813
images/rfmid/96d1940a32201a91.jpg,-1.4336717
images/rfmid/1fae673f14d96e10.jpg,-1.6843257
images/rfmid/98e8ad6046fb3db6.jpg,-1.5560495
images/rfmid/b8f75658df6ab520.jpg,-0.3047458
images/rfmid/160cc06c235a4fd6.jpg,-2.823235
images/rfmid/f5df2f8e3eaa7e08.jpg,-3.4609509
images/rfmid/f1e9a4e7635d05a5.jpg,-3.3387833
images/rfmid/dee79c10d8db4a94.jpg,1.254726
images/rfmid/03c2b4fb4c510e53.jpg,1.6529931
images/rfmid/a8057e7b11626843.jpg,-3.6881828
images/rfmid/41ab4d241a7f04eb.jpg,-6.0753417
images/rfmid/5b21682f30174253.jpg,1.926649
images/rfmid/862ee2451668da6d.jpg,1.8973287
images/rfmid/e5c877842232c18a.jpg,-3.1262112
images/rfmid/1c3ce89d3accbc6a.jpg,-3.8457794
images/rfmid/27e6c8127bf4b72e.jpg,-5.440069
images/rfmid/ff8418e278eaea41.jpg,-4.2208347
images/rfmid/6daf9e6f45c66676.jpg,-5.940957
images/rfmid/47937299418bc26f.jpg,-3.2874727
images/rfmid/85299dd1f31b904c.jpg,-5.232384
images/rfmid/32435babbcc765e9.jpg,0.5779165
images/rfmid/35db456d71d70d4e.jpg,-0.2845881
images/rfmid/0d6a4cf52a68e3ca.jpg,-3.2801425
images/rfmid/e3b3277e77bceda5.jpg,-3.6649709
images/rfmid/972877ac3a5ffd79.jpg,-2.8549986
images/rfmid/b2006d308dd9495c.jpg,-1.0689054
images/rfmid/9d5ced6048fd2b82.jpg,-3.1237679
images/rfmid/a7c96996014752ec.jpg,-4.9416246
images/rfmid/8938376642a1b320.jpg,-3.653976
images/rfmid/eade52faa76694d4.jpg,-3.3827634
images/rfmid/818cf7034052e3e2.jpg,-1.9017844
images/rfmid/95b6a4033984cb7c.jpg,0.36778796
images/rfmid/9f403b96f9a81f80.jpg,1.5479289
images/rfmid/8b14d41de17c2b69.jpg,1.1618787
images/rfmid/60bb4adeed702401.jpg,1.5259386
images/rfmid/4be5876070ff52a5.jpg,-3.760262
images/rfmid/e901fea04d8c77fe.jpg,-4.880541
images/rfmid/3665f4a5898f3f72.jpg,-2.8220134
images/rfmid/ec7cd5c5ab14a5de.jpg,-2.9930482
images/rfmid/fefc9288d72bc68e.jpg,-6.151086
images/rfmid/502f6eac737ab096.jpg,0.33724594
images/rfmid/f1a5271f216e3a44.jpg,0.9749619
images/rfmid/21467e910f1a2e19.jpg,0.9590801
images/rfmid/8ac6d16c38e2e4cd.jpg,-0.5930618
images/rfmid/ce950e977d25d984.jpg,-5.117546
images/rfmid/17e8df90e7c7e981.jpg,-4.731496
images/rfmid/ac56f16a089045c1.jpg,-4.689959
images/rfmid/8050f099b50ff0e8.jpg,-5.1810737
images/rfmid/20e8dfe719accbfa.jpg,0.98840034
images/rfmid/7c050c4b6c4a6764.jpg,1.6138996
images/rfmid/76bef0700f4757e6.jpg,-4.169524
images/rfmid/2d1f3e3af74d69ad.jpg,-3.696735
images/rfmid/194657287b621a6a.jpg,-2.8110182
images/rfmid/63c92f37745aa1f6.jpg,-2.151312
images/rfmid/1b0d14e274698b5d.jpg,-0.76165336
images/rfmid/343b68547de4b772.jpg,-1.8013014
images/rfmid/d27719ecb2343461.jpg,-3.8152375
images/rfmid/70c7b3a6417a61e0.jpg,-0.5179286
images/rfmid/1e3c030cd75737f4.jpg,-1.588424
images/rfmid/77bd6ec59ae38c6a.jpg,-3.9471788
images/rfmid/820ab366617e1af7.jpg,-2.11344
images/rfmid/7983073d739393ad.jpg,-4.2623715
images/rfmid/4518b273515cb94b.jpg,-2.613717
images/rfmid/d491a5644df967bb.jpg,-1.8364246
images/rfmid/8ebfa58fe7ccf83f.jpg,-2.2850857
images/rfmid/f6ea3e87280de180.jpg,-2.1610856
images/rfmid/03644ebe6285e8dd.jpg,-2.5092638
images/rfmid/aa90f8cbae187b38.jpg,-5.8896465
images/rfmid/ffdce9cfddfb518d.jpg,-6.407638
images/rfmid/0840ebd56b8354d1.jpg,-4.174411
images/rfmid/fed842ccc0d27761.jpg,-3.5916705
images/rfmid/ebd61f58bbbf8972.jpg,-4.863437
images/rfmid/1a9a1ce411615c27.jpg,-3.69307
images/rfmid/7fe5e8842c934535.jpg,-5.217724
images/rfmid/8c510f977d09eda2.jpg,-1.7713702
images/rfmid/d36fade090052617.jpg,-2.7303874
images/rfmid/79357a7ee991c26b.jpg,-5.0979996
images/rfmid/00c7c749c0d2f528.jpg,-4.550688
images/rfmid/730f91b1eaa941cd.jpg,-3.4243007
images/rfmid/92b53c660697c9cc.jpg,-1.865134
images/rfmid/71977456b2aa29a9.jpg,-2.1079426
images/rfmid/47fb6ff628f0e164.jpg,-2.1048884
images/rfmid/addfcb8c9933890e.jpg,-1.0725704
images/rfmid/0a9401e6fcad90a7.jpg,-3.3815417
images/rfmid/f68e41733e321124.jpg,-4.4260764
images/rfmid/84625f0eeb1bf30e.jpg,-3.4401822
images/rfmid/c17805b728dcbfd0.jpg,-3.9984894
images/rfmid/3ee44df85b9c567b.jpg,-4.9000874
images/rfmid/231c5ffb33314d78.jpg,-4.826787
images/rfmid/73d5c1b84b52be75.jpg,-1.3967732
images/rfmid/3fb17b124a64137f.jpg,-4.5580177
images/rfmid/0eb9061712692278.jpg,-5.354552
images/rfmid/a62c546ec3832a30.jpg,-2.246603
images/rfmid/82ca445af5db384b.jpg,0.4740739
images/rfmid/5d6955fa261b0eea.jpg,1.0775827
images/rfmid/138a830cd2bbf15e.jpg,1.7018603
images/rfmid/d92e2fb856c990eb.jpg,-1.9020898
images/rfmid/cdc0323affbf746e.jpg,-3.9862723
images/rfmid/25f0987e953bde90.jpg,-4.1988444
images/rfmid/260c856a79a45f5b.jpg,-4.040026
images/rfmid/1cbe147674f9aa01.jpg,-2.7255006
images/rfmid/4e1749b799d4951f.jpg,-1.0777626
images/rfmid/4bd13e66a3c2f510.jpg,-4.286805
images/rfmid/f38047b2786cd935.jpg,-4.8365602
images/rfmid/a0c7b9e401290ce5.jpg,-4.9269643
images/rfmid/7f37309193b1e4ba.jpg,-4.8243437
images/rfmid/1f26c9dbc2ccb3f2.jpg,-5.1419797
images/rfmid/401ca179388bdedd.jpg,-4.523811
images/rfmid/875f2bf8ea092394.jpg,-0.4580664
images/rfmid/2203f8c4ea252d70.jpg,-5.530473
images/rfmid/7a3f7455ebb40a90.jpg,-3.810351
images/rfmid/c3bbbc3d060b5fd7.jpg,-1.3884505
images/rfmid/2f0da1976ee5772d.jpg,1.5601457
images/rfmid/8d0b0f58f645a770.jpg,-0.3536129
images/rfmid/b0b8292aa2507a72.jpg,-2.2178936
images/rfmid/675e461f15597eb8.jpg,-1.2518517
images/rfmid/7a220f6368821334.jpg,-4.6313186
images/rfmid/4e265f3b026b6751.jpg,-4.037583
images/rfmid/a344de92377319b1.jpg,-3.551355
images/rfmid/39b1c1891c6e9f5e.jpg,-3.7113948
images/rfmid/e5fe35b90cd29519.jpg,-4.333229
images/rfmid/b2a283b18cb9fa80.jpg,-4.003376
images/rfmid/bf89a4884258f551.jpg,-5.811459
images/rfmid/a1aedae04ffd2ce7.jpg,-5.273921
images/rfmid/492b3cd7966e5ef6.jpg,1.5039486
images/rfmid/e20d4334c49a857a.jpg,1.5992392
images/rfmid/249186f380675601.jpg,1.2840465
images/rfmid/efda1585f5aeb610.jpg,-5.4962664
images/rfmid/854e81a5c298f8ad.jpg,-3.810351
images/rfmid/68c3962893cc3c04.jpg,-4.4480667
images/rfmid/826f105e098d0968.jpg,-4.0009327
images/rfmid/4241f0989fb3f096.jpg,-3.5782318
images/rfmid/547f994d7f404b1e.jpg,0.24439847
images/rfmid/3b40ab2ff8f9ed99.jpg,1.2669429
images/rfmid/dc5e076daf776cad.jpg,-4.05713
images/rfmid/876ce94a22151b04.jpg,-3.0590189
images/rfmid/014bb5870e70a816.jpg,-1.2268072
images/rfmid/1ca06313d57c37dc.jpg,0.6512171
images/rfmid/7f8015393e3b3b84.jpg,-4.147534
images/rfmid/87765030262c89f8.jpg,0.24317682
images/rfmid/40ea278a197b0d1f.jpg,-4.2281647
images/rfmid/706b013decb9e8e4.jpg,-3.5183697
images/rfmid/507bb506a9ce9b14.jpg,-3.3742118
images/rfmid/0cd07fe0fecb31f5.jpg,-2.9466243
images/rfmid/99d21bdec8daf82e.jpg,-1.5332193
images/rfmid/0a4acde2e65067c4.jpg,0.6634339
images/rfmid/e30cebb0b5eb18e5.jpg,-3.8983116
images/rfmid/42b776cfbaab75ac.jpg,-3.771257
images/rfmid/7ec4932a496bf0a7.jpg,-5.5109262
images/rfmid/603428a84047462f.jpg,-5.948287
images/rfmid/101d3231907961fe.jpg,2.1563244
images/rfmid/692d0cd3f61c410c.jpg,-3.7284985
images/rfmid/fc4b683f19acd067.jpg,-5.4351826
images/rfmid/a163b0f451366237.jpg,-4.704619
images/rfmid/f9c73e8c055faaa2.jpg,-3.1176593
images/rfmid/40c9c3aa243a5846.jpg,-6.0557947
images/rfmid/23b3f57a5b81de27.jpg,-4.7852497
images/rfmid/d96e8889d066c496.jpg,-4.8023534
images/rfmid/2118859690208086.jpg,-4.193958
images/rfmid/3277ae4d49f61d45.jpg,-6.016701
images/rfmid/b345d60b3b3868dc.jpg,-1.2554404
images/rfmid/45c0b836a73b0a7d.jpg,-4.3723226
images/rfmid/8277e5e8cf7a7020.jpg,-5.4987097
images/rfmid/4fc33fa74a8b2c2e.jpg,-4.523811
images/rfmid/456815dd5b16a0ea.jpg,-2.181854
images/rfmid/1e445dee15805d50.jpg,-1.2909454
images/rfmid/c9db875818a4dae6.jpg,-1.3800515
images/rfmid/492dcd70cac8ca05.jpg,-3.335118
images/rfmid/4cf01d35cca8f4fe.jpg,-3.1262112
images/rfmid/97ba8122b67e3831.jpg,-5.5988874
images/rfmid/f754e80f73cc609d.jpg,-2.489717
images/rfmid/6b449fb6113f9066.jpg,-5.19329
images/rfmid/1e8fdb9b99542086.jpg,-5.220167
images/rfmid/4cccfe5c3c8c4868.jpg,-3.8213458
images/rfmid/fb0c8c75df47ff47.jpg,0.14422083
images/rfmid/dd3c507df7967c7f.jpg,-5.7919126
images/rfmid/bd18dddee61fe38a.jpg,-5.55735
images/rfmid/720094708f16423c.jpg,-5.0051517
images/rfmid/6f2c1424ce371f5d.jpg,-3.2874727
images/rfmid/099eb678eace342f.jpg,-3.7553754
images/rfmid/f6824f2a3ff1e605.jpg,-1.5096257
images/rfmid/fb9f4aa3b5e84782.jpg,0.25783694
images/rfmid/07326948ea2b7313.jpg,1.1056815
images/rfmid/b11827c7e8d89be0.jpg,-1.7185327
images/rfmid/6fe86dfc948e5642.jpg,-2.2374403
images/rfmid/92aacba17add9c07.jpg,-1.7866412
images/rfmid/06bc5b9680123008.jpg,-4.1353173
images/rfmid/4cef6aa032302533.jpg,-1.8761292
images/rfmid/422b1bcfea0267dd.jpg,-4.79258
images/rfmid/9d768690de08d89b.jpg,-2.747491
images/rfmid/11c506819834dde9.jpg,-4.5702343
images/rfmid/e55b52d8957a657a.jpg,-4.1157703
images/rfmid/bb0aeb9f1a883b8e.jpg,-2.7303874
images/rfmid/2111b0e9ecf8f658.jpg,-2.3644948
images/rfmid/c48a1485cacc6b39.jpg,-5.591557
images/rfmid/30e2284ceb8953a5.jpg,-4.018036
images/rfmid/27890bac6d346dac.jpg,-2.4035885
images/rfmid/e2619adffbbd186d.jpg,1.0213856
images/rfmid/9a75825629b594d7.jpg,-3.4829412
images/rfmid/4204858ed728b7a4.jpg,-5.6526413
images/rfmid/db633ed1ea145337.jpg,-5.0027084
images/rfmid/58e3aefdfa4e6738.jpg,-5.3154583
images/rfmid/9f3d5b45dde4b37e.jpg,1.2644995
images/rfmid/6e25a4b38a2e1b2c.jpg,-4.606885
images/rfmid/cafc6ebd5f11fa52.jpg,-3.5794535
images/rfmid/88ade6a05f9058c7.jpg,1.2840465
images/rfmid/ff3f53358bff6124.jpg,-5.1053295
images/rfmid/4a1d3d47de6c8765.jpg,-5.281251
images/rfmid/0500e3b774c58acd.jpg,-3.9593954
images/rfmid/391331e6d1ba7f96.jpg,-5.137093
images/rfmid/568838cb2ecd1714.jpg,-5.2030635
images/rfmid/9884a405efb358f5.jpg,-5.2519307
images/rfmid/b5c688993444a3e2.jpg,-2.5220914
images/rfmid/e7e521de4b3ab51f.jpg,-1.1922948
images/rfmid/9f6b23718dd9b830.jpg,-5.2592607
images/rfmid/80e85428b745ea4c.jpg,-4.223278
images/rfmid/760b8e248ca6f484.jpg,-4.660639
images/rfmid/cab73690ee72718c.jpg,-3.7724786
images/rfmid/02dde37b8b421700.jpg,-3.6832962
images/rfmid/5c2511fd982a5bfb.jpg,0.63900054
images/rfmid/2198a101d0528fbf.jpg,-0.71828383
images/rfmid/2c71fbfccf8c5eb8.jpg,-4.953841
images/rfmid/65fe8e06e2023976.jpg,-4.154864
images/rfmid/7325cd262509f42d.jpg,-2.9124174
images/rfmid/690fae687b09215c.jpg,-4.2745886
images/rfmid/5b9889fb022551ce.jpg,-0.02803576
images/rfmid/aba750003d962039.jpg,-6.2317166
images/rfmid/6d296e5338e826ab.jpg,-4.9953785
images/rfmid/425e2c726803c83c.jpg,-3.5073748
images/rfmid/042d401b8dafde1d.jpg,-0.49716008
images/rfmid/18f2f8c78a25f366.jpg,-2.5935595
images/rfmid/01c899cef4925571.jpg,-0.7482149
images/rfmid/297e1dd97668f419.jpg,-5.931184
images/rfmid/ba8e416291b7a354.jpg,-5.1517534
images/rfmid/7e0ebe5e315922cf.jpg,-2.9930482
images/rfmid/ed7eeb42580c3091.jpg,-5.4083056
images/rfmid/6c71c289e2c2fd00.jpg,-5.254374
images/rfmid/7d3ada1e49c40e77.jpg,-4.470057
images/rfmid/63f69e7960fe4212.jpg,-5.1810737
images/rfmid/d75f601edc86ee9e.jpg,-4.8487773
images/rfmid/1660984187b0b7d3.jpg,-3.7248335
images/rfmid/2d9069a6315bb0ee.jpg,-3.293581
images/rfmid/1f1997c4fc7ea079.jpg,-5.244601
images/rfmid/ea17eba6ee4240d1.jpg,-4.9220777
images/rfmid/14b8e2ed7f695622.jpg,-0.417751
images/rfmid/01bfd8af2d54b503.jpg,-0.3511696
images/rfmid/40b447bf714e5167.jpg,-2.6656384
images/rfmid/c62d3971f0858500.jpg,-3.1164377
images/rfmid/3cbd4b7c0ec203da.jpg,-5.0027084
images/rfmid/1859f606b2a8fd0d.jpg,0.9554151
images/rfmid/ac1338f90963ba77.jpg,-1.9958535
images/rfmid/f26dfd0e17c0c803.jpg,-5.8994203
images/rfmid/d566c39305ae8856.jpg,-4.7950234
images/rfmid/2e1657ab4e19fefd.jpg,-4.3503323
images/rfmid/2cc1024c68ddcfdb.jpg,-4.660639
images/rfmid/8a276bc46a05debb.jpg,-3.866548
images/rfmid/9ee7a3f54e0fe8c3.jpg,-3.4951577
images/rfmid/3411a2b0b0e3ad52.jpg,-4.9147477
images/rfmid/900d2c96d81ddaf3.jpg,-5.198177
images/rfmid/fa557bd946ed89dc.jpg,-5.767479
images/rfmid/8fb75e07d95a0c22.jpg,-4.826787
images/rfmid/779f29567ba444b6.jpg,-4.147534
images/rfmid/c7e97f1b25b029f6.jpg,-5.0760093
images/rfmid/d32e856bf224c1d3.jpg,-5.100443
images/rfmid/62f1e41fbf27a1bf.jpg,-3.7162814
images/rfmid/f559f3d71ac2c7db.jpg,-4.567791
images/rfmid/f97ed6b3de11d8b9.jpg,-3.1689699
images/rfmid/d9efeaba00886631.jpg,-4.389426
images/rfmid/7261834054c618ee.jpg,0.27005363
images/rfmid/4f149ccc736d386f.jpg,0.34335434
images/rfmid/1cb20e0109751884.jpg,-3.650311
images/rfmid/3d52d9987cbb9a2a.jpg,-3.567237
images/rfmid/46610ca39cb92477.jpg,-4.606885
images/rfmid/0cdb639c56f8f36f.jpg,-3.4646158
images/rfmid/801b452c6bded1c4.jpg,-5.0515757
images/rfmid/1da2e7f77f46cf6e.jpg,-5.4156356
images/rfmid/036f17c9a8dd1e9d.jpg,-2.8879838
images/rfmid/8f10d418514455f5.jpg,-2.587451
images/rfmid/f82b74aa35bc489e.jpg,-5.300798
images/rfmid/a3c69f3f4c940826.jpg,-4.044913
images/rfmid/cc8912076846bf04.jpg,-2.6198256
images/rfmid/49cbd367293a4cdb.jpg,0.32136416
images/rfmid/cd452feb0ace5034.jpg,-0.28397727
images/rfmid/f0fb1e4d5a5ac61c.jpg,-1.1163981
images/rfmid/0c5edd256128dd7c.jpg,-3.881208
images/rfmid/862f86ced5ddd890.jpg,-1.290029
images/rfmid/18953427583ddeaa.jpg,-0.36460805
images/rfmid/8011032045d782fc.jpg,-2.6876287
images/rfmid/250e6f864a324dc4.jpg,0.7941536
images/rfmid/a0ab85beda306431.jpg,-0.75921
images/rfmid/6d2d51794f4f6332.jpg,-3.426744
images/rfmid/cc5d05c74d5e5e48.jpg,-4.0888934
images/rfmid/0c8670ce3800eb32.jpg,-5.1493096
images/rfmid/7e2cf27b432f6c63.jpg,-4.8023534
images/rfmid/686a51f96692afa1.jpg,-3.8250108
images/rfmid/22a7c028c373e05c.jpg,-6.578673
images/rfmid/7c6016e33d26a71c.jpg,-4.401643
images/rfmid/9b09e1922e904f0f.jpg,-4.3576627
images/rfmid/586591d4ffbfd828.jpg,-5.1126595
images/rfmid/7e07134d0c2bd92f.jpg,-5.1713
images/rfmid/715b6717f74c4887.jpg,-3.9520655
images/rfmid/34bb1b812f13db9b.jpg,-4.0131493
images/rfmid/c64fef713003414d.jpg,-5.0491323
images/rfmid/115e170812b059a6.jpg,-3.8885384
images/rfmid/e6804670674207ba.jpg,-6.004484
images/rfmid/9ba8ded8a94fe71b.jpg,0.4056599
images/rfmid/f696061b35bd260a.jpg,-1.5038991
images/rfmid/4156e0bd7961a280.jpg,-4.1084404
images/rfmid/4be4eea9f4853256.jpg,0.85279405
images/rfmid/ab511a9ad43d1ae0.jpg,1.0592576
images/rfmid/0481ceb3764b565b.jpg,0.84424245
images/rfmid/f8a82c6f4b09ba50.jpg,-2.754821
images/rfmid/5be1ef98bb1c6e2f.jpg,-5.1493096
images/rfmid/42df7cfcd2ef1be1.jpg,-6.3196774
images/rfmid/28f34799ddd9bded.jpg,-6.168189
images/rfmid/c296aeb4e2699cb6.jpg,-6.085115
images/rfmid/44f4e43acc7fb2ea.jpg,-3.4084187
images/rfmid/b79265526cc1215b.jpg,-5.4009757
images/rfmid/54393301de4ce07c.jpg,-4.6801853
images/rfmid/6f4e9fa7841d7ea0.jpg,-4.917191
images/rfmid/20cdd38cbf63d821.jpg,-2.2423272
images/rfmid/9d467cb0fd40d854.jpg,-2.6509783
images/rfmid/1310adb1d74e25b3.jpg,-3.976499
images/rfmid/b94723cc2303a4cd.jpg,-4.887871
images/rfmid/db2f1e2e36559207.jpg,-0.7506583
images/rfmid/5ed5d7c41489e12e.jpg,-1.1425115
images/rfmid/a6a137594bf8debe.jpg,-5.227497
images/rfmid/9ce18cc819d2ee70.jpg,-3.4291873
images/rfmid/9102174577380459.jpg,-2.296692
images/rfmid/2ea4700c790459f5.jpg,-4.43585
images/rfmid/2523acf73b0fb062.jpg,-3.517148
images/rfmid/86233125329d24b0.jpg,-3.0590189
images/rfmid/e71a20002c7e4b4c.jpg,-3.8750997
images/rfmid/06a39b73ca0922f0.jpg,-4.9758315
images/rfmid/f4e41873d7afdeb8.jpg,-4.6459785
images/rfmid/e1a500223b296491.jpg,-1.2283344
images/rfmid/3cb1f07984a043c9.jpg,-3.8408928
images/rfmid/adb3bf187eba69f5.jpg,-1.8150452
images/rfmid/f9cbe5dd0dffdb55.jpg,-5.933627
images/rfmid/7aac7e143c852b6a.jpg,-4.084007
images/rfmid/781c5abf97cefc1b.jpg,-3.8079076
images/rfmid/a6ed27f5b0b90870.jpg,-0.417751
images/rfmid/4d846918904ab5d8.jpg,-5.5109262
images/rfmid/332c39515c785684.jpg,-5.686848
images/rfmid/a32fbfeeefbf1fa3.jpg,-0.6828551
images/rfmid/afe4b648a3114a41.jpg,-4.1255436
images/rfmid/37789f59b1ef2819.jpg,-6.1926227
images/rfmid/bfbc160be6f83b77.jpg,-4.7388263
images/rfmid/df00db4cb7c76ffd.jpg,-3.8115726
images/rfmid/e3088918728d2792.jpg,-1.2789576
images/rfmid/2be4349cd7ba0a2c.jpg,-2.8049097
images/rfmid/88a3c54696795d11.jpg,-3.38032
images/rfmid/9fde6d514567cba2.jpg,-2.7621512
images/rfmid/497ef8e72a89e1da.jpg,-1.900868
images/rfmid/68c972287693490b.jpg,-3.19096
images/rfmid/f24923b363409309.jpg,-2.8269
images/rfmid/a00f32ba16f93e75.jpg,1.2864898
images/rfmid/7dee98670e9eb4e5.jpg,-2.7181706
images/rfmid/1ea9a9949af0ee1a.jpg,-2.7218356
images/rfmid/57713cefb43c0a68.jpg,-4.43585
images/rfmid/937194adee6ce6a6.jpg,-4.0278096
images/rfmid/4a7bed87a243ebcb.jpg,-3.4523993
images/rfmid/2f6d093bee5ac706.jpg,-2.9417377
images/rfmid/7cb14114ea2489f4.jpg,-3.6380944
images/rfmid/862f218d0c4c8ea8.jpg,-5.0246987
images/rfmid/630a575978d959c1.jpg,-3.4218574
images/rfmid/e8203492ef417475.jpg,-4.018036
images/rfmid/bd905bec245377f7.jpg,-3.956952
images/rfmid/da8625bd6034b686.jpg,-3.677188
images/rfmid/c9793fbf1f48db1a.jpg,-4.978275
images/rfmid/5b1cefb77236b261.jpg,-4.340559
images/rfmid/fbec8fbe9b05fd3e.jpg,-2.909974
images/rfmid/dcfed895258c429c.jpg,-2.443904
images/rfmid/6093bbe6019a4432.jpg,-1.5442145
images/rfmid/050ee24b622c66f9.jpg,-1.6362221
images/rfmid/a4e4283849d04c0f.jpg,-3.8360062
images/rfmid/2a99422975c5908d.jpg,-4.8023534
images/rfmid/8f5ce03d7c31f673.jpg,-1.4594606
images/rfmid/22d2903dcd467362.jpg,-1.4699212
images/rfmid/8a3009c374405503.jpg,-3.6161041
images/rfmid/cf2f29d11299ab3a.jpg,-3.8372278
images/rfmid/89b9fa17e9a66806.jpg,-2.19346
images/rfmid/56e65f9a78364aa3.jpg,-1.0313388
images/rfmid/f48a5b55ef32084e.jpg,-4.1450906
images/rfmid/14f2b4e6ef36b140.jpg,-3.340005
images/rfmid/3f738de807220cda.jpg,-2.5691261
images/rfmid/04516c57c2fbbeb2.jpg,-6.305017
images/rfmid/5b817c41d40ad70a.jpg,-5.55002
images/rfmid/2d42be6a582ae711.jpg,-5.7381587
images/rfmid/caeba692960bc118.jpg,-3.669858
images/rfmid/8c724fccee5586ee.jpg,-5.508483
images/rfmid/4b2fea8ff2ec49b3.jpg,-5.425409
images/rfmid/12c3b51399ba94da.jpg,-2.406032
images/rfmid/5a7a2e8c7990a7e6.jpg,-3.4646158
images/rfmid/58edc569e606f263.jpg,-3.206842
images/rfmid/dc8a94def60bcd26.jpg,-4.9953785
images/rfmid/ffd77fa38b809bbc.jpg,-4.868324
images/rfmid/8a8b456011a5a062.jpg,-2.424968
images/rfmid/0ea4658c7bb74263.jpg,-6.23416
images/rfmid/b83e4f306329760d.jpg,-4.2354946
images/rfmid/4a247f77541647ac.jpg,-3.6979566
images/rfmid/0bfb46d7ce8d5c03.jpg,-4.633762
images/rfmid/e89dd8afce365f8f.jpg,-6.243933
images/rfmid/f961c9dfe0985637.jpg,-6.25615
images/rfmid/fdedaed813ff0c68.jpg,-3.2410488
images/rfmid/b31bc6ac8a10d4d3.jpg,0.3421327
images/rfmid/765f4486be951831.jpg,0.10634887
images/rfmid/34f6a9560f87120e.jpg,0.23340333
images/rfmid/675107bc7e62fd8b.jpg,-0.0023804903
images/rfmid/6fe1494ecf227cf2.jpg,-1.8468089
images/rfmid/5acaa7731c628bb9.jpg,-2.9942698
images/rfmid/b9c62b6c9dadf3e7.jpg,-2.3229578
images/rfmid/e08a6db42dad0382.jpg,-3.783474
images/rfmid/257cd9e42a12e2d5.jpg,-3.2496006
images/rfmid/83cdcdb615d6de8b.jpg,-4.157307
images/rfmid/c51f856f549fb9ec.jpg,-5.7454886
images/rfmid/e53af2b1a63446f6.jpg,-5.0589056
images/rfmid/0ec718bfac4b0849.jpg,-5.5891137
images/rfmid/1560a9016bca308b.jpg,-2.1769674
images/rfmid/5dfe71d5b1f52fa4.jpg,-3.9618387
images/rfmid/9b6b5382d9a96f0e.jpg,-3.600222
images/rfmid/f26a414745eb3b35.jpg,-4.040026
images/rfmid/c14a5a622348aef3.jpg,-4.3698792
images/rfmid/d33a71d0471f8933.jpg,-3.3974237
images/rfmid/a9c7e21fa1b34c4c.jpg,-2.9002008
images/rfmid/f8d8f5957f82b010.jpg,-4.0815635
images/rfmid/50efc136665c7ba1.jpg,-2.496436
images/rfmid/8cacd5b72449630e.jpg,-3.4120836
images/rfmid/9ec42aa8688885b5.jpg,-5.100443
images/rfmid/0d34267868527af2.jpg,-2.2685933
images/rfmid/096fdaefcf1cd993.jpg,-0.12821329
images/rfmid/d9af6cc279ca521c.jpg,-4.284362
images/rfmid/7fdb16e67c855730.jpg,-3.8286757
images/rfmid/266b085a824b14e9.jpg,-5.581784
images/rfmid/52dc797e2dd45122.jpg,-0.07323778
images/rfmid/15ce2b8e5447c549.jpg,-0.11233151
images/rfmid/f1afb8c5f4480f1d.jpg,0.989622
images/rfmid/a60329333a7a7ee6.jpg,0.31281245
images/rfmid/4963e525e0c9cefb.jpg,0.018388033
images/rfmid/22399034c750b024.jpg,-1.0618807
images/rfmid/34809c90d9672597.jpg,-1.0484422
images/rfmid/3e13a1360eea9ec0.jpg,-0.73844147
images/rfmid/5fc82e6a585005a2.jpg,-5.1322064
images/rfmid/22be55e6ca32ffb4.jpg,-5.9091935
images/rfmid/3ea68cb96c7c4014.jpg,-5.0418024
images/rfmid/4487c3726041566b.jpg,-5.5988874
images/rfmid/f5885fa3658933dd.jpg,0.6060151
images/rfmid/ca9ea153fa96e767.jpg,0.42520678
images/rfmid/4310608caec3ff6e.jpg,-3.490271
images/rfmid/ff332948ca142f8d.jpg,-0.20762241
images/rfmid/22273618237970fc.jpg,-2.9881616
images/rfmid/67c22c1768ee9c0a.jpg,-2.1158834
images/rfmid/d4d38f1a73e080d3.jpg,-2.7511559
images/rfmid/56a3941aeeb2d036.jpg,-3.2056203
images/rfmid/6c8bda16556407d1.jpg,-4.404086
images/rfmid/414034e830a595f4.jpg,-2.1720805
images/rfmid/c74f396c8bfcad99.jpg,-4.7754765
images/rfmid/89cb6bf8572d9211.jpg,-4.990492
images/rfmid/8c46e8f4d07d5be4.jpg,-6.3001304
images/rfmid/53737931cfaa473d.jpg,-4.45051
images/rfmid/f5d4ff194c997205.jpg,-5.8749866
images/rfmid/f41e53db7da57e53.jpg,-4.3796525
images/rfmid/7f5827fa8d6eb62a.jpg,-5.3985324
images/rfmid/1c68acd76d817ed1.jpg,0.31647742
images/rfmid/f90cd7f350fb158d.jpg,0.42887187
images/rfmid/6caf0a988cd778b9.jpg,-2.0321984
images/rfmid/828c4291663514b8.jpg,-4.663082
images/rfmid/c8ca506752a02d1c.jpg,-5.217724
images/rfmid/60792394a1a56d41.jpg,-5.3985324
images/rfmid/7bb4c8899c244016.jpg,-1.7334982
images/rfmid/0d81a09b217d055b.jpg,-1.9506514
images/rfmid/8b2fa0b314c7075c.jpg,-4.4334064
images/rfmid/e6a4e30feafd365d.jpg,-5.080896
images/rfmid/459f1e882c795d08.jpg,-3.9716125
images/rfmid/b898335ff91258ad.jpg,-5.6013308
images/rfmid/66dcadd14e7fbb25.jpg,-0.40981013
images/rfmid/9198d4403eb32c56.jpg,2.0854673
images/rfmid/2437f660cb14ca99.jpg,0.6084584
images/rfmid/5328deb708c01635.jpg,-3.9447355
images/rfmid/1a129a2382f3790d.jpg,-2.6644168
images/rfmid/1fdfe273103a678f.jpg,-4.6948457
images/rfmid/59daf6e2305eede3.jpg,-4.2012877
images/rfmid/f68aaa59e18604fe.jpg,-4.311239
images/rfmid/f97ff969639fd7d0.jpg,-5.8554397
images/rfmid/b7cd865242941107.jpg,-2.9478462
images/rfmid/13f85368551e5285.jpg,-3.9813857
images/rfmid/b0b4674d022910e1.jpg,-4.2892485
images/rfmid/54e51dfb838594ae.jpg,-4.4749436
images/rfmid/d379dcbcbe815611.jpg,-1.9729471
images/rfmid/f9d78aa4f7a6153f.jpg,0.4520837
images/rfmid/29c22ae259010bfd.jpg,-3.3632166
images/rfmid/056e3fd7afba41c0.jpg,-3.1310978
images/rfmid/490acb5e9b57623a.jpg,-4.6801853
images/rfmid/9b4317a72097e985.jpg,-1.3828576
images/rfmid/78b024c52c7281fe.jpg,-4.523811
images/rfmid/4505465110292487.jpg,-3.7614837
images/rfmid/fb941fe47a588ae0.jpg,-3.517148
images/rfmid/b493caefe6f352f3.jpg,-2.3394504
images/rfmid/f1bf1ce2acef4d1f.jpg,-4.8316736
images/rfmid/3075de6137c16edf.jpg,-2.7914715
images/rfmid/cce2588d1958f3ab.jpg,-3.6991782
images/rfmid/04dc4ec40c705820.jpg,-4.313682
images/rfmid/41734a4229423483.jpg,-3.54769
images/rfmid/5984e60b0d8b2303.jpg,-6.0069275
images/rfmid/36bfdf3d85d589f8.jpg,-4.992935
images/rfmid/faa902ba5ee8bde9.jpg,-5.2836943
images/rfmid/8964be16a47c09cb.jpg,-4.4725003
images/rfmid/0f2f2a2d4b73aea2.jpg,-4.5824513
images/rfmid/7673384ab1ca172f.jpg,-2.0609078
images/rfmid/1e9552267c463d6e.jpg,-0.16669619
images/rfmid/c2f69395117f6c7f.jpg,-1.5255839
images/rfmid/77b7d220301855d4.jpg,-0.5185394
images/rfmid/896f26da1ac37d80.jpg,-6.014258
images/rfmid/b55aef015d296a20.jpg,-3.7859173
images/rfmid/69799ff2bbdfce69.jpg,1.2522827
images/rfmid/530153ba38ce39cd.jpg,-1.250859
images/rfmid/58e08525c27ca317.jpg,-0.6938502
images/rfmid/a8d9446babc44985.jpg,-1.994021
images/rfmid/c4b8ecb63dcdbe01.jpg,-5.8554397
images/rfmid/ee738624bbddc9a7.jpg,-5.6257644
images/rfmid/0e368ab52dd87924.jpg,-6.0118146
images/rfmid/2a366943d1198ddd.jpg,-4.230608
images/rfmid/fab168c375e147ca.jpg,-3.8372278
images/rfmid/4bb652d7749cbad5.jpg,-4.7070622
images/rfmid/b4d5f77e830d9e1e.jpg,0.8857795
images/rfmid/7305688649fcb4c7.jpg,-0.178913
images/rfmid/0f0e5a488fe0462e.jpg,-3.6442027
images/rfmid/42a2da386d77ce02.jpg,0.63900054
images/rfmid/555dce591088635d.jpg,-5.0857825
images/rfmid/e23614d9bfda1760.jpg,-3.956952
images/rfmid/adabb3511cb10718.jpg,-2.454899
images/rfmid/d7a0833c8b8876a2.jpg,-4.4480667
images/rfmid/e48483f38b3de3db.jpg,-3.1653047
images/rfmid/0cf324afbe45cd02.jpg,-3.3302312
images/rfmid/02d8cfa9bb0abd7c.jpg,-3.1824083
images/rfmid/718b3b5628fb6968.jpg,-1.8022176
images/rfmid/dd5ab55982a294be.jpg,-3.607552
images/rfmid/0296e7ff6de42792.jpg,-3.4279656
images/rfmid/09eb985fcf69b20d.jpg,-4.8219004
images/rfmid/e58a23930fb1028e.jpg,-3.0577972
images/rfmid/e1a3d86dca0d1274.jpg,-3.2288322
images/rfmid/2e343fc44f463f2f.jpg,-1.7350253
images/rfmid/805e23975fa10c30.jpg,-2.341894
images/rfmid/f4f8c25df5db31e0.jpg,-3.5122614
images/rfmid/9479a542a0276e68.jpg,-0.75921
images/rfmid/fb5b908927a2cce0.jpg,0.50583756
images/rfmid/2130cf2ee96f34b6.jpg,-0.11843991
images/rfmid/d4d1da207b7ac433.jpg,0.90776956
images/rfmid/32552a869f68a164.jpg,-5.6501975
images/rfmid/8657884e8880fde6.jpg,-5.7161684
images/rfmid/73a3baa52891052c.jpg,-4.299022
images/rfmid/6e9b998dfd7357c3.jpg,-5.55002
images/rfmid/04e8ddc56f6365fe.jpg,-3.2886944
images/rfmid/71f3f1a36a4b49bc.jpg,-3.4682808
images/rfmid/81d20861d5b893be.jpg,-1.9387401
images/rfmid/e1c1a274b380d694.jpg,0.23462498
images/rfmid/379995d6d1f1f634.jpg,-4.856107
images/rfmid/24a314c4c94d907d.jpg,-4.2208347
images/rfmid/de8b673ba2e8159b.jpg,-3.7553754
images/rfmid/b91867cffe831293.jpg,-5.1346498
images/rfmid/791cda0bac7e7c76.jpg,-4.514037
images/rfmid/3aa207d26fb58f5c.jpg,-3.0370288
images/rfmid/84a125fe88c185ea.jpg,-2.7572644
images/rfmid/e89fab87fce6a46f.jpg,-4.882984
images/rfmid/19116ffc6ea98727.jpg,-5.0418024
images/rfmid/475ae9c41faacae4.jpg,-4.044913
images/rfmid/bc8370b332a6559a.jpg,-4.3234553
images/rfmid/e5a85f04b622e0bd.jpg,-5.5182567
images/rfmid/bec810be3f4dba52.jpg,-5.9629474
images/rfmid/f2b025a02939e7cc.jpg,-3.9349618
images/rfmid/9ab15e5de1c64204.jpg,0.84057724
images/rfmid/e5558300ee9ea90a.jpg,0.56081307
images/rfmid/ee462fc1fab9dbfc.jpg,-3.996046
images/rfmid/2b0380ddbfceef21.jpg,-5.1493096
images/rfmid/c0b64b9ec3530501.jpg,-5.354552
images/rfmid/bb6a7553324397d0.jpg,0.55226135
images/rfmid/8030450358d4f0fa.jpg,-6.6519737
images/rfmid/b43f5af4fd72b49b.jpg,-5.6086607
images/rfmid/477ef1c11ce560fd.jpg,-5.2714777
images/rfmid/fd8d51ef0ec4a8c0.jpg,0.43009353
images/rfmid/208f030ad2ba80ff.jpg,1.2620562
images/rfmid/bdca6647b0ab8759.jpg,-2.8659937
images/rfmid/1e8c1e6289e5f16b.jpg,1.2791597
images/rfmid/fbb66c7028d7d70b.jpg,-3.1714132
images/rfmid/ec9a560a21bf6fd0.jpg,-4.325899
images/rfmid/f5b390862a0aab19.jpg,-4.047356
images/rfmid/683617764f60d8fc.jpg,-5.1786304
images/rfmid/966aa974373c98c5.jpg,-5.310571
images/rfmid/15fed14de4d34b57.jpg,0.5131676
images/rfmid/e513e4aa9eb595b9.jpg,0.73673475
images/rfmid/9fec6e7390fcf7b1.jpg,-3.8457794
images/rfmid/f59a1435f2f3509a.jpg,1.8826686
images/rfmid/2b15ffd768bff8f9.jpg,-3.0077083
images/rfmid/5ffa0613ddb9ee57.jpg,-4.003376
images/rfmid/d684729d4cde6a2d.jpg,-5.2641478
images/rfmid/d3ee43355b3833cc.jpg,-3.054132
images/rfmid/319ed7ca5d17e3a0.jpg,-2.6693034
images/rfmid/0f903608ab460707.jpg,-6.158416
images/rfmid/dd34c8e56168425b.jpg,0.24317682
images/rfmid/c986c9920f3ea407.jpg,-4.321012
images/rfmid/ffc3f4f715c72cdf.jpg,-3.2483788
images/rfmid/689928145292044e.jpg,-2.2044551
images/rfmid/ac2697a74788c94d.jpg,-4.0815635
images/rfmid/18e812071c82842a.jpg,-3.5489116
images/rfmid/7667be77bd57ec58.jpg,-3.0529103
images/rfmid/7ed0a71eb06cf973.jpg,-3.5159264
images/rfmid/6473c626b2c75dba.jpg,-0.6352097
images/rfmid/a908d9bb832ca0df.jpg,0.6793159
images/rfmid/54e17727afbc6026.jpg,-1.771981
images/rfmid/9be637e6248d6c91.jpg,0.58524656
images/rfmid/878f4dba7b00bbe0.jpg,0.08924532
images/rfmid/a9cf0a4db7c71e39.jpg,-3.4475126
images/rfmid/dac81cf57efe4834.jpg,-0.44340628
images/rfmid/7a6559677d3218b6.jpg,0.45086205
images/rfmid/2930c21f3033754c.jpg,0.2126348
images/rfmid/adb8a54a72a1a8fd.jpg,-0.09034133
images/rfmid/21b0c2206f15c98a.jpg,-4.7559295
images/rfmid/b9a6419b442d0043.jpg,-4.132874
images/rfmid/75a9e649e17388f5.jpg,0.83813393
images/rfmid/b8538f800a68b814.jpg,-4.1792974
images/rfmid/7b53abad1ea85666.jpg,-4.2965784
images/rfmid/b3a2f90f3f90e3ea.jpg,-4.6117716
images/rfmid/6b751379a8a97d15.jpg,-3.2117286
images/rfmid/b6262e6eff6b7a1c.jpg,-5.320345
images/rfmid/518afcef7f1071bc.jpg,0.42032003
images/rfmid/e2bb2540444387dc.jpg,-4.311239
images/rfmid/e1cb74f4052994d6.jpg,-3.4059753
images/rfmid/c80f3b8eaf9eca34.jpg,-4.237938
images/rfmid/b29560b501f11315.jpg,-4.704619
images/rfmid/190b5561acdcca95.jpg,-4.423633
images/rfmid/c6fd5238ee886f88.jpg,-2.4231353
images/rfmid/58849124e17603c7.jpg,-4.284362
images/rfmid/70a22f680e67bac6.jpg,1.4550813
images/rfmid/d404d20535ef1725.jpg,1.4233178
images/rfmid/612fa8d307e1cdf1.jpg,-3.210507
images/rfmid/932a200037eae0bd.jpg,-1.6713454
images/rfmid/f45c2eb962b4839b.jpg,-5.063792
images/rfmid/4b7e465e4a401485.jpg,-5.356995
images/rfmid/3bf5309427d1798f.jpg,-3.4841628
images/rfmid/d381c6d62bcd9c62.jpg,-2.261874
images/rfmid/695783e38f18e9e3.jpg,-3.6784096
images/rfmid/5c8cf20bd86f37a1.jpg,-4.9049745
images/rfmid/c653980024cd96a2.jpg,-4.2012877
images/rfmid/f9be25bc50a8f917.jpg,-4.663082
images/rfmid/63742e10d686d8fe.jpg,-3.1775217
images/rfmid/bfd3bcb8bc1d053f.jpg,-4.066903
images/rfmid/3f65ecd8d4d8546a.jpg,-4.8170133
images/rfmid/3085c767ab8f661a.jpg,-3.2838078
images/rfmid/fc1c5d651eb74504.jpg,-2.8415601
images/rfmid/9639ab37aedb2986.jpg,-1.2426891
images/rfmid/2c93356b1227a7c2.jpg,-4.08645
images/rfmid/da630f7d45c1bb55.jpg,-4.4749436
images/rfmid/81a3c6d2747ebc7b.jpg,-4.616658
images/rfmid/7a72f005abf0b562.jpg,-4.113327
images/rfmid/07fb16e03769e345.jpg,-4.936738
images/rfmid/a1053de7c69780b9.jpg,-2.800023
images/rfmid/65b574f066a9c37c.jpg,-0.649259
images/rfmid/51fd699a7bc2881b.jpg,0.3042606
images/rfmid/6dc250f934ae6041.jpg,-3.884873
images/rfmid/2b6b829c1c55669e.jpg,-3.1860733
images/rfmid/02c051bed1571a42.jpg,-3.2874727
images/rfmid/180e2dfb6984fe50.jpg,-2.7694812
images/rfmid/0349d340b40f29d6.jpg,-2.6088305
images/rfmid/81c6eef7f2d05843.jpg,-4.0717897
images/rfmid/3c18b0dd7955572b.jpg,-0.3780465
images/rfmid/72812c873901acd4.jpg,-2.850112
images/rfmid/207e25f1cc3835fc.jpg,-5.2152805
images/rfmid/8a5b4a7a5d345a7c.jpg,-5.774809
images/rfmid/72b8d5ef04e28988.jpg,-1.6139265
images/rfmid/a292f2c28c36eb83.jpg,-0.6804118
images/rfmid/d56bb761d2344f8c.jpg,-0.5008251
images/rfmid/79e9bdb5d85dffb5.jpg,1.2498394
images/rfmid/4cb1e1192a52e9dc.jpg,-4.1988444
images/rfmid/06560d6aff864e23.jpg,-4.5384707
images/rfmid/5f3771a194fa8edf.jpg,-2.6583085
images/rfmid/7e597807a5a17e65.jpg,-3.88976
images/rfmid/4bc2aa48933e2c8f.jpg,-4.594668
images/rfmid/a8dad71a90893408.jpg,1.0788046
images/rfmid/79028d1d52237bcb.jpg,1.9755162
images/rfmid/35ede44488b2837d.jpg,-0.34506118
images/rfmid/d63ba7ecf6c93e7b.jpg,1.3353568
images/rfmid/654570aebd124fcd.jpg,-3.2434921
images/rfmid/d41b5a9b37c0a915.jpg,-2.7267222
images/rfmid/e3ad06324c75960a.jpg,-3.7883606
images/rfmid/7b1497afc4ed0301.jpg,-3.991159
images/rfmid/b252ef18d40f437b.jpg,-5.308128
images/rfmid/46a959c28f4e0b42.jpg,-4.1719675
images/rfmid/19e7d48add0d05e0.jpg,-3.1543097
images/rfmid/f490e5252240c353.jpg,-4.477387
images/rfmid/b0c3e3c2dbad7fd6.jpg,-3.9251885
images/rfmid/13db5f99b50db573.jpg,-3.8127942
images/rfmid/323da2e93c36d565.jpg,-5.8749866
images/rfmid/ba6ec7970d85a655.jpg,-5.0246987
images/rfmid/298debaafd15e6bb.jpg,-1.9927993
images/rfmid/c743cccd41aa2801.jpg,-2.4426823
images/rfmid/bac048b8758943a0.jpg,-3.843336
images/rfmid/d79d3a70950e891f.jpg,-5.1053295
images/rfmid/9208f263a6ba24f5.jpg,-1.0371418
images/rfmid/ee9716b9e7cd108c.jpg,-4.0131493
images/rfmid/1ac21e2b0bc98ec4.jpg,-4.531141
images/rfmid/0c8a5d9ffe207317.jpg,-4.325899
images/rfmid/471ee2e36c487b25.jpg,-0.6425398
images/rfmid/2c806d64d80c7806.jpg,-0.09156299
images/rfmid/89789f69cf634db4.jpg,-4.751043
images/rfmid/dc7c35dd3650dfdf.jpg,-1.537648
images/rfmid/d19be28fe4493b2b.jpg,1.0030605
images/rfmid/b4404ebd06877857.jpg,-3.6356506
images/rfmid/24d3bc7b45d78476.jpg,-3.0003781
images/rfmid/80809aa3ceedfa6a.jpg,-4.506707
images/rfmid/4c4e562734b3ceec.jpg,1.4257611
images/rfmid/28bc0fe00d82cf47.jpg,1.2718297
images/rfmid/4940e6dbb81a908e.jpg,-4.284362
images/rfmid/9e6776e31d9d2dbe.jpg,-2.1928492
images/rfmid/4217821b519860b2.jpg,-2.4921603
images/rfmid/780e49b2359c6ce1.jpg,-4.423633
images/rfmid/bbb75ca75070e031.jpg,-6.1364255
images/rfmid/eb8b3b0c642be767.jpg,-2.6912937
images/rfmid/5e92d6f35063e9f3.jpg,-4.616658
images/rfmid/7fc1fe3361022cac.jpg,-0.7225597
images/rfmid/0f3dfe75fc11a9a2.jpg,-2.2288885
images/rfmid/abad496ee9c11ddd.jpg,-3.7358284
images/rfmid/fc4559f51b210c8d.jpg,-5.5207
images/rfmid/9eb2c6e1172ef4b0.jpg,-2.7377176
images/rfmid/3359a6562ae536f4.jpg,-2.6198256
images/rfmid/e17b124232cd0d4e.jpg,0.16010273
images/rfmid/7181d822faf1d106.jpg,-1.2326102
images/rfmid/8ebbcb0493e711e7.jpg,-2.7157273
images/rfmid/c80a9f96b4f9516f.jpg,-1.4648436
images/rfmid/db71b36267b066ed.jpg,-5.0149255
images/rfmid/f42977cff12737d1.jpg,-1.9628682
images/rfmid/28df3a2f16b931ef.jpg,-3.810351
images/rfmid/f705802414e29ff4.jpg,-5.3032413
images/rfmid/4da11e1afd771775.jpg,-5.1419797
images/rfmid/b89b63c3636b85c1.jpg,-4.1524205
images/rfmid/f48a735ac0964f78.jpg,-2.7377176
images/rfmid/6b93bb273aead5bd.jpg,-3.5501332
images/rfmid/9e814deadcc83ea4.jpg,-6.0338044
images/rfmid/c7543d2ed251540d.jpg,2.0610337
images/rfmid/c4446ba1ef7d9a00.jpg,0.39588654
images/rfmid/24d7ffd94715d9c6.jpg,-2.5288105
images/rfmid/e80b9d6049d45860.jpg,-0.5698499
images/rfmid/fef20c4ff035aedd.jpg,1.164322
images/rfmid/bc7d46ee6a9c10b4.jpg,-5.9629474
images/rfmid/1fbe467360aeac6d.jpg,1.5992392
images/rfmid/c705a3a419c2b953.jpg,-4.8658805
images/rfmid/65bc01d9383d0e79.jpg,-4.7950234
images/rfmid/8d3f9931f2859b83.jpg,-5.4498425
images/rfmid/422f7c064e07957b.jpg,-5.6770744
images/rfmid/ee2da4b71c76d020.jpg,-4.215948
images/rfmid/05b57dd4cdb5cda2.jpg,-2.068238
images/rfmid/92f9828e8c7e1476.jpg,-4.386983
images/rfmid/483f72f423f1513e.jpg,-2.560574
images/rfmid/a08c26ceae365cce.jpg,1.1472186
images/rfmid/5e1cca49a72144b3.jpg,-3.8360062
images/rfmid/5d381742e96ff8d0.jpg,-4.1646376
images/rfmid/ad83a5bfd4d2ba37.jpg,-4.780363
images/rfmid/a20ccf9aff65e523.jpg,-3.680853
images/rfmid/c69aac7f90a5c358.jpg,0.4985075
images/rfmid/10b2d2266acbc6ef.jpg,1.5259386
images/rfmid/57feff8003086ddd.jpg,-1.5963649
images/rfmid/553d0cb3e03c8758.jpg,-3.050467
images/rfmid/3314370746781b9e.jpg,0.017166376
images/rfmid/0e272e30867c0b13.jpg,1.5552589
images/rfmid/6ad270d0c1337ea3.jpg,0.92975986
images/rfmid/4afcf72772562cba.jpg,0.5290494
images/rfmid/a9a1e6b261672d63.jpg,0.8479074
images/rfmid/95f2f3265107229f.jpg,-4.2965784
images/rfmid/cc89668b59bb095e.jpg,-3.9520655
images/rfmid/0647f7831bc46ae7.jpg,-4.9562845
images/rfmid/6d94f2f877600608.jpg,-4.2330513
images/rfmid/7f38bcb26cd01f1c.jpg,0.9639667
images/rfmid/fd0d731098f5ff34.jpg,0.50950253
images/rfmid/dfcd9ff9ed859dbf.jpg,0.811257
images/rfmid/989347dc88c7e34f.jpg,0.89310944
images/rfmid/b14b1468acd5fa52.jpg,-5.6770744
images/rfmid/5b3608f4105aabde.jpg,-4.936738
images/rfmid/d92e80dd71a5a6dc.jpg,-1.6493552
images/rfmid/603cab0f774e1185.jpg,-4.3820963
images/rfmid/1a042337e2a1e1e4.jpg,-4.0546865
images/rfmid/0f0b7eb292fc90d8.jpg,0.2065264
images/rfmid/fc8dba97da291551.jpg,0.53637946
images/rfmid/99a4dbce611668b8.jpg,-0.41103178
images/rfmid/469f5ace7aec158c.jpg,1.6603233
images/rfmid/d5e8abf30576b6b3.jpg,-0.99591017
images/rfmid/d2a44d18265a26d4.jpg,0.7965969
images/rfmid/520e94cf2c8c2641.jpg,0.90776956
images/rfmid/c28fecb8dd325138.jpg,1.144775
images/rfmid/60cbfdd9c1df47a2.jpg,-6.050908
images/rfmid/f186b4949ebc135e.jpg,-3.1824083
images/rfmid/ea6d9fc8f4d4e168.jpg,0.4826256
images/rfmid/c17b45e1695b59b9.jpg,0.69275415
images/rfmid/4f58baab2d8b3a2b.jpg,-4.066903
images/rfmid/9c618e1721f70045.jpg,0.97618353
images/rfmid/15b9e891dadfe294.jpg,2.2760491
images/rfmid/e525e1256898242c.jpg,-0.46050978
images/rfmid/ac0fe140befe37b6.jpg,-4.5384707
images/rfmid/35f1f3bd7292e48c.jpg,-4.303909
images/rfmid/bfde709afffba4b3.jpg,-4.4993773
images/rfmid/4ca67d70fc61798c.jpg,-3.3277879
images/rfmid/c5360ecd55c86e3e.jpg,-2.1910167
images/rfmid/032292158d37f60f.jpg,-4.9294076
images/rfmid/5ccee420c08d714d.jpg,-3.673523
images/rfmid/de2e326c8806521b.jpg,-4.0962234
images/rfmid/3d707b188bea6686.jpg,-2.8745456
images/rfmid/d29fdc93d7caafa3.jpg,-0.7506583
images/rfmid/c03fa2494b78c9d7.jpg,-0.89695424
images/rfmid/d491d2b0d64742c8.jpg,0.5999068
images/rfmid/282ad909c8973418.jpg,0.7098578
images/rfmid/8b31c1f7a653c1b7.jpg,-1.9439323
images/rfmid/f99360776e487927.jpg,-3.4523993
images/rfmid/3e789e70d04d34a6.jpg,-1.0169841
images/rfmid/5c04067739ae91c2.jpg,-1.0255358
images/rfmid/9ac696af4b5099dd.jpg,-3.0150385
images/rfmid/77ac8838eae92440.jpg,-2.1733022
images/rfmid/934a6e068df1514a.jpg,-2.6057763
images/rfmid/1a4ffd05935a240c.jpg,-0.09767139
images/rfmid/1412acb189d87023.jpg,-4.9953785
images/rfmid/d9397411fd52b810.jpg,-2.9881616
images/rfmid/460558166e851983.jpg,-5.1615267
images/rfmid/4d2eb14f271cdc53.jpg,-2.2362187
images/rfmid/21905911ede46fdf.jpg,-3.4487343
images/rfmid/3a88b9e6442b41f2.jpg,-3.2838078
images/rfmid/6920def7edc0aeb1.jpg,-3.5147047
images/rfmid/941b3bb1b59ddcb0.jpg,-3.1445363
images/rfmid/00484f93687c3517.jpg,-2.170248
images/rfmid/5e16c81b78c6a533.jpg,-1.6507295
images/rfmid/095dd1314eaa1c80.jpg,-4.1182137
images/rfmid/77d9b73794ea464c.jpg,-4.2281647
images/rfmid/d628db9744071605.jpg,-2.3315096
images/rfmid/25c33fc336d27f94.jpg,-3.407197
images/rfmid/f670f45f82d46240.jpg,-1.1759549
images/rfmid/3a6e7280427f8234.jpg,-3.9398484
images/rfmid/291adb039d651dcf.jpg,-4.3161254
images/rfmid/81d43840a630d4f4.jpg,-5.088226
images/rfmid/fb4bcc60c130c0d6.jpg,-2.446958
images/rfmid/23ca4a1bff1dddf2.jpg,-3.2056203
images/rfmid/49794dfcfbc3fe80.jpg,-5.110216
images/rfmid/4d75b390fc9b72a0.jpg,-4.284362
images/rfmid/db3226f4f745e94e.jpg,-1.634695
images/rfmid/47d18131d1fd0d38.jpg,-2.8476686
images/rfmid/f3bd1d0d097c4d74.jpg,-2.8672154
images/rfmid/cae9b37088f12bc2.jpg,-3.0333636
images/rfmid/7237bc0759fa6ff0.jpg,-3.9887156
images/rfmid/34238afdb37e0782.jpg,-4.9342947
images/rfmid/ca92374685de57d1.jpg,-5.054019
images/rfmid/fb9121cf3a2899dc.jpg,-1.666764
images/rfmid/504d8f0e70e986f5.jpg,-1.9500406
images/rfmid/6c34f820dca30980.jpg,-4.4602833
images/rfmid/198da8e01ae3195c.jpg,-5.115103
images/rfmid/da04f8f707059a69.jpg,-5.1737432
images/rfmid/a74a7fd8126d4755.jpg,-3.3949804
images/rfmid/1bf6477906cfb014.jpg,-3.9105282
images/rfmid/fe9dc362625c1a16.jpg,-5.4718328
images/rfmid/f7627e0e9eb5d765.jpg,-4.2892485
images/rfmid/14cff28dc722bc74.jpg,-3.7419367
images/rfmid/7ab2d5d44185ac69.jpg,-2.7780328
images/rfmid/c12e38a04a30ce23.jpg,-3.3705468
images/rfmid/ec09a894466cd369.jpg,-3.7358284
images/rfmid/656e62d9dc56b0ea.jpg,1.3280269
images/rfmid/28cc78beb169dc70.jpg,1.9315358
images/rfmid/8ef5456bfae97689.jpg,-2.6680818
images/rfmid/d791d69d6ea042ab.jpg,-3.2532656
images/rfmid/5540da1770306d4f.jpg,-3.5281434
images/rfmid/7dc483f44c570fad.jpg,-5.046689
images/rfmid/5314b6d32eaa138a.jpg,-4.597111
images/rfmid/46cabc0204e26727.jpg,-3.2508223
images/rfmid/4ed44d9e08046bd9.jpg,-2.6057763
images/rfmid/a6b436a31311ed3e.jpg,-4.6533084
images/rfmid/61940368c01b421e.jpg,-1.1050975
images/rfmid/ff3df9dd6920622b.jpg,-2.5941703
images/rfmid/1f9a715e2bd568bf.jpg,-4.9318514
images/rfmid/115c80a94e93416c.jpg,-4.10111
images/rfmid/a56bc98b63ae2a7e.jpg,-4.907418
images/rfmid/ccca4e51c958115b.jpg,-3.6099954
images/rfmid/9b2f348f0ba62a44.jpg,-3.4695024
images/rfmid/f7aaef4c9bbaa6b3.jpg,-2.1580315
images/rfmid/d764b347cd842762.jpg,-4.1182137
images/rfmid/c6a525ae36ba9c4a.jpg,-3.544025
images/rfmid/0f845781d02bacf5.jpg,-3.6832962
images/rfmid/52617fed5f1be970.jpg,-1.8016068
images/rfmid/ef3eb0d50852fde7.jpg,-4.267258
images/rfmid/3a00dd78db37a7c5.jpg,-3.1665263
images/rfmid/21d462f64b2082f3.jpg,-1.6713454
images/rfmid/4ab00c47445caf63.jpg,-2.1891842
images/rfmid/b3f3646e9c1a81ef.jpg,-1.2084821
images/rfmid/d2d75d1e7debb64a.jpg,-2.2380512
images/rfmid/f4d3459262973539.jpg,-2.2472138
images/rfmid/3fcbc7cfde432b1a.jpg,-2.5819535
images/rfmid/b9497c718852609b.jpg,-5.7332716
images/rfmid/d4e53942c7cca593.jpg,-3.324123
images/rfmid/b39bc52089a752d6.jpg,-4.506707
images/rfmid/73954fdb30f0818c.jpg,-5.4718328
images/rfmid/a978f4fb38a48f95.jpg,-5.327675
images/rfmid/bef32923b14dc38b.jpg,-2.4414606
images/rfmid/e5d4cca9113029ec.jpg,-3.0125952
images/rfmid/8f40ee528d47f035.jpg,-0.7280572
images/rfmid/c09f28a50d4d9bec.jpg,-4.06446
images/rfmid/3ae7d08f56e4cd16.jpg,-4.787693
images/rfmid/ec464ab567d5e73f.jpg,-4.291692
images/rfmid/93546e5826deb818.jpg,-3.7578187
images/rfmid/2fe34e214e423d22.jpg,-4.3087955
images/rfmid/388fce2b17e82ff7.jpg,-4.621545
images/rfmid/8f43e4b279630112.jpg,-4.936738
images/rfmid/f53ee266dabf5234.jpg,-1.9744742
images/rfmid/b206a3307df1607b.jpg,-0.94062924
images/rfmid/c2bf91e7f7e1f22a.jpg,-1.6440103
images/rfmid/a77268309906d93f.jpg,-2.6509783
images/rfmid/f1a6fe110c88c78b.jpg,-5.1590834
images/rfmid/725c297f5ea19ca4.jpg,-4.875654
images/rfmid/1d4e30b39c8d291a.jpg,-3.8286757
images/rfmid/340da27e2cf5933d.jpg,-3.434074
images/rfmid/24b2f923012d32bd.jpg,-1.7295277
images/rfmid/3cff57d8af90d9d8.jpg,-5.073566
images/rfmid/db4feee0265de808.jpg,-2.7719245
images/rfmid/76f7d0f8207b6879.jpg,-2.2856967
images/rfmid/1be5966f4c8d0077.jpg,-3.0260334
images/rfmid/abe6ca9a202d522c.jpg,-2.4884953
images/rfmid/27b95eab279a56d2.jpg,-2.4090862
images/rfmid/e61e0967178515d0.jpg,-2.523313
images/rfmid/182701e2e9f1b7a6.jpg,-3.2312756
images/rfmid/7505e675b9f13651.jpg,-4.6264315
images/rfmid/c36ac26516378a15.jpg,-5.2494874
images/rfmid/1bcfb91eeb157e16.jpg,-3.2349405
images/rfmid/904633c55c57f201.jpg,-5.684405
images/rfmid/a72f5081dcc75cb4.jpg,-5.5597935
images/rfmid/8bf366130af3c7f5.jpg,-0.31818426
images/rfmid/6202e810c99e9870.jpg,-1.4431589
images/rfmid/9482561cf6e7b6ca.jpg,-2.4768891
images/rfmid/20f1eca0863552e7.jpg,-1.772592
images/rfmid/c65d44493349eb8a.jpg,-4.0009327
images/rfmid/01db19479894956c.jpg,-3.2605958
images/rfmid/013ec7f44d4c487b.jpg,-0.73844147
images/rfmid/673eee72fc2f4358.jpg,0.009836316
images/rfmid/673634e0b8b33b0c.jpg,-0.24488354
images/rfmid/ecd74aa39ec0847d.jpg,-0.56251985
images/rfmid/af42d85f3c9f9db5.jpg,-1.0976148
images/rfmid/a22bbab9df0150bb.jpg,-5.247044
images/rfmid/1afd8133efc2ec52.jpg,-3.449956
images/rfmid/b91cbf0d74baf492.jpg,-5.7454886
images/rfmid/c8900921daae712e.jpg,-4.9342947
images/rfmid/63de702ac0f6a071.jpg,-5.5988874
images/rfmid/bf2c79a67c7b4988.jpg,-3.1298761
images/rfmid/f5cb1fa3de579b47.jpg,-1.4136
images/rfmid/f6b1bd4ea61c3fb0.jpg,-4.3698792
images/rfmid/00201cf5e9b511bd.jpg,-2.028228
images/rfmid/1e9ac09586d7be7c.jpg,-1.0395851
images/rfmid/8dfed46415e5cf37.jpg,-4.189071
images/rfmid/9f5defef952ba9cf.jpg,-3.803021
images/rfmid/e7268ddf8fcd4028.jpg,-2.9539547
images/rfmid/de21b20018563739.jpg,-2.6021113
images/rfmid/0bc38ff5a2ca368d.jpg,-2.037696
images/rfmid/57e2eeb7e6e4770a.jpg,-2.895314
images/rfmid/ea6073791cc656cc.jpg,-3.9300752
images/rfmid/5d85f31a2ff5f9f4.jpg,-4.3161254
images/rfmid/b93d5d8990c9f73d.jpg,-1.5445962
images/rfmid/255755b968435a9b.jpg,-1.8407004
images/rfmid/05d9955e6374240c.jpg,0.23096001
images/rfmid/3f1f8653ccd3f06e.jpg,-3.0785656
images/rfmid/86b170d4daeb6db7.jpg,-4.641092
images/rfmid/90c611db3a651142.jpg,-2.8855405
images/rfmid/adf00fc3b5330dd1.jpg,-1.7722865
images/rfmid/f3522be0258c9122.jpg,-2.037696
images/rfmid/4effd2fa94196284.jpg,-4.870767
images/rfmid/5cf9725535f4e903.jpg,-5.569567
images/rfmid/7881cbe0661780e3.jpg,-4.311239
images/rfmid/48c0f076727b6723.jpg,-3.316793
images/rfmid/23e151074c335779.jpg,-2.0816765
images/rfmid/439c00a63086d517.jpg,-3.7346067
images/rfmid/9a75e503a4979167.jpg,-4.973388
images/rfmid/4aba5b3f8d250aba.jpg,-1.9885235
images/rfmid/71351ba9c2eaf2e0.jpg,-2.303411
images/rfmid/30baae111e7d8c59.jpg,-4.4553967
images/rfmid/544c0b51907bc1cd.jpg,-4.0326962
images/rfmid/64c87c0a10b07619.jpg,-4.597111
images/rfmid/8c2538205e799752.jpg,-2.9527328
images/rfmid/b204fb607106e647.jpg,-0.73905236
images/rfmid/e87ee3f8658af2ea.jpg,-0.8716044
images/rfmid/cd0c80717d2f529a.jpg,-0.6443723
images/rfmid/5833b5190a8b5a46.jpg,-3.9716125
images/rfmid/c87b412eac9f9f3f.jpg,-4.105997
images/rfmid/e61f8ac1c91883a6.jpg,-4.1817408
images/rfmid/2916abdff5631eb2.jpg,-7.111325
images/rfmid/a1c2d1ab07ab41af.jpg,-4.3723226
images/rfmid/4ed23c43b9543f0a.jpg,-3.3815417
images/rfmid/d02215fe46212057.jpg,-4.1182137
images/rfmid/b628ae9bdf455a99.jpg,-2.7279441
images/rfmid/0b9f773fe11ae16e.jpg,-4.3698792
images/rfmid/5dcd2a97e72040bc.jpg,-1.9595087
images/rfmid/691086138ae18c00.jpg,-4.7290525
images/rfmid/b426c6210ef246ee.jpg,-2.481776
images/rfmid/0f6177bae2b228c2.jpg,-2.7609293
images/rfmid/c41c80bcdbac264c.jpg,-2.140317
images/rfmid/71cd154278085444.jpg,-3.8384495
images/rfmid/15151f66d109aaf0.jpg,-4.5384707
images/rfmid/f4f1ba8428c789fb.jpg,-3.6283207
images/rfmid/9011f1ea0ffc18f3.jpg,-3.9056416
images/rfmid/8480c7285e5406ce.jpg,-1.8917055
images/rfmid/867dc56be92d3e61.jpg,-1.3499677
images/rfmid/d1e4f0bff3c829e5.jpg,-3.1970685
images/rfmid/91791a774818754e.jpg,-5.122433
images/rfmid/36c4e8ca669031f1.jpg,-5.691735
images/rfmid/2cb25ff71eee1787.jpg,-5.537803
images/rfmid/44da31da7cf37adf.jpg,-4.3649926
images/rfmid/1a8d37ffc2f92911.jpg,-4.06446
images/rfmid/0ce53e92baa8c9b4.jpg,-3.4047537
images/rfmid/cab69bcd0a53f834.jpg,-2.713284
images/rfmid/d3b8817b22e05cc9.jpg,-2.341283
images/rfmid/cc292c45f5c78dac.jpg,-1.6195767
images/rfmid/f0d1ef074e8cd96a.jpg,-2.5330863
images/rfmid/08e2346c4a5aeeee.jpg,-3.2764773
images/rfmid/363a345c8baff0e4.jpg,-2.2130067
images/rfmid/1ba7ea0a816d4cf3.jpg,-2.9270778
images/rfmid/7fb2bb000bdf0144.jpg,-3.9813857
images/rfmid/4e58a383a1e7f28e.jpg,-4.580008
images/rfmid/6141dbfd555313a5.jpg,-2.9258559
images/rfmid/7766b8d6b180de34.jpg,-0.036587477
images/rfmid/d6bb99be041ad2e6.jpg,0.64388716
images/rfmid/a294233a8d7a5b01.jpg,-4.853664
images/rfmid/3b2c9a2b94e2826a.jpg,-1.6114831
images/rfmid/3eb9846958aff0ac.jpg,-3.0174818
images/rfmid/13af2febe1ebcf21.jpg,-5.804129
images/rfmid/5905bc038d338750.jpg,-4.2623715
images/rfmid/633e5ce71e50c107.jpg,-4.4382935
images/rfmid/b37bb13e0879a6ac.jpg,-5.046689
images/rfmid/06fbab56ec3baceb.jpg,-4.7559295
images/rfmid/288c2ad2012aeb75.jpg,-1.3969975
images/rfmid/8362180899a5eab6.jpg,-2.8366733
images/rfmid/e68614eeef5513e5.jpg,-3.3815417
images/rfmid/300ee04fe5d03ca8.jpg,-3.8335629
images/rfmid/a422a75058a07667.jpg,-1.7536559
images/rfmid/d9dc9545b2989589.jpg,-4.242825
images/rfmid/23e09f67a1655f7e.jpg,-1.7104391
images/rfmid/8f2cdfeb793e52fd.jpg,1.0274941
images/rfmid/ee2eb0b293c07ddf.jpg,-2.3156278
images/rfmid/dd42784ef173edcf.jpg,-0.979112
images/rfmid/88a326944bece6bd.jpg,-3.6759663
images/rfmid/92a0959b5b9d8242.jpg,-4.2550416
images/rfmid/30c548e575651e41.jpg,-3.5586853
images/rfmid/f2282b68b0ffec99.jpg,-2.7694812
images/rfmid/30219a08cc2e836d.jpg,-4.462727
images/rfmid/964d75ed63554093.jpg,-3.1078858
images/rfmid/80b0a0841c31d1c6.jpg,-2.264928
images/rfmid/9701e1b0e955ed7d.jpg,-4.5091505
images/rfmid/9e698b1a4dab2b73.jpg,-5.0320287
images/rfmid/ddea637ebf72190b.jpg,-4.6117716
images/rfmid/c845087c358fe991.jpg,-3.1518664
images/rfmid/2d9e5f0f4f4de2a5.jpg,-3.4206357
images/rfmid/e9e84c5efdb1ca14.jpg,-4.174411
images/rfmid/9f31f250d22db69b.jpg,-0.9097818
images/rfmid/2a8170297a0d7e1e.jpg,-4.6117716
images/rfmid/fce3432e2a09b7ac.jpg,-5.1493096
images/rfmid/6de077c25660a322.jpg,-4.45784
images/rfmid/10ab7a47739effc9.jpg,-1.7918334
images/rfmid/4ee06f5816fc6dc7.jpg,-5.9776073
images/rfmid/ee08ad193bedd809.jpg,-3.3668818
images/rfmid/165e7098ba98dacd.jpg,-3.0406938
images/rfmid/6d4f08c9b7c92c32.jpg,-3.1848516
images/rfmid/7b39e3829246bcbb.jpg,-1.9628682
images/rfmid/05dc83d749dad843.jpg,-0.07445955
images/rfmid/524922d9950a993b.jpg,-3.3045762
images/rfmid/b3702635fc41de54.jpg,-4.3698792
images/rfmid/9556a1e568531374.jpg,-3.361995
images/rfmid/2668ec24139f0024.jpg,-3.9887156
images/rfmid/33a88df46a207ac8.jpg,-2.5544658
images/rfmid/c264b2e44e25ae14.jpg,-2.037696
images/rfmid/6b4ef20cd3463cd9.jpg,-5.0589056
images/rfmid/fc1b423f12ba4861.jpg,-3.0858958
images/rfmid/ccc7fec0f7b78d6f.jpg,-4.010706
images/rfmid/011befedfc6ea8ee.jpg,-4.7681465
images/rfmid/07c85559ac1a686b.jpg,-1.9986024
images/rfmid/884ccfc38bf4dff5.jpg,-2.9796097
images/rfmid/6f6ccc0b6115f52a.jpg,-3.8335629
images/rfmid/2143d152c9171986.jpg,-4.267258
images/rfmid/9e356f82f115f577.jpg,-4.9147477
images/rfmid/68920523e7c7cf07.jpg,-3.8567743
images/rfmid/d204e360bbf511c3.jpg,-4.4456234
images/rfmid/836ab8f5ef0f34e5.jpg,-5.645311
images/rfmid/67fa7058742adf81.jpg,-4.6850724
images/rfmid/f249d8646fd98e17.jpg,-6.214613
images/rfmid/26117f6e752bfbc5.jpg,-5.017369
images/rfmid/1b62d3809d844226.jpg,-2.8745456
images/rfmid/94732250875ca3f4.jpg,-3.0724573
images/rfmid/802c8b497452ba6e.jpg,-1.5763599
images/rfmid/cf361cce7aaa3b51.jpg,-4.8194566
images/rfmid/0e10bed7d5b32b53.jpg,-0.4629531
images/rfmid/c8f4b423b21d177a.jpg,-5.110216
images/rfmid/13e75649022e9bd3.jpg,-5.20062
images/rfmid/eec4f726a83341e5.jpg,-0.5722933
images/rfmid/c0d14f2e74c45379.jpg,-3.1653047
images/rfmid/75d34e7aafbc9d38.jpg,-6.6324267
images/rfmid/853df19da9f8cb47.jpg,-5.12732
images/rfmid/aeaf87b957f77995.jpg,-2.895314
images/rfmid/2e19328f90177cce.jpg,-2.7035105
images/rfmid/71452803945efa4a.jpg,-5.0711226
images/rfmid/670097b7f4c4ac23.jpg,-3.749267
images/rfmid/1c0dd70ba31e6296.jpg,-3.8836513
images/rfmid/75845a391c934c11.jpg,-0.84564376
images/rfmid/dff3da3805d56eaa.jpg,-4.367436
images/rfmid/0b05bdb0b74507d8.jpg,-4.7681465
images/rfmid/f7308fccb0f6ae3b.jpg,-4.80724
images/rfmid/934c399e233bbb97.jpg,-4.018036
images/rfmid/af5de6fb66d04629.jpg,-2.0215087
images/rfmid/cb450eedc3de7156.jpg,-3.7113948
images/rfmid/9e9ccba53aeb0db4.jpg,-3.8763213
images/rfmid/8a93867c2d005e05.jpg,-4.267258
images/rfmid/b9f812c5f8e90fa0.jpg,-4.660639
images/rfmid/67fec22762b76b98.jpg,-4.13043
images/rfmid/85c330e23d63f3b1.jpg,-5.427852
images/rfmid/b8d13a8ac350a8ad.jpg,-3.69307
images/rfmid/909ca4620452bc1f.jpg,-4.3454456
images/rfmid/a432f690e7418ff5.jpg,-1.8956759
images/rfmid/7edf1c95ba83de6b.jpg,-0.91436315
images/rfmid/56f044b492ab972d.jpg,1.2693862
images/rfmid/ee9995a4edf27ea0.jpg,-4.147534
images/rfmid/a048cc53d07913ae.jpg,-0.5722933
images/rfmid/11f3f90120233d43.jpg,-1.8950651
images/rfmid/21fc7f663fbdea95.jpg,-4.284362
images/rfmid/af11a9d2024d8d9c.jpg,-1.8507793
images/rfmid/d7ea688b16d61e53.jpg,-3.7187247
images/rfmid/3125ee519a4db660.jpg,-1.2355118
images/rfmid/a30a6fa6999d3e2f.jpg,-3.996046
images/rfmid/163eaecf2f76e39c.jpg,-3.7785873
images/rfmid/afe1adf93bb9cb1e.jpg,-5.694178
images/rfmid/faca771cd8f1b53e.jpg,-5.129763
images/rfmid/583808e5f71848fd.jpg,-4.44318
images/rfmid/dcfafb2e89c8e1db.jpg,-4.306352
images/rfmid/729d8e0794d5e27b.jpg,-2.1311545
images/rfmid/031809a2351a2c33.jpg,-2.3626623
images/rfmid/d96b7ddd72633a22.jpg,-5.300798
images/rfmid/2cdc812868223d97.jpg,-2.5367515
images/rfmid/1cd14c1660f1829b.jpg,-0.7433282
images/rfmid/768f079ac7a330e3.jpg,-4.1719675
images/rfmid/9b78d8ee04b7bc4f.jpg,-4.45051
images/rfmid/b6e8f26c2d1ef99a.jpg,-4.074233
images/rfmid/1d0f140165f9a43b.jpg,-3.7981339
images/rfmid/d8fae5ca5291a1ea.jpg,-4.6801853
images/rfmid/86791dac50dd13bd.jpg,-4.9831614
images/rfmid/74f156ecae59daff.jpg,-5.376542
images/rfmid/bacbe365d8b1918f.jpg,-4.826787
images/rfmid/9210433799e7996d.jpg,-4.267258
images/rfmid/6cea285554a22835.jpg,-4.423633
images/rfmid/cc156a49ea76729d.jpg,-2.83423
images/rfmid/d98693e72126cd44.jpg,-3.8494444
images/rfmid/4c9929f0a901467e.jpg,-0.9739199
images/rfmid/c80c9577b60517cf.jpg,-5.0442457
images/rfmid/46923fbf22e3ce3d.jpg,-4.0058193
images/rfmid/acbd1c7a81400790.jpg,-2.4561207
images/rfmid/b5213dc1d9349712.jpg,-4.9196343
images/rfmid/ff5f33dc8cc23717.jpg,-3.0028217
images/rfmid/c41386a0e3376aae.jpg,-4.8170133
images/rfmid/2ed29f75bfe084d0.jpg,-1.1394572
images/rfmid/8101ba729ee9a580.jpg,-1.7405229
images/rfmid/738233bfb3b03bc1.jpg,-3.187295
images/rfmid/d635fee00327495e.jpg,-2.4353523
images/rfmid/687aa00d961150eb.jpg,-2.3351746
images/rfmid/91eabff9b802b907.jpg,-2.4035885
images/rfmid/207f946d4cd4eb83.jpg,-3.473168
images/rfmid/40713e1e58319baa.jpg,-3.0162601
images/rfmid/db4007566de1c974.jpg,-4.1621943
images/rfmid/e613ca8e72b4820b.jpg,-4.6850724
images/rfmid/71932cec82323182.jpg,-4.2550416
images/rfmid/c534c093a2ea4157.jpg,-1.6081235
images/rfmid/a2c31d56cb47678d.jpg,-3.1934032
images/rfmid/268b74681d59b0ca.jpg,-4.2892485
images/rfmid/8e17954d54819b24.jpg,-4.3283424
images/rfmid/05ed99b7d6cea3b6.jpg,-0.6138303
images/rfmid/19a30e84e924ab5f.jpg,-1.8257349
images/rfmid/1d9d59f318453c2e.jpg,-3.8286757
images/rfmid/6633b8caa0e45939.jpg,-4.167081
images/rfmid/bfb25a4ca627efc2.jpg,-2.4316874
images/rfmid/b516caf69c40eeae.jpg,-3.7956905
images/rfmid/db7032e8cf5070be.jpg,-4.8952007
images/rfmid/e17100897f5e6267.jpg,-3.983829
images/rfmid/26a41531730cb9bf.jpg,1.0910212
images/rfmid/192c54ca650a2066.jpg,-3.3864284
images/rfmid/34cfb8d22c42cb36.jpg,-0.6828551
images/rfmid/ad714d545922ae89.jpg,-4.237938
images/rfmid/3cd7766bd2e3fcd8.jpg,-5.7503753
images/rfmid/a28420d73c2ac6b8.jpg,-1.3212583
images/rfmid/3794853467353f32.jpg,-6.6031065
images/rfmid/ccc90d8d61dcce53.jpg,-3.2679257
images/rfmid/1fb37253b5e7db63.jpg,-4.5213675
images/rfmid/cbb74c65f30cd71f.jpg,-4.79258
images/rfmid/fb4c527221239290.jpg,-3.9105282
images/rfmid/72e91d0fbe782313.jpg,-3.8384495
images/rfmid/9bd8475aa8fe7c6f.jpg,-2.500712
images/rfmid/1fc75ba7558eccf4.jpg,-4.980718
images/rfmid/64901571961477a3.jpg,-5.3325615
images/rfmid/93aee88548e9e295.jpg,-3.9496222
images/rfmid/da33c60490865f0c.jpg,-4.13043
images/rfmid/268d05eec31b99ce.jpg,-5.0149255
images/rfmid/7751e8dcd9227578.jpg,-5.8285627
images/rfmid/fdf9d8e66e37e3ae.jpg,-4.7363825
images/rfmid/0899938464186089.jpg,-2.4390173
images/rfmid/392b5686228a7721.jpg,-4.1182137
images/rfmid/92dc908948d7845a.jpg,-5.659971
images/rfmid/72198c02adbce7a4.jpg,-1.8376462
images/rfmid/0082fc7771738f48.jpg,-3.9251885
images/rfmid/6119d724b70767ea.jpg,-5.691735
images/rfmid/e43fa9b5fc4b680d.jpg,-3.6637492
images/rfmid/55e48fb0a9b555be.jpg,-1.6857
images/rfmid/2a2708c4ee77c470.jpg,-2.296081
images/rfmid/1700a579a6f7a6e5.jpg,-1.9778337
images/rfmid/a761a8c656bf80a4.jpg,-4.311239
images/rfmid/ab00e491d21d67ae.jpg,-4.2012877
images/rfmid/4303715e367e23ad.jpg,-2.754821
images/rfmid/dc80241f4101dada.jpg,-1.6403452
images/rfmid/30c6cf2a4fd5a7e0.jpg,-2.8745456
images/rfmid/701dec990e3a6d31.jpg,-1.6435522
images/rfmid/d0f5b57a612e2749.jpg,-0.18441057
images/rfmid/36afac723b4050fb.jpg,-3.1042209
images/rfmid/7b5e986ced5803fa.jpg,-2.352889
images/rfmid/65442253e67aabda.jpg,-3.2080636
images/rfmid/35603391bb939a08.jpg,0.04159987
images/rfmid/534f8b17362de5ba.jpg,-0.89145666
images/rfmid/4319bba18cf92514.jpg,-2.4084754
images/rfmid/23c5ae59f8701f61.jpg,1.0458192
images/rfmid/6664823432fff39a.jpg,-1.3542818
images/rfmid/08330ce211f06494.jpg,-2.0089865
images/rfmid/19dc8135032b1d87.jpg,-3.6820745
images/rfmid/b9d1314db6511c68.jpg,-4.462727
images/rfmid/9525ea95e7b80ede.jpg,-4.606885
images/rfmid/a083443e95704d59.jpg,-2.0511346
images/rfmid/6510feb076ade4e4.jpg,-3.8763213
images/rfmid/0e6873317fef4f70.jpg,-1.2562039
images/rfmid/5f30b8f486a46525.jpg,-2.3504455
images/rfmid/b6c3bc393e27b714.jpg,-2.147036
images/rfmid/9a565f4b0052c4ca.jpg,-0.6571999
images/rfmid/5b4265a46817f71a.jpg,-3.6955132
images/rfmid/8eb1c8efd3f63e9a.jpg,-3.2166152
images/rfmid/d0c07a290fbf4e53.jpg,-2.7499342
images/rfmid/afd9f4c1926bf1f4.jpg,-3.1396496
images/rfmid/ca3324b7669771c9.jpg,-3.73705
images/rfmid/f88d6d08d0812636.jpg,-5.459616
images/rfmid/48d2f47739e73a91.jpg,-5.1053295
images/rfmid/c926675f5b5368d6.jpg,0.54859626
images/rfmid/9bb72c4fafefa3f7.jpg,-4.951398
images/rfmid/34330963e20d0ae9.jpg,-3.6087737
images/rfmid/9804248728c95934.jpg,-4.040026
images/rfmid/df507d4ae0a1c6b5.jpg,-3.8763213
images/rfmid/d4db261dc43d4209.jpg,1.3817807
images/rfmid/871f69db1ccd8b07.jpg,-5.6526413
images/rfmid/08fd743912797c30.jpg,-3.1921816
images/rfmid/c968ec5bc1277172.jpg,-5.4864926
images/rfmid/994a3517927b0671.jpg,-4.4065294
images/rfmid/ff864c85a9242a36.jpg,-4.3430023
images/rfmid/879a712262d22f24.jpg,-5.2714777
images/rfmid/2e935f4549f99933.jpg,-4.030253
images/rfmid/32d1bec8ecff00cf.jpg,-3.0920043
images/rfmid/43c73cdf2ac9ac18.jpg,-6.158416
images/rfmid/9397202b314f0dce.jpg,-5.0760093
images/rfmid/f31b16e1f0f76a1b.jpg,-1.7774787
images/rfmid/db9bb744c8e5bfdc.jpg,-0.60283524
images/rfmid/c34c781705ab2ae7.jpg,-0.8490034
images/rfmid/d01d06b169d38b23.jpg,-0.8514467
images/rfmid/7c0973b92e6fc5d6.jpg,-4.0815635
images/rfmid/d09d6a3ded860138.jpg,-4.9294076
images/rfmid/d3c2b65658c4a516.jpg,-2.148258
images/rfmid/edadfaa6c43745ff.jpg,-2.626545
images/rfmid/8d2614d9d7a60eb2.jpg,-5.0393586
images/rfmid/f30d4e208a0e878e.jpg,0.17354107
images/rfmid/94a085fb534b5f84.jpg,-3.9227452
images/rfmid/28f37fe9b43f750d.jpg,-6.5542393
images/rfmid/a272a719b34e56c1.jpg,-1.6424832
images/rfmid/7e3b7be3670107aa.jpg,-2.9344077
images/rfmid/034a12d7f922be0d.jpg,0.0049495697
images/rfmid/282a00724a8cfe58.jpg,-4.3307858
images/rfmid/a4fac5d5c1dff782.jpg,-5.4962664
images/rfmid/34a73d2e8b0b8f85.jpg,-5.9702773
images/rfmid/3a007aa56a4e7df4.jpg,-5.7894692
images/rfmid/777510c8898e2dc2.jpg,-5.918967
images/rfmid/5a627c03213884d3.jpg,-4.992935
images/rfmid/1b743881270ac1c9.jpg,-4.841447
images/rfmid/55a077e698ba5324.jpg,-4.8194566
images/rfmid/78bf9530e1a50ca8.jpg,-3.419414
images/rfmid/43c6878580c4e3fe.jpg,-4.6801853
images/rfmid/1a5bcd4be765bf50.jpg,0.9969522
images/rfmid/9284b07608f66733.jpg,-0.5790125
images/rfmid/78de6ea1b16b4c40.jpg,-6.016701
images/rfmid/48fc993923488086.jpg,1.2254058
images/rfmid/2d6b36f896d7e78a.jpg,0.9395331
images/rfmid/8ef9743dd4d8ab80.jpg,-4.2965784
images/rfmid/f99b637de3c337e0.jpg,-4.531141
images/rfmid/3cc0f6d2e80f384f.jpg,-1.52001
images/rfmid/3a87bddd59e027e0.jpg,-1.717311
images/rfmid/902939b257b620e3.jpg,-3.0101519
images/rfmid/600c8889348756f5.jpg,-0.55641145
images/rfmid/cdaa6199b63ee771.jpg,1.631003
images/rfmid/6adfca6fbeac409d.jpg,1.4966184
images/rfmid/889fdc138d324fc9.jpg,-2.1836865
images/rfmid/bf37df807ad512e0.jpg,-3.0003781
images/rfmid/a8b5e7fc6f02a6bb.jpg,-3.4768329
images/rfmid/ade26b833c5132f4.jpg,-4.7681465
images/rfmid/81e13ea9628d791a.jpg,-5.0784526
images/rfmid/63d6dd2365298d27.jpg,-4.636205
images/rfmid/36cb9533281fa1c6.jpg,-4.5555744
images/rfmid/52784ae44a58156b.jpg,-2.9527328
images/rfmid/e23df4854c08005c.jpg,-2.413362
images/rfmid/7449ac195f8126e2.jpg,0.63900054
images/rfmid/ae593cdcb00a97a1.jpg,-2.633264
images/rfmid/bac2938fce683cc4.jpg,-3.316793
images/rfmid/4fcd5003a3aafd1a.jpg,-4.066903
images/rfmid/5addb47f56185096.jpg,-5.6624146
images/rfmid/284207b915aacb37.jpg,-5.508483
images/rfmid/1db220f13a02c240.jpg,-1.6401925
images/rfmid/d12bc2b553d95f58.jpg,-2.7462692
images/rfmid/27dfcb5fd684d636.jpg,-5.774809
images/rfmid/742470c245482663.jpg,-3.646646
images/rfmid/898a28f6b8fa0b5f.jpg,-2.121381
images/rfmid/d3e4d37e500e1747.jpg,-6.544466
images/rfmid/7cff27c30a82a726.jpg,-4.018036
images/rfmid/436ed0375229bea5.jpg,-2.9722795
images/rfmid/d4460d7f0878bab7.jpg,-4.0155926
images/rfmid/1e67feac2fae92ef.jpg,-4.8390036
images/rfmid/2a9e01b14a25b509.jpg,-4.746156
images/rfmid/8b8e10acadad8a1c.jpg,-3.4756112
images/rfmid/7e0f4f1f8831b6e9.jpg,-3.54769
images/rfmid/0e1fb819da154eec.jpg,-4.743713
images/rfmid/1b5d937a89b2fccf.jpg,-4.189071
images/rfmid/12e03769cd784fdb.jpg,-2.553855
images/rfmid/9cf65397b85eb89b.jpg,-3.9447355
images/rfmid/33c3c9f3e1df65fa.jpg,-4.313682
images/rfmid/bbe3e75eb4eeb962.jpg,-2.310741
images/rfmid/6851d217bec6ffd2.jpg,-2.0975583
images/rfmid/bec0117738636344.jpg,-4.9416246
images/rfmid/306cb8af5a47d026.jpg,-1.6563798
images/rfmid/9fbc87daae82fb46.jpg,-5.102886
images/rfmid/d8e55eb417811b23.jpg,-5.645311
images/rfmid/a7c258d3a19a991c.jpg,-5.6208773
images/rfmid/3e76fa9cb4ee5d0a.jpg,-1.4483128
images/rfmid/cf2c690da669473d.jpg,-0.8838212
images/rfmid/cf125d66430ce0ab.jpg,-2.583786
images/rfmid/c6117db6c5bea79c.jpg,-2.763373
images/rfmid/9acb7a9de38fd63a.jpg,-3.1750784
images/rfmid/3e6c07196dd21b5e.jpg,-4.616658
images/rfmid/eff7d0bf0a83584c.jpg,-5.5940003
images/rfmid/5f170fc37d933399.jpg,-3.9080849
images/rfmid/d6627b43cc6dbf61.jpg,-2.5318646
images/rfmid/9aae94ba36c27b60.jpg,-1.0255358
images/rfmid/96d6748013e53ecf.jpg,-3.0406938
images/rfmid/906f0f10719ff87a.jpg,-3.2801425
images/rfmid/60ed2001fd4bd098.jpg,-3.2923594
images/rfmid/7b34891625255c2f.jpg,-5.948287
images/rfmid/a8d53997ee95942c.jpg,-4.184184
images/rfmid/31d2d82cd08c4db7.jpg,-2.6497567
images/rfmid/fea084f2a0f3af36.jpg,-1.2811719
images/rfmid/3ff2629818bee8b1.jpg,-5.444956
images/rfmid/823af131e514c6f1.jpg,-2.9063091
images/rfmid/175f66c4ea2db341.jpg,-2.3345637
images/rfmid/daafd735cf0ec74e.jpg,-5.3667684
images/rfmid/baff56855a7917dc.jpg,-3.3082411
images/rfmid/5c1591f29a2e9438.jpg,-0.6138303
images/rfmid/318013822a4c0b76.jpg,-2.8549986
images/rfmid/52fbd19cf3f90a86.jpg,0.025718093
images/rfmid/71fc41bb381b97aa.jpg,-3.6258774
images/rfmid/db955d89d7f4a52c.jpg,-2.3651056
images/rfmid/6c1222238f056a63.jpg,-3.4047537
images/rfmid/70294c25ff735c21.jpg,-4.7852497
images/rfmid/c7366928043b794d.jpg,0.6145669
images/rfmid/3302e8f58190fef9.jpg,-3.7859173
images/rfmid/7518be3d3a42eedb.jpg,-4.5995545
images/rfmid/523fdf7595ce9bf5.jpg,-4.897644
images/rfmid/2209943d4a603ab0.jpg,-5.7601485
images/rfmid/014fac7f0da34ebb.jpg,-5.122433
images/rfmid/8a70583b1fcb6373.jpg,-3.6796312
images/rfmid/aab4ad19d02dd0b6.jpg,0.8845576
images/rfmid/aac33993907668b4.jpg,0.45941377
images/rfmid/7d6eb0d98d76c2bf.jpg,-5.2152805
images/rfmid/5cd99e79616486d2.jpg,-5.6257644
images/rfmid/a0c555e748552738.jpg,-5.664858
images/rfmid/28f43312b2e08669.jpg,-5.237271
images/rfmid/808296e7a073ce1d.jpg,-2.4115295
images/rfmid/4b133622a9e5f27c.jpg,-5.5964437
images/rfmid/710d347243c99cf8.jpg,-2.432909
images/rfmid/b3fc0b72453f96f2.jpg,-5.237271
images/rfmid/dc94d6c953ba9a80.jpg,-0.793417
images/rfmid/aa655b77ce6132e7.jpg,-3.8091292
images/rfmid/bb074198499b2b51.jpg,-5.063792
images/rfmid/2126e3df81e3e044.jpg,-5.227497
images/rfmid/308bb33cfb228dfa.jpg,-5.6819615
images/rfmid/843f006776180441.jpg,-4.870767
images/rfmid/e36daa51f7485015.jpg,-4.6313186
images/rfmid/2a00995d5fd6bbc0.jpg,-3.2483788
images/rfmid/44caf726d02ee071.jpg,-2.2288885
images/rfmid/cd076188bc9f14a6.jpg,-3.3094628
images/rfmid/efd698264db5dd02.jpg,-5.391202
images/rfmid/3c9a594ce02a5a16.jpg,-1.7793112
images/rfmid/443669c78448628e.jpg,-3.673523
images/rfmid/540b68a9c905c763.jpg,-4.890314
images/rfmid/8be16bb7a7eecbe8.jpg,-4.8365602
images/rfmid/c232ce429fc5e7ed.jpg,-4.1597505
images/rfmid/eda8fc28c54bf517.jpg,-2.9661713
images/rfmid/5b3d86554998576e.jpg,-4.377209
images/rfmid/eb8d8f89a97d52fb.jpg,-4.404086
images/rfmid/2156cfe30bc4273e.jpg,-3.583119
images/rfmid/f8cf627e0c4b158a.jpg,-3.884873
images/rfmid/c0dc12bd9819e964.jpg,-3.0296986
images/rfmid/e9662963465cc8aa.jpg,-3.6674147
images/rfmid/6ab2f843f6843145.jpg,-5.1590834
images/rfmid/f70a32573d699e41.jpg,-4.643535
images/rfmid/fc3daf2ab5e87078.jpg,-5.2959113
images/rfmid/c90f7b9cf9106d78.jpg,-5.0711226
images/rfmid/5001964513e56777.jpg,-5.0442457
images/rfmid/5b67ed0146e88adb.jpg,-4.2477117
images/rfmid/cdd9ade2af507051.jpg,-5.0027084
images/rfmid/9468355d59658899.jpg,-4.408973
images/rfmid/64d4ab9eef052fed.jpg,-1.945154
images/rfmid/360a74785eee3539.jpg,-4.047356
images/rfmid/c078d45255afdf70.jpg,-2.7487125
images/rfmid/e670e8852b438fc4.jpg,-0.7243922
images/rfmid/b9eaee2f396c290e.jpg,-2.6473134
images/rfmid/81928830b36eae99.jpg,-2.0022674
images/rfmid/997f0ee78e4897c2.jpg,-0.38415492
images/rfmid/79bf73bfcce3a2f7.jpg,-2.106721
images/rfmid/996a162efdec7648.jpg,-3.407197
images/rfmid/ad02c93feca313ed.jpg,-3.6857395
images/rfmid/2481c2966117785f.jpg,-4.0351396
images/rfmid/f0d8717e24bec106.jpg,-5.115103
images/rfmid/f12cae2ce7c59b2a.jpg,-5.4571724
images/rfmid/53027f656ff40132.jpg,-5.5158134
images/rfmid/8e337ab465829f81.jpg,-4.7828064
images/rfmid/c5a205ad429aa82a.jpg,-5.581784
images/rfmid/a1900480a7aa4696.jpg,-5.7870255
images/rfmid/f9a028a0c68ef46c.jpg,-5.9238534
images/rfmid/a9d3bdeb781a680e.jpg,-6.3465543
images/rfmid/e633e3bd46c0c73f.jpg,-5.9165235
images/rfmid/c9a1928d16690f9f.jpg,-1.8489468
images/rfmid/e56ff2d2a1e7fa6f.jpg,-2.54286
images/rfmid/610e0bf398c69546.jpg,-4.4334064
images/rfmid/aa59d167102175f5.jpg,-4.3283424
images/rfmid/53f72ca2fe55362c.jpg,-4.660639
images/rfmid/a0a8fff6f23ccdb7.jpg,-2.3748791
images/rfmid/6ceb3d0ddae81d56.jpg,-2.4689484
images/rfmid/3a47c8311f4162c7.jpg,0.6145669
images/rfmid/602175441522d204.jpg,-0.062242746
images/rfmid/64cde44459d747b9.jpg,-4.047356
images/rfmid/594d5a51f9ffde11.jpg,-3.7700353
images/rfmid/6710adc4cce07eea.jpg,-5.3960886
images/rfmid/27c167ecf601420e.jpg,-2.2380512
images/rfmid/ae711422f1d5b2ea.jpg,-5.5720105
images/rfmid/cec4ff9c938d359d.jpg,-4.5897813
images/rfmid/ffe2c84109b22f94.jpg,-4.340559
images/rfmid/976107f6c61a8e79.jpg,-5.464503
images/rfmid/e227bd21acf17854.jpg,-5.335005
images/rfmid/9c4648356c6361dd.jpg,-2.7902498
images/rfmid/fa369b9fcd463462.jpg,-3.093226
images/rfmid/6cdf29aeddb88d00.jpg,-5.0442457
images/rfmid/a612199feedbe5b4.jpg,-5.129763
images/rfmid/a1dedfa6ac6f0f09.jpg,-6.243933
images/rfmid/f7cf7e4fb8d7b754.jpg,-4.5702343
images/rfmid/fa1003fc1a7dd679.jpg,-4.3307858
images/rfmid/dc57643c5c7b3ca3.jpg,-5.117546
images/rfmid/96eb6762b870971a.jpg,-4.5555744
images/rfmid/67339f8d4cc48276.jpg,-6.3001304
images/rfmid/abc9e108a9369af0.jpg,-5.9922676
images/rfmid/754e9066e76796cc.jpg,-4.682629
images/rfmid/2db02ad759609561.jpg,-3.1506448
images/rfmid/2c8693eb4e74ef46.jpg,0.040378213
images/rfmid/622cae35d29347a8.jpg,-3.4059753
images/rfmid/dc110513d8783aa9.jpg,-6.2830267
images/rfmid/402f16519997c022.jpg,-0.29558325
images/rfmid/6ef444fa903faef3.jpg,1.1545485
images/rfmid/2049bccfa0412c14.jpg,-2.5074313
images/rfmid/8d22c8572c9f9b5b.jpg,-3.5085964
images/rfmid/164513869478e96d.jpg,-2.103056
images/rfmid/0481909b1a4cefd0.jpg,-1.6472172
images/rfmid/0fd5bd90df51695f.jpg,-5.811459
images/rfmid/72e942fd317c755a.jpg,-3.8372278
images/rfmid/390f69656254c7c9.jpg,-3.1408713
images/rfmid/50f4c4fd557dd000.jpg,-1.9420998
images/rfmid/b791494c062a870b.jpg,-4.504264
images/rfmid/b0e5639519fe0ac2.jpg,-2.6558652
images/rfmid/92655c9b546b2879.jpg,0.23951173
images/rfmid/b714d2b125856c7d.jpg,-2.8977573
images/rfmid/547243841dd06e83.jpg,-3.1946251
images/rfmid/c481d5619e8e86d6.jpg,-3.6258774
images/rfmid/f16f1078ac72d9d5.jpg,-4.0815635
images/rfmid/a73a2686dc856737.jpg,-3.5452466
images/rfmid/adf7b1f2401c6ac7.jpg,-4.0913367
images/rfmid/6643a7e8c4a88c6f.jpg,-2.8452253
images/rfmid/0470e8580f8c5af6.jpg,-1.3189676
images/rfmid/2b7fa32e9f748e13.jpg,-2.758486
images/rfmid/926411853f4720ef.jpg,-3.3094628
images/rfmid/8b23a07c6c8fbb30.jpg,-4.3283424
images/rfmid/3ecf5888d7032ea7.jpg,-3.1188812
images/rfmid/e7de2b13dd944891.jpg,-2.9588413
images/rfmid/7533ec4af08fcb41.jpg,-4.2330513
images/rfmid/3c4384e895f6b4b2.jpg,-2.1745238
images/rfmid/c6b9f9ef4c64bdba.jpg,-4.3845396
images/rfmid/ac0a8c2a2b179784.jpg,-0.201514
images/rfmid/dab8ea1e674c75ff.jpg,-4.2281647
images/rfmid/43ae6e8705db65e8.jpg,-2.3626623
images/rfmid/cb4540a1264cbde9.jpg,-1.802523
images/rfmid/7f6b3215377d4fa2.jpg,-0.42263776
images/rfmid/c23670b6b6bbc6a4.jpg,-4.7192793
images/rfmid/b02847c551d79f78.jpg,-3.752932
images/rfmid/db6a5172fdba8275.jpg,-3.3815417
images/rfmid/0b72e254b83d5ac1.jpg,-3.3681035
images/rfmid/7f911b804327e10e.jpg,-2.6259341
images/rfmid/c796529173a0a724.jpg,-5.2861376
images/rfmid/c6ba7b5ae3242968.jpg,-5.493823
images/rfmid/7e117e202c88ed5d.jpg,-3.8237891
images/rfmid/4e68cfd0fbc1ec10.jpg,-4.863437
images/rfmid/e43bd3442fa0613e.jpg,0.14788592
images/rfmid/702b7a93af632b91.jpg,-5.310571
images/rfmid/1200d5004ecdb9a7.jpg,-3.449956
images/rfmid/9d8996016eb3f7fe.jpg,-3.145758
images/rfmid/6cb377070b4bfbc2.jpg,-3.2801425
images/rfmid/8f3af20abf0fd842.jpg,-0.7292789
images/rfmid/368bcb321bed1c64.jpg,-4.299022
images/rfmid/d7256fcf6a20dcb9.jpg,-4.09378
images/rfmid/2f7b7b6eb67d2c71.jpg,0.98473537
images/rfmid/6b2194161a24e793.jpg,-4.9856052
images/rfmid/42f18e0271a256bd.jpg,-3.862883
images/rfmid/11773dafc00280d5.jpg,-3.787139
images/rfmid/fc51fbaf770ad450.jpg,-3.8127942
images/rfmid/dd353b043166b910.jpg,-5.12732
images/rfmid/d35bdb78f2a7ad39.jpg,-3.8005772
images/rfmid/dc8ecb78c74de8ad.jpg,-4.677742
images/rfmid/e11a33dd92051503.jpg,-3.8445578
images/rfmid/852b489d517c9baf.jpg,-4.321012
images/rfmid/49d5c956b51e175e.jpg,-3.4743896
images/rfmid/cd6d1a8ab4b8903a.jpg,-3.866548
images/rfmid/a806de0227992fba.jpg,-4.560461
images/rfmid/c0113a3272c04c6e.jpg,-5.115103
images/rfmid/91727a00ca627e45.jpg,-5.2763643
images/rfmid/6941ca2a09cda2e3.jpg,-3.9789424
images/rfmid/8d98452aeff51049.jpg,-2.3156278
images/rfmid/54e750b6e4662428.jpg,-0.047582626
images/rfmid/76b24446ee97e3d5.jpg,-5.8529963
images/rfmid/ff27c9557973c771.jpg,-5.440069
images/rfmid/81519fb5b6e84897.jpg,-4.5922246
images/rfmid/9a0bc48f7a8740a7.jpg,-4.580008
images/rfmid/2c13a58d9638b686.jpg,-4.3796525
images/rfmid/080061bcd2a3c22d.jpg,-4.396756
images/rfmid/117405321f14f6d4.jpg,-5.8700995
images/rfmid/983490254ade5757.jpg,-5.2055073
images/rfmid/e42c3c9b01176c70.jpg,-4.936738
images/rfmid/0b4bf5a73cf11601.jpg,-5.5035963
images/rfmid/1d46b0df83c3c58a.jpg,-3.8372278
images/rfmid/71ee878e3f6e55bf.jpg,-3.8579965
images/rfmid/dfdd9af48bb78938.jpg,-4.77059
images/rfmid/b7ecb8a24f8381be.jpg,-1.4571317
images/rfmid/f92cc1021601cae9.jpg,-2.1238244
images/rfmid/ae12d0c99e1284f7.jpg,-4.5384707
images/rfmid/84590d14d22fc848.jpg,-5.9238534
images/rfmid/e59a71ffe4dee196.jpg,-0.8829049
images/rfmid/db5b4a32efb1b56e.jpg,-1.6392763
images/rfmid/89b24bab24868b79.jpg,-5.0589056
images/rfmid/c9f9b4b1d04ef106.jpg,-3.5305867
images/rfmid/944b31cee2f24b06.jpg,-4.084007
images/rfmid/9fc52089ba78a54c.jpg,-3.8555527
images/rfmid/d5bf9620bac30745.jpg,-2.121381
images/rfmid/eecdf38fc4dfdbd9.jpg,-3.3876503
images/rfmid/0a6a8beacc5e8223.jpg,-2.511707
images/rfmid/3ce3b69b543667a6.jpg,-4.623988
images/rfmid/512316c33905669b.jpg,-1.855666
images/rfmid/fbb47b0f83d019b0.jpg,-5.2079506
images/rfmid/055a8e3877eb6bfb.jpg,-3.5195913
images/rfmid/161cb724098ca1a6.jpg,-2.55019
images/rfmid/c72e1fa8e053649a.jpg,-5.342335
images/rfmid/79166176cff18b17.jpg,0.32991588
images/rfmid/771a01249dc3b5d3.jpg,-2.9722795
images/rfmid/57ee9fd1cbe0b8d6.jpg,0.064811826
images/rfmid/3dbb4403f6059cf8.jpg,-4.0058193
images/rfmid/270285ce95e47dc3.jpg,-2.9002008
images/rfmid/5f075cd1c90f5e45.jpg,-4.196401
images/rfmid/201f514fc73bd4f8.jpg,-2.481776
images/rfmid/2e860b36007390e9.jpg,-3.6600842
images/rfmid/2ef5071d02d61f3d.jpg,0.41787672
images/rfmid/1147249e2eabc268.jpg,-1.6363748
images/rfmid/e040834b05685f21.jpg,-0.98308253
images/rfmid/87acb254b070ff46.jpg,-1.7113553
images/rfmid/c7e85892802b1783.jpg,0.26272357
images/rfmid/cc5bfe85169813c2.jpg,-5.017369
images/rfmid/8dbc91fca8dc6835.jpg,-4.506707
images/rfmid/7b7986c6274413f1.jpg,-5.102886
images/rfmid/53ef5d760a7af1e7.jpg,-5.3789854
images/rfmid/30f8dda46ef43a91.jpg,-5.2861376
images/rfmid/e1543d9db527e1f9.jpg,-4.9000874
images/rfmid/645e08f74e87b458.jpg,-4.5702343
images/rfmid/61589d72791a3538.jpg,-4.587338
images/rfmid/0eef9b232c5ea253.jpg,-2.440239
images/rfmid/828031322a9ac13f.jpg,-2.81224
images/rfmid/a28c8b7d722ded32.jpg,0.6402222
images/rfmid/54bd574df80c8adb.jpg,-4.2525983
images/rfmid/f743b9db8dc30755.jpg,-2.3180711
images/rfmid/8222c6d46a26ffe4.jpg,-3.0138168
images/rfmid/71b9531607ff78fe.jpg,-4.689959
images/rfmid/34b8be107436ada8.jpg,-4.1621943
images/rfmid/32fd6dc989f8bb80.jpg,-2.0645728
images/rfmid/315ac4dcc4c37d96.jpg,-3.3754334
images/rfmid/0ec7620c39989e00.jpg,-5.0100384
images/rfmid/4498c65e78ac3835.jpg,-3.964282
images/rfmid/546fa7537c14cb8f.jpg,-1.9888289
images/rfmid/52e3bd6e4ad6daeb.jpg,-4.0546865
images/rfmid/e6db9dcc9ba1ed72.jpg,-4.0546865
images/rfmid/d57986619130a0fb.jpg,-3.6356506
images/rfmid/e0c83d3b1dad392e.jpg,-4.6117716
images/rfmid/c2835686bb60dd97.jpg,-1.6212566
images/rfmid/74a2accc41408149.jpg,-4.41386
images/rfmid/9372bf224704a4d9.jpg,0.17476285
images/rfmid/2fa0ea2e3ccff921.jpg,-1.4207104
images/rfmid/b92bca36158d2d1e.jpg,-3.3082411
images/rfmid/040563171faf1282.jpg,-3.4658375
images/rfmid/bfe3a8e80c83b0da.jpg,-2.5831752
images/rfmid/032fcd577bc6cfda.jpg,1.254726
images/rfmid/2e6a30bbee2aa281.jpg,-3.255709
images/rfmid/8d89abc28c22e659.jpg,-3.0895607
images/rfmid/8f2ef2be911ceb4e.jpg,-5.576897
images/rfmid/13a24d32081f5f8e.jpg,-4.08645
images/rfmid/fb32b37d5348444f.jpg,-4.08645
images/rfmid/1e7e78625e5169f3.jpg,-0.6602541
images/rfmid/565c7a178988ba09.jpg,-1.6420251
images/rfmid/1f26f3f602d8a500.jpg,-4.834117
images/rfmid/12c0c5cfd257360c.jpg,-2.8623285
images/rfmid/88f5d3e4083c2fc1.jpg,-3.5745668
images/rfmid/e0c3843d0d88d808.jpg,-3.8494444
images/rfmid/48a86e5161b3e726.jpg,-2.9270778
images/rfmid/012037feb9d5c7c1.jpg,-5.1517534
images/rfmid/c60abe191ab4f7e1.jpg,-4.992935
images/rfmid/ad065790f3a7bb80.jpg,-3.3668818
images/rfmid/69dde9fa38bba463.jpg,-3.6881828
images/rfmid/6b1aee7811e96f51.jpg,-5.2299404
images/rfmid/69fa7afdda59bc93.jpg,-4.633762
images/rfmid/05afdecf7ec99779.jpg,1.4233178
images/rfmid/c6fc23d2076a4212.jpg,0.8821143
images/rfmid/3332d2bba7308aa5.jpg,0.14910758
images/rfmid/40791ffdcc4d3d3b.jpg,-5.591557
images/rfmid/5377a78213c6ad13.jpg,-2.9539547
images/rfmid/2a48e107655369cf.jpg,0.53027105
images/rfmid/60b0ed01cd617532.jpg,-0.6559782
images/rfmid/610c443a206083c3.jpg,-3.3790984
images/rfmid/a6e21d962642df4e.jpg,-3.4255223
images/rfmid/28b22a64e92d38de.jpg,-4.203731
images/rfmid/5241814240807c72.jpg,-4.594668
images/rfmid/dd82f515be08315d.jpg,-1.8416167
images/rfmid/6c93a9ec2b792c72.jpg,-4.340559
images/rfmid/1333b87db622f03d.jpg,-3.077344
images/rfmid/df6b0588dd37a059.jpg,-4.8023534
images/rfmid/4fed856774252320.jpg,-0.32123852
images/rfmid/a1876ab8e2bd7f0a.jpg,0.6805376
images/rfmid/bc0af12d58385d99.jpg,-1.1124277
images/rfmid/d15bc6e93609d495.jpg,-1.5754436
images/rfmid/c30645c5e5565517.jpg,-1.7502964
images/rfmid/9ba8cf342bb66bd3.jpg,-3.4988227
images/rfmid/1bc4dca70c8e16b7.jpg,-3.6551976
images/rfmid/4f1e3c657cdfe551.jpg,-3.5965571
images/rfmid/962232d77d60f77a.jpg,-4.340559
images/rfmid/1e0321cd0d2c571d.jpg,-1.3312607
images/rfmid/11f998284e327801.jpg,-0.22228253
images/rfmid/1b8a5e08b117682a.jpg,-0.40492338
images/rfmid/c78ac51723628b6c.jpg,-4.636205
images/rfmid/dea3dd15fa592d3a.jpg,-0.68346596
images/rfmid/ca2bdb6e94bce357.jpg,-4.787693
images/rfmid/1adbedb4c3880c13.jpg,-3.388872
images/rfmid/e1bf334da338e6fa.jpg,-1.6186604
images/rfmid/378b098f3692b252.jpg,2.0219398
images/rfmid/a7149c1c766faf5b.jpg,-4.4260764
images/rfmid/afffa9cdac632d14.jpg,-4.8585505
images/rfmid/854ec61a03624bd3.jpg,-4.7485995
images/rfmid/30f38a8a11cf25e8.jpg,-4.506707
images/rfmid/a093119975bdcbac.jpg,-5.574454
images/rfmid/a9cb9c01261a1261.jpg,-4.6581955
images/rfmid/78017987f535efa6.jpg,-0.124548316
images/rfmid/6d07811d54a3b4ec.jpg,-4.286805
images/rfmid/25d842ebb354ac57.jpg,-4.623988
images/rfmid/0220e6142b4d2b68.jpg,-6.25615
images/rfmid/22d188cc6afd6a55.jpg,-4.0155926
images/rfmid/6b1dd849b468cee7.jpg,-3.4438472
images/rfmid/9377e7561d7cce0b.jpg,-4.682629
images/rfmid/26166b23fdfff307.jpg,-2.3125734
images/rfmid/af5d11f4ecd84a90.jpg,-1.6745522
images/rfmid/9c3e0d9429c238b4.jpg,-3.6845179
images/rfmid/beba253becb8250b.jpg,-4.5018206
images/rfmid/0731c725a9f19fd6.jpg,-3.790804
images/rfmid/a845e5ca29c37e4a.jpg,-1.732582
images/rfmid/0800838b47f92c39.jpg,-4.3552194
images/rfmid/d74c69152d4018ee.jpg,-4.3161254
images/rfmid/8cfd0ce5859b7020.jpg,-4.496934
images/rfmid/0d4740ac02c4cdcc.jpg,-4.4065294
images/rfmid/9f656b367c8cab1c.jpg,0.75750315
images/rfmid/81a0ed7472c66562.jpg,-4.9049745
images/rfmid/3af8e94c270ce6c8.jpg,-4.7388263
images/rfmid/43b65b5affcd0b3c.jpg,-4.3796525
images/rfmid/74ccd18f6784395f.jpg,-4.257485
images/rfmid/58311aa9350a09f7.jpg,-5.034472
images/rfmid/fc571a85ae7b20fd.jpg,-4.780363
images/rfmid/2fe5fdf8e69a5431.jpg,-3.0089302
images/rfmid/cb0d30873f9c072d.jpg,-3.9887156
images/rfmid/05a5b3fee867e8a7.jpg,-0.49166256
images/rfmid/7bc4fc274256ecfd.jpg,-0.50876606
images/rfmid/c91d5175144cf8d9.jpg,-4.760816
images/rfmid/0cdb1251edcf16cb.jpg,-4.9660583
images/rfmid/7cfd4ca2ef667167.jpg,-4.306352
images/rfmid/392e7ed0ad128496.jpg,0.7538382
images/rfmid/90f749f6f383412d.jpg,-3.5757885
images/rfmid/455f0b22405bae77.jpg,-4.924521
images/rfmid/726a0edb2572e15f.jpg,-4.5922246
images/rfmid/137ca89f56bcf443.jpg,-5.15664
images/rfmid/e674ad774d560731.jpg,-3.8396711
images/rfmid/3ac132a51fc2db27.jpg,-4.3087955
images/rfmid/70b9227dc6a98c38.jpg,-3.320458
images/rfmid/ab1a5df6d075e7b3.jpg,0.050151706
images/rfmid/6e67686ea6304b73.jpg,-2.4158053
images/rfmid/c476ef3f004554b6.jpg,-2.9148607
images/rfmid/ec1a4a1b5c7ea778.jpg,-4.4944906
images/rfmid/477fc3702fd77614.jpg,-5.3154583
images/rfmid/68138b12bd50b09f.jpg,-5.2152805
images/rfmid/722bedfd8040ee35.jpg,-3.6222124
images/rfmid/828e873b08aa0b55.jpg,-2.7511559
images/rfmid/87640af7b4b9f6b2.jpg,1.7727176
images/rfmid/e8cbd352113e3dfe.jpg,-5.110216
images/rfmid/b4e2e16c1ff6ff28.jpg,-3.7382717
images/rfmid/636e5257463f5031.jpg,-3.9740558
images/rfmid/954ea8ce623c647b.jpg,-0.63765305
images/rfmid/d39781580d7ee688.jpg,-0.979112
images/rfmid/c67db6fc3f82464b.jpg,0.9639667
images/rfmid/3f97c73737cce35c.jpg,-0.7042345
images/rfmid/7ad820f44198bd2f.jpg,1.7800478
images/rfmid/0b824def6215b16b.jpg,0.34091103
images/rfmid/4762869bf54d6672.jpg,1.4868449
images/rfmid/23856e921717f570.jpg,0.9541935
images/rfmid/757d69acff74adb7.jpg,0.3690096
images/rfmid/9f1e675787e10f86.jpg,-4.6752987
images/rfmid/76ed99ba87c96f30.jpg,-5.0491323
images/rfmid/e7021e77b2185e76.jpg,-3.0858958
images/rfmid/1a6cc7e8c57d08c3.jpg,-3.2715907
images/rfmid/b33aed9dde64825a.jpg,-2.0028782
images/rfmid/8d8b44b5faa08159.jpg,0.19308794
images/rfmid/651f08a3e7fbbcb5.jpg,-2.626545
images/rfmid/2536585f9817a3a6.jpg,-4.6093283
images/rfmid/21a6b9d8109c90b1.jpg,-5.090669
images/rfmid/b4964b690d47b7a9.jpg,-2.454899
images/rfmid/9f4952f10bdb9447.jpg,0.017166376
images/rfmid/80d7a20a2f09664c.jpg,-1.4672105
images/rfmid/1856d38978f21241.jpg,-2.143982
images/rfmid/f421d61b3784ff6d.jpg,-3.0015998
images/rfmid/18d460c99ae5db25.jpg,-0.19357312
images/rfmid/7ba3f02de4f48984.jpg,-1.6093452
images/rfmid/36dea484be777ab5.jpg,-3.0443587
images/rfmid/9dd96bcb353bb630.jpg,-3.3778768
images/rfmid/c6a17cbc37dea488.jpg,-4.6313186
images/rfmid/5e706c6b2ce1ecee.jpg,-2.621658
images/rfmid/7b810a57c4e67cec.jpg,-2.0700705
images/rfmid/890b07deee87fcf3.jpg,-5.12732
images/rfmid/9886109010288de9.jpg,-3.2227237
images/rfmid/b9062522339194ff.jpg,-4.9318514
images/rfmid/db403c95ec77035f.jpg,-4.230608
images/rfmid/54a12ba7dd24fecb.jpg,0.33480263
images/rfmid/4658d67266fcdaed.jpg,-3.0981126
images/rfmid/3d9322c0b9497d83.jpg,-1.6055274
images/rfmid/ccf10c2eedfad67c.jpg,-3.0516887
images/rfmid/f10ac7a97c83d66b.jpg,-1.3972027
images/rfmid/c46bdffb27574228.jpg,-2.3736575
images/rfmid/e7a6c1a14dcf8d59.jpg,-3.5525765
images/rfmid/cb71c8c1c323e67f.jpg,-1.4056196
images/rfmid/f543584956d2e435.jpg,-1.1335016
images/rfmid/83b32ab7ace2422c.jpg,-1.6913503
images/rfmid/47e61124300f2826.jpg,-4.77792
images/rfmid/89d7ce5d74bf90dd.jpg,-3.9349618
images/rfmid/9081e2af3acd9907.jpg,-5.0711226
images/rfmid/4a5baa91f09e875e.jpg,-2.7755895
images/rfmid/a1aeec49a3d545e0.jpg,-0.80807716
images/rfmid/90ef8322646ff841.jpg,-4.294135
images/rfmid/bc75011683779af1.jpg,-1.3802806
images/rfmid/c56d795f2ab7952f.jpg,0.6585473
images/rfmid/8dbf6902ff84b669.jpg,1.2449528
images/rfmid/f5dd06de29b3b3a2.jpg,-1.3877251
images/rfmid/abc68510cf21b833.jpg,-2.7499342
images/rfmid/1ffa8d7ec0413eb5.jpg,-5.247044
images/rfmid/8fdc6393e7bd9921.jpg,-3.278921
images/rfmid/edb00c52d8af5e01.jpg,-4.5091505
images/rfmid/fdb8a51edab9cd2d.jpg,-4.746156
images/rfmid/7dba6f8fa6622f68.jpg,-0.93452084
images/rfmid/2ccefc741606e256.jpg,-3.7981339
images/rfmid/16a2d7ff94fb48db.jpg,-0.33162272
images/rfmid/1ecfc709d6d0c5f4.jpg,-4.242825
images/rfmid/c4d3a1d13365840d.jpg,-5.3667684
images/rfmid/4b9a9e0844bba615.jpg,-3.1811867
images/rfmid/ccc465a64dffc6b7.jpg,-1.8229861
images/rfmid/cf645f10cf954f7f.jpg,-3.1323195
images/rfmid/89e963a3b0f13360.jpg,-3.2447138
images/rfmid/4336df4f6062d4e5.jpg,-3.7248335
images/rfmid/26138982df652098.jpg,-4.8463335
images/rfmid/39bfdb753a6a1890.jpg,-0.23694265
images/rfmid/175a1ad62fbcbdbf.jpg,-4.860994
images/rfmid/468880c3cb9072ec.jpg,-4.311239
images/rfmid/d6d4ec0a56d3e0b8.jpg,-4.3234553
images/rfmid/310e52211950263a.jpg,-3.1616397
images/rfmid/07a5382a555adf30.jpg,-5.6697445
images/rfmid/439e97adbb06be64.jpg,-3.3302312
images/rfmid/180ce9410f67919e.jpg,-4.484717
images/rfmid/5c0bfa5d13d40f6f.jpg,-4.1182137
images/rfmid/f827e97eee064a80.jpg,-2.967393
images/rfmid/4d75e8852aa90794.jpg,-4.4920473
images/rfmid/a304a1b22567a55d.jpg,-5.000265
images/rfmid/82014e5ab30c6f5e.jpg,-5.19329
images/rfmid/deda27c4327ca43f.jpg,-3.335118
images/rfmid/a44cc6e8cf799fef.jpg,-4.8219004
images/rfmid/a35c0c8047702f51.jpg,-1.6992912
images/rfmid/4e3aee0aa59437be.jpg,-3.278921
images/rfmid/f2ed8e35be65bb15.jpg,-3.4585075
images/rfmid/4b17bcffde998d34.jpg,-4.84389
images/rfmid/cce31084e6cb9f29.jpg,0.02327478
images/rfmid/b50cccb7931091c4.jpg,-4.506707
images/rfmid/cd648e35731cd861.jpg,-4.880541
images/rfmid/bc6277fb33fc5d1b.jpg,-2.083509
images/rfmid/62b5b91bf47558c1.jpg,-5.330118
images/rfmid/e5404c87e207e5ca.jpg,-2.7560427
images/rfmid/b67fab57bff92fb5.jpg,-1.9259125
images/rfmid/aa8dd92bcbf23cde.jpg,-4.8732104
images/rfmid/78b45ca0e4b65a58.jpg,-5.4156356
images/rfmid/7f414adec830ea0b.jpg,-2.0572429
images/rfmid/13f4a6a25e9b778c.jpg,-3.4646158
images/rfmid/f7f17164434100fa.jpg,-3.206842
images/rfmid/b6260237d5ae2f61.jpg,-4.423633
images/rfmid/872a6058755ae120.jpg,-2.5453033
images/rfmid/b05556437cc850ea.jpg,-3.6014438
images/rfmid/6513dacdb753753d.jpg,-2.493382
images/rfmid/ec92fe2d164ec2c6.jpg,-1.6962371
images/rfmid/fa266b35443747b4.jpg,-3.399867
images/rfmid/67583f1c231916c0.jpg,-0.9479593
images/rfmid/c7e91e322546e750.jpg,-3.2911377
images/rfmid/3c363ec2d1c8fe01.jpg,-3.8567743
images/rfmid/68feac59f841dc18.jpg,-4.5922246
images/rfmid/9a90484fb628094c.jpg,-3.6283207
images/rfmid/a9114092bd40218d.jpg,-4.3381157
images/rfmid/71f12382169143c0.jpg,-6.0728984
images/rfmid/3fc8292e82a7ef55.jpg,-3.9667253
images/rfmid/821be7c43df219d0.jpg,-2.7291658
images/rfmid/de7675bf6d4731ce.jpg,-0.045139194
images/rfmid/d732da9a8eec5f74.jpg,-4.084007
images/rfmid/4e91830bd1487b14.jpg,-3.6161041
images/rfmid/2e7bdc8e94d439d5.jpg,-1.2654428
images/rfmid/5cff9837ecd611b4.jpg,-4.963615
images/rfmid/e54f10f9e444815b.jpg,-3.19096
images/rfmid/a10c9759e139bf3a.jpg,-4.196401
images/rfmid/949a8b7189412dd6.jpg,-2.2294993
images/rfmid/af6e51267248d48a.jpg,-2.0401394
images/rfmid/f8129d34221ae4e5.jpg,-2.7890282
images/rfmid/0db13806ffeffbc1.jpg,-0.9238311
images/rfmid/c9fcc8486db26c04.jpg,-3.6551976
images/rfmid/f07096b1d169a901.jpg,-3.9813857
images/rfmid/75e69a2f0ce9d428.jpg,-2.0810657
images/rfmid/4696cbb23515381d.jpg,-2.443904
images/rfmid/002b15d7a3a8b741.jpg,-4.9000874
images/rfmid/57c403b7135abd52.jpg,-0.7659292
images/rfmid/9b45007dcbf641a1.jpg,-3.8384495
images/rfmid/d9d645b308d07a36.jpg,-3.5660152
images/rfmid/b9cff0bc255e22c4.jpg,-2.1525338
images/rfmid/9d19db7f2538fd11.jpg,-2.5453033
images/rfmid/0ea2a8dfd28a96b6.jpg,-3.2801425
images/rfmid/1937490bc34f7aa3.jpg,-3.956952
images/rfmid/ead78cf64dd5c3eb.jpg,-4.0815635
images/rfmid/fcb545ede5101e1a.jpg,-3.7541537
images/rfmid/b0c98794aff7ff8f.jpg,-3.278921
images/rfmid/23ed527d067ccca7.jpg,-4.0155926
images/rfmid/36554d893e6dd7e7.jpg,-3.1298761
images/rfmid/bf0f16b268ca18b8.jpg,-4.2012877
images/rfmid/0f57af0ad8357c5a.jpg,-3.5721235
images/rfmid/708e8e076a089ecd.jpg,-3.0419154
images/rfmid/c1944d924da8b114.jpg,-4.3820963
images/rfmid/b21c4ceb7c330eb1.jpg,-3.6405377
images/rfmid/141cbb9185606a39.jpg,-2.6851854
images/rfmid/8736eaa15645db95.jpg,-4.4529533
images/rfmid/9e65d1beb9f0b577.jpg,-3.6454244
images/rfmid/fc8ceabbba65bc61.jpg,-3.3827634
images/rfmid/70e428e063c1dfcf.jpg,-4.484717
images/rfmid/5fad67ec171a87f1.jpg,-3.133541
images/rfmid/1c41aaef73315905.jpg,-2.7035105
images/rfmid/0f1abeaf2b2379a4.jpg,0.80270517
images/rfmid/a101ee5d84d64434.jpg,-4.2061744
images/rfmid/c7999f53ad4c3c8e.jpg,-4.5848947
images/rfmid/e49c0ac3e98729df.jpg,-2.6454809
images/rfmid/d91ff609610fd1c1.jpg,-4.9685016
images/rfmid/1a324a08d3ed7508.jpg,-4.440737
images/rfmid/c72100521f58d3b7.jpg,0.27005363
images/rfmid/ea152a43df65bbf8.jpg,0.0012844801
images/rfmid/093a044b2318eecd.jpg,-4.689959
images/rfmid/b8eb1b6a7151cfb9.jpg,-4.020479
images/rfmid/d82adb6b7a8d634d.jpg,-5.3667684
images/rfmid/1812bdc1771d196c.jpg,-2.2368295
images/rfmid/1a697f9c6cf7e0ad.jpg,-2.758486
images/rfmid/04c2e8fe36fc7f9b.jpg,-5.440069
images/rfmid/b47de10e94a3e54c.jpg,0.57669485
images/rfmid/3dd58bc585f1ee83.jpg,0.95052826
images/rfmid/df0e257b5c05b4a6.jpg,1.1521052
images/rfmid/9b9d00cd32e5a410.jpg,-3.1164377
images/rfmid/078723c6bc1d3e80.jpg,-4.567791
images/rfmid/8e3b213666796a2e.jpg,-2.352889
images/rfmid/9957b78ed386f1c7.jpg,-4.6875157
images/rfmid/e7bcb8043198e360.jpg,-4.897644
images/rfmid/8431b01b9850c8df.jpg,-5.337448
images/rfmid/f3cc2f007a05a797.jpg,-5.2641478
images/rfmid/23f78a70279733c0.jpg,-4.267258
images/rfmid/f3ab4fcb1500e337.jpg,-3.2019553
images/rfmid/871527d0dfa390e0.jpg,-4.08645
images/rfmid/d7f6efcb338c4f31.jpg,2.1147876
images/rfmid/92fa467c8e439732.jpg,-2.155588
images/rfmid/66ed1cb01624de15.jpg,0.924873
images/rfmid/ab047cb97fdc9bb6.jpg,1.6627666
images/rfmid/6edeb4ec0b80c603.jpg,-2.7768111
images/rfmid/2f469be99c5346c9.jpg,1.3597904
images/rfmid/9dcd203639c4c929.jpg,-1.5934634
images/rfmid/c716577354b3333d.jpg,-4.682629
images/rfmid/e2a83e5f5a1d7113.jpg,-1.7817545
images/rfmid/22cb3c27af14cfd0.jpg,-5.327675
images/rfmid/8c541ce09e05077b.jpg,-4.8854275
images/rfmid/03e5b7fb43fec7a4.jpg,-5.755262
images/rfmid/1628b7c301f993c7.jpg,-5.2152805
images/rfmid/91ec2c24fc7e8ebb.jpg,-3.8225675
images/rfmid/d5b8e57e4c65b6f1.jpg,-4.1792974
images/rfmid/5953bbaabe53cf37.jpg,-3.2691474
images/rfmid/503b85bd53c107a3.jpg,-3.556242
images/rfmid/78150cf47497d6a9.jpg,-4.5629044
images/rfmid/b8c161a390ff59b6.jpg,-3.54036
images/rfmid/8606ece865a5777b.jpg,-4.5360274
images/rfmid/3f8b70eadfced03d.jpg,-2.9527328
images/rfmid/3caf6ec124a2228c.jpg,-4.2183914
images/rfmid/03c40a5b0872b5fe.jpg,-4.5384707
images/rfmid/ca0145965e14938c.jpg,-3.4023104
images/rfmid/d7637b2ad1b6f0a4.jpg,-4.8096833
images/rfmid/c4d1758e0b4c8970.jpg,-2.0309768
images/rfmid/5447661b74b7380f.jpg,0.3482411
images/rfmid/1a13f170bf9ce19b.jpg,-4.9831614
images/rfmid/c0ae77f89ec2b601.jpg,-4.6679688
images/rfmid/055010e6ec26b525.jpg,-1.9011736
images/rfmid/741b00d1e7f24d18.jpg,1.0018388
images/rfmid/c5cf21c13ab3c41e.jpg,-4.7754765
images/rfmid/a7cd48e60ac0f9e7.jpg,-0.5209828
images/rfmid/083fa17e818b3a7e.jpg,1.5601457
images/rfmid/32787f8d0fc155ea.jpg,-3.88976
images/rfmid/3d81d612f4573ca2.jpg,-3.8885384
images/rfmid/647e2efc9a5510d4.jpg,-4.5360274
images/rfmid/ad015ccc8adc1801.jpg,-4.689959
images/rfmid/b5a6a77ad6bc958b.jpg,-2.9075308
images/rfmid/03cb0c0fa1403a08.jpg,-4.4334064
images/rfmid/c524783d2daa2147.jpg,-1.4166541
images/rfmid/69a0f642ec8775ae.jpg,-4.367436
images/rfmid/95c6bf5a0c852692.jpg,-4.6581955
images/rfmid/81cff392f7dac0af.jpg,-3.5281434
images/rfmid/7a791306dbb946e0.jpg,-0.7979983
images/rfmid/7a48523a164942cb.jpg,-1.2487211
images/rfmid/860fd10d5be3b2d9.jpg,-0.40553427
images/rfmid/05d2f3b969f4181b.jpg,-3.4695024
images/rfmid/67c30cc51a31fc15.jpg,0.0049495697
images/rfmid/a5de6477877ee16d.jpg,-1.6433995
images/rfmid/1e9598167bc872e4.jpg,-1.4477401
images/rfmid/809f0d0fd841066b.jpg,1.384224
images/rfmid/f566e584eedc6a7b.jpg,0.42642844
images/rfmid/db7022b3d7ca5727.jpg,-3.7468233
images/rfmid/9b2d2bd479620ac4.jpg,-3.1310978
images/rfmid/14e1ecb4dc118fb6.jpg,-0.81601804
images/rfmid/d2e6595cdccec8b3.jpg,-4.311239
images/rfmid/2692a6a58c8d0b2d.jpg,-3.8311195
images/rfmid/89edf34d96b179c1.jpg,-4.724166
images/rfmid/3bdb00c76741609f.jpg,-5.0564623
images/rfmid/b570343c8a7604c5.jpg,-0.080567956
images/rfmid/3b0f70f33838852c.jpg,-1.2778124
images/rfmid/0c977f059dae3029.jpg,-4.7363825
images/rfmid/f4140fc337ef24c9.jpg,-4.45051
images/rfmid/ce881a542283b280.jpg,-4.8365602
images/rfmid/d0fe782bc926ec4a.jpg,-4.2086177
images/rfmid/9ace03a1e66d1419.jpg,-5.0711226
images/rfmid/87cf03a71c928771.jpg,0.9676317
images/rfmid/41e8ce918f66b4e4.jpg,-2.2374403
images/rfmid/61ac946dff28c606.jpg,-3.9740558
images/rfmid/c3ce5cda5414bd4f.jpg,-3.6991782
images/rfmid/b3baf80867d7e45d.jpg,-2.3620515
images/rfmid/6cd4a9075f792621.jpg,-3.524478
images/rfmid/9964d70cc3490197.jpg,-4.856107
images/rfmid/3c4212dad89fb63f.jpg,-2.1653614
images/rfmid/68110419ce87fb23.jpg,-5.420522
images/rfmid/88721e9b756c2f82.jpg,-5.12732
images/rfmid/59cc191ce908f789.jpg,-6.004484
images/rfmid/fcd63a9fb4d35804.jpg,-5.664858
images/rfmid/0efd372e0b590380.jpg,-5.107773
images/rfmid/9bfa3b92e469a8cd.jpg,-5.8139024
images/rfmid/b03f781ed9b0232e.jpg,-5.6062174
images/rfmid/bf549ba7a38d598e.jpg,-4.880541
images/rfmid/4e123a4233d9e8ba.jpg,-6.207283
images/rfmid/9280d28ef72ba1c4.jpg,0.046486616
images/rfmid/632c4d82cd87d8d9.jpg,0.11367893
images/rfmid/bd7cf8f731c37329.jpg,-1.645232
images/rfmid/da1961cdd70de99e.jpg,-2.3657165
images/rfmid/90667637fe2779b6.jpg,-5.3667684
images/rfmid/c77aa2161d2aed95.jpg,0.23462498
images/rfmid/dd4128eaae4459c9.jpg,1.0836912
images/rfmid/6935e03b812638f7.jpg,-1.6603502
images/rfmid/1ea5e505cdf4d56f.jpg,-2.8965356
images/rfmid/73dae34d7afd8107.jpg,0.940755
images/rfmid/39ab03aca3e77bc2.jpg,-5.6330943
images/rfmid/fc3a273a9186b01c.jpg,-3.2544873
images/rfmid/88793f39c9d424db.jpg,-0.47761327
images/rfmid/567ff02028466d6e.jpg,-5.4620595
images/rfmid/aa5cd53b16c12700.jpg,-4.127987
images/rfmid/d6904a2fb8253310.jpg,-4.8854275
images/rfmid/3d687005b30e9e95.jpg,-4.167081
images/rfmid/532da98e0da10ec2.jpg,-5.1957335
images/rfmid/aa133c52639bd6d6.jpg,-5.034472
images/rfmid/82ddbba237c9313b.jpg,-5.183517
images/rfmid/e381d93b58c6bc4f.jpg,-5.225054
images/rfmid/9f57883c6d699c4a.jpg,-5.5524635
images/rfmid/7ddefab21f298d8f.jpg,-3.1298761
images/rfmid/4d47b99efdce733d.jpg,-0.57351494
images/rfmid/dffdd236ed1d4b4b.jpg,-3.8555527
images/rfmid/e05209bd3e2a5d1c.jpg,-2.0896173
images/rfmid/05823f37c27dbab7.jpg,-3.4695024
images/rfmid/b83d1215cc3672b8.jpg,-2.2856967
images/rfmid/572b8c9638c4c159.jpg,-2.6271558
images/rfmid/8ffb2137b688370a.jpg,-4.294135
images/rfmid/1d05afbfbedbfc7c.jpg,-3.8445578
images/rfmid/64b8ceb8601acba5.jpg,-3.653976
images/rfmid/31a1d738d64b339c.jpg,-4.670412
images/rfmid/eaee5a708e32f573.jpg,-5.0393586
images/rfmid/caabfcd4c8d4b86e.jpg,-3.286251
images/rfmid/0436e5d03506409d.jpg,-4.5824513
images/rfmid/990c9e7a7cbf3453.jpg,-5.1493096
images/rfmid/4a09dbb64a2ea55e.jpg,-4.6093283
images/rfmid/29a5329186bf0fcb.jpg,-4.127987
images/rfmid/2e5176a1964fd849.jpg,0.7135228
images/rfmid/69b78a7c3dace3a9.jpg,-4.8170133
images/rfmid/5de7817456b9cc85.jpg,-3.6674147
images/rfmid/50c81ee39bedc8f1.jpg,-3.3424482
images/rfmid/f663468023b43c11.jpg,-2.0743463
images/rfmid/9e75fc6eefc091ec.jpg,-4.533584
images/rfmid/8f84a79ec0661813.jpg,-2.2172828
images/rfmid/6eca80e8d60993e2.jpg,-0.35788882
images/rfmid/bb30e9b27ec44df3.jpg,-1.8190157
images/rfmid/1e6d40f1ff937e3d.jpg,-3.3607733
images/rfmid/0b5af5c31aa8d8b1.jpg,0.29082227
images/rfmid/2f729e7b8c2b5794.jpg,-4.4260764
images/rfmid/1643a74a07a2449f.jpg,-5.427852
images/rfmid/8d065231e1ea05ea.jpg,-4.2012877
images/rfmid/989b8fc8d266b20c.jpg,-5.335005
images/rfmid/f8cc8c25f75328ca.jpg,-5.8749866
images/rfmid/0864a2fb07c226d4.jpg,-3.5855622
images/rfmid/e7ca6c53713e9b77.jpg,-4.313682
images/rfmid/4dadf059a4b94154.jpg,-4.6459785
images/rfmid/872644b641295ead.jpg,0.66465557
images/rfmid/149db2e0ff165652.jpg,-2.583786
images/rfmid/0b80c8d4a3d8f293.jpg,-2.3327312
images/rfmid/e395a12a056385ac.jpg,-4.0131493
images/rfmid/61f7daa8991e6c15.jpg,-4.2892485
images/rfmid/7b974004d0adc68a.jpg,0.5779165
images/rfmid/263a98d1afc5b220.jpg,0.5168326
images/rfmid/e6510fddcb2589bf.jpg,-2.3321204
images/rfmid/17906ca444fe3abe.jpg,-5.1957335
images/rfmid/27fdc79159511ca7.jpg,-4.286805
images/rfmid/f2aa1cfff0cd83f1.jpg,-4.936738
images/rfmid/73d97a370c38f5bc.jpg,-4.655752
images/rfmid/bca5b60989f6d417.jpg,-3.3852067
images/rfmid/92a7706f73354440.jpg,-2.4225245
images/rfmid/05975d0fbec695dd.jpg,-2.857442
images/rfmid/6251c0146a0b0168.jpg,-3.5684586
images/rfmid/48b0f0d3c4ce4632.jpg,-4.0131493
images/rfmid/efa6bd6eedefdf13.jpg,-3.0614622
images/rfmid/bb28af90b9872010.jpg,-2.9576197
images/rfmid/37540d4165917245.jpg,-3.3937588
images/rfmid/9446d537bfb3745f.jpg,-0.73905236
images/rfmid/51d6c44c8a0ce629.jpg,-0.91161436
images/rfmid/f5dbafdd0b67cadb.jpg,-4.2354946
images/rfmid/132cd9d05cc45da2.jpg,-4.751043
images/rfmid/ccecef6049614515.jpg,-6.153529
images/rfmid/031a4dac53aed449.jpg,-0.5222045
images/rfmid/dbab1b80c845c159.jpg,-1.5594854
images/rfmid/a3b834974e1645d7.jpg,-4.689959
images/rfmid/ef3da12bdee402a0.jpg,-2.2404945
images/rfmid/4fc6cb3e98941d81.jpg,-2.5190372
images/rfmid/6aecde6ba2da9fdc.jpg,-3.4756112
images/rfmid/67c11ec4e7cf358e.jpg,-4.5433574
images/rfmid/1e9d16025212b89f.jpg,-3.8677697
images/rfmid/07c46faa9148d6bf.jpg,-4.990492
images/rfmid/2f1dc07267ff6152.jpg,-4.5848947
images/rfmid/4f4180df9616a2b8.jpg,-1.5405494
images/rfmid/2115cc43c51bbb14.jpg,-3.9984894
images/rfmid/45b0b685b826f972.jpg,-0.14409518
images/rfmid/89322cc3f048d32b.jpg,-1.0692108
images/rfmid/ee4f0524dad0766b.jpg,-3.1946251
images/rfmid/618340aec1bd51ef.jpg,-5.2348275
images/rfmid/ae2a775ff72b1bd2.jpg,-4.978275
images/rfmid/0fd4ffd83eeb6b0b.jpg,-4.408973
images/rfmid/66f80b87d693a11a.jpg,-3.4792762
images/rfmid/e480f366316c4c04.jpg,-1.3966157
images/rfmid/3e1c6f93df163412.jpg,-0.41836184
images/rfmid/915f8faca7b5dff5.jpg,-1.3282447
images/rfmid/38bb69b76691f5a6.jpg,-4.731496
images/rfmid/9132684d08739b4a.jpg,-3.4756112
images/rfmid/4c84bae6e0004953.jpg,-4.4993773
images/rfmid/f3924c628f3a76cb.jpg,-3.3314528
images/rfmid/9beee1aea6e3bf03.jpg,-4.157307
images/rfmid/8ab53a33e94eb75c.jpg,-4.8390036
images/rfmid/b825ab572d09fd9b.jpg,-4.1231003
images/rfmid/6a8f5d04000eba57.jpg,-0.5790125
images/rfmid/33d60df3e601db4c.jpg,-0.85663885
images/rfmid/f41a6749416adf07.jpg,-1.2194772
images/rfmid/24a64db79b02ce8d.jpg,-3.4047537
images/rfmid/170934e3a9deb6b3.jpg,-1.4302739
images/rfmid/5be678af60d07d13.jpg,0.58646834
images/rfmid/1cddd3991beff01a.jpg,-1.2686497
images/rfmid/fb12c2d515e01316.jpg,-1.5980446
images/rfmid/e9eb7f7202e4f391.jpg,-3.2447138
images/rfmid/9e881d33ae32a14a.jpg,-3.7993555
images/rfmid/45795b9de8ab4c19.jpg,-0.095228076
images/rfmid/9bd76440fd9a4e7a.jpg,-5.3814287
images/rfmid/577cbe33c11e9daa.jpg,-4.6850724
images/rfmid/2998f09bce3171fc.jpg,-3.3412266
images/rfmid/124305807c364e57.jpg,-3.1970685
images/rfmid/69e8b3ee89b8cf39.jpg,-4.8780975
images/rfmid/6ffe773c23f445e7.jpg,-4.1377606
images/rfmid/e077d2f5d2545490.jpg,-4.5213675
images/rfmid/2d355e1c0f8510c1.jpg,-4.841447
images/rfmid/3b7304a47616b3c2.jpg,-4.470057
images/rfmid/220c941e6a3d6e56.jpg,-4.44318
images/rfmid/5bddec6cf6220501.jpg,-4.3918695
images/rfmid/edb6553546a2aa01.jpg,-4.6728554
images/rfmid/a808487b1b9c7f2a.jpg,-5.857883
images/rfmid/231634a70c669b8c.jpg,-1.0099595
images/rfmid/2d7d2eac166e4ebd.jpg,-4.523811
images/rfmid/90e0a218763f79f9.jpg,-2.7426043
images/rfmid/12afb5647d3902a7.jpg,-2.5587416
images/rfmid/71fbf11fa0342a26.jpg,-4.746156
images/rfmid/505805da16c0f1a6.jpg,-1.4520923
images/rfmid/906fce102d11cef4.jpg,-3.4523993
images/rfmid/11b6066b35ffc9db.jpg,-5.137093
images/rfmid/8eddaf43378e5d4d.jpg,-6.0728984
images/rfmid/47e1da8858f436e9.jpg,-0.59794855
images/rfmid/9da1ac24beb3d9ba.jpg,-3.3632166
images/rfmid/d4c4d02aa04986d3.jpg,-4.887871
images/rfmid/7ac0c8ae4c895fb1.jpg,-5.447399
images/rfmid/5aca06c9fe16cf6f.jpg,-1.4904606
images/rfmid/4bc51a65b727f575.jpg,-4.614215
images/rfmid/081824be36bfa711.jpg,1.384224
images/rfmid/f5218bb926b8c94c.jpg,1.4013275
images/rfmid/c8fd70989e45565b.jpg,0.2492851
images/rfmid/2935d183334348ed.jpg,0.39588654
images/rfmid/73784e94b6bbbd35.jpg,-0.21678495
images/rfmid/f42d11e1ff778955.jpg,-2.682742
images/rfmid/0b83cd3a91f05eea.jpg,-5.12732
images/rfmid/7f0ca3a63864dadd.jpg,-3.3253446
images/rfmid/b7a9287b2dd25f9d.jpg,-4.059573
images/rfmid/f2e34cb15d261575.jpg,-4.059573
images/rfmid/429a6baf69b7290d.jpg,-4.9196343
images/rfmid/4f462ffac11426e6.jpg,-4.6948457
images/rfmid/9b51c7547c778973.jpg,-1.7783949
images/rfmid/2f4aef0e8ce1b9d7.jpg,-3.6784096
images/rfmid/baac0cf643eadd97.jpg,-2.0279226
images/rfmid/2bf58f180c9c9986.jpg,-2.013568
images/rfmid/1a858242eaca3cf6.jpg,-3.6173258
images/rfmid/39b363545835403e.jpg,-3.7199464
images/rfmid/c0c416232db62c7c.jpg,-3.9227452
images/rfmid/868b5eb5fe6a16a5.jpg,-2.3101301
images/rfmid/f5eb32d71397bf91.jpg,-3.8457794
images/rfmid/8eec42b5dcab183c.jpg,-2.3730466
images/rfmid/45a2866d8e35c2f9.jpg,-1.8443655
images/rfmid/bfcae92dbb9f4671.jpg,-1.9225528
images/rfmid/8a5a8d649e48905a.jpg,-1.8297054
images/rfmid/dbe3cad3369160f1.jpg,-4.3503323
images/rfmid/429a1ba50a83db34.jpg,-3.8787646
images/rfmid/7a9cc338c2c3234c.jpg,-4.7143927
images/rfmid/697e5a57d7429b1a.jpg,-2.7572644
images/rfmid/1e72ff4f62e5b2f7.jpg,-4.08645
images/rfmid/db70bfe32e4f6cd8.jpg,-4.4187465
images/rfmid/abe1fb20d9a49f2b.jpg,-2.8965356
images/rfmid/4056542307db3c67.jpg,-1.6530201
images/rfmid/40431b04ba8cdc18.jpg,0.56081307
images/rfmid/d8e8290bd69f031f.jpg,-0.16547453
images/rfmid/461678d2c2e01467.jpg,-3.0639057
images/rfmid/54cfd4845699cb24.jpg,-3.4047537
images/rfmid/d8117af6b8edbeca.jpg,-5.5035963
images/rfmid/56b5d02947552762.jpg,-1.7438824
images/rfmid/e0ebfa79aa7f0e81.jpg,-5.3863153
images/rfmid/c950013c983aedc2.jpg,-4.0009327
images/rfmid/4566d813ceedf3ab.jpg,-4.3503323
images/rfmid/7e50158f9f3ebbd5.jpg,-4.401643
images/rfmid/2989bb80e30c8742.jpg,-5.3960886
images/rfmid/490b9b31edcaca95.jpg,-2.500101
images/rfmid/8cb368d1cbcde327.jpg,-4.992935
images/rfmid/e95635e1593efe89.jpg,-3.470724
images/rfmid/c30b4a0b9fc9b890.jpg,-5.2030635
images/rfmid/faac2070be2f58fc.jpg,-4.6386485
images/rfmid/6d663ae6487a7294.jpg,-1.0218709
images/rfmid/52ba765a9bcbaed7.jpg,-3.9422922
images/rfmid/e0cdef2d0b8c3c42.jpg,-2.1751347
images/rfmid/0945344a203c08f3.jpg,-1.2646793
images/rfmid/689d0d9a66819a7c.jpg,-1.0771518
images/rfmid/1f86024607b52602.jpg,-2.9857183
images/rfmid/b6b071cc0104e2a3.jpg,-4.5384707
images/rfmid/e50cc65b22d94a28.jpg,-2.11344
images/rfmid/9f9828e1a4eb991f.jpg,-2.0401394
images/rfmid/c57a3aa44e532d2e.jpg,-5.508483
images/rfmid/c50468b2be3371f3.jpg,-5.3667684
images/rfmid/ff6a1011bd044cb6.jpg,1.1154548
images/rfmid/727f0982d569e829.jpg,-4.4944906
images/rfmid/69b9126fac8fb956.jpg,-1.2928542
images/rfmid/93e28b06ce01d3e6.jpg,-6.3758745
images/rfmid/5e4e992971fde7a6.jpg,-3.3412266
images/rfmid/6e43337e93ed4a2b.jpg,-2.971058
images/rfmid/5a41f47ac5b474b6.jpg,-4.917191
images/rfmid/2ddfa06f59a3684a.jpg,-3.0785656
images/rfmid/b8830ce19ea1b713.jpg,-3.9447355
images/rfmid/2a44c05a9b768910.jpg,-5.481606
images/rfmid/baf49497a673aa06.jpg,-6.1633024
images/rfmid/ae7e4f341f2bfcc7.jpg,-3.5379167
images/rfmid/a0d046ad3a382df3.jpg,-2.0670164
images/rfmid/a2ab7f322a151a9f.jpg,0.79781854
images/rfmid/3819b10f4e86f077.jpg,-1.8373408
images/rfmid/56e60b024bf2bcfb.jpg,-3.7260551
images/rfmid/01e9aabaafc09edf.jpg,-4.587338
images/rfmid/fb86a8cf419ce525.jpg,-3.4585075
images/rfmid/7959ae46ca4d43b0.jpg,-3.9618387
images/rfmid/6d864f69081cf782.jpg,-0.8114368
images/rfmid/6d9eac9a64e1264c.jpg,-1.7319711
images/rfmid/dd790c2916ca5b47.jpg,2.5154977
images/rfmid/788aa5f670bbd8b8.jpg,-0.5832884
images/rfmid/d352a37ebf8afd49.jpg,-4.8194566
images/rfmid/498aeb9e143d2ecf.jpg,-0.40553427
images/rfmid/f2b243d231b6e940.jpg,-3.7956905
images/rfmid/1b59d8ddb5ac0346.jpg,-0.21189833
images/rfmid/c0d50b2181b96ad2.jpg,-0.9519297
images/rfmid/9689cbac9689574a.jpg,-5.474276
images/rfmid/f14a1977c4e8dde6.jpg,-3.7846956
images/rfmid/2a8690f11288baad.jpg,-4.4676137
images/rfmid/d179ac6bad8b26d4.jpg,-4.018036
images/rfmid/79f84ac83fb7ac22.jpg,-3.996046
images/rfmid/505ce7375ed5aec2.jpg,1.0372676
images/rfmid/6bdfa6aa03682d08.jpg,0.33602428
images/rfmid/0fde348110c02e5b.jpg,-2.7145057
images/rfmid/a777981f312bb571.jpg,-2.7792544
images/rfmid/a61b5b84a261b9dc.jpg,-3.8408928
images/rfmid/9ee670da21d07fd0.jpg,-3.9520655
images/rfmid/2bce0d5da681f046.jpg,-3.870213
images/rfmid/cf58355963e3be99.jpg,1.0763611
images/rfmid/b5c7a560212e3acc.jpg,1.6847569
images/rfmid/aedc42acc2460db5.jpg,-0.8245698
images/rfmid/9d335895dd58fe39.jpg,0.48506904
images/rfmid/9f50824c6e673853.jpg,-2.8818755
images/rfmid/27fab5f30c5fca5f.jpg,-2.9906049
images/rfmid/1d51045549f1a27d.jpg,-3.320458
images/rfmid/4f18ef1d072503c4.jpg,-4.4798303
images/rfmid/1b6a32b024fa0b04.jpg,-5.420522
images/rfmid/dee5b05a51784b1b.jpg,-5.0711226
images/rfmid/eecfcb12101fdc55.jpg,-4.963615
images/rfmid/0179675ba17bc1a2.jpg,-4.780363
images/rfmid/4d53f3fb554e9e83.jpg,-4.3723226
images/rfmid/c1ea11ccc5d827e2.jpg,-4.2208347
images/rfmid/87c2a17b72058430.jpg,-4.066903
images/rfmid/73b502c5408362e3.jpg,-2.7768111
images/rfmid/385d7fbc8b19c270.jpg,-2.0154004
images/rfmid/33f5632cf16253f9.jpg,-1.1386938
images/rfmid/f1b8b5edf0d6e997.jpg,-2.8916488
images/rfmid/48b40199998f439f.jpg,-3.0516887
images/rfmid/98c7d924210f549d.jpg,1.2156326
images/rfmid/9f197782b0f5ecb4.jpg,1.164322
images/rfmid/7c7fa7ff361c3947.jpg,1.0458192
images/rfmid/b99cacb850d52220.jpg,-3.7309418
images/rfmid/1e082965f1bdd73b.jpg,-3.0174818
images/rfmid/ee82d604965bfc3c.jpg,-3.8286757
images/rfmid/20b5ae5097af0208.jpg,-2.6546435
images/rfmid/49944ffe2a77d1ec.jpg,-1.8703262
images/rfmid/5695c8ba010c14ef.jpg,-5.3887587
images/rfmid/3a092b51f74a5177.jpg,-3.5745668
images/rfmid/8d6aee74c2ef4c12.jpg,-2.029755
images/rfmid/b5bdeb6ac8d9d13c.jpg,-5.2959113
images/rfmid/ed15ccb9d89f59d0.jpg,0.6487738
images/rfmid/1a67a341285ae051.jpg,-5.418079
images/rfmid/03ad270d86517b85.jpg,-4.257485
images/rfmid/4f7e6d05626216cf.jpg,-1.0551615
images/rfmid/fc27f26245ad5edd.jpg,0.03426981
images/rfmid/a21f31efa65f1082.jpg,-3.2215018
images/rfmid/de0309bbd7979011.jpg,-3.854331
images/rfmid/f405604dd8fe4331.jpg,-3.2092853
images/rfmid/96dc1f6471863f7f.jpg,-2.8782105
images/rfmid/dd6d0e7c838c6f45.jpg,0.5437095
images/rfmid/8d402e4ac61fead1.jpg,-1.3748403
images/rfmid/c4bce8f6792b4c1d.jpg,-1.3350785
images/rfmid/cdc10cf0cb006499.jpg,-1.9613411
images/rfmid/c1c9aa6828d6f480.jpg,-4.7290525
images/rfmid/9e0c6a0a04344832.jpg,-3.8677697
images/rfmid/6211e4ab9eb8f01f.jpg,-4.856107
images/rfmid/ffdca10926352488.jpg,-2.2545438
images/rfmid/32787055f4fa4280.jpg,-1.7377741
images/rfmid/bce3f1eb5fea61f8.jpg,0.59502006
images/rfmid/3db3ede9aa052261.jpg,1.1056815
images/rfmid/11c2063dd3ce9a7f.jpg,-0.29497242
images/rfmid/2cbbcb917cde5ec9.jpg,-3.0858958
images/rfmid/9736db9e4768c6d0.jpg,-3.8494444
images/rfmid/cd0ee2a5a7eb19c6.jpg,-6.021588
images/rfmid/284f76262b5dc7bf.jpg,-4.340559
images/rfmid/0878f258deea3510.jpg,-5.5988874
images/rfmid/810a348f0609b7fd.jpg,-2.079844
images/rfmid/16ff79932294e325.jpg,-4.6288753
images/rfmid/8b13ab4cc34ff58a.jpg,-1.9369075
images/rfmid/10070e56ba348625.jpg,-2.1140509
images/rfmid/af34313a1a7e2b02.jpg,-2.785363
images/rfmid/5b3da7161c21a9da.jpg,-6.27814
images/rfmid/ed99f4273cd5d81d.jpg,-5.20062
images/rfmid/547d82ba879c60ff.jpg,-2.5599632
images/rfmid/51147110978d599e.jpg,0.7904886
images/rfmid/aeb6738008aa6053.jpg,-3.4829412
images/rfmid/533fc0c56ee4cd2f.jpg,-1.9607303
images/rfmid/130a41e61ede1ab9.jpg,-4.545801
images/rfmid/4f0e327193254890.jpg,-4.716836
images/rfmid/3aa911be3e0b731f.jpg,-5.000265
images/rfmid/40cf40b59b8d5c27.jpg,-3.1286545
images/rfmid/5d8d32e27882096f.jpg,-3.6820745
images/rfmid/922c7e66a1124742.jpg,-2.7572644
images/rfmid/d4ba20ae313b7b44.jpg,-4.6459785
images/rfmid/9a775a50dbbcd842.jpg,-3.1359844
images/rfmid/76b8019cb9299ae5.jpg,-3.3693252
images/rfmid/976c921796bf5a15.jpg,-4.484717
images/rfmid/0e87290f44369cb0.jpg,-2.4420714
images/rfmid/6b76cb701503927d.jpg,-2.8989792
images/rfmid/c6e3df37be5fd588.jpg,-2.974723
images/rfmid/130db48fc8e30191.jpg,-3.8176808
images/rfmid/47fa841a4f49a417.jpg,-3.803021
images/rfmid/0ae64db4d4d0d05c.jpg,-4.6191015
images/rfmid/5cea2707e59eb048.jpg,-5.107773
images/rfmid/0b5156800acd7500.jpg,-4.550688
images/rfmid/9c6c7a4eb0fed563.jpg,-2.913639
images/rfmid/82b877b7d6c6ca8a.jpg,-4.4285197
images/rfmid/59e7f21d5b18629f.jpg,-1.7002075
images/rfmid/91f4d20c02526f61.jpg,-0.9668953
images/rfmid/33fd47da5eb8cfbd.jpg,-4.9123044
images/rfmid/55506ec173c2c666.jpg,-0.45623386
images/rfmid/31c64c19748c78f1.jpg,-1.9689766
images/rfmid/01c71670d798560a.jpg,-4.1450906
images/rfmid/a2d3327fd49962ba.jpg,-4.0009327
images/rfmid/50acb825fc2ca4cb.jpg,-3.2349405
images/rfmid/a9772c91cefe2b1d.jpg,-1.0469152
images/rfmid/377a2b278d781394.jpg,-4.6288753
images/rfmid/53cf7438bb6d7bff.jpg,-2.8672154
images/rfmid/8b9ad4b6437ecc80.jpg,-2.9197476
images/rfmid/90acb3442f9ce0d8.jpg,-3.1726348
images/rfmid/92d1fc751f01dc72.jpg,-2.29547
images/rfmid/f5c7ee368ab585dd.jpg,-4.291692
images/rfmid/87ba8da2995dc670.jpg,-3.7309418
images/rfmid/40b715cbf17dbf39.jpg,-4.267258
images/rfmid/019d00ec8940b96e.jpg,-2.5263672
images/rfmid/4357084dd87f754e.jpg,-4.3454456
images/rfmid/ce0c5f80f11aa7f1.jpg,-2.5587416
images/rfmid/41af4be162cc3941.jpg,-3.733385
images/rfmid/87194e844763ef3f.jpg,-4.352776
images/rfmid/b452e9ba88028f0b.jpg,-1.6119412
images/rfmid/ac8cb8d0e733b632.jpg,-4.394313
images/rfmid/180a46f5d3b1e6b7.jpg,-5.080896
images/rfmid/d93c1b0e122beef9.jpg,-4.518924
images/rfmid/1fb81c1076b8b437.jpg,-5.2763643
images/rfmid/f991d7ab6957fa06.jpg,-3.2459354
images/rfmid/c6724718113d6c2b.jpg,-2.1488688
images/rfmid/45c12f81908bee3b.jpg,-1.9885235
images/rfmid/5dc1b3cb6e412f91.jpg,-3.5928922
images/rfmid/4a14e428b72af2cb.jpg,-4.951398
images/rfmid/974f9952a89219cf.jpg,-6.461392
images/rfmid/eba84299600e9762.jpg,-4.211061
images/rfmid/a6cfc17ae077a9f1.jpg,-4.1157703
images/rfmid/6530ba346f9071ee.jpg,-4.7974668
images/rfmid/c704fbf3fa097989.jpg,-5.0027084
images/rfmid/b4720d9c03756188.jpg,-4.6019983
images/rfmid/94554325b6056450.jpg,-1.5994191
images/rfmid/3b5a0e12f5410370.jpg,-5.444956
images/rfmid/221788f804700657.jpg,-5.337448
images/rfmid/8f45d39a4efdaecd.jpg,-3.9691691
images/rfmid/4f2fd0efac97d38b.jpg,-3.7700353
images/rfmid/02a85f8919112aa3.jpg,-4.2452683
images/rfmid/92e01f4ccea9450c.jpg,-2.0279226
images/rfmid/dce714f83d0711bb.jpg,-4.352776
images/rfmid/08275db5f706af36.jpg,0.7758285
images/rfmid/66e2d3547da083c2.jpg,-0.52464783
images/rfmid/1cb7ff00d83f9f2b.jpg,-4.1524205
images/rfmid/6ae0c2403f9cc74b.jpg,-1.0692108
images/rfmid/d370cf28a098ac57.jpg,-0.21678495
images/rfmid/5e75a5a331e3ba3f.jpg,-5.948287
images/rfmid/788bb4af0c5213c6.jpg,-0.26076543
images/rfmid/dd690b7926fda7a6.jpg,-0.35666716
images/rfmid/9b718909054f0f3b.jpg,-1.0130136
images/rfmid/100c265f85d54384.jpg,-1.8645232
images/rfmid/3b7981c1fd18e8f6.jpg,-2.413362
images/rfmid/1d2218f50e384326.jpg,-3.8054643
images/rfmid/7b7c9839bade1e29.jpg,-1.6779119
images/rfmid/4cfa3a07ad7a028d.jpg,-2.2056768
images/rfmid/a43a683f838ed2f6.jpg,-4.9831614
images/rfmid/3543dd2cae52d4b4.jpg,-1.9060602
images/rfmid/9f4b2405471023d3.jpg,-4.277032
images/rfmid/6b5ac490a48dd264.jpg,-4.970945
images/rfmid/d0cf596b2b0e3e45.jpg,-4.553131
images/rfmid/4bcaa2da284412bc.jpg,-4.682629
images/rfmid/a7dfdd2f1eb229fa.jpg,-3.603887
images/rfmid/fd3ab85e4e31f4f4.jpg,-3.493936
images/rfmid/48e2fccb68608a21.jpg,-4.8365602
images/rfmid/f069efdd364bf13e.jpg,-1.1041813
images/rfmid/e11bd17aa306e2af.jpg,-4.037583
images/rfmid/05ea49e06c84290a.jpg,-4.2086177
images/rfmid/21f363f76e12cd0b.jpg,-4.9123044
images/rfmid/f02e792d2f438719.jpg,-5.247044
images/rfmid/c965b77edb5fcf7d.jpg,-4.484717
images/rfmid/308989ddb756c87d.jpg,-4.980718
images/rfmid/256a5082ff209ca3.jpg,-4.3161254
images/rfmid/c71cb797b753ed16.jpg,-0.24488354
images/rfmid/d97ee1e92376c2fb.jpg,-1.2862114
images/rfmid/ec6983b0889a4ff4.jpg,-3.3057978
images/rfmid/733749c968b99447.jpg,-1.5051972
images/rfmid/e53513aff0fa0ff2.jpg,-2.9857183
images/rfmid/bbe2f9f35c37ad5c.jpg,-3.6674147
images/rfmid/ea6737f7c4411f29.jpg,-3.1653047
images/rfmid/b07ab591fa63cb2c.jpg,-2.8269
images/rfmid/39e174befed0a824.jpg,-2.5410273
images/rfmid/d14ec36f11e462ca.jpg,-4.8952007
images/rfmid/1ea17b6d7a1726f5.jpg,-3.6600842
images/rfmid/0f2615a44c8c4a62.jpg,-4.902531
images/rfmid/9e534615c79a70b4.jpg,-3.1677482
images/rfmid/27f459be89f188ec.jpg,-1.2133688
images/rfmid/dc776ba6761281cf.jpg,-3.5574636
images/rfmid/02e289d4fd47ccd8.jpg,-3.3974237
images/rfmid/a040ab7f5fce5348.jpg,-4.663082
images/rfmid/205e4de5dc2c6825.jpg,-0.8389245
images/rfmid/1b579023a34c9c90.jpg,-0.88840246
images/rfmid/d04272eb057de7e6.jpg,0.74895155
images/rfmid/8583f98785faa1f4.jpg,-1.4347407
images/rfmid/1e99b630188e2d6b.jpg,-5.5207
images/rfmid/eb5d32b6bbbf7b27.jpg,-4.81457
images/rfmid/e577371f9adaec5e.jpg,-1.182216
images/rfmid/55682e98293d4efe.jpg,-3.0834522
images/rfmid/e606e28037ab5131.jpg,-5.15664
images/rfmid/6889bf9712a0e578.jpg,-3.077344
images/rfmid/96d72fc92f85d2be.jpg,-6.1755195
images/rfmid/4d6943519ad9c7ec.jpg,-1.6621828
images/rfmid/9bc36bf441a05d2e.jpg,-4.2965784
images/rfmid/a9b157c726b21841.jpg,-5.452286
images/rfmid/9f8506424b748ac7.jpg,-5.266591
images/rfmid/4e98f65a6dbb6263.jpg,-1.9027007
images/rfmid/5f71e764bab109e2.jpg,-5.1761866
images/rfmid/63a8554fdf5e48b6.jpg,-4.4676137
images/rfmid/1bf7b40e2236c898.jpg,-3.3974237
images/rfmid/e1db11d92d58d639.jpg,-0.062242746
images/rfmid/d8a69f92b595de46.jpg,-4.196401
images/rfmid/e28026f843a15561.jpg,-4.677742
images/rfmid/3328f255260d0d4d.jpg,-2.0859523
images/rfmid/f8bcccf7e1fbf613.jpg,-2.5868402
images/rfmid/35c17fdddc294554.jpg,-1.9457648
images/rfmid/c60e5ff8f6b59fb4.jpg,-1.7875575
images/rfmid/1447576935327b6d.jpg,-2.7731462
images/rfmid/e066cabf358b0775.jpg,-3.0761223
images/rfmid/98eefa59e84757f7.jpg,-4.726609
images/rfmid/c5db903d64d98db6.jpg,-4.9342947
images/rfmid/ec20dbd2cf126154.jpg,-5.3398914
images/rfmid/0e4ab26ad727e2be.jpg,-4.0326962
images/rfmid/e821968184c0bf20.jpg,-4.211061
images/rfmid/7cca6daf29a96b16.jpg,-1.4496871
images/rfmid/2c429614be528378.jpg,-5.2690344
images/rfmid/8a94e73ccf46ab0e.jpg,-5.3618817
images/rfmid/24f486b0d2041cec.jpg,-5.5109262
images/rfmid/a7ac6cd7db46ae34.jpg,-3.9325185
images/rfmid/0ce8d493fd1606f7.jpg,-0.928107
images/rfmid/3657cfeaf54fc4cf.jpg,-4.0986667
images/rfmid/bb3c1a1a0bfe8984.jpg,-2.6925154
images/rfmid/6d72613a0e57443f.jpg,0.46185708
images/rfmid/c94f36a1cc0c6f9d.jpg,-4.352776
images/rfmid/c456986dfd643a3f.jpg,-1.485803
images/rfmid/1f4600c9fb46edfc.jpg,-4.9294076
images/rfmid/8fba8aaab5e0fb68.jpg,-4.211061
images/rfmid/2f30ad7edc509098.jpg,-2.291805
images/rfmid/c12e66e19a384049.jpg,-5.4718328
images/rfmid/4d53288afefad2d7.jpg,-4.037583
images/rfmid/a0031b24780cd56d.jpg,-4.9147477
images/rfmid/7d2ffa9a1d455c80.jpg,-4.731496
images/rfmid/c81a2deb0c8b649a.jpg,-1.0869251
images/rfmid/8b7ea36c655eed8a.jpg,0.35312784
images/rfmid/6a31336ae513871d.jpg,0.7355131
images/rfmid/d7d7456d3c40ee2f.jpg,0.13444746
images/rfmid/a995425b41ac629b.jpg,-3.8494444
images/rfmid/1a8066e0271599a9.jpg,-2.5514116
images/rfmid/d240a0950f867f14.jpg,-2.0270064
images/rfmid/7cc3caae40c72cf7.jpg,-1.5919362
images/rfmid/d5790f44623b5b87.jpg,-3.6942916
images/rfmid/ee3bca174ba30a20.jpg,-4.074233
images/rfmid/91356d625c1a9c44.jpg,0.519276
images/rfmid/6bea42a27dfba5ec.jpg,-4.660639
images/rfmid/09aba09ef1df0903.jpg,-4.751043
images/rfmid/07c240e6208999af.jpg,-0.83037275
images/rfmid/d990ffbcd1f1da03.jpg,-1.4863374
images/rfmid/dfb2e85af816240e.jpg,-4.594668
images/rfmid/744ccdfb846466fd.jpg,-2.045637
images/rfmid/4e6383ae80b0208f.jpg,-2.447569
images/rfmid/0add002c37f028f5.jpg,-4.41386
images/rfmid/3880968014c68be4.jpg,-2.8635502
images/rfmid/d8eabe0632adb0e3.jpg,-1.6585177
images/rfmid/2b1077dd685a8e89.jpg,-4.787693
images/rfmid/f1543df246b2d62e.jpg,-3.0125952
images/rfmid/b9951b9887713433.jpg,-3.870213
images/rfmid/7892ccd67fd315bb.jpg,-2.8024664
images/rfmid/2c009aa37fcf95bd.jpg,-2.3058543
images/rfmid/99ac1ef719f3d9fd.jpg,-0.66269743
images/rfmid/64bbd3c9da88f577.jpg,-3.783474
images/rfmid/1bf39170948965ec.jpg,-5.5182567
images/rfmid/1ab684e3be207447.jpg,-1.7289169
images/rfmid/4e0add6cdd5ef091.jpg,-3.4695024
images/rfmid/66f21906a5a1e4f1.jpg,-0.8780182
images/rfmid/b3c7ee752b38b6b6.jpg,-0.6730817
images/rfmid/f74eb513a0e78630.jpg,-1.6466063
images/rfmid/0bf0b23ec78eab00.jpg,-1.0704324
images/rfmid/2cc31164db6cdeed.jpg,-4.0424695
images/rfmid/1c4f5faa9991749a.jpg,-5.7919126
images/rfmid/a0925033b1dbc511.jpg,-4.8854275
images/rfmid/4d416018192d4965.jpg,-6.224386
images/rfmid/e6fded7f8fdf5d61.jpg,-4.066903
images/rfmid/60f779ee4fb46142.jpg,-2.8672154
images/rfmid/5577e0cbd639c0a5.jpg,-6.26348
images/sjchoi86/f2809f1459f81428.jpg,-0.56557405
images/sjchoi86/c3128b7905336259.jpg,-1.9769175
images/sjchoi86/56ab0c2c690c6858.jpg,-4.992935
images/sjchoi86/a72df57508b60d99.jpg,-2.170248
images/sjchoi86/eb577d08d73af02e.jpg,-4.4920473
images/sjchoi86/90b20f86b1baba11.jpg,-5.850553
images/sjchoi86/8e22857b07a1db22.jpg,-6.3954215
images/sjchoi86/2672607655c41008.jpg,-1.7160892
images/sjchoi86/6724367baebfcc3b.jpg,-1.7768677
images/sjchoi86/674c2ccacb99543c.jpg,-4.9587283
images/sjchoi86/86ffad6e8bd2abf1.jpg,-6.0069275
images/sjchoi86/aceaf45ce4af6979.jpg,-4.223278
images/sjchoi86/63b4f258ef5d1803.jpg,-4.05713
images/sjchoi86/1e3111d417c5540e.jpg,-4.1353173
images/sjchoi86/d39581bbd30bba5a.jpg,-1.8715478
images/sjchoi86/8dfca24c5280999e.jpg,-4.333229
images/sjchoi86/f6fc06980d9bcbc0.jpg,-4.313682
images/sjchoi86/69bfe794da52e306.jpg,-4.79258
images/sjchoi86/07a03ec914271c1b.jpg,-4.8096833
images/sjchoi86/6eddf5eefb07163b.jpg,-5.5231433
images/sjchoi86/eeea04c5a7f32405.jpg,-4.9587283
images/sjchoi86/7ce363e09650f32e.jpg,-4.8292303
images/sjchoi86/43dbc576253652c5.jpg,0.02693975
images/sjchoi86/784516620c0e6fd0.jpg,-2.3089085
images/sjchoi86/da1767198dc4f72e.jpg,-2.5092638
images/sjchoi86/ed32806e7a810b21.jpg,-2.9209692
images/sjchoi86/4ca1909a474df3bf.jpg,-2.3241796
images/sjchoi86/94f92b02c125cfe6.jpg,-4.2086177
images/sjchoi86/d5c59d3aca41522c.jpg,-1.5995717
images/sjchoi86/406a1baa14702a67.jpg,-2.7523775
images/sjchoi86/5d5d38e0f07d714e.jpg,0.27860546
images/sjchoi86/4fa145a00e4d8dee.jpg,-0.81632346
images/sjchoi86/cb620eebbd145788.jpg,-5.337448
images/sjchoi86/64f6fed311446d11.jpg,-3.9862723
images/sjchoi86/191dff35ce542833.jpg,-3.559907
images/sjchoi86/665c10eddf584b99.jpg,-3.7517104
images/sjchoi86/aaffadeef2854631.jpg,-6.1828494
images/sjchoi86/09f3ab92f32a595f.jpg,-6.153529
images/sjchoi86/dedc67ffcf9adf9f.jpg,-5.1517534
images/sjchoi86/42849a6ecc9dd5f8.jpg,-3.1091075
images/sjchoi86/cbfb074eeff4d2b8.jpg,0.46307886
images/sjchoi86/af208fac60bab8f1.jpg,-4.0155926
images/sjchoi86/9cb91dfe10dbc0e9.jpg,-5.073566
images/sjchoi86/b5b9460109b87f10.jpg,-5.0100384
images/sjchoi86/583dca804198e30f.jpg,-5.2861376
images/sjchoi86/7f1f423ed5f6a7fa.jpg,-5.747932
images/sjchoi86/4bcd9a63b2fbe4e0.jpg,-5.87743
images/sjchoi86/5e3ed7dc1b7b8fe6.jpg,-6.441845
images/sjchoi86/c3205cc209d565c3.jpg,-6.3563275
images/sjchoi86/1f46674ce3ee5fab.jpg,-5.637981
images/sjchoi86/c8af0dc8a64b794b.jpg,-3.7419367
images/sjchoi86/33224210346dbd0d.jpg,-4.648422
images/sjchoi86/124896a89f312412.jpg,-4.237938
images/sjchoi86/fee4eee387875522.jpg,-2.1653614
images/sjchoi86/916aeca257d2e708.jpg,-5.554907
images/sjchoi86/891cbad98138c476.jpg,-4.340559
images/sjchoi86/2fe90e1819ca6d8c.jpg,-5.1884036
images/sjchoi86/bb6b309b8df84805.jpg,-5.7161684
images/sjchoi86/124815af830681bd.jpg,-5.794356
images/sjchoi86/6e0daf79e2650176.jpg,-5.1199894
images/sjchoi86/8e51811e902a8351.jpg,-5.427852
images/sjchoi86/1721a830ee31910f.jpg,-3.7627053
images/sjchoi86/726ab52503fa7b6d.jpg,-4.3307858
images/sjchoi86/eb55331ef240b892.jpg,-2.0208979
images/sjchoi86/e2d1507794fa7581.jpg,-3.2215018
images/sjchoi86/d1202d41ab58cadc.jpg,-1.7585427
images/sjchoi86/9017ea2ed0b1e961.jpg,-4.10111
images/sjchoi86/d33b6338ff4799c0.jpg,-5.063792
images/sjchoi86/24b9827b9dd764e1.jpg,-3.3119063
images/sjchoi86/0462c9faf4945d81.jpg,0.2834921
images/sjchoi86/15cd2b792fb4752d.jpg,-0.59733766
images/sjchoi86/7f955d401073447b.jpg,-0.65475655
images/sjchoi86/ce7947420317c2d5.jpg,-0.98522043
images/sjchoi86/10fd29beb54ed20c.jpg,-4.1108837
images/sjchoi86/d522ee06631f2c89.jpg,-2.7658162
images/sjchoi86/335f7c960be1f074.jpg,-4.4480667
images/sjchoi86/afd50b03ca6d87bf.jpg,-3.3461132
images/sjchoi86/23bcd5d291ada168.jpg,-2.4976578
images/sjchoi86/ed43d557461714f3.jpg,-0.1404301
images/sjchoi86/9a20cff4db0091fe.jpg,-2.8977573
images/sjchoi86/b943081994760ec7.jpg,-4.870767
images/sjchoi86/e258edd5bb1f994f.jpg,-1.9436269
images/sjchoi86/b15a63e95911ef1b.jpg,-5.019812
images/sjchoi86/68b95cf8b132ae3f.jpg,-5.591557
images/sjchoi86/73e5c9c75d253473.jpg,-2.6876287
images/sjchoi86/055cac549983d9e4.jpg,-2.8855405
images/sjchoi86/73eb6c52827430cf.jpg,-5.342335
images/sjchoi86/616a0d0e6ef7f8db.jpg,-5.4229655
images/sjchoi86/92116c13154843e2.jpg,-4.44318
images/sjchoi86/f1eb51ff5823da06.jpg,-4.2403812
images/sjchoi86/ad8b18c1cabee07b.jpg,-4.511594
images/sjchoi86/ec1759fc3752350f.jpg,-3.7016215
images/sjchoi86/901c45feb44ce29a.jpg,-0.5264804
images/sjchoi86/c4661afeaf1f1924.jpg,1.095908
images/sjchoi86/e113d88c753afa2e.jpg,-4.990492
images/sjchoi86/5472f3fe96d2f1bc.jpg,-4.066903
images/sjchoi86/5735cdbf240062dd.jpg,-5.2592607
images/sjchoi86/0a0f4856600b1d36.jpg,-5.569567
images/sjchoi86/b85b51886834e24c.jpg,-4.169524
images/sjchoi86/435a431525ec2bd3.jpg,-5.1346498
images/sjchoi86/c3d77c418abb57db.jpg,-0.87954533
images/sjchoi86/b25b0678ba8825aa.jpg,-3.179965
images/sjchoi86/a31e637788231418.jpg,-2.140317
images/sjchoi86/97bccb0c91c86494.jpg,-2.5361407
images/sjchoi86/2d416e5843bdf29d.jpg,-4.614215
images/sjchoi86/689e4e41ba190693.jpg,-5.975164
images/sjchoi86/c77286fccfff7065.jpg,-2.8378952
images/sjchoi86/52435400207d21dc.jpg,-4.882984
images/sjchoi86/2eef854e5e7455dd.jpg,-5.711282
images/sjchoi86/42e6d9616774b0a6.jpg,-4.6533084
images/sjchoi86/58d0333d6abff087.jpg,-2.3535
images/sjchoi86/14c6ce2d74dfcb8e.jpg,-3.403532
images/sjchoi86/ab3e16b9360453fc.jpg,-2.9124174
images/sjchoi86/d7a4abeaa823edbf.jpg,-0.8862645
images/sjchoi86/ff391a9a98d1a63c.jpg,0.5412662
images/sjchoi86/0af013ccbc661c06.jpg,0.26883197
images/sjchoi86/4baa4b99f5c8db4d.jpg,-5.767479
images/sjchoi86/b8c5c14a8287b2f2.jpg,-4.167081
images/sjchoi86/0e2f461d71d4bb62.jpg,-1.8003851
images/sjchoi86/caefb1f4db0cd636.jpg,-0.6852985
images/sjchoi86/ea0d8d730ea53b0f.jpg,0.4581921
images/sjchoi86/f9deb8f9a11ca389.jpg,-4.0253663
images/sjchoi86/d739ce9d176765e0.jpg,-4.003376
images/sjchoi86/a90c5e57155c53fe.jpg,-5.4889364
images/sjchoi86/3fab09d1eb44f7ed.jpg,-5.9531736
images/sjchoi86/87b102326bcc2ff3.jpg,-6.0362477
images/sjchoi86/f19d529b51fd8749.jpg,-5.0564623
images/sjchoi86/319950534adaa0a6.jpg,-3.2349405
images/sjchoi86/f1cecbe0470ab8c0.jpg,-3.9691691
images/sjchoi86/7965792b3d9abd88.jpg,-4.313682
images/sjchoi86/77e39ba0bd78da84.jpg,-3.9667253
images/sjchoi86/113d6d5c6e575708.jpg,-5.7601485
images/sjchoi86/8a177fcde7617249.jpg,-5.347222
images/sjchoi86/cf23af497c291842.jpg,-5.2299404
images/sjchoi86/2313fccdfa558f20.jpg,-5.1053295
images/sjchoi86/824d17cda9ddd9e2.jpg,0.32502913
images/sjchoi86/c29635b017f14fe2.jpg,-4.6386485
images/sjchoi86/ff68795b6b7a79bc.jpg,0.11367893
images/sjchoi86/084168ca144df442.jpg,-4.780363
images/sjchoi86/0bdc49ff3875af23.jpg,-4.1988444
images/sjchoi86/fd63e54c0dd679a7.jpg,-2.5446925
images/sjchoi86/698ac197a39e4f87.jpg,-5.0222554
images/sjchoi86/8714cde02725268f.jpg,-4.360106
images/sjchoi86/001f44d4524d23b7.jpg,-4.9611716
images/sjchoi86/cc0ac6730a50117d.jpg,-5.1395364
images/sjchoi86/4829a0f39f4d4888.jpg,-5.220167
images/sjchoi86/ac5b14f5a7c91f9a.jpg,-4.3356724
images/sjchoi86/5e3c3d1c9f7b41de.jpg,-5.0760093
images/sjchoi86/86a210804f9df5c5.jpg,-4.887871
images/sjchoi86/8c30aa39f4a1fd07.jpg,-3.4120836
images/sjchoi86/8846842b07e8f8b4.jpg,-2.0627403
images/sjchoi86/7f9337ff61b82670.jpg,-4.4749436
images/sjchoi86/100455efa7be67b3.jpg,-2.4304655
images/sjchoi86/9e5909a67faa1ff6.jpg,-4.0888934
images/sjchoi86/2366714ba73c1944.jpg,-5.0442457
images/sjchoi86/1f17edc0f665e932.jpg,0.43498015
images/sjchoi86/c1912dfa9fe1c1ef.jpg,-4.9831614
images/sjchoi86/26673a0a90cc7343.jpg,-4.643535
images/sjchoi86/50d888c7f2689b71.jpg,-5.190847
images/sjchoi86/440f80eb7c528b69.jpg,-6.385648
images/sjchoi86/069a68c97311f06e.jpg,-4.902531
images/sjchoi86/dc1a13e8cbe494b3.jpg,-1.5132908
images/sjchoi86/2d3a7dfb5da5d0c7.jpg,-1.2471176
images/sjchoi86/c1b9b175c84b887c.jpg,-1.4478165
images/sjchoi86/152fd7718db7e78f.jpg,-4.0082626
images/sjchoi86/62b9c2ed85bd114a.jpg,-3.767592
images/sjchoi86/9c41dedb3ff14b3f.jpg,-2.9942698
images/sjchoi86/8f329e00ff04fccd.jpg,-3.847001
images/sjchoi86/7a96f6028a4bd96c.jpg,-1.6004881
images/sjchoi86/9247d81b5317d72c.jpg,0.78193676
images/sjchoi86/f82b117f4629b265.jpg,-3.6319857
images/sjchoi86/8a61b6ec90b9e994.jpg,-4.4944906
images/sjchoi86/a88b100f206d15f6.jpg,-4.9685016
images/sjchoi86/411027efd3fab1f2.jpg,-5.376542
images/sjchoi86/0c38c5b0d440bed7.jpg,-4.367436
images/sjchoi86/284600b1c802e921.jpg,-4.7412696
images/sjchoi86/7c51252b15c41eca.jpg,-4.9269643
images/sjchoi86/1f269f1de0b1aec4.jpg,-6.2023964
images/sjchoi86/74aeb8ad19e6c859.jpg,-4.5555744
images/sjchoi86/0201a78e57a72397.jpg,-1.1067774
images/sjchoi86/950ceba7d69af652.jpg,-5.1419797
images/sjchoi86/becb70c072828378.jpg,-1.7194489
images/sjchoi86/95c23c692ae590c7.jpg,-3.639316
images/sjchoi86/0a518ebcd87af895.jpg,-2.6583085
images/sjchoi86/40cbc990ebdf1610.jpg,-6.031361
images/sjchoi86/f7649fdf22c58d73.jpg,-6.3929777
images/sjchoi86/84c8b167c04784bf.jpg,-4.7828064
images/sjchoi86/7814e02a7b4d6f96.jpg,-3.403532
images/sjchoi86/d3ca6a5d5051d32f.jpg,-4.572678
images/sjchoi86/1e7db8940c02f8a5.jpg,-2.724279
images/sjchoi86/25632ffa5ef3b94d.jpg,-4.758373
images/sjchoi86/829eb180f9c574d8.jpg,-4.79991
images/sjchoi86/90cc78ba8b1dd09f.jpg,1.1521052
images/sjchoi86/430597a6387d2887.jpg,-4.4553967
images/sjchoi86/8ecfd5c0324d6ab6.jpg,-4.184184
images/sjchoi86/97d1c28b4adab7e6.jpg,-4.333229
images/sjchoi86/3de21f6d96c0efda.jpg,-2.9820533
images/sjchoi86/e5e9573d3700c0f8.jpg,-4.149977
images/sjchoi86/48bce152e3329f13.jpg,-5.1199894
images/sjchoi86/098f543e762598ff.jpg,-4.7192793
images/sjchoi86/48796783118b6b4b.jpg,-3.2092853
images/sjchoi86/0fb604aa87263a23.jpg,0.028161407
images/sjchoi86/ac76582df65447e4.jpg,-0.596116
images/sjchoi86/318e10308dabcf9c.jpg,-5.2152805
images/sjchoi86/234fd208294136cb.jpg,-4.1866274
images/sjchoi86/13fb93218c5f860f.jpg,-4.140204
images/sjchoi86/0dbc75246d12d8ac.jpg,-5.3154583
images/sjchoi86/f371dba9d64050b5.jpg,-3.410862
images/sjchoi86/f67b318ec5fb04f4.jpg,-5.5060396
images/sjchoi86/fe6dbe33a4deac90.jpg,-5.425409
images/sjchoi86/009f4df8f8ed701e.jpg,-5.784582
images/sjchoi86/653ecfb2bb4eedc2.jpg,-4.45784
images/sjchoi86/c0df495ea0d857e4.jpg,-4.9953785
images/sjchoi86/100814b76e7e7d7b.jpg,-1.3309171
images/sjchoi86/ec31bface1e0136b.jpg,-1.0750138
images/sjchoi86/ef2af979db250b40.jpg,-5.0686793
images/sjchoi86/dee0b4bed9d46051.jpg,-3.0406938
images/sjchoi86/8ac44e5897ba46f4.jpg,-4.7363825
images/sjchoi86/0e77dd7d0acf99fd.jpg,-2.617993
images/sjchoi86/6bb2e11bd95fdb59.jpg,-5.4302955
images/sjchoi86/3786c7cb1b231440.jpg,-4.4456234
images/sjchoi86/ab714fc6f25317bd.jpg,-3.9251885
images/sjchoi86/cfe5d94c5abb3200.jpg,-0.13187838
images/sjchoi86/6f6261f80d4c2b2a.jpg,-5.4131923
images/sjchoi86/7d1db08cfb6d440e.jpg,-4.1866274
images/sjchoi86/1526b42dfd37d655.jpg,-5.3789854
images/sjchoi86/7fed66bd30cb9b68.jpg,-5.7723656
images/sjchoi86/d7c8703535c9ca2a.jpg,-5.831006
images/sjchoi86/a4812cfa328c430f.jpg,-5.8969765
images/sjchoi86/e34c2a23db237259.jpg,-6.021588
images/sjchoi86/741ad11b6caf8b54.jpg,-6.1095486
images/sjchoi86/0790b1179f6633bb.jpg,-2.830565
images/sjchoi86/9749b177f15f69c7.jpg,-3.73705
images/sjchoi86/5b316c8232d7b47f.jpg,0.08435857
images/sjchoi86/5e0a444aee80bb93.jpg,-1.4200041
images/sjchoi86/700b94f06677d831.jpg,-3.650311
images/sjchoi86/7059a33d63a0327c.jpg,-5.8187895
images/sjchoi86/b56e86c517624eef.jpg,-2.940516
images/sjchoi86/87f01f29576240e0.jpg,-1.6716508
images/sjchoi86/46ce11d4fc0c4d38.jpg,0.8906661
images/sjchoi86/797435b24a0ab9f0.jpg,-1.1015853
images/sjchoi86/a0d031b9a05d9fb8.jpg,-5.247044
images/sjchoi86/b6a1eefa56d05063.jpg,-4.386983
images/sjchoi86/de0b506a9c1de269.jpg,-6.2194996
images/sjchoi86/dedd36a2c5450b1d.jpg,-5.9653907
images/sjchoi86/df50fe86f985ba25.jpg,-4.6997323
images/sjchoi86/8d850a56997a975e.jpg,-3.225167
images/sjchoi86/ef512c36ab88f355.jpg,-3.0370288
images/sjchoi86/74b048a0e5c67c31.jpg,-2.8928707
images/sjchoi86/551b9783e742d3c2.jpg,-5.0515757
images/sjchoi86/c7c881fffdb75da2.jpg,-4.1426473
images/sjchoi86/1230c19c567ffee5.jpg,-2.9258559
images/sjchoi86/f1d8b3e423e0d5b2.jpg,-4.4187465
images/sjchoi86/ed99a090f88ad662.jpg,-5.237271
images/sjchoi86/10fadec14686d9bb.jpg,-4.5922246
images/sjchoi86/025714504396d32b.jpg,-3.544025
images/sjchoi86/df3f84957ef9f5ce.jpg,-5.12732
images/sjchoi86/3b91d9febdafe155.jpg,-4.394313
images/sjchoi86/6ae266effa78edba.jpg,-4.773033
images/sjchoi86/dd603d7af8760548.jpg,-2.1616964
images/sjchoi86/19e0b4189857219a.jpg,-2.2808099
images/sjchoi86/b9e0d2a98c1ba7a8.jpg,-4.3796525
images/sjchoi86/8974e8bd42039b62.jpg,-4.9758315
images/sjchoi86/f3ee52ba9ba1e2cd.jpg,-4.3698792
images/sjchoi86/ce84e016daf21243.jpg,-3.6014438
images/sjchoi86/5e71748c8aa7deb7.jpg,-5.115103
images/sjchoi86/a887e1edb20e98da.jpg,-4.8927574
images/sjchoi86/98af7118397b848a.jpg,-5.0784526
images/sjchoi86/eee1dc6d77c574d3.jpg,-4.545801
images/sjchoi86/7d29cc3c45a6e70e.jpg,-0.6767467
images/sjchoi86/187c3066789ff6ff.jpg,-0.1159966
images/sjchoi86/b1add9c4a7bba6d7.jpg,-2.648535
images/sjchoi86/f9502e349ad5f4dc.jpg,-6.1706324
images/sjchoi86/0ff34f7163169ca2.jpg,-4.3796525
images/sjchoi86/161af38f0b2086fd.jpg,-4.594668
images/sjchoi86/fa32abeaacf26622.jpg,-4.5213675
images/sjchoi86/4e3ddbc53ad07a95.jpg,-4.990492
images/sjchoi86/49eed9291be92f95.jpg,-3.9691691
images/sjchoi86/4a10885093cbffee.jpg,-3.9984894
images/sjchoi86/52ba645eef1d5ba5.jpg,-2.8427818
images/sjchoi86/2420e8206addb244.jpg,-1.2055806
images/sjchoi86/05a0a5a976bb0741.jpg,-3.2447138
images/sjchoi86/6c36ce86ec97dcbd.jpg,-3.7040648
images/sjchoi86/995e0ca32c491f75.jpg,-5.090669
images/sjchoi86/357f2eebc9da9c4b.jpg,-2.3345637
images/sjchoi86/9a94805d9a4068a1.jpg,-5.1395364
images/sjchoi86/f1962e91df389c56.jpg,-1.1577824
images/sjchoi86/b248f13179d3b300.jpg,-5.4840493
images/sjchoi86/a3fc48f1c9857c70.jpg,-4.887871
images/sjchoi86/a4ed3b76e4c27f82.jpg,-3.1494231
images/sjchoi86/d7062610d19d20dd.jpg,0.17231941
images/sjchoi86/e0015f35b28bcb2b.jpg,-5.8090158
images/sjchoi86/578a1bf050f6e0a0.jpg,-5.425409
images/sjchoi86/9c741ee4696a5014.jpg,-5.5597935
images/sjchoi86/d27f81c5b78e862e.jpg,-5.8090158
images/sjchoi86/260ae21adad54164.jpg,-6.1022186
images/sjchoi86/63c739f819e59fac.jpg,-3.2544873
images/sjchoi86/f2c6c5467e82746d.jpg,-4.753486
images/sjchoi86/156940e0400af624.jpg,-3.740715
images/sjchoi86/3fc8887e419d1a95.jpg,-3.976499
images/sjchoi86/50674aed3d2ebe0a.jpg,-0.6504807
images/sjchoi86/dbf6cf581baf1181.jpg,1.1521052
images/sjchoi86/a18a2a3e706cef9c.jpg,-5.603774
images/sjchoi86/cadf744dd46e0f58.jpg,-3.8164592
images/sjchoi86/bcf20c2f08d10a28.jpg,-4.377209
images/sjchoi86/024b10a61bac2c46.jpg,-2.850112
images/sjchoi86/aa253b7593b5ad10.jpg,-2.1531446
images/sjchoi86/aece2242b1ab8bdc.jpg,-4.1255436
images/sjchoi86/a7299193e84aac40.jpg,-4.0986667
images/sjchoi86/927e23f9bd8fb822.jpg,-3.5843406
images/sjchoi86/fae5eb49181e47e1.jpg,-4.022923
images/sjchoi86/9da243ffe7edad4e.jpg,-4.9685016
images/sjchoi86/f17708d3f705806d.jpg,-3.449956
images/sjchoi86/5cb01707edefffd2.jpg,1.6041261
images/sjchoi86/146b57ea496c4b98.jpg,-5.2617044
images/sjchoi86/3ac55655a6efa726.jpg,-4.724166
images/sjchoi86/abad86aed8886456.jpg,-4.643535
images/sjchoi86/433dd47ebe699b0c.jpg,-1.245896
images/sjchoi86/57ae9c152dd82e6b.jpg,-3.0529103
images/sjchoi86/dd9551ca75a4f63a.jpg,-2.485441
images/sjchoi86/45230b8b61cc6b33.jpg,0.45452702
images/sjchoi86/3ab131509fc383ff.jpg,-0.4550122
images/sjchoi86/9627070e41763c3d.jpg,-4.6386485
images/sjchoi86/d744af6db4001430.jpg,-4.42119
images/sjchoi86/1ce4688666cfb6f5.jpg,-3.8555527
images/sjchoi86/b04c2a65660a3349.jpg,-4.140204
images/sjchoi86/a2933ca6f528ff22.jpg,-6.515146
images/sjchoi86/239a35a8b1669213.jpg,-2.743826
images/sjchoi86/795ef7e1dd7170fa.jpg,-5.232384
images/sjchoi86/1ac4de4288fea168.jpg,-5.266591
images/sjchoi86/bf9fc122fd74bbad.jpg,-0.55946565
images/sjchoi86/b2ece85f59044fe8.jpg,-1.131669
images/sjchoi86/a6834af3d158c8d1.jpg,-3.9105282
images/sjchoi86/1882a5d486655399.jpg,-2.9625063
images/sjchoi86/3b92d9536dc2cf6c.jpg,-4.5482445
images/sjchoi86/8b0b4891255a08a0.jpg,-2.7193923
images/sjchoi86/e862ac7a5607776f.jpg,-2.450623
images/sjchoi86/2cc0b32a97a7a06b.jpg,-4.0253663
images/sjchoi86/2d841585a9a5bca1.jpg,-2.8183484
images/sjchoi86/5cd2a9540232459d.jpg,-5.2421575
images/sjchoi86/e1a394be442b216a.jpg,-3.6674147
images/sjchoi86/290b5519e45e32d9.jpg,-3.3595517
images/sjchoi86/4c6a315b8be3127e.jpg,-4.2550416
images/sjchoi86/f397195b96874ce0.jpg,-3.6332073
images/sjchoi86/18ae34531adbac21.jpg,-3.1396496
images/sjchoi86/07e14d7d1c9e339e.jpg,-4.834117
images/sjchoi86/b0441746ad0f8509.jpg,-4.3283424
images/sjchoi86/fb48f5a24732781d.jpg,-4.2892485
images/sjchoi86/9e108ac1f8ebc664.jpg,-0.22594762
images/sjchoi86/c6fe727f61f1181e.jpg,-5.115103
images/sjchoi86/0ca74b6a14dbb593.jpg,-4.09378
images/sjchoi86/95239185477b6546.jpg,-2.534308
images/sjchoi86/e462473e6d99ec6d.jpg,-4.8732104
images/sjchoi86/e8f65b8f5ddd7c86.jpg,-3.7211685
images/sjchoi86/adcfc65b239447a2.jpg,-3.73705
images/sjchoi86/214c04057bfe326d.jpg,-1.2947631
images/sjchoi86/6f93991db360808b.jpg,-4.1426473
images/sjchoi86/f28189b5b9acbcb9.jpg,-3.0639057
images/sjchoi86/82d3cddb5890e726.jpg,-1.4682032
images/sjchoi86/737035026a59f065.jpg,-5.4718328
images/sjchoi86/6e37ec877e8fd49e.jpg,-5.5866704
images/sjchoi86/78460296169245e7.jpg,-6.4320717
images/sjchoi86/7601658bb919b2e1.jpg,-3.8152375
images/sjchoi86/1bc5d4606d21e54a.jpg,-3.9545088
images/sjchoi86/d12d5af124aa473a.jpg,-5.5524635
images/sjchoi86/3ef0cb75ef04af0f.jpg,-2.3254013
images/sjchoi86/f7259312257d182f.jpg,-3.8995333
images/sjchoi86/83bde7de6753338b.jpg,-3.847001
images/sjchoi86/28c866e804e221df.jpg,-2.8672154
images/sjchoi86/2c2e3e55979d4bfe.jpg,-2.246603
images/sjchoi86/c871499f36c11aa3.jpg,-1.1325853
images/sjchoi86/a82c8856f72ba3d8.jpg,-4.7632594
images/sjchoi86/5428e57dba158467.jpg,-3.717503
images/sjchoi86/ade245e42d9b8c99.jpg,-4.267258
images/sjchoi86/cf6c664464d97184.jpg,-2.5642393
images/sjchoi86/5b049ddc9c9999a5.jpg,-1.9179716
images/sjchoi86/64c14b4430981560.jpg,-2.6595302
images/sjchoi86/1fb983a01100ffb2.jpg,-1.9115578
images/sjchoi86/5da820ec854ceb65.jpg,-3.7126164
images/sjchoi86/dea33fe8c0594ff2.jpg,-1.0441664
images/sjchoi86/4f6203c9ac84862b.jpg,-0.7763135
images/sjchoi86/67741f707dcc0e7d.jpg,-1.5786505
images/sjchoi86/5653afcf86f10c72.jpg,0.12467396
images/sjchoi86/5902550251d3a918.jpg,-1.393089
images/sjchoi86/c9cdecbfe5c87abb.jpg,-1.2156595
images/sjchoi86/d7f274ea25e6be54.jpg,-1.7026508
images/sjchoi86/6e117352186707ff.jpg,-5.645311
images/sjchoi86/f4d9288190a86cb5.jpg,-4.553131
images/sjchoi86/edec0ac1410aff06.jpg,-4.189071
images/sjchoi86/604b3138bfe1a95e.jpg,1.1667653
images/sjchoi86/d0a592496df0d29a.jpg,0.2224083
images/sjchoi86/a5f2abdf380591b1.jpg,-3.2178369
images/sjchoi86/48518d2319b03b84.jpg,-1.486643
images/sjchoi86/ba1b651c7371cf6c.jpg,-4.1866274
images/sjchoi86/eda35e7ceb458d50.jpg,-5.694178
images/sjchoi86/ffc8d575d9204908.jpg,-5.137093
images/sjchoi86/4362e1b8e4af90ac.jpg,0.76239
images/sjchoi86/ed19487444c0926d.jpg,0.13444746
images/sjchoi86/fda09c21e4c4612b.jpg,-2.6815205
images/sjchoi86/c80e07b39dcaded4.jpg,-4.5018206
images/sjchoi86/f3c144eac7e92dd7.jpg,0.5510396
images/sjchoi86/92dc478f066d5bb9.jpg,-0.61993873
images/sjchoi86/203c63c957c9f727.jpg,0.58646834
images/sjchoi86/bce814fbb273d465.jpg,2.0585904
images/sjchoi86/e81a52343d8503fc.jpg,0.7831584
images/sjchoi86/feb8a710905241f1.jpg,1.899772
images/sjchoi86/6392525a532d1106.jpg,0.78560174
images/sjchoi86/cb978677b1824d82.jpg,0.265167
images/sjchoi86/fcdbc253f0693221.jpg,-0.9424617
images/sjchoi86/5747bc141744ab9c.jpg,0.488734
images/sjchoi86/bc53d866100593f1.jpg,-1.171679
images/sjchoi86/49c822f3c21685a1.jpg,0.0073928833
images/sjchoi86/72362617fd09b5db.jpg,-1.174886
images/sjchoi86/62223ae82aa0df30.jpg,-0.21983922
images/sjchoi86/e8e13b22cca45a3c.jpg,-0.5649632
images/sjchoi86/c4b5c60aaa54d358.jpg,0.6084584
images/sjchoi86/c3b98fb0091b4b06.jpg,-0.49349505
images/sjchoi86/ae96bb5fdec92e8f.jpg,-0.036587477
images/sjchoi86/edc7d3d80fb01e03.jpg,0.15399432
images/sjchoi86/9b39d4a6cc868273.jpg,-0.0072672367
images/sjchoi86/4a69684c1e3e350a.jpg,1.5405988
images/sjchoi86/09f158e4af813447.jpg,-0.81907225
images/sjchoi86/38dec3ffdf97f52f.jpg,1.4575247
images/sjchoi86/17bb39346721c1aa.jpg,-0.087898016
images/sjchoi86/0d0002bec2335d08.jpg,0.4643005
images/sjchoi86/f0c3c40fbcc86c74.jpg,1.32314
images/sjchoi86/a432916e4c70e12a.jpg,1.1154548
images/sjchoi86/23196c7554d9f66f.jpg,-1.1423588
images/sjchoi86/9e55ffee7bfb5629.jpg,0.02327478
images/sjchoi86/ef98a24227ff850e.jpg,0.8259171
images/sjchoi86/b81d5c7e987a3873.jpg,-0.010932207
images/sjchoi86/278eb97a498bb555.jpg,0.63167036
images/sjchoi86/c8417decc3d86077.jpg,1.1545485
images/sjchoi86/1cc595802f703180.jpg,-2.6381507
images/sjchoi86/a78b3af4e9ac06db.jpg,0.6829809
images/sjchoi86/11694e3564832622.jpg,0.7232963
images/sjchoi86/aee276500f487783.jpg,-2.693737
images/sjchoi86/7cea6e2486a4cc14.jpg,1.569919
images/sjchoi86/1a902f27e7d14ded.jpg,-0.21739578
images/sjchoi86/a2fe89952e323545.jpg,-1.1241863
images/sjchoi86/899560851aae0e0c.jpg,-1.7664835
images/sjchoi86/4b4708b0b8d1367e.jpg,0.4154334
images/sjchoi86/f6b9f63833c80862.jpg,-0.44218457
images/sjchoi86/3144177de2cacb0b.jpg,1.3768939
images/sjchoi86/5b09b39253dcd3aa.jpg,-4.9416246
images/sjchoi86/8f1ba263bccca79f.jpg,-0.5612982
images/sjchoi86/f473803b717c668f.jpg,-0.41836184
images/sjchoi86/b4128a3cb6eeeafd.jpg,-3.4719458
images/sjchoi86/2ad2ca5a3c1ea333.jpg,-1.9094198
images/sjchoi86/83efd982e26d53a0.jpg,0.29448724
images/sjchoi86/740425d8a27b57c5.jpg,1.2522827
images/sjchoi86/6e39c2ee27d427ff.jpg,1.7043036
images/sjchoi86/db09de68490a5e69.jpg,1.32314
images/sjchoi86/a13e23d203050a05.jpg,1.2034158
images/sjchoi86/857b26fb58f507b1.jpg,0.5656998
images/sjchoi86/a23836adb6b390ab.jpg,1.1545485
images/sjchoi86/06d4b8cc8d6332dc.jpg,1.2107457
images/sjchoi86/1b7b27bb786c829b.jpg,0.7965969
images/sjchoi86/f226695ac42e7b60.jpg,0.82469547
images/sjchoi86/24cb523915a970a1.jpg,-1.6876853
images/sjchoi86/63e4f6ffa1e6d213.jpg,-3.3522215
images/sjchoi86/506f7ea8a4abd2ab.jpg,1.32314
images/sjchoi86/c37aad1e1a19a4e8.jpg,-1.7670944
images/sjchoi86/467953db78b32a47.jpg,-2.4829977
images/sjchoi86/cd4918c3e31b8228.jpg,1.9315358
images/sjchoi86/b732fbefbbad0770.jpg,1.2498394
images/sjchoi86/309a3716d89cef9c.jpg,1.67987
images/sjchoi86/ec773ec2ddd02a14.jpg,0.96641004
images/sjchoi86/b51ecafce6e5b208.jpg,0.5620347
images/sjchoi86/1820058ea1f0904f.jpg,1.7653877
images/sjchoi86/5ed9f4d616ed5e70.jpg,0.97862685
images/sjchoi86/0892b9b39d16eaad.jpg,-1.6262959
images/sjchoi86/7b0c848030036845.jpg,-2.2325537
images/sjchoi86/75723bdea95118e6.jpg,0.24562013
images/sjchoi86/1a5f7fbcf910e407.jpg,1.1496619
images/sjchoi86/b68ddf81e96fbe35.jpg,1.0983514
images/sjchoi86/e63e08ec94f264f4.jpg,1.1130115
images/sjchoi86/abed61ab1946237b.jpg,1.2278491
images/sjchoi86/9c96997f31c3699b.jpg,1.5137218
images/sjchoi86/0a0ed4d10d8de37a.jpg,1.7849344
images/sjchoi86/ea761e662dc679a8.jpg,0.3665663
images/sjchoi86/6fa2cb2a2380c111.jpg,0.5033941
images/sjchoi86/cf633f9fef34ac9b.jpg,-0.30841088
images/sjchoi86/8d8c1e30abbc9863.jpg,-2.5984464
images/sjchoi86/d50a30f4c14af2ce.jpg,-1.2084821
images/sjchoi86/42ff149803e556eb.jpg,-1.030728
images/sjchoi86/bf19406c465f1740.jpg,1.0421542
images/sjchoi86/19b9d46e1ab4c795.jpg,0.9309815
images/sjchoi86/8f876c9777cfea5f.jpg,-2.9111958
images/sjchoi86/48ad63429e397873.jpg,-1.1226592
images/sjchoi86/2ba94b25266a40b1.jpg,0.23340333
images/sjchoi86/c3ae798cc7dd6c4f.jpg,1.8240281
images/sjchoi86/a58eae1160fefd6b.jpg,0.68420255
images/sjchoi86/160d4d42f2754a21.jpg,2.0952406
images/sjchoi86/c29de9b63798b1b8.jpg,1.232736
images/sjchoi86/d333f29524a1a9e9.jpg,-1.1130385
images/sjchoi86/532bcc4f90155030.jpg,1.9632994
images/sjchoi86/024632ed768b5941.jpg,-2.1335979
images/sjchoi86/d99d71d18d0955d2.jpg,1.4868449
images/sjchoi86/5b9cbbef57289fa6.jpg,1.6456631
images/sjchoi86/39e3fe43e0552941.jpg,-2.1012232
images/sjchoi86/37dbe344594fe18a.jpg,-5.89209
images/sjchoi86/bbac38acbd77f656.jpg,-3.8995333
images/sjchoi86/07cdbf062dcc2054.jpg,-1.9002572
images/sjchoi86/51bb2ecab2e512f4.jpg,-3.5037098
images/sjchoi86/025a38485add31de.jpg,-5.9653907
images/sjchoi86/e2ce406db4d4c774.jpg,-7.5462418
images/sjchoi86/ef1494dd5f644f84.jpg,-4.440737
images/sjchoi86/97807f908fa5636f.jpg,-3.3045762
images/sjchoi86/de69f7ce28df6031.jpg,-3.8140159
images/sjchoi86/80eddbf02f45ac19.jpg,-5.0320287
images/sjchoi86/42db3d3e9e5c6342.jpg,-4.42119
images/sjchoi86/25cc23e1f85c380c.jpg,-4.237938
images/sjchoi86/3b812b404c323e1c.jpg,-3.1811867
images/sjchoi86/9147c02ad159bacd.jpg,-4.765703
images/sjchoi86/328aa877620d0336.jpg,-5.89209
images/sjchoi86/162599f4a6706dd2.jpg,-3.1249895
images/sjchoi86/199a6c2cb5a945ae.jpg,0.65610397
images/sjchoi86/45bb4a9c889618b8.jpg,-6.141312
images/sjchoi86/af8e99f8009415ea.jpg,-4.7363825
images/sjchoi86/4c3b23c105e74da2.jpg,-2.1537554
images/sjchoi86/6335998f11c983e8.jpg,-5.210394
images/sjchoi86/72dfe7a230359441.jpg,-4.8732104
images/sjchoi86/a0ddfad4bdc269b1.jpg,-5.420522
images/sjchoi86/b945ecf17cd1c503.jpg,-4.523811
images/sjchoi86/bb2e90076adf0b98.jpg,1.0836912
images/sjchoi86/34d45fe6f43cd50c.jpg,-6.0924454
images/sjchoi86/48d62e08632fe7f8.jpg,-5.4058623
images/sjchoi86/685d86da97614e86.jpg,-3.1494231
images/sjchoi86/192fe27fee717eab.jpg,-4.360106
images/sjchoi86/7ea78df2e3b5c991.jpg,1.5845791
images/sjchoi86/be34aec166716833.jpg,-4.284362
images/sjchoi86/d10e82ebcf459a31.jpg,-5.0564623
images/sjchoi86/e8f703c415a263df.jpg,-5.293468
images/sjchoi86/f378bf7e2f3800c3.jpg,-3.9471788
images/sjchoi86/4b0ffda2580a375e.jpg,-5.5133696
images/sjchoi86/4e7d9fd84f63c409.jpg,-3.4010887
images/sjchoi86/88b1471926be8c46.jpg,-4.860994
images/sjchoi86/eb5739eb9092970f.jpg,-3.3057978
images/sjchoi86/7a1ad9b9ba83ead7.jpg,-2.8659937
images/sjchoi86/48f58d4eca53bdb2.jpg,-5.3667684
images/sjchoi86/ea45d7abcfb71af1.jpg,-1.4168545
images/sjchoi86/740b964d7269376b.jpg,-4.4260764
images/sjchoi86/2f5ccddd4384e7d0.jpg,-2.1916275
images/sjchoi86/9ba1c6456b7fcd12.jpg,0.93342483
images/sjchoi86/570a49696be7eab1.jpg,0.35190606
images/sjchoi86/3c3ba89e2bb1ac02.jpg,-4.1231003
images/sjchoi86/5edc8bf210393ce9.jpg,-5.9434004
images/sjchoi86/af432a3a477fc255.jpg,-4.389426
images/sjchoi86/8dafea28cacab0f3.jpg,-5.4767194
images/sjchoi86/a9cd6b77ba2b3127.jpg,-4.7950234
images/sjchoi86/c4660d8f42ee0c8a.jpg,0.47163057
images/sjchoi86/d9ef486e9f0a2688.jpg,1.3378001
images/sjchoi86/9c0cbabf9c9a998d.jpg,-3.4804978
images/sjchoi86/73db0696b1977344.jpg,-2.9844966
images/sjchoi86/30fa7f8b75ee2ff6.jpg,-2.1164942
images/sjchoi86/7675d160eaedadca.jpg,-7.003817
images/sjchoi86/3ae5640e1f8313b6.jpg,-3.0187035
images/sjchoi86/566eb185a2de2656.jpg,-5.0589056
images/sjchoi86/53ed340a574f9904.jpg,-4.386983
images/sjchoi86/7853ade123a1e877.jpg,-5.9653907
images/sjchoi86/4bffde3c6787c028.jpg,-5.8823166
images/sjchoi86/544e2405512cc4fd.jpg,-4.05713
images/sjchoi86/8eed9e4d78484863.jpg,-4.386983
images/sjchoi86/71a662e29210b710.jpg,-0.97178197
images/sjchoi86/70e9aeee89cafeca.jpg,-4.5091505
images/sjchoi86/80a35553e8a7d6c2.jpg,-3.0675707
images/sjchoi86/99fd089f94a9411a.jpg,-4.1353173
images/sjchoi86/5dd2bf8c2dc39286.jpg,-5.115103
images/sjchoi86/bd92e71b358940f8.jpg,-4.374766
images/sjchoi86/2fe4e1f2f9a3a9a6.jpg,-5.4058623
images/sjchoi86/48fa4cc35bdfcf45.jpg,-3.7309418
images/sjchoi86/9623144d49b3dd2b.jpg,0.7990402
images/sjchoi86/7d77f389b6ac040b.jpg,-5.3692117
images/sjchoi86/a38b0bef86601040.jpg,-5.1737432
images/sjchoi86/68c44d7c2fad7b66.jpg,-5.115103
images/sjchoi86/01828f5dd1d26c7e.jpg,-5.308128
images/sjchoi86/ae5661cbca355834.jpg,-3.5073748
images/sjchoi86/40e9b727698ed742.jpg,-2.740161
images/sjchoi86/bac99446cba61be5.jpg,-4.237938
images/sjchoi86/4ac31b347b8a00b9.jpg,-0.62665796
images/sjchoi86/1f73c6a27d152cc3.jpg,-4.470057
images/sjchoi86/ac054bdcba0b0989.jpg,-3.6209908
images/sjchoi86/3a5070723fe4b3d2.jpg,-2.7145057
images/sjchoi86/35b5b99fa076039c.jpg,-4.9147477
images/sjchoi86/ffb78bafdfc6adf0.jpg,-4.279475
images/sjchoi86/6edbb32c9b8d95b0.jpg,-4.1792974
images/sjchoi86/e256fb77b3c22f82.jpg,-1.7414391
images/sjchoi86/a5d7e2db0cacb414.jpg,-2.3357854
images/sjchoi86/f301cb642972e437.jpg,-4.367436
images/sjchoi86/8d99a0b93f61bd60.jpg,-4.648422
images/sjchoi86/d8b861b49a2bfb42.jpg,-4.2477117
images/sjchoi86/a90adb697ef2d36d.jpg,-2.807353
images/sjchoi86/4bd30a5643e25fe3.jpg,-3.7944689
images/sjchoi86/c543fd7ae347237e.jpg,-2.5281997
images/sjchoi86/910fac0baf7cc262.jpg,-2.10611
images/sjchoi86/cfe0bcc42d8dbcfd.jpg,-3.8531094
images/sjchoi86/026e5cb6f87c93a6.jpg,-2.6118846
images/sjchoi86/9efc976ecaec95a6.jpg,-1.912474
images/sjchoi86/0ada658878e09122.jpg,-2.5960028
images/sjchoi86/198cdf2b6a222452.jpg,-3.187295
images/smdg/6851f52f8046d5e6.jpg,-2.8782105
images/smdg/4c18bfc3b0588db3.jpg,-2.11344
images/smdg/4615cebe29684de3.jpg,-1.3301154
images/smdg/260cde72cfbfd0e4.jpg,1.1692086
images/smdg/e0a96857350e0268.jpg,-3.0174818
images/smdg/7033a6c8cfbe82bd.jpg,1.3109232
images/smdg/ce78ec0e2d701304.jpg,-0.3395636
images/smdg/455462eb57aa3b5a.jpg,-0.49593842
images/smdg/26f572d6c60c792c.jpg,-3.0309203
images/smdg/1bbcc7257caa1cc2.jpg,-0.5448055
images/smdg/3d7d09c4f5155c78.jpg,-3.7199464
images/smdg/12dd99f3411d76fb.jpg,-2.626545
images/smdg/56a2f7694c751458.jpg,-3.0956693
images/smdg/52ce138b54500e55.jpg,1.816698
images/smdg/7d1bc5f4d8b938fb.jpg,-2.6558652
images/smdg/8b0d6cbb52d07b84.jpg,-3.0284767
images/smdg/e09cf80a8b0c53a0.jpg,0.6255621
images/smdg/fdfb9dd3b096d101.jpg,-1.6096506
images/smdg/1c17dbb5915d71ad.jpg,-0.6462048
images/smdg/6f88ec1a2192a25e.jpg,-2.4536774
images/smdg/8704dca2d5cd6625.jpg,1.3158101
images/smdg/3d4c119eeabb62e9.jpg,-3.4853845
images/smdg/eede999a1ac7655e.jpg,-1.6502714
images/smdg/f22ce69a116a06df.jpg,-4.8047967
images/smdg/043d81560bb74580.jpg,-4.462727
images/smdg/5b27e9899b5680ec.jpg,-5.4131923
images/smdg/ce634e2dc6031fdd.jpg,-0.66086495
images/smdg/12ed3880ced72ef0.jpg,-0.8322053
images/smdg/0d8e18928e230295.jpg,0.5730299
images/smdg/612feac0ae1ddc79.jpg,-0.80196875
images/smdg/74c462abfde5eb43.jpg,1.5039486
images/smdg/8c7fb00db0ec6cb9.jpg,-0.58023417
images/smdg/474aa649df88b972.jpg,-2.0346417
images/smdg/8e58c15ce5cb8b26.jpg,0.4398669
images/smdg/ea956c3e005a65d2.jpg,-2.6363182
images/smdg/fca520360c113e93.jpg,-1.1156346
images/smdg/4a00084ef851e869.jpg,-1.4790456
images/smdg/9928993d3651139d.jpg,0.42032003
images/smdg/4fe72981bcb61ae6.jpg,-3.9300752
images/smdg/83993a1ab8c79c66.jpg,-1.7594589
images/smdg/e8514eab6889be67.jpg,-1.842533
images/smdg/04230b673e9188f9.jpg,-1.0007968
images/smdg/1c9c2a6d9ea6b13b.jpg,1.342687
images/smdg/53fc6111914ff741.jpg,-0.71522963
images/smdg/8ebafbea9a0103ad.jpg,-1.8422276
images/smdg/f59430680a5adcb6.jpg,-1.060659
images/smdg/a5d8e3b2ace21987.jpg,-0.7433282
images/smdg/fa15389974049882.jpg,-1.9042277
images/smdg/80ccdbdc37f90caf.jpg,-0.64559394
images/smdg/c06aaa7d9e062ba5.jpg,-2.4982686
images/smdg/9136ff278c58f10a.jpg,0.7110795
images/smdg/b29e793b607bc647.jpg,-1.6036949
images/smdg/fb2672dd7315e165.jpg,-0.20029235
images/smdg/cbf78d024d521f22.jpg,-2.5636284
images/smdg/083489129f4fe568.jpg,-1.3078198
images/smdg/b606656455685352.jpg,-4.0986667
images/smdg/43659c08a6b24a7d.jpg,-1.0206491
images/smdg/8b72a29a84b9a171.jpg,0.0049495697
images/smdg/b2fd3b560ab3c35b.jpg,-0.9363533
images/smdg/3543fab469161906.jpg,-0.11355317
images/smdg/8a5b6b89354f0206.jpg,-5.6062174
images/smdg/39fd9a96171972f4.jpg,1.5479289
images/smdg/0ec92170a87e888e.jpg,-3.8079076
images/smdg/29b584d539ca2a77.jpg,-1.8574985
images/smdg/17f3b9fe88b23ae6.jpg,-2.3272338
images/smdg/242f88237738cf17.jpg,-0.0634644
images/smdg/f363094661463cc8.jpg,-3.1359844
images/smdg/067e9b4fb741a7a9.jpg,-0.75004745
images/smdg/4afd4096726cb864.jpg,-2.0221195
images/smdg/e476cce238561d6c.jpg,-1.6985277
images/smdg/25edae85b2df9c1c.jpg,-4.022923
images/smdg/f207490a9c620d46.jpg,-0.69262856
images/smdg/10fc16a828d3edcc.jpg,-0.5832884
images/smdg/9cbf7e34edf17e0c.jpg,-1.3245416
images/smdg/6758b0ad4e18bad2.jpg,1.0604793
images/smdg/16ef538c2f2bdb0b.jpg,-5.137093
images/smdg/9edde7b09b2137f5.jpg,-0.57962334
images/smdg/fbd8919ffcaedc29.jpg,-1.0194274
images/smdg/f2186dd1a22681e1.jpg,0.58035994
images/smdg/4c46402357a33a25.jpg,-4.7681465
images/smdg/2d4918418fe6a8bf.jpg,0.8479074
images/smdg/49d655b51537b1e9.jpg,-3.6564193
images/smdg/46b0ae89a6cef73e.jpg,-0.13920844
images/smdg/315b0bdba12c054a.jpg,2.6303358
images/smdg/9b3d05fd4acd2d00.jpg,0.029383063
images/smdg/6b0c48f69054ed39.jpg,1.2400659
images/smdg/043b671bdeb65a38.jpg,-0.9278016
images/smdg/7115ecfa9bf7c837.jpg,-1.4932858
images/smdg/455d140eab5c9001.jpg,-4.3185687
images/smdg/a28cef26287f1762.jpg,-0.57473665
images/smdg/b91ee1ef5e553da2.jpg,-1.0896739
images/smdg/b22606ac3de88cf7.jpg,-5.080896
images/smdg/aacb7f4ad53a491d.jpg,0.9163214
images/smdg/5d09bf1aacfabee9.jpg,-2.5562983
images/smdg/c1951a4c66975b5f.jpg,-1.6875325
images/smdg/028164dfbd19a106.jpg,-0.7775352
images/smdg/1df77fcee6779717.jpg,-0.11233151
images/smdg/aa4416b6e32a4a48.jpg,0.876006
images/smdg/64e7012f94456dd1.jpg,-2.9356294
images/smdg/b3f615e50b10f0fd.jpg,-3.407197
images/smdg/4bca02efb9c3ff88.jpg,1.5112785
images/smdg/457dbbb922d81c5d.jpg,-3.5880055
images/smdg/e44f1b9eafe306ee.jpg,-5.100443
images/smdg/da921fc0d7baceac.jpg,-0.8633581
images/smdg/ccefe39dbc764f8b.jpg,-0.85541713
images/smdg/b87e52f1f8292203.jpg,-0.561909
images/smdg/76fdc534ad4e632d.jpg,-4.333229
images/smdg/f4514f9087f1fcf6.jpg,0.61334527
images/smdg/efdfb81ca86261e4.jpg,-1.4722881
images/smdg/73f8f36175443d3d.jpg,-5.5597935
images/smdg/bbc2df2c4db6c87c.jpg,-2.5422492
images/smdg/9944a860851b459a.jpg,-1.2126052
images/smdg/9498bfa60d991b1c.jpg,-2.03342
images/smdg/a6f15261ba04fd12.jpg,-0.45684475
images/smdg/00b63ac9c5117455.jpg,-5.611104
images/smdg/ef65208a5689e5be.jpg,0.63411367
images/smdg/93bed73f8914bd08.jpg,-0.990718
images/smdg/edccddecb5e66b5e.jpg,-0.34689367
images/smdg/911e70f8e8b23a75.jpg,-2.9246342
images/smdg/74c99da37b50c4a3.jpg,1.1838688
images/smdg/b77be6d49adc80df.jpg,-3.4695024
images/smdg/c353bce0049af101.jpg,-1.912474
images/smdg/116ec29df5877caa.jpg,-2.2893617
images/smdg/5852f3a11d3de828.jpg,-3.2190585
images/smdg/5922faf980775f46.jpg,-3.410862
images/smdg/cac035c76ed287ca.jpg,0.42642844
images/smdg/68178791d256754e.jpg,-5.1786304
images/smdg/9caa5051f722e5c0.jpg,-5.5402465
images/smdg/d3a50a42ba47cb7f.jpg,-0.15142524
images/smdg/1ad869054cee1b5b.jpg,-1.5548278
images/smdg/b94d8e598f235acd.jpg,-4.7070622
images/smdg/6334ea24672d2758.jpg,-0.6975153
images/smdg/628ee342423a2d16.jpg,-3.9862723
images/smdg/4242720051c8b4dd.jpg,-2.9148607
images/smdg/1348a4c90d224fbe.jpg,-1.848336
images/smdg/b3de3c85b6507fa0.jpg,-5.9165235
images/smdg/6e40a8d054580baf.jpg,-0.46173143
images/smdg/4794f3009ef1aa64.jpg,-5.8798733
images/smdg/d5f9005b3fe64f7b.jpg,-5.5891137
images/smdg/253895e410f06d22.jpg,0.85523736
images/smdg/f56c2f6872e8611e.jpg,-4.189071
images/smdg/f65f55a223a9dc0d.jpg,-4.5824513
images/smdg/df228ed1b440e6fb.jpg,-2.2826424
images/smdg/9f4fad26e1e6d330.jpg,-0.8205993
images/smdg/76bffa4cb2aa3968.jpg,-4.3649926
images/smdg/6d1bff3d53ddbf73.jpg,-1.0447773
images/smdg/477d50917b3c9bb1.jpg,-5.3594384
images/smdg/eaa542cbd66c6aed.jpg,-3.2239454
images/smdg/c2cb704868099343.jpg,-5.0564623
images/smdg/4426db2d2db58e4e.jpg,0.89310944
images/smdg/5221cb7322fd288c.jpg,-3.4291873
images/smdg/a32bf573949f09f4.jpg,-2.640594
images/smdg/41966d6fb75dd990.jpg,-0.46356392
images/smdg/92ecc3a38d5d7149.jpg,-2.4005344
images/smdg/bb799f3b716815bd.jpg,0.10390544
images/smdg/966478575f3c2828.jpg,-2.8110182
images/smdg/b96f36146079a6fd.jpg,-1.6886015
images/smdg/ae89a40ae631fe08.jpg,-0.25648952
images/smdg/bbec8f537fbcb94c.jpg,-0.8868754
images/smdg/cc3b8aaf08528c52.jpg,-0.25343537
images/smdg/6f33f3c816769147.jpg,-1.3657349
images/smdg/03ef0d488a2fd767.jpg,-4.167081
images/smdg/14cdf2cdd6207607.jpg,-2.2423272
images/smdg/73e167642899e68a.jpg,-1.6204929
images/smdg/936ad96fc691e080.jpg,-4.81457
images/smdg/ed307843b9326880.jpg,-5.342335
images/smdg/5478cbd64c44d797.jpg,-1.2857533
images/smdg/f0c4d1c54504aae3.jpg,-0.87068814
images/smdg/0f1f2108866df2d5.jpg,-2.47017
images/smdg/1144ee5311db1d13.jpg,-2.6949587
images/smdg/108a43a02d7a7dcc.jpg,-3.9251885
images/smdg/696688566dd7b86a.jpg,-0.31390834
images/smdg/3129fd321b6d567f.jpg,-2.4707808
images/smdg/01ed5351c1a0bdb0.jpg,-3.070014
images/smdg/7ccdb1211ea7dc05.jpg,-0.6309338
images/smdg/f01f8b116db6780e.jpg,-3.2838078
images/smdg/24ba11f47397ce8e.jpg,-1.0014076
images/smdg/425826d58cb44b11.jpg,0.05992508
images/smdg/dff8e49b782523a5.jpg,-3.6124392
images/smdg/99f301697d38f7ca.jpg,-1.7095227
images/smdg/b3427faef5381e3d.jpg,-5.15664
images/smdg/9cdd0377496f5ce5.jpg,-0.9684224
images/smdg/85c31b80efc45494.jpg,-0.52831286
images/smdg/90742be8f7fb8127.jpg,-1.1309055
images/smdg/4b08cc64464d650c.jpg,-0.3334552
images/smdg/4a1a4f5930ca187a.jpg,0.0135012865
images/smdg/04434cc1810cbe09.jpg,-2.1109967
images/smdg/eaa05d39c90f2b88.jpg,-0.7790623
images/smdg/52bf74d47ea2371e.jpg,-0.28214478
images/smdg/7302248e3328da5f.jpg,-0.08301127
images/smdg/68bbdd4f4dbecf78.jpg,-5.5158134
images/smdg/b4e967e0e99a458e.jpg,-1.1302947
images/smdg/3f8a3bf067dcc3ef.jpg,1.7140771
images/smdg/97f774f9752634ea.jpg,-1.1845067
images/smdg/bd12d61fd3a3ae1a.jpg,-1.8092422
images/smdg/e82c2c0ee42b710a.jpg,-3.4841628
images/smdg/c18f4eaab696a446.jpg,-0.82762396
images/smdg/b135c310cbad66a5.jpg,-0.6816335
images/smdg/54b9c85acbbd4542.jpg,-3.3632166
images/smdg/ccae588d969a4375.jpg,-0.9213878
images/smdg/a4ca4de3d84061cc.jpg,0.8369123
images/smdg/569a7625b7eac869.jpg,-4.5702343
images/smdg/13703676c9f93002.jpg,-0.37010562
images/smdg/d85be3233cff02fa.jpg,-0.3475045
images/smdg/da4be8656c87a58d.jpg,-4.401643
images/smdg/68dfcf5e70d2ac9c.jpg,-0.6193279
images/smdg/1a9d4931fb68d806.jpg,-2.2258344
images/smdg/1fc90dd2c51e4ae6.jpg,-3.6258774
images/smdg/5b91c760d43eba49.jpg,0.003727913
images/smdg/5dc593243b5594c5.jpg,-3.5611286
images/smdg/ddad13cc5efbe43f.jpg,-0.7763135
images/smdg/f3d3d948e056de07.jpg,-2.6430373
images/smdg/744ec9b96c5514b7.jpg,-4.1621943
images/smdg/0863976ccdf2bd3c.jpg,-1.0203437
images/smdg/fc92b3acb0feb991.jpg,0.058703423
images/smdg/4bea5d9b5cbb720a.jpg,-4.6533084
images/smdg/d96ea61701d51c4d.jpg,1.5186087
images/smdg/b7c515a249da8821.jpg,-1.2158122
images/smdg/a5a9d82bd8f9747f.jpg,-1.0325605
images/smdg/90e16cc1b3e86e8a.jpg,-1.6023206
images/smdg/f4c1bcd0aeed7f1c.jpg,-5.3863153
images/smdg/db5ec478413fdb1e.jpg,1.4428645
images/smdg/92edb9a28ef2a858.jpg,-0.9265799
images/smdg/a6ad5688cff90b07.jpg,-0.8175451
images/smdg/065c204f86e1bad0.jpg,-3.4475126
images/smdg/2c00e86eb86bdfb5.jpg,-2.5257564
images/smdg/5896801c50732fd1.jpg,-5.5426903
images/smdg/96571972954f280b.jpg,-1.5407785
images/smdg/87b9f598b0223a2f.jpg,0.47773898
images/smdg/c5eab1b18f2d2d39.jpg,-1.2562802
images/smdg/6621d0ffeddcd193.jpg,-0.5099877
images/smdg/0690cfefaf9e9141.jpg,-1.5705569
images/smdg/1829a642d6e9edf3.jpg,0.8576807
images/smdg/951895171cfbdd32.jpg,0.9395331
images/smdg/19ec47c37ce034f2.jpg,0.20286143
images/smdg/fd827a286f3adc0d.jpg,-0.5832884
images/smdg/e42ea2269dd8b333.jpg,-1.819932
images/smdg/575bb6d5f68fcea8.jpg,-1.9845531
images/smdg/0218d892b8372e9f.jpg,0.73306954
images/smdg/bc85545b64e8a59b.jpg,-1.5632268
images/smdg/111b8a8591cb195b.jpg,-2.7535992
images/smdg/faaecb7c7d749491.jpg,1.3451303
images/smdg/163f2d2cebd74da6.jpg,-5.7088385
images/smdg/4a4e73f01c71944d.jpg,-0.39331746
images/smdg/c7b6ebaeb9adba61.jpg,-2.8916488
images/smdg/dc850e86cb5d1421.jpg,0.5168326
images/smdg/a6a8a94b03570d91.jpg,-1.5103129
images/smdg/3dbb7878f096def9.jpg,-1.6861582
images/smdg/660d12ac2df222b8.jpg,-2.6570868
images/smdg/7acc77f2b736465a.jpg,-0.90520054
images/smdg/4d84d40148155293.jpg,0.31525576
images/smdg/899b847b517add02.jpg,-0.60894364
images/smdg/1253c15fc9df6e06.jpg,-6.1461987
images/smdg/ebc235e4b3a8b2b4.jpg,-3.713838
images/smdg/8969bcd1e954cd04.jpg,-2.4029777
images/smdg/638c96bc517956d2.jpg,-0.95681643
images/smdg/497afad5f9a3c288.jpg,0.27982712
images/smdg/9576851e49ea9280.jpg,0.3665663
images/smdg/877a13c82c5d5303.jpg,-2.4775
images/smdg/00d70b838a417c9a.jpg,-4.0693464
images/smdg/a93051b496fe00e0.jpg,-1.5125272
images/smdg/11bd5ef770d28d2c.jpg,-0.987053
images/smdg/09c2e9209263ab32.jpg,-1.5265001
images/smdg/166f90ad83978776.jpg,-0.12576997
images/smdg/593d1f9e75c8ed92.jpg,-4.4602833
images/smdg/538f0a03eb4edba9.jpg,0.84057724
images/smdg/84ac1f936e3df6d2.jpg,-0.7769244
images/smdg/a94c0e326eb44446.jpg,-3.8323412
images/smdg/ac395b28c73ff733.jpg,-2.9844966
images/smdg/46e437ccbe0e9263.jpg,-0.16547453
images/smdg/d30621a75801bb54.jpg,-1.3004897
images/smdg/650f5d21b6c2dfcc.jpg,-3.1970685
images/smdg/3c8cd1f7f7e32f6c.jpg,-5.440069
images/smdg/00cbe58da3808332.jpg,-0.96017605
images/smdg/b9e8cef63f647234.jpg,-5.2910247
images/smdg/7c201c20b229d67d.jpg,1.6554366
images/smdg/7e19a0e3d5209a8a.jpg,-0.17402625
images/smdg/f1a2ea6b161284e3.jpg,-2.3559432
images/smdg/801a7deab93470ef.jpg,-3.3925369
images/smdg/bf44ba6ff9459215.jpg,-0.6804118
images/smdg/61eff659994bbdd6.jpg,-2.572791
images/smdg/2697de9bc0d1ff7c.jpg,-0.8856537
images/smdg/858c1574623c9b10.jpg,-5.2959113
images/smdg/3a94363dd31d6b73.jpg,-6.3025737
images/smdg/45ff3114b4f6530b.jpg,-0.3145193
images/smdg/add9b61b6ddeb2db.jpg,-1.0011022
images/smdg/5106e58b8a7d9a33.jpg,-2.3773224
images/smdg/7a9b6f7fb1671af3.jpg,-5.266591
images/smdg/db16f355727399d6.jpg,1.0751394
images/smdg/d3de13035f4ad4ef.jpg,-3.2422705
images/smdg/2b7b90bf97a9121b.jpg,-2.3461697
images/smdg/656d8d430c0ee9b9.jpg,-0.49288422
images/smdg/bd7338d715f5c7d0.jpg,1.6774267
images/smdg/5d4082f70fc05bee.jpg,-1.0652404
images/smdg/8088149a30a21087.jpg,-1.3091942
images/smdg/2b461339cc32885d.jpg,1.0372676
images/smdg/345f27434c4811c3.jpg,-5.574454
images/smdg/3f109111814e2d11.jpg,-4.0888934
images/smdg/4301ef9b12015377.jpg,-0.43302202
images/smdg/7b95b8a9ca99cb58.jpg,-3.1237679
images/smdg/5c98061f3cf548e4.jpg,-5.0369153
images/smdg/e6789056b6ecf034.jpg,-2.6479242
images/smdg/86a7c250549650ea.jpg,-4.0082626
images/smdg/71f3a2ac1dcc2e47.jpg,-0.24610531
images/smdg/0e0c16fc3d574ca7.jpg,-5.356995
images/smdg/eb4fd289bd837bcc.jpg,-0.93482625
images/smdg/85d028334c4c68c3.jpg,1.5161651
images/smdg/96d36852e5b83e03.jpg,-3.1249895
images/smdg/011ec7f7c20d8d94.jpg,-0.8578605
images/smdg/5eb218e512391984.jpg,1.2522827
images/smdg/b671cc61117939a8.jpg,-2.2930267
images/smdg/5e668195b5568de1.jpg,-2.034031
images/smdg/46fbc7fd586e67a0.jpg,-0.04269588
images/smdg/e0bb00152d3eeff2.jpg,-1.0579103
images/smdg/a45815359fd2fe10.jpg,-2.7829196
images/smdg/43be264157ec4ab1.jpg,-3.996046
images/smdg/3e12a2ce4d02188b.jpg,-1.4916823
images/smdg/10a99d91ad79d239.jpg,-2.1494796
images/smdg/37b0a58cd37f7716.jpg,-1.5345174
images/smdg/5ec28e916496ad97.jpg,-1.7252519
images/smdg/969b2eb09da9b6f5.jpg,-1.8636069
images/smdg/a8ca9315fa87885b.jpg,-2.9282994
images/smdg/982551ee49ebc7bb.jpg,0.20163977
images/smdg/0f685f766a46a092.jpg,-1.7777841
images/smdg/a8e99c413fdbdbae.jpg,-2.1531446
images/smdg/2808b536b6a02b2c.jpg,-3.214172
images/smdg/6d144036acdfbe39.jpg,-0.7335548
images/smdg/1e21e54b7959cc98.jpg,-0.82395893
images/smdg/ca44f8dff0b5d067.jpg,-0.08178961
images/smdg/e6e27348cc595992.jpg,-0.13554347
images/smdg/f0d0c1ba754f1b91.jpg,-0.57473665
images/smdg/b397b86a11281bec.jpg,-2.6790771
images/smdg/46ce108aff5e6cad.jpg,-3.9862723
images/smdg/aded0a05228d0466.jpg,-3.2361622
images/smdg/ba2dc70f293e012e.jpg,-2.2973027
images/smdg/7c12faf6e0730c97.jpg,-2.9063091
images/smdg/01f7c9b54c71da36.jpg,-2.0102081
images/smdg/086eb7c28d60dff9.jpg,0.50583756
images/smdg/4a910616f2acbdc0.jpg,-4.3991995
images/smdg/c6cd2dd2ab4e5b32.jpg,0.720853
images/smdg/c1f9e2c4a8f68be2.jpg,-1.5894929
images/smdg/95e210fcc44439a6.jpg,0.8821143
images/smdg/dc90e9e5a7eccc5b.jpg,-0.7983037
images/smdg/3459a4ef5f08d98e.jpg,-0.72378135
images/smdg/03fcda38263f0e49.jpg,-2.2704258
images/smdg/f91d3db84db74e5d.jpg,-1.2104673
images/smdg/d450ad3c5f82fdd8.jpg,-0.90550596
images/smdg/bac63160c8cbf8d2.jpg,-1.3808532
images/smdg/d643feb48a9d959b.jpg,-0.6736926
images/smdg/cca319292271b9b4.jpg,-1.2211571
images/smdg/da73d29a7bacf71b.jpg,-4.650865
images/smdg/db8ef59b52fe9c5d.jpg,-0.7524908
images/smdg/79569abaa5b1adc6.jpg,-3.470724
images/smdg/0885c09d2724d9fd.jpg,-1.4259217
images/smdg/54289d95b0017f67.jpg,-1.0918119
images/smdg/cfb156630747160b.jpg,-3.1127727
images/smdg/33be2ca15cdcdb87.jpg,-3.214172
images/smdg/5cc538da5af515db.jpg,-0.71889466
images/smdg/67d4e98c8e373804.jpg,-0.49105167
images/smdg/2358b8409239c7f8.jpg,-2.9026442
images/smdg/de36d28627568532.jpg,-0.36705136
images/smdg/bcaea000c4b79d7a.jpg,0.020831347
images/smdg/d1ef3f1723e5ed22.jpg,-2.1733022
images/smdg/65da3cf7bfcb3d6a.jpg,-1.5846062
images/smdg/cc8f136d3275f9f4.jpg,-3.7956905
images/smdg/8aaa815337774c91.jpg,-3.3949804
images/smdg/156d0751a1d3c9d8.jpg,-3.2886944
images/smdg/f184a033d8af6291.jpg,-0.54541636
images/smdg/56b4ceac2317952a.jpg,-2.8586636
images/smdg/22fe7c157c1d004c.jpg,-3.1689699
images/smdg/5b4bfbb99ddaff98.jpg,-0.5991702
images/smdg/a78ea4f3c2647d94.jpg,-0.95101345
images/smdg/126b374e4f3a6543.jpg,-3.677188
images/smdg/ddd14cc32563a0fc.jpg,-3.4878278
images/smdg/43e102f7ccef691c.jpg,-3.2019553
images/smdg/c1ac3f69a2e1bc0f.jpg,0.018388033
images/smdg/84021559d4f247da.jpg,-1.1047921
images/smdg/ebe049c2b25193f3.jpg,0.43131518
images/smdg/9501be986d60ef0d.jpg,-0.15325773
images/smdg/a7e4dce9961d343d.jpg,0.7061926
images/smdg/f774ae8b431e20d7.jpg,-0.6736926
images/smdg/ea47d1ac165dc188.jpg,0.01960969
images/smdg/20234de02bd804cb.jpg,-5.5182567
images/smdg/c16f377b4b7bd8e1.jpg,-2.2643173
images/smdg/8b530d911aabbab1.jpg,-4.105997
images/smdg/a47d7b86504feb47.jpg,0.33480263
images/smdg/f6666aceff8f5794.jpg,0.23706841
images/smdg/03ea436f81b230d3.jpg,-0.77264845
images/smdg/629af2e09934db22.jpg,-5.420522
images/smdg/8992441764f4fca2.jpg,-1.0744029
images/smdg/e26c437ffcf971f2.jpg,-3.3986454
images/smdg/2f6bb2633c969521.jpg,-3.5232563
images/smdg/8a3ac535921fc12f.jpg,-1.3322533
images/smdg/c5ad7207565dd75f.jpg,-5.7919126
images/smdg/96d65f4ae7773ee3.jpg,-1.3889277
images/smdg/d77e8d13299d60d1.jpg,0.039156556
images/smdg/616e211e9307c9a9.jpg,-3.3509998
images/smdg/d31abaeb20667c3a.jpg,-2.8611069
images/smdg/0b966ee2067a264e.jpg,-3.300911
images/smdg/2ca1b693ff5a04ff.jpg,-0.014597297
images/smdg/6b476a328e4c8793.jpg,-1.7408283
images/smdg/58b947317b866d63.jpg,-5.034472
images/smdg/3a312f31766413f3.jpg,-1.5528426
images/smdg/0039bdab9e5c1f51.jpg,0.73306954
images/smdg/4d109add7d68bf35.jpg,-3.1726348
images/smdg/92a2433c893e8fb5.jpg,-3.9422922
images/smdg/755477fce32c6cf4.jpg,0.1271174
images/smdg/cdf947e9015a5cd3.jpg,-1.0047673
images/smdg/2d7dc1e3f45ae352.jpg,-0.4201944
images/smdg/6d2245c59e3eb38c.jpg,-4.2403812
images/smdg/368fc3df6f36d625.jpg,-3.6955132
images/smdg/cacc1dbd18903458.jpg,-3.156753
images/smdg/2ddf86d413d2ee7e.jpg,1.1325582
images/smdg/d5d8475f70e94463.jpg,-4.545801
images/smdg/9eac14401e24c4a1.jpg,-2.8244567
images/smdg/7b8065c79df74bf7.jpg,-0.52770203
images/smdg/19e2a028a979ac6b.jpg,-0.9467376
images/smdg/9ac9c80dbec058ed.jpg,-1.4249673
images/smdg/79d7178ca609f803.jpg,-2.083509
images/smdg/fe18fb610697f3b3.jpg,-1.7276952
images/smdg/fb991bd3f6a26857.jpg,-1.0811222
images/smdg/30628b93b0f8baa3.jpg,0.27982712
images/smdg/f584766db2227706.jpg,-3.9618387
images/smdg/9e4317de50e9fa20.jpg,1.2938198
images/smdg/d74f048ee9861f93.jpg,-2.3999236
images/smdg/c93e9c4825d7b06c.jpg,-1.9439323
images/smdg/ed340110d7fd1411.jpg,-0.77081597
images/smdg/8aa8aa3b0d77623e.jpg,-4.3918695
images/smdg/b7f9bf86828e429c.jpg,-1.2681916
images/smdg/90027d30f6c4539b.jpg,0.35923612
images/smdg/65ebfeafab08ee38.jpg,-3.9300752
images/smdg/20594dd51521fad8.jpg,-0.82395893
images/smdg/ef68c9276caddfb7.jpg,-0.539308
images/smdg/e6564a467f82c06a.jpg,-1.066462
images/smdg/cded6bf8f0aee252.jpg,-0.7109537
images/smdg/c832d4e61fd95b3a.jpg,-0.42447025
images/smdg/a7e24514cf3361cf.jpg,-0.8688556
images/smdg/88dc65aa462c6092.jpg,-0.4922734
images/smdg/db37dd8c07e2480a.jpg,-1.2984282
images/smdg/7dc647e23e2cc118.jpg,-1.4709138
images/smdg/f59803088dc0a0ab.jpg,0.20408309
images/smdg/472a81fa5277ac9d.jpg,-3.1665263
images/smdg/c8ec1b600c7ef9e2.jpg,-1.5798723
images/smdg/976a1d92a1ee8659.jpg,-0.20578992
images/smdg/9381d02106cc9367.jpg,-4.08645
images/smdg/bb4c62d44ba21014.jpg,-4.980718
images/smdg/649fedeb09307d8d.jpg,-0.18807554
images/smdg/3967fdac826893c2.jpg,-2.9282994
images/smdg/0fda9b0d27a7b26d.jpg,-2.095115
images/smdg/34bab9823e3e6d98.jpg,-1.0230925
images/smdg/346ce3c79ec2a9fa.jpg,-3.8518877
images/smdg/c0f9b958b39ed346.jpg,-4.8047967
images/smdg/d1620f9aaaacda5b.jpg,-0.79708207
images/smdg/1e2c1893fd80a4f9.jpg,-0.15814447
images/smdg/3787f3075cea91ad.jpg,-3.3021326
images/smdg/420bf6dc4811e721.jpg,-4.4822736
images/smdg/6dfaccea4691ceb3.jpg,-4.3381157
images/smdg/fb09d16f4edc58e9.jpg,-2.3559432
images/smdg/b64d5e7413381aee.jpg,-3.6442027
images/smdg/5dceb0dda78b6a60.jpg,-3.4010887
images/smdg/b9830dcf2f2c8af0.jpg,-4.3014655
images/smdg/d29493959e6fdb5c.jpg,-1.5259657
images/smdg/4d3aab3e6d477f35.jpg,-1.8807104
images/smdg/310abbde15d8ba5d.jpg,0.3995515
images/smdg/b837d1cfa98e5711.jpg,-1.9143066
images/smdg/b54eeb5504b0c92a.jpg,-2.7083974
images/smdg/169facc3494a1b4b.jpg,-5.452286
images/smdg/11686792c1190ca6.jpg,-0.4171402
images/smdg/1275fc3a7257c64f.jpg,-3.403532
images/smdg/608ac44cdc89e552.jpg,-2.846447
images/smdg/e99cacec79f7d611.jpg,0.47163057
images/smdg/80acd84cd26888b1.jpg,-4.4114165
images/smdg/7922809e2f299067.jpg,-0.23633182
images/smdg/205b30eb0b8bf522.jpg,-3.2007334
images/smdg/e3ea80e9c1b2b3aa.jpg,-1.3571451
images/smdg/43c035de28c366c6.jpg,-2.4836085
images/smdg/8adfb58571dd0e5f.jpg,-1.9274396
images/smdg/301fbbb56ca3e098.jpg,-0.10500145
images/smdg/8c6c95bef2ab4dce.jpg,-1.2147431
images/smdg/f3f461ac64dea02a.jpg,0.57669485
images/smdg/3710e88b4446fef4.jpg,-3.2007334
images/smdg/529bb6c1a77c6e5f.jpg,-1.0554669
images/smdg/f4ca339e50d1f2e0.jpg,-3.120103
images/smdg/4b962e105ee447c7.jpg,-2.3559432
images/smdg/65fa9913ce21780f.jpg,-1.2702532
images/smdg/abd0c58227f38556.jpg,-0.7720376
images/smdg/32d79be2c6d3d010.jpg,-0.5301454
images/smdg/21a9c3626e9b3117.jpg,1.479515
images/smdg/bbeb078ba6736c19.jpg,-1.5147415
images/smdg/29bd1f90af15d44c.jpg,-1.3936236
images/smdg/853ef7a42a00ef74.jpg,-0.41042095
images/smdg/86de5a537e632491.jpg,-0.62910134
images/smdg/2665e0af0e270015.jpg,1.5601457
images/smdg/ebac37017a00e332.jpg,-0.6975153
images/smdg/f38bd79c0709c4eb.jpg,-5.4229655
images/smdg/2affd7f88a2bdb06.jpg,0.57913816
images/smdg/f65da0d1c58e4f91.jpg,-0.73844147
images/smdg/faf6c99c4bb43715.jpg,-4.616658
images/smdg/4de48239fb1029a5.jpg,-3.6906261
images/smdg/f59dc0090420ebf6.jpg,-0.20578992
images/smdg/6f7ef78977e54107.jpg,-3.100556
images/smdg/ced5192ad35006ba.jpg,-3.4010887
images/smdg/16ce42ee9add2174.jpg,-2.2551546
images/smdg/fae60ffc77e18697.jpg,-2.5911162
images/smdg/7a8bf4b43fa8b3e1.jpg,-1.8904839
images/smdg/a6cedbe3edf36ff3.jpg,-5.8603263
images/smdg/a132555b8b3cb901.jpg,1.459968
images/smdg/14eea859543c7e0e.jpg,-5.225054
images/smdg/1e0322a1ce8c7b10.jpg,-3.4609509
images/smdg/fd2d8b8d85b5df54.jpg,-5.9629474
images/smdg/6385b276e2ea6772.jpg,-4.4529533
images/smdg/400854b7825eacf2.jpg,-4.7363825
images/smdg/cd637bf3ed1b91e7.jpg,-3.6881828
images/smdg/e4e4fb9290d7275c.jpg,-2.0227304
images/smdg/da6e165ad0a9e662.jpg,1.5992392
images/smdg/fb748f741e0eac79.jpg,-0.33834195
images/smdg/29888708f33b1674.jpg,-3.680853
images/smdg/8d39b9f3875fda19.jpg,-2.363884
images/smdg/12d1c944a48d1339.jpg,-1.6253797
images/smdg/7997de993095da0a.jpg,-0.38415492
images/smdg/8ccd1c4445a4f204.jpg,-5.0100384
images/smdg/97a72e49d7649aca.jpg,-1.126477
images/smdg/92bdb68609c022cb.jpg,-1.111206
images/smdg/6d22189735a34e30.jpg,-2.8281217
images/smdg/4765afd831e3cbc8.jpg,0.08558035
images/smdg/ba0ae6bfc3f6c619.jpg,-5.100443
images/smdg/cfed3b9d45294313.jpg,-0.40492338
images/smdg/5aecf2093d85af42.jpg,-1.7536559
images/smdg/7184d9133efb92ac.jpg,1.0739177
images/smdg/d28d5c458f6fd715.jpg,-0.59489435
images/smdg/ad099bf3c8af34ec.jpg,1.6456631
images/smdg/160eb84f1a183011.jpg,-5.5158134
images/smdg/d3af23d7a63de3cf.jpg,-2.1164942
images/smdg/1634f9b54e3565dd.jpg,-2.5477467
images/smdg/8ce5e08647df6592.jpg,0.53027105
images/smdg/e2258ce3908a0e23.jpg,-0.9494864
images/smdg/9e98ceaa06150652.jpg,-0.28153396
images/smdg/8ffa24216ba689e7.jpg,-2.7157273
images/smdg/5d0889ea7c82166f.jpg,-4.504264
images/smdg/768c025c93e4b47e.jpg,-0.63765305
images/smdg/5a425321101a2ea4.jpg,-3.340005
images/smdg/52ebd41121109493.jpg,-3.4255223
images/smdg/8150ce0ed0f44a58.jpg,-4.860994
images/smdg/f6261e254ed6a750.jpg,-2.7059538
images/smdg/74357f9b1f35c086.jpg,-2.277145
images/smdg/8bd298a440e9ed88.jpg,-1.5231405
images/smdg/14369e89a4ed456a.jpg,-0.64864814
images/smdg/44b762b5d9b54efd.jpg,-1.2026792
images/smdg/045ebb2801c8b43f.jpg,-1.2417729
images/smdg/1ca33976f71778cd.jpg,-0.63765305
images/smdg/08c982dc1aa9de44.jpg,0.6585473
images/smdg/57c878dfd17c7660.jpg,0.7684983
images/smdg/e41df09d6d3ad6be.jpg,-2.0755682
images/smdg/c6076b62a197fd27.jpg,-3.449956
images/smdg/55833f2be538227a.jpg,-0.34994793
images/smdg/0322809cc49f1f3c.jpg,0.58280325
images/smdg/a05362a67809693f.jpg,-0.46478564
images/smdg/678f2b43af0735f2.jpg,-1.4925222
images/smdg/92b999731a91468d.jpg,-1.5405494
images/smdg/f528154cfc8150e9.jpg,-5.5133696
images/smdg/b49c965ce9b4f95b.jpg,-5.7161684
images/smdg/81c6a65d0ddd52bb.jpg,-5.144423
images/smdg/fedcc8612f70bf0b.jpg,-1.030728
images/smdg/dda6e439ff2b58d9.jpg,-3.3057978
images/smdg/2cb7f3b692a42159.jpg,1.4966184
images/smdg/1f284a1583c0084e.jpg,0.14544249
images/smdg/13d9959f98e55956.jpg,0.057481766
images/smdg/4ca7e3730c567308.jpg,1.4746281
images/smdg/795798e9aa0bad0d.jpg,-5.6404243
images/smdg/fe54e3688e296e63.jpg,-3.1763
images/smdg/9b8c9fb9a4d36a9b.jpg,-0.23755348
images/smdg/3ec0761689455b60.jpg,-3.1237679
images/smdg/6b5ac35f711e7aa9.jpg,-3.2263887
images/smdg/2d040f2353404722.jpg,-3.4010887
images/smdg/7470c43bf791f574.jpg,-3.2911377
images/smdg/f55f0d2b4d12c7a7.jpg,-3.4401822
images/smdg/dcb6893bc2e48daf.jpg,-3.9545088
images/smdg/01860f1bb94cc328.jpg,-2.8244567
images/smdg/dd9c07156c2e4dac.jpg,-1.1403736
images/smdg/2a3171a64bd9f1f7.jpg,-0.54847056
images/smdg/1c82940f28906550.jpg,0.7733849
images/smdg/038eb3fd7bd41e8c.jpg,-5.2983546
images/smdg/137d67a11b98c39f.jpg,-0.37071645
images/smdg/d971c5a34e06dd7b.jpg,-4.3723226
images/smdg/8cc2437f2ebb8422.jpg,-3.4120836
images/smdg/249a4cbaf71e6822.jpg,0.061146736
images/smdg/bb81ce6de2224b9c.jpg,-2.508653
images/smdg/a4fe1fec75f74858.jpg,-0.5063227
images/smdg/48a168afdfa6a7f0.jpg,-3.603887
images/smdg/98db772beb6714a7.jpg,-0.79280615
images/smdg/7e9487046e5cede9.jpg,0.16010273
images/smdg/82ed23e10d9dcb1b.jpg,-3.096891
images/smdg/0ee2f3845b16809b.jpg,-4.0155926
images/smdg/501bb92c2b252a63.jpg,0.53637946
images/smdg/d69c2a81d02b3c25.jpg,-0.9504026
images/smdg/c6e6283008eb2e7d.jpg,-0.3554455
images/smdg/db61db3e682ce844.jpg,-0.8001362
images/smdg/9d1be7ac19af7767.jpg,-2.3993127
images/smdg/8f3034279f0bb73d.jpg,-4.401643
images/smdg/aade51e9d079253c.jpg,-1.7011237
images/smdg/a27e8619a60e4a1f.jpg,-0.15631199
images/smdg/8761cc086c3d3e7d.jpg,-0.27298224
images/smdg/d740a61fd1fbe328.jpg,1.1960856
images/smdg/b4a26d49ac537f57.jpg,-0.35605633
images/smdg/e9b17a60a818b372.jpg,-1.8168777
images/smdg/c9ac09fc4f9229f5.jpg,1.4062141
images/smdg/dca5d5c7c7f65cc8.jpg,-2.277145
images/smdg/d2f25b992a4805b9.jpg,0.5327145
images/smdg/08e9a76c5faa8ca5.jpg,2.04393
images/smdg/3ff242c6831a2968.jpg,-1.4193552
images/smdg/f3b96c59d9a2f44c.jpg,-5.6208773
images/smdg/62bfeae4e15de968.jpg,-2.0059323
images/smdg/c4effe7d082d13b4.jpg,-0.63765305
images/smdg/428664a452c8628e.jpg,1.2522827
images/smdg/48624078161edd71.jpg,-5.337448
images/smdg/b26e19fb88d9eefd.jpg,1.0164989
images/smdg/dc6031962b76ebb0.jpg,-0.7078996
images/smdg/775931636e21e385.jpg,-2.5110962
images/smdg/8e1559cd75d79ec6.jpg,-3.3913152
images/smdg/e9e38e96223a6fa8.jpg,-3.2911377
images/smdg/794d142724c74e5a.jpg,-3.6551976
images/smdg/253fd782a23d537e.jpg,-3.9862723
images/smdg/340be18da7b31da6.jpg,-0.59184015
images/smdg/18c9a3bcfcd77762.jpg,-0.117218256
images/smdg/79c69def0dfc8711.jpg,-3.115216
images/smdg/57c75d1f0425a863.jpg,-0.91619563
images/smdg/6806348b03c5a6e5.jpg,-2.9002008
images/smdg/523bf7e39f5770b3.jpg,-0.7280572
images/smdg/ac164cf41a24466d.jpg,-1.7170055
images/smdg/ff916b326e0515ee.jpg,-2.9392943
images/smdg/30d277006794a508.jpg,-1.2104673
images/smdg/b9bdeab5118fba2b.jpg,-1.0490532
images/smdg/b66ece317b58e2d3.jpg,-1.2072604
images/smdg/a2d63c90932a11ab.jpg,0.9798485
images/smdg/294bb5dc4d538212.jpg,-2.1036668
images/smdg/71f2868d34d28c4c.jpg,-2.2246127
images/smdg/9f0613957489599a.jpg,0.6231185
images/smdg/dc2bc62606da52c0.jpg,-1.0737921
images/smdg/cdc4cd25e9404f6a.jpg,-0.50265765
images/smdg/6dc714c8cfc6eb3c.jpg,-2.9050875
images/smdg/53d112ac977539c2.jpg,-3.8763213
images/smdg/486ee6db341d5fef.jpg,-2.4530666
images/smdg/cffd58186fa51717.jpg,-1.9249963
images/smdg/f7076c3ba43307cb.jpg,-2.2514896
images/smdg/39b7a900bb115bda.jpg,-1.0747083
images/smdg/04b801cce34b7d25.jpg,-0.5869534
images/smdg/1fa8eec743c5dea8.jpg,0.9749619
images/smdg/255329618c6004ea.jpg,-2.296692
images/smdg/33460aecbeeeba6a.jpg,-1.771981
images/smdg/c841760dd72e2edd.jpg,1.0678095
images/smdg/54c6d5e3685e4571.jpg,-0.6938502
images/smdg/cd3183df2b675f1c.jpg,-1.9100306
images/smdg/7ab4d78a90d850ab.jpg,-0.78120023
images/smdg/a4e7c4b7f3f414a3.jpg,-0.77020514
images/smdg/f81e0a60111a6035.jpg,-3.6368723
images/smdg/353a1178ac023191.jpg,-1.755183
images/smdg/504d32a984a2d617.jpg,0.14422083
images/smdg/c9bd5ae980697542.jpg,-1.6670694
images/smdg/36f1342451f75df7.jpg,-2.1806324
images/smdg/7b67cb181fbd6cd4.jpg,0.9285382
images/smdg/342651fa9c368294.jpg,-0.62910134
images/smdg/0d980833ad2a968c.jpg,-0.60344607
images/smdg/63158dbd4ff5ba89.jpg,-0.02803576
images/smdg/03d1860ebee50353.jpg,-5.4693894
images/smdg/99cbedfa0a0dc2ec.jpg,-0.019484043
images/smdg/17000c4d81a46f87.jpg,1.521052
images/smdg/f1c806d9654b85b6.jpg,-4.1597505
images/smdg/fa511f9ccd44171b.jpg,-1.1420534
images/smdg/63b73d6d39ff8bb2.jpg,-1.8639123
images/smdg/29f0e1f64ee8a432.jpg,1.7507273
images/smdg/052706cbb2850223.jpg,-1.3834684
images/smdg/d0dcec5b4c7514bf.jpg,0.5033941
images/smdg/0d064cadfc104f76.jpg,-1.6959317
images/smdg/76ce1693b089d839.jpg,-3.996046
images/smdg/2eca9c74452c86f0.jpg,-2.8440037
images/smdg/5c2674bfddf36736.jpg,-0.56862825
images/smdg/3bfee562c23c7d04.jpg,-0.98308253
images/smdg/79ccca4f4860f194.jpg,-1.1356395
images/smdg/256f5c0b8a0afcc0.jpg,-0.3554455
images/smdg/334fe837e0b909ed.jpg,-0.75921
images/smdg/93411682cb492dc1.jpg,-1.1536593
images/smdg/fda018e206e68fb4.jpg,0.38855648
images/smdg/0ecc438a282e2485.jpg,1.3622338
images/smdg/59df345d91455087.jpg,-0.952846
images/smdg/8cb1c2f2ed3f4a14.jpg,-5.7601485
images/smdg/ea1eb2c4b8c9c6dd.jpg,-3.274034
images/smdg/3b46f263127398ed.jpg,-2.2020116
images/smdg/cf6964203dbab704.jpg,0.49972916
images/smdg/c26b1ce3c613851c.jpg,-1.3503876
images/smdg/72be5aed9dcdc749.jpg,-2.603333
images/smdg/f388f8e4e8a30b7c.jpg,-0.26259792
images/smdg/82df3760c818a15f.jpg,-1.6334733
images/smdg/50ed790cbc55772e.jpg,-1.2965193
images/smdg/7fdf4a173a1729a4.jpg,-0.98125
images/smdg/03cb88fe87c183c3.jpg,-3.5794535
images/smdg/fb5845940e441cc8.jpg,-0.4831108
images/smdg/702f7d09f06ea0a5.jpg,0.54615295
images/smdg/b355907e06b4c602.jpg,-3.4389606
images/smdg/43a3e306874808ca.jpg,0.14422083
images/smdg/81ec80ef0a07753d.jpg,-4.733939
images/smdg/9d9272b4d273b725.jpg,1.0604793
images/smdg/5cbe3172072b8eae.jpg,-1.0237033
images/smdg/ef5ba81f226a157c.jpg,-2.0896173
images/smdg/eab8e94dc17ec52d.jpg,-0.8932892
images/smdg/fc99c177b9cbb163.jpg,-2.9124174
images/smdg/c42ca046a4c048f1.jpg,-2.030366
images/smdg/cfbdc475aab44d9c.jpg,-2.3913717
images/smdg/7d30fa8db6eb7c85.jpg,-4.9465113
images/smdg/b9f8aaf599c8128f.jpg,-1.1900042
images/smdg/16d21ac93e655bf3.jpg,-2.1452036
images/smdg/b2c08b3d2f5a88a4.jpg,-0.7201163
images/smdg/cb9ee248a4641379.jpg,-0.592451
images/smdg/b7c93c807068f51c.jpg,-1.8550552
images/smdg/28ccb83db8143f46.jpg,-4.4382935
images/smdg/e3558532bc3742eb.jpg,-1.1687776
images/smdg/b469155fa487b284.jpg,-5.3252316
images/smdg/67644fb282c3b1b3.jpg,-3.3155713
images/smdg/fbc408837adf065e.jpg,-4.4944906
images/smdg/82083f6008b54ddd.jpg,-3.6564193
images/smdg/1fa548ee3b3681ae.jpg,-1.5352046
images/smdg/393365e2caefe0e6.jpg,-0.956511
images/smdg/51e3fd16a2c28671.jpg,-3.247157
images/smdg/bc8601109622049b.jpg,-4.0082626
images/smdg/659c9fc60902c8ad.jpg,1.9388658
images/smdg/244a1cf72aba31b3.jpg,-4.6581955
images/smdg/200c9155f0874e62.jpg,-3.4401822
images/smdg/a4a1073b53343cd4.jpg,1.384224
images/smdg/77bf2a349b091517.jpg,-1.0996001
images/smdg/187d90124387e32b.jpg,-0.17585874
images/smdg/8a3b92678555870a.jpg,0.17109776
images/smdg/9dfdea5e5f8d30b3.jpg,-1.0362256
images/smdg/7d96eade90626010.jpg,-4.1597505
images/smdg/f79e16878f99b154.jpg,-5.2861376
images/smdg/9009a72ac3d14695.jpg,0.48140395
images/smdg/800ec10f5bc5c832.jpg,-0.6565891
images/smdg/d76f203d1856866f.jpg,0.6182319
images/smdg/efb876c7f6cdd7d7.jpg,0.58524656
images/smdg/39705d18ee96dab8.jpg,-2.3351746
images/smdg/531d3dae179c257d.jpg,-5.2910247
images/smdg/94684554b6a00c8b.jpg,-1.3642843
images/smdg/28a508c86a53bec8.jpg,-0.78761405
images/smdg/65452e89ed4fdf6a.jpg,-4.951398
images/smdg/d4919906a211e116.jpg,0.40688157
images/smdg/191084e80b32cb4e.jpg,-1.6991385
images/smdg/bf57623ffee7d103.jpg,-0.6480373
images/smdg/213324b1fcaaa72c.jpg,0.87234104
images/smdg/c333e2f42da92700.jpg,-2.8892055
images/smdg/38819b408a89cc2b.jpg,0.31525576
images/smdg/67e28c7dbe75d975.jpg,-1.2403984
images/smdg/69bc02f9b281dedf.jpg,-1.5400913
images/smdg/433e6a58add9d328.jpg,-5.1688566
images/smdg/2f9c6776c74be009.jpg,-0.9326883
images/smdg/7c9e6433ce6feb84.jpg,-1.3305354
images/smdg/bf60431fd07179ff.jpg,-2.4072537
images/smdg/b06f612b04f09f5a.jpg,0.46674383
images/smdg/132515ddbdffb8d5.jpg,-1.9231637
images/smdg/40a7e086db10e3a7.jpg,-1.6221728
images/smdg/0ebc5e77cb18b52f.jpg,-1.8990356
images/smdg/a760d9f7ef88240b.jpg,-0.505101
images/smdg/43fd909d24da872d.jpg,-1.2356644
images/smdg/d5f3449d399a943b.jpg,-1.0594374
images/smdg/5e0f12921b939da3.jpg,-3.8836513
images/smdg/1e9def11faa73ff4.jpg,2.381113
images/smdg/30604d42ac4122b8.jpg,-1.2977409
images/smdg/860b4ed5afc5a30d.jpg,-1.7866412
images/smdg/d7fcdb44bc4086ee.jpg,-1.3799752
images/smdg/e9cb2d788ffd2ba9.jpg,-2.2685933
images/smdg/f428eb4e6bf7578f.jpg,-1.2144377
images/smdg/d2d2ee174cddb757.jpg,-1.7900008
images/smdg/bba057b1c5f4dcbf.jpg,-4.0058193
images/smdg/2e53e2fffeb6f917.jpg,-1.9243854
images/smdg/daf85a74b64c25e4.jpg,-0.9424617
images/smdg/3d1e4a9a9d2cd6c1.jpg,-3.153088
images/smdg/73fd262ca130a88d.jpg,1.1521052
images/smdg/de7f3343af02c19a.jpg,-4.6728554
images/smdg/c3cd2c697e4d8e3b.jpg,1.3597904
images/smdg/3d82e883533288a6.jpg,1.0763611
images/smdg/e221e8d1779d2ad2.jpg,-0.539308
images/smdg/a6e708938ba3e92c.jpg,0.69031084
images/smdg/b6cc1c6ef461c486.jpg,-4.052243
images/smdg/08e5ab3dcaa4c056.jpg,-2.1207702
images/smdg/416ea9d7bf0a7723.jpg,1.5259386
images/smdg/5aa3f4b7b72b7099.jpg,-5.667301
images/smdg/b9807fb53def80df.jpg,-4.242825
images/smdg/0b92c3871715cf4a.jpg,-2.3846526
images/smdg/5667c3d606fb5f45.jpg,-4.2061744
images/smdg/6c5488394e69f3c0.jpg,-2.7328308
images/smdg/0c83375aa316872e.jpg,-1.3046893
images/smdg/02b0d8d326b2190e.jpg,-4.154864
images/smdg/5dd3bd875769bb97.jpg,-4.1597505
images/smdg/ad68e48506b70fe8.jpg,0.22851658
images/smdg/11ead64c015a02b2.jpg,-4.6191015
images/smdg/c0167f3c25d7875d.jpg,-5.3179016
images/smdg/ea29f6a55f891739.jpg,0.5473746
images/smdg/273c717b80aa78ab.jpg,-2.2490463
images/smdg/2669a4448afe92f9.jpg,-1.5739166
images/smdg/64282a79b376dd1d.jpg,-0.6914069
images/smdg/d04ed49bdd3c0ec7.jpg,-2.497047
images/smdg/67697e3cde3b77cf.jpg,-3.5354733
images/smdg/0acac312c4711f8e.jpg,-1.4683559
images/smdg/a4f8bb6f2b49009a.jpg,-5.3716555
images/smdg/94b3de9013baf2b4.jpg,-4.81457
images/smdg/11b649ddb03b7ddb.jpg,0.9431983
images/smdg/b56add50d0d556b7.jpg,-3.039472
images/smdg/0fc14d741eb6f5fe.jpg,-3.2263887
images/smdg/ec55605dfc1555b8.jpg,-1.0392797
images/smdg/ed2bd8292345525d.jpg,-0.52281535
images/smdg/98b558ebd05f0a5f.jpg,0.7061926
images/smdg/06dc575421900803.jpg,-2.337007
images/smdg/c8494bae2bcd4fd8.jpg,-5.210394
images/smdg/0c20237694b8c0d5.jpg,-3.7346067
images/smdg/d06f2446120e3dad.jpg,-2.5776777
images/smdg/75544819b0a455b7.jpg,-1.0734867
images/smdg/4ecb078eaf063195.jpg,1.30115
images/smdg/e7ca05cb6ed559db.jpg,1.7702743
images/smdg/8defa695221d5b8a.jpg,0.3506844
images/smdg/fc36ca955d79ac64.jpg,-2.4524558
images/smdg/7c69e4e0a3b748d4.jpg,1.5796925
images/smdg/d77b384c939cce4c.jpg,-5.349665
images/smdg/8de2f70f51f8e236.jpg,-3.8017988
images/smdg/4685c42c1b0c95eb.jpg,-2.8562202
images/smdg/01f87cd1c9cf9baf.jpg,-5.1541967
images/smdg/70a30914998f6d0b.jpg,-4.120657
images/smdg/b2bd296a62dd76cb.jpg,-1.1092207
images/smdg/c98068cc75f76489.jpg,-0.9888855
images/smdg/b675104feeb96aa3.jpg,0.5009508
images/smdg/4749fe626088df49.jpg,-1.8684937
images/smdg/c7d3589dc4286af4.jpg,-0.7796731
images/smdg/c95e19c3977f03a2.jpg,-4.416303
images/smdg/f46c0392d3697a28.jpg,-4.7217226
images/smdg/ec47a5d3164a283c.jpg,-1.8355083
images/smdg/c0c562d528b7f4a7.jpg,-4.841447
images/smdg/0fa5f6f8ca3051dd.jpg,-2.967393
images/smdg/22d1f9b256e66582.jpg,-2.523313
images/smdg/f93e4bef32e7a2d9.jpg,-0.58023417
images/smdg/05ddc57617ceeaf0.jpg,1.3329135
images/smdg/0fb8d1120aeb064b.jpg,-2.489717
images/smdg/83dd578ce5bc538f.jpg,-2.4781108
images/smdg/b8be18f24625b8f7.jpg,0.5779165
images/smdg/e7824d4b0bb2b75b.jpg,-5.562237
images/smdg/41c422011f72bfb0.jpg,-4.4456234
images/smdg/7d25ff3ea8bbb7c1.jpg,-3.6527543
images/smdg/258fd209a4abc8e8.jpg,-2.6631951
images/smdg/11b80f9ae3e870bd.jpg,-3.0064867
images/smdg/711cd78b9b848ecd.jpg,-1.1205213
images/smdg/6fbb468aae118626.jpg,-1.1208267
images/smdg/32d7dfb38b85fe3d.jpg,-4.396756
images/smdg/0d7691edf4508434.jpg,0.9016613
images/smdg/4c01f0eccd6c2883.jpg,-3.3143497
images/smdg/3e3648a31e045553.jpg,-4.8047967
images/smdg/9bd51b3551bb11b7.jpg,-3.046802
images/smdg/7f1df0479a4c130d.jpg,-2.0859523
images/smdg/6fddfedf89e2a1db.jpg,-2.034031
images/smdg/45cae3fef0edfa70.jpg,-0.56068736
images/smdg/4abec2ce4e6a3d30.jpg,0.57669485
images/smdg/5f95a0090ca806c4.jpg,1.0726961
images/smdg/39508ad092bacae0.jpg,0.09901881
images/smdg/07cefdf3653c5664.jpg,-0.10866654
images/smdg/d5236fd106aee43f.jpg,-0.8716044
images/smdg/30f85509f70fbd8c.jpg,-3.4927144
images/smdg/2bc757215bed6cb4.jpg,-4.6191015
images/smdg/46b27e29d9b4e0f8.jpg,1.5870227
images/smdg/cc5e0cb10582d3db.jpg,-2.3632731
images/smdg/e10210ca422c4b1e.jpg,0.14422083
images/smdg/abdfdb9dcd480ba3.jpg,-3.567237
images/smdg/3534664e19ca934d.jpg,-4.9587283
images/smdg/aa7e2c59516e9301.jpg,-2.763373
images/smdg/9f6e0998b6f3bb0e.jpg,-3.324123
images/smdg/f0b8b068d0d0eabc.jpg,-0.75310165
images/smdg/dd7a863d5a71dfed.jpg,-3.1408713
images/smdg/90c823377791ff12.jpg,-1.0646296
images/smdg/0d7aa16cb6e5cac6.jpg,-6.0533514
images/smdg/8f9493ad9111d852.jpg,-4.4602833
images/smdg/1005e0ff2b63d6e6.jpg,-3.5464683
images/smdg/407bd0e45c9b0c4d.jpg,-4.9758315
images/smdg/589071f1c018f0e2.jpg,-2.0938933
images/smdg/1581140d6f021d0a.jpg,-2.7597077
images/smdg/37241972c07f8b46.jpg,-0.75493413
images/smdg/11a08689cc0bee11.jpg,-0.1691395
images/smdg/444c548349c44c5c.jpg,1.521052
images/smdg/921ef4319d5abc13.jpg,-1.4838941
images/smdg/7c12835d383e3dce.jpg,0.30303895
images/smdg/991babbe9d76df7f.jpg,-0.61444116
images/smdg/79b670679f77545a.jpg,-3.4597292
images/smdg/38aa51fca1c3925b.jpg,-2.3724358
images/smdg/4f276611b61f035f.jpg,-3.4487343
images/smdg/70dea549619df271.jpg,-1.4514433
images/smdg/8dad0c0a63409c36.jpg,0.43009353
images/smdg/5b36f44930b52d5e.jpg,-0.7353873
images/smdg/d29dfc446501c2bf.jpg,-0.7964712
images/smdg/19cc7619648e2f54.jpg,-2.9344077
images/smdg/05c7906ef84eb570.jpg,-0.50449014
images/smdg/216f626afa17ac0a.jpg,-3.4866061
images/smdg/e4372e66be1d1820.jpg,-0.79036283
images/smdg/eefab830901576f9.jpg,-1.9970753
images/smdg/88fd201d4a9d3dbf.jpg,-0.75493413
images/smdg/c714eda58a75affd.jpg,-3.5953355
images/smdg/a685c954f65bfd57.jpg,1.6236728
images/smdg/92b607b6293ce250.jpg,-5.8749866
images/smdg/4034f2fb8b525876.jpg,-0.24305105
images/smdg/5322688e6073bb5a.jpg,-0.9213878
images/smdg/369029c7af6d8f36.jpg,-0.45928806
images/smdg/87abb1367190fa73.jpg,-4.105997
images/smdg/5e8d53e85c08b38e.jpg,-3.0406938
images/smdg/fddab6a8e3a78c3d.jpg,0.92975986
images/smdg/3aa5a6518a835463.jpg,0.5962417
images/smdg/d2586aeabe72a27a.jpg,-2.7816978
images/smdg/54daeb0fea15bb8f.jpg,-0.9986589
images/smdg/e2313ad70a2a935a.jpg,-0.6101653
images/smdg/de7e1478ee6bd895.jpg,-1.4408109
images/smdg/187c1051a8e107a6.jpg,-2.5251455
images/smdg/f7ee68b234abbe0f.jpg,0.22851658
images/smdg/71c3a0da6b5d3d24.jpg,0.22362995
images/smdg/56ad06e0f867e37a.jpg,-1.3163716
images/smdg/a001cd788ec28683.jpg,-0.3878199
images/smdg/85bc26a3cfbfd1a2.jpg,-0.7805894
images/smdg/09806b16fc290a48.jpg,-1.2581891
images/smdg/727b787a05c47112.jpg,0.39588654
images/smdg/7b35ab2c7d9d706c.jpg,0.23218167
images/smdg/3d08750fff8e37b0.jpg,1.1960856
images/smdg/a88e28c0faba3b5a.jpg,-1.3145391
images/smdg/0cd4a45be1ba3e25.jpg,-0.4831108
images/smdg/b82a2f533e7f5841.jpg,-2.7865846
images/smdg/cf1504b5e1024f35.jpg,-1.5387933
images/smdg/ca283dae000ba49b.jpg,-5.2690344
images/smdg/ed542a55a3fddfa6.jpg,-3.9545088
images/smdg/f0d9636b3b3bfd1c.jpg,-4.05713
images/smdg/ab700b7c6a37241a.jpg,-2.4371848
images/smdg/4ea2936bc1fe6dcc.jpg,-2.3168495
images/smdg/be050e3f8f0e18cc.jpg,-2.5960028
images/smdg/e6442a34c67fbc6a.jpg,1.2034158
images/smdg/fd6fa60a973095bf.jpg,1.5308253
images/smdg/a26970c87e5c0b64.jpg,-2.922191
images/smdg/ef29eb14f2914a42.jpg,-0.7821165
images/smdg/d0fcc8591c9c9888.jpg,-3.4010887
images/smdg/cd43597d7d8cf338.jpg,-4.430963
images/smdg/ff765f24cd8a7c64.jpg,-2.2936375
images/smdg/e6ec47fe4e88ed62.jpg,0.2896005
images/smdg/5d75fd588707b29a.jpg,-1.7793112
images/smdg/e9a3972c2a5cf206.jpg,1.2009722
images/smdg/6692cdbefea597c4.jpg,1.7776042
images/smdg/e50035c84208941a.jpg,1.5674757
images/smdg/aa2628b66d9f4489.jpg,0.7831584
images/smdg/f856684d278b3d51.jpg,-1.2312359
images/smdg/60f1092071c3df66.jpg,-3.1701915
images/smdg/cb99364ba9c26e46.jpg,-3.0749006
images/smdg/21bf16a80d67d9f3.jpg,-0.561909
images/smdg/24c35360088f928e.jpg,-0.6743034
images/smdg/7978922a2426d6e8.jpg,-3.600222
images/smdg/fe5f50c0f2bba2c6.jpg,0.035491467
images/smdg/eacc86729204eeaa.jpg,-0.3291794
images/smdg/c6220f6c2f86d517.jpg,-0.8761857
images/smdg/12603309873e700d.jpg,-0.87923986
images/smdg/7d9b5d1477793dd3.jpg,-0.45440137
images/smdg/a503d34a59bad81c.jpg,-0.5173178
images/smdg/45607a9e8e1cc3af.jpg,-3.4621725
images/smdg/fad1c194d6ea91a3.jpg,-2.2759233
images/smdg/4f1e382ed1c249e9.jpg,-2.2441597
images/smdg/a73406192ce0b4ff.jpg,-4.4187465
images/smdg/63825e0baf93dcb8.jpg,-5.7650356
images/smdg/198e7d20e9d470da.jpg,-0.1404301
images/smdg/2bb452cd37d60c14.jpg,1.7629441
images/smdg/69ef2d3ba053fbd5.jpg,1.2889332
images/smdg/ae814ce0f6fbb2be.jpg,-0.7225597
images/smdg/291351d35a6b44af.jpg,-0.41836184
images/smdg/369306bf6ac6e14a.jpg,-1.9417944
images/smdg/f082c5d95fbb224d.jpg,0.43009353
images/smdg/bb33d42a62ca2a79.jpg,-0.84533834
images/smdg/bf96f5d139e1f4c3.jpg,-0.5063227
images/smdg/056ce83ac178d14f.jpg,-5.437626
images/smdg/1b2aba23bc5cd0aa.jpg,-1.3942916
images/smdg/2c3ec0b7cafc1ffa.jpg,0.9590801
images/smdg/68800ed4a21ad6da.jpg,-3.274034
images/smdg/769bcc391df1bf6e.jpg,-4.594668
images/smdg/18cfc008e248d243.jpg,-0.63459885
images/smdg/d11f9efe2361302d.jpg,-0.5612982
images/smdg/2f4e8c107baa22e6.jpg,-0.30841088
images/smdg/7ac51f3132284707.jpg,-0.66636246
images/smdg/2b6fdd45bc424da1.jpg,-0.47028315
images/smdg/8503d5dd4756477a.jpg,-1.4045292
images/smdg/c0529610e9555158.jpg,-1.7008183
images/smdg/261526c051ae9f27.jpg,-5.53536
images/smdg/5e3d4d01f216073e.jpg,-2.18613
images/smdg/842c1ca0e6b9dce7.jpg,-5.1395364
images/smdg/7091923924ff1c41.jpg,-2.2215586
images/smdg/63111288ae037732.jpg,1.3353568
images/smdg/c9ae4657c3514907.jpg,-0.75554496
images/smdg/ab43453723e2948c.jpg,-2.9356294
images/smdg/a0019090ea345724.jpg,-5.7234983
images/smdg/d7c9c072d3328b15.jpg,1.4746281
images/smdg/9c411a42a3588d95.jpg,2.0023932
images/smdg/743f66b1180a9133.jpg,-3.2752557
images/smdg/f7309b368d449f98.jpg,-4.9685016
images/smdg/0dcd5dafcf10eb40.jpg,-3.1286545
images/smdg/304dcf47f4abf7b4.jpg,-1.327443
images/smdg/be32c5b05ada0ef3.jpg,-4.917191
images/smdg/b13558be5f6bace2.jpg,-0.6242146
images/smdg/4d3e1055530a115c.jpg,-2.5807319
images/smdg/49c47d225ba9e069.jpg,-2.763373
images/smdg/d6a1d1a7bbe445a7.jpg,-0.30230248
images/smdg/eef5c1cc2f021729.jpg,0.22851658
images/smdg/75807c66abbeadd9.jpg,1.9022154
images/smdg/495890562e814cae.jpg,0.40810335
images/smdg/f662839c559205af.jpg,-5.8285627
images/smdg/7c09cd4309468ada.jpg,-2.587451
images/smdg/dbc87aac5363ff24.jpg,-3.4609509
images/smdg/8adbb7e30d19b264.jpg,-4.157307
images/smdg/35e8a7d849adde65.jpg,-1.0740975
images/smdg/f8306489c7abc792.jpg,-0.45256883
images/smdg/019ea1e2c130945e.jpg,-1.1209794
images/smdg/3efe62a0010cee2e.jpg,-2.8366733
images/smdg/321dbb7424490b9b.jpg,-2.8855405
images/smdg/b63c32a48b21e772.jpg,-2.0572429
images/smdg/6ad9ab104c53aa02.jpg,-3.5696802
images/smdg/c321f7d812128939.jpg,-0.55641145
images/smdg/6733c361973eb3ce.jpg,-3.457286
images/smdg/7a543531b245b2b2.jpg,-0.6914069
images/smdg/c1352f80052080a1.jpg,-3.4658375
images/smdg/63c34fc76b78b5a9.jpg,-2.9148607
images/smdg/f84772e9c3a47247.jpg,-4.1108837
images/smdg/3be8bfac7a9422d4.jpg,-2.9234126
images/smdg/216bee3bc9fe3776.jpg,-2.4225245
images/smdg/457e966800180fa0.jpg,1.9730729
images/smdg/5688e83e88141e44.jpg,-3.4316306
images/smdg/0f5256bf56de36d0.jpg,-0.3963716
images/smdg/2ee10f95c5f6699d.jpg,-3.7468233
images/smdg/d0972f9e89f2bf96.jpg,-4.132874
images/smdg/d42d2a7db6585eff.jpg,-3.0846741
images/smdg/7945de06c2cc8a9f.jpg,-4.2525983
images/smdg/c1d3084e11138902.jpg,-3.0639057
images/smdg/c92599a1d989dd8b.jpg,-1.0295062
images/smdg/d7b6df5660a9dea0.jpg,-0.6571999
images/smdg/fbe266eaa4d9b2fc.jpg,-1.9075873
images/smdg/ed184fd458f3de5a.jpg,-2.7267222
images/smdg/97cfeec966e0f43a.jpg,-3.414527
images/smdg/9f34f01232a9f6b9.jpg,-0.124548316
images/smdg/12776c7e9920de28.jpg,-5.711282
images/smdg/5af49ddf0849c937.jpg,-2.560574
images/smdg/e51a162edc41852a.jpg,-0.43363285
images/smdg/62c4a804ffb00c3d.jpg,-2.269815
images/smdg/d3b7d042e03af77e.jpg,-1.1276987
images/smdg/2e6f4bf30b410c6d.jpg,-1.4496871
images/smdg/82f058d0c26a6252.jpg,-4.1108837
images/smdg/f6c96506b2ec88d1.jpg,-2.5098746
images/smdg/e4d072eac01e448a.jpg,-5.831006
images/smdg/253ca75d88cfafd7.jpg,-4.169524
images/smdg/637131af941ab753.jpg,-1.3354985
images/smdg/da1741dae5cfd74a.jpg,-0.7396632
images/smdg/6aac5f5b569b834d.jpg,-2.3767116
images/smdg/5ee376c3ab578690.jpg,-3.0639057
images/smdg/cc249ebac83ac6e1.jpg,-4.294135
images/smdg/bf6a46d6ffa1c8bc.jpg,-2.3828201
images/smdg/6261fe65fd190f60.jpg,-5.1541967
images/smdg/92d892054132e1bc.jpg,-4.5751214
images/smdg/454998a7de040e9c.jpg,-0.44646043
images/smdg/ba3a9b6a3c33ec1c.jpg,-4.416303
images/smdg/efe64e3b1e8f554e.jpg,1.6261162
images/smdg/3d7fc20760c391c3.jpg,-5.0955563
images/smdg/5f15a73cfd5328ed.jpg,-4.3161254
images/smdg/d1e95551caa7d0ae.jpg,-1.0953242
images/smdg/3f695cbdd36970ae.jpg,0.050151706
images/smdg/798d40760dee9faa.jpg,-2.1488688
images/smdg/a66a69d13c093eb0.jpg,-4.496934
images/smdg/ed8a43581be7cd2c.jpg,-5.2690344
images/smdg/7a7958772c18c94a.jpg,-2.8317866
images/smdg/d4329e64e4449c21.jpg,-3.2691474
images/smdg/0dc8ece5fd5ef850.jpg,-0.70667785
images/smdg/2055d8cf6997913a.jpg,1.2498394
images/smdg/2556a1c2e39796bd.jpg,0.20163977
images/smdg/f05ef78a184f721e.jpg,-2.8611069
images/smdg/c2f2acd8a424e642.jpg,-1.3434012
images/smdg/195c01527a45a7a0.jpg,0.11367893
images/smdg/26cafd8ab42a5741.jpg,-4.0717897
images/smdg/1a98e1f668f9cd0a.jpg,-1.113344
images/smdg/472cac8f47c3baf9.jpg,-0.98125
images/smdg/edd567a1764da43c.jpg,-3.827454
images/smdg/415bf80cf8c22928.jpg,-3.996046
images/smdg/b01c2a3b027fead4.jpg,-1.8248186
images/smdg/3412a75a6ddbc4ed.jpg,-4.9489546
images/smdg/a20a33c2a96fee3f.jpg,-3.156753
images/smdg/d7d6b8b4996f6c66.jpg,-2.6131063
images/smdg/072d5608ec596d67.jpg,-1.714104
images/smdg/d5236fcd3cd3053c.jpg,1.3720073
images/smdg/c755456fc67f6508.jpg,-2.1158834
images/smdg/fed59185847e4c1a.jpg,-3.89709
images/smdg/ac60d453bb3899b0.jpg,-2.5104854
images/smdg/aed72563b2af8482.jpg,-4.0278096
images/smdg/6b0d3d028186ba56.jpg,-1.8764346
images/smdg/716ad1f49e7f3e90.jpg,-0.3633864
images/smdg/d87c824e28c069e3.jpg,-4.3356724
images/smdg/02f52ab7ac040f1d.jpg,-5.5255866
images/smdg/0ec84150c6b6b4aa.jpg,-0.036587477
images/smdg/e092865ae64d6b30.jpg,-2.629599
images/smdg/5ef24cb0792db853.jpg,0.5925766
images/smdg/2d08c75c99c159b1.jpg,-1.7728974
images/smdg/9bd4cc243fa245de.jpg,-3.3387833
images/smdg/eaae193ce4fe21dc.jpg,-1.129073
images/smdg/702cdd1b25bc722e.jpg,-0.08545458
images/smdg/cf2fa9dadc77b109.jpg,-1.5431455
images/smdg/d74beb65557e8c71.jpg,-1.6324043
images/smdg/96bbca1360296305.jpg,0.89555275
images/smdg/3283c6decc2e2d85.jpg,-3.1970685
images/smdg/8ff0188552401f3a.jpg,-5.061349
images/smdg/5ac6dfebc1489942.jpg,1.0103906
images/smdg/50ee5a909c762e78.jpg,-1.2765143
images/smdg/8e2b7ee568e25b88.jpg,-0.4806674
images/smdg/16be0120f7606f58.jpg,-1.3315661
images/smdg/1786feb831b4cafc.jpg,-1.1194524
images/smdg/e8ef0994efa76e4e.jpg,-3.4560642
images/smdg/a98535acfa8288b7.jpg,-0.9232203
images/smdg/d1e1f2c2aab3e157.jpg,-3.3778768
images/smdg/d017ac19d70317e8.jpg,-4.193958
images/smdg/9be629518d336a85.jpg,-2.8085747
images/smdg/66a14ff1c1bf2d54.jpg,-1.0585212
images/smdg/b04ceb53a3ec66ce.jpg,-0.2906965
images/smdg/e69eb4ae65c5e56a.jpg,-0.21189833
images/smdg/15aca77fccb7d771.jpg,-3.912972
images/smdg/9fe0e88abb52bd53.jpg,0.95052826
images/smdg/9f53fc25b808fee4.jpg,-0.8004416
images/smdg/c599264f429fa087.jpg,-0.23449934
images/smdg/cde2869e813f8fd5.jpg,-1.634695
images/smdg/215ed9d9a2a1194f.jpg,-2.205066
images/smdg/e34f1fd5a802bc36.jpg,-0.6559782
images/smdg/b79073624bde9935.jpg,0.71474445
images/smdg/6d85be454992452d.jpg,-0.15814447
images/smdg/2cb1ad8e7dd650c9.jpg,0.9712969
images/smdg/f71ec7e049817147.jpg,-2.2331645
images/smdg/e6c0e66931368809.jpg,-0.17769134
images/smdg/73719780883743e9.jpg,-1.149078
images/smdg/1bea290ccf30078d.jpg,0.14422083
images/smdg/d8357f7c8f8498eb.jpg,-0.630323
images/smdg/8137e12787b1c9f4.jpg,1.2596129
images/smdg/c9aa59765e3690e6.jpg,-5.7699223
images/smdg/3d1363370b86f7a3.jpg,-3.6857395
images/smdg/5a76e4be6fa1c6fc.jpg,-1.177482
images/smdg/c79df11f8008c091.jpg,-5.6624146
images/smdg/b2b5a2a0aaa6525f.jpg,1.0177206
images/smdg/0d4141e6367f2d5b.jpg,-0.41591853
images/smdg/609c215a3801d7fc.jpg,-1.5888821
images/smdg/1ca3a29265289107.jpg,0.4862907
images/smdg/759e46057307f8e1.jpg,-3.3180146
images/smdg/5cf1a63d74b41f0e.jpg,1.3866674
images/smdg/fe50a8cd4c93da70.jpg,-4.1182137
images/smdg/3dcd3943f60e6139.jpg,1.1545485
images/smdg/85de92a26171ef23.jpg,1.7262939
images/smdg/9c4247fb79cf7f62.jpg,-0.3169626
images/smdg/96b058d6bbb92739.jpg,-3.7810307
images/smdg/3e6c9e8254db5e5e.jpg,-0.8716044
images/smdg/ea81fdd5d408149a.jpg,-0.3597213
images/smdg/76f4e389f18d41c9.jpg,-1.6904341
images/smdg/36d3b48f5da1aaa7.jpg,1.2034158
images/smdg/a2c98786315d033e.jpg,-0.69568276
images/smdg/6e37a1f8e795b738.jpg,-5.4083056
images/smdg/44bf537a3abdf07c.jpg,-2.212396
images/smdg/d4cd75045f2e52c1.jpg,1.4208742
images/smdg/883c0fb46e16c42e.jpg,0.21141315
images/smdg/d19eaac607f75481.jpg,-3.153088
images/smdg/b1f4c4c34ae41ec3.jpg,-1.325496
images/smdg/8c6c3650e527f3f9.jpg,1.9559692
images/smdg/a61c26568b40c6b8.jpg,-5.0149255
images/smdg/d7e2a8852fdf1889.jpg,-1.1967235
images/smdg/4f93861f1b5ea4b9.jpg,0.17476285
images/smdg/afeb3a2c810fd66f.jpg,0.73429143
images/smdg/8e04173d67999f6b.jpg,-5.2910247
images/smdg/58dae1d82b190622.jpg,-4.5751214
images/smdg/a8636159b66ebbb0.jpg,-0.93391
images/smdg/bdc7dfdffc694431.jpg,-2.803688
images/smdg/6b448df7f3462cd7.jpg,-0.9800283
images/smdg/a7b68d3d05332b1b.jpg,-2.5281997
images/smdg/61398808a82773b1.jpg,-0.8147964
images/smdg/e437c68aa3b4420e.jpg,-0.28764236
images/smdg/90a619cd7078a3b3.jpg,-1.8342867
images/smdg/27a3a1095b53355b.jpg,0.3604579
images/smdg/05dca3cca593ce4b.jpg,-0.4318003
images/smdg/f4e5490598a23142.jpg,-1.5974338
images/smdg/cada8297950827f7.jpg,-1.6690547
images/smdg/2baecce812816c50.jpg,-6.138869
images/smdg/c4c337a96deee0fe.jpg,-4.6655254
images/smdg/3cb2ec98ad7ae77b.jpg,-5.20062
images/smdg/94bb4e291c1d4444.jpg,-0.7146188
images/smdg/1b31041067b0a593.jpg,-1.0588266
images/smdg/bdb6b5b612d4f818.jpg,-1.9869964
images/smdg/b2ff4806dff476ba.jpg,-0.080567956
images/smdg/66fcfabd0f6ac716.jpg,1.5601457
images/smdg/133d00a34722332b.jpg,-3.3106844
images/smdg/b76e042ba7381f83.jpg,-2.8049097
images/smdg/f7fb9814ec4c13da.jpg,-1.6985277
images/smdg/c0f18465ee7e81a9.jpg,0.5290494
images/smdg/49d43eee23d091fc.jpg,-2.3376179
images/smdg/22ba4d82760a64bc.jpg,-2.0645728
images/smdg/ed6740aa972fbb7f.jpg,-2.9050875
images/smdg/8c5d721382d43ffa.jpg,-1.950346
images/smdg/e3810a969cb0f9e7.jpg,-2.0621295
images/smdg/f66848c770b2e1e4.jpg,0.3018173
images/smdg/e00a15ea8f5036fd.jpg,-2.6680818
images/smdg/73cd4e26c24e8d9a.jpg,-1.3906076
images/smdg/634348f2324546ac.jpg,-5.562237
images/smdg/78a1057456302534.jpg,-2.5361407
images/smdg/c0e798272e6b3790.jpg,-2.8110182
images/smdg/60016fdef06549d1.jpg,-2.4219136
images/smdg/fe2282f9669b33c9.jpg,-1.4092621
images/smdg/e245439dc4f6bc4d.jpg,-2.873324
images/smdg/2589d9d66dec7385.jpg,-0.095228076
images/smdg/eed94e05e88eb09f.jpg,-2.3706033
images/smdg/e2ede0b34231762d.jpg,-0.91924983
images/smdg/11a17de463bd533c.jpg,-0.49471676
images/smdg/905bda7feaaf4fcf.jpg,-0.6620866
images/smdg/8a3ad7363c6d67f5.jpg,-1.2170339
images/smdg/4b331c5f3a8ee110.jpg,-0.3633864
images/smdg/7dd8a5338134672c.jpg,-4.77792
images/smdg/0ec1882a3f347df2.jpg,-0.22106087
images/smdg/ebe385b46534fa2f.jpg,-3.8482227
images/smdg/6fe6c24da30909b7.jpg,-2.7181706
images/smdg/d01c4ab440fa523c.jpg,-1.6937937
images/smdg/81d049e62028b571.jpg,-2.7426043
images/smdg/c7bd4eddd558f466.jpg,-1.967755
images/smdg/d444b353e5a3a349.jpg,-0.07568121
images/smdg/adc54753fad8072a.jpg,-0.47700238
images/smdg/c14225b1e60eaa7f.jpg,-0.42508107
images/smdg/f2a52d437fe5b935.jpg,-2.2484355
images/smdg/89cc0904d5c236f3.jpg,-2.1281002
images/smdg/06c9314961536280.jpg,-2.7352743
images/smdg/c4fc024a8c60c17b.jpg,1.2840465
images/smdg/2805799c16bfc29a.jpg,-0.15509021
images/smdg/7d67f87e805e3b9b.jpg,-2.1806324
images/smdg/a32fe91b1b599051.jpg,0.1698761
images/smdg/36609204ef674a38.jpg,-0.7140079
images/smdg/85bab914fb9c58e2.jpg,-3.7211685
images/smdg/bbc49ad23a4569dc.jpg,-2.5422492
images/smdg/d9d1fc2b7e2a01b9.jpg,-1.8455871
images/smdg/3a417b2ddefe142a.jpg,0.1637677
images/smdg/a37f64476430d715.jpg,-4.1182137
images/smdg/8b9434d8d4f44c02.jpg,-0.29375076
images/smdg/bd3acb19a11f66f4.jpg,0.5730299
images/smdg/385d25d9ecc56dcc.jpg,-2.296081
images/smdg/48bb32a4a977267a.jpg,-0.73172224
images/smdg/a57e6f91271e53d0.jpg,-2.6570868
images/smdg/3a71947462cd3d2d.jpg,0.39832985
images/smdg/bcbd6230bfe76205.jpg,-1.4551847
images/smdg/a09f2ec2f19ec93a.jpg,1.2009722
images/smdg/dcaec38b5a6ff23c.jpg,0.553483
images/smdg/4cde521305570762.jpg,-4.587338
images/smdg/77b85b2b03391d1e.jpg,-2.9698362
images/smdg/c4aea058be64ad69.jpg,-3.0113735
images/smdg/217d06603ce9e494.jpg,-4.5360274
images/smdg/71c6cd37b4e9ee6e.jpg,-0.9778904
images/smdg/09b86ac53a1a733f.jpg,-0.59672683
images/smdg/bb84ef910bdecb24.jpg,-2.2630956
images/smdg/0877268a0f4dc487.jpg,-1.3401179
images/smdg/b108fea005828498.jpg,0.0135012865
images/smdg/e250089452237b92.jpg,1.3549038
images/smdg/fa79c182f652fe56.jpg,-4.746156
images/smdg/13b8d44de045e75d.jpg,-0.9278016
images/smdg/f3df015319bb8974.jpg,-3.5928922
images/smdg/362f4a84c1376672.jpg,-1.3956422
images/smdg/204fdd0d75017a1b.jpg,-6.1437554
images/smdg/5419c5525dfad24a.jpg,-2.9319644
images/smdg/b0ee31a0101320cb.jpg,-2.4579532
images/smdg/8fd9d47748e990ec.jpg,1.6261162
images/smdg/e831c0d9bacf7f28.jpg,1.7336239
images/smdg/3784225346167c44.jpg,-2.3308988
images/smdg/a895e090c9e2e6bb.jpg,0.3018173
images/smdg/b7fd9fc7e03bed8b.jpg,-1.1678613
images/smdg/1892a78d2ae9c2e2.jpg,-0.505101
images/smdg/d4da511a6671ab46.jpg,-5.8749866
images/smdg/003bfb7f49d7d64f.jpg,-1.0655458
images/smdg/e87274972e5ad6de.jpg,-6.2928004
images/smdg/2db58a95061ede95.jpg,-1.2587236
images/smdg/2889dc36f12f3f1c.jpg,-0.47761327
images/smdg/362b5967c8e41d16.jpg,-3.509818
images/smdg/d310b944b3b1de9b.jpg,-2.1568096
images/smdg/c12e6dfaceb4a358.jpg,-0.3194059
images/smdg/521ac44f1c6ecc3c.jpg,-2.6234906
images/smdg/9d522581f24cea59.jpg,0.53027105
images/smdg/229d66f0494f3f22.jpg,0.8821143
images/smdg/b93e9dbb8d6acbad.jpg,0.33113754
images/smdg/556fa04510ecde63.jpg,-3.3143497
images/smdg/39e78d73ca731be9.jpg,-0.6071111
images/smdg/80bc4a31cd6a8b28.jpg,1.4550813
images/smdg/6f5d96298b9909e7.jpg,-2.6155496
images/smdg/8cf7f9333a9b2acf.jpg,-1.5268055
images/smdg/23004199d5b262e4.jpg,-1.9763067
images/smdg/852c14e053314b29.jpg,-1.4213786
images/smdg/ffa019ded5404cf6.jpg,-3.4279656
images/smdg/531aa157163eaf7e.jpg,-0.6651408
images/smdg/ab3f7e365ac5b517.jpg,0.3604579
images/smdg/21b18dd62944be24.jpg,-1.7860304
images/smdg/ca306b4a58a7017a.jpg,-2.3651056
images/smdg/c568fc24a78ccd7f.jpg,-0.22045004
images/smdg/fa74bfd8bf9621fe.jpg,-0.8202939
images/smdg/92b47fef79386ab7.jpg,-1.1758022
images/smdg/8bfcd5450e6c6287.jpg,-2.2307212
images/smdg/9330406675cb7275.jpg,-0.8575551
images/smdg/cc3ef8d0f3e25853.jpg,-2.0993907
images/smdg/6b78927722c291de.jpg,-1.0200382
images/smdg/b8391ae4567f941c.jpg,-0.95101345
images/smdg/c3da030c82e8500c.jpg,-1.2361226
images/smdg/5b542c4d01f68f83.jpg,2.1856446
images/smdg/08ea1c4f56863108.jpg,1.2376226
images/smdg/e67f0fe8e2795899.jpg,-2.5227022
images/smdg/ba81d63b2b6d1d25.jpg,-0.89390004
images/smdg/313a147ee7192829.jpg,-0.38110065
images/smdg/b2a7cb031bef7eae.jpg,-0.78761405
images/smdg/d3b8b847ef9fc1d1.jpg,-1.0182058
images/smdg/4c05d358d0577ba7.jpg,-0.92871785
images/smdg/50594e7f7eae8486.jpg,-2.758486
images/smdg/68066a094b3f2ad1.jpg,-0.8859591
images/smdg/948cc35d278596a3.jpg,-3.3864284
images/smdg/a3cf7df3e6a0e20b.jpg,-2.242938
images/smdg/e79f9b84865c8a0a.jpg,-1.3237016
images/smdg/a886ad099fcd62b1.jpg,-1.29064
images/smdg/a08db99a343e4509.jpg,-0.62849045
images/smdg/47e02775f36c5923.jpg,-1.2910981
images/smdg/00df1af873f2fcd5.jpg,-2.3345637
images/smdg/5f0a29856812cd34.jpg,-2.1232135
images/smdg/283b968e4b913325.jpg,-5.3179016
images/smdg/79ece3cb48d380a3.jpg,-0.5142636
images/smdg/5545aadc215192c7.jpg,-0.29741573
images/smdg/e8c7417057daccb8.jpg,0.7941536
images/smdg/1930d55f93d74c79.jpg,-1.1448021
images/smdg/64ed9072a373e5c4.jpg,-0.8074663
images/smdg/8e822a2982028cdd.jpg,-0.8322053
images/smdg/85a068e826b6439f.jpg,-3.2996893
images/smdg/4c16243865dd3319.jpg,-2.363884
images/smdg/a445cc555b665074.jpg,-1.1110532
images/smdg/d27f52157fb5ee0f.jpg,-0.124548316
images/smdg/a6c8a1f76bf60e42.jpg,-5.2568173
images/smdg/96c9a38ed104b454.jpg,-3.1262112
images/smdg/25cc193189d3540b.jpg,-2.4939928
images/smdg/37b5546870d5975b.jpg,-3.787139
images/smdg/c1812aa6b666a55a.jpg,-3.0614622
images/smdg/afc05edc69b768de.jpg,0.23218167
images/smdg/dd586c1f00f70647.jpg,0.8332473
images/smdg/e79ee86a5d775c4a.jpg,-1.5594854
images/smdg/70827a19e98fbb0b.jpg,0.43620193
images/smdg/be9182e9e3cc00d7.jpg,-0.4171402
images/smdg/88a08e2b3b6f7057.jpg,0.21629989
images/smdg/3fdc61e3a86229ff.jpg,-0.4489038
images/smdg/1b535519832a9de7.jpg,-1.4024545
images/smdg/f96d5113807e68ad.jpg,-2.7902498
images/smdg/6ae65d485036b103.jpg,-0.9843042
images/smdg/9bac29dcc67cd6de.jpg,-5.090669
images/smdg/d43df0e848dd5a70.jpg,-0.7598209
images/smdg/12ff01fd4fdad1e3.jpg,0.23462498
images/smdg/3242fd39b0b57d4c.jpg,-4.8585505
images/smdg/eb80e3d48d11ab2f.jpg,-1.0072106
images/smdg/9f8a965826b97fc4.jpg,-0.38415492
images/smdg/c499f32aac2a0854.jpg,-4.484717
images/smdg/bb8773d840c9a3fb.jpg,-2.143982
images/smdg/9988320b28581b08.jpg,-1.2057333
images/smdg/482c9997d57783bf.jpg,-2.6949587
images/smdg/7a9f5a81b229a5f0.jpg,-1.703109
images/smdg/fb8a57285aeb9cd5.jpg,-0.23205602
images/smdg/efe2c8f687e4689b.jpg,-4.003376
images/smdg/c0d29bff9499b717.jpg,-1.2035954
images/smdg/15e9104798536783.jpg,-0.8734369
images/smdg/3885b4b7ff35dbee.jpg,-3.088339
images/smdg/f02a6395adbdbcc6.jpg,-0.77020514
images/smdg/8907f74c193abfea.jpg,-5.107773
images/smdg/5ed860f4ca17d484.jpg,-0.49349505
images/smdg/45be1543ff9c31d7.jpg,-1.4956528
images/smdg/d9a30ae3c0dd89cf.jpg,0.60968006
images/smdg/44df3b05b8a98cc2.jpg,1.5552589
images/smdg/ae5b8cfa0c0a2568.jpg,-1.8947597
images/smdg/4a95318c5f065cde.jpg,-5.8481097
images/smdg/c5a53242d564e4da.jpg,-2.280199
images/smdg/fe1980f427627e6b.jpg,0.5046159
images/smdg/7ca1f67a795380ad.jpg,-1.7112026
images/smdg/9f3beec6dc848cba.jpg,1.2254058
images/smdg/4ae1f10cfdd49226.jpg,-1.0539398
images/smdg/d6a72b1a4ce1219e.jpg,-0.2540462
images/smdg/6e57dcad3cc732be.jpg,-4.3307858
images/smdg/61953e482e99f995.jpg,-0.92871785
images/smdg/a4486a0ac1ca89f4.jpg,-2.83423
images/smdg/6efe1191cf527b17.jpg,-0.40248
images/smdg/ce7cbb7b216a1c59.jpg,-5.1248765
images/smdg/a9b4a39853014853.jpg,1.0788046
images/smdg/efec3f49174e1029.jpg,-2.261874
images/smdg/5d15c9217aea2e3f.jpg,1.6896435
images/smdg/ea97a21695e99636.jpg,-5.418079
images/smdg/ee748a96f240c419.jpg,-5.7430453
images/smdg/171ed1ecd4d41791.jpg,-1.8333704
images/smdg/80859bccc9c9e533.jpg,-0.49349505
images/smdg/68a76b4a6cb0a4f6.jpg,-5.0027084
images/smdg/96e25cd3a1eeb9f6.jpg,-0.9232203
images/smdg/a0e68a2739ec4312.jpg,0.56081307
images/smdg/5acddfdd09cad3e9.jpg,-0.56679577
images/smdg/bb6e2248dae5ac8d.jpg,-1.2820882
images/smdg/33a69efaf562779a.jpg,-5.3521085
images/smdg/efaa339a158096b2.jpg,-0.32673597
images/smdg/38ea01afe1cea84c.jpg,-1.6498133
images/smdg/e7523e15c08891e2.jpg,0.8674542
images/smdg/ed0cf12026043101.jpg,-1.6476753
images/smdg/f19950aea947a6d1.jpg,1.4819583
images/smdg/2d71a16d68c22b23.jpg,-3.8237891
images/smdg/879e10e967ebd8bd.jpg,-5.225054
images/smdg/e2750e18d7276545.jpg,-1.9005626
images/smdg/a2d5fe6d160d0165.jpg,-3.4743896
images/smdg/ebb8b6b98da6b66b.jpg,-0.9672007
images/smdg/68513140baa8418b.jpg,0.38000464
images/smdg/0b7693e19193a1b9.jpg,-1.7985525
images/smdg/7474b49a5ce1b0d7.jpg,-1.0215654
images/smdg/718b2b32bf6839d5.jpg,-4.321012
images/smdg/676006e88b1a2e75.jpg,-4.257485
images/smdg/3351be5a1a2256cb.jpg,-1.2388713
images/smdg/218882c09093e7a9.jpg,-2.7450476
images/smdg/ed5bb411488e2687.jpg,-5.554907
images/smdg/a5b1fe3b8b539aa1.jpg,-0.045139194
images/smdg/48dab528d9d887b8.jpg,-1.9769175
images/smdg/48fdd3c7ef3b9fc9.jpg,0.9041046
images/smdg/bf1b3b1ee3d72373.jpg,-0.6272688
images/smdg/69681923a0d2568e.jpg,-2.644259
images/smdg/1dd9f9e195fa4813.jpg,-2.2020116
images/smdg/25a0c23d260f1dcb.jpg,-1.8422276
images/smdg/753ad8fb020b3ab8.jpg,0.10268378
images/smdg/5ad2f0869e800f35.jpg,-1.047526
images/smdg/a4afca6e6cbbd961.jpg,-2.3058543
images/smdg/87c356aaa8536ff2.jpg,-1.275598
images/smdg/f2572dc4dc4fa43e.jpg,-2.269815
images/smdg/62ce15df9417a100.jpg,-2.7010672
images/smdg/be3b8c2a2495ab83.jpg,-3.3913152
images/smdg/237652020bbc1a46.jpg,-0.8138801
images/smdg/af4f94dcfe29bf17.jpg,-2.276534
images/smdg/e9377f9f26552b47.jpg,1.4868449
images/smdg/7b385c2e20be7568.jpg,-4.5775647
images/smdg/a90d84d37fad41b2.jpg,-0.56557405
images/smdg/9655c22ef5b74261.jpg,-1.2910981
images/smdg/3eaed23de5ae93e7.jpg,-1.1777874
images/smdg/490f56200fddd083.jpg,-2.2942483
images/smdg/6adc41a83d48e11e.jpg,1.7873777
images/smdg/1a0943c66352ad32.jpg,0.4520837
images/smdg/9286bfcbe7b2d79c.jpg,-0.3633864
images/smdg/0d45208584f60375.jpg,-2.5135396
images/smdg/b0c40c9d2952ba1a.jpg,-1.6624882
images/smdg/7bb87a9ec9da86c6.jpg,-1.3279393
images/smdg/502e89a9730b02d5.jpg,-0.451958
images/smdg/ce133c120646bc5f.jpg,-4.504264
images/smdg/c46f8c3762b96299.jpg,-2.2985244
images/smdg/73a2da84d9b978eb.jpg,-5.6233206
images/smdg/248da8a598070f15.jpg,-1.7753407
images/smdg/6aac5c0b96263f60.jpg,-1.7612914
images/smdg/dc55b3066e8f0e51.jpg,-0.5881751
images/smdg/b5c8cf2103fe7367.jpg,-0.740274
images/smdg/496a72225176e585.jpg,-1.800996
images/smdg/009b88a277a88fbf.jpg,-1.7900008
images/smdg/9a7e7e61b0672fdf.jpg,0.24806345
images/smdg/8840ab51c7efa3d1.jpg,-3.0040433
images/smdg/374eca56d13b5f26.jpg,-3.1115508
images/smdg/e89fc590c433c4dd.jpg,0.9395331
images/smdg/442060bfc04e4bf1.jpg,-1.130142
images/smdg/54432d5459c1891d.jpg,-1.1364031
images/smdg/a81e12dfe002c91e.jpg,0.85035074
images/smdg/94a56fe93b804d60.jpg,-0.88229406
images/smdg/28ea433289f687bb.jpg,0.7184094
images/smdg/84cb0a5eec50118a.jpg,-0.9500972
images/smdg/8e60455b91a220f9.jpg,-5.674631
images/smdg/70205d7599faaab0.jpg,0.22362995
images/smdg/0cfb790bd024296a.jpg,-1.1812998
images/smdg/560f0a29ed49afa1.jpg,0.5253844
images/smdg/5025a04c2c5ce73a.jpg,-1.8016068
images/smdg/62a8bf4c653e2016.jpg,-5.356995
images/smdg/2e0293f60ac9016e.jpg,-2.7413826
images/smdg/7cf461adc4fa3e3a.jpg,-3.3387833
images/smdg/432834fa302d08d5.jpg,-4.9269643
images/smdg/06dfcb2a5a11ef35.jpg,-1.053329
images/smdg/91ed5946ec84a676.jpg,-1.5388696
images/smdg/b6125dac5cdecff1.jpg,-4.963615
images/smdg/ccbb5f3204ea6697.jpg,-2.8806539
images/smdg/965709b2e916d146.jpg,-2.0425828
images/smdg/c9b13b353108a200.jpg,0.33724594
images/smdg/ee1481e80c82e572.jpg,-3.1139944
images/smdg/9ac9a2a4b2d8c96b.jpg,-0.7921953
images/smdg/d49d884ce11dd7b5.jpg,-3.9740558
images/smdg/464675b933d59934.jpg,-1.0493586
images/smdg/cde9514babe74595.jpg,0.65366066
images/smdg/4cd6786de34447fd.jpg,-2.7218356
images/smdg/7e20143d5b96730f.jpg,-2.6314316
images/smdg/78bdfb5d471be00d.jpg,-2.2594306
images/smdg/1c0cf0cc111c274a.jpg,-2.54286
images/smdg/0d862ca0e5060540.jpg,-5.4498425
images/smdg/ba6aa40a05f216d2.jpg,-0.45928806
images/smdg/1fa819ee6d502a77.jpg,0.24195504
images/smdg/f4c70f7f89e6b0a3.jpg,-1.7060105
images/smdg/f014f1ce51594ad7.jpg,-3.2508223
images/smdg/600220635b58c37e.jpg,-5.027142
images/smdg/8e09b62e8a894cd7.jpg,-0.736609
images/smdg/5ca30a9394bb9cdc.jpg,-0.44218457
images/smdg/3ee7e24ab0f0fb7f.jpg,-2.895314
images/smdg/31a1ca4c1d86fd3c.jpg,-0.2558787
images/smdg/9b3a20e5f35b463a.jpg,-1.6921139
images/smdg/d7f6823fcece8a8b.jpg,-5.15664
images/smdg/d4a4ddfb22352ef1.jpg,-1.0493586
images/smdg/97308b6308955ab2.jpg,-4.0497994
images/smdg/bb98c22ea03aca8f.jpg,-1.9329371
images/smdg/2eddba5b7f8df355.jpg,0.23340333
images/smdg/da0a9df328d7c37c.jpg,0.82225215
images/smdg/b3850c97f5a51c66.jpg,-0.5649632
images/smdg/206d117f33f38155.jpg,-2.1836865
images/smdg/42ced96f54882b06.jpg,-4.2403812
images/smdg/383b2992ba2e1a83.jpg,-0.21922839
images/smdg/9ac34f230a18f088.jpg,-1.0594374
images/smdg/7b10972c8efd7d41.jpg,-3.1970685
images/smdg/d94b88679db5ca1e.jpg,-0.09644973
images/smdg/d2bd142bd96f2abb.jpg,-5.5451336
images/smdg/3195445e9aa81e0e.jpg,0.9712969
images/smdg/d0709d8c6ebbaf7d.jpg,-5.376542
images/smdg/ec35b6783580da49.jpg,-1.1817579
images/smdg/d5c29c81e29c2f53.jpg,-2.485441
images/smdg/7e6d68284d66d0d8.jpg,-2.136652
images/smdg/d4237d2b72b7b004.jpg,-2.5324755
images/smdg/7bfa6662b120c1d0.jpg,-0.75615585
images/smdg/6897daae72789678.jpg,-3.88976
images/smdg/e15863a0b6898457.jpg,-5.7528186
images/smdg/4463e2f12e24490e.jpg,-3.2752557
images/smdg/20ce43c6c0a48949.jpg,-1.1177726
images/smdg/e9dc8236db7a89c8.jpg,0.34701943
images/smdg/addcbae35f1e2ad7.jpg,-0.24305105
images/smdg/f84e786798acddf0.jpg,-0.85969305
images/smdg/0bcbb2530d8a8258.jpg,1.1056815
images/smdg/dcb515a7e7b4fd5d.jpg,-0.8935946
images/smdg/035724072ba4e65c.jpg,-0.71767294
images/smdg/be634753a5889685.jpg,-1.3339714
images/smdg/6d02517352964748.jpg,-1.4322783
images/smdg/d0a64738af82aea5.jpg,-2.2398837
images/smdg/a5eacc101654c739.jpg,-0.47150487
images/smdg/e25936502d55902b.jpg,0.44841862
images/smdg/340d03eaa5d97dbd.jpg,-1.3925642
images/smdg/647562dcf82bd29d.jpg,-1.935075
images/smdg/a1dd84b0cab338e2.jpg,-2.8867621
images/smdg/022a31ee2d3f4233.jpg,-1.5123745
images/smdg/ab3201525be7ebba.jpg,-3.0015998
images/smdg/013ee1be4008a617.jpg,-2.132987
images/smdg/6b89f8c80c2695f3.jpg,1.6749834
images/smdg/f402afc12ba9c999.jpg,-0.53075624
images/smdg/9984d8a4a80659b1.jpg,0.56081307
images/smdg/3bb1a2f25a3e1ccd.jpg,-0.8590822
images/smdg/1184e10c3e3543fc.jpg,-4.1426473
images/smdg/35c0d8af7cb6a007.jpg,-2.577067
images/smdg/c565567cd0519475.jpg,-0.2094549
images/smdg/5a57573cbb5cba49.jpg,-1.3289319
images/smdg/ba2d9c4d7ad7e5bf.jpg,-4.9123044
images/smdg/b1ff20a58b02d8f8.jpg,-0.5710716
images/smdg/cfdf39fc9f29e22a.jpg,-3.210507
images/smdg/edec137f9723d57b.jpg,1.6749834
images/smdg/a603440096da0d3a.jpg,-3.1897383
images/smdg/09e104fb41b11ec4.jpg,0.6854242
images/smdg/5c5533ffcc60c3c3.jpg,-2.7988014
images/smdg/7295d478b8307fa8.jpg,-5.6135473
images/smdg/5e3a848106114284.jpg,-0.47761327
images/smdg/295d8a07ca4c555c.jpg,-0.8490034
images/smdg/3a40840f4ec4f329.jpg,0.119787335
images/smdg/0375b51d185a66bd.jpg,0.09901881
images/smdg/f2cbbbb70e3f21ac.jpg,-1.9130849
images/smdg/b0d48c21e3b62cd9.jpg,-1.6102614
images/smdg/d2e8665209148998.jpg,-4.677742
images/smdg/7323b7b621a3cd19.jpg,1.0775827
images/smdg/e161203cdcb93627.jpg,-2.345559
images/smdg/f62a6bccc8020a4a.jpg,0.7684983
images/smdg/75f9faefe05e6962.jpg,0.42398512
images/smdg/ed724b8b437ad1b2.jpg,-0.33406603
images/smdg/592da9c5cbf69c60.jpg,-0.3108542
images/smdg/026655c22911e553.jpg,-1.1609894
images/smdg/1dac9e2fc5a078b1.jpg,-2.709619
images/smdg/084ce8a6c7a8c683.jpg,-2.6491458
images/smdg/efdd60258f535e33.jpg,-1.499165
images/smdg/76fef5913d3d81ed.jpg,0.7868234
images/smdg/77aa9221883ebd45.jpg,-5.437626
images/smdg/a823aea91c522bd2.jpg,-5.3863153
images/smdg/c0300c107b79e327.jpg,-3.5391383
images/smdg/29baf66479785808.jpg,-2.9942698
images/smdg/7828a9d04361e3fe.jpg,-3.72972
images/smdg/ed557b15d52323b2.jpg,-0.1691395
images/smdg/31d0aba5aff07cde.jpg,-4.2183914
images/smdg/6daa9e5e75987ddf.jpg,-1.0965458
images/smdg/acf45c6c2f5069e3.jpg,-1.6937937
images/smdg/3951cb283285951a.jpg,-0.7311114
images/smdg/f989c13f357643bd.jpg,-2.6680818
images/smdg/4ba18778e06d1a6a.jpg,-2.2521005
images/smdg/e89bf870630a3a98.jpg,-2.5715694
images/smdg/087d45c96e61031e.jpg,0.5253844
images/smdg/af5764b1951f4bd3.jpg,-3.1286545
images/smdg/00707259fa3c0e07.jpg,-5.4693894
images/smdg/336d72c3e924c770.jpg,-2.2710366
images/smdg/1c20c46dbf090ad2.jpg,-2.3828201
images/smdg/68a769e065fc85a7.jpg,-3.0516887
images/smdg/95a7f4b74360b0a6.jpg,-0.6767467
images/smdg/7fbb6fd105ba879b.jpg,-5.6257644
images/smdg/80b0b83069f54eec.jpg,-0.8893187
images/smdg/048bb4f7cae96edb.jpg,-4.1988444
images/smdg/a5501db5224b75c5.jpg,-0.98980176
images/smdg/3c9132f8e68dd700.jpg,-2.1274893
images/smdg/23f51e9e20669a96.jpg,-3.583119
images/smdg/303cfc717db2ff50.jpg,-2.269815
images/smdg/6082ec75a1f0c384.jpg,-1.315837
images/smdg/7619679b84fddae7.jpg,-1.633626
images/smdg/89e9e020b9078d7c.jpg,-4.3723226
images/smdg/41f38de909bd206a.jpg,0.25661528
images/smdg/09eae40ed04dbc30.jpg,1.5503722
images/smdg/77657ff60012dcc7.jpg,-2.5679042
images/smdg/5262fba0c21dc1f0.jpg,-2.0037944
images/smdg/d53dead030621a83.jpg,0.46918714
images/smdg/8316daaab13adb2d.jpg,-0.7262247
images/smdg/28a1460a53924925.jpg,0.6854242
images/smdg/654fd3b95ea0e09e.jpg,-2.3614407
images/smdg/0bb4099f5c1c2fdd.jpg,-0.8092988
images/smdg/e007dae7e7a53e28.jpg,-5.1468663
images/smdg/c947ff2d4a411954.jpg,-4.545801
images/smdg/83edca23ac9fab5c.jpg,-0.6126087
images/smdg/064f56ea5f38022e.jpg,-4.223278
images/smdg/133536b1147b7969.jpg,-3.8127942
images/smdg/710bb45159f9b5ff.jpg,-3.4401822
images/smdg/903f5726da767a1c.jpg,1.6285597
images/smdg/fed1eff884c48b5b.jpg,1.0714744
images/smdg/f364d544b17fcb3a.jpg,-2.1879625
images/smdg/f51c751e57ee82e2.jpg,-2.709619
images/smdg/78d8d28b7e1a055c.jpg,0.112457275
images/smdg/c591a0e83495c3af.jpg,-0.88657
images/smdg/69744bbef6618c0e.jpg,-4.4920473
images/smdg/024fdb5da040a696.jpg,-4.7143927
images/smdg/6201dcfa05b226e6.jpg,-2.3058543
images/smdg/9cb4b2b9e3782570.jpg,-4.614215
images/smdg/ddca5f5802b37a42.jpg,-3.4243007
images/smdg/830b1d4d1927a1a4.jpg,-1.8263457
images/smdg/b47c4a1042201da5.jpg,-1.0166787
images/smdg/2ffea219a35bde3e.jpg,-1.6473699
images/smdg/a36e397a7c352b47.jpg,-0.8044121
images/smdg/b298a45850e1cbf9.jpg,-0.56251985
images/smdg/6084af9cf9d5b89d.jpg,-0.59672683
images/smdg/38d5b2b6ade0cb33.jpg,-0.3151301
images/smdg/c2a15770b952dd7a.jpg,0.8845576
images/smdg/863f7810f9378170.jpg,0.82225215
images/smdg/90ee3b3f2db105b0.jpg,0.46063542
images/smdg/3f3c05f662e3eec3.jpg,-1.0588266
images/smdg/c688c9117a1c17c9.jpg,-0.6419289
images/smdg/4c2f81c01826ef92.jpg,-3.2447138
images/smdg/fa53555f7cbc38fa.jpg,-3.7883606
images/smdg/bddf59dc7ca1e2fa.jpg,1.5552589
images/smdg/aaf03e5580a83b3f.jpg,-1.6927247
images/smdg/d68c80508328a7a1.jpg,-4.2477117
images/smdg/51f120f2aae0bfda.jpg,-1.3548543
images/smdg/5fa2f52a0b50c718.jpg,-0.379879
images/smdg/3812ed0903c92755.jpg,-1.4232492
images/smdg/91a61b255c2e95bb.jpg,-1.9152229
images/smdg/257883009af56d57.jpg,-2.7731462
images/smdg/dc6343225816f928.jpg,0.17476285
images/smdg/fdbc91d4f0c668f0.jpg,-2.587451
images/smdg/426f598e517cd687.jpg,1.4208742
images/smdg/a29eb7032f219f30.jpg,-2.3028002
images/smdg/4166207fa8a35b72.jpg,1.5454856
images/smdg/391bd635fc0cf9f8.jpg,-5.6501975
images/smdg/081490901571e423.jpg,-3.6148825
images/smdg/36c1449a525689f9.jpg,-1.2045116
images/smdg/a543d19a2ebd5376.jpg,-2.318682
images/smdg/0b49ed325c9799be.jpg,-4.7070622
images/smdg/c76efd1ab5f37092.jpg,-1.3232435
images/smdg/cc7fbcc1a5aa1076.jpg,-4.4822736
images/smdg/c6a3e6703fe703c5.jpg,-1.8855971
images/smdg/2d3f68e47034d87b.jpg,-0.45379055
images/smdg/ee9d249daed5df12.jpg,1.0226072
images/smdg/49191565dc80d2c8.jpg,-2.8830972
images/smdg/09b0708c1fd7cc95.jpg,-1.8092422
images/smdg/e636222f55c8b5b6.jpg,-0.44340628
images/smdg/7e8f9428416a009e.jpg,-3.3265662
images/smdg/1263dea3d89ee57c.jpg,-0.18868637
images/smdg/0187f9c5f1b62134.jpg,-0.793417
images/smdg/827e73892f969d15.jpg,-3.3473349
images/smdg/715a9cff7342d933.jpg,-0.62360376
images/smdg/c8ca865c66b73837.jpg,-2.3522782
images/smdg/9d44874c99b79f9b.jpg,-2.9527328
images/smdg/17354f2ab0fda924.jpg,-4.572678
images/smdg/98840b2f4a670442.jpg,-1.1026542
images/smdg/fdddabf73195dd1f.jpg,-3.19829
images/smdg/a5c629bfc311efaa.jpg,-2.4072537
images/smdg/0726f4d789c1e454.jpg,-5.232384
images/smdg/8c8cbc0d8c99bcf8.jpg,-0.9500972
images/smdg/ae4ed35b73ac1616.jpg,-3.0382504
images/smdg/2bd377dca0fa19ec.jpg,-0.49899262
images/smdg/98a36ff6352c53e4.jpg,0.78926694
images/smdg/baf326bc17425a92.jpg,-3.9936023
images/smdg/713dee3258b50978.jpg,-4.1157703
images/smdg/51f11532e3c2a0f4.jpg,0.3567928
images/smdg/6362fc68f00ab77c.jpg,-1.4473584
images/smdg/84d959b5d27dad49.jpg,-0.45562303
images/smdg/6293d0cc8bcb0620.jpg,-0.7054562
images/smdg/1b47cc384ab20ef0.jpg,-2.890427
images/smdg/5b453ee0d1d46109.jpg,0.43498015
images/smdg/affc8bdbbf2d10aa.jpg,-1.7273898
images/smdg/e2dbab20f5323091.jpg,-0.3963716
images/smdg/a9094ebb9e955bee.jpg,-4.352776
images/smdg/bfb09c9004ff8d34.jpg,-1.1921421
images/smdg/23dbe556dd3955cb.jpg,-0.57656914
images/smdg/14fcc4d4f135ce31.jpg,-4.184184
images/smdg/fa754c40e0ec0bfc.jpg,-4.496934
images/smdg/919205f9556ea2ab.jpg,0.265167
images/smdg/a18d5ea7e192bc7b.jpg,-1.5237514
images/smdg/56a475306936c9d1.jpg,-0.45745558
images/smdg/1dfbbdcca8116dfb.jpg,-0.70362365
images/smdg/e791de42049df959.jpg,0.5327145
images/smdg/54eb91fb3dc692b1.jpg,-2.8940923
images/smdg/4aa431eca2779291.jpg,-1.1698465
images/smdg/0700d8395cf54bad.jpg,0.93831146
images/smdg/0b85b100b905a44c.jpg,-2.7010672
images/smdg/3fb44aed5ef4ea72.jpg,-2.4842193
images/smdg/0f2f5a4d4d6bb6ac.jpg,-1.3037729
images/smdg/b102043ca6fe1d1c.jpg,-1.034393
images/smdg/3f7a096599d3cf4e.jpg,-0.68346596
images/smdg/66a4e58ed5835a10.jpg,0.4520837
images/smdg/0150b92af868612e.jpg,-4.4187465
images/smdg/4e9774ef10750be7.jpg,-2.2514896
images/smdg/c799099e939d33cd.jpg,-2.4426823
images/smdg/0fcfd799ce5dd907.jpg,-4.06446
images/smdg/bd54b8da7c170a74.jpg,-0.30108082
images/smdg/1b2fafcba071f57e.jpg,-0.9381858
images/smdg/97d032a8d71128f9.jpg,0.5595914
images/smdg/8434f1fe275c41f9.jpg,-0.36033213
images/smdg/bde3b57452656efc.jpg,-1.4498017
images/smdg/ecb6b35de691ecc7.jpg,-1.486643
images/smdg/b946b826c9fbed92.jpg,-0.64864814
images/smdg/7f4ff5c0d06f35ca.jpg,-4.7632594
images/smdg/c33c5b7b2de755e1.jpg,-4.3014655
images/smdg/d67de40380fdad23.jpg,-0.6584216
images/smdg/901b1ea82865e654.jpg,-4.389426
images/smdg/a76fcff2cf11e64f.jpg,-2.023036
images/smdg/6303f5203746f56b.jpg,-0.6388747
images/smdg/1e81cb59a91f366e.jpg,-0.034144163
images/smdg/5b1692bbc9b1affb.jpg,-3.6014438
images/smdg/4a96b5dc26a0d680.jpg,-4.132874
images/smdg/ac7bc4f61819fe0e.jpg,-1.1693884
images/smdg/e67e3769d984227d.jpg,-2.8757672
images/smdg/a4d45fc5bec85439.jpg,-3.02359
images/smdg/87e4a4d84aa46d3f.jpg,-3.2263887
images/smdg/1f1dd6fdd10b552a.jpg,-2.101834
images/smdg/f21387e79985aac3.jpg,-3.1824083
images/smdg/aaf6b79b5e2b48f8.jpg,-0.5008251
images/smdg/4eff3191b4b82049.jpg,-1.1298366
images/smdg/f590f321952df6f3.jpg,1.0897995
images/smdg/76328536ca6c21f8.jpg,-1.7319711
images/smdg/8a561d62c096152d.jpg,-4.8121266
images/smdg/de5b9d4f7afec131.jpg,-0.706067
images/smdg/85893831e27a2749.jpg,-2.9002008
images/smdg/e80cf0dabf897615.jpg,-0.57718
images/smdg/16431cef7d547fa8.jpg,-1.1495361
images/smdg/8add562b0b5acab4.jpg,-2.345559
images/smdg/63772357acb9fd45.jpg,-0.5643524
images/smdg/b52d991d13068cd5.jpg,-2.716949
images/smdg/9ebfb36733736d01.jpg,-0.70362365
images/smdg/3f8a6785c8bbaeb0.jpg,-2.5245347
images/smdg/1206cd2d2acad07f.jpg,-3.1066642
images/smdg/e95354b6570d4e6c.jpg,-1.4912242
images/smdg/be2da3011e292263.jpg,-1.6192713
images/smdg/5826197f94233a90.jpg,-3.8714347
images/smdg/2de21330a825ab7c.jpg,0.35801446
images/smdg/f6002583d93efece.jpg,0.6487738
images/smdg/e8fe84ebc41241f9.jpg,1.4062141
images/smdg/c24274a7417985ee.jpg,0.15277255
images/smdg/4a8c266f1a8e1da7.jpg,-4.2257214
images/smdg/1ef5a5e627feb786.jpg,-4.0620165
images/smdg/5a9497b34c4bde04.jpg,0.22607327
images/smdg/75a857df99f4a010.jpg,0.9541935
images/smdg/f5f90cec66310477.jpg,-2.0688488
images/smdg/98c4bc48528ed8b9.jpg,-1.572084
images/smdg/a6724150d18859b2.jpg,1.232736
images/smdg/add0b8655aad7cfb.jpg,-0.592451
images/smdg/f9ef3865c0bb0673.jpg,-1.7655673
images/smdg/f791f033e5c10075.jpg,-3.7773657
images/smdg/439ae5502f6fc663.jpg,-4.594668
images/smdg/537078b6cbb1ce3d.jpg,-1.9414889
images/smdg/a178d2b79b1ef7f1.jpg,-2.9551764
images/smdg/00a53e432ffda127.jpg,-0.4983818
images/smdg/4fe3daa635d83d85.jpg,0.12223065
images/smdg/b13c7b78f2d293c1.jpg,-1.4084793
images/smdg/f0a4c782eb7a5573.jpg,-2.3895392
images/smdg/4ce89dcd6a7893ce.jpg,1.5308253
images/smdg/f01f82b268963d83.jpg,0.9102129
images/smdg/94fb47ae32a9498b.jpg,-5.645311
images/smdg/d55de016976c2f8b.jpg,-4.0253663
images/smdg/9fd8d763adc75255.jpg,1.6212295
images/smdg/8a5e5b3a073d6fff.jpg,-0.6083328
images/smdg/af8eb98ad6da8294.jpg,-2.3699925
images/smdg/204856e556518f48.jpg,-4.4529533
images/smdg/de28c429e4d6218f.jpg,-1.514207
images/smdg/fa5ef8a01eff5423.jpg,-3.6148825
images/smdg/e8d06011fe81f113.jpg,-2.2209477
images/smdg/ea86fd1c1f327c93.jpg,-2.3504455
images/smdg/617c5ad45ce99db7.jpg,-3.1543097
images/smdg/2efdc5d956f268e9.jpg,-0.67796844
images/smdg/edcbb6f1b4a1c031.jpg,-0.17341542
images/smdg/4bc8700ab4350c3d.jpg,-4.614215
images/smdg/09534bd85e68a03e.jpg,-2.7462692
images/smdg/138dc86ead0bc7c8.jpg,-1.9833314
images/smdg/768f907da8ea06ad.jpg,-4.08645
images/smdg/84a467a1e12bd172.jpg,0.71718776
images/smdg/63c8ea93e6f102bc.jpg,-2.2673714
images/smdg/3678978374b73432.jpg,-2.0645728
images/smdg/29fe52378e6343ce.jpg,-1.2407038
images/smdg/c82fcc3732925e77.jpg,-2.6998456
images/smdg/cc135fc61e56aed2.jpg,-3.0724573
images/smdg/bed850616910a64c.jpg,-1.0994474
images/smdg/1b630015d9aa5b55.jpg,-0.4892192
images/smdg/3d09b996085fffda.jpg,-5.1248765
images/smdg/08264c1f569eb2fc.jpg,-2.3076868
images/smdg/d4003564daf7b321.jpg,0.06603348
images/smdg/2850872c3a5a4029.jpg,-1.6111777
images/smdg/6b2a4ff9ed80e751.jpg,-0.6138303
images/smdg/cfdd7c3d6e5ed85f.jpg,-1.0621861
images/smdg/9517c40f1ed10986.jpg,-2.4848301
images/smdg/9f0442f8ee6141cb.jpg,-2.560574
images/smdg/a4489a6c7dc09618.jpg,-2.4707808
images/smdg/e5d6b2cc49999026.jpg,-0.67491424
images/smdg/4c69c79f57551d11.jpg,-1.3651814
images/smdg/ae8e4ea3d7e651c8.jpg,-0.46050978
images/smdg/94eab704a82d1815.jpg,-0.35055876
images/smdg/0f0d08a68ef8b9f9.jpg,0.5498179
images/smdg/0c7117d77eca60f2.jpg,-2.983275
images/smdg/e187dcfa05e50528.jpg,-0.2503811
images/smdg/df14893149abb4e3.jpg,-1.614232
images/smdg/a558ce6e3f09c31a.jpg,-2.850112
images/smdg/996f5388a25eee7a.jpg,0.876006
images/smdg/84655ed697b850b2.jpg,0.9749619
images/smdg/fa3a7751daa2f088.jpg,-0.14409518
images/smdg/70ad08aa0d59b27b.jpg,-0.50815517
images/smdg/d73f42d8e06fc6d3.jpg,0.64999545
images/smdg/8af0723b4d490c92.jpg,-1.1115115
images/smdg/375d24213c63cbd2.jpg,-0.5863426
images/smdg/91547ab8c3463730.jpg,-1.9387401
images/smdg/a4533ec5fbe7e756.jpg,-4.2892485
images/smdg/3f82693f048f987b.jpg,-1.5385642
images/smdg/d4e032f3105088be.jpg,-1.4092907
images/smdg/c018e26442017b08.jpg,-1.906671
images/smdg/229d287c5f76bcdc.jpg,-5.444956
images/smdg/0917da292543fbd3.jpg,-2.8317866
images/smdg/7a482f3ce4d81f50.jpg,-4.5360274
images/smdg/9c5f47e922a3f41f.jpg,-2.7707028
images/smdg/e99ac7bf7721269b.jpg,-1.1568662
images/smdg/6860d99f295ad224.jpg,-0.0084888935
images/smdg/af53b658dd1ce53a.jpg,-5.3325615
images/smdg/ac4d253e712dd99e.jpg,-1.3859595
images/smdg/e3a7e774489bf326.jpg,-1.9625628
images/smdg/970805d29cf061cc.jpg,-0.9843042
images/smdg/ef611400dc252145.jpg,-1.2397876
images/smdg/554158459005876e.jpg,-1.066462
images/smdg/b844c085a2e7444e.jpg,0.116122246
images/smdg/70574208a8e52936.jpg,0.56081307
images/smdg/73a4d55171217589.jpg,-0.6828551
images/smdg/a240e61fa8a0882f.jpg,-0.07201612
images/smdg/8da33733fe2467bb.jpg,1.3451303
images/smdg/f97cd7e0a603fbd0.jpg,-1.9799718
images/smdg/ba5fe67b74ba08e1.jpg,-2.1690264
images/smdg/5a626c8c6870731e.jpg,-3.7248335
images/smdg/819771a393b9dbd2.jpg,-2.6094413
images/smdg/768b2ed432d6f8ca.jpg,-4.7901363
images/smdg/2bc73c345b9fd9d8.jpg,-1.6330152
images/smdg/a333318f896e716a.jpg,-1.9433215
images/smdg/9d0ddf6121e138ac.jpg,-0.5002143
images/smdg/395ac62640c4dba5.jpg,-3.0822306
images/smdg/ec9f87102c9ba4c9.jpg,-2.1720805
images/smdg/215ba44e67ef21f7.jpg,-1.0194274
images/smdg/8a1ac36f4b8444cb.jpg,-4.277032
images/smdg/91e9b305183c00fd.jpg,-1.1109006
images/smdg/d5cf1768b3e23d7d.jpg,0.5681431
images/smdg/eece2ecf76e74938.jpg,1.411101
images/smdg/4c0aa3665f73e464.jpg,-0.9131415
images/smdg/e68a012f4a3d4ba2.jpg,-1.6420251
images/smdg/fe698318d425e4da.jpg,-2.1372628
images/smdg/13a215c0f0e2edce.jpg,-2.466505
images/smdg/576a9eafbbe91f7c.jpg,-5.273921
images/smdg/501f67bbbffa0ab3.jpg,-5.1493096
images/smdg/07065fe605e36bd9.jpg,-1.2110782
images/smdg/188899d8f848aa13.jpg,-2.4090862
images/smdg/7846de03345a75f8.jpg,-1.0634079
images/smdg/dd7cea5ad560bcd5.jpg,-0.68590933
images/smdg/e51ac293ec9d5fc6.jpg,0.98473537
images/smdg/c273e376dc280a91.jpg,-2.0505238
images/smdg/5de714485915c0fc.jpg,-1.6163698
images/smdg/654513b282126125.jpg,-0.77020514
images/smdg/92303b5b78e800d0.jpg,-4.284362
images/smdg/ff644cffbb9c70a7.jpg,-1.4004431
images/smdg/146ddf669081968f.jpg,-0.13920844
images/smdg/2086e9e0ea808326.jpg,-0.30352414
images/smdg/6e07e3dfb2e320da.jpg,-1.4564064
images/smdg/5e1f1265c2e3daf5.jpg,-1.1907678
images/smdg/f9a17d36c95f3f09.jpg,-1.5270346
images/smdg/39bdd53fd209a637.jpg,-1.7841978
images/smdg/edf416b17e79aa98.jpg,0.9590801
images/smdg/4124ed9b04327ca8.jpg,0.042821527
images/smdg/cc3456c82aca9af4.jpg,-3.6063304
images/smdg/501a0c87a3bc0251.jpg,-0.38904154
images/smdg/b4392da76f808555.jpg,1.0873562
images/smdg/6beb5defa7be05c5.jpg,1.0568143
images/smdg/b1c1871e4c06ae74.jpg,-2.864772
images/smdg/536fafb9692370c1.jpg,-1.7451042
images/smdg/a22132b4e4672e27.jpg,-2.3993127
images/smdg/787ba42dc3fb0f0b.jpg,-0.3835441
images/smdg/a3e4c51eba6d377a.jpg,-3.8824296
images/smdg/f635b99771063a8d.jpg,-0.24305105
images/smdg/61cf8d28393fd6d4.jpg,-0.2503811
images/smdg/32b10ef692e95f94.jpg,1.0873562
images/smdg/f54682d9476f9b58.jpg,-3.0834522
images/smdg/39783d3671fc2cc6.jpg,-3.7456017
images/smdg/6e64d10165d8424e.jpg,-1.3097286
images/smdg/f9736f96f0bf8145.jpg,-3.0064867
images/smdg/db191d01b0c98ba4.jpg,1.0629226
images/smdg/7698760e82d9330b.jpg,-1.8113801
images/smdg/f2b100fbb36e6d80.jpg,-2.9392943
images/smdg/8a4b4965ee044881.jpg,-0.021927357
images/smdg/dd4b5dc7c3e0a9fa.jpg,-0.60650027
images/smdg/0438e1bc30f3569e.jpg,-0.4721157
images/smdg/fa9d2898f340e5f4.jpg,1.9926196
images/smdg/605ddeaa29573cd6.jpg,-4.3845396
images/smdg/b2d24f71f2b181f1.jpg,-2.7352743
images/smdg/89832554053bb1a4.jpg,1.2889332
images/smdg/fac065e821caacc4.jpg,-0.44340628
images/smdg/ae8bd8631409d22a.jpg,-1.2333738
images/smdg/cd159a64e888eee6.jpg,1.0140556
images/smdg/3ef2ea44820600bf.jpg,-2.7511559
images/smdg/fa7ad7687f3a08c3.jpg,-3.2202802
images/smdg/4ea4d2377bac2ca3.jpg,-3.740715
images/smdg/79f2fa93670d44f9.jpg,1.1178981
images/smdg/28a67b535cae55c2.jpg,-1.5509337
images/smdg/848067b07f7c97d3.jpg,-0.2522136
images/smdg/c6ef33cfffeb544a.jpg,-0.8041067
images/smdg/e87c28978a1aa069.jpg,-6.024031
images/smdg/da3deb0559b3e28a.jpg,-0.13554347
images/smdg/6919a00a36f18b69.jpg,-1.3328642
images/smdg/0ff8dac268825631.jpg,-0.39942586
images/smdg/55411143f43742ea.jpg,-1.0041565
images/smdg/5d85e3e3659cde94.jpg,-1.0866197
images/smdg/8e1cc154b2615fbc.jpg,-1.4612931
images/smdg/c63a08d8a09aa66c.jpg,-6.6715207
images/smdg/e909303376340d1a.jpg,-0.88015616
images/smdg/5e02419d9f7007cf.jpg,-1.0423338
images/smdg/d4f5e67041bdc3c4.jpg,0.05992508
images/smdg/9c17c4aa8f0f281f.jpg,-0.45928806
images/smdg/08ed422958d68933.jpg,-0.35483456
images/smdg/b31780d61df7b61d.jpg,1.3622338
images/smdg/38f470118c896cf0.jpg,0.2590586
images/smdg/ff9d594143433ffc.jpg,-1.6853946
images/smdg/ff7e03ab95d7b50c.jpg,-1.7658727
images/smdg/62cb229f3bb72ecc.jpg,-4.1988444
images/smdg/c379cc4c7ac5bfd3.jpg,-2.496436
images/smdg/2beaa641b71972f9.jpg,-1.454383
images/smdg/937ae28385471bcf.jpg,-0.7140079
images/smdg/46832cd975798180.jpg,-2.208731
images/smdg/c40fb021a8334c78.jpg,-1.4616748
images/smdg/a8c1ace81ecf5d17.jpg,-3.8604398
images/smdg/41e29428d39e9972.jpg,-1.081733
images/smdg/0a42368381c0a5ef.jpg,-1.8865134
images/smdg/b0ae136fd4c5275c.jpg,1.4966184
images/smdg/3b4aa1abef2f1806.jpg,-5.9507303
images/smdg/04f30cbb727dd321.jpg,-0.6651408
images/smdg/316564020654cc2d.jpg,-3.4291873
images/smdg/12e436e1c744afe4.jpg,-4.621545
images/smdg/2bb554b9da329ac7.jpg,2.3713398
images/smdg/d0c83279b1d27fb3.jpg,-0.417751
images/smdg/9782296c897fc61f.jpg,-1.6716508
images/smdg/f7a653fd4b2bc543.jpg,-2.6228797
images/smdg/49b3f2e3df7f519d.jpg,-3.2129502
images/smdg/623963ecfb195a48.jpg,0.30914736
images/smdg/d70184a89d397369.jpg,-1.0053781
images/smdg/fc841050d303395b.jpg,-1.3451574
images/smdg/e9930579fafc015c.jpg,-5.4083056
images/smdg/9d382ffbfffe3d37.jpg,-1.7838924
images/smdg/261c3c446aca626e.jpg,-1.4671724
images/smdg/3b7fe48e83ee9ba1.jpg,-0.4263028
images/smdg/df1faeddf0372487.jpg,0.02327478
images/smdg/265e4850149692f2.jpg,-3.1103292
images/smdg/d1853c5017a48ec4.jpg,-0.6999586
images/smdg/e7c49b8883255254.jpg,-3.18363
images/smdg/ba4331329525c888.jpg,-0.7918899
images/smdg/2d27add62ead394d.jpg,0.47651732
images/smdg/720dbf13d29ee44e.jpg,0.011057973
images/smdg/10e8f62e503842a7.jpg,0.17842782
images/smdg/64fa99171bedc271.jpg,-0.5814559
images/smdg/f476706a8656ea2a.jpg,-4.9123044
images/smdg/6e1468b3ee1e0e5a.jpg,-1.0246196
images/smdg/742017b5ed0b1a6c.jpg,-2.398091
images/smdg/97c707fec7d0d9b9.jpg,0.29082227
images/smdg/fbb695360acd2543.jpg,-0.04269588
images/smdg/79a4a97c1d745ec8.jpg,-1.7597643
images/smdg/724b302c035e9721.jpg,-0.9638411
images/smdg/51321ea7aabffb6c.jpg,-5.1493096
images/smdg/b555c5cc2e3c773a.jpg,-4.8121266
images/smdg/d14d43f8a0543b35.jpg,-4.299022
images/smdg/c8ad44289b7228c3.jpg,-5.4327393
images/smdg/a1dc1db259c78e8b.jpg,-5.239714
images/smdg/97b59f21ae203aa1.jpg,-1.6591285
images/smdg/cd462b1a04ff774f.jpg,-0.92505276
images/smdg/8160705ed561a573.jpg,-0.39514995
images/smdg/73c2da65baf19071.jpg,-1.0802059
images/smdg/ae38eef7c87a7e2f.jpg,-5.2568173
images/smdg/3a93ca9e74e4a3f2.jpg,-0.17341542
images/smdg/39b9ffc068040c60.jpg,-3.2911377
images/smdg/53f6c50318c525d9.jpg,-4.48716
images/smdg/e22128d6d9399682.jpg,-0.840757
images/smdg/498a87bb2267d257.jpg,-2.2673714
images/smdg/b1c56cb8fac3a238.jpg,0.814922
images/smdg/38b12a1523ac9408.jpg,-0.7427174
images/smdg/9a710de06c6e9739.jpg,-1.294305
images/smdg/340be9fc23131077.jpg,-0.7140079
images/smdg/9711c5ba21b75c55.jpg,0.022053003
images/smdg/f9fa23bd21112903.jpg,-2.8391168
images/smdg/616d4e4a103020e5.jpg,-0.86519057
images/smdg/47542bce5c58a3b3.jpg,-3.5269213
images/smdg/a8ecce5b4191a45e.jpg,-0.903368
images/smdg/ae9d7e2ca850932b.jpg,-3.206842
images/smdg/d237769d5d625920.jpg,-1.5725422
images/smdg/58394dbbfad6f6cf.jpg,-2.3009677
images/smdg/3f0c2088eb7ed3c4.jpg,-5.3887587
images/smdg/15453cb5f79849bf.jpg,-0.4641748
images/smdg/7a506e966bb93306.jpg,-0.87954533
images/smdg/4d4d2b13beaf5468.jpg,-3.1775217
images/smdg/478546fc08f56e4b.jpg,-0.15814447
images/smdg/4ef39dfac89cf022.jpg,0.40810335
images/smdg/2c87c6dfbde17520.jpg,-1.74938
images/smdg/04fe869a8752fb40.jpg,-0.08178961
images/smdg/dc30caffeaad316c.jpg,-0.33895278
images/smdg/b5606b410a696848.jpg,0.01227963
images/smdg/aaabde3a97d841eb.jpg,-2.1354303
images/smdg/20f26cf488b11beb.jpg,0.1698761
images/smdg/b599b7610e06fda6.jpg,-4.689959
images/smdg/3c45bc2b6cab54db.jpg,0.34335434
images/smdg/7915e6583aa7b0c0.jpg,-2.4188595
images/smdg/a64467ee0eba6994.jpg,0.9774052
images/smdg/8906d215e870be62.jpg,-0.5527464
images/smdg/eeffd84de63edc1c.jpg,0.86256754
images/smdg/c71d698eec4bf83a.jpg,-4.230608
images/smdg/a5caa857b27b015c.jpg,-4.953841
images/smdg/f1f11212bb2ca50d.jpg,-0.6590324
images/smdg/ea23ceffafad009d.jpg,-0.984915
images/smdg/f1bce33c9b1a185d.jpg,-4.267258
images/smdg/13c42d8659934de3.jpg,-1.5390223
images/smdg/f5f002adf9670075.jpg,-2.8598852
images/smdg/743c48698f947ee0.jpg,-1.1034178
images/smdg/e06af781f76c232c.jpg,-0.34689367
images/smdg/af25f0b7c151a5ad.jpg,-3.8421144
images/smdg/23e7dce226d1e282.jpg,-0.8636635
images/smdg/c4ea47a8fb74e84a.jpg,0.055038333
images/smdg/a258d51078214a47.jpg,-1.3102632
images/smdg/859d7c0007b23573.jpg,-0.7683726
images/smdg/342ac97448c36b86.jpg,-2.3382287
images/smdg/bf6d8151a16df24e.jpg,-0.74088484
images/smdg/41a3fc90584286f7.jpg,-0.37560308
images/smdg/90835195f0873130.jpg,-0.99560475
images/smdg/b6a9b50b688785d3.jpg,-0.9504026
images/smdg/0c79f9b4be7a2758.jpg,-3.7419367
images/smdg/8d7bb4bbeedab521.jpg,0.6548823
images/smdg/46d4eec08051d13f.jpg,-3.9789424
images/smdg/c4e73acfd1c45712.jpg,-0.06957281
images/smdg/3615cc5dc6152a43.jpg,-1.059132
images/smdg/56473755d00b5471.jpg,-0.53381044
images/smdg/4a912d251d3b266c.jpg,0.48140395
images/smdg/673473f5fd24a513.jpg,-0.6248254
images/smdg/cf73adf65679a3f0.jpg,-3.414527
images/smdg/d15448125d033270.jpg,-1.0136244
images/smdg/3e3d29dbf118c1ea.jpg,-0.38904154
images/smdg/00b7330a88208e1b.jpg,2.2589455
images/smdg/1458a04792b4fe58.jpg,0.18087125
images/smdg/85bb4cf3caede793.jpg,-1.8917055
images/smdg/14a1347610364456.jpg,-5.3398914
images/smdg/a4ecf5a83dbf2601.jpg,-4.3991995
images/smdg/f069185db335bad3.jpg,-4.540914
images/smdg/b29ed82047bc765b.jpg,-1.0957823
images/smdg/a67cadf20396c815.jpg,-4.6044416
images/smdg/41af391d280b1dee.jpg,-2.830565
images/smdg/8cd74b96937f9890.jpg,-2.876989
images/smdg/9a14560791e67bdf.jpg,-1.0514965
images/smdg/d1f8b493e9183c9d.jpg,2.153881
images/smdg/2517bc05760d51da.jpg,-1.1225065
images/smdg/556a7ec6af5963e2.jpg,-1.0600482
images/smdg/37e152dc8c954fbb.jpg,1.9022154
images/smdg/6d826b6a83c38e73.jpg,-1.0200382
images/smdg/953fcb735000eae1.jpg,0.36412287
images/smdg/ee9cd298bd952287.jpg,-1.5688771
images/smdg/aab7e112a91ab92c.jpg,-0.6620866
images/smdg/d8292899d50d4034.jpg,-0.61749536
images/smdg/7b7bce9044bc17ff.jpg,0.15888095
images/smdg/79f0275374a47111.jpg,-1.6940991
images/smdg/b3304c567dd4e42e.jpg,-5.225054
images/smdg/e1cf4d4355e0a60a.jpg,-1.4703794
images/smdg/6040a2c3a140a84f.jpg,0.9089912
images/smdg/4db107ee0e4dde93.jpg,-5.821233
images/smdg/9d7e66eb5ea0ef09.jpg,-1.5693352
images/smdg/40fcff6779817afa.jpg,1.2791597
images/smdg/0daedb8e83bd9be2.jpg,-1.4333854
images/smdg/fd21913c29050cbb.jpg,-0.3151301
images/smdg/cf689484b6cc8998.jpg,-3.043137
images/smdg/72452602b84ed4d1.jpg,-1.2539896
images/smdg/77fe492b69712768.jpg,-5.1590834
images/smdg/56d98f5aafdea674.jpg,-0.6798009
images/smdg/4d42b349d80b3dfe.jpg,1.4721848
images/smdg/6457238885dfcbbf.jpg,-1.0931863
images/smdg/0db6bad4b076a217.jpg,-2.890427
images/smdg/21278a95f0caf516.jpg,-1.4624766
images/smdg/63d1c98336fcbe3a.jpg,-0.8126584
images/smdg/e0d5b4186b042a75.jpg,0.56447804
images/smdg/9d2cde2fc77f2304.jpg,-3.3497782
images/smdg/789ed02200898478.jpg,-4.42119
images/smdg/50ec249b4fbb542e.jpg,-3.1616397
images/smdg/596f41b35971c84e.jpg,-4.299022
images/smdg/2f63d11d2afea48c.jpg,-3.8445578
images/smdg/94a731c8b1e31d6b.jpg,-4.7217226
images/smdg/91cb3af591b90f95.jpg,-0.021927357
images/smdg/ba43259e18dbd57d.jpg,-1.4186298
images/smdg/d829f69ce12939bd.jpg,-1.1425115
images/smdg/345b564a6a353780.jpg,-0.5704608
images/smdg/0c3fb4b053acab3d.jpg,-0.5417513
images/smdg/c59c5402c0ec35ad.jpg,-1.5392514
images/smdg/c66bb737cebaeb0a.jpg,-1.1602259
images/smdg/13c9c210a26ee2a9.jpg,-2.8452253
images/smdg/077afcafefce6ad3.jpg,0.1173439
images/smdg/0c6a58964bd00a52.jpg,-6.0118146
images/smdg/ca7a8b25a7f575fe.jpg,-0.7140079
images/smdg/d2140f5620cbbe9e.jpg,-1.030728
images/smdg/53a0ab717737ce1d.jpg,-2.530643
images/smdg/f7d7695826f50520.jpg,-4.1450906
images/smdg/67f95f44b11dbf5f.jpg,-3.0248117
images/smdg/0191215210e3cf73.jpg,-2.8879838
images/smdg/9ce6da0c4222a695.jpg,-0.9415455
images/smdg/e5409b801dcef73a.jpg,0.08435857
images/smdg/b4bd1c2c0bf6a6b6.jpg,-4.902531
images/smdg/d1a899a09ac0cb3d.jpg,-4.731496
images/smdg/67d1d0f4723ae295.jpg,-2.2368295
images/smdg/68218a84b2f2cdf1.jpg,-2.7902498
images/smdg/8ba06546bf490e20.jpg,-0.23144507
images/smdg/71fdbd6a433bbd43.jpg,-1.0744029
images/smdg/a9f95ac077924ab4.jpg,-2.7572644
images/smdg/7f31248bac885dff.jpg,-0.6126087
images/smdg/246b6f93cdb7b354.jpg,-1.8715478
images/smdg/58aee094e1898cef.jpg,-2.8672154
images/smdg/69df9f1a21343535.jpg,-3.088339
images/smdg/c87772dc7917473b.jpg,-3.8457794
images/smdg/d2b6d355c0cbac0f.jpg,-5.122433
images/smdg/f06a84e5703d9c7f.jpg,-2.8818755
images/smdg/45f8ea1eb8ad2c7e.jpg,-1.5472686
images/smdg/2495ed837014e41b.jpg,-3.2874727
images/smdg/fe0b536d1d8d4379.jpg,-3.9031982
images/smdg/2c882408330c339e.jpg,-0.87374234
images/smdg/9451496c5296b0c6.jpg,0.29815233
images/smdg/458fc0dafae5e479.jpg,-0.23877525
images/smdg/3c4757a02303d54d.jpg,-3.630764
images/smdg/ceb8153448fac676.jpg,-1.6601975
images/smdg/97e59d8cd28f9d9f.jpg,-1.4461366
images/smdg/fee16f45d6e5d4f1.jpg,0.7611681
images/smdg/16b717876810710f.jpg,-1.7652619
images/smdg/3bace729e0491355.jpg,-1.1147183
images/smdg/2d6be41f6e2f779b.jpg,-1.1675559
images/smdg/b0286038b55df763.jpg,0.123452306
images/smdg/00848af9cb75c216.jpg,-3.3583298
images/smdg/b8bdd545def40212.jpg,-2.424968
images/smdg/ae9fe05a913c8aac.jpg,-1.094866
images/smdg/f4e4fbdde545e618.jpg,-0.03170073
images/smdg/84cab2e19a5a6236.jpg,-3.661306
images/smdg/0251c34e09cbea3a.jpg,-1.3892236
images/smdg/2f3b03ffa9331ea7.jpg,0.5107243
images/smdg/2e0b89ab7e6e98e3.jpg,-3.4084187
images/smdg/e5b012cc2fbf148e.jpg,-5.4913797
images/smdg/6e538c68821918ef.jpg,1.30115
images/smdg/f6b0daf58dac1bf2.jpg,-4.3576627
images/smdg/618629186816e074.jpg,0.57058644
images/smdg/161677d1244c994c.jpg,-3.4059753
images/smdg/9bf8892d3ff73c61.jpg,-2.978388
images/smdg/7acbff99920ce252.jpg,-3.7688136
images/smdg/98b8b43b93636672.jpg,-0.2479378
images/smdg/0657204261c9a5b9.jpg,0.29448724
images/smdg/dc6cfa738d510b05.jpg,-0.2112875
images/smdg/cea95642ce3c3f9c.jpg,1.1056815
images/smdg/08ce72389ea6df70.jpg,0.022053003
images/smdg/a90b527e2ba62e86.jpg,-3.164083
images/smdg/2c5feb553500469d.jpg,-1.2300142
images/smdg/29429d0591750453.jpg,-5.9629474
images/smdg/34aab5ef4a5532a7.jpg,-1.5180248
images/smdg/3e38cb197128072c.jpg,-1.3702399
images/smdg/1ad0780e6722561a.jpg,0.5510396
images/smdg/a2e76c09cb351b15.jpg,-1.6530201
images/smdg/080abdbc768cfc17.jpg,-0.70973206
images/smdg/9a4122b4d3d8fef0.jpg,0.90532625
images/smdg/a3afabdabfa0ce0f.jpg,-6.5493526
images/smdg/f4b3a649aab8723d.jpg,-0.53075624
images/smdg/658c808dedca2541.jpg,-1.4693104
images/smdg/33b71f0ae2405825.jpg,-1.8562769
images/smdg/15f9ef08abc4a0a3.jpg,-2.5721803
images/smdg/fb8cfc379b9eb7d9.jpg,1.0604793
images/smdg/ae3782be4893d651.jpg,-1.5730003
images/smdg/10ab131a860f2045.jpg,0.5595914
images/smdg/c7e7c378f3ac9a57.jpg,-0.596116
images/smdg/3b496defa43a961c.jpg,1.7776042
images/smdg/f1d4d5dd9cb16406.jpg,-0.15509021
images/smdg/881653a383dc3ed5.jpg,-2.2062876
images/smdg/9d4367dfb40c47ca.jpg,-0.417751
images/smdg/c463f3026f9b5398.jpg,-1.2352064
images/smdg/df5d1711fc929b65.jpg,-0.93055034
images/smdg/644843b346f4a03b.jpg,-1.4920641
images/smdg/fbaaaf1aa03fa2f8.jpg,-0.4409629
images/smdg/8c318495f9e604b5.jpg,-2.8586636
images/smdg/adcc0e06dd3e6e0b.jpg,-2.159864
images/smdg/1b680cb8966beb26.jpg,-2.5550766
images/smdg/28060a383bdec605.jpg,-4.8316736
images/smdg/e83c3c8aa67a19e6.jpg,-0.46783984
images/smdg/d65421499aed2ade.jpg,-1.6898233
images/smdg/ca55ecf5eae73f88.jpg,-0.5551898
images/smdg/08abd2d4a94d101f.jpg,-4.211061
images/smdg/5baeab6f424b37eb.jpg,-2.0853415
images/smdg/96d26e5ce2a511fd.jpg,-1.8642178
images/smdg/7bfa9c730c4bb5b0.jpg,-0.8548063
images/smdg/f000e7e53f4fa7ca.jpg,-2.8562202
images/smdg/25f2f55d381c18ef.jpg,-0.53442127
images/smdg/15c0983e9a3eb23e.jpg,-0.7995254
images/smdg/9becfa0cc8815b04.jpg,-1.1067774
images/smdg/0f52ca199769cd6d.jpg,-2.026701
images/smdg/f37c9e9466524ad8.jpg,-1.8529172
images/smdg/45500677158d15d0.jpg,-0.64376146
images/smdg/59d7d5cb1a1e129e.jpg,-1.9970753
images/smdg/2bd0fa57cebddc39.jpg,-0.592451
images/smdg/f99725d414b9def1.jpg,-3.4023104
images/smdg/561c31f7b6a2f4bb.jpg,0.8662325
images/smdg/dd9830ed3b59a37f.jpg,-2.1445928
images/smdg/aa829f5686ce79a6.jpg,0.14910758
images/smdg/60ede8d8c8c28068.jpg,1.4990617
images/smdg/f7201a31ef1b74c3.jpg,-4.643535
images/smdg/2e21769581aa498f.jpg,0.15521598
images/smdg/d875cc044477629d.jpg,-1.9387401
images/smdg/d6847d250109b84c.jpg,-4.587338
images/smdg/f8715c64d019c595.jpg,-5.212837
images/smdg/4a2a172178f939e5.jpg,-1.0139298
images/smdg/fd445d225e4b2e64.jpg,-0.27909052
images/smdg/51a3bb663fed5528.jpg,-2.2459922
images/smdg/e4ee713f3d41cc14.jpg,-3.1738567
images/smdg/1e2cae27db0b3bc2.jpg,-1.9081981
images/smdg/b341198226f76d87.jpg,-0.83373237
images/smdg/6c35286a24efc17c.jpg,-2.747491
images/smdg/5916c07be022798c.jpg,-1.4728608
images/smdg/153230abd2a775f1.jpg,-2.8659937
images/smdg/69acef929ec901af.jpg,-0.40309083
images/smdg/8f11ceb22017db5f.jpg,-4.284362
images/smdg/66c21e2e12285040.jpg,-3.02359
images/smdg/0bf3cd1e03d05fb6.jpg,1.452638
images/smdg/fa0121b7a4a6bad7.jpg,-0.9699495
images/smdg/c8652eaf51864814.jpg,-1.1130385
images/smdg/addd20aa5a238ce3.jpg,-0.87588024
images/smdg/a8e90ea684152f3c.jpg,-0.6010027
images/smdg/8ee105e1ad3aaaa6.jpg,-2.413362
images/smdg/f27de835d4846489.jpg,-4.973388
images/smdg/24c02673520af2a3.jpg,-2.1946816
images/smdg/f97e456059b1a976.jpg,-1.7035671
images/smdg/387c5f21246b0b15.jpg,-1.454612
images/smdg/cbe8d1cadbbcccb3.jpg,-0.45562303
images/smdg/b64e9d5b91cd338c.jpg,-1.3289701
images/smdg/0b8a5310aa65a021.jpg,-4.360106
images/smdg/d2b9d48613c06b4f.jpg,-2.0633512
images/smdg/1b8daa150bbbe359.jpg,0.7159661
images/smdg/471670f504af34f9.jpg,1.5186087
images/smdg/ae9c3a4c58245a3b.jpg,-1.2551349
images/smdg/ad96557aa7f4bf3c.jpg,1.6285597
images/smdg/b9f2ce0fe544884b.jpg,-0.015818954
images/smdg/c71b9ec6f1fcb1b6.jpg,-4.203731
images/smdg/34b0c6df939fc7e8.jpg,1.1521052
images/smdg/12111259013b48d7.jpg,-2.9038658
images/smdg/c444701d0709b9ec.jpg,1.0397109
images/smdg/58bf14b470f365e8.jpg,-0.20762241
images/smdg/b20014efb8208925.jpg,-4.580008
images/smdg/e0c0d558424a31d3.jpg,-4.066903
images/smdg/803c21f1e384aada.jpg,-3.583119
images/smdg/3b5e7d14e8d756b4.jpg,-3.1775217
images/smdg/8bbb3ee2ca1b0f24.jpg,-0.29008567
images/smdg/8ccbff183bb63abc.jpg,0.41665506
images/smdg/06bd05db194859a7.jpg,-3.1738567
images/smdg/cea15bd026bc7533.jpg,-3.7162814
images/smdg/6c6c5cc3455a7350.jpg,-4.08645
images/smdg/a5924d89a6ad54a2.jpg,-3.005265
images/smdg/057170916e2799da.jpg,-1.1877136
images/smdg/804c776feef1ece5.jpg,-0.55152476
images/smdg/e59beab148bed44a.jpg,-4.5482445
images/smdg/d586a5e9df00d940.jpg,-0.5496923
images/smdg/99c0f6b5ac2ae6bd.jpg,-0.4287461
images/smdg/32ef715f36ad339e.jpg,-1.9460702
images/smdg/ca37f9716cc84c0d.jpg,-3.3143497
images/smdg/e33353376e784c7f.jpg,-0.19601643
images/smdg/6101fe6fa7c9028c.jpg,0.2224083
images/smdg/13859450bc45a6f8.jpg,-1.0252304
images/smdg/a037776721289167.jpg,-4.6313186
images/smdg/2d90b237a468547d.jpg,-1.4127266
images/smdg/d761c6ec103402aa.jpg,-2.2606523
images/smdg/3c2ded34414c8d56.jpg,-0.80990964
images/smdg/2a0eacfc15668fe4.jpg,-0.46661812
images/smdg/ab2ccc8ed479171c.jpg,-5.6966214
images/smdg/276abaafe50aadc9.jpg,-2.3644948
images/smdg/3a5bc2b7425217b1.jpg,-2.8012447
images/smdg/37034dfcca07e4eb.jpg,-3.5501332
images/smdg/f6f7b8e2833853f9.jpg,-1.6424832
images/smdg/b829dd551efddea3.jpg,-1.3525256
images/smdg/12dbf182408e9a9d.jpg,-1.4394747
images/smdg/2c3f651c96ecfd00.jpg,-4.48716
images/smdg/972b06c3a2581e76.jpg,-2.0584645
images/smdg/fdb8858a33a0f902.jpg,-3.2166152
images/smdg/40123b8eb63e835b.jpg,0.9993955
images/smdg/8979e60a1b956fd6.jpg,-4.523811
images/smdg/6aa0f8cad3bfa08e.jpg,-3.7724786
images/smdg/82728f574e698f2a.jpg,-3.8653264
images/smdg/a02e7cdb69477b02.jpg,-1.0637133
images/smdg/232ce8be880b20dd.jpg,-1.0737921
images/smdg/2bc71529aa93d3c1.jpg,-2.9625063
images/smdg/84d05e59e3322a76.jpg,-2.6241016
images/smdg/d40fad212d449e1f.jpg,0.083136916
images/smdg/50002d43db3656b6.jpg,-2.9502895
images/smdg/d291ea59abf8f8b0.jpg,-5.073566
images/smdg/4f0000f7f720441f.jpg,-0.96964407
images/smdg/336a3c9dd9a0afec.jpg,0.4032166
images/smdg/fb8da8a08589c68a.jpg,-3.2532656
images/smdg/2ccdf4ee673c997c.jpg,-0.38171148
images/smdg/c650465cfcc92446.jpg,-1.008127
images/smdg/590982c5aed15acd.jpg,-0.9562056
images/smdg/9627149471c391dd.jpg,-0.89939755
images/smdg/360cd7eae0f6b3f7.jpg,-1.613163
images/smdg/70548fc86b8083be.jpg,-2.197125
images/smdg/83db2bbf610a50b9.jpg,-5.447399
images/smdg/2c38a9b73c406b09.jpg,-1.7686214
images/smdg/08b3476c1a3af082.jpg,-0.8981759
images/smdg/b376b05509430266.jpg,-1.4371268
images/smdg/0294ecedbe492b76.jpg,-0.46050978
images/smdg/8445eb954a6bb4b3.jpg,-0.84533834
images/smdg/1d897cee48899ce8.jpg,-3.6991782
images/smdg/f7ca89723a516591.jpg,-2.1299326
images/smdg/6eb08e30f15e14d9.jpg,-2.6314316
images/smdg/bd77fbb598574558.jpg,-0.7427174
images/smdg/11970655beb74d1e.jpg,-1.9460702
images/smdg/c857fcfaa013e7de.jpg,-0.19418395
images/smdg/c90972b8b6860eb3.jpg,-0.3920958
images/smdg/98f932e290d58692.jpg,-0.68590933
images/smdg/8ce0ee598429787c.jpg,-4.4529533
images/smdg/8b5134096b66402d.jpg,-4.294135
images/smdg/c69d9218476ef0e0.jpg,-2.1531446
images/smdg/510f716b4a3c9b06.jpg,0.43620193
images/smdg/1f796c1d7361f3ce.jpg,-1.396945
images/smdg/d5734ae3eb124286.jpg,-0.96139777
images/smdg/a6fe4e0b3055b3a6.jpg,0.15643764
images/smdg/ab54a209b2bc131a.jpg,-3.7394934
images/smdg/a8e760226ce4fc3f.jpg,-0.39270663
images/smdg/05b571237d15fbf5.jpg,0.11001384
images/smdg/6a32fbffcfe24164.jpg,-4.2281647
images/smdg/d238aede4f8d750f.jpg,0.344576
images/smdg/6c4bcb93ce150fbd.jpg,0.66465557
images/smdg/c7c3f380b93a9b4e.jpg,-2.0022674
images/smdg/32f639b40e5bc9f0.jpg,-0.5991702
images/smdg/260f9b986ca11417.jpg,0.37267458
images/smdg/22933d20c33847de.jpg,0.33480263
images/smdg/df1523ac00692f13.jpg,-5.88476
images/smdg/802b8d3c98f4d76b.jpg,-3.4291873
images/smdg/ce20733eb34cde91.jpg,-0.62299293
images/smdg/d51e3a11cd347f68.jpg,-1.1640435
images/smdg/c9d2700ab721e502.jpg,-1.6198821
images/smdg/7e4ff20a5d0e824b.jpg,-2.9124174
images/smdg/2c00a5253d1f9c43.jpg,-1.5646012
images/smdg/719269c128a7e47b.jpg,-2.512318
images/smdg/0c75928ea093823f.jpg,-3.937405
images/smdg/311088216cb6756a.jpg,-4.45051
images/smdg/18791d188db140f4.jpg,-6.6226535
images/smdg/cbc560efc54c6f0e.jpg,-3.642981
images/smdg/df7538cc77c5ccda.jpg,-0.74088484
images/smdg/4cfbdfaa8971053d.jpg,-5.5060396
images/smdg/4fc7544c75d5fdc4.jpg,-1.6812716
images/smdg/8d1ca267cc2337a8.jpg,1.1569918
images/smdg/ff18811f93367245.jpg,-0.26870632
images/smdg/8539f613d803b1c3.jpg,-0.8236535
images/smdg/e26c9a0f911221ab.jpg,-3.1054425
images/smdg/4375d65cca7a7bb9.jpg,1.1105682
images/smdg/9a0d3a1afe2e1f0e.jpg,-1.2520807
images/smdg/eb94667a91ac69f5.jpg,-2.9246342
images/smdg/5bc90acb4d0ae12b.jpg,-1.509473
images/smdg/3c1cc5cb08d29a0f.jpg,-0.7225597
images/smdg/c6a905827c1e6b78.jpg,-2.5990572
images/smdg/49e6713dadf818f9.jpg,-0.66880584
images/smdg/e7d171ea5069cfba.jpg,-0.5533573
images/smdg/f5383aef2592c740.jpg,-0.26687384
images/smdg/cef469e2093c1bed.jpg,-1.340576
images/smdg/a25b7465a6a3f939.jpg,-5.581784
images/smdg/6c02326427cb0aac.jpg,-0.48738664
images/smdg/02d7042b0609d28d.jpg,-0.36521888
images/smdg/439015a428d23386.jpg,-0.83373237
images/smdg/68cfeb446fb121b7.jpg,-0.8764911
images/smdg/ef171ec38851e601.jpg,-0.77325934
images/smdg/368664e9a3b09e20.jpg,-0.040252566
images/smdg/f0494c1a49b27af0.jpg,-4.2452683
images/smdg/2ef87cd537112708.jpg,-1.0594374
images/smdg/d923aa3164ad1688.jpg,-1.6386654
images/smdg/f8303e2951c93bff.jpg,-0.33406603
images/smdg/5350129dbcf50f94.jpg,1.2840465
images/smdg/ccf331e9834d2066.jpg,-2.1427603
images/smdg/19c27032c296a269.jpg,-5.354552
images/smdg/0d7594c1b9180b7a.jpg,-4.3381157
images/smdg/0a19058c27937ff9.jpg,1.433091
images/smdg/7200dabf84bb9604.jpg,-1.4908425
images/smdg/59e796bd63ed3c20.jpg,0.018388033
images/smdg/b8947dbfa4fb1fd5.jpg,-5.637981
images/smdg/f9aba8f8bc91eaaa.jpg,-0.8340378
images/smdg/6850a66875748a80.jpg,0.24684179
images/smdg/4a519d91ba4f716c.jpg,-3.556242
images/smdg/07eb509171996bc2.jpg,-1.6756213
images/smdg/f5074c6479766c73.jpg,-1.0362256
images/smdg/4bf63bff2aa8fc97.jpg,-3.1653047
images/smdg/9fb44fd2ef64ec42.jpg,-2.4035885
images/smdg/e4510719a0bec2fd.jpg,1.9119889
images/smdg/93bcdc0810670729.jpg,1.3866674
images/smdg/de235478b90142ec.jpg,-3.7321634
images/smdg/999f8a8491b3683f.jpg,-5.3936453
images/smdg/408f49b0897777dc.jpg,-2.3736575
images/smdg/d0cc5f87a9d4f786.jpg,-0.4831108
images/smdg/9b57919b2656b9d8.jpg,-1.9869964
images/smdg/6ca4875855975af6.jpg,-0.8578605
images/smdg/289c9dc752af5de7.jpg,-1.1620584
images/smdg/a0aecfeac02d4332.jpg,-0.9216932
images/smdg/e69f59e826c65e95.jpg,-2.6289883
images/smdg/659476c83bcf2416.jpg,-2.670525
images/smdg/ff84e9a19a894feb.jpg,-3.9887156
images/smdg/3aa3a60cee554d5b.jpg,-0.5820667
images/smdg/102ffcfcdeab7177.jpg,-0.76470757
images/smdg/1014989d03947c69.jpg,0.8491291
images/smdg/179e6e8a16b406c9.jpg,-4.4896035
images/smdg/589d35489a59786e.jpg,-2.447569
images/smdg/20d2e798cc8af7e5.jpg,-5.5597935
images/smdg/013fd5b036039c0d.jpg,-3.096891
images/smdg/073c81d93f9df1c6.jpg,1.4086577
images/smdg/4521df1ce0be1efa.jpg,1.4379779
images/smdg/a8a6ab67c44cccf5.jpg,-3.446291
images/smdg/f244836b679df10d.jpg,-1.0145407
images/smdg/d7150885d15eb8f4.jpg,0.5693648
images/smdg/27eeba74fd29e78a.jpg,-0.56557405
images/smdg/4762764f77ec3e69.jpg,0.24317682
images/smdg/46bd392ff86114b5.jpg,-0.90214634
images/smdg/5da263d18bbc128d.jpg,-2.4994903
images/smdg/d84af369963fd0ab.jpg,-0.8459492
images/smdg/0213aba5b56cc7aa.jpg,-1.9643953
images/smdg/81b8b01352593a97.jpg,-2.0804548
images/smdg/d68ac1416fed400b.jpg,-2.8085747
images/smdg/38b59679678949c2.jpg,-1.261396
images/smdg/154bea5ea0cf7480.jpg,-4.633762
images/smdg/874e979c0de74190.jpg,-3.2043986
images/smdg/b8e2ff0ac51ad950.jpg,-2.8440037
images/smdg/7a7b3c77ecc1260d.jpg,-0.42508107
images/smdg/84f3be45b9eb5d03.jpg,-0.5704608
images/smdg/2aca398c8dc11403.jpg,-3.8347845
images/smdg/17108aaf3d9c4694.jpg,-4.917191
images/smdg/4d2ba6a655740ffa.jpg,-0.5234262
images/smdg/8930d1761b2d9729.jpg,1.1301149
images/smdg/29735838bbd63e02.jpg,-1.9427106
images/smdg/b1b5cab2f3e392e8.jpg,-0.6816335
images/smdg/ecf9a41f0f2beb98.jpg,0.105127215
images/smdg/b2e345e651e35c1a.jpg,1.3280269
images/smdg/424ff3e33768207b.jpg,-5.1615267
images/smdg/68ae12fda2fb3f9c.jpg,1.1838688
images/smdg/87f15ab13f331647.jpg,-0.8548063
images/smdg/eb67b699c8e745c4.jpg,-0.5814559
images/smdg/044c89248a63870b.jpg,-3.7272768
images/smdg/81f0ddbe2c360233.jpg,-5.3960886
images/smdg/87504ca61863c3dd.jpg,-2.3461697
images/smdg/fe56b8f371803243.jpg,-0.13432169
images/smdg/2f5d0dc2eff22872.jpg,-1.5401677
images/smdg/a364f4e0bc6be74a.jpg,-2.4512339
images/smdg/3cf01ff98f48c39f.jpg,-2.9209692
images/smdg/e9cf6493b7679fea.jpg,-4.751043
images/smdg/9dded106be4487b5.jpg,-4.81457
images/smdg/1339b68f768f66ef.jpg,-0.6877419
images/smdg/503191826e63a84f.jpg,-0.5301454
images/smdg/85ef0f8f697053b5.jpg,-1.8837646
images/smdg/a6fc1c7ebf026405.jpg,0.53637946
images/smdg/cfb95d3aa1072c2a.jpg,1.5796925
images/smdg/de64ce631cd759cc.jpg,-0.12943506
images/smdg/96241e96c22f23de.jpg,-1.7594589
images/smdg/8f49568e22450e0e.jpg,-1.1295311
images/smdg/28d0c0d5e37745bc.jpg,-1.8281783
images/smdg/06a439f8745ed828.jpg,-5.1248765
images/smdg/10b798f388d734b2.jpg,1.2180759
images/smdg/ea0e810271d26e76.jpg,-3.920302
images/smdg/8899e1ab605f6ad4.jpg,-0.4922734
images/smdg/4e0072628058e704.jpg,-4.277032
images/smdg/a74d8b8c6a9810bc.jpg,-2.1995683
images/smdg/8874af0c20012b3d.jpg,-4.423633
images/smdg/8c14c014d530d697.jpg,-2.1079426
images/smdg/6910d7774ecf8fc8.jpg,-2.2484355
images/smdg/4d373fc4d94b7ceb.jpg,-1.5833845
images/smdg/1d7e336858148925.jpg,1.1203417
images/smdg/a0501ad2a029f598.jpg,-0.1831888
images/smdg/1653f951a302ebbc.jpg,-1.0246196
images/smdg/3ffc074eed7a6488.jpg,-3.2642608
images/smdg/141cd7c67f03ea1c.jpg,0.99328697
images/smdg/1c387a849528fa36.jpg,-0.5955052
images/smdg/a256febb947a040a.jpg,-3.0028217
images/smdg/c3a40defabe256ba.jpg,-5.2617044
images/smdg/6824c7cca170a072.jpg,-5.1786304
images/smdg/216ba32640c11c58.jpg,-3.3827634
images/smdg/d9aa937a94c29082.jpg,-3.1995118
images/smdg/ad84d0a68ced4bae.jpg,-1.7808383
images/smdg/3770eaa4aa9d2c0c.jpg,-4.0962234
images/smdg/d512c0f8543f8f1b.jpg,-1.5928526
images/smdg/56fd4965b524169f.jpg,-5.7992425
images/smdg/464e48500761355f.jpg,-2.6876287
images/smdg/b3448ee49b0d0251.jpg,-2.2447705
images/smdg/da44f99c70303709.jpg,-0.82548606
images/smdg/13cfc88af3a8574c.jpg,-0.75004745
images/smdg/7ea37e34c705b2b6.jpg,-0.6419289
images/smdg/901b1d2af9aed7a7.jpg,-0.49960345
images/smdg/f476ab41e4c9c3c8.jpg,-0.4379087
images/smdg/414a9ddd10e9f87e.jpg,-2.1714697
images/smdg/27757f1b5761b7ab.jpg,-3.6319857
images/smdg/9b219c362987a225.jpg,-1.0224817
images/smdg/79c2a84d41636885.jpg,-5.0760093
images/smdg/8e6a504a5e53af1b.jpg,-3.2813642
images/smdg/83dd6fe72d5568b4.jpg,-5.1468663
images/smdg/deff93299d27a1a0.jpg,-4.044913
images/smdg/3d58da87a775bdbb.jpg,-3.3485565
images/smdg/ef2801feeda40322.jpg,-1.1863391
images/smdg/dce694f2cfdea0bf.jpg,-1.8254294
images/smdg/06a6651d672dacc7.jpg,0.39466488
images/smdg/168c75c4dd11cd2a.jpg,-2.4426823
images/smdg/6539507879f1a31f.jpg,-0.45012552
images/smdg/cd8754be1185e343.jpg,-1.2239058
images/smdg/fd1e85fd8d3e5c3c.jpg,-2.4939928
images/smdg/3a14f61133c1302d.jpg,-3.8579965
images/smdg/c3c3e1183fedc871.jpg,0.92975986
images/smdg/346203c6f30202d0.jpg,-5.20062
images/smdg/2efee60c34e2e9a7.jpg,-0.9687278
images/smdg/cf4993380ba09528.jpg,-0.5741258
images/smdg/2b1ed36514f93e58.jpg,-0.9134469
images/smdg/78e53be15a90f817.jpg,-0.66269743
images/smdg/5634dd882699e403.jpg,0.036713243
images/smdg/5711901c4bc50093.jpg,-1.7028036
images/smdg/5a792f498113a282.jpg,-1.1199105
images/smdg/d674a6d12f308fc8.jpg,-0.96017605
images/smdg/0802731ccf4e8fa5.jpg,-1.714104
images/smdg/5e40c59377697cee.jpg,-0.837092
images/smdg/89e05121c48931f0.jpg,-1.0942552
images/smdg/af73b3ab1060e574.jpg,-4.3576627
images/smdg/c7e05f457190515a.jpg,-1.8184048
images/smdg/7290e49a5e10054a.jpg,0.265167
images/smdg/47409833aaffda75.jpg,-0.59794855
images/smdg/60aef64bbcd1c9b2.jpg,-0.6419289
images/smdg/6150577da0c5bc6f.jpg,0.3323593
images/smdg/7d94e27191320308.jpg,1.3964409
images/smdg/0e14c0a49bc8557f.jpg,-0.4085884
images/smdg/9e4649d00908595a.jpg,-3.2605958
images/smdg/510db8c2f7519d7d.jpg,-1.034393
images/smdg/9a6c18ef87d5a3b3.jpg,-0.25526786
images/smdg/14e05ff7a628d59d.jpg,-2.9417377
images/smdg/b18b212503f21e8d.jpg,-1.0962404
images/smdg/e6dee24c7d1e9e32.jpg,-0.84533834
images/smdg/6d5562bc82b16355.jpg,-3.19096
images/smdg/15d7675f95908417.jpg,0.6683208
images/smdg/c109052ce2081c2a.jpg,-0.9378804
images/smdg/c7faa9586e8883a3.jpg,-0.8752694
images/smdg/9c2c9e7be0c9eeab.jpg,-5.2714777
images/smdg/76d452c5ae44bb8b.jpg,-1.5079459
images/smdg/ad617202bc78238f.jpg,0.4032166
images/smdg/5a0c9fded1d3f45e.jpg,-1.2697186
images/smdg/f03618a6c36d9a71.jpg,-0.69568276
images/smdg/115bf05ea70060c5.jpg,-1.0130136
images/smdg/38192c52884603f6.jpg,0.9945086
images/smdg/a46ab59be2f40d41.jpg,-1.1292257
images/smdg/3f7837c36c254622.jpg,-5.5451336
images/smdg/f40ddef8da567107.jpg,-2.98694
images/smdg/0780eff28d2c681f.jpg,-0.6773576
images/smdg/169138c2a77d6853.jpg,-0.72500306
images/smdg/6eee46aa9feb606e.jpg,0.48384738
images/smdg/377d03c517232d41.jpg,-4.724166
images/smdg/d0fb83dce2ac1407.jpg,-2.3235688
images/smdg/0a090f8672521529.jpg,-3.0577972
images/smdg/6577ae0872cd0c27.jpg,-5.354552
images/smdg/20f3980e405d3bf6.jpg,-2.1281002
images/smdg/77814757bf04643f.jpg,-3.6185474
images/smdg/5b8945b19beea5dc.jpg,-3.3497782
images/smdg/ef0777dc3d935d9b.jpg,1.562589
images/smdg/9979679cdda3d4da.jpg,-2.013568
images/smdg/bcfe1101ce17254a.jpg,0.41421163
images/smdg/ab46aec5bb0cae81.jpg,-0.40981013
images/smdg/398da08b82a1f3c8.jpg,-4.6533084
images/smdg/c7fbe6569b0de04a.jpg,-0.7946387
images/smdg/0fce07a51fbe81ab.jpg,-2.4341307
images/smdg/2a786b1ea205efb4.jpg,-1.4420898
images/smdg/3efce49add705a7d.jpg,-1.0502748
images/smdg/17f3cc3a4c4013a6.jpg,1.5919093
images/smdg/5ed49b517ede956e.jpg,-2.9759448
images/smdg/8db8912aec85fa2a.jpg,-0.72988975
images/smdg/9e9be806635c39e7.jpg,-0.28092313
images/smdg/49f67699cb5b7bc0.jpg,0.9346465
images/smdg/823f79aa9dd67e26.jpg,-0.7494366
images/smdg/6a658b05f8f561a8.jpg,-4.294135
images/smdg/76d196e497254a4c.jpg,0.41054666
images/smdg/90fe41da2e245ef8.jpg,-4.1792974
images/smdg/685d20e36d21440e.jpg,-2.9698362
images/smdg/99e1d45d9bb6fc4c.jpg,-0.9781958
images/smdg/e8e344c78f840b6b.jpg,-3.4059753
images/smdg/479fbd6b5f719cfd.jpg,1.2791597
images/smdg/7059da08c0ec5131.jpg,-1.0689054
images/smdg/312bb8380f6693eb.jpg,-0.45073634
images/smdg/d6c0833363d51806.jpg,-0.034144163
images/smdg/a6d9a7e564e09c65.jpg,-0.49899262
images/smdg/da52d96de89fe0cd.jpg,-1.7768677
images/smdg/1032c159059d3701.jpg,-4.4529533
images/smdg/993d62a9e848041e.jpg,-2.37549
images/smdg/8e008cb01cc105ee.jpg,-1.9268287
images/smdg/e47861616cddbec1.jpg,-5.7919126
images/smdg/2c33e330f366b2ef.jpg,-0.3859874
images/smdg/886ec719d1870f48.jpg,-5.3154583
images/smdg/1b0802730b81d60f.jpg,-2.3858743
images/smdg/0688c0f4fa90a7a0.jpg,-4.8780975
images/smdg/8bf467d885e19f10.jpg,-1.9989078
images/smdg/fac44a6b6fda2e8f.jpg,0.94808495
images/smdg/7f1c85281c75a73f.jpg,-1.6844784
images/smdg/2dbe5239885f8352.jpg,0.6878675
images/smdg/9928c7854dcbc746.jpg,-0.6901852
images/smdg/ca8e7b6afb42553a.jpg,-0.46356392
images/smdg/8456ef1538b984d9.jpg,-4.511594
images/smdg/e46ec2b2b878fa7a.jpg,-1.4575517
images/smdg/8b020e7662968501.jpg,0.10024047
images/smdg/2becd8f604680ed0.jpg,-1.5009977
images/smdg/dc85d4b783470fac.jpg,0.75139487
images/smdg/5be73bd1419aa952.jpg,-2.0859523
images/smdg/3accc1cb4da8cac5.jpg,-4.3723226
images/smdg/f7862430317692b3.jpg,-2.443293
images/smdg/ee2bef6b415f9a74.jpg,-0.48677582
images/smdg/efa56453b929a306.jpg,0.3323593
images/smdg/31891842695a8e00.jpg,-3.2239454
images/smdg/624c53a908fd9e38.jpg,-1.0771518
images/smdg/54fbeb04b277f60d.jpg,-0.73783064
images/smdg/ce935f829b056eef.jpg,-4.6191015
images/smdg/76ebcdaf77016f3c.jpg,-2.9661713
images/smdg/2c699bd1e9c229c2.jpg,-3.4719458
images/smdg/64611cf1434b5dc5.jpg,-0.32795775
images/smdg/9665701da4751a4b.jpg,-0.040252566
images/smdg/47b2ff331543f8b8.jpg,-0.3963716
images/smdg/ed9ec1c1a4875ea6.jpg,-4.553131
images/smdg/0705e691b1ff944a.jpg,-0.50571185
images/smdg/344a941d0c7ec924.jpg,-1.098073
images/smdg/84f724bc4d27f51d.jpg,-2.2673714
images/smdg/8d7d640d485cb9cc.jpg,-0.78669775
images/smdg/daa2d0b8d9a207c2.jpg,1.9535259
images/smdg/9e217b93a19c9e10.jpg,-2.6717467
images/smdg/c2654c68e9333e8e.jpg,-4.4456234
images/smdg/89a3cbbdb0cd9f1e.jpg,-2.936851
images/smdg/371d2944e5fead41.jpg,-0.07812452
images/smdg/0879fa365e468381.jpg,-0.9088656
images/smdg/64baad1e22674d09.jpg,-0.36033213
images/smdg/90c59fd0b3a9a1d0.jpg,-3.3143497
images/smdg/e57f468ff6d46307.jpg,-0.50449014
images/smdg/ee7fb47d0539c6be.jpg,-0.4116426
images/smdg/4eca87a44565a9ba.jpg,-0.72194886
images/smdg/9d0039e45a23021c.jpg,-3.1763
images/smdg/25b26a34b419d0e9.jpg,-1.6091925
images/smdg/d1b46607aadb99d1.jpg,-1.0246196
images/smdg/44b58e3a02d61d2a.jpg,-2.4994903
images/smdg/29dd98271c6e19a1.jpg,0.49362075
images/smdg/27378dc31125a4f1.jpg,-0.46234226
images/smdg/dbdc349fda197fa0.jpg,-2.606998
images/smdg/02667e38a5f9ae24.jpg,-5.1664133
images/smdg/87bdeceb1b38b462.jpg,-0.3029133
images/smdg/37d12abd06e580af.jpg,0.5840249
images/smdg/9a9b021c44c7d92a.jpg,-1.2513936
images/smdg/6314123379c2197a.jpg,-4.5286975
images/smdg/7d37fab2d177623a.jpg,-2.0657947
images/smdg/debe2aac877fa069.jpg,-0.42447025
images/smdg/a732f786dfcf6a12.jpg,-1.0878414
images/smdg/f95ad5c1bf799447.jpg,-3.039472
images/smdg/90714801896105ec.jpg,-2.4952145
images/smdg/8b41d3a93e5ce9f0.jpg,-0.8151018
images/smdg/ad6829be830fd062.jpg,-1.5725422
images/smdg/02a15207ac22fe5e.jpg,-2.1537554
images/smdg/b9abb99faa0823a0.jpg,-0.6798009
images/smdg/e6ff9935bfb568c2.jpg,-0.25160277
images/smdg/3fb0dac61c202656.jpg,-0.17524791
images/smdg/ad59b1d97799fd51.jpg,-2.8378952
images/smdg/df07321128796479.jpg,0.93586814
images/smdg/0675d61dce671f9d.jpg,-2.4396281
images/smdg/3840b83ba3aee203.jpg,-0.47944576
images/smdg/fd3ed1219de1c40a.jpg,-1.5844535
images/smdg/bc1f6d029c2c1fa3.jpg,0.9676317
images/smdg/420d465701126d65.jpg,-2.406643
images/smdg/57a6c70ef58a815f.jpg,-4.430963
images/smdg/0b59c48225f76778.jpg,0.21507812
images/smdg/ee6074fae3c52b2e.jpg,-4.6093283
images/smdg/fbf627d63159aa2e.jpg,-2.3541107
images/smdg/40e4a7b2a08d63d7.jpg,0.28471386
images/smdg/95fe46d2f74cfcdd.jpg,-2.7022889
images/smdg/c508eeaa211fbf82.jpg,-3.2948027
images/smdg/7e08e50645ed5092.jpg,-5.0369153
images/smdg/5e41f48054c25397.jpg,-5.6501975
images/smdg/5f552f633a3a3736.jpg,-2.5556874
images/smdg/c8d5078ff5a9f851.jpg,-5.3398914
images/smdg/cddb2e70da0a06a9.jpg,-0.7109537
images/smdg/39e448f1f29ed93a.jpg,-2.1335979
images/smdg/653d157b1143a47c.jpg,-0.41347516
images/smdg/3bc1f30fba592c35.jpg,-1.7444932
images/smdg/8d2c4a95304af0f8.jpg,-1.049664
images/smdg/5149efacca71e334.jpg,1.8411316
images/smdg/866864be35954ca7.jpg,-0.6181062
images/smdg/f31ba5b947e8af2f.jpg,-1.0582157
images/smdg/081aee5e9161a9c5.jpg,-3.1127727
images/smdg/3cd9f67f533d57e5.jpg,-2.617993
images/smdg/933311dcc6e41d05.jpg,-1.38469
images/smdg/9e1eba6244a52dab.jpg,-2.595392
images/smdg/227a9b2865590530.jpg,-0.5020468
images/smdg/6612958b1d427197.jpg,-3.3925369
images/smdg/828adacf8857a75a.jpg,-1.4625148
images/smdg/de8a84b4f9c08824.jpg,-6.021588
images/smdg/d4348e392fd5b185.jpg,-4.4285197
images/smdg/3ad8f2d460c8e450.jpg,-0.00971055
images/smdg/ad65aac9b1bb6c4f.jpg,-1.5592564
images/smdg/1d8182043c20a6ce.jpg,-4.875654
images/smdg/7d8d93d78a330f17.jpg,-3.551355
images/smdg/8edfbcb5e2e7507e.jpg,-4.3552194
images/smdg/bd1106c1bf99f5b1.jpg,-2.1073318
images/smdg/a7d190c2e4c30742.jpg,1.2009722
images/smdg/4112ef221e9c534c.jpg,-0.5356429
images/smdg/90355a538d9c2f62.jpg,-0.23327768
images/smdg/6a2a5db75fb4d896.jpg,-2.1910167
images/smdg/3d08376dc2c0169d.jpg,-4.5384707
images/smdg/e8b929f6aa4ad590.jpg,-4.773033
images/smdg/5b9ca2b15589b96d.jpg,-0.9781958
images/smdg/b1508668de26f3db.jpg,-4.7021756
images/smdg/a005d8fc69bae02d.jpg,-1.1918367
images/smdg/f1df9db8524b696f.jpg,-2.5819535
images/smdg/a110c8f785793e20.jpg,-3.1897383
images/smdg/5c6ab718b016f53f.jpg,-2.9612846
images/smdg/c01f8a9f85bb02b1.jpg,-1.855666
images/smdg/636337f0536f8d96.jpg,-1.6386654
images/smdg/37746b987a93d377.jpg,0.31525576
images/smdg/d9397533e00e849f.jpg,-0.5741258
images/smdg/4d4033b2b2dbd35d.jpg,1.3182534
images/smdg/8caef1c8e510a1e7.jpg,-1.3443556
images/smdg/66def6da3a7ddcd2.jpg,1.6676532
images/smdg/5f7c82818147f384.jpg,-1.0560777
images/smdg/17537e67733b352d.jpg,-4.2086177
images/smdg/9f56da3a4360efef.jpg,-1.4669434
images/smdg/aedac33bdcb4d966.jpg,0.80759203
images/smdg/16565dc21652a6af.jpg,-1.7154784
images/smdg/4fb5ce385b49166b.jpg,-0.0072672367
images/smdg/cc31495fcabbc052.jpg,-4.3698792
images/smdg/7be760437deefa7a.jpg,-1.8697153
images/smdg/c743ba382a86868d.jpg,-4.352776
images/smdg/9dc33373e7a2b1aa.jpg,-1.0734867
images/smdg/a45d9920569eb52f.jpg,-0.1831888
images/smdg/084abd083793b192.jpg,-1.3693427
images/smdg/37477bc0ece485c6.jpg,-0.72500306
images/smdg/b9f3f8ec2e2ff9ee.jpg,0.9627451
images/smdg/3e9c98c8bdcb3df6.jpg,-0.7292789
images/smdg/0c8b6631cbd377f1.jpg,0.9065479
images/smdg/e03fab4aeef0c1f0.jpg,-1.1466346
images/smdg/3edf7f6175014650.jpg,-0.5350321
images/smdg/82bef7399ce8ca48.jpg,-0.4831108
images/smdg/7e29bbda29e67553.jpg,-2.9234126
images/smdg/8b8f80eebc7a6bb2.jpg,1.6285597
images/smdg/b8f5ba2b105506c3.jpg,-2.459175
images/smdg/0870834edda93975.jpg,-0.015818954
images/smdg/e274c0fcd7d9d5cf.jpg,1.0140556
images/smdg/e7677a7ef806e797.jpg,-2.095115
images/smdg/d432be5a2ff69522.jpg,-0.27603638
images/smdg/98fa58c94442ff81.jpg,1.2913765
images/smdg/23fa5415d299a9a7.jpg,-5.1541967
images/smdg/539c1b4b55e9ea00.jpg,-3.0822306
images/smdg/fe3b86eb01492726.jpg,0.7746066
images/smdg/83f041d3f36b36a2.jpg,-0.0084888935
images/smdg/2fb7a10f17b2ed19.jpg,-0.44829297
images/smdg/d6401b3115e2909b.jpg,-0.22411501
images/smdg/333b8d95d9696d80.jpg,-1.1371666
images/smdg/0947ce36e72b306d.jpg,-0.91405773
images/smdg/1a2eb31092d461f6.jpg,-3.19829
images/smdg/fae02901e51b8a91.jpg,-0.6828551
images/smdg/63ac684df2dcf87b.jpg,-2.6717467
images/smdg/c2242c6bc78bbf57.jpg,-1.6282812
images/smdg/9d057d8a6799db75.jpg,0.14422083
images/smdg/d60b8fb073b2d316.jpg,-3.2838078
images/smdg/8f7cb8f78236c327.jpg,-1.1441913
images/smdg/4184ab1b441b616b.jpg,-3.4352956
images/smdg/5eaa285f8e5dbf92.jpg,-0.7396632
images/smdg/8ff9bbc3ee3b5357.jpg,-1.3188149
images/smdg/cb906f21ed02cc1f.jpg,-5.3692117
images/smdg/d055d9110c0f58f5.jpg,-1.0774572
images/smdg/e2f0ae060a5fceb3.jpg,-2.936851
images/smdg/50fff0e8768ff8ad.jpg,-3.0003781
images/smdg/5f8ef853e8da22aa.jpg,-0.56068736
images/smdg/5f21212a32018046.jpg,-6.160859
images/smdg/27fcea2bf98f8fc2.jpg,1.0177206
images/smdg/dccac303298425ce.jpg,-2.633264
images/smdg/20ac85c9a428df61.jpg,1.0336024
images/smdg/930e271462609a38.jpg,-0.35483456
images/smdg/5a76e777641fc594.jpg,-0.5820667
images/smdg/753c1aa4d2066c8f.jpg,-0.7078996
images/smdg/6618ed07cd02474b.jpg,-0.38171148
images/smdg/77274453915ce70c.jpg,-0.7967766
images/smdg/9123943551dfca4c.jpg,-4.8096833
images/smdg/765e769669a8ac15.jpg,-1.9775283
images/smdg/6d6a7df5ae580fed.jpg,0.7782718
images/smdg/aa42f9e4da5fdf59.jpg,-0.8056338
images/smdg/44665622b40e9635.jpg,-1.9033115
images/smdg/588b16cbfed01732.jpg,-3.9422922
images/smdg/27e7973c594955e4.jpg,-2.1458144
images/smdg/f09ad73b11c35941.jpg,-3.1384277
images/smdg/4263c30c18afa2b8.jpg,-3.081009
images/smdg/ed044d549c8c4874.jpg,-2.743826
images/smdg/e0de8ec0d1dd6737.jpg,-0.56068736
images/smdg/6433497dd9c6961a.jpg,0.9431983
images/smdg/b7bb585dedc3cc61.jpg,0.10024047
images/smdg/2db171cea36da83d.jpg,-3.286251
images/smdg/11cc0d4a62dc9500.jpg,-3.2996893
images/smdg/5a5b87dee3668861.jpg,0.8784493
images/smdg/b1824f0c3ed2fc3f.jpg,-0.40981013
images/smdg/a63b373bb7a890e9.jpg,-3.6527543
images/smdg/532bb1101807df3d.jpg,-0.1728046
images/smdg/ca4a70f39606f1e9.jpg,-2.261874
images/smdg/635e3081d1210d62.jpg,-2.8476686
images/smdg/9dadd96fab742162.jpg,-0.93482625
images/smdg/0fdf7e471d8e45eb.jpg,-3.6283207
images/smdg/cc57bbcb0a80cc6b.jpg,-1.5952959
images/smdg/8d53d6866a4d21f3.jpg,-0.73294395
images/smdg/03eb7afd3a5fa547.jpg,-1.0609645
images/smdg/06c402e12dfc1bb5.jpg,0.54004455
images/smdg/39ee714fac56aa0e.jpg,-0.8386191
images/smdg/7e12932811739d4b.jpg,-4.257485
images/smdg/fbb0625a6fec095d.jpg,-1.0771518
images/smdg/696c1b561a2a8b94.jpg,-0.18807554
images/smdg/6f5920939e43bc1d.jpg,-0.6571999
images/smdg/c22cfffe8fbb9886.jpg,-2.8745456
images/smdg/2c9eda4293197ace.jpg,-5.1199894
images/smdg/88ac9b0a45b99d17.jpg,-1.605222
images/smdg/f62ffe3a117c3fb9.jpg,-3.9349618
images/smdg/0eb1c16e8a156d50.jpg,-3.3534431
images/smdg/135b1312692fb0c8.jpg,-0.86580145
images/smdg/e3bda712790fb70d.jpg,-5.647754
images/smdg/1c0b373bcdf06fa1.jpg,-1.6379019
images/smdg/f5e41349c5373f5e.jpg,-1.6191186
images/smdg/2635893e4b8f15ce.jpg,0.62922704
images/smdg/bac6557185b78947.jpg,-2.6986237
images/smdg/391feda2c77f7577.jpg,0.68420255
images/smdg/b608ca8b633e469d.jpg,-3.733385
images/smdg/23a81779b0815a67.jpg,-2.6876287
images/smdg/58393a5586d93d7d.jpg,-0.010932207
images/smdg/e18bd6bf727b3d77.jpg,-4.773033
images/smdg/6ddc9ca218e0bd0d.jpg,-3.1689699
images/smdg/ffb6a735babc8620.jpg,-1.482367
images/smdg/ec416f4fbe9a77d1.jpg,-4.9294076
images/smdg/a63bde2c1e2955be.jpg,-0.22900176
images/smdg/7404a2acdfa9ddff.jpg,-2.500712
images/smdg/8f54e4f9f9c80af7.jpg,-0.37010562
images/smdg/45535b71956e4669.jpg,-0.0084888935
images/smdg/f9a7a6321c09e96c.jpg,-3.4951577
images/smdg/35cc92a9b8c8d883.jpg,-0.52586955
images/smdg/66c2026ce1ade2e0.jpg,-0.5649632
images/smdg/a5130d8283fce7d1.jpg,-0.92230403
images/smdg/b643e04c70305480.jpg,-0.3517804
images/smdg/4ebab8e30aabd6db.jpg,-0.6022244
images/smdg/4fc0946da682ea4c.jpg,-4.7119493
images/smdg/96dab40ae502d78a.jpg,-1.3609246
images/smdg/94ac196871e32565.jpg,0.41176832
images/smdg/f2453ba07c891e2f.jpg,-0.09156299
images/smdg/49406f85fe734656.jpg,-1.6748576
images/smdg/46a765b78b6e0a00.jpg,-0.010932207
images/smdg/39c3df1f26b47e94.jpg,-1.8629961
images/smdg/e82a09a1da45b9b9.jpg,-1.5087094
images/smdg/1fd607e70f776e6f.jpg,-2.2215586
images/smdg/9b0caacf601ee4f0.jpg,0.310369
images/smdg/3181c4da5d414bee.jpg,-0.3071891
images/smdg/f731357bbcd5d09f.jpg,-3.2324972
images/smdg/0623d7e54b85bf34.jpg,-4.196401
images/smdg/a2876ce1d9390524.jpg,-1.7393012
images/smdg/8137417021701237.jpg,-0.0207057
images/smdg/a5907ee8a37c320c.jpg,-0.8260969
images/smdg/abef54abd4fac33c.jpg,0.011057973
images/smdg/5ea2ceeaee918b5f.jpg,-2.0438044
images/smdg/db68e3f6fdf95cb3.jpg,-0.98827463
images/smdg/7517f3e2eed52bc6.jpg,-0.7274464
images/smdg/74f3c238785c5036.jpg,-3.6869612
images/smdg/c27d9251224a3fde.jpg,0.086802006
images/smdg/74906c7647c0e382.jpg,-3.3546648
images/smdg/0299b1433dcbe485.jpg,-4.7412696
images/smdg/f51add1326190e23.jpg,-5.1957335
images/smdg/b697971e2e15d7dd.jpg,-1.6197294
images/smdg/8bbc66fce22ba889.jpg,1.5137218
images/smdg/6d55c286e74d19e5.jpg,-0.52464783
images/smdg/45f2972777144bbe.jpg,-2.303411
images/smdg/af42a16fb0e21de0.jpg,-2.5489683
images/smdg/d7b2aec1e7ee5fc3.jpg,-0.79036283
images/smdg/5658f448f8ea87bd.jpg,-0.56251985
images/smdg/166bc30f8dad45f0.jpg,-1.2643739
images/smdg/d2dc20e33d8af759.jpg,-4.79991
images/smdg/f807023387c9884f.jpg,-0.88473743
images/smdg/8ee73a008b3ff1c7.jpg,-2.3803768
images/smdg/cadae65e8332d3ef.jpg,-1.5097784
images/smdg/7f1741db861b4f55.jpg,-2.940516
images/smdg/f6ea22650e213143.jpg,-1.1415952
images/smdg/42cba996928def6a.jpg,-2.569737
images/smdg/850a94995f83a3c6.jpg,0.9712969
images/smdg/f9a555e055e29a96.jpg,-2.5068202
images/smdg/9e00f98df7402deb.jpg,-2.5440817
images/smdg/2e80fb7675f5fc4c.jpg,-1.371118
images/smdg/ab7c4b497d8e829f.jpg,-2.1048884
images/smdg/f44aa3c9355a8f6d.jpg,-1.0160677
images/smdg/0df542e1ecd878d4.jpg,-0.17708051
images/smdg/9a169e62ebd9df16.jpg,-2.5898945
images/smdg/d01623a1709a633a.jpg,-1.5308523
images/smdg/c6cfc8f3de05be84.jpg,-0.18746471
images/smdg/0e173a9db53396d9.jpg,-0.7573775
images/smdg/ad0020e0d633fa74.jpg,-4.2183914
images/smdg/1c56ddacb2e13dc2.jpg,1.9926196
images/smdg/919aef52ef0e1d87.jpg,-4.2550416
images/smdg/c34ab1c4eb1f04bf.jpg,-0.49716008
images/smdg/95334c818622e20c.jpg,0.45452702
images/smdg/4b169724bbc52ea0.jpg,-0.3615538
images/smdg/b7406be8961c2723.jpg,0.8589026
images/smdg/29454183cee05d90.jpg,-2.7902498
images/smdg/ea2347cde646133b.jpg,2.6107888
images/smdg/5a3b187be0214e01.jpg,-0.69812614
images/smdg/05b1bb4d37268e7c.jpg,-0.1831888
images/smdg/1fb0af92414c0cab.jpg,-1.7991633
images/smdg/35ecbd5827dbd078.jpg,-3.7431583
images/smdg/d69106f5fa343a4e.jpg,-2.55019
images/smdg/bbf50b9f27a8fd57.jpg,-3.1860733
images/smdg/0560a4978d67e3b1.jpg,-0.30047
images/smdg/14a5b91d86702a9b.jpg,-2.9881616
images/smdg/e52910daf4492137.jpg,-2.6063871
images/smdg/982d001f6b9ea2b0.jpg,-5.6013308
images/smdg/a2b1238ac179a1f6.jpg,0.8845576
images/smdg/7eb7ae8b5f3dbff4.jpg,-0.5893968
images/smdg/6716453b1ec45ba6.jpg,-0.66941667
images/smdg/f5a01c878fd8e574.jpg,-3.6026654
images/smdg/c2678283cf358938.jpg,-3.4633942
images/smdg/656bdb03119dc56f.jpg,0.03426981
images/smdg/17bba71e9145c20d.jpg,-1.6617246
images/smdg/071d9883039e2687.jpg,-5.335005
images/smdg/383f663f640ea8d6.jpg,1.2009722
images/smdg/916fefcd742e321b.jpg,-3.5623503
images/smdg/597fee9704fb859a.jpg,-3.8298974
images/smdg/20e309169e597b07.jpg,-0.46050978
images/smdg/29b123162d5e2cce.jpg,-0.5191503
images/smdg/f3fb0eca7770fbba.jpg,-2.0511346
images/smdg/9610c6315f770632.jpg,-0.40736675
images/smdg/fc5daac356307440.jpg,-0.5264804
images/smdg/7f7637b9e8aa199e.jpg,-2.2740908
images/smdg/5b8fd26892221f0f.jpg,-2.2661498
images/smdg/58c181c9252da52d.jpg,-3.4866061
images/smdg/59f8a24cd856e479.jpg,-4.147534
images/smdg/319b9efb8baf6f6e.jpg,-1.2888838
images/smdg/a027f0c8d1cc1e09.jpg,0.98840034
images/smdg/ba632a1c18085a78.jpg,-1.5441382
images/smdg/e2409faca3e7b42f.jpg,-2.5788994
images/smdg/80a0dc696f8e3001.jpg,-2.151923
images/smdg/106c98017b0d38c5.jpg,-5.5231433
images/smdg/647470a1f5d2231a.jpg,-2.3559432
images/smdg/7bf8ec38dcc88ce1.jpg,0.51805437
images/smdg/4060562dcac7c776.jpg,0.30670404
images/smdg/deb31bb77891bf22.jpg,1.8533484
images/smdg/b7efc99575cfdb60.jpg,-6.153529
images/smdg/10c2e50ea01386af.jpg,-2.8452253
images/smdg/bec07738c745b4e9.jpg,2.3640099
images/smdg/c4d382b48a2f8957.jpg,-2.7352743
images/smdg/47ccf2b1749833f6.jpg,-0.68957436
images/smdg/273c836e620261a5.jpg,-1.9479027
images/smdg/7593cd4b05a8b3c0.jpg,-0.47272652
images/smdg/7f21646aa04e24b3.jpg,-4.2550416
images/smdg/9283b21e8e8f55f2.jpg,-3.2654824
images/smdg/c1f9f0356b230bd9.jpg,-2.7047322
images/smdg/182f474440c29290.jpg,-0.8951217
images/smdg/ef0827f2c3c2b156.jpg,-0.30657828
images/smdg/1dca7a5a70279dca.jpg,0.30914736
images/smdg/7ddbef9455d20ecd.jpg,0.3995515
images/smdg/f276621781e5dff1.jpg,-3.263039
images/smdg/1c09cc685d929a28.jpg,-1.842533
images/smdg/5eecffd3281fce15.jpg,-3.0993342
images/smdg/6c411fed82538219.jpg,-1.3056818
images/smdg/87d83aaa393c869a.jpg,-0.79586035
images/smdg/fa2cd340baef31bc.jpg,-5.073566
images/smdg/450bcbb19ed5e797.jpg,-2.5391948
images/smdg/a4a2dfe15017749e.jpg,-1.5890348
images/smdg/35bb42ae96e76183.jpg,-6.085115
images/smdg/aa1db618b95b8930.jpg,0.811257
images/smdg/b0e008b6845b3413.jpg,-1.8223753
images/smdg/0574ac0074290346.jpg,0.83446896
images/smdg/122721c84de043e0.jpg,-5.5231433
images/smdg/7eeed7545ed3af15.jpg,-2.686407
images/smdg/220a61b48fbda3b2.jpg,1.4990617
images/smdg/9881f7f4c8ca63be.jpg,-0.73172224
images/smdg/d9d1c9edfdb8a72a.jpg,-1.4596515
images/smdg/acd81153d0b9a5cf.jpg,-1.0304226
images/smdg/a6a45271188678c2.jpg,-1.2217679
images/smdg/18750e715553eeda.jpg,-2.3028002
images/smdg/74918ea657a8f403.jpg,-0.22106087
images/smdg/2a8e2c7e127a46a6.jpg,-0.5008251
images/smdg/0cce5ac354cd0b96.jpg,-2.8672154
images/smdg/52c7361e9b0ea28d.jpg,-5.55002
images/smdg/82d3a09655365969.jpg,-3.2288322
images/smdg/0ddc0d021150d0b9.jpg,-2.9771664
images/smdg/cd72cb640dd2f5d3.jpg,-1.6409562
images/smdg/4b78b6d646b0f5d0.jpg,-0.76165336
images/smdg/20dab3b51fa70c38.jpg,-3.767592
images/smdg/67c18a584670ea0c.jpg,0.49972916
images/smdg/44183d55e3fac1c8.jpg,-0.11966157
images/smdg/d06389b2eb1022fb.jpg,-4.8463335
images/smdg/a18b369e3d6e1942.jpg,-2.5929487
images/smdg/5873aad77fe7cdb2.jpg,-0.8059392
images/smdg/d7d01f591d5195e1.jpg,-1.9332426
images/smdg/3e62b870afd26fd4.jpg,1.0910212
images/smdg/0877df2ac9aace16.jpg,-2.4610076
images/smdg/bb8a5b99a5e3644b.jpg,0.632892
images/smdg/6043e1218f0d12ff.jpg,-2.9954915
images/smdg/265e6b89619c33bd.jpg,-1.6887543
images/smdg/0c156dc505bafaa5.jpg,-0.3859874
images/smdg/f0e111f01fd59d2e.jpg,-0.8978705
images/smdg/c47e6b5041b380e8.jpg,-5.308128
images/smdg/720ba58febf79cce.jpg,-4.08645
images/smdg/96d32878529e5105.jpg,-0.3395636
images/smdg/d1217ebe18976fb1.jpg,-1.072265
images/smdg/1bca7d78c5a22c7e.jpg,-2.7841413
images/smdg/2d10d418e3af08c4.jpg,-1.0808167
images/smdg/0f429d4413242b18.jpg,0.8271388
images/smdg/bb3e51db1901017a.jpg,-4.1182137
images/smdg/a8c1c5ed195b78d7.jpg,-1.8865134
images/smdg/9832c989eea5c7de.jpg,0.56081307
images/smdg/8084234a2f3cd7ad.jpg,-5.6966214
images/smdg/12af829a23f6c4a2.jpg,-0.17341542
images/smdg/a78b1dc445493b16.jpg,-1.5994191
images/smdg/3f583b4232587a1d.jpg,-2.5172048
images/smdg/a58ec32c7866fed2.jpg,1.4770716
images/smdg/db19f20e834cefbe.jpg,-5.2763643
images/smdg/c85f014f6d0af2ed.jpg,-0.34811532
images/smdg/d8e224b9b32a513e.jpg,-0.7995254
images/smdg/92bc2a35f90812e8.jpg,-0.11355317
images/smdg/fec7b98bb42700d2.jpg,-0.55641145
images/smdg/8691dcfd1937ea37.jpg,-1.8006905
images/smdg/96d8dab556ce2eb5.jpg,-0.9910234
images/smdg/36fed935010f79b5.jpg,-2.9466243
images/smdg/793841f1a32c8e86.jpg,-3.3754334
images/smdg/77de4d7ed4f4a58f.jpg,-5.2763643
images/smdg/9e48ebeae1480bb3.jpg,-5.6819615
images/smdg/3fb6d8fc3d1c8fce.jpg,-5.9287405
images/smdg/79d280249830aeaa.jpg,-3.3558865
images/smdg/51d9d2d9beadadcd.jpg,-3.4633942
images/smdg/b0f3867230c95425.jpg,-4.4749436
images/smdg/753da1e014e26f2e.jpg,0.12100899
images/smdg/99401a2371c04b2d.jpg,-1.7811437
images/smdg/7315734dfc8fe2ed.jpg,0.98840034
images/smdg/2eec0f25d95cd3ff.jpg,-0.9384912
images/smdg/04ed02ca4914f761.jpg,-1.9912722
images/smdg/56dd3760858e83c7.jpg,-0.965979
images/smdg/3f9142dbf1a11716.jpg,-0.045139194
images/smdg/a1864fccb1b83d06.jpg,-1.480649
images/smdg/71d641d04a356df4.jpg,-1.9253017
images/smdg/f1c010c1e20a1449.jpg,1.6334463
images/smdg/29545c03f2ef81f2.jpg,-5.464503
images/smdg/4951314f438eb2fa.jpg,-0.56862825
images/smdg/01d3c9a29167f60a.jpg,-3.3375614
images/smdg/f58a88e08b9498c2.jpg,-3.6942916
images/smdg/12a50c4ef7068afc.jpg,-1.6789808
images/smdg/99e4f78c5c3263a2.jpg,-2.81957
images/smdg/6f4ef350773f393b.jpg,1.1496619
images/smdg/89002142ecb0c0a9.jpg,-4.2623715
images/smdg/d0c0f0d1851dd7c2.jpg,-0.5154853
images/smdg/0a454bcf08cd2f37.jpg,-5.266591
images/smdg/ef68cd4ae063d1bf.jpg,0.9835137
images/smdg/674f30f848b8e8b8.jpg,-0.14531684
images/smdg/0128d5e717301095.jpg,1.0775827
images/smdg/1b5a58b37f077a8e.jpg,-1.2433
images/smdg/fb68b23ce9de087e.jpg,0.76483333
images/smdg/cfe67e5a30c375b4.jpg,-2.7926931
images/smdg/fb43b026b9028316.jpg,-3.5489116
images/smdg/5cb92e0836dc323f.jpg,-0.9015355
images/smdg/c179872155cc1752.jpg,-3.9080849
images/smdg/5d958d938e3c2095.jpg,1.6236728
images/smdg/663a913abe9422c6.jpg,-3.403532
images/smdg/0be06b1274319f42.jpg,-4.4651704
images/smdg/1d5620db2abf5589.jpg,0.4826256
images/smdg/0b15c99fe4851832.jpg,-0.9940776
images/smdg/bbfde69b0a5a1200.jpg,-2.2973027
images/smdg/42fb2db8ee0c64b5.jpg,0.9798485
images/smdg/1825fb7e9aeb20a1.jpg,-5.8139024
images/smdg/f256abfde6490dad.jpg,-3.4609509
images/smdg/b5dbf5d057290d39.jpg,0.6548823
images/smdg/f0365299bb1cd95c.jpg,-3.8262324
images/smdg/27d77c88ba815a4c.jpg,-0.561909
images/smdg/6537b8be163e5b4e.jpg,-2.1885734
images/smdg/4155e51d3da8acd6.jpg,-4.731496
images/smdg/75d649aef8642165.jpg,-2.3919826
images/smdg/7bd537c274b6f055.jpg,-0.4287461
images/smdg/1b344e21766ab3b8.jpg,-1.0282845
images/smdg/8b7b76244dbe9bb2.jpg,-0.8829049
images/smdg/8ba1f61d906bd4ea.jpg,0.49606407
images/smdg/43520ea616fa672b.jpg,-0.68346596
images/smdg/48c9cc600142530a.jpg,1.3084799
images/smdg/4ac0d22ba8521aa7.jpg,0.46796548
images/smdg/ff9d3b1e1f7eba54.jpg,-3.2886944
images/smdg/7f12cc17fdebb4a9.jpg,-2.19346
images/smdg/60bab3b114e0d224.jpg,0.9712969
images/smdg/fa9d7691aa221f4a.jpg,-0.32673597
images/smdg/c10edfe5d9dc7213.jpg,-1.8232915
images/smdg/8b88e31dee4faed8.jpg,-0.5264804
images/smdg/d319b86b7408c6af.jpg,-4.6264315
images/smdg/788a74117342575d.jpg,-4.1524205
images/smdg/4db4b2228b8fc961.jpg,-0.82548606
images/smdg/a65acadde65a6d39.jpg,-0.49044085
images/smdg/c82bfe7e10129c4e.jpg,-2.81224
images/smdg/369ba695ba0f6b4d.jpg,-1.6270595
images/smdg/404fa4193139d1ba.jpg,-0.6901852
images/smdg/84fb6e2382209e70.jpg,-1.2220733
images/smdg/27191a48fcb51ffe.jpg,-2.386485
images/smdg/ae342824c9360990.jpg,-1.1550337
images/smdg/c724bada5a8a45e1.jpg,-1.3570687
images/smdg/9fdd04580c746ad8.jpg,-2.1311545
images/smdg/1f0ce6bfe4e7b2fb.jpg,-0.98919094
images/smdg/eaf67a34b1c63400.jpg,-1.8168777
images/smdg/3b885f10274acac8.jpg,-2.807353
images/smdg/a49f210ba93dbdb1.jpg,-2.8843188
images/smdg/b2288987d0d793d8.jpg,0.2773838
images/smdg/5ccfc41f210aa24d.jpg,-0.8404516
images/smdg/781acd8429bd0235.jpg,-6.1657457
images/smdg/37b6ea510f438090.jpg,0.6683208
images/smdg/4bc5bd1704019943.jpg,-0.9843042
images/smdg/5bfbf84e8b03389f.jpg,-2.1464252
images/smdg/00a16691e5097e70.jpg,-1.9653115
images/smdg/4d8e2f3a24fcfd0b.jpg,0.11490059
images/smdg/d456b95fb24385e6.jpg,-5.713725
images/smdg/d0fbbe9db7344fdd.jpg,-2.276534
images/smdg/00fb3e2e93f89f68.jpg,-4.6288753
images/smdg/e054cd3dd5d0ae18.jpg,-3.2593741
images/smdg/5e3e33b455125486.jpg,-5.129763
images/smdg/aa947f32f058e246.jpg,1.899772
images/smdg/12d04e869b1665f0.jpg,0.39588654
images/smdg/807d34ff49e56c92.jpg,-2.853777
images/smdg/39d410fa9a5c256d.jpg,-4.284362
images/smdg/2ffc9d445b7f8e52.jpg,-1.1214375
images/smdg/9ef6892d5b14df7f.jpg,-1.7018874
images/smdg/e50745976e7598b6.jpg,-5.4791627
images/smdg/f30617a11d7e9270.jpg,-0.4171402
images/smdg/f35974fa9c0f6846.jpg,0.03426981
images/smdg/0e05d3786ede3806.jpg,-2.101834
images/smdg/d2c48b6999c0363d.jpg,-0.5649632
images/smdg/d552c7150af58a43.jpg,-4.9685016
images/smdg/117c4a588648877a.jpg,1.6138996
images/smdg/47d63ba536f65e8a.jpg,-1.3148445
images/smdg/d379b2f88cafe132.jpg,-0.7821165
images/smdg/f8b50cb28c4d2a02.jpg,-1.2437581
images/smdg/f9d1cec8224a7323.jpg,-1.2497901
images/smdg/8735fd2ee0c87553.jpg,0.27249706
images/smdg/13e88bceae26daf2.jpg,-0.6211604
images/smdg/63242f4a947d408b.jpg,-1.967755
images/smdg/6793ab97dc98e90e.jpg,-2.2521005
images/smdg/75e6443ead8a986f.jpg,-2.211785
images/smdg/0b2c73f6baf40a79.jpg,-0.37499225
images/smdg/386c8ab7d5e7548e.jpg,-2.670525
images/smdg/e16d3abe76a8f17e.jpg,-3.0370288
images/smdg/b9819f1d965bd6c1.jpg,-3.4633942
images/smdg/061067ee39bda33e.jpg,-5.2494874
images/smdg/0d6919907d901d29.jpg,-5.0711226
images/smdg/1559440b6c5e5943.jpg,-1.5177957
images/smdg/942c6cfffaf85599.jpg,-2.2282777
images/smdg/3a38275a718e6138.jpg,-4.1866274
images/smdg/38be5562019e42e0.jpg,-2.2606523
images/smdg/adc6d8acdc4c89ba.jpg,0.3934431
images/smdg/1ceae2542fb70e07.jpg,-4.203731
images/smdg/77f7ebed497aae70.jpg,-4.9220777
images/smdg/e3623bce959e6af3.jpg,-3.4743896
images/smdg/e2e242273f872bf6.jpg,-0.8951217
images/smdg/80a6055e6bf00f38.jpg,-4.267258
images/smdg/44f01a60ad09c977.jpg,-3.2202802
images/smdg/42433e76816a79f4.jpg,-5.0515757
images/smdg/f5fe7a49808d5332.jpg,-0.15570104
images/smdg/a40f3ae4b33244e2.jpg,-2.485441
images/smdg/90760b0d071083e9.jpg,-0.01337564
images/smdg/dca316023a14e763.jpg,-0.048804283
images/smdg/e76f43231af089c9.jpg,0.053816676
images/smdg/ba8e4e5217d27996.jpg,-4.716836
images/smdg/a9c3e252d5ab8340.jpg,-2.5984464
images/smdg/18e749826c94435a.jpg,-0.80502295
images/smdg/aaf0c0ebb08146a4.jpg,-5.237271
images/smdg/a3df8b81583b491a.jpg,-0.66941667
images/smdg/ef8f222213277135.jpg,-5.364325
images/smdg/029923e773eb6bbd.jpg,-0.74699324
images/smdg/73ce342d61e1f0a9.jpg,-1.6895177
images/smdg/95a35fc02822c205.jpg,-4.726609
images/smdg/87678748897e010b.jpg,1.2864898
images/smdg/15283df1f4c33248.jpg,-1.1984032
images/smdg/bb62dd8597534538.jpg,1.521052
images/smdg/e72ffec4fae5395e.jpg,-0.3835441
images/smdg/358ef3b6684c2d2f.jpg,1.0262724
images/smdg/995d612f584f6381.jpg,-1.1438859
images/smdg/1432cf46624c0deb.jpg,-0.4837216
images/smdg/bc8cd03ebe173b11.jpg,-5.0491323
images/smdg/f27ae3ee46f59a2b.jpg,-1.0166787
images/smdg/6864c268207a7709.jpg,-0.47272652
images/smdg/6530820107e1dec1.jpg,-2.5758452
images/smdg/c9452bb722eb1184.jpg,-3.2276103
images/smdg/05df6eea32f21b41.jpg,-0.2845881
images/smdg/d0e29c116ba306d3.jpg,-0.36216462
images/smdg/3c934986bcb44565.jpg,-2.583786
images/smdg/d06fad5b0ebb97c4.jpg,-4.751043
images/smdg/e1f31f183e2cfb50.jpg,-3.3717685
images/smdg/028f351718cd5450.jpg,-5.7088385
images/smdg/532a4a5d4bb85eb1.jpg,-4.4822736
images/smdg/8a934121b969c722.jpg,-5.017369
images/smdg/3d737b5aba6ecc24.jpg,0.044043303
images/smdg/72806b28733d56a4.jpg,-0.1001147
images/smdg/274ef1d757abd980.jpg,-1.6835622
images/smdg/8af31120e07739ac.jpg,-1.0062944
images/smdg/598207d22488a658.jpg,-2.2026224
images/smdg/57dc6c83eb392be3.jpg,-1.8086314
images/smdg/4834d6e24397afb3.jpg,-1.3187386
images/smdg/6f5ec414aebe4587.jpg,1.4159876
images/smdg/34a6d2cfa9ed64d6.jpg,-1.7047888
images/smdg/48424037f8a0f70d.jpg,-3.7101731
images/smdg/2d559cd9aab32a18.jpg,-2.0358634
images/smdg/a61fc57b5f111bcf.jpg,-1.5135962
images/smdg/89c19ee81f993530.jpg,-3.2129502
images/smdg/0d5bbcd266170a4f.jpg,-1.1997776
images/smdg/5d6ef12000da6c1f.jpg,-4.0082626
images/smdg/9e4879d85d50d70a.jpg,-1.024925
images/smdg/8b1cd52f25c52403.jpg,-0.68957436
images/smdg/de2140f3d803a8a1.jpg,-2.6308208
images/smdg/5195fe61911b08b6.jpg,1.7262939
images/smdg/63233925ae509421.jpg,1.5967959
images/smdg/bcf23cce0f455f4f.jpg,-2.410308
images/smdg/8aa3dcbbd41feb22.jpg,-1.0974622
images/smdg/f951075a94a755c1.jpg,0.33113754
images/smdg/82a75b03304b08bf.jpg,-2.8049097
images/smdg/72cbc20d6b377b19.jpg,-1.4386538
images/smdg/99df98c178da830c.jpg,-0.1001147
images/smdg/5e402b423de3dc8b.jpg,-0.9421563
images/smdg/3f353933559bbaf3.jpg,-3.603887
images/smdg/cd8111e7b76d97cd.jpg,-3.2813642
images/smdg/d14ce6a2ab2848b5.jpg,-2.873324
images/smdg/df4a2e11fde74ec4.jpg,-0.831289
images/smdg/3bbbc14fa1ccf7ed.jpg,1.5528156
images/smdg/f605e843f8562a0d.jpg,1.0006171
images/smdg/ef91e9051bb79746.jpg,-1.9011736
images/smdg/59385e22be6d99bb.jpg,-2.4035885
images/smdg/77295b092add94a7.jpg,-2.5391948
images/smdg/59fd44f91ec75bb6.jpg,-0.7427174
images/smdg/caba866ccf45faff.jpg,-1.6673748
images/smdg/a4cdc5c1fa3ec19e.jpg,-0.9384912
images/smdg/a6273abca7a1b62c.jpg,-5.8407793
images/smdg/f1ae7ccad33f159c.jpg,-0.6333772
images/smdg/69d8d3c75effef21.jpg,-3.0370288
images/smdg/ffc758c1a7c1f8fa.jpg,-4.3576627
images/smdg/1832a77796e7e771.jpg,-0.037809134
images/smdg/07702c06f2c4dcc6.jpg,-1.0078216
images/smdg/f026d5e435b686fe.jpg,-1.2289453
images/smdg/e070f21fb4417602.jpg,-3.5464683
images/smdg/704e156369a52df6.jpg,-1.0035456
images/smdg/b3fe5819cd51114b.jpg,-1.1095262
images/smdg/6fd6528da8c3cfba.jpg,-2.3168495
images/smdg/a3f589e8d77ece0f.jpg,-1.1594622
images/smdg/a0c8c5df49c09208.jpg,-6.1168785
images/smdg/8c1c47fe2f1bd353.jpg,-3.156753
images/smdg/4f4f697dfdce679c.jpg,-1.503212
images/smdg/eb36f76a1ddd66bd.jpg,0.5412662
images/smdg/86e93a37738528b9.jpg,0.6463305
images/smdg/4047b3281e4a8b05.jpg,0.5559263
images/smdg/43bc220967ca51e6.jpg,-0.5386971
images/smdg/b7e87f0277175e08.jpg,-1.9494298
images/smdg/5056d2d54ca92a3f.jpg,-0.55641145
images/smdg/064a52275f618621.jpg,0.8014835
images/smdg/0b0b1c70850549c9.jpg,-1.1458712
images/smdg/ca21f301b0b7d31b.jpg,-3.964282
images/smdg/77775d736f7a09d2.jpg,1.2571696
images/smdg/f316769686c69916.jpg,-2.5453033
images/smdg/7e0554ea29f0adf0.jpg,1.5650324
images/smdg/36437dbbb66152b8.jpg,-1.120674
images/smdg/b246ab19427a38b2.jpg,0.17476285
images/smdg/c1e8e3cd3caea5fb.jpg,0.8173655
images/smdg/82c5fd3f94d165b1.jpg,-2.5520225
images/smdg/8129d17fb6dd6ab3.jpg,-4.291692
images/smdg/23cbcb83b87724c6.jpg,-2.8110182
images/smdg/c0f4c44b19654716.jpg,-4.84389
images/smdg/5aef6e3ee084f750.jpg,0.8185872
images/smdg/bbb37ae65528a386.jpg,-2.9356294
images/smdg/08e8152c5a2c0ebc.jpg,-3.0028217
images/smdg/858617c83017b32f.jpg,-0.96048146
images/smdg/2c6c03b940cb825a.jpg,-3.713838
images/smdg/03b33169881c98c9.jpg,-1.1812998
images/smdg/981ae5cec37ec555.jpg,-0.33589864
images/smdg/9fdbcb2b6057e7b8.jpg,-0.36094296
images/smdg/79d771a76d5eb3ff.jpg,-1.9921885
images/smdg/453a2fbb887d7e0f.jpg,-2.227056
images/smdg/6d8e80bffcfa9c5b.jpg,-2.740161
images/smdg/79644a337ce17604.jpg,-0.38720906
images/smdg/e0695ff87a6adae5.jpg,-1.8733803
images/smdg/34e7e5c21d5e581b.jpg,-3.0907824
images/smdg/bcf5b3887604fb07.jpg,-1.1452603
images/smdg/1c5dc388dd033cfd.jpg,-0.7280572
images/smdg/2c9af6c49b02212d.jpg,-0.29619408
images/smdg/5a6ee5211fcc2e8a.jpg,-0.69262856
images/smdg/8b0efce83ed9cf17.jpg,-4.7363825
images/smdg/46d62126dc049ef2.jpg,-0.7353873
images/smdg/77512f13e7a1f2da.jpg,-5.3789854
images/smdg/d89b1486875bcd87.jpg,-2.6112738
images/smdg/46ba6ea9eff3e49e.jpg,-0.62971216
images/smdg/6f4cff4457f05552.jpg,-4.9342947
images/smdg/458d21e01ce367ec.jpg,-5.027142
images/smdg/8b3f2ecbf6a6c841.jpg,0.57913816
images/smdg/4fecfa82c9d680e3.jpg,-0.4256919
images/smdg/e596c833f07fb15b.jpg,-0.8025796
images/smdg/26ae907a0fcf9a88.jpg,-2.1824648
images/smdg/3f6d3050c28085dc.jpg,-3.8323412
images/smdg/0d64c9b5115aac70.jpg,-1.0919646
images/smdg/74739be31e0f8ab0.jpg,-0.84442204
images/smdg/b4100781ae21af85.jpg,-1.5789559
images/smdg/0d96986f810ef537.jpg,-0.80716085
images/smdg/3dbce2565ef1c109.jpg,1.0849129
images/smdg/24bea0759142b23a.jpg,-3.8384495
images/smdg/714276536c8ebc1f.jpg,-0.6620866
images/smdg/ee934c34793f3251.jpg,-3.9716125
images/smdg/77425091dfe0d3e0.jpg,-3.293581
images/smdg/7653b053adf9fcd8.jpg,-1.3030858
images/smdg/eaa4c2029785e0df.jpg,0.55470467
images/smdg/ca0211fe9228f646.jpg,-3.1506448
images/smdg/604ef4e04e234ff8.jpg,0.47773898
images/smdg/701545b66250ec58.jpg,-3.749267
images/smdg/32241779ba8cda06.jpg,-2.9515111
images/smdg/1963fc86c2919af2.jpg,-0.7225597
images/smdg/0d3a0670b8be3952.jpg,-3.4291873
images/smdg/fe44f9532957ab83.jpg,-2.0841198
images/smdg/749e52b7e595a240.jpg,-2.636929
images/smdg/c07393ce1edb39d3.jpg,-0.1911298
images/smdg/551f1e0e062e064a.jpg,-1.359703
images/smdg/edb4cb10bf544b26.jpg,-1.7060105
images/smdg/c1f05cc8faf6d943.jpg,-4.5824513
images/smdg/d3a27c4c5206ee54.jpg,-0.037809134
images/smdg/8029710c5f27ec9e.jpg,-1.4625148
images/smdg/d6726c546ad10c89.jpg,0.37145293
images/smdg/7e20fc7239e55af3.jpg,-5.6257644
images/smdg/1260bf88d1d6b160.jpg,0.76239
images/smdg/f1d2e58b1e11b1af.jpg,-5.1737432
images/smdg/93509d48bd299607.jpg,-1.5378771
images/smdg/83afb2bb09cd8e56.jpg,0.02693975
images/smdg/d0165789a2301274.jpg,-2.6241016
images/smdg/4e01b5204af72236.jpg,-0.59184015
images/smdg/10556862ab47b3a6.jpg,-2.2557654
images/smdg/d71821a359024545.jpg,0.8882228
images/smdg/1720ed7e2a50b22a.jpg,-2.568515
images/smdg/ab0607fa57f33c39.jpg,-1.6379019
images/smdg/fe0d7ecb1e97fd49.jpg,-0.52586955
images/smdg/14d7d5f96b27da8e.jpg,-0.73294395
images/smdg/e7575ea477a8044b.jpg,-4.3454456
images/smdg/f5f1d8b81ca6942b.jpg,-2.1360412
images/smdg/8c5872d1f1234fea.jpg,-0.21006572
images/smdg/3fe1ff956ff3c235.jpg,-0.83006734
images/smdg/5d055d6b4be6b0b6.jpg,-3.0614622
images/smdg/4bcdd07c38684ef5.jpg,-2.1109967
images/smdg/23e54e13ca3b525a.jpg,-0.6419289
images/smdg/cce8071b3791c819.jpg,-3.639316
images/smdg/de408bd18c993e6c.jpg,0.7379564
images/smdg/7c8dbba9313c8cbb.jpg,-4.8780975
images/smdg/9a6d3d1f75603caa.jpg,-0.5148744
images/smdg/002b6d9ad4a449cf.jpg,-1.9201095
images/smdg/d01b3debbab51cbc.jpg,-0.84533834
images/smdg/76b3873d4901c0fd.jpg,-0.21739578
images/smdg/01be911219b301c1.jpg,-3.6209908
images/smdg/b6d807d90f946c9f.jpg,1.0226072
images/smdg/568ed8ba0a0b10e5.jpg,-4.333229
images/smdg/0e4617eeeb45ee50.jpg,-1.4038823
images/smdg/6306aaed2716eb20.jpg,-2.6192148
images/smdg/2a2d08c878e42e72.jpg,1.009169
images/smdg/10dfc8db43b0ae2e.jpg,-1.616828
images/smdg/07823a6e865d6613.jpg,-0.15753365
images/smdg/8e003219cfd6780b.jpg,-1.4325073
images/smdg/d16315d0677515ac.jpg,0.6255621
images/smdg/f948036d29faa561.jpg,-1.8544443
images/smdg/5362849dba7ea6cf.jpg,0.53393614
images/smdg/fee7c53128be4107.jpg,-2.6912937
images/smdg/adc882c0453e3830.jpg,0.6426655
images/smdg/c694077db4f817c2.jpg,-3.1970685
images/smdg/c669ae7b78c977f0.jpg,-3.1494231
images/smdg/8bf9e665bb252b78.jpg,-3.2263887
images/smdg/dbc1aad268278fd2.jpg,-4.533584
images/smdg/46d77517d97a37bd.jpg,-1.2797213
images/smdg/cbeffe8a9a2e4b21.jpg,-2.5679042
images/smdg/55f01fed67a098b2.jpg,-2.3803768
images/smdg/efc94336890ac2d8.jpg,-3.0284767
images/smdg/23e1e2e6cc73efde.jpg,-0.43913037
images/smdg/e3f5832ceb9f8be3.jpg,-0.947043
images/smdg/8e69cff4f504e8f9.jpg,-0.58023417
images/smdg/2bab67f85dfeb7f3.jpg,-3.1811867
images/smdg/08d494bb4fc4de08.jpg,-3.0174818
images/smdg/0c0e8f3c7788bfef.jpg,-1.1170089
images/smdg/902f6a16f6ce6d44.jpg,-2.7010672
images/smdg/6c1f94629a2a1e40.jpg,0.04892993
images/smdg/d46dd2421f682d46.jpg,1.6261162
images/smdg/05e404122b411361.jpg,-2.8452253
images/smdg/722345125d2190c6.jpg,-2.4115295
images/smdg/d629110901719e6a.jpg,-0.051247597
images/smdg/a85cc3edc5baf112.jpg,0.16254604
images/smdg/5ea64c59b4dcbdae.jpg,-1.7037199
images/smdg/f89d42c36718e543.jpg,-1.3928887
images/smdg/46dae00d00301673.jpg,-3.316793
images/smdg/4b181d3f855c2777.jpg,-0.808688
images/smdg/4e5c764dd9d88294.jpg,1.6212295
images/smdg/3f549a372ae19d8a.jpg,-2.4805543
images/smdg/b9e7ab3eb50170f2.jpg,-0.9262745
images/smdg/a1b1b05eed5fc848.jpg,-4.6191015
images/smdg/76bd100811c90864.jpg,0.6793159
images/smdg/3e13087f3a25a5ee.jpg,-3.0981126
images/smdg/7dfda72a5313cae0.jpg,-1.1050975
images/smdg/b1e8c28f7eb6fa55.jpg,-4.6288753
images/smdg/2e6d4b6853a1dfdc.jpg,-1.5002341
images/smdg/46091b4dff71081f.jpg,1.095908
images/smdg/d4b76f89014465d0.jpg,-2.0615187
images/smdg/8f232da58436a810.jpg,-5.1688566
images/smdg/68e642669fcc60ef.jpg,-0.01337564
images/smdg/de187decd31378b1.jpg,-1.060659
images/smdg/40709e21cd9d71fa.jpg,2.1050138
images/smdg/7f6d9ea4bf112f48.jpg,-2.1977358
images/smdg/81fd4ef362b79479.jpg,-2.2899725
images/smdg/20d7eff50f911f76.jpg,-0.12576997
images/smdg/a40a790c1d1afe1f.jpg,-5.2714777
images/smdg/a2e6d6c08f992c8c.jpg,-2.5098746
images/smdg/f9f64c92225dd4d6.jpg,-0.76104254
images/smdg/5a96c91bd711192f.jpg,-0.36094296
images/smdg/1616d6d5abd06a8d.jpg,-5.3887587
images/smdg/47f82dc52befa1cf.jpg,-2.2423272
images/smdg/fe9abfa6082ea157.jpg,-3.884873
images/smdg/36d1b339d8785a06.jpg,-0.8373974
images/smdg/e19d950f610e5b9d.jpg,-1.4662561
images/smdg/28b9b4415af76008.jpg,0.33968937
images/smdg/aae9c17d4ab66026.jpg,-1.0350038
images/smdg/a9f221b7a40a28b4.jpg,-5.2836943
images/smdg/ce86b90def990ea2.jpg,1.7140771
images/smdg/844a520c044d188c.jpg,-2.617993
images/smdg/7dee27a97e758b63.jpg,-4.386983
images/smdg/43a168937b596291.jpg,-5.16397
images/smdg/7992f5bf4b719c8b.jpg,0.1698761
images/smdg/ec6961d53e72dc55.jpg,0.6084584
images/smdg/325f1e7750484d56.jpg,-5.5597935
images/smdg/d4d3bdb6a59a3dfb.jpg,-5.198177
images/smdg/b4740428242c448f.jpg,-0.5222045
images/smdg/a21662079b1cdd8c.jpg,-3.1017776
images/smdg/e1a8814a020b6cd0.jpg,-3.8567743
images/smdg/fb066aac871dd959.jpg,-1.2086349
images/smdg/c96a1c5e7b60ea90.jpg,-1.7878629
images/smdg/5e0e2dabf8d50ebd.jpg,1.3939976
images/smdg/97642850bfd21c20.jpg,0.9945086
images/smdg/4dbbadb84c21864d.jpg,-2.3437264
images/smdg/c745751d49a1c9ee.jpg,-3.36566
images/smdg/7a7f5d4bf32d7078.jpg,-1.1794672
images/smdg/d90c6a732f32c62a.jpg,0.3042606
images/smdg/bc242e2adf729bfd.jpg,-1.3147681
images/smdg/21bf282587e8a054.jpg,-4.132874
images/smdg/c0f84c400bb29ea3.jpg,-3.3644383
images/smdg/78c3fa448225d252.jpg,-2.2136178
images/smdg/447768392b5f0484.jpg,-2.2692041
images/smdg/dad62aaa1ba06f1a.jpg,-3.6112175
images/smdg/08e04e4711152bca.jpg,-5.823676
images/smdg/a30e8f915dd4cb9d.jpg,1.5674757
images/smdg/16a4ad617538d052.jpg,-1.011792
images/smdg/2917a01666ccfb83.jpg,1.254726
images/smdg/59f2d92ca20ceb11.jpg,-0.6584216
images/smdg/3fcf88fc119465bf.jpg,-1.1877136
images/smdg/8e4121d81a4cd5f7.jpg,-2.800023
images/smdg/f18889ff6f878622.jpg,1.789821
images/smdg/db67e2889380390e.jpg,-1.857804
images/smdg/6a37d630708b73fc.jpg,-1.4661798
images/smdg/359f1ff098bc8c65.jpg,0.41665506
images/smdg/246d543bb5740eb6.jpg,-2.9808314
images/smdg/cb35b03b3207c32c.jpg,-0.6046678
images/smdg/3046104746d8f757.jpg,-4.377209
images/smdg/be01118b54dd432c.jpg,-2.8391168
images/smdg/8e5b5058f60d9619.jpg,-1.013319
images/smdg/eaa51bccd2b8a46d.jpg,-3.3583298
images/smdg/5b90622398ea3604.jpg,0.5779165
images/smdg/1b1c861f48f35338.jpg,-5.117546
images/smdg/7745ad661f2b2375.jpg,-0.22106087
images/smdg/e194ec5c4d78971f.jpg,-0.6969044
images/smdg/8da1315de2b21192.jpg,-2.1720805
images/smdg/12fd06e192478d6d.jpg,-3.6515326
images/smdg/e3c45f9ee67749e4.jpg,-4.7632594
images/smdg/d92350085c38f2d6.jpg,-2.4787216
images/smdg/4ca0f9e0e63a2aa8.jpg,-2.5489683
images/smdg/f233f242efc1f945.jpg,-1.840395
images/smdg/2b87a82601bcceeb.jpg,-2.9906049
images/smdg/37bd0345756170fd.jpg,0.1173439
images/smdg/08653fa695972957.jpg,-0.7341656
images/smdg/1cdffb25a0d5aaa5.jpg,-2.6399832
images/smdg/1d86cb16d1b7fcd9.jpg,-1.636833
images/smdg/d07dd289585487ef.jpg,-0.3597213
images/smdg/b8ef5e8a8b9f0e90.jpg,-1.0450827
images/smdg/89d6c9b0710c76c8.jpg,-0.36216462
images/smdg/8255b91f99bfc3cd.jpg,-1.5567367
images/smdg/ef379513edc82846.jpg,-4.853664
images/smdg/6648771494a276b2.jpg,-1.5528426
images/smdg/5ee246333cf56615.jpg,-3.964282
images/smdg/0688f6b73345f5cc.jpg,-5.7186117
images/smdg/684e9d839fff5d03.jpg,-0.24549448
images/smdg/39bfb6ccd199f11c.jpg,0.42398512
images/smdg/68af0768536689bc.jpg,-0.1159966
images/smdg/587a063e7b4fdb84.jpg,-5.8285627
images/smdg/72dd802354b79ea5.jpg,-2.2209477
images/smdg/6a2f8de6d32e9da6.jpg,-4.4260764
images/smdg/1255abf72c4ba645.jpg,0.38366973
images/smdg/8d8ba4c500db374f.jpg,-6.331894
images/smdg/0cc4e533710b8ff9.jpg,-0.5930618
images/smdg/21cff122706f7e48.jpg,-3.2276103
images/smdg/89b77cb2f4a95952.jpg,0.8063704
images/smdg/a6cc42e359cd0adf.jpg,-2.4939928
images/smdg/9093e310ead325f2.jpg,-5.9702773
images/smdg/b04ab3e3d62dafef.jpg,-0.047582626
images/smdg/31a3184e49df49dc.jpg,-1.5844535
images/smdg/73021131a3b76f60.jpg,-1.9906614
images/smdg/2717cf7095a1e228.jpg,-0.8120476
images/smdg/7312f5440d56b7d4.jpg,-1.005989
images/smdg/7beff7e1c7cadaea.jpg,-1.1295311
images/smdg/4c480a2be1a2a9c8.jpg,-1.1189942
images/smdg/c69eda72efab11f7.jpg,-0.17402625
images/smdg/8d15e2a202a04361.jpg,-2.8244567
images/smdg/3349186222187151.jpg,-2.807353
images/smdg/f51971520a100019.jpg,-1.2289453
images/smdg/80d05ae625296855.jpg,-2.2508788
images/smdg/3680ffe1cef8c02a.jpg,-0.8862645
images/smdg/445c236e1d0cff63.jpg,-3.4792762
images/smdg/aa4c0f6e7315baeb.jpg,-0.56068736
images/smdg/353ca16b85239b8b.jpg,-1.0783734
images/smdg/9e2a1af88db774f0.jpg,0.20530474
images/smdg/5f0098ae9a6f8cf4.jpg,-2.9796097
images/smdg/28af939860e43526.jpg,-4.3698792
images/smdg/bddfd5d85859c731.jpg,-2.5483575
images/smdg/cf4f46481f8dbf81.jpg,-1.0093486
images/smdg/9f1985bb2972017e.jpg,-0.53442127
images/smdg/e6066a69e0ec3789.jpg,-4.77059
images/smdg/30dbec8eeffad936.jpg,-5.444956
images/smdg/b0ecba9316506589.jpg,-1.8917055
images/smdg/9419f5c1401f2482.jpg,-1.1528957
images/smdg/d693a3dc2694b2b5.jpg,-3.5550199
images/smdg/165dd2a395adb1dc.jpg,-4.77792
images/smdg/a82c352804ac0c32.jpg,-1.2084821
images/smdg/c337f71524b26f65.jpg,-1.9555383
images/smdg/5d73daf089faa6b3.jpg,-1.1535065
images/smdg/8da94e0f513c78be.jpg,-5.747932
images/smdg/68631b0b464d1b25.jpg,1.3402437
images/smdg/caff94ddb7df5ec7.jpg,-0.95131886
images/smdg/a916925bf37f88bd.jpg,-3.3229012
images/smdg/553de42b4e67e3d1.jpg,-1.550781
images/smdg/6c422000858f5516.jpg,1.2767164
images/smdg/7e7299fafcf0b084.jpg,-1.0673783
images/smdg/4cd3170cf0961449.jpg,-6.1486425
images/smdg/bb4723ad8703847e.jpg,-4.4456234
images/smdg/df83fcc80ece7ab0.jpg,-0.5838992
images/smdg/be6343a0a07925ed.jpg,-1.3943633
images/smdg/8144e02fbaa70328.jpg,-1.5476505
images/smdg/28d0b1abbf0a9599.jpg,-2.4072537
images/smdg/02166db3c9e8e81a.jpg,-1.8232915
images/smdg/dcfd1d96a5083e60.jpg,-4.010706
images/smdg/cdaae6f02eb2141e.jpg,-5.4327393
images/smdg/7b340c483a4c3148.jpg,-0.2986374
images/smdg/f55c04fe27d96d55.jpg,0.30914736
images/smdg/523fe3d9dd2613f1.jpg,0.5107243
images/smdg/eb4772ac24fa3cb4.jpg,-0.45379055
images/smdg/27303a5d53664876.jpg,-0.76715094
images/smdg/b17eb47de0f898c6.jpg,0.41298997
images/smdg/703aecdf1fae86f1.jpg,-0.6822443
images/smdg/13f0face096318a5.jpg,-4.689959
images/smdg/286e8806f47cd05f.jpg,-0.69507194
images/smdg/3ba1ec808e2136df.jpg,1.0384892
images/smdg/7e8280ca8b37df1f.jpg,0.60112846
images/smdg/4e3dbc2285aed2b7.jpg,-1.550781
images/smdg/10ee876ccc99e62b.jpg,-5.7381587
images/smdg/02aba6c26ab3b2b3.jpg,-0.75310165
images/smdg/396a909e87f5c1d8.jpg,-0.19051898
images/smdg/4e975a564f69c903.jpg,-5.493823
images/smdg/8020d7e9c1cc1301.jpg,-4.0986667
images/smdg/f884626960070c86.jpg,0.9749619
images/smdg/8fe7319bffb2b0f2.jpg,0.6854242
images/smdg/01feb5eb300b87ee.jpg,1.6676532
images/smdg/b7eba72f8d6410d7.jpg,-1.7021928
images/smdg/19bfe1aaa1d41f98.jpg,-4.477387
images/smdg/89167144f5f29736.jpg,-1.9921885
images/smdg/34c30203ef5100a3.jpg,0.5143893
images/smdg/213849513bcc6aea.jpg,-0.27603638
images/smdg/ee785d46fe1d4fac.jpg,-0.9925505
images/smdg/f13e10a81b15edce.jpg,1.2718297
images/smdg/196c4816d4600342.jpg,-1.5372663
images/smdg/9209dfe504c2a9a1.jpg,-1.2549058
images/smdg/020e064c8462dcaf.jpg,-4.5164804
images/smdg/bde808c540f8fce9.jpg,0.12223065
images/smdg/4bd99f802591fe89.jpg,-1.0916591
images/smdg/e295e243bd950800.jpg,-3.430409
images/smdg/18c9337bfbad92e3.jpg,-3.7932472
images/smdg/76e59a3aa1d61a61.jpg,0.6585473
images/smdg/32fea4349bc8737d.jpg,-0.77570266
images/smdg/a2e31e07fa0086a0.jpg,-3.73705
images/smdg/66421a53d201cbec.jpg,-3.771257
images/smdg/30683bb6b430f9b2.jpg,-0.8352595
images/smdg/413e2900ef82b5b5.jpg,-2.0438044
images/smdg/c07eeeb48d9d572b.jpg,0.44475365
images/smdg/f810de7e406cab23.jpg,-1.8376462
images/smdg/656582b952ed4764.jpg,-3.6124392
images/smdg/3c2e40c835ac2444.jpg,-0.73783064
images/smdg/182dc845b00ee229.jpg,-2.3559432
images/smdg/bec432a5d5aad177.jpg,0.23340333
images/smdg/a604c996e709c14b.jpg,-0.9879692
images/smdg/1afb78f91a860ebd.jpg,1.3768939
images/smdg/42c8611be1d94a6f.jpg,-3.6796312
images/smdg/6a2ef50b2edd5594.jpg,-0.2540462
images/smdg/b6f92b7cb0087400.jpg,0.3482411
images/smdg/d997ffe4ac993796.jpg,-0.026814103
images/smdg/e15ec5ef5755d04a.jpg,-0.5069335
images/smdg/de1ca8ab24e9b671.jpg,-1.9179716
images/smdg/c6db6a190d9051c2.jpg,-1.8458925
images/smdg/e86fc6196bf1a6ae.jpg,-0.8377028
images/smdg/2be3e5a56f551464.jpg,-0.11355317
images/smdg/419a063398f00fc8.jpg,-2.2258344
images/smdg/ed583103d96a0878.jpg,-0.80777174
images/smdg/8e61a7510b986768.jpg,1.4306477
images/smdg/fc2521e51eff0c5a.jpg,-0.04636097
images/smdg/2da80365696b6a98.jpg,-5.5891137
images/smdg/36d2b6f73aa89022.jpg,-0.75921
images/smdg/e483c39ac88d9668.jpg,-3.5660152
images/smdg/0f2902aceb20ebf1.jpg,-2.424968
images/smdg/7dbc7484a3ea44f5.jpg,-0.69201773
images/smdg/250d0a3e142586a9.jpg,-0.7888357
images/smdg/280965f2add5a614.jpg,-3.6832962
images/smdg/1b79c80c66854a2a.jpg,-0.5038793
images/smdg/fb6e4719a45d7e6f.jpg,-0.47333735
images/smdg/59f97dac1d003efc.jpg,-2.5905054
images/smdg/1dd837c65430497a.jpg,0.37633967
images/smdg/a0bc1ed5acd1e828.jpg,-0.8294565
images/smdg/b61d15830a4e5695.jpg,0.0135012865
images/smdg/c193dda6f674e516.jpg,-4.648422
images/smdg/74e9f03b0a5aaa5c.jpg,-1.616828
images/smdg/5ebe572ef0c614ae.jpg,-1.5296307
images/smdg/999da110025cc4fc.jpg,1.2889332
images/smdg/efc60126906ed95c.jpg,-5.425409
images/smdg/7224d68be7443aaf.jpg,-4.286805
images/smdg/10fc883be1a5baa2.jpg,0.09901881
images/smdg/fced8a4308dfa348.jpg,-5.3252316
images/smdg/0e2f0ec41d114f83.jpg,-0.85053045
images/smdg/38eaa06c5b5e17fd.jpg,-0.5863426
images/smdg/ef5394e9f0c8415d.jpg,-1.2759035
images/smdg/eb5fab3645aa8c2c.jpg,-1.9836369
images/smdg/5f542733b33a6bd1.jpg,-0.8386191
images/smdg/8266893b2c929ad2.jpg,-2.5025444
images/smdg/202505c5271641a2.jpg,-0.3719381
images/smdg/cbea1cf40c01bb3b.jpg,-0.41347516
images/smdg/54904cf4f47633d0.jpg,0.54615295
images/smdg/522b9a3a187e9933.jpg,-0.12821329
images/smdg/66db313688369d1c.jpg,0.7587248
images/smdg/e0db2eb7425e80c1.jpg,-2.2661498
images/smdg/a0244effd596e066.jpg,0.9798485
images/smdg/8b486a09cb0ec6df.jpg,-1.9518732
images/smdg/2dc0e45739043e78.jpg,1.4892882
images/smdg/bb12ad481a7312e2.jpg,-2.9906049
images/smdg/2625a49baffc7326.jpg,-2.7719245
images/smdg/6cadb7a6e0c20c1e.jpg,1.3817807
images/smdg/f3ebf7ddf34bda54.jpg,-3.0028217
images/smdg/dd00e86e07c01daf.jpg,-0.9476539
images/smdg/bcc233cb8f2b7508.jpg,-1.573153
images/smdg/b801ea8abee89651.jpg,-3.3387833
images/smdg/04a3ee2f1a2fa8d5.jpg,1.2254058
images/smdg/47fe421c70bda60b.jpg,-4.2061744
images/smdg/0e606ffea4a3b3cd.jpg,1.9339792
images/smdg/95b9603284eb6edd.jpg,-3.5037098
images/smdg/f78d0a388b9f1a6c.jpg,0.13811243
images/smdg/d043d2f8fd115617.jpg,-3.5501332
images/smdg/5b4697f53da22856.jpg,-3.4157486
images/smdg/18fa45c0068b016f.jpg,0.21019149
images/smdg/a6b5609b20970caf.jpg,-4.518924
images/smdg/94d13c70a9cc6de6.jpg,-0.8169343
images/smdg/5a90e96b795a1dac.jpg,-3.9545088
images/smdg/37cf219a208c7c30.jpg,-2.1653614
images/smdg/3c4b6be87486d392.jpg,-5.374099
images/smdg/ef633c1cb6079e81.jpg,-2.929521
images/smdg/9523c0e23421e151.jpg,-1.1506051
images/smdg/96cd183f821d3e7a.jpg,-3.3338964
images/smdg/ea187a5033ed06eb.jpg,-0.9586489
images/smdg/97e99375b63ca2dd.jpg,0.6634339
images/smdg/749d9f2e9ed240f2.jpg,1.342687
images/smdg/d07e2b2c2b09fb9c.jpg,-1.2557458
images/smdg/9e3eebe35fdbee9f.jpg,0.7941536
images/smdg/2409f867bc6753ab.jpg,0.9309815
images/smdg/5eec36619bb7e121.jpg,-3.054132
images/smdg/7db33f5eeecd114c.jpg,-2.5459142
images/smdg/b0dd50f1ddc4962a.jpg,-4.291692
images/smdg/4744a52da0987978.jpg,-4.9391813
images/smdg/fb95131addc0e1ce.jpg,-1.3366437
images/smdg/207c4ee37082a391.jpg,-1.0362256
images/smdg/dbed5477374ffcdd.jpg,-0.22106087
images/smdg/b685c5d3a3435865.jpg,-0.45928806
images/smdg/bf392740659f54f2.jpg,-2.8207917
images/smdg/b75bcad32f4d30f2.jpg,-1.9879127
images/smdg/db5994f5efc92da9.jpg,-0.48860836
images/smdg/03b37893d2f2a45b.jpg,-5.9458437
images/smdg/aa888d787bfac2ea.jpg,-0.7457716
images/smdg/05c2e468cbad12c7.jpg,-0.2112875
images/smdg/177dabfc2209028b.jpg,-0.8386191
images/smdg/c91f22f59ed59bd6.jpg,-1.2701769
images/smdg/74f33c34bdef95ba.jpg,-1.2797213
images/smdg/d95a80f2f75efb61.jpg,-1.6043057
images/smdg/5fa445b01314cf32.jpg,-2.102445
images/smdg/bab46fbf9a224042.jpg,-5.547577
images/smdg/3c7c712db8feba6d.jpg,-0.34445035
images/smdg/f883e7a05aee87f9.jpg,-0.2723713
images/smdg/89751cee52a2273e.jpg,1.0897995
images/smdg/622e212977f3cc7d.jpg,-0.5875643
images/smdg/dc9fd5373331c0aa.jpg,2.0121665
images/smdg/dcc27d3d455cf308.jpg,-4.689959
images/smdg/eeda9f8152204af0.jpg,-0.53686464
images/smdg/6c8803e96c4f6653.jpg,-1.3604283
images/smdg/52e574353b5abb19.jpg,1.1545485
images/smdg/fb0a012a50e14ea4.jpg,-1.2393295
images/smdg/084798e9a194f67e.jpg,-6.114435
images/smdg/432f300971cfcb42.jpg,0.4643005
images/smdg/87d965e4a979a3bd.jpg,-0.8777128
images/smdg/c36973ceeef8f61d.jpg,-4.09378
images/smdg/9e570a4014b0bf50.jpg,1.3597904
images/smdg/9ee72b7c5074514a.jpg,-0.5130419
images/smdg/cc61185f4e1555be.jpg,-3.18363
images/smdg/22f7202db11da9da.jpg,-3.4487343
images/smdg/697ee8d1aaeb85f7.jpg,-1.2972828
images/smdg/87ecf2f5f5123152.jpg,-2.9808314
images/smdg/b1fa4696a11b22f2.jpg,-1.1762604
images/smdg/4649fbe776db8e0b.jpg,-0.42080522
images/smdg/fccdbb2f9acedf3b.jpg,-2.037085
images/smdg/89683f86247c3def.jpg,-4.9660583
images/smdg/c1da305176cddb36.jpg,-1.2700241
images/smdg/b74d1211a59de6b2.jpg,-3.6332073
images/smdg/4f7b4d435ee7fcf2.jpg,-0.84442204
images/smdg/bed716e2785e247f.jpg,0.73429143
images/smdg/4ff9006f642330bf.jpg,-6.077785
images/smdg/d0af345b39300fea.jpg,0.8637892
images/smdg/ae0fd945dfd96613.jpg,-1.6632518
images/smdg/254d4e241d7dadf6.jpg,-1.2627704
images/smdg/0fa261cb7dfa76a6.jpg,0.86501086
images/smdg/ea4ebc086b85f2ee.jpg,-0.3194059
images/smdg/8420bcbae62df11b.jpg,-3.214172
images/smdg/4a58a731ae5bf9de.jpg,0.8845576
images/smdg/561e6dc58546825a.jpg,0.56081307
images/smdg/a1814d2eb6d0b87c.jpg,-2.8708804
images/smdg/a23a96a4768ff2cc.jpg,-4.401643
images/smdg/2cfc3883e6e2fc84.jpg,-1.3637497
images/smdg/0261333fd3910e42.jpg,0.0012844801
images/smdg/7332b96ac81f22b0.jpg,-1.4428152
images/smdg/2036d8554b056437.jpg,-0.91955525
images/smdg/ec28944c59ecb022.jpg,-3.1213245
images/smdg/8f64abe45a593fde.jpg,-0.7494366
images/smdg/25b15b92ea2e41f2.jpg,-1.1710682
images/smdg/71788f524ec91d15.jpg,-1.7012764
images/smdg/a96b783eeccfd53b.jpg,-0.056134343
images/smdg/10a892caad41e9d7.jpg,0.15032923
images/smdg/5f87bc229dee184c.jpg,-2.2404945
images/smdg/8470fbf02dd7a96d.jpg,-3.847001
images/smdg/da88369fc2b508fe.jpg,-3.0602405
images/smdg/faf978079b4448c3.jpg,-1.9955481
images/smdg/ce21f875e504f0a5.jpg,-1.6623355
images/smdg/01e7422bdff733b3.jpg,-1.0188166
images/smdg/364b99ac346578eb.jpg,-3.2850294
images/smdg/60056f8f8a90f988.jpg,-2.850112
images/smdg/e76d2c1901c8fa3e.jpg,-0.46478564
images/smdg/3f258ab3f08bf752.jpg,-1.9253017
images/smdg/06cfc674ca493d75.jpg,-1.4054455
images/smdg/6200e7c466fc8893.jpg,-5.664858
images/smdg/19719e33d22ab562.jpg,1.4746281
images/smdg/8e87ff6a8a2e8969.jpg,1.3573471
images/smdg/f121068812e671d0.jpg,-0.9015355
images/smdg/c58c3772a8beef96.jpg,-1.5315396
images/smdg/486c23d875e01c07.jpg,-5.6501975
images/smdg/7e4e8216faf195d3.jpg,-0.15142524
images/smdg/18bd8c0e51c69cbe.jpg,-0.99988055
images/smdg/8bd8ea3d7878d240.jpg,-4.4114165
images/smdg/82f0f251f694d363.jpg,0.87722766
images/smdg/79aaaaf5d23b5338.jpg,-1.2726965
images/smdg/44422f9ab5f52431.jpg,-1.5459707
images/smdg/9dcefc2939606860.jpg,-2.4225245
images/smdg/8aab0488aee653a8.jpg,-5.0931125
images/smdg/297eb8f852f93920.jpg,-0.6596433
images/smdg/bcb5458109dc2609.jpg,-1.9640899
images/smdg/6c9ce578cd80e3bf.jpg,-0.49471676
images/smdg/02d491598a27b8af.jpg,-1.5740693
images/smdg/699dbb7923a1101f.jpg,-1.7722865
images/smdg/26cb2a2caeb1be11.jpg,-0.42202687
images/smdg/3e4672e40f492752.jpg,-1.8590256
images/smdg/ac3ab32c0daf0029.jpg,-4.963615
images/smdg/0abc153f15cd933f.jpg,-5.2299404
images/smdg/7a7d1c82dff4f208.jpg,0.40688157
images/smdg/4cd4ff33ee36c2da.jpg,-4.6728554
images/smdg/aed4e9cb5fb6174e.jpg,-1.0753192
images/smdg/bfc9f0864012fb76.jpg,0.41176832
images/smdg/ab9f2ae8033ea26c.jpg,-1.6149955
images/smdg/9ca51159732053cb.jpg,-1.7582371
images/smdg/99c3739b8aec5fa3.jpg,-3.1714132
images/smdg/cdd20712ffe9d672.jpg,1.8533484
images/smdg/9d32263fe0b9f4f9.jpg,-2.3205144
images/smdg/c08a214dabca239d.jpg,-0.61444116
images/smdg/90db839678d87a86.jpg,-5.611104
images/smdg/44c5317ceb73b2ea.jpg,-2.1787999
images/smdg/7f84ae2bd996dd9d.jpg,0.00861454
images/smdg/8a99a6fe38d499d8.jpg,-1.0931863
images/smdg/20f53f8ff767b463.jpg,0.1637677
images/smdg/9551b26a8acd9c92.jpg,0.86256754
images/smdg/851b47fba5368084.jpg,0.2773838
images/smdg/034fc2d886a717f9.jpg,-2.8672154
images/smdg/63b091ed29d98de0.jpg,-4.4285197
images/smdg/414a599ef7d827f7.jpg,-0.00971055
images/smdg/593b7a6ef63c8268.jpg,-4.553131
images/smdg/290e41973a4e3910.jpg,-0.8926783
images/smdg/7d608d8032607667.jpg,-0.48494333
images/smdg/48d732cd704277f7.jpg,-0.6052786
images/smdg/86f9c69d3c7782f0.jpg,-2.6766336
images/smdg/bf56437d1cb53d91.jpg,-1.0957823
images/smdg/3926a90d285713f1.jpg,-1.4990124
images/smdg/6b9f9bf77533279b.jpg,-3.5965571
images/smdg/4502c962c3f8ddfd.jpg,-0.5851209
images/smdg/37e7c689327bbcd0.jpg,-1.5300888
images/smdg/9433869af9b3817b.jpg,-0.73905236
images/smdg/9e9684de42830ab7.jpg,0.52171934
images/smdg/8184cb563b3fcde5.jpg,-1.8642178
images/smdg/93cde2589c498be2.jpg,-1.9243854
images/smdg/972e2e391196202f.jpg,-2.6949587
images/smdg/96a8b4ce4da86de6.jpg,-5.080896
images/smdg/733a0a8097d4c28e.jpg,0.07702851
images/smdg/724b017f7102ff2c.jpg,-0.6046678
images/smdg/32ad88cc2088c4ca.jpg,-1.2975119
images/smdg/b1ef71f1a4c4a799.jpg,1.2083024
images/smdg/d8ee0be821b1570b.jpg,-3.4157486
images/smdg/0bdaa70e10b3df17.jpg,-0.051247597
images/smdg/d47b9f2700542783.jpg,-3.1848516
images/smdg/8ce45130471ffb35.jpg,-2.5508008
images/smdg/d4da974997cf7a0b.jpg,-1.0444719
images/smdg/762e0c5f69228fae.jpg,1.946196
images/smdg/9504c47bdbfbe84f.jpg,1.3768939
images/smdg/391d97a46b89d89e.jpg,0.6988627
images/smdg/fe7f9b3af576604e.jpg,-3.2874727
images/smdg/fc83b961d8a97e21.jpg,1.2009722
images/smdg/2a25fec196d7d10e.jpg,-1.4298348
images/smdg/97366ae6ab96e0d2.jpg,1.6163429
images/smdg/67eef7efa7af29a6.jpg,-4.2012877
images/smdg/7f038effc0b838ee.jpg,1.0726961
images/smdg/1796b5f176472b90.jpg,-1.0362256
images/smdg/8144e2b06fa26a75.jpg,-0.8001362
images/smdg/a5aa7af34f2a70bf.jpg,-1.1289203
images/smdg/e1281eb685156388.jpg,-0.5270912
images/smdg/62ea6a28e00cfdf7.jpg,-2.363884
images/smdg/5e2fb4e5538f6ebd.jpg,1.7311805
images/smdg/bec53af423c8209b.jpg,0.25661528
images/smdg/97e5645af2d37798.jpg,-2.6595302
images/smdg/b7ccc8239b63cb94.jpg,-1.0704324
images/smdg/339d679d61bc6719.jpg,-2.360219
images/smdg/a1211db8b848a6b0.jpg,-4.347889
images/smdg/47f7bb9f41628c8b.jpg,-2.1415386
images/smdg/52ca3a12217ff38f.jpg,-5.2152805
images/smdg/9acd1ac5a033e906.jpg,-0.9730036
images/smdg/2ee756bf24c17fcc.jpg,-0.5124311
images/smdg/2d55f26341f39ad0.jpg,-2.6124954
images/smdg/e11b61bd11c5119d.jpg,-1.8706316
images/smdg/a54f16c445f1a3ca.jpg,-5.8554397
images/smdg/78abe42be039c748.jpg,-2.4542882
images/smdg/cb05098168bd4cc9.jpg,-0.31879508
images/smdg/1b981cae969f323a.jpg,-2.4451256
images/smdg/770a3476a6e42b19.jpg,-1.2158122
images/smdg/5dc406783c81e71b.jpg,-0.7983037
images/smdg/60a294b397a5583f.jpg,-2.9906049
images/smdg/77199c3198ba69cc.jpg,-1.4710665
images/smdg/1f26d2a261e5b8d8.jpg,-4.211061
images/smdg/07ac15b5be845a9c.jpg,-0.52525866
images/smdg/2d7718a8f736b487.jpg,-2.5960028
images/smdg/a074d501ecc8b3f8.jpg,0.5351578
images/smdg/f562231fa259e1b9.jpg,-4.4480667
images/smdg/c0489a2e2165313a.jpg,-5.5988874
images/smdg/564386ded0ed8f3e.jpg,-0.9357425
images/smdg/02f1c75416b1b439.jpg,-1.3502731
images/smdg/996b60edee47d768.jpg,-0.36094296
images/smdg/9547078e4fe56b29.jpg,-0.87985075
images/smdg/45cd835c73f94d9b.jpg,-4.9856052
images/smdg/eb34a990a08e3864.jpg,-3.5696802
images/smdg/c1df2aa31c4cafd2.jpg,-2.7755895
images/smdg/91e50bb4fa3f816b.jpg,1.0861346
images/smdg/6fcc3d71274fcec0.jpg,-2.5624068
images/smdg/be7920ea15174dc4.jpg,-1.7502964
images/smdg/944e7f2e9a9c17cb.jpg,-1.3960574
images/smdg/3bbf6486e84c1741.jpg,-1.3778372
images/smdg/6811f2a86d2e7f48.jpg,0.2896005
images/smdg/45cd59b2138d0be7.jpg,-3.4682808
images/smdg/f74f8d68b557f8cf.jpg,-2.5562983
images/smdg/61fc959732a3193e.jpg,0.15032923
images/smdg/2b00e80b3fbee430.jpg,-3.019925
images/smdg/98b01e04255c4dac.jpg,-2.626545
images/smdg/ce57e21db8876b46.jpg,-3.19829
images/smdg/1fe6bfe5f244d257.jpg,-4.970945
images/smdg/32860ad874450cf5.jpg,0.48506904
images/smdg/59cb7b45b31453e4.jpg,1.8142546
images/smdg/74cf49da61c0b268.jpg,-0.1159966
images/smdg/5f11fd8ca0470f6f.jpg,-1.7496854
images/smdg/c6df5e794a9bf031.jpg,-3.0077083
images/smdg/f9a6e239e454f3aa.jpg,-1.4445332
images/smdg/9fc072594769660c.jpg,-2.029755
images/smdg/47308a2e8bbc3fab.jpg,-3.0871174
images/smdg/3ac0d8e5e1b90a75.jpg,-1.1452603
images/smdg/155416bb079ec523.jpg,-3.877543
images/smdg/8d58426169ac642b.jpg,0.042821527
images/smdg/5dec06e90c0eca9d.jpg,-1.8000797
images/smdg/1ea31e6eab82e75b.jpg,-2.1146617
images/smdg/2e3d5307a339be44.jpg,-0.5533573
images/smdg/0ce7c4275983e04c.jpg,1.2498394
images/smdg/ff54d8fcd2aa2a0e.jpg,-3.6845179
images/smdg/e707e41f44506593.jpg,-0.9210824
images/smdg/334c4d9c7f76b233.jpg,-0.7857815
images/smdg/a276eef4b58792e8.jpg,-5.7234983
images/smdg/c78f416ae1ebaa08.jpg,-5.5402465
images/smdg/8eb2412f1aedd653.jpg,1.4624113
images/smdg/75ff3451326af7c6.jpg,-1.855666
images/smdg/8b36d92fdbff17de.jpg,-0.1648637
images/smdg/268fe99cdb10e35b.jpg,-1.5893402
images/smdg/ae68c0f9163866cf.jpg,-1.9729471
images/smdg/f9986ddadabb3c93.jpg,-5.5940003
images/smdg/0b6792ef970ee2c9.jpg,-2.6002789
images/smdg/bebf79393df3d23b.jpg,-3.6979566
images/smdg/1247cb0fbfa42af6.jpg,-1.7426608
images/smdg/169c75d78b4c0edf.jpg,0.7000843
images/smdg/4e1be4c5554b9fc2.jpg,-2.4842193
images/smdg/7a3520e9622b026b.jpg,-0.6932394
images/smdg/48126e1fb79322b8.jpg,-4.4822736
images/smdg/f2bb389debd68c7d.jpg,-0.1587553
images/smdg/bd4477f40a4248bf.jpg,-4.3991995
images/smdg/5ed39552b68b4118.jpg,-0.8743532
images/smdg/5c6c7ea06ec53ad0.jpg,-1.1130385
images/smdg/55f5adc0db9cfbc1.jpg,-5.2299404
images/smdg/c29738fecb6b4d61.jpg,-0.9436834
images/smdg/1b54c1957dbf9044.jpg,-2.041972
images/smdg/3e3e6152d9416575.jpg,0.64144385
images/smdg/8b32b8beea594cd9.jpg,-4.553131
images/smdg/36ca070af52c51b0.jpg,-4.641092
images/smdg/50f5a898b8a5aba6.jpg,-1.4635074
images/smdg/c1117aec3a217384.jpg,0.519276
images/smdg/927cc8c42d02c808.jpg,-0.102558136
images/smdg/73c6ffad21d1a43d.jpg,-5.0589056
images/smdg/5fd11982e2b27378.jpg,-0.9174173
images/smdg/265abfcf2f1d0c33.jpg,1.0323807
images/smdg/1df5b4ca4b8fc227.jpg,-1.6417197
images/smdg/ae86b11db8ca02dd.jpg,-1.6285866
images/smdg/6844fad5592f94c4.jpg,-4.3649926
images/smdg/cb724a5344be5c34.jpg,-2.0263956
images/smdg/346f42137816e7a6.jpg,0.079471946
images/smdg/6dac69d4b541be40.jpg,-4.6581955
images/smdg/71723ef31ca65934.jpg,-1.6087344
images/smdg/4715e19cfb9c3854.jpg,-0.8984813
images/smdg/299c9295a31b0339.jpg,-2.0584645
images/smdg/472c3cb3bbee041e.jpg,-0.59672683
images/smdg/7fdf5bce6537dedd.jpg,0.16132438
images/smdg/bff0eb833054fa0c.jpg,-1.5865915
images/smdg/96ae8485297db3e4.jpg,1.8826686
images/smdg/d01a43bc6a6fb141.jpg,0.3665663
images/smdg/98ba82f4ae64406f.jpg,-2.868437
images/smdg/5bb5b11ca46819d8.jpg,1.4990617
images/smdg/cf7cb026b9bffd17.jpg,-1.4742734
images/smdg/966e993e0bc07577.jpg,-6.0460215
images/smdg/65a71551c8ea2eaf.jpg,-3.6356506
images/smdg/ae634eee1e168463.jpg,-1.4820616
images/smdg/4b3e5369af02aa65.jpg,-1.0597428
images/smdg/33f61470ac460d5a.jpg,-0.6932394
images/smdg/8ce5289e7725c14a.jpg,0.8491291
images/smdg/39d5d8f4476f9079.jpg,-2.7829196
images/smdg/6b89a631c9ec0c3b.jpg,-0.9888855
images/smdg/2e8eebf424a0ffb3.jpg,-5.0931125
images/smdg/aa71711789cd5a06.jpg,-3.0785656
images/smdg/b61c7db06ca0ef9a.jpg,0.14422083
images/smdg/2039cd79e76288af.jpg,-2.7841413
images/smdg/7c061288b48b4ad2.jpg,-0.467229
images/smdg/97d9d949c246f8f7.jpg,-0.357278
images/smdg/9c9fb56b439b10d1.jpg,-3.9496222
images/smdg/a6b087525b38f069.jpg,-1.3127829
images/smdg/ff17514d360f67f9.jpg,-0.15020359
images/smdg/aeec9eaa475733eb.jpg,-0.7078996
images/smdg/db21190af87e8f50.jpg,0.15032923
images/smdg/35eb1ec8e9879572.jpg,-1.9613411
images/smdg/e3abd6ce4dcb5552.jpg,-0.87374234
images/smdg/f8a9b14559fc5008.jpg,0.72940457
images/smdg/ed13015ada440a32.jpg,-1.6463009
images/smdg/818584bdef16287b.jpg,-3.7248335
images/smdg/f30b16c81bc76846.jpg,-4.743713
images/smdg/7d058154ffb30447.jpg,-2.420692
images/smdg/ddc9c99fbdd4761b.jpg,-3.4328523
images/smdg/9bb2f31b60453cb0.jpg,-0.53136706
images/smdg/59174d7dde701a80.jpg,-4.0815635
images/smdg/97906a711ac0bdaf.jpg,-3.8298974
images/smdg/2c8792089d0a9285.jpg,-1.3124775
images/smdg/77ed13da737fda86.jpg,0.15643764
images/smdg/f0d47270bc6a36ee.jpg,-0.77570266
images/smdg/9c9aa2802e65260e.jpg,-0.76165336
images/smdg/d0c660c977682d5e.jpg,-0.77264845
images/smdg/fea784b8fff99336.jpg,-0.54847056
images/smdg/60f1dbe7d6e9b3e3.jpg,-2.0095973
images/smdg/244e8a114fe074a4.jpg,-2.2423272
images/smdg/cf07118fb4b82ba3.jpg,0.23096001
images/smdg/76a5db3eb1c9658f.jpg,0.12467396
images/smdg/b4ddedffd8eaf99f.jpg,0.05625999
images/smdg/e4f768c814396c79.jpg,-0.7353873
images/smdg/8a7d9196f2bed267.jpg,-2.6680818
images/smdg/14261a63f6d6f797.jpg,-5.054019
images/smdg/0ff9c4a445919d2a.jpg,1.721407
images/smdg/11809572b1a7dda6.jpg,-0.70973206
images/smdg/8f963cdf273e6528.jpg,-1.795193
images/smdg/b13027b659328b70.jpg,-2.0358634
images/smdg/c9dbe6c79f1171c2.jpg,-2.173913
images/smdg/9ebafc139e8ba641.jpg,-2.9686146
images/smdg/a73faaf9cc4b6843.jpg,-5.90675
images/smdg/2de77a726b76f631.jpg,-0.062242746
images/smdg/b68684a553aeac3d.jpg,-1.4897735
images/smdg/bc627b39b70dcddd.jpg,-5.2055073
images/smdg/00ca0b057b958c39.jpg,-3.1384277
images/smdg/1bc4d59692035b0b.jpg,-3.3106844
images/smdg/f499d2895eafeaa1.jpg,-1.2839208
images/smdg/0ad0c70b7f8fe742.jpg,0.65976894
images/smdg/42224d7a71e5846d.jpg,0.123452306
images/smdg/8e198de1966715b2.jpg,-2.463451
images/smdg/2055f541eff579db.jpg,-0.23449934
images/smdg/a3373f98290071c5.jpg,-0.4146968
images/smdg/39632a9898956ebc.jpg,-5.7063947
images/smdg/61ca5c9675747f1b.jpg,-0.50754434
images/smdg/9327091c82ce3ab6.jpg,-1.0753192
images/smdg/f7ce52c976ede517.jpg,-0.36888385
images/smdg/ee3697774972ced2.jpg,-1.861469
images/smdg/2d79a49da0cc7992.jpg,-3.3534431
images/smdg/be417a9c59787137.jpg,-2.7719245
images/smdg/99a8216412d48017.jpg,-1.893538
images/smdg/911efb68f54544ce.jpg,-0.9781958
images/smdg/399aa39e38d21e8a.jpg,-1.5694879
images/smdg/fd01693b4e4f5e9b.jpg,-5.2690344
images/smdg/077c843d9d392a25.jpg,-2.19346
images/smdg/ce307058c5b063c5.jpg,-3.5745668
images/smdg/3a4cbc12e64772bb.jpg,-0.109888196
images/smdg/4a5728857d65f369.jpg,6.2823296e-05
images/smdg/e6c823fe02567477.jpg,-1.555515
images/smdg/51feaeeb496a7982.jpg,-3.9740558
images/smdg/2be4eb4ae1c1ae4c.jpg,-2.9038658
images/smdg/bf3b5e81568efcd2.jpg,0.5681431
images/smdg/3f3250e34599feff.jpg,0.37633967
images/smdg/45f3af9c63305fca.jpg,-1.4903843
images/smdg/cac9c745bd779975.jpg,-3.7993555
images/smdg/514a3b18d0809596.jpg,0.17476285
images/smdg/cffd8499cd1e4559.jpg,-3.2459354
images/smdg/3a30b4359f961ec3.jpg,1.2473961
images/smdg/41112abd25253e87.jpg,-1.9042277
images/smdg/e93547ca3b21005b.jpg,-0.62299293
images/smdg/b93516b1a99042c1.jpg,-0.23083425
images/smdg/d3f1ca0c00a71360.jpg,-1.0795951
images/smdg/a74308b41000e9ce.jpg,-1.5416948
images/smdg/aa8cdac8d1a6fdca.jpg,-0.429357
images/smdg/ff2e60a638442730.jpg,-0.43057865
images/smdg/319fb9399345936e.jpg,-1.2829281
images/smdg/58d1427e7e893f62.jpg,1.4844016
images/smdg/d42c94cc2365f095.jpg,-3.3693252
images/smdg/9530f0be598564c8.jpg,-2.9307427
images/smdg/9af7cc99d23b02a2.jpg,-0.417751
images/smdg/be89bee3c75cb913.jpg,0.81614363
images/smdg/b8ea5ec0a31b375d.jpg,0.87478435
images/smdg/fa7e5cea02fe9ba6.jpg,-0.67552507
images/smdg/3c72241266ceadad.jpg,-0.3132975
images/smdg/4279ebbb0b7b0a74.jpg,-0.28642058
images/smdg/56a98a71f3419e16.jpg,-1.2203934
images/smdg/17be44b299f0dcf8.jpg,0.73917806
images/smdg/108be127c67228c0.jpg,-5.2788076
images/smdg/3663298e080f98f3.jpg,-0.53075624
images/smdg/f0d9b05181576214.jpg,-3.1286545
images/smdg/aae0acc50c011dec.jpg,-1.9228582
images/smdg/be6533aa6c1d9c74.jpg,0.0061712265
images/smdg/958d03d1c2cbd672.jpg,-5.046689
images/smdg/d66a244a4a57f6d1.jpg,-1.6577542
images/smdg/2678ffd4bc471c24.jpg,-6.2537065
images/smdg/ac4b68ec2fcf81c5.jpg,-0.54847056
images/smdg/f7041aedeb176d27.jpg,-2.6619735
images/smdg/95477687f92337f3.jpg,-1.3975511
images/smdg/2c45db5911b355fa.jpg,-3.506153
images/smdg/eac3fa052690f095.jpg,-4.2721453
images/smdg/b678a135fa829184.jpg,-1.6288921
images/smdg/dff334c03b3dc957.jpg,-1.3420268
images/smdg/86788f080ea659c7.jpg,-4.3087955
images/smdg/a6d2c11dc08afba3.jpg,-0.9232203
images/smdg/a759818fc355587d.jpg,-0.53381044
images/smdg/65a8b8933b76b930.jpg,0.7355131
images/smdg/bc4e5657d4c9d4c7.jpg,-0.27298224
images/smdg/42a461b36bd73e4c.jpg,-2.2068985
images/smdg/27aab4bfa87adc09.jpg,-1.0971568
images/smdg/52144bd76a599ece.jpg,-2.1226027
images/smdg/5ee9683025f4c304.jpg,-0.17158294
images/smdg/e6f89526defbfb0b.jpg,-1.2579601
images/smdg/e2af27e11aeb54f4.jpg,-1.3385526
images/smdg/9853e5708a49b077.jpg,-1.1072356
images/smdg/d87abbd7135be2ca.jpg,-3.3070195
images/smdg/5c8b7a0d9f523556.jpg,-1.0023239
images/smdg/e8b0e9d680befcaf.jpg,-4.8170133
images/smdg/ec7a4b3a07c20f01.jpg,-0.66880584
images/smdg/b5dfaf4cde3acb16.jpg,-1.4908425
images/smdg/54e2a9cef9a6bc47.jpg,-5.347222
images/smdg/9205108fa0768d8b.jpg,-1.449878
images/smdg/d26046eb7a05ea2a.jpg,1.2351793
images/smdg/6d1b9f8fdb5a708e.jpg,0.2529502
images/smdg/7213eee9b12e3c15.jpg,-2.208731
images/smdg/4a66089c21dabf14.jpg,-0.052469254
images/smdg/bb1cb057821d8c4b.jpg,-3.4878278
images/smdg/218369ccd0813911.jpg,-4.580008
images/smdg/ce0f080306b98f6c.jpg,-0.6914069
images/smdg/eb11acf80265e3bf.jpg,-3.203177
images/smdg/e71e6919e90aa034.jpg,-0.1159966
images/smdg/53e04f56efbfdc68.jpg,-2.7462692
images/smdg/c10d43aebe00174d.jpg,-0.27298224
images/smdg/90b84aa6aeda98b1.jpg,-4.404086
images/smdg/7bcf5a232864ff42.jpg,-0.7763135
images/smdg/e65727d8f86b4059.jpg,-3.653976
images/smdg/15acdc965d2daf90.jpg,-3.6857395
images/smdg/43baf1672374e4b8.jpg,-3.7113948
images/smdg/91a70cb7c1b43132.jpg,0.39588654
images/smdg/7eb489b092df6a37.jpg,-4.9318514
images/smdg/c22ac1741d767910.jpg,-2.2337754
images/smdg/df23b47ff26e32c6.jpg,-4.526254
images/smdg/9a1a88d1638b173b.jpg,-3.1726348
images/smdg/a652ddfe8f3763f1.jpg,-0.6969044
images/smdg/dddf8b382694d868.jpg,-3.3448915
images/smdg/269602fe837fa9b9.jpg,0.33724594
images/smdg/abec02386b272daf.jpg,-1.6345423
images/smdg/a869bf7375d2340e.jpg,-0.5851209
images/smdg/18f8cd180c60b382.jpg,-0.3658297
images/smdg/b44b35363f9c7027.jpg,0.65976894
images/smdg/757a4162f7780f5e.jpg,-1.0478314
images/smdg/69ee40896469193b.jpg,-2.9026442
images/smdg/2c72646de77d0d01.jpg,0.16010273
images/smdg/eb1e0ba7f69b5a5c.jpg,-0.51120937
images/smdg/1c402708d2024ed7.jpg,-1.0992947
images/smdg/c885b01ef1dd6674.jpg,0.4985075
images/smdg/5fcc291e0b2d7e23.jpg,-2.447569
images/smdg/fb0e77da8bda82cf.jpg,-0.5160961
images/smdg/03c5a0f1936437da.jpg,-3.5757885
images/smdg/b5e58fe32dd7490a.jpg,-0.60344607
images/smdg/9db701744400a9ec.jpg,-1.5853698
images/smdg/36307c0be85796fc.jpg,-2.4976578
images/smdg/8f1384781c404658.jpg,-1.2762852
images/smdg/63e6dfa411aa16f9.jpg,-2.81957
images/smdg/251638494be74410.jpg,-3.2642608
images/smdg/c908021843d994c0.jpg,-2.4915495
images/smdg/de8bf02ac9ffa9b1.jpg,1.3964409
images/smdg/b2691a562ee9b7fc.jpg,-1.2978936
images/smdg/389ec7b9c648e65b.jpg,0.3543495
images/smdg/78b15cf4c5b9c680.jpg,-0.68407685
images/smdg/050bd0489e2f9819.jpg,-3.2434921
images/smdg/a75a76d22a965f9a.jpg,-2.277145
images/smdg/3bd9bcf35ea6c517.jpg,-1.3558851
images/smdg/24fc08e1da29dea4.jpg,-0.8126584
images/smdg/afd7fe471b9d335a.jpg,-0.85999846
images/smdg/f672ed0e68b311cf.jpg,-2.1592531
images/smdg/5127d99c69c8f163.jpg,-0.649259
images/smdg/f50bdec3c7552ee6.jpg,-2.026701
images/smdg/c220d27c439b96a0.jpg,-0.7998308
images/smdg/74aa8a05a547dbad.jpg,-3.1078858
images/smdg/09f3070a21b92cb4.jpg,-2.8794322
images/smdg/bf24cf0923cb03ea.jpg,-0.4348545
images/smdg/6001c0799ff12ccd.jpg,-3.0150385
images/smdg/4b79391b2ec3db9b.jpg,0.37756133
images/smdg/872a301ea9128b9b.jpg,-0.51976115
images/smdg/af30cbec27b2d515.jpg,-2.4023669
images/smdg/720045c5eb7dc1ae.jpg,-4.8292303
images/smdg/f794bc5f05b7d851.jpg,-1.4110469
images/smdg/3dfe41d0fe458ace.jpg,1.3402437
images/smdg/d3ac9eb8e322a535.jpg,-1.687838
images/smdg/4d1e7e15536246ea.jpg,-0.6394856
images/smdg/780d512c4343cc0a.jpg,0.053816676
images/smdg/cc27db53e98eade1.jpg,1.1154548
images/smdg/549c3ba429c193ab.jpg,-2.6198256
images/smdg/7cf14da87e6d2f3e.jpg,-3.434074
images/smdg/3f5d80b0370419c7.jpg,0.31647742
images/smdg/9f2358e9ea86697d.jpg,-4.2135043
images/smdg/fd982dbcedcf8b9b.jpg,-4.882984
images/smdg/cbabd973c60ce515.jpg,-2.868437
images/smdg/032a2ee376fb3e5e.jpg,-5.1664133
images/smdg/9b8c3e58de052b51.jpg,1.2278491
images/smdg/0a57470ab845299f.jpg,-3.3290095
images/smdg/d5144b72b7784e8b.jpg,-4.250155
images/smdg/e98574e993067b5c.jpg,-3.043137
images/smdg/c32a39665c48cf7e.jpg,-1.7170055
images/smdg/7d30b1fc6699e87b.jpg,-2.6008897
images/smdg/3953cec49f4e4ffe.jpg,-1.2962139
images/smdg/cdbf529a3b42af89.jpg,-0.7775352
images/smdg/06630c52ecb4502e.jpg,-0.50265765
images/smdg/35e8cd2182adf085.jpg,-4.753486
images/smdg/fa291a99819dcda3.jpg,-1.4589261
images/smdg/2ddb181b5392f128.jpg,0.1112355
images/smdg/c1b65bd51d499a71.jpg,-3.8360062
images/smdg/0c43714477ec1f22.jpg,-3.680853
images/smdg/a2904c07596ec45d.jpg,-2.371825
images/smdg/5977521ef259bfc3.jpg,-4.917191
images/smdg/a3f7df3f200bc0eb.jpg,-3.1139944
images/smdg/22b13a8541f59473.jpg,-1.6401925
images/smdg/b42f5693a823fad1.jpg,-5.0955563
images/smdg/54f7367296911c7b.jpg,-1.4348171
images/smdg/6efdd65794d93c2d.jpg,-1.0966985
images/smdg/9ad5444e3f205d61.jpg,1.9339792
images/smdg/f39dc54c49d90e86.jpg,-3.2215018
images/smdg/cab33bf56dbb4bb1.jpg,0.4985075
images/smdg/96185e2c747f6329.jpg,-3.7346067
images/smdg/e5d6034c3ab8a52b.jpg,-3.153088
images/smdg/4415f42c967939ac.jpg,-1.0151515
images/smdg/fc56157858703eb4.jpg,-2.740161
images/smdg/db46ce8e35fbb0ac.jpg,-1.1437331
images/smdg/e9e68eb847abf3ae.jpg,-5.1786304
images/smdg/13f5248d8fc21a88.jpg,-5.3447785
images/smdg/e4126e9a6cfb583a.jpg,1.8118113
images/smdg/2ebc2a215fee5889.jpg,-2.807353
images/smdg/73bd5241b99f9938.jpg,-2.1940708
images/smdg/ff959e61ab8e88e1.jpg,1.6652099
images/smdg/4c622d6f36ae9509.jpg,-1.624158
images/smdg/9ffac9b6f2e4f799.jpg,-0.75310165
images/smdg/8e824ff8d51217c7.jpg,-0.6138303
images/smdg/a700bcc3a552ee19.jpg,-2.257598
images/smdg/1fb1b771c8c3aa51.jpg,-3.7394934
images/smdg/eeb37c028348b4ec.jpg,-0.117218256
images/smdg/a4c92852d527f379.jpg,-0.25343537
images/smdg/d89884a8c7238332.jpg,0.43864524
images/smdg/ef21beb12bf44d95.jpg,-0.947043
images/smdg/ae852ddca5f6a55d.jpg,-0.8462546
images/smdg/6f2bd86565527060.jpg,-0.46478564
images/smdg/66a86fae51046ba8.jpg,-0.61505204
images/smdg/4cb1f0ee4cef6b5f.jpg,0.1698761
images/smdg/6c7b4fcdc82ab396.jpg,-0.2723713
images/smdg/9710840aa15442fd.jpg,-4.1792974
images/smdg/8214396beb9142d7.jpg,-1.4707992
images/smdg/793620c22ec56204.jpg,-1.7573209
images/smdg/8687e193e646fcb8.jpg,-3.3070195
images/smdg/a1d3d993bbcff2ed.jpg,-2.5660717
images/smdg/7e61940b0716ca57.jpg,-0.2827556
images/smdg/68653d2754a52b5c.jpg,-1.9005626
images/smdg/ffe8e91eaf202839.jpg,0.51561093
images/smdg/688cb557ffe6d329.jpg,-1.304842
images/smdg/ba44ca9f06f52a63.jpg,-1.1970289
images/smdg/97200fe44960ac60.jpg,-3.3705468
images/smdg/5d9c79aab910ff3a.jpg,-2.2911942
images/smdg/da675d5dfea9c010.jpg,0.6047934
images/smdg/5d46f76de4b613c3.jpg,-2.8256783
