filename,densite,densite_longueur,dimension_fractale,calibre_moyen,calibre_principal,tortuosite,bifurcations,fragments,tortuosite_ponderee,densite_longueur_principale,dimension_fractale_principale
0_right.jpg,0.06759843972904758,0.014121250211993336,1.3576030748159347,3.7100106209520196,7.888331760688086,1.090486744949852,2.1448737517333574,20.0,1.1318072465010287,0.010734344915651593,1.4358410726616244
1_right.jpg,0.13036381877442638,0.03605744034100835,1.496194373466768,2.6876381858891936,6.087577277853715,1.079699599681362,6.488742032573485,29.0,1.0862702060791398,0.02164744168867016,1.430628429376799
8_right.jpg,0.14344789880464226,0.0333556996943264,1.5072331873053668,3.424025031075807,7.318094002221151,1.0859268307557923,7.703968786500659,29.0,1.1047570694318505,0.02357911478913492,1.4696877446911416
10_right.jpg,0.10115928000184378,0.02922860632879301,1.4573292963131463,2.56244490476824,6.664659552064448,1.0791592845457372,5.439166609048376,28.0,1.0877232327151334,0.01614234022448086,1.3759881217355243
23_right.jpg,0.10307897583115164,0.030031638852106055,1.4373993086174153,2.563454967768423,7.022724257602402,1.0797024925404182,4.599258053755724,29.0,1.0825920006371033,0.014626651436889081,1.3425910667786038
28_right.jpg,0.09066137457327356,0.01997388228519722,1.395454271845831,3.5013791172611533,7.31440662086045,1.0869123139951529,3.341833586969934,37.0,1.0861703377211906,0.014148809278986551,1.3823592518891408
29_right.jpg,0.06220105370668123,0.021503908422574807,1.3618054227578178,2.0273499245325386,5.146128348156861,1.1524246077027793,2.426963565209477,27.0,1.153086723144521,0.009288191811020438,1.2627709022904776
31_right.jpg,0.07682512948768028,0.019845477189369073,1.3568456787778391,2.8624555737484196,6.1557332228399435,1.0826034583740605,3.246703834661607,18.0,1.0883425018486677,0.012910720717521548,1.3154553391378807
32_right.jpg,0.10030134112226427,0.023238234326147772,1.4131606064965372,3.268804590363959,6.969201199914705,1.0953641847048237,3.702484778673688,35.0,1.0911919623189548,0.015833264768800395,1.3974687758542175
35_right.jpg,0.08784855927149975,0.021840857867661177,1.3874643673986626,2.9723114766680716,6.101035345451778,1.0787816693668466,2.829912171654387,16.0,1.0793306345041136,0.015781813771565446,1.3661823182947186
37_right.jpg,0.1526927800041439,0.038260368605373934,1.5346128588135488,3.0409611935133762,6.581921184815754,1.0994644138695688,6.771746655818396,22.0,1.1039094170144303,0.02720827163800466,1.4807803695053687
38_right.jpg,0.06212041999931596,0.01775567140770129,1.3212487819606042,2.5894694890733674,6.762650601465703,1.0804314149670295,2.9804511719036286,40.0,1.087394896361576,0.008545588687966307,1.3343005354626156
45_right.jpg,0.1423742857287209,0.03781659079771029,1.5169913403990167,2.808548788977679,6.5902500717655075,1.107383072028929,6.264872757402907,33.0,1.1330955426448028,0.023821673428350572,1.4430403834821541
47_right.jpg,0.05779842240474726,0.015246770633570937,1.3205750467355912,2.8145702233197736,6.224065246082548,1.0880860192713118,1.0402720989977206,31.0,1.0914429116993023,0.00935792596880993,1.32872011181895
49_right.jpg,0.1305253261490404,0.033683955135236227,1.4918828859821722,2.904645443813136,6.971740388173164,1.0952834405809257,6.11608429076168,26.0,1.1092949024775982,0.022073504213021698,1.4353287578071103
61_right.jpg,0.12973065035641115,0.029985623331279524,1.4777557732013642,3.318606639735823,7.234566212189127,1.082280189140799,4.708734702873831,10.0,1.0875125124180463,0.02280229826327838,1.4450899693812078
62_right.jpg,0.0927645285919453,0.02143637356635718,1.3854791090937555,3.3524242490813747,9.11835701562878,1.0935315227946087,4.551247041689423,37.0,1.0969588806095436,0.013603171713493942,1.3490412862951946
65_right.jpg,0.11518657941941841,0.027568783001945377,1.4461413468472066,3.211055534466346,7.149935360942569,1.0810128601430624,4.497107197897981,21.0,1.0792888012290118,0.019428513680806447,1.4037670324735538
66_right.jpg,0.03280856227248685,0.008348630513466704,1.2251398649595124,2.7874433986752316,5.717850650705501,1.0828658694025903,0.36298393536811757,15.0,1.107128019075088,0.005278823517210624,1.2449018615174483
73_right.jpg,0.08646505266595901,0.02711888625785907,1.4097988971536777,2.228122700201134,5.200565105465368,1.0883009650847435,2.908875643014616,24.0,1.0819779036413673,0.013299175308238752,1.3234450535672988
74_right.jpg,0.12679457094924768,0.028169602960160134,1.458940856908124,3.4441350654570426,7.049940040475665,1.0901317528051488,4.18101713694399,34.0,1.1096303060574826,0.021851040811953527,1.441665292426197
78_right.jpg,0.08340907903672361,0.01724390116491668,1.3562667058092466,3.72708779930214,7.196074610618325,1.0783562013924497,2.664159222692368,19.0,1.0867916067968766,0.01428198297027634,1.357145142179922
84_right.jpg,0.12442039473077739,0.0344398455000507,1.5057134171298459,2.672069948884291,6.898979386722388,1.0801734374492304,5.5771163082255555,39.0,1.0828968487643762,0.021100858230625283,1.4262112357331989
95_right.jpg,0.11368127397419504,0.032223339684336605,1.461177601901125,2.601014661333489,5.83077990246154,1.075479729819814,5.104387246107273,23.0,1.0788583292539415,0.0195482869979633,1.3991049622180685
98_right.jpg,0.12070242515839097,0.03345977920349111,1.4827767117340485,2.663328795949826,6.101037149273698,1.0758491512924668,5.504899360430783,35.0,1.081332124585341,0.019637477354845813,1.4131812419524516
99_right.jpg,0.03278729940579651,0.009130320546505517,1.2188703022133778,2.6475266228214966,6.664157503949572,1.0836903342271473,1.3642426937224625,18.0,1.0817451609010458,0.005320546505517604,1.2419333186398267
100_right.jpg,0.14560391452486854,0.038915100239654575,1.5306243211426755,2.8171271816742025,6.312665046545346,1.0927104490342077,7.204646997313267,29.0,1.102136394624149,0.024195606165977056,1.4564736483335141
103_right.jpg,0.10577797538449102,0.026919423617145975,1.452399780369663,3.0436151312367428,7.518724185626209,1.0778991238445494,6.012408803379075,19.0,1.091788853380901,0.016940845981285747,1.4215959822902147
105_right.jpg,0.05519670575886639,0.01701116247148826,1.308356574612769,2.3370953925182354,5.4571285023419716,1.0777482629502388,1.9176036010577098,28.0,1.0991836518008204,0.00831634403827133,1.234180627466676
108_right.jpg,0.08575545163574,0.025730125335274353,1.3907544926620248,2.4946648743227424,6.412193553906501,1.0888665264313466,3.739119163234986,25.0,1.1081413262072828,0.014966447637375238,1.3305317038574551
110_right.jpg,0.053003214142225794,0.01668340699075934,1.3019376611684124,2.2801885618790445,5.478753270414908,1.1008658725899192,1.2555243069505826,29.0,1.1300356311759259,0.008627963037364404,1.2777148038801787
114_right.jpg,0.08084418177461863,0.021903202619599074,1.3904332012697844,2.858656570315508,7.0807746934708335,1.086748515846951,3.294465298298858,24.0,1.0969844726614864,0.012159571919175785,1.3411663476654532
115_right.jpg,0.07959391269924786,0.021201324894895346,1.3943578420466123,2.8256310893884513,6.12139646650488,1.0880298899267682,3.1067883325065266,21.0,1.106668937265298,0.014246127789219444,1.354995406849167
116_right.jpg,0.10347773340747106,0.02870141030177425,1.4322214840764924,2.622196376902393,5.954289817170915,1.0868216828269688,4.599909012788758,19.0,1.1010695054791364,0.017388667037355306,1.3816778577782525
121_right.jpg,0.11049723756906077,0.030884635020446537,1.4539003741707421,2.682523649627349,6.06835645004755,1.080993168774074,5.105316099942881,31.0,1.087547851010607,0.018050578012768347,1.3884108973187224
122_right.jpg,0.08635847198727498,0.020890246673567803,1.389616818581676,3.1982002682099773,6.677501280160349,1.0727717509413623,2.878279092079683,23.0,1.0767876061743347,0.015633600121190697,1.3702347901743606
125_right.jpg,0.08230395351498176,0.022118192536726845,1.3820443751609028,2.7430104377074858,5.743580182823964,1.0865923168430085,2.736168667386362,29.0,1.0950627110031315,0.013641044519951644,1.3160687371011717
129_right.jpg,0.11603583131283414,0.028222738478082234,1.4574395176635322,3.0675186482317054,6.311775979239305,1.1088530350779011,4.210077810353748,22.0,1.1219635561205052,0.021628640702829376,1.439266167068365
141_right.jpg,0.07388300735689933,0.01508762485794605,1.3908349813548981,3.7961370055714028,7.12411795967656,1.1054474497212525,2.1432701317861915,20.0,1.114759835162281,0.012824730346711326,1.3893814880053414
144_right.jpg,0.053617978207927235,0.010008622037120139,1.4133658496220523,4.350281341426692,9.712838046436746,1.081029517402845,2.0672720580449657,17.0,1.081478013783849,0.008591784358313712,1.3947685678322532
150_right.jpg,0.1254186395657697,0.026603953847284485,1.4654223506442492,3.6467303847059878,8.224506203958622,1.0847824228502936,4.094531176180327,21.0,1.0977091178791918,0.019323037512204853,1.4410027559302288
159_right.jpg,0.11940015091171664,0.02936781982540214,1.4677105793333196,3.0708338134229978,6.548561432118884,1.08481036692736,3.54792446418845,21.0,1.0882478919875376,0.02129754093855095,1.4304794642033911
165_right.jpg,0.08684048980646829,0.020477528997447578,1.4034892205365674,3.2479613828827807,7.857777039838288,1.0888844092888086,5.169461406739686,18.0,1.109850073072457,0.014991438079545087,1.3693238219200996
170_right.jpg,0.13964297083527194,0.037059529348385044,1.516165382635091,2.9060580433941223,6.9175387976097475,1.100380798406341,7.689105468080418,22.0,1.1122759698525713,0.023091804001273353,1.4434311171436953
172_right.jpg,0.10119968943321561,0.024780223908633256,1.4267952656280416,3.034712023882595,6.382127288281388,1.0863099763418171,3.6566734290079395,17.0,1.0930986446846955,0.01713627369950159,1.4176242156306196
174_right.jpg,0.11018937322928575,0.028197226502311247,1.450856554990486,2.885823677373998,6.501833905951035,1.115826967037512,5.119538744470401,18.0,1.1290711657971202,0.020498036681743624,1.4312422693007583
179_right.jpg,0.1360648697804835,0.034511329476848464,1.500960127019433,3.007612973604659,6.324532601304995,1.0822983903709238,6.7698992093363985,28.0,1.0794621913736104,0.026215676863616845,1.4630813712946542
180_right.jpg,0.14014238579577895,0.037875228004224076,1.5205770973448045,2.7589001604941563,6.619992466903435,1.0841290044760232,7.174869766008297,30.0,1.0993719916664282,0.023540646647769475,1.4523349632655178
182_right.jpg,0.12825980404541618,0.033041439493084995,1.4894837885891332,2.9164305723347588,6.9039559444721785,1.0797544848167842,5.507748745597591,16.0,1.0904535710738597,0.02262219370095451,1.461001244571301
183_right.jpg,0.09948677653892442,0.025397598989466984,1.422738765232393,2.9738223359678795,7.457867000844634,1.0891047695215705,3.3817049760794102,33.0,1.1033002562114207,0.016078017923036373,1.3785767821847221
191_right.jpg,0.12030094183273374,0.03116031367476454,1.4619045979638485,2.9229286349722794,6.418925883720688,1.0827348111266641,4.850640688790977,22.0,1.093767714981203,0.02083249120821375,1.4013881111084325
196_right.jpg,0.13121568587836574,0.03711859869587397,1.507249618778302,2.5981314484800633,6.117751297314461,1.0794024145628136,6.76812113926672,29.0,1.0883071420125712,0.021294327405334695,1.4218044790306699
200_right.jpg,0.09015812238530808,0.02165192816118151,1.393516366072821,3.213105726599134,7.672985341327372,1.098794884001774,4.254413954477771,20.0,1.1070547626810725,0.015351343685740622,1.3796088539794562
205_right.jpg,0.12283558117533168,0.03334580097247585,1.5117999076835842,2.7749434107868174,5.898055837029727,1.0819329718555273,5.852456491606345,30.0,1.0982678514804227,0.022710171393368683,1.4495411658210204
208_right.jpg,0.12364532019704433,0.026919440712544162,1.4675850891162605,3.6262315598456514,7.565565921530807,1.0840693168529072,5.025625715280888,18.0,1.1040928167099096,0.02126187988256954,1.4458190923465255
215_right.jpg,0.12094504222146807,0.03418641327131535,1.4853698390559071,2.644669014362974,6.183689315130213,1.0978299979626034,5.639510510450562,18.0,1.1007838832170775,0.02041702433473739,1.4138321014843374
219_right.jpg,0.08396152058365837,0.02035124593278228,1.37026912932969,3.1449931968345806,6.548692246584741,1.080683878902518,3.0819910672783495,27.0,1.0911976746491727,0.013575918029142498,1.3338916326138268
236_right.jpg,0.10218652165931541,0.02601300898522969,1.4362147412961457,2.9248826809083477,5.810516797407115,1.0844549419948206,3.473031907240279,20.0,1.0892081006339152,0.01926540413687715,1.4166368131602969
242_right.jpg,0.14267359337140662,0.03696209703119546,1.5187138456111902,2.883251110560165,6.533593668425935,1.0871735807599365,6.373647496825822,23.0,1.0923261703376963,0.024821816084860563,1.4537278705775476
244_right.jpg,0.09686639583052253,0.024919923446314978,1.417267917953918,2.934084684158947,6.5039094662785235,1.0812625874758843,4.047551231504939,25.0,1.0853596531389882,0.01624517167113896,1.4031805217144195
253_right.jpg,0.10362490953016851,0.020234660903780875,1.4447045974715191,4.00435228488898,8.663238193905144,1.0806977789765173,5.198829753616245,29.0,1.0975827494553354,0.016019531289819467,1.4275857297956422
264_right.jpg,0.1042187374022414,0.02427336128356043,1.4254668025857418,3.3114510417989456,7.99845839477827,1.100966635591385,4.887930339434008,24.0,1.1046258591515874,0.017536079980649842,1.390581944828258
271_right.jpg,0.11321324448146605,0.02836838817159517,1.4454092051777363,3.0063490219396285,6.712979889082808,1.0788227229804404,5.206164098292378,27.0,1.0852570002466357,0.01970012494793836,1.4111558220373441
272_right.jpg,0.1084716835499475,0.03195758165579201,1.4701740850913525,2.506118097779826,6.266565787441661,1.0952943969005813,5.704998825441418,21.0,1.1129442115946222,0.018999084323717934,1.3954899416371713
276_right.jpg,0.13147808788630674,0.031185638064966024,1.4697297015837965,3.2771136350662307,7.2943993010531,1.0848412264925054,4.973268680840483,23.0,1.0982489343963915,0.02349869451697128,1.4289123750828867
279_right.jpg,0.12349796359740876,0.0317385723958807,1.4770659773510355,2.9850136767835163,6.575268092015339,1.097048592990921,5.204701411838422,15.0,1.093892754836428,0.022334738097403713,1.4337276208051273
282_right.jpg,0.12448948800524429,0.031096358651259825,1.4671942744544682,3.0347715737793965,6.633031042241414,1.0815157161158961,5.566856910966708,20.0,1.084056928525378,0.021965672783272376,1.4154254192553177
287_right.jpg,0.12504286316119487,0.030925158471230247,1.4781393907436198,3.0937259056127298,6.514916220668429,1.0759862013215913,5.290538753196367,14.0,1.0793054309232972,0.020584114667528828,1.4407385490676587
293_right.jpg,0.11684631597919305,0.029167772265083283,1.4612430443916635,3.150291552789004,6.73826705202563,1.0896204412955777,7.1092064223169,25.0,1.0891068196035567,0.02119244421525876,1.4439334937864101
294_right.jpg,0.019135709299473613,0.004160141878761579,1.1190925048876408,3.709759040611031,8.007087054447064,1.0915026767121858,0.9905099711337094,13.0,1.0952941582242943,0.0026366432088749696,1.274242822206279
298_right.jpg,0.0462115168437466,0.01419208035681909,1.2757470129380972,2.322065245243849,5.985486643680788,1.0792757399742487,1.4051564709721869,33.0,1.092898772116675,0.007188961816006092,1.2544368819866243
300_right.jpg,0.10407068762160146,0.02332227789146849,1.427717894233469,3.4254304027474696,8.508765119181275,1.0996742150514836,5.090879764509007,22.0,1.1110219554127803,0.016043831970724922,1.4184312811420914
323_right.jpg,0.09265252307323504,0.03095289464221503,1.4457175436136038,2.081848340942982,5.700668099776723,1.0888844668287931,4.602660913340525,33.0,1.0961615368331388,0.014066882416396979,1.329636515126222
325_right.jpg,0.14059586081419148,0.03738407500063174,1.5180452087595793,2.7651891774023976,5.4705795830507356,1.0839268151039145,6.165820129886539,28.0,1.08587774388632,0.026078386778864378,1.4597798528575272
329_right.jpg,0.14045420539161785,0.035850392396101646,1.5094130768419465,2.982194804053052,6.484582997609112,1.1656093624110588,5.5733803304863905,22.0,1.1167058228813709,0.025471854429331045,1.4672852486389127
330_right.jpg,0.10542264676919856,0.02730114028285865,1.447252766528123,2.9241707224609614,6.6211933872218705,1.078749533629412,3.995984986513551,23.0,1.0849527834916473,0.01781067593988897,1.3838262325814772
336_right.jpg,0.13737031125299282,0.03465367328936867,1.4972822768469944,3.002311356758511,6.179750358400916,1.0810385624936114,5.828117780484732,22.0,1.0824957024275126,0.025270928718444156,1.4520906500358375
337_right.jpg,0.11218555041255786,0.026287985510163012,1.4423186817622813,3.2613821344438225,6.34263837533704,1.077631073514916,3.924330851277923,17.0,1.0862048607335815,0.021156168243107266,1.4286483449129208
340_right.jpg,0.1625571237407529,0.03994748403060065,1.5443854209923817,3.1396507124188204,7.428219074335854,1.085370184120851,7.523922538945136,17.0,1.0875656214835479,0.028580806423107025,1.5000490233447976
350_right.jpg,0.06035728359385262,0.02104194242641635,1.338964363626786,2.014115046749652,4.882377857163323,1.0835440531048735,2.475522638401924,34.0,1.0933995997279897,0.010558861865836777,1.2597436062393357
351_right.jpg,0.052670949350774064,0.020677176258901902,1.3056819641353488,1.6730366524141773,3.309015101509825,1.085509035236201,1.7184649054086156,22.0,1.0978033690300675,0.00894107181667012,1.1854907582101788
355_right.jpg,0.11623005423327891,0.02843582732285733,1.454398058133463,3.070050035830049,6.7326648156594375,1.1176223604482767,4.346749288598881,15.0,1.1221817602956667,0.020070862122123438,1.4307015666167722
363_right.jpg,0.1298078861428053,0.028116558480828932,1.4758648695475363,3.6061803382912774,8.099449836154841,1.0857432339735196,5.140507196710075,21.0,1.0898088737757206,0.020829133572551707,1.4430951148716307
364_right.jpg,0.05894195444526084,0.01594905706588293,1.3204003085885156,2.7769224270432806,6.475831297307388,1.0757729083133516,2.743081067842273,28.0,1.0781599280279637,0.01020818025961303,1.297052369592212
366_right.jpg,0.08475068666807521,0.02146101838157617,1.3874349930624637,2.986528798578995,6.472751466689479,1.085959718869792,3.433340376082823,13.0,1.0907541378433032,0.01585675047538559,1.36428641154462
370_right.jpg,0.027007774965520377,0.00722935390491202,1.2283897201441967,2.808504596359161,6.432830048124278,1.083286223351541,0.606235128294509,18.0,1.092371310995604,0.004359840964318011,1.2345731778499507
374_right.jpg,0.06672324965007892,0.018856031051153,1.3405716239447656,2.6464201470299678,5.929748627395328,1.087344777439369,2.6802465826856072,29.0,1.0984441926865505,0.010616754519193543,1.2852165055387788
379_right.jpg,0.10185837434054824,0.023225878382145012,1.4179697837349656,3.45108795543325,7.950950074995289,1.0957808423984445,4.206301343482513,25.0,1.0988477649279673,0.016490728399629034,1.4280853983744866
381_right.jpg,0.08554620559122184,0.021520832800470624,1.373821297448265,2.9467513453630327,6.4163604351152435,1.0846281031344225,2.7112054633347826,30.0,1.1083680436064076,0.014134076783384915,1.3173233641187596
389_right.jpg,0.13061187499685328,0.03482043510439586,1.4935437681925965,2.777727853399352,6.199324648249502,1.0816445371342793,4.93406975163504,22.0,1.0908573275682059,0.022188209587199612,1.4320166385582676
394_right.jpg,0.11795946890286513,0.030707796745532593,1.4712265053692521,2.907025771836145,6.721445867030171,1.0886289929532857,4.492362982929021,23.0,1.0936448720325582,0.019986023759608666,1.4254750675329682
399_right.jpg,0.049063164970911864,0.011094431555697079,1.3127309909485285,3.435107978569774,8.227419017804175,1.0836656264581106,2.021764292609946,14.0,1.0941105208520694,0.007702921954843895,1.293569708778889
403_right.jpg,0.11558050466364178,0.031084208292490676,1.4650297457715311,2.747990862045118,5.781062344309882,1.0977423871744452,3.6379437533474137,30.0,1.0999835972762586,0.020569540305385166,1.4157596507016
408_right.jpg,0.12135345868727039,0.03262874381610264,1.4749007218138148,2.8029360187784893,6.143067867671651,1.0917295867315153,5.912285932296746,22.0,1.0906624628572135,0.021213484054514307,1.4261661344320449
417_right.jpg,0.12261808442373685,0.031847222609714586,1.4936883744232368,2.8762132672568477,6.793256185882736,1.092304142157259,5.254396488389179,24.0,1.0930597038093912,0.019515665541388835,1.4362868938149906
418_right.jpg,0.04997409299030338,0.00947985069102983,1.238078787805978,4.127214653142151,8.67841536613216,1.0828296221647042,1.374657657371866,27.0,1.082873569483594,0.0072645370047267075,1.318709945002291
422_right.jpg,0.11412362293027245,0.027620048003978343,1.4470426604046651,3.19369155767685,7.456290179519141,1.086003177902659,4.313253867973836,27.0,1.095918527446284,0.017785829184997996,1.4051316065357395
427_right.jpg,0.14957930195658375,0.04047310385560622,1.5353709943059628,2.76978526601618,6.592128197214746,1.0864631815381038,7.3578360954416455,28.0,1.0926380401799451,0.025572234429667596,1.4650406151615163
433_right.jpg,0.1423677256029469,0.038518870355679295,1.5177313884820487,2.805518635121622,6.699707844297135,1.0911044795896356,6.872053480745618,23.0,1.0995454603997261,0.02386017392358883,1.4448460561526515
438_right.jpg,0.10661178629460098,0.025095980849962327,1.4240655123625972,3.1712179742653532,6.630353328021537,1.0764023621144463,4.254424858143123,17.0,1.0763687534155757,0.018801482385143342,1.4009009747572636
443_right.jpg,0.12979615850844226,0.03108088231564746,1.4813361076240004,3.195685184132064,6.437753218995879,1.0747758267369796,5.021226092116675,17.0,1.0807548863529917,0.02178400612691022,1.438105055395023
456_right.jpg,0.07044658451150855,0.022056025524690454,1.3778838874313724,2.287028942653356,5.14281712924417,1.084240044677974,2.975929124101123,19.0,1.1053557256361342,0.013703909687868943,1.3509657864472284
458_right.jpg,0.06280080587993882,0.013804424877812185,1.3332371573907726,3.425135697215905,7.4021215849098025,1.0849577833782689,3.404469648919897,27.0,1.1191344048435614,0.010236727232026266,1.3467778163134354
463_right.jpg,0.1491811228871354,0.036377138122998275,1.5225046601470256,3.1330606329978807,7.3800132596310855,1.1321174044413778,6.516665487941643,22.0,1.1242879704349145,0.025677682693959203,1.463942250347118
464_right.jpg,0.11523771360747455,0.0288411303126062,1.4556391841419032,2.9834973288880446,6.257607016038138,1.0885104642899843,4.463629031849008,21.0,1.097344443451788,0.020121836783346607,1.414113931888406
470_right.jpg,0.112940712820461,0.031952626845461254,1.4707652873369634,2.6066618124886265,6.0825539384500305,1.0822328901149383,4.547337786355966,30.0,1.087765491998171,0.020518598611546195,1.4116415197696934
478_right.jpg,0.119986172257074,0.029302614053460494,1.4646775254253461,3.155454636821014,6.394436078593059,1.0830006372736065,4.372006954541295,23.0,1.091254202414658,0.02071111201488516,1.4213404856263394
481_right.jpg,0.12064349959946054,0.031084904225437804,1.4652544427558358,2.912422538081681,6.068739127560327,1.0743913862285634,4.6138089781680645,19.0,1.0765300092559105,0.022394718963261912,1.422291240168852
482_right.jpg,0.14824134568256808,0.035931018104463204,1.517396621510918,3.124074032853567,6.973065748204187,1.083651752347328,5.45710864193788,21.0,1.097445507911629,0.024850055834306013,1.4668454600248177
483_right.jpg,0.07680566331472269,0.02092302699303749,1.3644836209481177,2.6707724422234422,6.0720502542254495,1.0763719670055198,2.3833792260609843,36.0,1.091589282388305,0.01137936804953372,1.3141952046724912
486_right.jpg,0.11241637120785591,0.027937976474884732,1.446488144650014,3.0368430044338672,7.207747854153966,1.0809280177482443,4.007080866949699,17.0,1.0857902368977461,0.01799128586717795,1.411446568993398
500_right.jpg,0.07467521346610231,0.02321336823820126,1.3835924791428393,2.301886806983177,5.647030258866007,1.0780494917271493,2.544467007560003,21.0,1.0846815938853498,0.013338878966554939,1.3232987477696265
501_right.jpg,0.08247068858482519,0.021884510752986662,1.3839640708329166,2.8108267427051756,6.150362160919789,1.0775852597515831,2.4731112243919426,20.0,1.0848032942115022,0.015015318148093938,1.374094075209643
503_right.jpg,0.14105965284620633,0.03679729149296344,1.516796432444896,2.8541557959875443,6.151189884913733,1.0912796923543973,6.973394982187524,18.0,1.1014487627300718,0.024694913969529296,1.447448376537645
508_right.jpg,0.13130219069913698,0.0349493628554458,1.5011980685977593,2.787864078662067,5.961692436764067,1.0790232464933776,5.041253425307092,22.0,1.0797629878744317,0.02251593485302999,1.4390139837527005
512_right.jpg,0.11774235191081997,0.03196934183149145,1.4780130653231731,2.79732590048542,6.7330249258958865,1.0896680171583237,5.163694167556813,30.0,1.0952719549242458,0.019515726486207367,1.4107697596677071
527_right.jpg,0.122099146903344,0.03344997479146804,1.4852561423806165,2.7037230985813556,6.229592741257652,1.164941333913213,5.041706392983542,50.0,1.170964243921092,0.018923870233465947,1.415197792756542
530_right.jpg,0.1189022541190741,0.031699181239260084,1.4681569806504433,2.8460221635799576,6.760252350943701,1.0811540622442657,5.4078641463661175,23.0,1.0960775113636392,0.018811280703527746,1.4110067741543455
534_right.jpg,0.14935704708893674,0.03649494169747694,1.5221069133648177,3.076323378221666,6.676053245166814,1.0813158978261037,6.449843578596677,23.0,1.0877498128625178,0.024387518790882867,1.4612099502556641
543_right.jpg,0.11843208990671773,0.033896934722629286,1.4764980366809386,2.5291360702464942,5.6884273357704105,1.0822178326498204,5.305870819731775,26.0,1.0924067657832224,0.020576672359950275,1.402881585689925
545_right.jpg,0.005093722654630866,0.0020863077419057707,1.0102294012327018,1.622910250780012,3.196674438988616,1.049992345343234,0.0,6.0,1.097617433670451,0.0007553078800718463,1.0223467419071641
548_right.jpg,0.06414737352272304,0.019726540655407673,1.340499534310047,2.3158620566047814,5.514176276258211,1.077571825836333,1.9106736755769302,22.0,1.086674191193207,0.009954143831786154,1.285148914691564
549_right.jpg,0.05668790130181932,0.014233762565507084,1.3014525554113525,3.0083927259692573,6.98112782636911,1.0736385589432207,1.4627183359309193,25.0,1.0767627922966858,0.00902850283212533,1.3080257667074273
552_right.jpg,0.09059194580506455,0.02466863407263176,1.395936560026217,2.7369991282618615,6.801842680900743,1.1057393834943352,3.802975447990508,34.0,1.1219277605930709,0.014466518604155891,1.3397821032476418
555_right.jpg,0.1196054797742239,0.028589487300094075,1.4681695904379666,3.158517747840477,6.647959888253719,1.0828675143113708,4.409689557855127,18.0,1.0831592316854657,0.020681444026340545,1.4319157592429448
561_right.jpg,0.12890484039284913,0.03530570645548262,1.5023748663886312,2.7231174610525475,6.7284645277560955,1.0850236401054498,6.680775945305414,21.0,1.0947960981431368,0.021427247812899262,1.4320128463925537
584_right.jpg,0.13649500788229113,0.03626359189943005,1.5124690051644505,2.809327866694154,6.390465936417541,1.0840628040648652,6.7201584542625,26.0,1.0895734349032442,0.022186628400501233,1.4535008026569824
587_right.jpg,0.0876470943822036,0.027272910453776094,1.4145109372882454,2.3089145761615915,6.006866303677218,1.0926777897672253,3.4758604013863144,53.0,1.104706980296067,0.013047070202305151,1.3574321251338628
598_right.jpg,0.08193796393106641,0.020728973226593426,1.396197923308304,2.954456092584638,7.935936047368621,1.0695843652784074,6.398152338446653,21.0,1.0817576792169052,0.013144821918093247,1.3523485561543822
602_right.jpg,0.10324428637824075,0.030962677066704386,1.4403893680703117,2.4813357273350958,6.274083907599629,1.0772660544029247,4.294057025077293,28.0,1.0816734516038276,0.017777396083819993,1.3606910353499282
613_right.jpg,0.10216412447225648,0.028931877212511406,1.4415744196259779,2.6277193196756006,6.281429339595817,1.091850114835571,4.011352126518046,32.0,1.0968626359405687,0.01523310970045228,1.351773098542912
614_right.jpg,0.1501580664384046,0.042066882808633556,1.5378383129344968,2.675572594438511,5.942485076885153,1.0793229493179457,7.221565716248018,18.0,1.0895456670784298,0.026972295447888577,1.4681811848845987
618_right.jpg,0.11704670045119012,0.03043133371395658,1.46467021140378,2.8957046619189133,6.702370937257059,1.0803015735078085,5.860924308183568,16.0,1.0827381281457773,0.019538098534263672,1.4136550958421725
623_right.jpg,0.10630305420313156,0.02909101939906872,1.4478891672732042,2.734081072497478,6.218130501217246,1.0804423776171694,4.853559023827941,23.0,1.0936519491312586,0.018226125292603885,1.4056772391788592
628_right.jpg,0.10117205108940647,0.025459554219884797,1.4302419687885324,2.9991819140186213,6.038860767239012,1.1152569130240293,4.007012271475081,13.0,1.0970841005666474,0.02001502629601803,1.4302041497437095
638_right.jpg,0.11342039455404279,0.029659753972062948,1.452414832141039,2.9040371790283834,6.982122832107227,1.084199424561668,4.1930839374573745,18.0,1.0905035924971227,0.018257596807193917,1.395400091386426
648_right.jpg,0.1032768553212463,0.022296183626852935,1.407334290464451,3.6004552660605245,7.789061824859725,1.0896085801734343,3.33886277274004,25.0,1.0938612951045072,0.016641316041910676,1.3902521884702461
652_right.jpg,0.16581939277258892,0.03723495590186539,1.536849553383285,3.5233171137299206,7.473609998383009,1.0843053352861198,7.2846476051721,11.0,1.0920672515080998,0.027572391185576396,1.4961777264846434
653_right.jpg,0.06027052818128115,0.016212504481033237,1.3454531971764612,2.751598264259199,6.11128913899276,1.0798057102168395,1.666187006770778,17.0,1.0863588460943994,0.009795159979197908,1.3196531912727543
655_right.jpg,0.015265505427459015,0.003933229574306215,1.0901763023668214,2.7689384470739955,4.96116983982058,1.0580820332392171,0.049724773379345326,10.0,1.067677014233821,0.002958624016071047,1.1312966550789278
669_right.jpg,0.1343445907269605,0.03546078992558672,1.511119575458045,2.914750097200735,7.364583047686469,1.0872240204403476,6.153405838580424,35.0,1.0986389520666644,0.021493989696622782,1.4413954981164234
677_right.jpg,0.13900073668170304,0.03677858173634868,1.5132705677238132,2.8611962325638136,6.3168134348683225,1.0800569639323196,6.105375758126205,16.0,1.093493345259833,0.02505222366867488,1.4607735555596784
679_right.jpg,0.15008764795328136,0.038398391521134015,1.5313334214095196,2.935962601092159,6.086889660679572,1.0816771043606368,6.971422220650565,18.0,1.09757174724725,0.02735020282797258,1.4778847037115104
680_right.jpg,0.10578648325358851,0.023559609250398725,1.423473076457009,3.442118732342284,6.875281203498548,1.0889763926578235,3.3393141945773523,26.0,1.1083330920654064,0.018112041467304624,1.3890159414299839
685_right.jpg,0.09432293300556958,0.024278859752428657,1.3962882527543867,2.956539941981024,6.9844265289113014,1.0890410758509717,3.908479858471887,17.0,1.097028090371284,0.015376782601093346,1.3749722750313382
686_right.jpg,0.07152304508051896,0.018769246302185873,1.3512708858657405,2.826563893331826,5.851366475327152,1.0764894295730172,2.4736231006108333,28.0,1.0823134438777404,0.011949114039073148,1.3239053127300673
689_right.jpg,0.10961742507657504,0.030439831034413726,1.4536557596590334,2.664208891387594,5.9622073079087725,1.0891036421063591,4.454365277972413,26.0,1.1003432751434927,0.020094692798942965,1.413226476157637
693_right.jpg,0.09049661730303811,0.023251936398223514,1.3959447797588727,2.9532176567195996,6.975392492703351,1.0918750633942442,2.6273374461269507,12.0,1.1097704000417794,0.017355584860473224,1.3666014532024766
694_right.jpg,0.12168126024147256,0.03261689101565249,1.4808417123112392,2.827123843219225,6.308104600694326,1.0835717310791302,5.328078976204599,24.0,1.1022174937984346,0.021101203341610288,1.4193894926530026
695_right.jpg,0.13636230739993568,0.03787679443323685,1.5250060772010399,2.6571411606622592,6.0896348872758495,1.0886348324125952,6.091083628141781,17.0,1.0968305250771542,0.024164546969564073,1.4532479273299175
696_right.jpg,0.13408507369144612,0.03569334654185957,1.5067657179118041,2.806286561734192,6.6281747260361,1.0793622787977073,6.823282049208499,31.0,1.0912134222848795,0.02307785617532297,1.4448717295232247
704_right.jpg,0.09606534032278037,0.025322986750319892,1.4074987279458442,2.844675973089926,5.826277153411689,1.078823352611472,3.198910306682627,22.0,1.0846695603391816,0.01642279275188839,1.358503179358468
705_right.jpg,0.06523246275568256,0.0182794845333545,1.3861015533686705,2.662652134853164,6.671098925261215,1.0915437478441927,3.2282818660527637,14.0,1.0917270913195916,0.011907597046915932,1.3972573042898473
715_right.jpg,0.12278546970373679,0.03033813458389162,1.4969890075575794,2.9451410867944237,6.809849066901469,1.0852837047796435,4.698898317701355,24.0,1.097228621053285,0.020051734405240433,1.4500515220116563
717_right.jpg,0.026809977692151692,0.008487122287568444,1.2162496779926542,2.351810271335167,5.848016980904757,1.0732363846770225,1.0646927600892313,18.0,1.075834355287453,0.003746704522409248,1.2000156447873505
720_right.jpg,0.1006894832232142,0.031803492486646656,1.4578072059664628,2.281337114680563,5.5629808256445035,1.079388808821975,5.322158398941322,40.0,1.085928501849456,0.01623018574812286,1.3563742953313853
723_right.jpg,0.11927229529712692,0.03364053533621375,1.4863266626382519,2.63075423592534,6.608148916366747,1.0803185168612874,5.700161903758275,33.0,1.0906644208267977,0.019596102813676557,1.4060890679656566
728_right.jpg,0.09015019227994767,0.023212890965081164,1.4359037658755,2.937173629705703,7.266543191247406,1.0905323186198133,4.328164410548782,17.0,1.1036825131708836,0.015108776223950172,1.3985272936909536
738_right.jpg,0.10898264563046224,0.028564583510104664,1.4485297129024481,2.8813473835172565,6.708935863175972,1.0951692128312691,3.89312862797163,15.0,1.1035549004546283,0.01857222003164415,1.394120302118148
741_right.jpg,0.09890282608475212,0.021157609742742122,1.4181803828665285,3.600671619526115,7.28266434314239,1.0862959419408706,3.954693409858341,27.0,1.078876245808241,0.01616861190261314,1.4031304594912557
742_right.jpg,0.12384980368972365,0.03156628819460235,1.4775984021481265,2.9385511942041345,6.438435926040585,1.1029920072722643,5.053031566288195,24.0,1.0971796028529295,0.020085800475995574,1.4207410744383777
749_right.jpg,0.12086607810258793,0.034813834622921674,1.485482924427601,2.528273282681077,5.627087438661481,1.0773085762740617,6.313258853714216,21.0,1.0813228732068636,0.022313582092567525,1.4264712849048355
751_right.jpg,0.08195926040092778,0.02078922234967735,1.3808139219424875,3.0206356081195147,7.292829109960562,1.1072859265915982,3.4362350991202226,22.0,1.1000865443231314,0.013820739700137955,1.3294480873690293
759_right.jpg,0.1228672378002886,0.03257571036142499,1.4910939226460882,2.846808578948353,6.9569274490199655,1.0900801068604475,5.5611220043050755,28.0,1.0977823017462487,0.020513828496915014,1.4241351174082768
771_right.jpg,0.11095621252759132,0.02831108349875492,1.4455601034632677,2.8943683250994257,6.1914812571826925,1.0853384453081678,3.7377701675430224,17.0,1.0971471927054548,0.021143656650452827,1.4065301490815332
772_right.jpg,0.056310247514236876,0.015774354409637578,1.3377535688576105,2.6191015942302056,6.481920695888593,1.0867534098965572,2.124151603734461,21.0,1.0917238948423094,0.010170640178833335,1.3141513518530983
777_right.jpg,0.11295874167934455,0.031265952661346165,1.4606753261011876,2.6275460625328657,6.337173178054775,1.0824282094324609,4.953222374413069,32.0,1.0929958225276901,0.018700941617681995,1.4171776881351639
780_right.jpg,0.12400415832044423,0.029473363929105708,1.4681108987204852,3.2231218091008818,6.974712686998665,1.0890674595694387,4.868277593245264,16.0,1.1070377977007184,0.02214052080428003,1.4365089266165951
782_right.jpg,0.12103542537226705,0.028346361206413047,1.4807071257373552,3.279912669722982,7.0972252269664375,1.082671553826098,4.951770763330622,16.0,1.0924087451576099,0.021348195382726403,1.44568586817263
790_right.jpg,0.09673477564102564,0.023397435897435898,1.415030784636575,3.1098619609031664,6.421185482396519,1.0826006203656922,3.4555288461538463,15.0,1.0914869639470965,0.01779346955128205,1.4022619956346072
795_right.jpg,0.11262934060455604,0.029424033697233613,1.4488866726696878,2.889162725447915,6.58012042439531,1.0929143779107209,4.374942769644002,17.0,1.1012300117592677,0.018359498204238607,1.404554926284756
798_right.jpg,0.1528966285511612,0.03873994035397965,1.540241967533235,3.007273505829889,7.407251514569619,1.0852386085149421,5.89466532787827,24.0,1.090939658876763,0.02543198405443074,1.4734773283588651
805_right.jpg,0.09213154714042247,0.021988580907155393,1.3988138477725325,3.1776606470049162,7.0040104483174135,1.0795935699038435,2.8320159402040064,25.0,1.0962219651172438,0.0157429743247412,1.3771629222621151
807_right.jpg,0.11281720801132587,0.028441526150473687,1.4515473405109518,2.960221141284663,6.859221457911479,1.1038226231283514,3.602762456170619,31.0,1.11576191320941,0.01939909981681729,1.4029005027842996
809_right.jpg,0.06757090136491106,0.0179789649634228,1.3485966730601378,2.8660022483546825,6.962485093130894,1.075974654022142,2.9704814697338144,21.0,1.0901748561973552,0.01097064258059319,1.3688391820242025
818_right.jpg,0.06685818626794898,0.017537905584979255,1.3305502589931704,2.812890756690767,5.979120318832856,1.075332990322045,1.6252079310147034,26.0,1.0885912756376297,0.011806657616489169,1.2999032601735014
820_right.jpg,0.001451712927292203,0.0006953188130719937,0.6353322847220243,1.3816444402256765,3.0674479935713683,1.069258470232847,0.046981000883242814,5.0,,0.0001033582019431342,0.6853090296249256
824_right.jpg,0.08540294479021894,0.024724555360847583,1.3990084225452384,2.531034957526131,5.808198157457808,1.101048580451216,3.474530183092634,19.0,1.1107560869117532,0.01581666565955647,1.3368075175967247
832_right.jpg,0.13761744966442954,0.03691754554170661,1.5177292468960006,2.796180314889961,6.996546112512677,1.1023841642299246,6.7114093959731544,19.0,1.1113115169253274,0.022411313518696067,1.4456519436053474
837_right.jpg,0.14123014890531602,0.036435569523674785,1.5085783393288241,2.9147216011975523,6.634053454497806,1.0958705186796591,6.063331497491297,21.0,1.101701037135686,0.02403100383505717,1.4564063470487683
840_right.jpg,0.14514690543734032,0.03228342092401026,1.4994580778009567,3.559747114813115,8.190345040184718,1.0798676691869733,7.155058172638453,21.0,1.093925280686288,0.023067504446717492,1.4580723779272942
841_right.jpg,0.11411925803533983,0.028366859181332645,1.4493138177924527,3.0872986729102547,7.063176659055924,1.0777260840265648,5.204464723329645,19.0,1.0854999880265404,0.019403052949112463,1.4167658044898945
845_right.jpg,0.09155897301175116,0.0227748082732977,1.393876770938155,3.0754989857648853,7.170521359412007,1.0866136698662496,2.627085248916327,23.0,1.105570940565937,0.014666208610777111,1.3656442678804124
846_right.jpg,0.1395939719763791,0.03486230288871917,1.5063073270777954,3.106010376193186,7.189477706287854,1.079825298773676,5.490912539746719,25.0,1.086690053338937,0.02423489125497302,1.462228323757173
848_right.jpg,0.114518471362922,0.029825730598603457,1.4570972262213706,2.931103550994085,6.552264191015285,1.098218738924343,5.271848329918237,26.0,1.1193450706538641,0.019490918495235442,1.4161503155455193
849_right.jpg,0.09948689280651667,0.02884481003054685,1.4322142732130168,2.567687450709921,7.022865016814545,1.0969492544457342,4.392357298300956,37.0,1.110392121032568,0.013197037155349691,1.3437248254447334
856_right.jpg,0.1442220774564314,0.03687487690699471,1.5171697247591123,2.964521780718174,6.051319331875592,1.083617871409885,6.564960281990294,27.0,1.0976983296133138,0.02549224577191308,1.4568011281001356
862_right.jpg,0.11135135135135135,0.027254357160899217,1.4561325604311068,3.1891363397262777,6.8093704100081425,1.0804980685830365,7.224046476382925,18.0,1.0883288701727196,0.020298055064410205,1.4544829378378117
872_right.jpg,0.08034461526037934,0.019920861639092735,1.3764374748044084,3.0563029117764287,7.080612030904553,1.0896702686071371,3.734846114245914,30.0,1.106946224465082,0.013854260248114912,1.3698090485096281
875_right.jpg,0.09175106671213057,0.01894277999465492,1.4071953458288469,3.738961254930351,8.008562657132513,1.0866664455330226,2.6264618333625163,24.0,1.1056610764814792,0.014763480200164039,1.4185366412138793
878_right.jpg,0.1392114065136771,0.03908105213164782,1.5254696213316632,2.6690490698510625,6.384827436842567,1.0803771751938043,6.871393781388628,28.0,1.0931112674904848,0.023216216489324076,1.4432987961108044
879_right.jpg,0.13922854602045354,0.03425259711386879,1.506759522654904,3.0856138739246086,6.646826332890853,1.0864784983288913,5.20433323901532,24.0,1.0973409576769269,0.024793847770726383,1.458361392408077
883_right.jpg,0.08475706477262394,0.015084312517049416,1.373077054348358,4.382613341022858,8.378441910490013,1.073243516216933,1.464986815118664,17.0,1.069695318563874,0.013629429059276398,1.3715351627109722
884_right.jpg,0.07130361801524865,0.019227657896333447,1.3444972024022788,2.689797217014847,5.392697425159464,1.0782214838960902,2.275163306166198,21.0,1.0824291285029755,0.012927983497482153,1.3146673719758764
893_right.jpg,0.15790887708341783,0.03977756600024332,1.5340279859638302,3.0401510984169797,6.564155059569677,1.0862288679937424,8.21201184151831,14.0,1.1093937173837225,0.027236505941035726,1.4787120890948453
897_right.jpg,0.12422940407248272,0.030122033111011255,1.4704622049350538,3.1539040724810854,6.8429035683233375,1.0885661543834828,4.846991583401073,20.0,1.0934714229830922,0.020983434396473814,1.417888481248545
906_right.jpg,0.13002717528564356,0.030266600664733752,1.4833579901066567,3.2524855885836423,6.669002608448486,1.096012527304505,4.697586551769424,18.0,1.1083677941781216,0.02348793275884712,1.4648049883861358
909_right.jpg,0.11964845504979883,0.029763196817720612,1.4606321722715365,3.026221217740857,6.267969512878481,1.082214980125991,4.543228822243648,10.0,1.0923368166711525,0.02082818013397477,1.411332674779444
912_right.jpg,0.16469617270078654,0.03360446269651078,1.5382222210534662,3.8908961898807046,7.638760394018554,1.086798320745721,5.916453707478596,19.0,1.099686668499311,0.027697952608708623,1.5110447356446626
918_right.jpg,0.07452143003554591,0.021322547906990695,1.361965681644986,2.6182570376673486,6.036725299490718,1.0836504018980928,2.6996895357033943,42.0,1.0921098102400988,0.011953625333086694,1.3602875975727438
919_right.jpg,0.09417231637000496,0.024473962854977844,1.4111655857253393,2.82129585069229,5.7525656479513385,1.0854331296235118,2.6596678927902926,17.0,1.1001038885653613,0.017689300607709024,1.3746138840819289
922_right.jpg,0.1146837938638835,0.030863507484680034,1.4631704339916323,2.741568565342233,6.652163786803614,1.0772795524217929,4.674749240353249,20.0,1.0826256479852132,0.018887003180861985,1.4025411396123142
939_right.jpg,0.1292287010926145,0.035254758078373104,1.4917056529721326,2.7439851240322644,6.433164634554228,1.0944142713003202,6.165539686871443,25.0,1.109069726193326,0.023090451499439037,1.4252210915223287
940_right.jpg,0.08315308819995193,0.02343442400814043,1.3814802982859968,2.6652132369434627,6.4900813230878756,1.088326702228373,3.477069239697904,29.0,1.1056145969636038,0.013243543133555252,1.3255349980701603
942_right.jpg,0.06712840699586427,0.016278838008869402,1.3357357744377332,2.967933915259507,7.149254171853521,1.074658186341301,2.0927799093128705,44.0,1.075063654301578,0.009611839154915541,1.3181937572321054
951_right.jpg,0.13073117486242147,0.033413008434106335,1.4892285506697194,2.9486765195825533,6.051831497930823,1.0944797519167095,4.598584040386685,16.0,1.1083783270239178,0.022341033013790697,1.4411200302959974
954_right.jpg,0.15356906394543965,0.03458637565341396,1.5404936655503523,3.4820595149685833,7.381274879651736,1.0835215970347514,6.389450923923864,31.0,1.1040852752308223,0.02586801616808886,1.4999374263251637
957_right.jpg,0.13144358546814208,0.0348491738669092,1.492363010357741,2.7875310529734048,6.493317890440886,1.0945054141664199,5.052801778586226,30.0,1.1024868226909135,0.022970036885452984,1.4296914035534327
965_right.jpg,0.022010756295686298,0.005749229877695428,1.1527674635862362,2.8720694826130333,6.829646443355852,1.076316090878221,0.2541657770864469,20.0,1.077557886485445,0.002739907076991897,1.1772925616387786
966_right.jpg,0.12452946496692992,0.03195343408467357,1.476702555798024,2.899074339154198,6.046476890290371,1.0873045366778613,4.699034424216701,23.0,1.0912851294167867,0.022151147221253782,1.4339364624798756
968_right.jpg,0.04497692778117529,0.01067943009345133,1.3291967968148612,3.3646565938932107,8.073524144880212,1.074313707501526,2.5270776368791603,12.0,1.0779128019370994,0.007844048984872913,1.311824809836899
974_right.jpg,0.1146035964571007,0.028805004117887802,1.45151923950445,2.974411598807842,6.076554112102373,1.0805975178214657,4.749465685110425,21.0,1.0889485221728412,0.019326283239944016,1.403858038870091
977_right.jpg,0.04254587561879623,0.011458159514165947,1.2721565931433045,2.795365011118166,6.7227023437974385,1.1050845550636446,1.5169672790157915,25.0,1.0980459039220074,0.006482506838994149,1.2965843981167056
983_right.jpg,0.12642327526489983,0.02950457962388075,1.4780700916893643,3.3562130446806466,8.437363521986379,1.1001881824746371,5.90091592477615,33.0,1.1012886397564172,0.02074556789901737,1.4357204924023743
987_right.jpg,0.13721238222330057,0.034893242751425455,1.5045067347412238,3.0108209744090404,6.667234338977489,1.0895876614702165,6.065752759917506,30.0,1.09524874497835,0.02422257268793724,1.455054452210153
996_right.jpg,0.1276506604883121,0.03645935864237725,1.4973253592108065,2.603345321555543,5.8892554236154115,1.0844498145986259,6.208640610566803,28.0,1.100500442934601,0.022679205092094836,1.4223481609475288
1005_right.jpg,0.0957628613918786,0.025125400146195145,1.4131839412663336,2.8257303204859014,5.907749942673041,1.0862604402943887,2.621430191818113,26.0,1.1006690767530025,0.01650996899654677,1.363922908205133
1014_right.jpg,0.12210804062011898,0.032380846471518905,1.4750797070632828,2.8404900098100008,6.913211083058383,1.0800078089049148,5.0547684157850306,28.0,1.086087768216874,0.020562797915413506,1.4209548668506782
1018_right.jpg,0.07540735900681994,0.01930105770408788,1.3462276956526467,2.8770655806405436,6.374914019959609,1.0796086409285865,2.041899783558623,28.0,1.084504176172461,0.012067627720831461,1.350334176730586
1019_right.jpg,0.05534304016288927,0.01601677275636664,1.2823437165602136,2.4982321369553935,5.857587656050165,1.0982274931837341,1.562366127902347,26.0,1.1165654426976932,0.01044769349400505,1.2480365308805548
1028_right.jpg,0.1201625430558995,0.0321315202953691,1.4526444577582414,2.870491000072662,6.598697977919709,1.0871276783170256,5.403093270897589,35.0,1.0893724259336885,0.02096512753551408,1.4182424086355636
1031_right.jpg,0.1124077219175349,0.028852564320925773,1.4564937018432345,2.926996356551831,6.839487331208061,1.075868264378337,5.2556534772474,17.0,1.082168984722547,0.020278062999712885,1.413675308044427
1034_right.jpg,0.15084746618466027,0.03749349947743372,1.5245460362047067,3.0743491335210806,6.9423216107282135,1.08916348129674,8.17929829698931,18.0,1.0988744299804742,0.026698845305234246,1.4714861100530836
1039_right.jpg,0.10931204484596711,0.028599314297154583,1.4582452091079343,2.8143830994198535,5.677042848327718,1.0845923009935834,3.603693786130784,22.0,1.0871089722355143,0.019775269651392677,1.4331092031911037
1040_right.jpg,0.0864698104892023,0.020958816904167277,1.4022526185255988,3.116881273644613,7.039840507109645,1.0723388553014448,3.280936291072915,9.0,1.072686194426438,0.014818079428039763,1.3700063523198376
1045_right.jpg,0.1433913825690577,0.03621423301226008,1.5168633100155813,3.019009636162948,7.473015373176504,1.0784920314978865,6.36755980957964,27.0,1.0857402542281822,0.024520158885778107,1.4650366953307603
1046_right.jpg,0.05061149890144077,0.019516439501467985,1.3011176116381222,1.8195731569558995,5.39533457836035,1.085473232902143,4.617837491007369,46.0,1.1308449177007334,0.006430946316423947,1.2725489761530382
1048_right.jpg,0.12339657734334725,0.0322857807114193,1.4809411665056127,2.82259273172627,6.683704216172319,1.092324620345174,6.166038269870311,24.0,1.0972040803094705,0.02118691182565274,1.451381657094102
1054_right.jpg,0.1217110581197963,0.03326327701883437,1.4789246054622442,2.7181086084369035,6.089562811463999,1.084905158786333,4.749009780939294,28.0,1.1003961368059285,0.022077843343302886,1.4188685325220027
1059_right.jpg,0.05220799287793747,0.014904143791986657,1.2961536078659461,2.5384897304326115,5.6595377632027155,1.0912941518584163,1.586091512363839,19.0,1.1196026582015137,0.008662106227199935,1.2819037088446772
1060_right.jpg,0.1176072417207169,0.03154108827867693,1.4659327374399012,2.905746589702756,7.051556332899972,1.0893999567814676,5.051423491139803,28.0,1.1096850373557916,0.018296255884908366,1.4135353919547349
1061_right.jpg,0.13138250223947448,0.03521921545009641,1.497555731981041,2.790856406054998,6.077397362917552,1.0826896409315436,6.224979882686965,16.0,1.0876228321902859,0.023462607102550218,1.4482567214247724
1066_right.jpg,0.12135561698665305,0.030858176709303443,1.4692384846714839,3.005792877434888,7.31859249605783,1.0874958963706036,3.992459810080203,36.0,1.1027064192813618,0.02078100599879721,1.4027125689166666
1072_right.jpg,0.11860692475901254,0.025012633836010448,1.4683364513693786,3.6674505983245824,6.968578250648405,1.0829793926088602,3.7783434797598865,7.0,1.0804393041850573,0.02166879985642295,1.453054442650024
1074_right.jpg,0.1069641683933896,0.026830747460453833,1.4379819731774508,2.995037302097979,6.268452950275141,1.0863550889381228,3.2344468590488704,18.0,1.0863794570613745,0.01894678324152221,1.392260816992813
1075_right.jpg,0.09673009623797026,0.02252843394575678,1.4175285141043226,3.3180184330239766,7.629506442380775,1.0835312820492875,3.4299689811500835,28.0,1.0965218600560867,0.016260041358466554,1.3867542632007301
1080_right.jpg,0.10688430512219059,0.027386710206093467,1.4759748300551165,2.955320517073187,6.24993743958162,1.0902280913255258,4.973000567714224,23.0,1.0967922465563131,0.019196662368468537,1.4434671526102474
1081_right.jpg,0.1212119706200988,0.03350958623637105,1.4791237195685887,2.670964552358617,6.180107041361908,1.0767233213943885,4.969536739785117,34.0,1.0802695675565221,0.01948058401995766,1.4021763467034167
1090_right.jpg,0.11461990535796061,0.030672798046099833,1.4726073371937487,2.791550499441232,6.561406602786462,1.0844206325525418,4.388642955274004,23.0,1.0883890417064832,0.018861624179514577,1.4090427834516839
1093_right.jpg,0.05621514024735268,0.015110944951903646,1.310433920426495,2.7218373972753107,6.275689983295726,1.0948296314184087,1.818769703338453,18.0,1.1029752012416147,0.009649583703823458,1.257439166035267
1114_right.jpg,0.014305613254808044,0.0050683023386525255,1.1356041874009777,1.8951402312242986,5.052186272842327,1.2474541256945388,0.5864959311844774,11.0,1.2320368290515333,0.0019598739033747955,1.1145396968543702
1115_right.jpg,0.0591169313718561,0.013504508233963711,1.3029170190906885,3.42629354144962,7.414080226801378,1.0859237929681411,1.7669450025746913,19.0,1.0951358319425966,0.010132167486192587,1.314820098881182
1119_right.jpg,0.09792110928072605,0.026291853214347075,1.4378487486392482,2.7992863280012514,7.136413458102604,1.0803873036381977,3.739375625334775,21.0,1.08892959736914,0.01559926021001142,1.3698290796319557
1121_right.jpg,0.11408466368075706,0.027328150117785034,1.4466416772579318,3.2769421477531946,7.038643671541545,1.0999347310902805,3.589157710622896,12.0,1.1068942460176578,0.019128694052108503,1.4053875363441286
1122_right.jpg,0.10628948923468537,0.02855598822204377,1.4539820166551927,2.8230400686992128,6.329816846706333,1.0803885430285856,6.414238599574741,28.0,1.0879353638302445,0.018651797754511434,1.3968331673985743
1124_right.jpg,0.14086196991189137,0.03270137120021964,1.5029653750048135,3.279320209440849,6.333002746825689,1.0857028986760389,5.084168407994347,16.0,1.0902038040299078,0.024703974294444528,1.4657831895412898
1129_right.jpg,0.06831329770701532,0.017340258073572024,1.3508056582332357,2.920577638760325,7.499853537245495,1.0724013527392544,2.957719648282016,22.0,1.078296068144126,0.01169552532108804,1.3572079870376097
1130_right.jpg,0.13621083906688097,0.035379833798946415,1.4934740698001685,2.9393205690279203,6.743660439448545,1.0840315299569456,5.729322469591494,24.0,1.0831592925947655,0.024053013978532788,1.4430105064142638
1133_right.jpg,0.14110406587878752,0.03300770697353794,1.4589845998174122,3.31351653569312,6.945502156637871,1.0721730576263275,5.713469504356521,13.0,1.0766824222457325,0.025424939294386516,1.4250578263018383
1142_right.jpg,0.12646574280453532,0.025675399209656405,1.4464368773706175,3.8745014033806338,8.118260440210271,1.0917423223083063,4.037858965662047,17.0,1.0964331512141474,0.020366960622799368,1.4248140592786227
1143_right.jpg,0.10323261736437367,0.02462613011522547,1.4267618762853842,3.190536185312115,6.884047751019949,1.0936431164849951,3.402228459641065,18.0,1.1055021549605029,0.019362682557074885,1.4094379258712664
1145_right.jpg,0.0902940358506308,0.02285540919778525,1.394356393270007,2.898139045021888,8.158417292294164,1.0841557069155028,3.0339038758122014,25.0,1.086347776982436,0.013905392764139256,1.345479896782282
1146_right.jpg,0.12565298180415804,0.03311112335408518,1.4881365400089228,2.7950774773273226,6.234137897757335,1.0888353607530004,4.8081498139346195,21.0,1.0972384330599938,0.021581580779421117,1.427546904842681
1164_right.jpg,0.04944897126184825,0.012043517916622575,1.2602756726050672,2.977821539757077,6.357874302427421,1.0810430909242728,1.2093909204976643,24.0,1.0801935936451206,0.0076141236702998785,1.2786777438427794
1169_right.jpg,0.1266473406114435,0.030320319085507516,1.4778285157121112,3.2248353105386576,6.6855551894644965,1.0790261260068086,5.396903719237649,18.0,1.0799068980333406,0.023402002508275253,1.447591338318224
1171_right.jpg,0.08480283517515384,0.019769490567085515,1.3841050673705926,3.362865063661328,7.550397492560443,1.0756490903998845,2.4737105152890453,16.0,1.0848155343611594,0.014867505035767834,1.3592676982162535
1172_right.jpg,0.1442675963821939,0.04113991208124905,1.533428095456605,2.6173344336305155,6.228258332877805,1.0831393806447114,8.0339548279521,18.0,1.0958643705031987,0.02599666515082613,1.4525641374672484
1173_right.jpg,0.08745377760714503,0.02108549374608499,1.384168371453634,3.1700608766451297,6.976865592086415,1.08466605152591,2.8794277516215723,18.0,1.084570610202078,0.014467861544989795,1.3537509427400296
1177_right.jpg,0.1120659169672537,0.03223606438119487,1.4616804449548795,2.5523772067014265,6.2426755156278295,1.0867394598608415,4.799288694896588,29.0,1.0879097034686545,0.019929677790912672,1.415052889830001
1186_right.jpg,0.09621173749749137,0.027934135456187465,1.44120990102571,2.546614113082424,6.06546044172235,1.0937507611970056,3.9182331635432295,22.0,1.105002287014084,0.0156585976547941,1.3927172549892401
1191_right.jpg,0.06253408195827359,0.01600589744107608,1.3451969737030638,2.905487940084577,6.74087998198702,1.092344541132715,2.171146971502434,18.0,1.1046329801435666,0.010800193888473733,1.372684108367823
1195_right.jpg,0.11891610363050811,0.027441442646763698,1.4681451194759605,3.3441095229094713,6.966022829249792,1.084265310120605,4.10928794640724,14.0,1.0881966258940419,0.0206658957769899,1.4400517903155365
1198_right.jpg,0.15255658852061438,0.04170877122069523,1.5343556262315006,2.7415266021996825,6.072641558495173,1.0853713193753793,7.02303961196443,21.0,1.0895130893397689,0.02688965238480194,1.467357393831968
1207_right.jpg,0.09415280953462214,0.01935862028905916,1.3919252215878453,3.7146688521510995,7.5433111131859,1.075978614577386,2.0594276903254425,16.0,1.0772972647459875,0.015878715550791296,1.3786267215985577
1242_right.jpg,0.09555574632254546,0.02643525508632487,1.4077425804052042,2.7755143743495134,6.106241794853747,1.0758677954437639,4.039771550918796,22.0,1.083358959625354,0.01776994510960405,1.3541101044630361
1253_right.jpg,0.11052010052787226,0.028745319297112347,1.4426543868276964,2.890389872262744,5.443830939274346,1.0857516178267648,4.996114133451759,34.0,1.0944870239676123,0.022164579064767806,1.417879010270735
1280_right.jpg,0.07864736462937362,0.01796666601764053,1.3818341090304254,3.330354562803101,6.335606618917797,1.0776254699868808,2.4825249712805935,16.0,1.0800178083653997,0.014466792577737106,1.3755756935727308
1299_right.jpg,0.08555439432863637,0.02043873784358445,1.363887693600012,3.183167224281254,6.756591422322301,1.0852912154416665,2.934529111043611,25.0,1.0968904265247585,0.01454393813806702,1.3335571836105204
1303_right.jpg,0.06007606130252404,0.014763931689117462,1.2957434465537132,3.1588429398436784,7.872555853953644,1.0943592814814755,1.9582178156595587,26.0,1.0974807109316218,0.008605851979345954,1.3190595822244682
1397_right.jpg,0.09927388643403676,0.029775160010208628,1.4384299217449625,2.4757045943813294,5.370404417581343,1.0793001548237453,4.603890287292763,34.0,1.0780599691261665,0.018685789492120842,1.386898196196107
1404_right.jpg,0.07008736115727489,0.014401444609256017,1.3415595697517708,3.75530764690807,8.133921414284528,1.091399234480914,1.537873864577804,24.0,1.107901463014928,0.011553897518070018,1.3374091627687745
1406_right.jpg,0.028410128552258596,0.012259708911315616,1.1257220506853491,1.6078713403635012,3.428221656226037,1.0732721228037085,0.9528271174597629,26.0,1.0989593121203525,0.0037001453061354128,1.0687804843677025
1414_right.jpg,0.03324891609167803,0.008367726941181267,1.1929446268897288,3.068399158914206,7.480334758725759,1.121785704957526,1.449741538266381,16.0,1.1151222015445033,0.005708357306923875,1.3668898390397481
1418_right.jpg,0.016701584451155913,0.005205924232942436,1.080705034650537,2.274473363614326,5.834951913592389,1.0807636841969979,0.3174344044477095,23.0,1.089494098476904,0.002326340706881071,1.155187627476647
1421_right.jpg,0.023658291040051477,0.00677730381625515,1.1935665929102979,2.458105837212342,6.090532015868072,1.0740847639873232,0.7265103631513944,20.0,1.0782889615926396,0.0032122136770765222,1.2797556905830023
1423_right.jpg,0.06026736132145958,0.01706851638698734,1.2980193945392848,2.6579136587514434,5.65398816850875,1.0755604897675441,1.918378061832354,36.0,1.0778952523332428,0.010455160436986329,1.2642113671429571
1424_right.jpg,0.040182803913807866,0.009848952053092296,1.2315323222479926,3.246728243558846,6.874521533907026,1.0639979033082465,1.656833055660386,21.0,1.0944050563533891,0.007170405279774671,1.2333645493820595
1428_right.jpg,0.04660921693518172,0.011564880729361808,1.2342025769179967,3.0172387177338478,6.431820988683668,1.089557690054111,0.8492569002123143,28.0,1.0913956594158287,0.00701386286998876,1.2521678130372709
1429_right.jpg,0.08565828026621647,0.023147696775948152,1.3930618330209008,2.7738531832088116,6.663424919350851,1.0925107098640476,2.9762057481822053,27.0,1.0929250704500972,0.013670020884754129,1.3492041038323073
1435_right.jpg,0.01027534475151011,0.0033270612818315066,0.9347690170200805,2.0371449915236512,4.765428669789197,1.0741969048482838,0.10143479517778983,21.0,1.072078122328896,0.001257791460204594,1.0073080672234904
1439_right.jpg,0.10136950330256328,0.02739006605126548,1.4263356632937498,2.711859029162781,6.116795670957281,1.0881091780261951,3.7368452946048034,13.0,1.097494280462933,0.017835861595329953,1.3656216139334958
1441_right.jpg,0.054012808158861746,0.014569395969441153,1.3176151573020307,2.696838098423767,6.955630480023691,1.079322252315743,1.890333021351542,38.0,1.0878824518059422,0.007280087416375817,1.360200893812549
1444_right.jpg,0.029838333434755268,0.008149252520335099,1.221514114860466,2.689921261227962,6.361906919143268,1.094229301109515,0.9635083875940689,16.0,1.0857948322734778,0.00456905819590661,1.2347635828666688
1447_right.jpg,0.0048499147987940755,0.001870393337164867,0.9704956197736282,1.740514642942127,4.644728485599879,1.0904037212496753,0.5545640622321708,13.0,,0.0005192736219083053,0.9779245627525139
1450_right.jpg,0.07556180164853707,0.01822821559499429,1.363301441263334,3.0976196526433086,6.7534093680911536,1.0777074314980393,1.9416308774784687,28.0,1.1002338611958722,0.01257899432766408,1.3422570280893593
1452_right.jpg,0.029547224993508356,0.011666734999749446,1.2031311969522445,1.7578932631564677,4.083296137295504,1.0678504403916567,1.0477739359400127,20.0,1.0762048461473557,0.003922318951497178,1.1138082706533547
1468_right.jpg,0.0005445317027356474,0.0001798453330136083,0.6854312873974618,1.8714077439220003,3.314757303333053,1.070401053804918,0.04995703694822453,1.0,,0.00011989688867573886,0.8532495523311783
1478_right.jpg,0.08484679202225022,0.020705065728480757,1.372516779338098,3.058787580510334,6.455956472523359,1.0769232879811623,2.9714503054650914,17.0,1.0869169737385669,0.014845365726103597,1.361675096055509
1479_right.jpg,0.009093084469968891,0.002268285873813512,1.1136183897981173,3.3265477596768775,7.057863266783174,1.0604540485095089,0.5982292414453219,3.0,1.0624603867717217,0.0015055435909707266,1.1998816183050158
1486_right.jpg,0.07645952924071893,0.020324367683553505,1.3574674727402753,2.8746169562314505,6.636725984671477,1.0754369761370386,3.258717068157321,21.0,1.0784573107876603,0.013435941142556338,1.3525014207303772
1489_right.jpg,0.10431683405546792,0.027080047121777848,1.4345339606339964,2.9116464523354217,7.2022570694376045,1.0843735314022287,3.943453866581475,26.0,1.0915031014096395,0.01703172733262784,1.3773841368076751
1491_right.jpg,0.03814004199644645,0.010680827006945566,1.2206681483240707,2.6815105031545396,6.627087674137652,1.0824033549038117,1.211435955419157,23.0,1.0909503270396421,0.00597641738006784,1.2241527948561002
1493_right.jpg,0.07154389703431101,0.021289947249040743,1.3535018375889976,2.5276314606906567,5.868171392781107,1.083066732074222,3.8566376656229777,26.0,1.0819484440098066,0.013517841851709013,1.3235054203522119
1494_right.jpg,0.07860284196442181,0.023282203566851654,1.3926763249163412,2.4369798283766566,5.705567615267797,1.0923413344496777,3.613145073420237,26.0,1.0993391883340862,0.013120233047857236,1.3369324639046691
1498_right.jpg,0.08476127844271998,0.01948178350651059,1.4128884902562595,3.2880005468410847,7.154966692047861,1.0826214286236049,3.1040378797842956,20.0,1.0829383552351854,0.01514139155596475,1.384016031503751
1514_right.jpg,0.1464182825071276,0.036705327422268,1.5193960841204093,3.0410562001068158,6.866473404601225,1.0934603135117595,5.721990854765921,23.0,1.1050896135895432,0.025564860010249827,1.4661229459860317
1515_right.jpg,0.00032115938538122623,0.00024086953903591966,0.5564786597790501,1.0,1.0,,0.0,3.0,,0.0,
1541_right.jpg,0.14334652054628408,0.03613094245625736,1.513397762470594,3.045399642403566,6.649562468359214,1.0967587192297767,6.719920775670856,19.0,1.1063284956666586,0.025101177754535946,1.4619899733813613
1556_right.jpg,0.04313227298135068,0.008902891407083693,1.301654067221331,3.7505734493045044,8.63426461917125,1.0906121083028875,0.9654962142385284,13.0,1.1107438800886529,0.00670257635042431,1.2990460630136773
1610_right.jpg,0.12391010621878337,0.03285748263001553,1.4813906823376746,2.874101555797615,6.3717897636260625,1.0785124612310182,5.414678332683909,16.0,1.0851212639949608,0.022544291562716652,1.4398582920073126
1611_right.jpg,0.09657292565838294,0.027461016966264344,1.418570863642294,2.5491448800429986,5.067177183604462,1.0792196296726893,4.240304090379053,29.0,1.0841077792324858,0.019227759857445015,1.3768619264687074
1663_right.jpg,0.03695332691430599,0.008873460700349669,1.2802401780410968,3.1774011525232018,7.231827014386011,1.0845652084590076,1.0135306339634116,16.0,1.0985657077203859,0.006547407895403638,1.2582047236695528
1833_right.jpg,0.08274889850034359,0.02041311289866203,1.3831832092978724,3.097536129996257,7.154605050375838,1.084222138181679,3.3348154735437974,28.0,1.0904720449205216,0.012904725332470997,1.3691837849119355
1867_right.jpg,0.12213397196875536,0.030981901961378726,1.4741670787402643,2.970893580339552,6.241642209030405,1.0959182495110857,4.951445518941806,21.0,1.0950545314048639,0.021983407605016117,1.4316565078377421
1890_right.jpg,0.12356144729264128,0.031903284800598154,1.4754452048465903,2.936091635334916,6.428328265456318,1.085276614080118,4.950945226379445,18.0,1.093518467231956,0.02223378565438361,1.443731252329891
1975_right.jpg,0.12008293956975098,0.02566939808999741,1.451710230603923,3.7631368539960066,8.01900263276146,1.0778732330486263,3.738261857766613,17.0,1.0837168795110108,0.020485674980561037,1.430622637172449
1989_right.jpg,0.044930163880085784,0.012425354956330452,1.262197291196117,2.6754515113940154,6.147675812157248,1.0789370964086167,1.155146176215038,20.0,1.0812394463203858,0.007634009512377643,1.2342946385194362
2004_right.jpg,0.10215260232440626,0.02850934815563416,1.4306607802797593,2.6589939442268773,7.011347643448687,1.119050791911292,5.204648812531581,41.0,1.1308799557880558,0.014229408792319353,1.3472755653494697
2020_right.jpg,0.07395251608212233,0.020500287811922483,1.3556645811119061,2.630024365169345,5.697117641089898,1.0844500388886453,1.9692394696181694,25.0,1.0959857824308434,0.013163608454601456,1.3164770642882706
2066_right.jpg,0.12567629295031213,0.03399482312338223,1.4822165862514376,2.8180122704727677,7.000557265693763,1.083986001945059,6.597980003045222,28.0,1.094845001397835,0.019626452824442978,1.4104735018115615
2070_right.jpg,0.1352279792746114,0.028129533678756476,1.4842378638295146,3.760190066433381,7.431011941939248,1.0853545728512015,4.974093264248705,24.0,1.091469165482294,0.02277720207253886,1.4602363575293165
2121_right.jpg,0.11204327578717688,0.030229410160314364,1.4600255168992808,2.777032707911731,5.643756943685686,1.0785017184080832,4.4447587203135575,17.0,1.0806646522854741,0.021142909094582444,1.4097493834626438
2125_right.jpg,0.06184796550087359,0.015113566357292182,1.393824120038459,3.109135691700119,6.6528940563793695,1.0964720272037494,3.02978276457578,20.0,1.0811007916561384,0.011245543694517104,1.38460578268858
2132_right.jpg,0.0035861470609500398,0.0015978598799797556,0.7538290983550222,1.4836951973092938,4.2903168460670855,1.0545437487609655,0.07230135203528305,7.0,,0.00039765743619405683,0.9435244603212326
2136_right.jpg,0.022394200528050807,0.005437004952369414,1.1207403852302826,3.0154458319859567,5.2619691330984875,1.1168576902216283,0.3533800804696926,12.0,1.1248797445159044,0.004099208933448434,1.2029500292951398
2152_right.jpg,0.14770763649592256,0.03570670681797512,1.5215264836680782,3.150469385648556,7.551516298227303,1.0897095180012644,5.75996119605089,17.0,1.09228046447028,0.022393112299032934,1.4701908510173027
2154_right.jpg,0.08249187147848214,0.01699416362057475,1.3744748675586391,3.90357092474812,7.629380620182242,1.0931282116801917,3.534139790375023,22.0,1.084224822906084,0.013879071833915626,1.391950477940919
2171_right.jpg,0.10769192335556721,0.03033300856878763,1.449541004524937,2.6205520508045224,6.58434485886089,1.086712100702628,4.9464138499587795,33.0,1.102242139184364,0.016548002698043917,1.3617391653122215
2172_right.jpg,0.052408773203254676,0.013273505271332782,1.3410556331373116,2.8731392395431015,6.380511219518845,1.0859450153836476,1.9796049926653096,13.0,1.091164616098729,0.00867473059606414,1.3111604471526557
2175_right.jpg,0.00012376885689939973,8.568613169958442e-05,0.43137853849725694,1.0460237291525663,1.8284271247461903,,0.0,1.0,,0.0,
2215_right.jpg,0.06804602788227485,0.018708885714860488,1.326465283213157,2.7358330251908014,5.796213451463517,1.0773026167002377,2.212878955521133,29.0,1.0781369284461564,0.012211068418193888,1.3046230282760232
2235_right.jpg,0.0792724839013096,0.024631900730772014,1.4075840361111016,2.324795038309143,5.4209877796491694,1.091071831650398,4.069893640112872,31.0,1.1050191629666783,0.01238152087403227,1.3225705189028383
2329_right.jpg,0.03899199218165681,0.009967390328789254,1.2397445049653253,2.87571600990472,6.392111528098484,1.0759454669979638,0.6980663561933445,24.0,1.0819002341256856,0.006053232545848001,1.2832410782382213
2330_right.jpg,0.14325501820279707,0.02498657170708417,1.4892455880659066,4.517790982906048,7.99859163596356,1.0802750920585624,3.431674856267531,20.0,1.0821379025667965,0.02209202856744982,1.487703635445708
2331_right.jpg,0.1485675306957708,0.03858824718306301,1.5259538886376078,2.9553744138879385,6.524191315667985,1.0800161213919464,6.4170582588045075,26.0,1.0945786758643903,0.027659036935981002,1.4690936419160014
2332_right.jpg,0.023820715379600007,0.006929386969113433,1.195018380552925,2.60894688026416,6.585824922146976,1.0716835924549826,0.8592237671402506,18.0,1.07815387057337,0.00359863130708152,1.2150796390439604
2333_right.jpg,0.1255038254531412,0.03167764825139382,1.4761012880001663,3.0266730727685283,6.563473255681403,1.079275954431156,4.766731832114498,26.0,1.0822166680883338,0.021776120483672435,1.4373677267961102
2334_right.jpg,0.1524666809706054,0.03840108576874523,1.5304630966792443,3.01889837817261,6.812287525520432,1.089999992776014,6.187285129059783,20.0,1.0975186282130613,0.024759120008382773,1.4729679711167338
2335_right.jpg,0.07541026571509213,0.022060602395064716,1.3740028650522007,2.463699905770033,5.379263027990532,1.0771244068702452,2.5704608685133663,22.0,1.081553819744912,0.013991371315672754,1.3036159799884042
2336_right.jpg,0.11724302360383303,0.02920422667390389,1.4623627674240807,3.013909752442624,6.748063573255885,1.08403418001342,4.869907522485276,19.0,1.088298477916352,0.018967275236012965,1.4277206552416437
2337_right.jpg,0.12441579129284823,0.0278216090848524,1.4680947743548003,3.492030099753788,7.635843801860002,1.0838776883739225,3.90724794493786,6.0,1.0947637124191716,0.021539956619529226,1.442588527527227
2338_right.jpg,0.07243517052238246,0.016120572087981257,1.3381995132118283,3.4476973164491316,7.342700942232714,1.0816815683351388,2.2479880506946284,20.0,1.0860272080174613,0.012653674960909985,1.336538872428631
2339_right.jpg,0.13025679384220396,0.03672237861550669,1.4983035603653971,2.660988015671798,6.748319844010827,1.095207795738453,6.822902715515281,31.0,1.1166394198473761,0.021034756371833035,1.4194110095962262
2340_right.jpg,0.11255303097106689,0.028947806746813243,1.4555491000706748,2.9253912290166992,6.762858590397605,1.0818336531995156,4.849945621821816,18.0,1.0997760502928613,0.019654527105807198,1.4108672730395766
2341_right.jpg,0.0007561471536131385,0.0005440570983314046,0.5841351474483817,1.0210617065613439,1.2259346703853244,,0.09221306751379738,3.0,,0.0,
2342_right.jpg,0.06679918685346338,0.015707147077379104,1.3692762994006737,3.2051604921188614,6.1397610872045085,1.0765398113009172,2.052894581359717,17.0,1.0897006095548076,0.011761583833204818,1.368238970129336
2343_right.jpg,0.0682635227314627,0.01915489841819992,1.3912180195382575,2.717015911173978,6.437884054140009,1.0745589042558554,2.581025773385937,22.0,1.0860660096951253,0.011070756977987537,1.3548042197574564
2345_right.jpg,0.11109108838531734,0.030364463666261207,1.4618734009605918,2.709615713632544,5.771494471046002,1.0978508849513384,4.955624633959544,18.0,1.0979727451685724,0.020022725793775936,1.4067529814940236
2346_right.jpg,0.044640354446403546,0.013047606130476062,1.263780111129084,2.430161182973535,5.592811261396024,1.0906929601605726,1.1754600117546001,33.0,1.0927362234632005,0.007712826077128261,1.25360081107434
2347_right.jpg,0.08064334720503881,0.022530444473982884,1.3639812192011718,2.5723546053177655,5.957636943237108,1.0814630632444526,2.9140806331223605,22.0,1.0929318494438673,0.013282072780441918,1.3164528388947172
2348_right.jpg,0.10750102307346425,0.027549726422577338,1.4388249692186126,2.964866720293543,6.638935426611207,1.0885189396243777,3.8396831250978867,13.0,1.0942338389750812,0.017389722784982797,1.4000670599310259
2349_right.jpg,0.1165656882115444,0.028049945173499347,1.4595285349721225,3.2187334476725526,6.8131745042719745,1.0873383082860113,5.81110375599428,33.0,1.0979503412527205,0.020121578396842803,1.4273862885808397
2351_right.jpg,0.06359720563217143,0.014876751004452167,1.306557247794314,3.174190993830849,7.263997214779708,1.0821748256783361,2.352770840120172,21.0,1.089137864370483,0.009923866748712009,1.3139038792992281
2352_right.jpg,0.09778452598339403,0.024011057192724044,1.43696192746511,3.069975348484147,7.690775692973732,1.0825449732508028,5.246113336225421,29.0,1.092624093300469,0.01662614380403749,1.4390354342129887
2353_right.jpg,0.08226591277721354,0.022166977418686555,1.3979075863014554,2.7572797665033417,5.920349264868186,1.0818852603688063,3.132784590742116,24.0,1.0868404386489157,0.014643241522533311,1.3868725986421881
2354_right.jpg,0.12755125255946814,0.02974797138451427,1.4790048718206121,3.2380631325741294,6.99368913946329,1.0914383494495856,4.449050784903561,18.0,1.0980509812824022,0.02263454586819687,1.4583524343199734
2355_right.jpg,0.09593631471183861,0.0246707765980062,1.4248958946086734,2.9906198907103074,6.733949520202863,1.0773618518436252,4.083824697629144,20.0,1.0926719292910076,0.01621781890195464,1.4143804207090578
2356_right.jpg,0.0960915002765223,0.024300589278562847,1.4202709694363476,2.965711630525766,6.046292557240551,1.074486917634213,4.100158285180312,16.0,1.0746976769394623,0.017830920914621354,1.3903441392378117
2359_right.jpg,0.09964984614451805,0.023803388357510624,1.4203240556698755,3.242144175110746,7.58856543344318,1.0719039967983368,3.334798623637659,21.0,1.07652952682245,0.017138843835422635,1.4035908977215301
2360_right.jpg,0.0030996032913627094,0.0014559511368594069,0.8687949364002236,1.3461191320410655,2.9500402199818407,1.1119454225684033,0.0,11.0,1.0647609186655056,0.00011667901096782703,0.8274973214800823
2361_right.jpg,0.08372023295748798,0.022123692794127,1.3921574289152534,2.843221815315517,6.8277351081738775,1.0858546667194378,2.1351407830060967,28.0,1.0890827603705386,0.0132833013819358,1.3488663588538443
2362_right.jpg,0.10674491433985105,0.026890181320561066,1.4307120163693274,3.0127645406177925,6.900623596811382,1.0793414222254756,5.105397510460802,24.0,1.0892162117200526,0.018195215663570095,1.3820694174056793
2363_right.jpg,0.11561356120465503,0.025213944917072677,1.4606395494940851,3.607663572367359,7.492469377345869,1.0820966960572047,3.7361472243960314,8.0,1.081388146500062,0.020119657688132685,1.4490830830369368
2364_right.jpg,0.07657632302308783,0.021741577777152347,1.4031613234189118,2.5547771622996125,5.378325049820095,1.0829422462537523,3.2835176793973337,28.0,1.0883074257746428,0.013377989173773136,1.3844374059332363
2365_right.jpg,0.1089725914079303,0.027594090132004433,1.4446142889403455,2.9902575687877757,6.47259402203491,1.0835035653522793,4.41184580598908,17.0,1.097060847802222,0.019823225360091845,1.406376230291111
2366_right.jpg,0.12650249489909296,0.03133775075251005,1.4793093108712978,3.1078175822833534,6.507761310993699,1.0785864945087933,4.898890931496333,23.0,1.0844370900415699,0.02208541241591079,1.4473899824539092
2367_right.jpg,0.044048846837959434,0.011907786895455609,1.3388428411972586,2.7738069446000453,7.091895010473123,1.082004808700766,1.5445246600800164,9.0,1.0801977017387572,0.007877075766408084,1.3311220119036733
2368_right.jpg,0.11126747553560852,0.028841086050542537,1.4318816119657063,2.9585288370512663,7.398187355091459,1.09706109622832,4.183804871687594,22.0,1.1219683572051415,0.01899012730720538,1.377246505999462
2369_right.jpg,0.11247073845499042,0.022481987048916182,1.4395913438981522,3.9899896807333266,8.347885681412638,1.0885830043278313,2.7868138104358575,20.0,1.1065704057057448,0.018702054135125,1.4495924455811016
2371_right.jpg,0.0818045902699208,0.020233958299660577,1.3826752279185397,3.137249294533856,7.799136985895261,1.084114289988094,3.333602715370939,18.0,1.0801336961136514,0.014283982544043963,1.3493228796300532
2372_right.jpg,0.06651889168765743,0.01587405541561713,1.314471193395105,3.074836259445486,7.8450229672028975,1.1024672041451646,1.6624685138539044,25.0,1.119369583441167,0.010146095717884131,1.320697434458594
2373_right.jpg,0.12228221069590557,0.03141398275766284,1.4737343672740568,2.8840830182705157,6.060714519290601,1.0793526761819672,4.5454315887293495,26.0,1.0847172445943267,0.0209847425013005,1.4294676553613024
2374_right.jpg,0.1273858095332869,0.02946064285003483,1.4778483027424445,3.3743926111958116,7.728167395663825,1.0819412618172923,6.368792914717883,24.0,1.0823107962475633,0.02039008856602647,1.4379791136712747
2375_right.jpg,0.02668937529375496,0.008950366151342554,1.1764482116322135,2.1927925647879443,6.644719305206141,1.0851780728327947,0.9096927765339694,24.0,1.089924806613804,0.0036741480474455322,1.2319977943487894
2376_right.jpg,0.039919869059214554,0.010402964242320786,1.2224347041503785,2.7987078886269448,6.363460820474419,1.0988020723071232,0.9539397712552843,23.0,1.0956646207308256,0.006195587777521163,1.2230341068778758
2378_right.jpg,0.0877039876913764,0.02240270386157843,1.3889797155101622,2.9860364849521814,6.71811941627899,1.0694308475793826,3.0771559008247786,21.0,1.0753090516523596,0.014699725073776074,1.3638582329077618
2379_right.jpg,0.031344944595028235,0.008015457406787878,1.1812964035419045,2.8572684214310446,6.715925970495856,1.087936933748422,1.5020448292106754,12.0,1.1201868277725036,0.004806543453474162,1.2277301953022943
2380_right.jpg,0.1310632117244788,0.03433928769555087,1.4932775404190184,2.847982148825674,6.050309612823167,1.0909553629386026,5.648406846676013,23.0,1.1032435289035922,0.022734837557870955,1.4379305658859136
2381_right.jpg,0.12675396635573627,0.02761002152595073,1.4771836136585603,3.610916824852549,7.664114370093035,1.0898810857665588,4.63405883759866,22.0,1.1046550537547024,0.020484533205772145,1.4443349695052115
2382_right.jpg,0.12178958459477371,0.03039852775009893,1.483942283089323,3.047233663864161,6.243413028291123,1.084801010003436,4.1001778332943974,23.0,1.1018458033003329,0.02171663957053021,1.4458425015341747
2383_right.jpg,0.08158716892523829,0.020844526694923687,1.386755966162629,3.012361121435752,6.805408763800145,1.0778690286958597,3.8306170775874078,16.0,1.0768808346468395,0.014322528008278114,1.3527083211246909
2384_right.jpg,0.0012087153790991461,0.0005502361054108054,0.6031898170851953,1.6813953475139212,4.602378596455089,1.082373847535961,0.09020264023127957,4.0,,0.0001262836963237914,0.8692803572458798
2385_right.jpg,0.06194529103306427,0.015029700530806602,1.317931384292454,3.2215992357327705,7.791166612995686,1.0827422921426684,1.7675699127463216,20.0,1.082174297863413,0.010091217320042636,1.3298330522545663
2386_right.jpg,0.11700100073923954,0.02576274936762332,1.450066951498531,3.5818043223516005,7.9051581444650765,1.0833887293107916,4.777398379707623,20.0,1.1054874915265294,0.019516929591205563,1.4164272834848373
2387_right.jpg,0.11477194484247352,0.03218918063903828,1.4836681328974575,2.6500280643092395,6.519642689864258,1.0898175805149888,4.419673595474254,43.0,1.0978265057122476,0.018790591212758435,1.4062286848658065
2388_right.jpg,0.11461435248228012,0.027952773579541203,1.4523246938381444,3.0994378049302043,6.855637713205119,1.1413030981933094,3.7410028880542296,26.0,1.126120276281291,0.020799976057581517,1.4112326121370982
2389_right.jpg,0.11835037167676503,0.03101264863280559,1.4666396219713675,2.8776372378018746,6.241983530966085,1.078939594688558,5.508194070353283,30.0,1.0761920986715463,0.01898558268102503,1.392617070703067
2390_right.jpg,0.04333323225278224,0.012923148457005387,1.297794452444917,2.4654378038509757,5.535748743358933,1.0836337322830847,1.2635068886395568,14.0,1.0953722862800053,0.008571630732530753,1.3240485162113738
2391_right.jpg,0.11262989276201292,0.028021290641258235,1.4728256870887086,3.0574014071158424,6.30649779490835,1.077197594743591,4.15472184137272,29.0,1.0833546395589804,0.0193471547079923,1.4367806445296083
2392_right.jpg,0.14234471485652017,0.03534527989667837,1.5125638493914755,3.0273845756336324,6.752663981504049,1.0873303762493085,5.650401582112443,14.0,1.0974284500928606,0.025477257133631998,1.4602047009139596
2393_right.jpg,0.10489556499162395,0.025634277558746275,1.4286070791170482,3.013716557599014,6.8357631912870795,1.0807692363306496,3.0366370257152546,19.0,1.0877519855776334,0.01844756993122017,1.3933067511984847
2394_right.jpg,0.06841343559798092,0.017291197071237312,1.3237010856668932,3.0256590895734137,6.204576781227624,1.0808474568470794,1.664069709392917,30.0,1.0914536909224475,0.012818379397808471,1.3089184577503976
2395_right.jpg,0.03544022204987959,0.009969794685497368,1.2104507683385521,2.551339438679348,5.431002611725378,1.0794919690929767,0.7143148699946936,26.0,1.095728146699044,0.005653291971100862,1.1646820529668112
2396_right.jpg,0.1501919504643963,0.03359504643962848,1.5202772001507292,3.468552927313234,6.9923237054429865,1.0890826382683452,5.993808049535604,14.0,1.0967605217864587,0.025644582043343654,1.484919873792755
2397_right.jpg,0.10738349171680334,0.028549100545533786,1.456900194987652,2.761388054101878,5.767908771996839,1.0810813857051198,4.207974110940231,23.0,1.0846883854337461,0.019211405613637843,1.4148547575227275
2398_right.jpg,0.11277645122696135,0.029314809860114796,1.4543995912465761,2.9297202949365486,6.689368415106966,1.0827408261370586,4.29095718634365,21.0,1.0908983102150027,0.01937998192749797,1.414963781815501
2399_right.jpg,0.12844506659363175,0.030492072669730075,1.4749454887011446,3.2311352007372403,7.076101825181818,1.073779628974899,4.209650751143706,18.0,1.0888602279473625,0.022995851211669353,1.4386816384583605
2400_right.jpg,0.14715831318603517,0.03271991147425778,1.4980490325762437,3.5115390944385285,7.508257602313892,1.092160212198451,4.929751047572098,25.0,1.1057833497435645,0.025818260007656847,1.470362876440859
2401_right.jpg,0.11713983896810194,0.028804795576424444,1.455729921488276,3.1172478350042505,7.393250573347239,1.0909174811048945,4.296205692219824,36.0,1.1026926799226686,0.017968248512754678,1.4078206242917315
2402_right.jpg,0.1524980923841913,0.03785417224633763,1.5313251448293952,3.0697727393098253,6.577090841552619,1.079659987759493,7.83259471122992,24.0,1.0872909371809054,0.02527654112617552,1.4847352891831658
2403_right.jpg,0.12679286618971006,0.03236328249165,1.4858208478488708,2.9503675182804594,7.556518825970069,1.0915522071532013,5.330307935312557,20.0,1.1079679588496205,0.019922637182076472,1.418402853997857
2404_right.jpg,0.12004839483510295,0.030132042804397255,1.4660508612734264,3.0294611928538684,6.893037035627986,1.0881443040056804,5.580007926740232,22.0,1.1077705111776641,0.020880702559502702,1.4409898479377836
2405_right.jpg,0.05918216964276701,0.016236486418282577,1.3528454111191166,2.711452850294092,5.794076239664437,1.0923125907616893,1.8169521636872017,13.0,1.0993866008502184,0.011315574308296406,1.3152036791018065
2406_right.jpg,0.019978174250691573,0.007121285181331371,1.1342034424587744,1.999651020864675,5.035742594534834,1.0860920216041536,0.20303022612491434,27.0,1.102629914007092,0.0025835596274395353,1.1660003348417818
2407_right.jpg,0.12620603954294257,0.031960679322294176,1.4852020150441758,3.043835987831248,6.721878624611048,1.0791172183034332,5.354562996938807,16.0,1.0820437481195055,0.023504510966751196,1.4466013937922095
2408_right.jpg,0.11691281951797265,0.0290482486815975,1.4597899951936226,3.017220042285435,6.328053324747316,1.0866245297712287,4.186215099984174,25.0,1.0916238307072514,0.020599241376141636,1.423912815050467
2409_right.jpg,0.11918197846833148,0.03282291187778176,1.475222309515012,2.67558923872706,5.703961480637716,1.0823175847453002,4.7994099251797255,35.0,1.093030247570548,0.02194593338419024,1.4145441594802872
2410_right.jpg,0.08001495699862894,0.020874984419793095,1.3907911632235452,2.81895236641406,6.352110785652867,1.082339939790196,2.5925464290165774,20.0,1.0825341809521352,0.014029664713947402,1.352728383942057
2411_right.jpg,0.10423859770806665,0.026922821923816422,1.4334399939811184,2.9757578679178476,6.726503306875704,1.0787137914075045,5.813983139448895,27.0,1.090430570965968,0.018196747229433034,1.390698543334298
2412_right.jpg,0.13385450225515463,0.03405384181701031,1.4965033421026004,2.976871839425443,6.5178376332263985,1.0863455148191599,5.28551868556701,18.0,1.0982658676756833,0.024091897551546393,1.4522549394348025
2413_right.jpg,0.10105810302608452,0.026680420837568917,1.4307833806801664,2.817718163431547,6.044351959694928,1.0886473298479251,4.30652438444243,13.0,1.0956641119560169,0.019314261105574947,1.3924344970905707
2414_right.jpg,0.11408626849162178,0.0291879879820029,1.4576216182279362,2.981015105649795,7.487850885531698,1.0954218211269817,4.384675558921569,16.0,1.1042204135207958,0.01996522155068037,1.409864635945836
2415_right.jpg,0.024243421708859497,0.006737885770143835,1.1849894925602913,2.559467452280102,6.526446061196087,1.0869989930702921,1.2967063658307898,29.0,1.0840491726164003,0.0033115885650447864,1.2309242600248556
2416_right.jpg,0.02602392206509891,0.008720262389958012,1.1701177132715805,2.1221294993533744,6.248596151420785,1.0778931426778022,0.8798471021258084,25.0,1.086672875635027,0.0036269252765408324,1.1516322690259042
2417_right.jpg,0.13165727569042626,0.033711499103014374,1.4951594561326984,2.8890604814427476,6.322390996438298,1.0911928670453266,5.963059352654319,29.0,1.0974076014140004,0.023589458523890137,1.440536201759301
2418_right.jpg,0.12264323352928634,0.031362634908064534,1.4748327554470502,2.925469072294758,6.5336851237215825,1.0777910811027718,5.685683246525134,27.0,1.0820152803749272,0.01956484217152488,1.4218262967737059
2419_right.jpg,0.06322259102489926,0.01402296050427845,1.3577989465974516,3.50696102358403,7.646054482139502,1.0851872809845997,2.8421490707187593,6.0,1.0848164945632628,0.011114832972989434,1.3624359289055787
2420_right.jpg,0.14937122012095613,0.03901012009720952,1.5279663511466255,2.882237055171725,6.245831409960681,1.0924071256964496,7.0734578598748,21.0,1.093293127684065,0.025878750827341947,1.4656800135791606
2421_right.jpg,0.10816066756240718,0.0308777920332973,1.4564597157846404,2.557521217834539,5.783534653998365,1.0845113299782996,4.040934668188752,27.0,1.0942269993300457,0.01945710042732884,1.3861032590607028
2422_right.jpg,0.1201585957582733,0.027318220766512365,1.4523066629945531,3.382803361238146,6.79643316639446,1.087369196157954,4.208263406868089,14.0,1.1016933255804855,0.020645841678032358,1.4130357447018582
2423_right.jpg,0.14536541392983932,0.03504995923245603,1.5200774822009457,3.209239942409934,6.78410694973516,1.0782072168450816,6.431649794136564,13.0,1.0853461588777804,0.026121613888312124,1.4813153964112213
2424_right.jpg,0.049226252674528535,0.014703687117480222,1.2644481050318306,2.3807957401412323,5.389468647354617,1.0813999607417009,1.5425187838980943,34.0,1.0857236359731648,0.007722545653580136,1.1932090515825902
2425_right.jpg,0.11684475806451614,0.024889112903225808,1.4576313070617575,3.6642930162399288,8.298764901562846,1.0933103214885596,4.082661290322581,13.0,1.0879047874494059,0.019571572580645163,1.4254139447697929
2426_right.jpg,0.12027764961186856,0.0294381600896429,1.4645084325069186,3.1112975095622115,6.406525067050558,1.071409789140581,4.613972731928184,22.0,1.0762666925985838,0.020985970480715117,1.421435267374315
2427_right.jpg,0.10515437869523472,0.02784375157916014,1.4374509410215808,2.8192359606708166,6.229924065441026,1.0859341270073168,3.9415837081206733,20.0,1.0876783564430732,0.017853352872808127,1.4185833323910344
2429_right.jpg,0.10258973194002725,0.029597657630370033,1.4357779865490883,2.5581432068783303,5.432904881800083,1.088438510042555,3.937604119339694,28.0,1.1015839579023419,0.01859255893785653,1.3575191156892361
2430_right.jpg,0.14631151268912404,0.03132611705729561,1.5063335400341438,3.759039743993531,8.171846080353538,1.0896710487759491,6.36730238622237,32.0,1.0981394100809971,0.02380158272945029,1.4749034525705735
2431_right.jpg,0.12373607281028719,0.03262725133084841,1.4807049815430533,2.826239895920382,6.516964863329439,1.0899347490241231,4.798125195713001,31.0,1.0965176761857027,0.021919856157257292,1.4185585814173587
2432_right.jpg,0.1367772483382718,0.03386521982862176,1.5000583423095495,3.082506845992616,6.7786596007236115,1.0909220141640061,5.105309521902779,27.0,1.0997167544931605,0.023824777768879635,1.4451889750139677
2433_right.jpg,0.11291549989306303,0.024172730573530362,1.4414303462197229,3.5461103805663527,6.723319498692997,1.0858363939314524,2.8848114676229653,28.0,1.0936361876161245,0.01981069668196943,1.424573249477306
2434_right.jpg,0.1201716087562913,0.03441270996301013,1.4863677608094734,2.54407716481114,5.733939286375741,1.0831611664928769,5.103793988640269,30.0,1.0872690474891427,0.02069815859155499,1.4053492981392572
2435_right.jpg,0.16420753706379926,0.04185910197976776,1.553215638339988,2.9973126891977278,6.330794974783723,1.0805242764259624,8.640640316924538,38.0,1.089531388553705,0.02931754100514396,1.4966269897046298
2436_right.jpg,0.13005654849545067,0.03129382757949481,1.4883072779771587,3.215317305365453,7.079207634470657,1.087322664320873,5.240593135322097,20.0,1.092922052199836,0.023063600836498485,1.4537621688912405
2437_right.jpg,0.11400893434670116,0.024195504527813712,1.4374362429507388,3.62404821475951,8.081533001988094,1.0791122716203203,5.154430789133247,16.0,1.094799341078124,0.017065208602846053,1.4184778087362429
2438_right.jpg,0.1175290814279984,0.03030554518168112,1.4900699794129255,2.941684083128995,6.863990972682948,1.082738148687889,4.702823077029476,28.0,1.0983702346587556,0.019124813846586534,1.4315700510913716
2439_right.jpg,0.13314837721033418,0.03621167126553056,1.505203076713102,2.7299038547818,6.275940113218429,1.2354863716173796,6.560266817569496,29.0,1.1067367524589093,0.024513363413742505,1.452238176385948
2440_right.jpg,0.0901920282701255,0.02260496246006794,1.4017425856365113,2.996473940508716,6.027965149665053,1.069890308541552,3.645145122340183,10.0,1.0741385123547276,0.016104453658561283,1.368084896754745
2441_right.jpg,0.10199629324754945,0.026336122656135583,1.4278875974917873,2.9342522484195053,6.245464056556922,1.094634681451053,3.3330471626173512,15.0,1.0972227430612436,0.018033805178343274,1.3877131565377296
2442_right.jpg,0.12389666688560703,0.03242675181762605,1.4786180012408043,2.93269343457326,7.216575702976851,1.0772939064233658,4.5977476089186196,28.0,1.087794319695504,0.019669265320351854,1.4095768722398692
2443_right.jpg,0.12463557219586384,0.03165027057343378,1.4727398354689063,3.004435142878051,6.625191529604009,1.0892375496800342,5.103252439203084,19.0,1.0907975828842063,0.02148924022171358,1.4323217217809547
2444_right.jpg,0.08547203717125185,0.023033468026170786,1.401090181979252,2.7730330333034,6.452894304415122,1.0864664281583165,3.6237999265311798,20.0,1.0952058759643504,0.015224923800919353,1.3913079793464735
2445_right.jpg,0.07238792865564558,0.021649148333040664,1.3866759156917927,2.3995786563322636,5.540007685209886,1.0834080595463835,2.25773273461606,27.0,1.0972035261235478,0.011950931941901012,1.3065504222603033
2446_right.jpg,0.12848168121421027,0.031815907448308624,1.4796654060837036,3.075725213855009,6.317355230125388,1.0999298977259844,6.014444775772401,12.0,1.0954503402020546,0.023547309420440015,1.4437333781827606
2447_right.jpg,0.13521742445421506,0.03298345490126312,1.4898946101487311,3.1420025722481713,7.464229046740849,1.084576697940608,6.099575571199837,33.0,1.0919436465871593,0.022207538058810074,1.43815763290692
2449_right.jpg,0.06026584075364563,0.015661006950205555,1.3251674141382308,2.9183957587758296,6.958228786040944,1.0714909591234656,1.9357336430507162,34.0,1.0735645325306624,0.008406614678391681,1.316253406158907
2451_right.jpg,0.002257538834153124,0.0006030070616612097,0.8835786699768562,2.4483971354061866,5.081138830084189,1.0833375093741058,0.29901176611299657,4.0,,0.0002491764717608305,0.9795516928743978
2452_right.jpg,0.13335725149951744,0.03469481599013628,1.4955890714822926,2.9313204957153864,6.789450780069443,1.1141497267425107,6.619605148132615,29.0,1.1210880876971363,0.02318883055326761,1.4455005539185626
2454_right.jpg,0.12670279332954104,0.037369140644491684,1.4995187022726477,2.5229432862709764,5.679325093711237,1.0823091281865012,5.838148558426394,38.0,1.0822700805909418,0.021481392772671477,1.407831782810853
2456_right.jpg,0.057253579281457384,0.009526510063775383,1.3014007548556872,4.662045114984006,7.961237334694207,1.0787082181762668,1.3431632988090618,17.0,1.0796665581772424,0.007501815757792835,1.313260120507764
2457_right.jpg,0.041737212046585606,0.009984095223436459,1.2247293752831514,3.0656133547170388,6.218364624641471,1.081453046131892,1.0774203478528552,25.0,1.1007898582153814,0.0069057513724283,1.2596076436146058
2458_right.jpg,0.15745379254620745,0.03795071204928795,1.5358735710917633,3.2248066610473702,7.587201069876199,1.0852242003308217,6.362993637006363,29.0,1.0908708293185807,0.02686092313907686,1.4806788768074546
2459_right.jpg,0.1507299251630899,0.035493211114872886,1.5173818702961477,3.269263130184615,6.628936998824144,1.0754058051431206,6.417479800098031,16.0,1.09005399603173,0.02686751188749703,1.4760088840981478
2460_right.jpg,0.09435761245588374,0.02388642342616674,1.4180859864298219,3.063814268222439,6.8990252302724535,1.0878993366396519,3.6940341348721812,16.0,1.089882386529313,0.01614891949501555,1.4018467720873558
2461_right.jpg,0.027141810351273346,0.007347479973880058,1.219415986440206,2.589676101629308,5.330833569404846,1.0779690540074702,1.9440415127633803,24.0,1.085126970271596,0.004745455179873687,1.173575743896453
2462_right.jpg,0.10995411750685258,0.025036745719620227,1.4690715962115302,3.443159825470082,7.967849758088642,1.1012705914157974,4.270448496404878,26.0,1.1088166410304956,0.017930918047113973,1.427786588432903
2463_right.jpg,0.12540262620661843,0.03152960153237392,1.4772703837588321,3.002303242136754,6.825534158542074,1.0875573974393036,5.141517755878721,22.0,1.0963967692198324,0.019260528769816265,1.412385035830403
2465_right.jpg,0.0919089920764733,0.021875397890324288,1.4297553317876288,3.0995042509841477,6.698315946929868,1.0938984328154961,2.5954691922703987,12.0,1.1034174339293745,0.015499358478369458,1.4009506286895856
2466_right.jpg,0.07810028511842994,0.024169579979245796,1.3779462435464136,2.3596405420807067,6.048487939599328,1.083776070903789,4.432936719828325,24.0,1.0956690245138854,0.011641496317640066,1.3140319369538283
2467_right.jpg,0.12586065698080015,0.03219691225090236,1.484630271876223,2.930041247352439,6.617874094996223,1.088744633829708,5.813542014215374,25.0,1.0868583586599365,0.022051017622615184,1.4293926568194693
2469_right.jpg,0.10392851794539011,0.025997104777117756,1.4256306581945621,3.0339574278250563,6.173527946582013,1.0760405375788642,3.843657964358808,23.0,1.079065231856908,0.016637548045724555,1.366956108059026
2470_right.jpg,0.0626107000483962,0.018260830518537736,1.3503043493791091,2.578011807503998,6.170085158675581,1.073863382993902,3.5424015486780855,30.0,1.0768615698255928,0.011126134441622719,1.3389489131297283
2471_right.jpg,0.1477569795054978,0.03755662429406717,1.5256366905807488,2.992371368809942,6.547117925226821,1.092297806771439,7.6330546187463835,19.0,1.0995654234540624,0.024590409291373152,1.4668010929828115
2472_right.jpg,0.10944494407000596,0.031552196275375644,1.4654523435308928,2.5011441049856464,5.456026070869157,1.0976236400318227,4.496630053656417,29.0,1.1255194176476162,0.02042682618756505,1.3989971684851148
2473_right.jpg,0.1649062688973997,0.03762346301148962,1.5429458589265908,3.4358192881473784,7.980655974580095,1.0840581929611777,7.558959887119532,25.0,1.1004096665942522,0.028532553920580527,1.49750286418181
2474_right.jpg,0.12944020177958382,0.03650248721362012,1.500253012342789,2.6550448137250453,6.295180703361268,1.085322839717777,5.755122058632183,17.0,1.09721015697135,0.02449179769995296,1.4398785858069933
2475_right.jpg,0.13932131758856434,0.034486016159105036,1.5161719237457567,3.0684652612419,6.636094241328921,1.0817761570337465,5.270354257302673,23.0,1.092442667191102,0.02527284027346178,1.475264214822791
2476_right.jpg,0.03129776185401029,0.007419669380258055,1.2143342765391167,3.2776651832926214,7.316794449418701,1.0861181876215393,0.5895825302161046,12.0,1.089531880937754,0.005360665774734121,1.2407198213410318
2479_right.jpg,0.14824659392391934,0.030849175161077977,1.500918764685608,3.82282024765973,7.297379346963729,1.0797565648070215,5.086672916957571,16.0,1.0826350609496782,0.026670124274401068,1.4848668310900124
2480_right.jpg,0.10641992186525498,0.02994167336084182,1.4498132271730966,2.6445032557631785,5.732947919229037,1.0878599766953778,4.540397060217639,14.0,1.0890752948086184,0.019982736512276535,1.400054419801664
2481_right.jpg,0.07603777396222604,0.02282092717907282,1.3747256334083542,2.4456416202153552,6.100869437706962,1.0856445488710307,2.3734976265023735,21.0,1.0934606133464189,0.013124936875063125,1.332890813194818
2482_right.jpg,0.1587300785492385,0.04057282853029576,1.54504270136119,3.0017636486895287,6.476286951702256,1.0827889377719049,7.274013083120754,12.0,1.093510516129362,0.029156669108175687,1.4962093898978717
2483_right.jpg,0.12579257703646865,0.03512075441218045,1.4881152751825286,2.6647177811685476,5.651756916997896,1.0824097990341963,5.704535358022697,21.0,1.0853784686247485,0.022510197487985138,1.4234490205247465
2484_right.jpg,0.10912196960180882,0.02593141565130009,1.4374783516436251,3.2052735815429414,7.557653772628367,1.0968941264263585,3.2659213666624796,24.0,1.1130853966024956,0.017108403466901144,1.3901504368007898
2485_right.jpg,0.12721231643290132,0.031759961447738856,1.4913851880669102,3.1085844062767114,6.948180739314209,1.086680372638957,5.224845917772085,27.0,1.094401804692156,0.021249397620919673,1.4394575572038566
2486_right.jpg,0.09298929165213787,0.023488627118044503,1.406315950347411,2.9912033199284047,6.231992809499143,1.088463380720989,3.5879787551229767,15.0,1.084697770799548,0.016342990555024937,1.3855568341335396
2487_right.jpg,0.03358498448317021,0.010304766451818255,1.3202834423961647,2.336515889523847,5.974918928867482,1.0728444251759406,1.4920028646455001,12.0,1.07359095281312,0.005033022996737487,1.3154884763948205
2488_right.jpg,0.09032254896665505,0.02097623969478393,1.3930978499856153,3.24225098457193,6.524229051858339,1.0833397762618402,2.6023892879764703,15.0,1.0875034396076266,0.015329545956721775,1.367829943127633
2489_right.jpg,0.1195890376293747,0.030113621985474605,1.4624158350030838,2.960000982082646,6.312643193939487,1.090942777856029,4.808057291798466,20.0,1.1053385468118355,0.021626135587215628,1.4181271681293623
2490_right.jpg,0.11393819922164755,0.02962007051913873,1.4520230698366339,2.8887912456038563,7.128335225318475,1.0806378623875563,5.080629591618994,22.0,1.0861848047724763,0.018640829971650088,1.3978618253619992
2492_right.jpg,0.10774539314294104,0.028451166091574286,1.473355611531326,2.8302380348934366,6.420490518949099,1.0941997554890377,4.502850989893057,20.0,1.12365348176857,0.018241440912316765,1.4195145928491695
2493_right.jpg,0.1394902560839507,0.03470844001393791,1.5010935049212164,3.105202857881346,6.9812571448080565,1.0882192834921365,6.312461809606052,22.0,1.1059818553759135,0.024744850293655724,1.4542573038931694
2495_right.jpg,0.12394902651998622,0.034132579671387185,1.4847623691122656,2.6660482547121043,6.044670732858969,1.082916411189953,4.963633785125307,34.0,1.08908554449863,0.021206872100326183,1.4211109030081854
2496_right.jpg,0.1198776461448825,0.03282190716644009,1.4890274176012614,2.802316882244811,6.350566778406129,1.1120897038920614,5.7778209361040975,37.0,1.1179627634047504,0.020324334822295592,1.4232142145467277
2497_right.jpg,0.12707835890055497,0.02865273280345403,1.4546479970349655,3.3806531980728973,6.206072072043277,1.0832173161270435,4.742746868151637,33.0,1.079667884861689,0.02389363163575704,1.456963943344075
2498_right.jpg,0.13404404222070962,0.038290080434094854,1.5223001160550305,2.575416208108981,5.979852512185618,1.0814096172281302,5.848009280119644,29.0,1.0939933855662183,0.02131167972082946,1.4404987044109918
2499_right.jpg,0.031643362827386515,0.008211508239301037,1.2361749244057263,2.86938825554784,6.811993669177442,1.084470554370425,0.8590500927268776,19.0,1.1176855009813584,0.00499259700949503,1.2302576734917285
2500_right.jpg,0.10091137035869255,0.03138497264887968,1.4531855386716184,2.2997024687311236,5.712709026734191,1.1462550000141019,4.604397199325356,31.0,1.145811265852633,0.016100375858945293,1.3790403383957301
2501_right.jpg,0.04879430695313208,0.012967999274771099,1.2758843906227093,2.9362668830498757,6.775425843091422,1.0736961412710047,1.6770918321095096,22.0,1.074950243185586,0.008471580092466685,1.3649839913443698
2502_right.jpg,0.09039157241029265,0.021850228155992017,1.4097677757717666,3.1489083588976574,6.811165074796596,1.080214957442386,3.1349678292587044,17.0,1.0835802888044586,0.015963455232161784,1.3917183853171458
2503_right.jpg,0.0690010145014024,0.01833064788844463,1.3913728160546661,2.751995468344929,6.290318057763359,1.0816600336922602,2.1384098187822005,17.0,1.0904136318317446,0.011467844283980825,1.3838782539325631
2504_right.jpg,0.09908611847209488,0.025139298920874183,1.4187131397216155,2.9429673429839407,6.091492538932825,1.0856326825273057,4.937176942376092,21.0,1.0926791977692267,0.017733533507310044,1.380360904764926
2505_right.jpg,0.10885466846799326,0.029635769609610903,1.4389397514333473,2.7559255777395473,5.913157966330395,1.074548115922537,4.844204985225175,27.0,1.072345263898279,0.02006577353879939,1.397948438172863
2506_right.jpg,0.11797275791764329,0.031767176290541536,1.462469410871315,2.767970637075089,5.648786719487296,1.0933481160640435,4.779312694159578,25.0,1.1114333950411908,0.021771294634458843,1.4002413120469537
2507_right.jpg,0.15652928503032237,0.0358083306734759,1.5280971488249717,3.43506403681252,7.305435625164166,1.0875396971346984,7.031998084902649,28.0,1.0978940054523239,0.026357524736674114,1.4885208009427844
2508_right.jpg,0.06722357160692802,0.016153269924863232,1.3564706520219838,3.1376832927762255,7.156756521586728,1.0752668337639242,2.1337933852405055,20.0,1.0778807201813236,0.010805166503983837,1.3634728405105545
2509_right.jpg,0.1243431689571544,0.029906022635408244,1.4687110915717385,3.2293191450451117,7.155420397071674,1.072182557208743,5.002021018593371,15.0,1.0717642020517943,0.021640056588520615,1.4306061912822914
2510_right.jpg,0.02516670350722075,0.005429376657824934,1.1606782036506704,3.5813092983853947,8.18368726373587,1.0851344739676547,0.6907603890362511,20.0,1.0786017380977668,0.0037899720011788977,1.2641717146395346
2511_right.jpg,0.09451371341092277,0.021805891141154988,1.4172716293036598,3.2938207798908654,7.294302867595552,1.0838334441418145,4.057767858789679,20.0,1.08977039545699,0.01586679454783555,1.3948291251019853
2512_right.jpg,0.00626334059205278,0.0023069791509454304,0.8002047625480992,1.7112749134988392,4.544023935731162,1.0825126223461818,0.3234082921886117,9.0,,0.0007114982428149457,0.9271539693510817
2513_right.jpg,0.09593754068969662,0.0242635790907543,1.4171159757969383,2.9970456672421926,6.441354973715989,1.0819332667038775,4.6073256477799704,28.0,1.0756568317270876,0.016861810278342566,1.3932852747597737
2514_right.jpg,0.034496893230090926,0.00838302998795283,1.2356592025252724,3.2717681265209,8.145495471726523,1.0840212492003314,1.3996710772968353,21.0,1.0805641253621927,0.005258764190415252,1.2704736039285576
2517_right.jpg,0.05902518633509469,0.0164940143893483,1.314202053247275,2.7887263949367944,7.444105125885599,1.0898455812070378,1.8907165815844205,35.0,1.1024854553991674,0.009742165965111304,1.28988995585737
2518_right.jpg,0.0712242505104413,0.016986071522429095,1.3843079037446848,3.2160968399153402,7.2857451617974816,1.0883095171653279,2.2237046920169004,27.0,1.0930615492584064,0.01194230497099076,1.3893674642450735
2519_right.jpg,0.10021782226682004,0.03020631929317898,1.4484105932267681,2.425798656508134,5.619164468084644,1.0810238813522777,4.4543429844097995,34.0,1.0914677867319595,0.017812477055238748,1.37216589050369
2521_right.jpg,0.07753021335853186,0.019097826627542648,1.3553865534453284,3.0699813255700823,6.813211033194354,1.0726063100216723,3.1332371810812156,31.0,1.0722067866673508,0.012905953150644054,1.3425279339668068
2522_right.jpg,0.04283247151466938,0.012537069950808364,1.2425414371056516,2.426183659735115,5.707576970088157,1.0862285632699227,2.064336819209409,45.0,1.0942193347268052,0.006731752017763367,1.2109584677101315
2523_right.jpg,0.13464181455213026,0.03426361566164742,1.5006023065069816,2.973311932831967,6.460338432461693,1.0815942356013801,6.169557497266334,25.0,1.0956061520887872,0.02274209243301265,1.439201335763673
2524_right.jpg,0.12889436826096184,0.03131157977707489,1.4781856527903028,3.1611969214696587,7.024814039261719,1.0775419541710953,4.648483684832806,10.0,1.081892089034474,0.020700910496478268,1.4240349267089143
2525_right.jpg,0.12068973460051872,0.032925014626685525,1.4965670605135257,2.6956171940292046,6.14855858073615,1.0846373881508764,8.660840562217544,32.0,1.0942537468827431,0.02097029055277354,1.442423391919354
2526_right.jpg,0.05910385104021774,0.01703315741108059,1.3064598341993412,2.481171768622681,5.798616985200253,1.0786074345808818,1.6571173188846093,47.0,1.09421632883963,0.008953455089609874,1.255745291785172
2527_right.jpg,0.05769376832361981,0.016638732904284245,1.3267225221962198,2.5456186897878563,6.0944297329203865,1.0766625993494852,2.1266791904441216,15.0,1.0832084150987578,0.009959947541913303,1.3206006436573146
2528_right.jpg,0.10833125860588477,0.02711203020125703,1.4333081763586821,3.080512748089947,6.624954196911582,1.0742985722537337,5.08096518014562,20.0,1.0816483374723767,0.018906271435321854,1.4126920715541504
2529_right.jpg,0.12153217785541548,0.02896436126439509,1.464665704533932,3.1715525689736292,6.353309005706751,1.0785838495435147,4.695286033795962,27.0,1.086029005934753,0.02145695230498155,1.4352011795902313
2530_right.jpg,0.12932518398403392,0.033059748035424726,1.4905101837328538,2.938327429997415,6.330897825608931,1.0778507146841367,5.6380192091804915,20.0,1.083269786693698,0.021564176125732817,1.4429487916266186
2531_right.jpg,0.15897683349666455,0.038304074658123695,1.5357597869541684,3.2581093638330603,7.726590179337738,1.080180285047704,7.810051586136909,16.0,1.0960485027609033,0.02663874283042239,1.4811280661904191
2532_right.jpg,0.115853257930672,0.031217308246281668,1.467576284227055,2.763333230978077,6.341328611995199,1.0852653286651477,5.00325969950119,21.0,1.0863112047694452,0.019962500821242124,1.4087478944500853
2533_right.jpg,0.059021681433996165,0.013974521252705076,1.2888152776525275,3.1875248036448474,6.83987689010421,1.0817693474984253,2.041566289657425,27.0,1.0946588006184752,0.008911436854354662,1.313527879503419
2534_right.jpg,0.07161266196357462,0.024979280790766306,1.3765340924196752,2.0258638730501755,4.250927290977213,1.0935465054692357,3.284752683390269,24.0,1.1118474174802624,0.013139010733561076,1.2851106066380864
2535_right.jpg,0.10292499614642521,0.028755640836199154,1.4282899509324822,2.6749184208851546,6.3068036453596505,1.0866138463249817,4.3585259677787995,31.0,1.093349661188731,0.0177689662320543,1.3668906378510013
2537_right.jpg,0.1192985893416928,0.031490007836990595,1.4819175481709395,2.8344517322867735,6.63613294647785,1.0905127500822192,5.094043887147335,27.0,1.099090062674991,0.020655368338557994,1.4262772599602358
2538_right.jpg,0.12202493770627688,0.03056309482292409,1.471382685940963,2.9990414687655207,7.131258300234069,1.0893615704178472,3.992863388475282,30.0,1.0862560355293005,0.019908720110384984,1.4174609865311607
2539_right.jpg,0.13596617159562527,0.032288376706428965,1.4805200406232168,3.205341319369554,6.8310966154278425,1.0887350174992543,6.160110673174806,21.0,1.0944307379744957,0.023920022969904205,1.43989011522797
2540_right.jpg,0.11063900733585272,0.025205626174645838,1.4362855289731338,3.3904432358319836,7.087438718900942,1.0822132894244485,3.6376129175676497,14.0,1.0920529909069479,0.01922377382131237,1.4178203171763302
2541_right.jpg,0.11482777594365577,0.031852096401452624,1.4939295294908537,2.708722882566345,6.192352850523058,1.0807832745022503,5.4583470892483765,40.0,1.0954342283429588,0.020746120831957742,1.4289331564812109
2542_right.jpg,0.03837769560655604,0.011689026067292118,1.2009373628816973,2.3149335066435466,5.34375408988089,1.0986505333698184,1.0186515091322108,21.0,1.1456350091351313,0.006295266326437063,1.2069870047572657
2543_right.jpg,0.09175538151292031,0.024883928152698964,1.4178870425666363,2.775728124326689,6.437858426888912,1.078019858324029,3.9394081508230547,27.0,1.0860806266903036,0.015457487220372369,1.358828821494525
2544_right.jpg,0.1072217576904458,0.029599964793381155,1.4827568587453508,2.7501419147177724,5.914501712365476,1.0845741617688072,4.928926638207983,30.0,1.1014952180497601,0.018853144391145535,1.4345311601363395
2545_right.jpg,0.1611316297082704,0.03534847555960943,1.5351301483914621,3.664796565142177,8.154281672069917,1.092351504186071,6.977984459031755,13.0,1.0984279374024113,0.026755586125773185,1.5005130587489286
2547_right.jpg,0.014741404160992436,0.003384658204192801,1.1430445490235952,3.1137634064427018,5.753355450160156,1.0787976329725308,0.09940259043150665,10.0,1.1069375807309196,0.0024254232065287623,1.1779264261278972
2548_right.jpg,0.08615876560755253,0.021343010861841438,1.3864619155501445,3.098409775655002,6.6602511679602445,1.0915075722106908,3.5021825195411633,25.0,1.1002419343816143,0.015130443609785809,1.395989322483545
2549_right.jpg,0.10478907374214233,0.02751760874504557,1.436375067589832,2.927457170401351,6.540598661873486,1.0772624798534196,4.392719194163237,27.0,1.0786138319543621,0.01857059907601424,1.4135938230566558
2551_right.jpg,0.1272198315049397,0.03376972341758086,1.4830602191426008,2.7822794494669556,5.874041481092221,1.0895918088701433,5.909449057518637,19.0,1.0928781270522219,0.02390043841040871,1.4327654910931622
2552_right.jpg,0.008619293177461594,0.003914792515996652,0.9110976624197481,1.442221286072803,3.2381406153271928,1.0799010353186942,0.2699856907583898,22.0,1.0735156715661642,0.0010461945516887605,0.9475112746895531
2553_right.jpg,0.10009198011663861,0.029913108145132882,1.443939833060615,2.4843439445664988,6.263573763753182,1.0869664955801692,4.550080237974089,35.0,1.110000430666661,0.01582742964499589,1.357431794509252
2554_right.jpg,0.13145117693718456,0.03589671043657069,1.5004059078323353,2.7520967448464546,6.211540304209594,1.0815625201742325,6.113303255207676,25.0,1.0898168320706632,0.02309413981781346,1.4450743587566768
2555_right.jpg,0.13862972434776455,0.034438839976144504,1.5023657353246296,3.000085645162862,6.39604426670073,1.1019092861164186,4.29601026999161,26.0,1.0986786962562074,0.022950803101214,1.453687650829604
2556_right.jpg,0.05257067785048382,0.017887370202875116,1.3144161968266037,2.0783489779444992,5.421490073488924,1.0858012976392695,1.7179960081857457,25.0,1.108230188094485,0.008352492357444228,1.2415251752950789
2557_right.jpg,0.07232362421499182,0.020809452429239043,1.3628279643480021,2.538550375344116,5.729462798802603,1.075810112462532,2.106418207291146,21.0,1.0803432114111,0.01311857664912951,1.332966123108766
2558_right.jpg,0.033207880308521516,0.009706346993773813,1.2624451598894573,2.4676034673021325,5.399590684938297,1.0801658506238332,1.115137998327293,18.0,1.0939481612958253,0.005190038100548276,1.3158445346646817
2559_right.jpg,0.12058100888292698,0.030419530454103342,1.4885905325575326,3.004973135475795,6.854889666469488,1.0833383297554067,4.609718207925949,16.0,1.093368187812132,0.021882332333024484,1.4451608342122846
2560_right.jpg,0.15869520611359395,0.04122271878769074,1.5484489059746889,2.9109823562467003,6.378826993626402,1.0840314078345117,8.107418287733276,20.0,1.0835985133358197,0.027039741363347462,1.4919342258700634
2561_right.jpg,0.12195735053835519,0.03281336554619893,1.4963909501344155,2.740988072480329,5.932970245944073,1.0834894163208297,5.679146824565569,26.0,1.098656604324453,0.0206869905642372,1.4382670967424063
2562_right.jpg,0.10587872725251851,0.02921680964361858,1.4474009508468217,2.62890774228804,5.46466799497956,1.0832653690457459,3.8396637262926028,29.0,1.0893697183973063,0.020127921428354907,1.3975341195226243
2563_right.jpg,0.1042828186840682,0.02378220454212306,1.441020918575369,3.3815296330537237,7.833513082314223,1.0795695142725774,5.610679498779298,20.0,1.0880720422495997,0.01700895181386697,1.4418593101820762
2564_right.jpg,0.14217253202846075,0.03521741984678857,1.504161325739401,3.1353877317650487,7.248569690982536,1.1634947530381186,7.978709973892449,20.0,1.1573227597087994,0.02489559504512011,1.456139375580726
2565_right.jpg,0.11482472223057116,0.03096790999168445,1.464040188081118,2.7220344861857044,5.4385103883403465,1.080876932985771,4.2579623896686805,27.0,1.0872550773595668,0.020678669111238016,1.4110168729052164
2566_right.jpg,0.15619505688822424,0.0391599135056484,1.5373298279793313,3.083515615332132,6.773570671114217,1.0865087221853147,7.4773154416668355,21.0,1.0967275791957296,0.027908574662005133,1.484423904267811
2567_right.jpg,0.1637043210344218,0.03989696189105235,1.5507977736711216,3.1805122933358976,7.345178073104359,1.1007941723844061,8.485491325100387,21.0,1.1147286808682222,0.02685051897871051,1.4957266872156838
2568_right.jpg,0.041136592959167634,0.010805137383949986,1.2483880197742612,2.875528417991504,6.570433620808366,1.0817840913164103,1.8253634247874213,16.0,1.0895013736357386,0.007068212817093514,1.2920325013084217
2569_right.jpg,0.007672608786631725,0.0022669071415048277,1.1127565681530092,2.3623091425472458,4.861915458456026,1.0992176193898224,0.09964426995625617,11.0,1.1396837638456863,0.0013352332174138327,1.07764022728515
2570_right.jpg,0.0861279354474172,0.015895280484540884,1.353498528840804,4.2441031644109515,7.742080752379986,1.0850358905301185,1.9825731817325707,23.0,1.0926834201278532,0.012916464278987698,1.3596976306146413
2572_right.jpg,0.11876229835752115,0.03133204174233265,1.468897224369631,2.8138751054095645,6.477501757311534,1.0813037275343014,5.210203906135394,15.0,1.085733315903309,0.019561027674782107,1.416902690391466
2573_right.jpg,0.1098604436043355,0.02846930362565103,1.4485237032049516,2.953196741547025,7.036705806514228,1.079200070698663,4.97697520561443,13.0,1.0974871370582222,0.01914375917472702,1.4106348187712103
2574_right.jpg,0.1004693554824661,0.024159934522636678,1.429468177741594,3.18010391532289,7.0363097268736245,1.0846173473582492,3.8902445801819825,18.0,1.0909628959545548,0.017713243504049393,1.399552674042985
2575_right.jpg,0.12459998297267114,0.032231731929747244,1.4793158258990773,2.9529861723237434,6.478433719681067,1.0912498877014065,5.70916320694715,21.0,1.1034843267225636,0.022140535559573116,1.4288116001517646
2576_right.jpg,0.05611396011396012,0.014386324786324785,1.3053814138050084,2.976114747519334,6.047733046397247,1.0983518098592924,1.9145299145299146,19.0,1.1071376138807378,0.010333903133903134,1.3017240442288875
2577_right.jpg,0.08983292046592527,0.02390238760343646,1.411520628125767,2.837027617473622,6.187064946731388,1.0792802359269562,3.6894534338270173,17.0,1.0862713428243767,0.01674484794181205,1.4186025581961097
2579_right.jpg,0.13175823956587662,0.035576769611363815,1.4949848723174348,2.7569840604865528,5.991662931607742,1.0805618518861135,6.483919878700822,33.0,1.086608663524495,0.024359588221211394,1.4442273940686023
2581_right.jpg,0.0538080977722021,0.014745755852775136,1.2994250471973043,2.7563888050263774,6.271337484083801,1.1094927396065635,2.428117601829182,27.0,1.0974358566564555,0.008629934643167884,1.3337330241067034
2583_right.jpg,0.13055709884337593,0.03448659023182989,1.494367098520056,2.8719233696265567,6.997632387979742,1.078371399846602,6.869033789585332,15.0,1.0838406365792659,0.022117278650436892,1.4445005582103054
2584_right.jpg,0.06855767561658746,0.01617647748757911,1.3405909237395717,3.237675057631972,6.713068222203546,1.0904084383377672,2.486523511721847,9.0,1.08115442082928,0.011705426720275488,1.3269847817041296
2585_right.jpg,0.021417885384544928,0.006930662840045187,1.1690562732270726,2.1650464065215678,4.81475498942533,1.0974665788588662,0.6106310872286508,7.0,1.1107640010414315,0.0035365717135326024,1.1769487038639044
2586_right.jpg,0.06798136953721137,0.01562598535148332,1.3467409483857995,3.309307003434953,6.961722759188182,1.0779314627629561,2.0270087656867957,27.0,1.0931473765461461,0.01105395446887866,1.333792904515612
2587_right.jpg,0.1113100736390705,0.02800039219126549,1.4443145602250986,3.058468642986808,6.864099407861433,1.0989962479097848,3.767100313236971,36.0,1.103648829614123,0.018572320585397067,1.3922193393635138
2588_right.jpg,0.048493062343184776,0.015346479781541904,1.301828043177159,2.262540546615357,4.522417240937415,1.0889177209931034,1.6626192803377635,19.0,1.0938843060901673,0.010308239538094134,1.2742732447743825
2590_right.jpg,0.07295037512428816,0.02140468227424749,1.3855671644624874,2.44674667070586,5.962084464429874,1.0910701387251054,2.440567657958962,21.0,1.1214711102343065,0.012812980204284553,1.3032477057267045
2591_right.jpg,0.13645659517317163,0.036308046070571,1.5028528164772215,2.8463260772783925,6.3222040243415885,1.078705746656201,5.850392739408245,22.0,1.0911719310208277,0.02322860282446787,1.4455227512555837
2592_right.jpg,0.09099867144488948,0.022855069834935605,1.4181412917018643,3.0495493982901114,7.142925628048084,1.0904434518820771,3.9219339056088556,20.0,1.0965213681484132,0.014952373015133762,1.378167762051031
2593_right.jpg,0.030527530620602362,0.010066639365623022,1.1734770134366372,2.1036264985688136,5.201673542559862,1.0969240200805461,1.340233051636201,25.0,1.1097893698913328,0.004378094635344924,1.1098287147670425
2594_right.jpg,0.13450469999853049,0.03443073441456975,1.509441892855765,2.9754138407265933,6.812269015005925,1.0906593576194201,5.829075822071134,24.0,1.0963897148452548,0.022733395706077422,1.4495765721118972
2595_right.jpg,0.17946261985293385,0.042363834096600717,1.573181244975848,3.269540341722664,7.278438339236029,1.098014210728166,8.081654643958215,16.0,1.1028195216919954,0.029802348668522455,1.5226546674084405
2596_right.jpg,0.12379508176005256,0.02938812646902722,1.4693697011523856,3.2486796899596246,7.678348811102643,1.0884525431844125,4.852528622336796,13.0,1.121824849348955,0.02028963530214573,1.4178536400171469
2597_right.jpg,0.12612756925602955,0.03267823353323388,1.4806541534295505,2.9425403471163,6.587362860459182,1.0802265279181464,5.856852517445411,20.0,1.0936455276528612,0.02149514932470991,1.431893464999617
2599_right.jpg,0.10523653555295132,0.028932159419854362,1.4449132924186232,2.696988049413081,5.967876090798287,1.0973490100251186,4.457265342508289,16.0,1.1077331000639363,0.019106143013111372,1.4113710651067948
2600_right.jpg,0.05762648640746846,0.020011997116659356,1.3326728531660508,2.112450512791885,5.501849338975693,1.075716262976479,3.2261154041969746,31.0,1.0868855987595805,0.009179306486004204,1.3228922028106191
2601_right.jpg,0.09118929747173751,0.02112130764273618,1.394063282742403,3.3856990424662086,6.938090926687162,1.0878705228591206,3.39699366061036,25.0,1.097778358264746,0.01653037062199953,1.371963305850158
2602_right.jpg,0.14453703376169227,0.03611657157872927,1.5116743684272054,3.0106632257052213,6.278006417293285,1.080094501285787,6.064066866443981,16.0,1.0871064176424854,0.02578239096049766,1.4613242412023135
2603_right.jpg,0.03532121187687718,0.009030619444052491,1.2044512979189648,3.052873723108777,7.073567183290757,1.0906266494547885,1.3102461246951158,16.0,1.081365861176245,0.00576508294865851,1.2591591076957243
2604_right.jpg,0.1271953834795667,0.03317245154712698,1.4890853009513854,2.880642461790015,5.681307205305711,1.0820505932373545,4.821431261959409,14.0,1.0878608332559876,0.02406195539171618,1.4403639775917907
2605_right.jpg,0.11154902982449108,0.024480398313048046,1.4660791001858975,3.6000366840193756,8.007189871846808,1.082737457295749,4.765149389660071,26.0,1.0867573862923285,0.01760433227787501,1.4350388346703946
2608_right.jpg,0.14275260625501202,0.03555032076984763,1.5057360670570852,3.080503656119373,6.659069694163183,1.0878558825650368,6.565757818765036,18.0,1.0996932889681688,0.024548917401764233,1.4492983776564368
2609_right.jpg,0.0784066346510387,0.02081015817890767,1.3822703621783445,2.925146126410965,7.40349470483626,1.0847853037530788,2.6679689972958553,32.0,1.087819806850276,0.013299147154317136,1.3498241013812187
2610_right.jpg,0.08638387108642066,0.019299195341283566,1.379024273191382,3.4344702751037235,7.221532166094826,1.0932704927835393,2.7855592404358087,18.0,1.0937555294179278,0.014763463974309785,1.3694311603587108
2612_right.jpg,0.11741340799062067,0.031200412366966173,1.4639593761098455,2.7616305947190445,5.8128360741644025,1.078839650601078,4.548165068070871,28.0,1.0900661169512824,0.0208861846959299,1.4154902682051476
2613_right.jpg,0.07805427515468627,0.019289066068684857,1.3599323762436233,3.051730294823568,6.945834732929442,1.079743049837031,3.5816618911174785,30.0,1.0906955859776108,0.012317802416843155,1.3152147824389953
2614_right.jpg,0.11994196275100605,0.02840185233867869,1.4546021557726463,3.24373571094863,8.471723082224328,1.0991795754539373,5.004954399304362,18.0,1.1198374005225369,0.018988493660391095,1.4098353475735403
2615_right.jpg,0.1253754019903269,0.02995619255020131,1.4651486345664797,3.2900882922050467,7.516725088879757,1.086624146512123,5.5708895697753915,18.0,1.0908920164663227,0.022734293889747032,1.4366098378580372
2616_right.jpg,0.057493350593137205,0.013025758234645685,1.3727550021592418,3.302926867779023,8.634576314868616,1.0961364512257652,3.185647394342695,26.0,1.0892264399293201,0.009066453615962622,1.4023774095423274
2617_right.jpg,0.12030698186705199,0.03340625584180026,1.4731713767429595,2.6516582248751406,5.821218918912259,1.0903307756065277,6.113365028520616,28.0,1.1081870506512652,0.021149211578006033,1.4370252724309096
2618_right.jpg,0.13589010367196816,0.03372370308995008,1.5007743498095287,3.099540100842335,7.061723871402216,1.0844214279369617,5.304852171452822,22.0,1.094956413994298,0.023391871956025302,1.4547827566240945
2619_right.jpg,0.06060302764919304,0.01768047041161016,1.3339932427918075,2.4724234834010193,5.434856896210996,1.084760554848478,1.401226072813712,24.0,1.085349444959538,0.009313149005379707,1.272122945152775
2621_right.jpg,0.10321460037759597,0.02948269351793581,1.4405068027247483,2.576420203924289,6.17138309190271,1.0962738164942605,5.13530522341095,35.0,1.108122262629954,0.016694776589049717,1.4022659518020446
2622_right.jpg,0.1414550820732595,0.03701888089269831,1.5126250750594472,2.870557261058036,6.15158940632906,1.080637626291001,5.912913398560685,24.0,1.089133289686697,0.02338380367106008,1.4467837701660704
2623_right.jpg,0.15357485725834977,0.037269465918852,1.530742460580566,3.1762493706356754,6.412077721183015,1.076704400974254,7.073922490020716,20.0,1.0795447817553012,0.02842706280632611,1.4863126766055446
2624_right.jpg,0.1344097146865994,0.03527933256953662,1.4972416750291888,2.8721422268248213,6.073575384483727,1.086412425420954,6.6117204100276075,28.0,1.0955781983729316,0.024468412631918963,1.4353694371552552
2625_right.jpg,0.02922701927816543,0.008298248549502332,1.1518728107182943,2.545535651837342,5.378730140925403,1.074357642794342,0.3617765035205376,34.0,1.0903271056417119,0.005123659731109614,1.1766719805130532
2626_right.jpg,0.13781957393509026,0.034722572955282374,1.5058825477104931,3.0021206430240257,7.074492979781671,1.0859390321112112,5.4546005515207225,25.0,1.0928051285070375,0.02304063677410883,1.4584952394499948
2627_right.jpg,0.15370702503347058,0.0379973223532978,1.5267053828462516,3.1734033624795748,7.126958868267854,1.0864330763661278,6.870942481117539,18.0,1.0894211536094145,0.026448076388713465,1.4767764956403786
2628_right.jpg,0.10885707117611589,0.030484557454543853,1.4856335254497903,2.6594884339929377,5.7202052268316494,1.0830974147582393,4.577525231407105,27.0,1.096597603375398,0.019568920364265375,1.4182378464614374
2629_right.jpg,0.11431877671884949,0.029637078435930348,1.4570696947208326,2.9212220712462855,6.246117570297045,1.0814604214792995,4.194164552740356,24.0,1.0853188652158199,0.02125380254075414,1.4159504877686586
2630_right.jpg,0.1392682210031348,0.036280368338557994,1.5162954085139508,2.889257717936851,6.553024312923922,1.0829190594309672,6.759404388714733,18.0,1.0955862403493806,0.023364028213166143,1.4546018798181082
2631_right.jpg,0.10792219399282996,0.028745443407879014,1.4405765621527402,2.8156587482845756,6.101133212425524,1.0931596598782316,4.167461664373726,22.0,1.0999020470371204,0.019170323656119138,1.3997645320780605
2632_right.jpg,0.1255764993880049,0.03290575275397797,1.4874746233603275,2.9053769499667546,6.464826089163994,1.0826456400318993,4.993880048959609,18.0,1.1064789375134887,0.02281517747858017,1.4425330272100414
2633_right.jpg,0.09599464329194059,0.02647918188458729,1.4174958997879978,2.773902517018654,6.972514047730511,1.0865626757522464,3.8552065579092605,30.0,1.0948352329527324,0.01509617725833942,1.364027749159466
2634_right.jpg,0.017008196721311476,0.0032287085165933625,1.122992993202341,4.275099347391078,8.82245208901711,1.07825210443962,0.4998000799680128,7.0,1.0939380362579363,0.0025939624150339863,1.1890219660205679
2635_right.jpg,0.08096415951539626,0.020272589601211508,1.3789132577465815,2.9781835225299425,6.159618538110634,1.1065047511266077,3.5335689045936394,24.0,1.118267796564339,0.014134275618374558,1.3694468795283308
2636_right.jpg,0.10050594831122658,0.020595567429971914,1.3841228192910835,3.980799680331579,8.644180043310792,1.1176520233319867,5.417118093174431,66.0,1.0752978075646142,0.014689330907025424,1.3777636333939423
2637_right.jpg,0.10384825327510917,0.027929403202328968,1.4389150563756556,2.76393388528861,6.514385584426838,1.0885956548341236,3.7906356137797186,18.0,1.0979739954794108,0.018053533883228206,1.3851512473013214
2638_right.jpg,0.13354694915168577,0.0330632811591859,1.4962839645790857,3.103098076191725,7.187314140902517,1.0758257315247426,4.750761890803233,14.0,1.0844108815585813,0.02205061077614309,1.4333258911440423
2639_right.jpg,0.06165470423186457,0.013114891917737681,1.3111190265550425,3.7254620802506984,7.627504569135794,1.1131144147990397,2.5220945995649386,50.0,1.0896828307308022,0.00921089965216112,1.3394909023631663
2640_right.jpg,0.08036909277319583,0.024858711407633374,1.4024611036836767,2.3625671867799642,5.155388879652704,1.10762370116078,4.141435057752817,44.0,1.097958369677784,0.01554553305824777,1.3571872960578246
2641_right.jpg,0.0693931953700456,0.018337425464749212,1.2941399973038838,2.8295547226193607,5.7089257912093565,1.0713607838871253,1.9642230796211855,25.0,1.0818034200104152,0.011371448614521221,1.2903993241716325
2642_right.jpg,0.0934030306355556,0.016400147641231808,1.3972629063262847,4.5550374009103765,8.788263035020812,1.0917973341218288,2.942848877228335,19.0,1.089484601344538,0.013806450325708527,1.4019019307656526
2643_right.jpg,0.15182765616551833,0.03705908322048443,1.5303073448818705,3.1709181798946333,6.894944557155358,1.0835175859398982,6.79573604765944,30.0,1.0896706498784994,0.027465686493350596,1.4836019434764938
2644_right.jpg,0.10209097195620052,0.024491684369201072,1.4233851126107226,3.08126854796122,6.161403084665995,1.0763847853722768,2.835722139029984,24.0,1.0806082385778766,0.01881526514002,1.3937146807049055
2645_right.jpg,0.1321839951883469,0.029830227492127995,1.4763818538297768,3.417930463125243,7.84961605044047,1.083933519549197,5.660768348218122,21.0,1.082285256158746,0.02101054823530601,1.4501782948781523
2646_right.jpg,0.07380359711269142,0.018377425201163117,1.3672228967907416,2.9717556085389467,7.593548715005827,1.0986310039628244,2.5381953876091536,36.0,1.1036331641116537,0.010722762269057617,1.328759730044372
2647_right.jpg,0.1186880801376706,0.031248762152907675,1.4991546206446869,2.8325915550329204,5.810008945619218,1.0843973414451378,5.281480927252002,28.0,1.0939398357134955,0.021015892856356924,1.4386770055671214
2649_right.jpg,0.0841964854131509,0.020857122646752695,1.413311761489529,3.031386583559497,6.321610059406315,1.0812126382841092,2.5262987701977586,14.0,1.091813892496292,0.015248739376913671,1.3819357822968579
2650_right.jpg,0.14677916164456944,0.030445069416543905,1.5019887704278876,3.9065509760458594,8.201643919785916,1.0868317379476653,4.761692186360728,23.0,1.1006495924058413,0.02490960224989956,1.4750858107112044
2651_right.jpg,0.14114079552448672,0.034246883803785974,1.5066605026303213,3.177206617914551,7.545927668028074,1.0760731753491681,5.954674419419244,30.0,1.0859600497238926,0.02283792777330204,1.4492663946366569
2652_right.jpg,0.06229720304460775,0.020221573047336978,1.3487628614314848,2.201750837119589,5.541339438804292,1.1057915674466297,2.527064864700947,19.0,1.1337635450251191,0.010927028474966896,1.2874663023284616
2653_right.jpg,0.08333669680335809,0.02134121730707136,1.4266524165348213,2.9654839131893977,6.445604132759399,1.0915793955008002,2.926218921536971,18.0,1.0826221415085917,0.015705723280594122,1.3938716016044805
2654_right.jpg,0.07947411997892466,0.019504729407632284,1.366309698894463,3.0374852148404705,6.755290519269733,1.0783117460228349,2.508969566199162,18.0,1.086461952800695,0.01368392001405023,1.346872058135216
2655_right.jpg,0.061739697826515796,0.016105128451550575,1.327763940486775,2.919556711277373,7.076179169763571,1.0906359133397423,2.175001643896591,26.0,1.1147229258352092,0.01096605479992514,1.317638403673761
2657_right.jpg,0.09041210466118134,0.019972892492026464,1.3720339024411137,3.4785817077406853,8.428624972014516,1.1212615840644382,3.375842071053918,35.0,1.1344362991591168,0.014354886657362106,1.3420392306543572
2658_right.jpg,0.13764018306773207,0.03486172596736922,1.50334912716721,2.99901567575374,6.774072467530221,1.0878292558939227,6.188767387192246,26.0,1.0924134046449248,0.022768674855137925,1.4562388228380756
2659_right.jpg,0.11698177842932782,0.028755522642203313,1.4548128051490001,3.1157966117184284,7.288056422086749,1.1054641813637847,5.642288955723145,17.0,1.122525371077908,0.018977234371615255,1.4038476337321864
2660_right.jpg,0.07213919381622066,0.016542001596888515,1.3545738152867766,3.3138586337554194,6.755005462859453,1.0791384306971934,2.4002312059447357,12.0,1.1008117819013463,0.012001156029723679,1.3489161952907784
2661_right.jpg,0.12899272852484253,0.03270644710457556,1.4868443395480027,2.98504962609771,6.666258026989933,1.0865126106007283,5.266249417674343,16.0,1.0993132149583646,0.02231573190739503,1.4276093731156096
2662_right.jpg,0.034691511096163405,0.007680221672280423,1.2804120347912817,3.438471304504121,7.131901595504534,1.0792290332947276,1.4055307635545873,10.0,1.0795959325924482,0.005802834152389654,1.2985952555067992
2663_right.jpg,0.12451124021217479,0.03414498610760293,1.4883800656826653,2.6598773733276477,5.82758690578323,1.0795996756489357,5.152816367769638,29.0,1.0871317540823933,0.022040919424096993,1.4238164830249347
2665_right.jpg,0.0555432856519171,0.014889956085158838,1.3749940750940133,2.812585232734017,7.843388140986742,1.090126095620499,3.030380852102006,22.0,1.108459451479513,0.008556973728138883,1.337438533646638
2666_right.jpg,0.1302158418436785,0.026448438901938646,1.4672537984516962,3.9068159504981783,8.805329227656578,1.0835738613196553,3.881322270724749,20.0,1.090783264015342,0.01999133003336929,1.436841030071893
2667_right.jpg,0.01509395683818122,0.003687267009864834,1.1260586088052156,2.7868581854431005,5.597508105652356,1.099803679554664,0.30431364593107296,17.0,1.0755640588706048,0.0021758425684071715,1.1021259177903127
2668_right.jpg,0.11358784789684842,0.0278923065277182,1.4631411268326084,3.066083549652947,7.156288455167265,1.086479516919304,3.8858469380030782,19.0,1.09062537555107,0.020060053998132776,1.4195998930344627
2669_right.jpg,0.1675156145776484,0.03912740282578376,1.5484541943150625,3.3152433805227894,7.4313077659831785,1.0862869545826075,7.226163766094637,23.0,1.099210341726664,0.027737351686778648,1.501473547333195
2670_right.jpg,0.05867806426574053,0.01477773686672173,1.3022878012807362,2.9067436500726678,6.073532428380345,1.0813404510962752,1.4429440038213137,19.0,1.0874278447911114,0.010374269820577377,1.300452650210371
2671_right.jpg,0.045570705063010135,0.012503936520064636,1.2412379272074368,2.641123043439176,5.905584755818443,1.084210762469812,1.548794779529063,29.0,1.1001279069237362,0.006948925910820396,1.273709119785386
2672_right.jpg,0.06566826845818495,0.013716311836150723,1.312052444479893,3.613308620153106,7.341174912451886,1.0887087374563604,1.4514615699630395,7.0,1.0937109680850665,0.011000005183791321,1.3726483532076053
2673_right.jpg,0.11954233548569924,0.03078254357022853,1.4689241337813954,2.942786459117115,6.8533222837554435,1.0828171262582484,4.908608788939943,28.0,1.090835955437355,0.02091978219946157,1.4160715010374951
2675_right.jpg,0.09989839299164396,0.0280051157359431,1.4266408113340479,2.591900158328085,6.352741908524827,1.088475610041362,5.307828794718458,20.0,1.114963963391837,0.01669691286567149,1.3699403008991495
2676_right.jpg,0.11881078021067103,0.02930086330644346,1.4609442830779624,3.116389763698115,7.069747782148701,1.0774952354356593,4.549038636501486,21.0,1.0782348401733268,0.020106750773336568,1.4270699034436427
2677_right.jpg,0.02238950971258326,0.005480298327512592,1.3489121852189607,3.252167409297615,7.079534121223894,1.0815253931067645,1.1957014532754746,4.0,1.099819540245224,0.004060402851747966,1.3567567469099724
2678_right.jpg,0.060586260278654575,0.01842115844709383,1.3309667380496149,2.346146431944193,5.120406516571571,1.071756186072721,2.0607571523351895,40.0,1.0784018344172657,0.010635517400832345,1.315448125520095
2679_right.jpg,0.10180633100068211,0.02956824899578102,1.4377681265950624,2.5874988340642644,6.655128527578524,1.0788446186402096,4.3452997498926305,17.0,1.0870890891244975,0.01568855316676351,1.3460206153708376
2680_right.jpg,0.08103173212589566,0.023644629699646806,1.3965045906253175,2.5237085906810544,5.652791802216169,1.0820458706126392,2.8587500806905264,27.0,1.0819103394944642,0.013841883455214452,1.333760153998001
2681_right.jpg,0.11661409896250621,0.028193868340719856,1.4475274536042004,3.145890273306259,7.163430413497518,1.1035338779391892,4.208796892589475,22.0,1.1202630938031748,0.018538989685912194,1.4103321317305444
2682_right.jpg,0.13279177552879465,0.027988828493348147,1.4723746705940643,3.793846897418846,8.446925646876075,1.083174222501072,4.85500065067019,17.0,1.0872647143587726,0.021772425598366316,1.445733119826754
2683_right.jpg,0.009290659884131695,0.0029320333474636144,1.0740376276418782,2.295822878024329,5.701439429894388,1.0786323137414984,0.4541876097620057,11.0,1.095776888738201,0.0016098427501564424,1.1011987723939392
2684_right.jpg,0.08676455128429758,0.020589810721919913,1.3914890030443798,3.298725554612711,7.347021536357248,1.0744647096266922,2.5030161344420025,21.0,1.0767370933292055,0.013766588739431014,1.3606283373079846
2685_right.jpg,0.11671611765122145,0.03256183057941053,1.4703697515957095,2.609257684693528,6.0833215854896,1.0830410501579706,4.700792058188729,17.0,1.0908218206684017,0.019035680528106187,1.3904618771739408
2687_right.jpg,0.04767272985791617,0.01296426068675543,1.3046566541034297,2.785367082614715,6.407699388389427,1.0707585945638662,1.6757563754913014,27.0,1.086457669870407,0.008048708651980947,1.3174479658007956
2688_right.jpg,0.07508939213349225,0.020421801207853543,1.36411091163124,2.669434708304353,6.443257354493184,1.0835495203022532,2.144413802045671,22.0,1.090336372541685,0.012467522104916692,1.3030414896828915
2689_right.jpg,0.12998847646773412,0.03343846029435549,1.4950204368170825,2.876008223430333,6.310657265044107,1.0818312606007376,5.812307941128902,39.0,1.0884591688255858,0.022349587578845222,1.4503809480453493
2690_right.jpg,0.12116285881663738,0.02797793399726616,1.4750743630135226,3.334757567756609,7.222938888177512,1.086224422621083,4.100761570005858,14.0,1.0852086653906003,0.022134348760007812,1.4496134894348665
2691_right.jpg,0.10753448885744606,0.027828591641821214,1.4362516411109982,2.890883945161771,6.528116152212924,1.0943402835921676,3.9415837081206733,21.0,1.1130163712008798,0.018555763302845016,1.388280374627803
2692_right.jpg,0.02479499030863277,0.006774017195964415,1.1354617424847981,2.662713793183069,5.641529328212967,1.0757093522544738,0.5466925103126087,17.0,1.0852154974150092,0.004552457631330451,1.2119942651234876
2693_right.jpg,0.1511679756777299,0.04046617684317203,1.5346368407201931,2.846071993177279,6.050482649190184,1.0880175033327293,7.19533823156828,37.0,1.0975058477842188,0.025877881935647325,1.4565232317527133
2695_right.jpg,0.06855207392881993,0.015434423825597912,1.3495358540884455,3.3077345582027524,6.560454373729129,1.0912943862853224,1.322622011880596,19.0,1.0971362171272723,0.011834591741088115,1.3659662842065745
2696_right.jpg,0.14667515756169797,0.033604738728084144,1.5115280709237526,3.4335672478856316,7.689544266002472,1.0774814370044745,5.812219813099227,31.0,1.088306816025594,0.02442143142338736,1.46609863205109
2697_right.jpg,0.1480426834410672,0.034329313364123884,1.5170329091150776,3.3526961863239384,7.711564004363988,1.0900884522994623,5.556189446216583,21.0,1.110281275914848,0.02566265000471284,1.475178111232809
2698_right.jpg,0.0007883163222969048,0.0003503628099097355,0.7661021017271673,1.4201050010225695,3.0674479935713683,1.0,0.0,4.0,,6.454051761495127e-05,0.7569501062556417
2699_right.jpg,0.0852350428413007,0.02008046108478251,1.3776619701668529,3.2298935390381023,6.380283623343419,1.0784089414949256,2.188064110278431,22.0,1.088060170965263,0.015351258882794356,1.3537521407577076
2701_right.jpg,0.1474423421830399,0.036961628817541115,1.5204436293569,3.056149007673828,6.744820648693769,1.0922404232458487,6.668855937555258,17.0,1.1023259286062579,0.026640058605097633,1.4679621203839108
2702_right.jpg,0.12808327675944783,0.031037690779713863,1.4762647684072376,3.2013716104246708,7.014036468131636,1.0928564548877224,5.531668803902341,20.0,1.095250260312864,0.02164894018254507,1.441431076761766
2703_right.jpg,0.0035415075755060484,0.0018260898436203061,0.7145982171971921,1.3398587176428227,3.0143071501515024,1.0317404894787623,0.055336055867282005,14.0,1.0317404894787623,0.00036521796872406124,1.0393236994133221
2704_right.jpg,0.12314681003729118,0.030237188103202594,1.4647926405700487,3.107924278285682,6.268325584007241,1.0742215541163114,4.547705429960283,12.0,1.0793607959148945,0.02297601843336601,1.4304908069925741
2705_right.jpg,0.10411624717650855,0.02565847854146499,1.4272084947377202,3.0874378533158358,7.365795577066069,1.0740927920398784,3.8318812520167795,24.0,1.0821421677863625,0.01624515972894482,1.3778804888691538
2706_right.jpg,0.12834446049269244,0.03234114759562455,1.4888115740801267,2.982441251712444,6.675147348106984,1.0940140478545337,4.494631692708596,19.0,1.1034738178068506,0.02205904633005747,1.4439899977843085
2707_right.jpg,0.09677957111464727,0.02177767674471471,1.4098847862955635,3.3615727232095582,6.780878859427784,1.0836286647891127,2.5763431082821855,12.0,1.0882392892402886,0.01637745952362911,1.3931444103971236
2708_right.jpg,0.13304849412456812,0.02993304450571091,1.4834677882070046,3.437829609709802,7.5433908043515805,1.0773950463862805,5.334503268006442,19.0,1.0842805851967614,0.022584392340251568,1.4541789103811409
2709_right.jpg,0.1372884694047601,0.03809191954388676,1.5094718508168938,2.7005460585031242,6.179704325397281,1.09427843690247,7.372955393619868,15.0,1.1227461642256107,0.024810499896475626,1.4440765626853505
2710_right.jpg,0.06537486577358424,0.016168782016300808,1.331769106711033,2.9496346426961986,5.4245918258520875,1.0669218737309616,0.968190539898252,27.0,1.065672746304114,0.011996760962557432,1.317243022951562
2711_right.jpg,0.005930219264016543,0.001734825249909282,1.0431195762396421,2.175564255424082,6.056150442241202,1.07288774897986,0.14912537964836237,14.0,1.078154415048898,0.0005517639046989407,1.044629526255872
2712_right.jpg,0.11559330743769176,0.03117553113774567,1.469714961366721,2.7652955123357845,6.996394032762324,1.102298944125257,4.987681937034294,17.0,1.1205182871631478,0.01936127442830585,1.404293203153075
2713_right.jpg,0.11613086294557921,0.029585110688318997,1.4787355135750748,2.941531620185992,6.534902597438022,1.078470551795487,4.65174696357217,20.0,1.0813689454024287,0.020095546882631772,1.4232874051395021
2714_right.jpg,0.0908733022767535,0.026973295715504234,1.4016902036933543,2.4563563228493304,5.696268441569778,1.0788388807158236,4.5272619906830265,18.0,1.0873421943743617,0.015845416967390592,1.3759654549231106
2715_right.jpg,0.09387228766274024,0.02756106633601984,1.422137989276531,2.4926684220488804,5.759670483241108,1.0830929559498528,3.273403595784253,22.0,1.0935957557091567,0.016059516429014258,1.3489282808927574
2716_right.jpg,0.08972714139954945,0.022689389730172038,1.3917976084066508,2.9920555003263765,7.07022434649237,1.0764343620747783,2.879107779652285,29.0,1.0850723561094542,0.014814777399509036,1.3485783329742487
2717_right.jpg,0.13104193928125743,0.0349872934233993,1.4966887980478136,2.8529258023399384,6.631136898418897,1.0737676575741852,6.4164422595981385,23.0,1.077931933079937,0.02186642685003208,1.4281315658240081
2718_right.jpg,0.08923245512015342,0.01837062767172712,1.372876678119172,3.755096257629911,8.145517929503612,1.0925722157934261,2.3260502116705695,20.0,1.1064512274205134,0.013682344245093327,1.3688011675113434
2720_right.jpg,0.03977674829474445,0.0139180975421232,1.2699310553781622,2.0190902533939394,4.2219675995308386,1.0830325659459423,1.0540210904601053,21.0,1.0876512101472053,0.007267726376124916,1.234464947268256
2722_right.jpg,0.14642272975101472,0.033374729912562344,1.516151740857169,3.4112750025136656,7.034545428405467,1.0933775230343852,5.805617818703176,9.0,1.1042350234035259,0.02708951757840108,1.494944701351777
2723_right.jpg,0.12570691236806822,0.03125031502333693,1.4752615197771404,3.0425710003078654,7.29572151325902,1.0844547027649134,4.838758455226364,27.0,1.0983986724658135,0.02021189729735179,1.4068808869975633
2725_right.jpg,0.15193935401445283,0.03987503493432347,1.5372528483933903,2.870083942698524,6.568723945616272,1.1156164670453192,7.935082045753982,33.0,1.1215126955736576,0.025736615163492634,1.4749098486994325
2726_right.jpg,0.08901663339986693,0.018629407850964737,1.3669008463524812,3.750745291199473,7.146256504543479,1.0734666059282845,2.767797737857618,18.0,1.0759009521991607,0.015834996673320025,1.405622232083625
2728_right.jpg,0.05810121876066352,0.014219723245071226,1.3315540379358077,3.043306903431099,6.83257904011381,1.0761479536287801,2.037209633964359,15.0,1.092997420086155,0.00993139696557625,1.3221671579317105
2730_right.jpg,0.11045255636182352,0.030465850551154933,1.4547337604647712,2.7036837726703244,6.629534896212471,1.1028905219184266,4.38103966603385,40.0,1.1178175846415344,0.017881691786305977,1.388792500892184
2731_right.jpg,0.10660912006131133,0.028895992578101364,1.440825506618843,2.729635129926934,6.520972966962339,1.090063710520859,4.789948167718775,30.0,1.0901307648229057,0.017914406147268216,1.3738404936521913
2732_right.jpg,0.12846761390100617,0.03168744271769779,1.4877836755232117,3.082973427465763,6.964957868340186,1.0822190632135582,5.308786040897686,15.0,1.0967881375087807,0.022081544956903676,1.4563091949423694
2733_right.jpg,0.13236133634430114,0.034858519876934266,1.4930362828718433,2.855648502507185,5.857152710394753,1.0729595300257957,6.618066817215057,18.0,1.0821418951680515,0.02353202689663186,1.4312901642862115
2735_right.jpg,0.09181451451049653,0.02717456749488219,1.4113611449543984,2.4618711951382575,5.380087091806068,1.0741418084175123,3.7630955725926225,12.0,1.081007175732387,0.016512463372536427,1.3595038761364135
2736_right.jpg,0.10750041694252258,0.027892191298283207,1.4449326583071618,2.8162302710517437,5.872331084665925,1.0898246520079562,4.144155981988083,18.0,1.0959331978812674,0.02008904881512516,1.399716265808274
2737_right.jpg,0.08223281018164393,0.019081366522592597,1.3888065484326928,3.3285460085667684,6.982898909199937,1.0854855243129298,2.350035480927849,21.0,1.0943042287958058,0.013367554765042531,1.3925962655211153
2738_right.jpg,0.07488840098644163,0.020483231532834562,1.346089830792691,2.701595500776616,7.521418559516852,1.0849237034880648,5.358833751287681,33.0,1.0890954880927943,0.011851867267411007,1.3551218889148688
2739_right.jpg,0.1436920667794812,0.038547217942565604,1.5183952431993706,2.7630279349811095,5.7922093087095865,1.0904729879494681,5.253453893364989,29.0,1.1091823719204879,0.025979339782284748,1.4510589900418895
2740_right.jpg,0.14500266146644314,0.03389763054866007,1.5141652209003746,3.2566664724753385,7.468464980647438,1.0806071725210225,6.019391394757657,22.0,1.0828913917580338,0.024898391678315764,1.4703394610690161
2742_right.jpg,0.11788363002223942,0.03386858167354097,1.4818701851667189,2.6123533527004086,6.257569984170449,1.0777702454516422,6.025217740592333,18.0,1.0859185658213442,0.020240812767583348,1.4058865368008873
2743_right.jpg,0.031599421525499743,0.010481071084841247,1.224038695603345,2.0838698613959616,5.407199904098984,1.0944939707977834,0.5542874131406429,23.0,1.0972657162297978,0.0041319607161393376,1.2025414395447187
2744_right.jpg,0.08556873517293045,0.018948682731926583,1.457142176685938,3.5052377653811537,7.278223454251337,1.0790911892060309,2.946684979398177,15.0,1.0931706004368993,0.014159071045074292,1.4618225066991273
2745_right.jpg,0.09271911088219997,0.02306616373542585,1.432348825181888,3.030175565715104,7.156842593126606,1.0849022530723347,4.9485202409626385,22.0,1.0878604628305402,0.015380808830583875,1.3866643873790492
2746_right.jpg,0.0949124657458201,0.02598523348355547,1.4185728414384478,2.70978898652973,6.036230817775127,1.0897894343747259,3.5831259998687868,44.0,1.1016162199183779,0.016578266069815443,1.3876891654738235
2748_right.jpg,0.14225897623783104,0.03359204039618569,1.5034205618072891,3.2731804959194872,7.240354964363901,1.0758127078043187,6.380443939325966,21.0,1.0826780434086958,0.02339329953691934,1.4499635019746817
2749_right.jpg,0.0849465325137364,0.02394058941659786,1.4088414145426125,2.628295035582744,6.109248986020385,1.097105155050496,4.536326289285095,14.0,1.0985168420913178,0.015005555725455417,1.3993830186333096
2750_right.jpg,0.07706536996190094,0.023230399037497493,1.3778498388089016,2.4731067190228115,6.254433309073096,1.0818177734283538,3.358732705033086,30.0,1.0902527160238602,0.012903549227992781,1.3269230399391896
2751_right.jpg,0.07311954585258326,0.021293192821410956,1.3802601286323553,2.522331403693388,6.787072745394284,1.0844041223742529,4.177109440267335,34.0,1.0920013260292794,0.011112117643506357,1.3261651344383847
2753_right.jpg,0.09637215448375278,0.0206819228382085,1.4082798573790427,3.591090459686127,6.730922422880197,1.0723808303125713,2.8530242056579973,15.0,1.0766353579164518,0.016767773840270686,1.3828869119194043
2754_right.jpg,0.11529750353416869,0.02825814885563871,1.4586212584216427,3.105944465131696,6.889547885952893,1.0761613912432129,4.661555844932331,22.0,1.0802810181425182,0.019482263286700885,1.4148941544921048
2755_right.jpg,0.1272592657114237,0.02828165149601498,1.44922321560099,3.500642832235295,6.323152567601159,1.0893864242950273,5.49845390009146,16.0,1.098976807252173,0.024378293628326293,1.4365040956271853
2756_right.jpg,0.1566330114595456,0.033623753656465256,1.5122833125344368,3.61172682958055,7.723070412376582,1.0837235805915564,6.290692919825119,18.0,1.1053802716084686,0.026798351838455005,1.48931444073625
2758_right.jpg,0.12034504204315048,0.030671527458247586,1.4723992869994544,2.908691661089029,6.683375539425251,1.0796117294330851,3.8933524798632777,28.0,1.0887084011365589,0.019881379156912217,1.4050186436541954
2760_right.jpg,0.1178259917157878,0.03236518241198025,1.4687476701386608,2.747776304392992,6.132559497493702,1.0775727525179226,4.331288832244703,25.0,1.079866928128725,0.021108809941054643,1.4043612648223318
2761_right.jpg,0.09996282789314526,0.025513125772325868,1.4222246937586138,2.9467076600835176,6.774165572324336,1.083197426251015,3.666978108643017,25.0,1.0950556905847513,0.016707355053899555,1.3820569422774638
2762_right.jpg,0.1454811895196948,0.039344096616892796,1.5314517003218207,2.7757978447144067,6.185198899144798,1.136026022942231,6.973394982187524,33.0,1.092099381264968,0.025644912706233102,1.4597001317838165
2763_right.jpg,0.048623979662159054,0.013313526399885652,1.2794441907135223,2.64339807319488,5.753219264170715,1.0736207011227556,1.1741223435481978,23.0,1.0796539596138108,0.008417946715265122,1.3133014317108378
2764_right.jpg,0.12670292953600765,0.0345458523100177,1.4901025053209718,2.7322340977632122,6.397742665210583,1.0817567479977641,5.220659891410274,16.0,1.0946013751922197,0.021668224577872357,1.4239387525111276
2765_right.jpg,0.0625146982137197,0.016109242236786944,1.3004366807446968,2.8443280295078917,6.700870319691612,1.0966931178275368,2.0449688653490252,35.0,1.1038597393950467,0.009611353667140417,1.2716089678562945
2766_right.jpg,0.1506422536347321,0.03497106329777581,1.5179995465366167,3.3754603941796835,8.005854881615042,1.079635208577623,5.494948680204069,18.0,1.091919140734641,0.024848258756629226,1.4706179225475358
2767_right.jpg,0.11276110666091564,0.032142637078246175,1.4961032134282213,2.579806231990193,5.55359268467725,1.09373931694029,4.621356830365396,40.0,1.1053390056550771,0.019744196896208727,1.424212440135041
2768_right.jpg,0.03584874698173805,0.01071805330895281,1.2645950835547328,2.5379147909220388,6.437285138719954,1.072469504893849,0.797055582905502,20.0,1.088920400761318,0.005377780903485946,1.3134804259435862
2769_right.jpg,0.09509915113240636,0.02511129208739489,1.413596067893023,2.8115604704527,5.589507281179605,1.080126374037597,3.847133885255485,25.0,1.086492267787925,0.01652269059550635,1.3638337072011713
2770_right.jpg,0.1269302750094497,0.028994459246420638,1.4963470766017142,3.4040956825491713,7.4865454233219095,1.077438827246762,6.361264508753653,22.0,1.0794766590537639,0.021231872700956035,1.4624566674257997
2771_right.jpg,0.13468738204780314,0.0344445917961378,1.4984686745608269,3.004483164818009,6.455736655230771,1.0804133645960374,5.355667316147592,11.0,1.090359830710182,0.022447897007967194,1.4476694777902805
2772_right.jpg,0.13509333489951939,0.03576777376442604,1.5150230446621384,2.8761463807032515,6.317400814039843,1.0914444613676522,6.215800859444592,35.0,1.1005376997336338,0.023081666813496608,1.4497796756486558
2773_right.jpg,0.04250499381463174,0.01319009698443215,1.225257769870694,2.3354471853039,5.995791551701769,1.0928190625163796,1.5530361857431279,23.0,1.0968049757273843,0.006710187381848756,1.238471401526511
2774_right.jpg,0.06841499373914449,0.019156198246960455,1.3532378036998314,2.574453861024398,5.375285331378644,1.0802239287635682,2.1711031223492347,14.0,1.0839005477419796,0.012678232419113786,1.3093369567980113
2775_right.jpg,0.11271105544135399,0.02818786522755855,1.453365058827586,3.066577019717341,6.952974104690496,1.0756454310324584,4.141560560221826,13.0,1.0796161563532494,0.018823897814569203,1.4133032623698605
2776_right.jpg,0.12588871365154866,0.02652914174573342,1.4626779276744026,3.7443198042390295,8.319698009275026,1.0882121635880406,4.837222426572475,18.0,1.0980448785763006,0.020553156539572008,1.4290383043480588
2777_right.jpg,0.028404232046616153,0.0072390271065767755,1.2522583299969732,2.8999704783951077,6.07958084792187,1.058034218609596,0.8452160770041565,7.0,1.060667265411524,0.005409382892826602,1.3292866541640547
2778_right.jpg,0.10622012517715824,0.03195890808897966,1.4877093023772316,2.4299156675365543,5.22948124585015,1.0871172862853833,4.313418251921232,17.0,1.0926815320677472,0.01930474740094543,1.4243107367990753
2779_right.jpg,0.11808772000483306,0.032804381972693225,1.470164920525346,2.68681769030734,6.4707108647020375,1.0831111844595211,4.78271376213299,27.0,1.0957298138578704,0.018889202142655766,1.3976492218181298
2780_right.jpg,0.02777752164572019,0.007178357046039225,1.2492293294063266,2.945309835118211,6.340636534437936,1.065712473190708,0.5993490147624273,20.0,1.066810231649088,0.004375247807765719,1.2611233892879616
2781_right.jpg,0.10288963829927925,0.02665323831759063,1.425604841230459,2.965578907005035,7.2001786505742675,1.0792610934135856,4.170926606951205,23.0,1.0986264691924645,0.017095712592637806,1.3771404341215194
2782_right.jpg,0.13416765290962657,0.03566590285297006,1.4992994445530177,2.7767581719496777,6.104399514399922,1.0929569031182873,4.834688892805882,28.0,1.105628887375767,0.02306549492609473,1.4451446329221562
2783_right.jpg,0.12197564916271976,0.028981422294253545,1.4691710260979798,3.253017841629457,7.329115153723036,1.0900047486639948,4.680917459822125,18.0,1.105364450733248,0.020294042148390118,1.4225034917303785
2784_right.jpg,0.037397078621093024,0.008833717371464874,1.2201794905797756,3.169318564737114,7.101599449720458,1.0833246928169877,0.907573702547761,11.0,1.09645057262172,0.0063479738417090625,1.2462546596654347
2785_right.jpg,0.13664436178385153,0.035863017021792745,1.5014578623633912,2.8478827307715644,6.100979092712589,1.084442063781549,7.025027291472931,21.0,1.100847616656876,0.025254720414021752,1.44995750467489
2786_right.jpg,0.05970795293415259,0.0128361402024926,1.314875723896387,3.468716914194474,6.836583002193975,1.0837418033064812,1.343316997935272,21.0,1.0982032541640854,0.00983109032562999,1.3097974789322533
2787_right.jpg,0.13437433823751854,0.030423427148144038,1.4868563190527817,3.4044998365910386,7.997091388830116,1.0869598905739715,7.462159791059526,12.0,1.0904947152407212,0.02218984137868444,1.446593168718715
2788_right.jpg,0.13564240509523282,0.029241064669486137,1.4782466316319114,3.6761924984713183,7.563603348662692,1.0803026144399133,4.643040989977088,21.0,1.0867846768591627,0.024078204959979005,1.456052393257607
2789_right.jpg,0.12464317291903498,0.03484148035872174,1.4844629003220682,2.6542969840160664,6.004488855153416,1.0751343258171902,5.001894657067071,20.0,1.0816177890509595,0.02185171150688392,1.4244296875724143
2790_right.jpg,0.1317503220754288,0.03055043322302776,1.4845916656008962,3.277540944588942,7.162711096279195,1.0821009913206452,5.254250132619294,29.0,1.0884227708123748,0.022103215702124434,1.439711637844868
2791_right.jpg,0.08062518891196459,0.021226392098360976,1.3920830390442673,2.8533574784952735,6.440845196126475,1.08139106650387,4.53388715008629,29.0,1.1004139049654384,0.013674788662357036,1.3513747482966365
2792_right.jpg,0.12799680677448855,0.035095165193841926,1.4945008041741998,2.6862764426589543,6.00210391722623,1.0865920911535671,5.002046291664772,32.0,1.0931847900036997,0.022569839176632866,1.425870921887268
2793_right.jpg,0.11015321301322305,0.027692884692382937,1.448346642084056,3.0271045337689326,6.777057365809302,1.0850837138765748,4.257324879502502,23.0,1.0966701072460308,0.019527943762765638,1.4140168315010366
2794_right.jpg,0.11644839940138166,0.02387922824591725,1.4459424008221387,3.8714392604985925,8.26418775963729,1.094522458016256,3.879933688406053,13.0,1.1075050352585334,0.018427165582468746,1.430564963965808
2795_right.jpg,0.12000959178779701,0.028841689583216413,1.4579473135007435,3.1978266421626627,6.51297626809969,1.0794249091589114,4.846914046356907,13.0,1.0855321545712842,0.021158055316044307,1.439653873722748
2796_right.jpg,0.13513131098747277,0.036298126727609924,1.5090552311588696,2.7522077456362424,5.872852041527152,1.0821905849519629,6.165072338533218,22.0,1.0937177043385007,0.0252818499259686,1.4539270943965381
2797_right.jpg,0.07012775901043916,0.01454877955855833,1.3687217772078273,3.7170124203231385,7.743890386552039,1.0906207592836312,1.4731655279266465,19.0,1.0964122430228094,0.011815803510197861,1.3539854530911004
2798_right.jpg,0.005226175011661091,0.0024525907684282856,0.9269641682084311,1.4538193665018935,4.155559931887365,1.089741363582857,0.6018627652584749,18.0,1.1098710510096137,0.00046644364307531813,1.1730670396011345
2799_right.jpg,0.10139524866807849,0.027294776406401426,1.428632118424832,2.806959193858233,7.456888252328561,1.0970235022561896,5.332813725842097,19.0,1.1075802142821658,0.01765981776134633,1.3717825794298184
2800_right.jpg,0.05076485236570615,0.015469837881790923,1.2834429365419453,2.4510247226986785,6.6199394834987615,1.0796248351528377,1.7279056766783554,31.0,1.0852437576802554,0.007084413274381258,1.2524682541398724
2801_right.jpg,0.08068891584335318,0.02066042911283463,1.3621854983191628,2.928618289746894,6.829217899429491,1.0986900580609518,2.6674853665779183,26.0,1.1134426628273735,0.013428020675528087,1.324746986701842
2802_right.jpg,0.12746950695756742,0.035752902775953194,1.498795652012474,2.634474671810173,6.177184111946462,1.0764639725516525,6.265347575209434,31.0,1.0820569223911989,0.021034388673868448,1.425261486914799
2803_right.jpg,0.06994823890978204,0.016428080391443244,1.3600716731147457,3.3109850528577573,7.619143775308369,1.08088231544619,2.57794492296494,18.0,1.0914467988968022,0.01106494399288285,1.372443259847095
2804_right.jpg,0.13326192617442884,0.036114507442175356,1.502009077359089,2.751016322848422,6.380072282947777,1.0807164836487766,6.820730980265352,17.0,1.0803709580807572,0.021326152198296332,1.4216701954158255
2805_right.jpg,0.04557432325542503,0.012673847308163422,1.3012431498215742,2.6519585758146973,6.284199933849431,1.0848845510329714,1.0847800834376682,17.0,1.0965178175711934,0.007738097928522032,1.3488477644535446
2806_right.jpg,0.07432873930657338,0.021567799591865458,1.3651033731233273,2.508550243067144,6.088465446507578,1.0839110067510473,2.814720990781789,23.0,1.0897960394946307,0.011821828161283512,1.3334790966269952
2807_right.jpg,0.12626760243137136,0.034712222036955634,1.4856440296425635,2.6631226771554157,5.747043587181398,1.087940248428917,6.012742972922446,17.0,1.104132225488761,0.0222218853738764,1.4210787521680317
2808_right.jpg,0.13072819135780658,0.028820771144906394,1.481324347231861,3.5460654358288326,7.408970961750715,1.0791076431568625,5.2493173363752454,14.0,1.0806592164539701,0.022854720095295298,1.4888622474428155
2809_right.jpg,0.0795185836415449,0.01771963863457224,1.398144296367804,3.450616748416807,6.858861114776719,1.0784481407536688,2.3747448412457812,16.0,1.0837749659601483,0.013672467107257625,1.3884152531148939
2810_right.jpg,0.16147278763964437,0.03811143292529089,1.5387041419238454,3.2648481512807606,7.367184162965022,1.0803014505192892,7.77063507281186,16.0,1.0900471202283606,0.025653187474139933,1.4908514384331573
2811_right.jpg,0.12498997754971135,0.0347578576010263,1.4925126342540134,2.626848537638954,6.043907986040758,1.0830638143257962,5.762908915971777,23.0,1.0881302148534893,0.0226407152020526,1.42443380660838
2812_right.jpg,0.11094012914731134,0.030436387518636233,1.4654663998968758,2.7515919376920346,6.488832287163708,1.0886435899702593,5.512969860833465,40.0,1.096078659579074,0.018676983111136677,1.401800736725872
2813_right.jpg,0.14795655715992184,0.03632565136770975,1.5269509320298604,3.1776760037380374,7.291682057636709,1.0882558111600091,7.0971966073401,18.0,1.0993285496045895,0.025874779462112467,1.477523046964455
2814_right.jpg,0.11331736575563517,0.02975145382765165,1.4601681765409191,2.8721893438851382,6.2698046001366645,1.0842228552861866,5.175930906396841,29.0,1.0937493029778431,0.019029157744106035,1.3948140703619436
2815_right.jpg,0.0003680969388262682,0.00020394560124158102,0.5928652600883709,1.1010276981397793,1.8284271247461903,,0.0,3.0,,0.0,
2816_right.jpg,0.10674468137194898,0.02852596273900164,1.454270331372957,2.7928410734318923,5.980878518031531,1.0869243636222916,4.161872352926776,17.0,1.0845118854698887,0.01981051239993145,1.422710990169018
2817_right.jpg,0.06029009754567319,0.015814449108445493,1.3046141139422094,2.7561391597294183,5.879299796512686,1.0781349994708167,1.8423634036916978,32.0,1.082874246481659,0.010297317618471436,1.293715151534074
2818_right.jpg,0.05255350326537258,0.01659370081589088,1.30231217713724,2.3589821667785595,6.043952166910636,1.076741484115225,1.8995242144110571,39.0,1.0975173445182493,0.007267941458472782,1.2922698745884973
2819_right.jpg,0.01998943063985675,0.005761840505276984,1.1538469263143722,2.606082572064761,5.2419471430404405,1.0765866355282854,0.4617681615983335,16.0,1.0792450376380915,0.0035863993884137236,1.2506791826053583
2820_right.jpg,0.13047246848436003,0.035111996472073116,1.4937713342947117,2.7876989489335386,6.653530233731312,1.084890929492922,5.271614888256971,25.0,1.0960301185015435,0.021299351692745955,1.422500974540386
2821_right.jpg,0.08062292991009895,0.023226151535723837,1.378857051531554,2.5684371777951758,5.631619006652519,1.0762491186532965,3.3944331296673456,23.0,1.0841254153461517,0.014400625398588739,1.3315029464267243
2822_right.jpg,0.09902915541031591,0.02562187683255061,1.4419207696793566,2.838528233873757,6.0512616497080485,1.079446160680445,3.358109835252134,17.0,1.0880276073795059,0.017326844329054666,1.4067602548027118
2823_right.jpg,0.13011837666404055,0.03477061996242652,1.4962995047873209,2.812678220036433,6.814420229139812,1.0802825703421612,6.46425469163485,27.0,1.0823874005088632,0.022867300971658282,1.4260677745429258
2824_right.jpg,0.08235216633567057,0.01863879544441292,1.401805776100362,3.3873086875539804,7.190084323406436,1.0872554764418783,2.8371093908320835,19.0,1.0970520120794418,0.013729582944919548,1.376123921479626
2825_right.jpg,0.052060923754406165,0.013316971184437778,1.3151215740682358,2.941867374582721,6.069535949129408,1.074862708243097,1.767516084396368,10.0,1.0751428227005357,0.009716288418224606,1.2820307669587772
2826_right.jpg,0.07956857956857957,0.02494614689736641,1.3921336064093828,2.276071341075997,5.11967572645323,1.075734162681659,2.829149170612585,26.0,1.0876337491088564,0.014195380049038586,1.3139166452207154
2827_right.jpg,0.09595388560237436,0.02626743927799875,1.4183014650879051,2.7062098927664144,6.611114972904294,1.0922055741103829,3.7351854469098913,24.0,1.0923675877556096,0.016732621292576067,1.3635164995789586
2828_right.jpg,0.14483884335108801,0.03908389848495568,1.5179193201474388,2.843350938237233,6.805314911999062,1.0751712758174656,7.479204778605432,18.0,1.0816981671208168,0.024898676989316866,1.4438034012251308
2829_right.jpg,0.11917053863362588,0.02763521515988946,1.45294341497693,3.264265049546047,6.718052350353158,1.0916078745014506,5.061394717928472,20.0,1.100144482929777,0.020594815107250954,1.4164926955993342
2830_right.jpg,0.10959416495230971,0.028356390802622335,1.445106912065397,2.926051704375295,6.1898997246733085,1.0901325177695813,4.549153604698771,19.0,1.0825907134030954,0.02019318738974621,1.4319767858058388
2832_right.jpg,0.09631252764460352,0.02443401646220252,1.4092754563525434,2.982972115309911,6.536982112853736,1.0699434877407763,3.914730061568027,19.0,1.0741362635445688,0.016619808534111533,1.3748660462733326
2833_right.jpg,0.0015395331933451785,0.0007420045226942336,0.9078142761170288,1.396879194079382,3.1857947256779675,1.0641821714589832,0.10095299628492974,3.0,1.064482222689367,0.00013123889517040866,0.8979473654381768
2834_right.jpg,0.018511891372364572,0.004376188625999468,1.2721700493889405,3.241435048169998,7.311688598391838,1.0757821359523572,0.971350279135396,8.0,1.0719232379611876,0.0028015786998220895,1.3214803433028397
2835_right.jpg,0.07155379291181449,0.016960113168464394,1.3455962916767759,3.2801245010903513,6.754063646935992,1.1087378000095414,3.0818197893247783,26.0,1.0943802163074505,0.012948695278753126,1.3494442458279683
2836_right.jpg,0.15866234382732883,0.04058721934369603,1.5400382976591793,2.977994550804206,6.36599778357141,1.0785929315120668,8.534577664656748,17.0,1.085358990362572,0.027901503903685523,1.484374869110003
2837_right.jpg,0.11355925457928304,0.028152268001233743,1.4683235182099006,3.011587865666751,6.591130305405298,1.083626808535927,4.825534539882794,21.0,1.0889987306280942,0.019635448277234423,1.4319766965289127
2838_right.jpg,0.12959324422216267,0.028638623440802594,1.4752957283386845,3.5753955500241417,7.36649743087813,1.0762185393513342,5.358578190586765,8.0,1.078708974877569,0.022719379198793327,1.444927076366931
2839_right.jpg,0.12900715527347698,0.03144580992036221,1.4762290546380168,3.1743804451973077,6.932628552510813,1.082834154592165,5.103690827505356,16.0,1.0895304194186137,0.023497190443465255,1.4342619337471625
2841_right.jpg,0.10882398285234014,0.027283080610910247,1.4437009963447576,3.089031752705045,7.449757110228816,1.0798505914784355,4.873754830239162,31.0,1.088423988074995,0.017873749857019946,1.3914425773368817
2842_right.jpg,0.09266048200562091,0.018718133658318203,1.3910017453353003,3.887313491663698,8.051752942377615,1.0755369471667442,2.7358420175591314,29.0,1.074479835395632,0.014405451787002263,1.3936678781919345
2843_right.jpg,0.10617891117141653,0.028210202502130827,1.4480686788784756,2.8437503989338584,6.122874999389323,1.0728916339595256,4.506578625101643,23.0,1.0815698655975283,0.018707199749199103,1.4052061758476129
2844_right.jpg,0.09001002962237306,0.02136542812492711,1.3816816064212054,3.3087100325407577,6.2467425430847605,1.0905118054496463,3.0905231730926226,19.0,1.0870027681479186,0.017382735054696428,1.3901887513624602
2845_right.jpg,0.09286237651279719,0.024770711741074813,1.407138263030916,2.7660029398695016,6.9777025609281385,1.0848176536369625,2.6781879279415852,20.0,1.0922232868198327,0.015594128199297607,1.341340500885512
2846_right.jpg,0.07975515847584637,0.019776049735326918,1.359857336306115,3.0365450743373827,6.653701380183084,1.0785592497689265,3.179104703561102,24.0,1.0903608540620553,0.013432978922031196,1.345941055782445
2847_right.jpg,0.1358426496445611,0.03412314156594638,1.4941494313769852,3.079462018602638,7.40671577872855,1.0766495520029624,5.743449193146151,22.0,1.0817778220577035,0.023966305098066874,1.4384226305567667
2848_right.jpg,0.08653177086453433,0.020828821190099857,1.4245021525823642,3.2393921117355258,7.781301673636344,1.084445906186981,3.686517024796435,22.0,1.111644455073261,0.01402258913306944,1.3968422912875427
2849_right.jpg,0.07516117999581418,0.01954578634908805,1.36249116331601,2.8993912951987064,6.314589824746648,1.0791107699512845,2.1950086524178274,19.0,1.0911856469920331,0.012843352952286637,1.3663519154503039
2850_right.jpg,0.019732129093101916,0.006488206969721701,1.145455973710304,2.2438443775112202,6.142026613140219,1.0799842548068148,0.7707862926992936,23.0,1.0995137739955305,0.0025798670620346947,1.214622569053116
2851_right.jpg,0.08969159671791002,0.0241788570265615,1.4191028923116211,2.7609455427723137,6.444236737179862,1.0820121507857616,3.0775798309316627,28.0,1.0926879155773421,0.015765150875869292,1.3716096477186646
2852_right.jpg,0.08052857413386172,0.018756899315033694,1.3948574654183266,3.220650147162132,6.813755031010684,1.079389182194959,2.5865214519622923,21.0,1.0839762377248117,0.01473855348787799,1.4142406039984288
2853_right.jpg,0.037590428316440765,0.008811045026521434,1.1991626308264063,3.206807425121523,6.918806208003766,1.1037894446062686,1.1983525805576754,18.0,1.1177283219147518,0.0060232984970135794,1.2266671417589923
2854_right.jpg,0.12111826308036885,0.03408563530337577,1.4808562987746885,2.598186321327089,5.8583963533539904,1.0943805321895728,5.195827195867552,22.0,1.1112492101790121,0.020964910510704413,1.4084742360950113
2855_right.jpg,0.0901920334920972,0.02197413261333414,1.38655928739198,3.049638426204838,6.882113486217783,1.0801713655016294,2.8820192336862545,27.0,1.082198196261168,0.015633690299224384,1.3421281022653981
2856_right.jpg,0.03433993728361942,0.008455835704834236,1.2436474612234496,3.0958568294597355,6.9528762318011195,1.0721337499610077,0.7703601660352735,15.0,1.08946611463236,0.006158349797893745,1.271173690717522
2857_right.jpg,0.14369444319527513,0.03731518540170786,1.521461058944532,2.874983660288332,6.551304290375637,1.0832057950868712,5.746178791103916,20.0,1.0876839086398145,0.02422389111241025,1.4572886880155378
2858_right.jpg,0.08873850868232891,0.021205737146748383,1.3758844008465985,3.232213064608805,7.493095329680412,1.0740270094947606,2.9260299625468167,16.0,1.0793907455448801,0.016002723867892407,1.358560418620667
2859_right.jpg,0.07437226027222088,0.01791276860201634,1.3341839884043198,3.1039243908769336,6.914456029174547,1.08825487190396,2.6086556216528645,25.0,1.1005210693761822,0.011902630650169051,1.3267477337490359
2860_right.jpg,0.12958910406299337,0.03562863481024042,1.4997232800065763,2.6640157496538315,5.999614252755228,1.0912905634108885,5.495933009572916,27.0,1.0998037777804317,0.024661750304774466,1.4446644138817935
2861_right.jpg,0.07700949745659569,0.02060209505778573,1.3577991756814334,2.7857290715271024,6.348146106810611,1.0819915418145603,3.120741488177591,22.0,1.0893215511615906,0.012935473468496115,1.3288062052562033
2862_right.jpg,0.06258082767539605,0.016180690268347883,1.31355231015546,2.890400653243584,6.381650145681066,1.0881699529362103,1.7681053992887164,23.0,1.0967635511140676,0.01043687358551568,1.3355784600003398
2864_right.jpg,0.07394587173955677,0.019856834673465384,1.3812930677784137,2.791982173035504,7.158091031736951,1.0912828797353342,5.000980584428319,20.0,1.1063931136309286,0.013198666405177487,1.362158648446783
2865_right.jpg,0.06994433214400383,0.017618356373766013,1.3574839692536187,2.9497661748866593,6.09015691442773,1.0784719107521932,1.7636445035340722,17.0,1.0786140580463581,0.012227935224502901,1.3733616918369953
2866_right.jpg,0.10362374931911356,0.03065661343807039,1.4591881772634043,2.495218525202991,6.1084686612611865,1.0836976889085492,4.7303689687795645,19.0,1.0964145984210183,0.016909874525768566,1.3792513912268722
2867_right.jpg,0.12902231923715626,0.03175034204727041,1.4674916270745728,3.156520716079773,7.307028445171963,1.0742092512052623,6.579840621638276,21.0,1.0761962259204791,0.022773559484892476,1.4276755020923584
2868_right.jpg,0.11920140927774515,0.029852603083292694,1.474702836171114,2.9005806508824334,6.153036900141362,1.0790772329317215,3.732197418314639,23.0,1.0868122940359795,0.02161688744687839,1.4267776489041097
2869_right.jpg,0.12042202279893281,0.028751313768291698,1.4641576602346678,3.1966711183851864,7.283787089301501,1.0899354617133605,4.800307219662058,28.0,1.1035095358328584,0.020272455331878082,1.4231195412952098
2871_right.jpg,0.1259854472589639,0.028604535840425854,1.4662989082041034,3.4425727556534174,7.591749730918779,1.0856591891491678,4.705858540880248,15.0,1.0912791937255835,0.021743090484045623,1.438618264442294
2872_right.jpg,0.03979296779398301,0.009689904913842333,1.280147981594712,3.1894663491005195,6.996450126182334,1.0911955705791532,1.359668603439055,19.0,1.0942423874676634,0.006675972842885761,1.3887938677030265
2873_right.jpg,0.09520488406412356,0.023172013665676106,1.4059951692719055,3.15746163728485,7.305719550920259,1.0883700008069122,2.729092122020741,25.0,1.0932892981977502,0.01674348555602725,1.3727030147691077
2874_right.jpg,0.11910402974443428,0.029486797371093137,1.4708181013557151,3.0647050406952943,6.265189270234057,1.0825331762469603,4.74860194086475,25.0,1.0917203516360245,0.021601087126742205,1.4471045790128751
2876_right.jpg,0.1091528296556703,0.025518691735459367,1.4273176800600427,3.3514781337870616,7.399425774387978,1.0962508560896036,3.871224248511671,30.0,1.0954461873883254,0.01868127269112862,1.39584757833026
2877_right.jpg,0.054593235314107064,0.013058154550191431,1.3971639415090027,3.091906624801917,6.786898384881328,1.0728869948750575,1.767064633787182,18.0,1.069629074338186,0.009596520241951926,1.3930011368824655
2878_right.jpg,0.061616374762608145,0.01525336870346366,1.3689880896177102,3.0838909629924216,7.179188309792494,1.0848666136827225,2.763291431786895,13.0,1.08805679480164,0.010369879118560275,1.3918620865494618
2879_right.jpg,0.14728639188664694,0.03233546214759891,1.5122622352752317,3.5672520398603242,8.597430993742886,1.0835227578400748,6.552782664361431,20.0,1.1022043117534552,0.02288433330476992,1.4649058514768425
2880_right.jpg,0.12535497367383858,0.03447666016513224,1.4845046210532853,2.6986170366505338,6.033153020354888,1.0830577770967231,5.659366757283908,19.0,1.0762716647075639,0.022157431455973157,1.4218382960818388
2881_right.jpg,0.11822084679682641,0.029151938995838327,1.4585457737537746,3.0655979827241904,7.49942703085109,1.0830769452455795,4.85444257346137,22.0,1.0925336515815338,0.02016110681290675,1.4035536536629842
2882_right.jpg,0.1545027289266222,0.03991307863351526,1.538234998427821,3.007030446289056,7.267223125170409,1.0841741054567784,7.529816050131393,19.0,1.083307922208777,0.02585910652920962,1.4749798159611116
2883_right.jpg,0.03104545817369093,0.010257024265644956,1.192868499574233,2.1347297553558024,5.059996933270032,1.0755560109740936,0.5986590038314177,30.0,1.0832975271760819,0.004499920178799489,1.2008107934276735
2884_right.jpg,0.0011552179023462527,0.000696157513204292,0.7652412142804078,1.1144854338639374,2.2153069133248717,1.0511293326570594,0.0,4.0,,0.0,
2885_right.jpg,0.06430502564620866,0.016651085226267782,1.3368330978047205,2.9261587186007603,6.699270654711376,1.0843023912652996,3.2847360840892437,26.0,1.0959383278456427,0.010971018520858074,1.3290597699416098
2886_right.jpg,0.14401377861284523,0.03616380790754995,1.511045212934008,3.075176630275133,6.712782569985262,1.091608058855107,6.818595066367658,17.0,1.0934036207254365,0.02350647513990747,1.4483806030207014
2887_right.jpg,0.11847788151121194,0.02711368990489486,1.4390769985420533,3.333733460696027,6.442455082505627,1.0728220127591919,4.635284879155397,20.0,1.0841600534792482,0.022881947474042406,1.4391873273832052
2888_right.jpg,0.061075867760070145,0.01939243901181082,1.2787487586362383,2.365506812343901,6.808406173783681,1.0738877720549171,5.7764711950074785,22.0,1.0729776582318131,0.009025736242199186,1.357323151982419
2889_right.jpg,0.08791411716558697,0.01766267730054001,1.3775095468190146,3.9374785571617665,7.589951583208749,1.0777779570353276,2.1460726869828215,22.0,1.083061026499121,0.014483495203777088,1.375142780449977
2890_right.jpg,0.11841135553693477,0.03037767659737716,1.4686301806439774,2.929145876738941,6.38615829528133,1.0901534199614857,5.350670852977699,24.0,1.1079405362783106,0.019176602424964412,1.4285033076250135
2892_right.jpg,0.08168362899039074,0.023219935546434974,1.3983891724681181,2.563480211606526,6.151984847748557,1.0859505171907782,2.6447511485076745,25.0,1.1039674986303483,0.013204164993290168,1.334046938496565
2895_right.jpg,0.1477979810203814,0.03787351627184623,1.5201577653937535,2.978444105570206,6.857628951265428,1.0870180436727883,7.815730291753648,21.0,1.1076364250932453,0.025489365564396575,1.465083728714886
2896_right.jpg,0.09340701007578324,0.02369047679233169,1.4080188768379753,2.917534155525214,7.93770485290989,1.0901970169242952,3.8928013508526247,27.0,1.0952129636578758,0.01464097754814182,1.3493426616906212
2897_right.jpg,0.09796854193574225,0.027713533375384215,1.427205222726205,2.589795039587879,6.331324767819609,1.0789816471950484,3.754542997026402,26.0,1.084787601500889,0.015323541485197089,1.368725898579355
2898_right.jpg,0.05645867058444768,0.01658255227108868,1.330343377819137,2.620683125355923,6.558914306834551,1.089760520596896,1.9951662562972434,34.0,1.1100567634641312,0.00842050849532723,1.345786460332582
2899_right.jpg,0.13046140582060087,0.034065358068356054,1.4944225128309223,2.9440274725959577,7.092482408874093,1.092619996393513,6.613205837256352,15.0,1.101977595060937,0.021867667301861005,1.4357994026909489
2900_right.jpg,0.13919145582410475,0.03298035728720394,1.4965213948603295,3.274164136159176,7.325303815796585,1.0882437951963162,5.254223587422197,22.0,1.1020513625662716,0.022507275078813355,1.4570114124495868
2901_right.jpg,0.13902113594323318,0.03465041291405121,1.5012886827975804,3.035734140547554,6.784193058596686,1.0843232089796182,5.812131687741962,21.0,1.0990724488856543,0.023971252691269672,1.4463094296511925
2902_right.jpg,0.10367550446386195,0.029091290598162498,1.4521534982605466,2.629166208181566,5.938540406302564,1.0777851521344168,5.2956840175257165,20.0,1.0933335771508341,0.01770556996048221,1.3801708364815675
2903_right.jpg,0.1495641818527525,0.039348724568935324,1.5374925003131956,2.8600425050212137,6.615639975205299,1.0929666758190006,9.10664785293264,33.0,1.1039309880365533,0.024322755611596466,1.4734736066909595
2904_right.jpg,0.13263957462969997,0.03187238890998861,1.4908342850339409,3.133732271088133,6.650578263820265,1.0866415299266037,5.570325357640208,29.0,1.0970351101075857,0.02255475376629953,1.4378604628854423
2905_right.jpg,0.1387858676556705,0.03785342122254088,1.51562131083494,2.697380657430536,6.035348300440584,1.0935945661122082,6.106197790757619,27.0,1.1074581997049466,0.024159521914743465,1.4576906635779951
2906_right.jpg,0.09027080740354117,0.02262416188220179,1.3911982890904948,3.052712924047215,6.10154375194089,1.0738096354522368,2.6097081141847673,8.0,1.082629988229462,0.018027060665676317,1.3750642211816335
2907_right.jpg,0.13915508367108437,0.02523808339756819,1.482921615973477,4.480343906656124,8.415067190272758,1.0840875052101573,5.66924434940448,18.0,1.0815189012483541,0.021269612352985055,1.4693438767429796
2908_right.jpg,0.07694428616068967,0.016956785471389447,1.3846257569881795,3.515643298694527,7.866800761914932,1.078973344652667,4.319614727129019,25.0,1.0795564313264705,0.01159402974100693,1.3681895906628727
2909_right.jpg,0.05365698652989687,0.011002487475733458,1.2700786106242348,3.8057083285995055,7.810015505962019,1.0797420245212055,2.0356587838676523,17.0,1.0926135475204293,0.00878312289917531,1.3252548433717863
2910_right.jpg,0.04837291561394644,0.012208185952501263,1.2696120858838382,2.9127548556497183,7.767474472738984,1.0776178721234002,0.9600808489135927,22.0,1.0853225961225947,0.008029307731177363,1.2339404569741725
2911_right.jpg,0.009515785984586913,0.0035448259352355697,1.075007893788449,1.8541882109045449,4.52495294329642,1.0599508759685379,0.1381101013728144,16.0,1.065470964405743,0.001399515693911186,1.0176951188114025
2912_right.jpg,0.13284037360111065,0.03268263312151988,1.5064496673089607,3.117758111454756,6.969263499474595,1.0746677075319753,6.170290053392913,23.0,1.0817296451102896,0.02236232540318367,1.4494844118073096
2913_right.jpg,0.09916047998317956,0.023753860941043366,1.415703667213523,3.2034539634372075,6.877961855723165,1.0744019422312254,3.754561792577982,15.0,1.080001633787344,0.018427389277972737,1.384143518527265
2914_right.jpg,0.08319018652870683,0.02032516217690924,1.431873350280745,3.1139123836797205,6.687061291239968,1.0826040546429194,2.627164884909969,14.0,1.0852626002432453,0.015126407048885475,1.3891315509322726
2915_right.jpg,0.11523797500315616,0.030975886882969324,1.4557470619509951,2.8219820770722577,6.753924396693254,1.0796320728517863,5.251862138618861,18.0,1.1012714473179102,0.01936119176871607,1.403219167208771
2916_right.jpg,0.07315148725678129,0.021308664579466195,1.3596521194125684,2.5587716918756818,6.727921939453389,1.0844145717028728,2.3266047250307262,33.0,1.098770141191367,0.012113518079236064,1.2948439045867772
2917_right.jpg,0.05026756984634092,0.011500054489036233,1.264511119408103,3.256898221595937,6.043360582135242,1.0788888754377195,1.8354201678262316,19.0,1.0955356481382628,0.00809305580250879,1.295708421358584
2918_right.jpg,0.057667792572741905,0.01742828164400897,1.3140936271896788,2.3304527088201588,5.606514997207402,1.0866539616389668,1.1631261107854358,36.0,1.0867272660467364,0.008965376061934139,1.278182793244173
2919_right.jpg,0.15019467435600914,0.03981355701105427,1.5375357906301312,2.8444363790921185,6.243723190718215,1.0835297387689549,6.8678890835913,22.0,1.086037455394518,0.027547305111022456,1.475333086492665
2920_right.jpg,0.1200194271810783,0.03171062930863755,1.4884655937988573,2.8514819345066664,6.544749437565498,1.087978421399913,4.809641917443911,34.0,1.1017508980187842,0.021228439129737733,1.4545208750341554
2921_right.jpg,0.11012826406534951,0.02909305838313522,1.4466070068247994,2.8172813834794828,6.313757621583974,1.0810956083588132,4.09192173820794,23.0,1.0832600076354493,0.020545488529989744,1.4045873721912407
2923_right.jpg,0.04147983751512626,0.013270936999452693,1.2446253570219987,2.1640280670711536,5.2611248935755395,1.1118629280839436,1.1548677676406052,15.0,1.1339148011167248,0.006095693347459542,1.256974257450389
2924_right.jpg,0.10074457073421975,0.02835269350588306,1.4322753825180592,2.6984069112626514,6.903981759586582,1.0799452047158227,4.050384786554723,29.0,1.0893624269463917,0.0169716123031688,1.372531213314826
2925_right.jpg,0.1207869497988873,0.02992079788794368,1.4762280238411238,3.032537631019049,6.642187501165177,1.088774802961195,4.325539076522267,15.0,1.1037526723979447,0.02074270003132287,1.432730675016952
2926_right.jpg,0.0719685324170359,0.021661090514513065,1.373652802143478,2.4442239652444835,5.776346243833993,1.0930211673136565,2.7127226693191067,27.0,1.1047282063514985,0.011786779998191518,1.308545616367509
2927_right.jpg,0.10174684112461704,0.02447769606947699,1.4354996998253666,3.1305837069137907,6.595782688617875,1.0867119389907995,3.705578722671357,17.0,1.0951557744840055,0.017979885492398345,1.3951613156704818
2929_right.jpg,0.1128195842324194,0.028458903592823406,1.4500120776380026,2.9786892135847305,6.127101600236618,1.0804856755365158,3.5208965208512524,24.0,1.0868069235131925,0.021065020899035777,1.414879278509006
2930_right.jpg,0.0704344599432427,0.017905205888962637,1.3609572432553165,3.006551736999247,7.3269968238326735,1.0912172637528772,2.6653984248017935,16.0,1.085953881290885,0.01245420479667191,1.362509528915317
2931_right.jpg,0.07358356543357572,0.017940258332242928,1.353037422797622,3.117255426173103,7.3627932546797314,1.0877741292590668,2.430042806138662,21.0,1.0975621427671414,0.012112828756752715,1.3460146558665667
2932_right.jpg,0.12870306753425212,0.03233742876773229,1.478823882754689,3.024393385098454,6.799543229320541,1.0821482979601675,4.950895202683587,18.0,1.0938286342594437,0.022471001899527138,1.4391561335381948
2933_right.jpg,0.09932135042674577,0.026660872289570627,1.417566452895103,2.8292959531668167,6.3836358218588165,1.0854977029239175,4.295250463634388,38.0,1.0915576062753989,0.015983384960559493,1.3567749946317404
2934_right.jpg,0.16589028222669078,0.04248557541707507,1.5540485489322582,2.9890466326727316,7.125484441768465,1.0857004228853928,8.336448975879874,20.0,1.0867204130026211,0.02842981720440973,1.4913384282284743
2935_right.jpg,0.04305656410751192,0.011308759083315138,1.2410630700108403,2.8268322580917262,6.317079275349942,1.0876120683343269,1.218725720698533,19.0,1.1184845681364521,0.007672894016564514,1.2549374313148998
2936_right.jpg,0.15366077924177513,0.04047773017541023,1.5325823215951255,2.887248812657096,6.5583617972695745,1.086052943289542,8.184463665023038,21.0,1.089478946501784,0.026185231590008892,1.467593319879198
2937_right.jpg,0.059866591573093035,0.01868245978387131,1.3448284700175503,2.3120667605765,5.030048460497334,1.0767772658437307,1.8920060544193742,43.0,1.090961225559205,0.010494033580907459,1.2905440699666821
2938_right.jpg,0.08013888750708864,0.021569349238406973,1.375694514159504,2.79329823205726,6.724167530846949,1.073409354472408,3.4323918299125484,41.0,1.0792699968071637,0.012247172007601007,1.3517883905931498
2939_right.jpg,0.07274662528474937,0.013563520248291504,1.3295706669879965,4.237396124789668,8.619925541948348,1.0796773130274597,2.5863698309906793,18.0,1.0785442330156914,0.010827936773205208,1.3301689343531882
2940_right.jpg,0.09583776269523264,0.024882992693356677,1.4234676383612996,2.9153241093213955,5.680145179884978,1.0780544977234154,3.800031747100672,25.0,1.081122748681681,0.018889524899828276,1.3948042604633377
2941_right.jpg,0.11832091604580229,0.033736686834341716,1.4769428681536232,2.5616575522804723,5.567289361571335,1.0799652452318425,5.650282514125706,14.0,1.0854620944873226,0.022206110305515277,1.431121262964934
2942_right.jpg,0.07450704225352113,0.023085387323943662,1.3931741075896877,2.39056800577425,5.514552092557861,1.0777813766100004,3.2130281690140845,40.0,1.0807506115843828,0.011861795774647887,1.3064538982192142
2943_right.jpg,0.04641794744670302,0.015250578416790613,1.2678737061016268,2.179723829124583,5.90890101059366,1.0842120868877907,2.427284746322922,41.0,1.0909676633248397,0.005923607668154024,1.2146607720239313
2944_right.jpg,0.09458417458884165,0.02518693627426113,1.4048739289193137,2.736498539872226,6.259943922683242,1.087002041941982,3.3988413502024084,29.0,1.0969316923010166,0.016375313251422947,1.3647104978437907
2945_right.jpg,0.05160885388458365,0.013737390098348375,1.2986474604016867,2.792184102224623,5.9587268445557,1.0903995345817454,1.5691197238349286,23.0,1.092933344594121,0.008407444713838117,1.3451332154179148
2946_right.jpg,0.1305789112042423,0.02702319945869678,1.4584176972630272,3.841714930971648,7.48746682889212,1.1014480187052273,3.828985948146089,11.0,1.1051475992940032,0.023367304656151815,1.4469530004635076
2948_right.jpg,0.1302708902846344,0.0364875721944589,1.4961784336169488,2.6212556445176105,5.686845391717765,1.0793987683876616,6.1646362106688635,24.0,1.086230837779938,0.022313961890421063,1.4189815635240588
2949_right.jpg,0.03540127770013975,0.010895388301058096,1.224507293590534,2.212652428866135,4.971161807190124,1.0856429767547822,0.6488321022160112,22.0,1.0870349725773747,0.005784587742064284,1.1923641490119405
2950_right.jpg,0.12857702516517813,0.03289036398610787,1.5190518075373352,3.021096078307405,6.532472263560942,1.0778274820898868,6.646741116036253,30.0,1.0877920668943366,0.023540908270570784,1.4705263831004538
2951_right.jpg,0.109968669750922,0.03490724530929162,1.4640291593022308,2.290825132227716,5.297937823645813,1.0901326500317534,5.297385109807226,44.0,1.104930791450991,0.01991816801287517,1.371397944084492
2952_right.jpg,0.11242065716320007,0.03111097645341938,1.462482749726717,2.690025210977099,6.27071808984326,1.0890731496368855,4.64569036473719,21.0,1.0981124741884796,0.01977953169421258,1.4037201229126601
2953_right.jpg,0.12159491277820744,0.03163843521425069,1.4715729021969153,2.859181206844089,6.365924026379791,1.0823271099040386,5.054870620586466,36.0,1.1023384506193403,0.021801656986589427,1.4147064424573246
2955_right.jpg,0.13247129171027788,0.031520274838367196,1.4925354159458857,3.217438574486475,6.183917197689076,1.0763407396579494,5.108147495254932,17.0,1.0827780456329734,0.02478453132746731,1.4635124896303615
2956_right.jpg,0.1441270384882702,0.03307916234374528,1.5098731556005733,3.4359144675288644,9.063227612877727,1.078368145929935,5.137141533285655,27.0,1.0896735240080953,0.02328837495089497,1.4597524388181036
2957_right.jpg,0.0006160826919879913,0.00042539043018218446,0.7205260471305501,1.0554991623534045,1.6035533905932737,1.0174051428055986,0.0,3.0,1.0174051428055986,0.0,
2958_right.jpg,0.04150998467637974,0.014350691995232652,1.2375064199008623,2.0987655510511654,5.191088769524651,1.0868806420101602,1.7026244740106535,25.0,1.1024266691364275,0.00634835696738258,1.2380459291723889
2960_right.jpg,0.027491828955826567,0.006853717938271269,1.208350658586084,3.0432556521312133,6.8213717318005385,1.0685164359196395,0.9506477985713122,13.0,1.0816403834295318,0.00407420485101991,1.3500236766625169
2961_right.jpg,0.035581711181530105,0.008183692973190484,1.2347850612240894,3.3072932581305508,7.206589981303023,1.085627594244641,1.358080579447714,8.0,1.0830699846237373,0.006257230521603541,1.2734783483232106
2962_right.jpg,0.08217670192432779,0.021109565600264182,1.3809850833737807,2.9594775988206337,6.6309684598038166,1.0813700195337144,2.601795238714713,33.0,1.0916046944423983,0.013484304169877216,1.3687322122868464
2963_right.jpg,0.08210178109254636,0.02031231654338382,1.3675561100561024,2.979539696982246,6.266358058692604,1.0749355288048366,2.705586269915412,23.0,1.0752612266817763,0.013931216850187094,1.3376184203981816
2964_right.jpg,0.0016613278685262928,0.0006217544418137323,0.8928772013228985,1.5657753545364423,3.0393446629166316,1.0666846086154746,0.0,4.0,1.062518457846304,0.0002735719543980422,0.9874591739583245
2965_right.jpg,0.09166305126471805,0.02869452039591174,1.416921932748231,2.3457732569664023,6.364660328599331,1.0794246975430444,4.742062090744907,24.0,1.0818738625392956,0.01454905007415778,1.3572494432845639
2966_right.jpg,0.12035942064141827,0.0314189837977703,1.4722322007697337,2.8822017953549657,6.325968909182942,1.0837642522244564,5.963390844678937,17.0,1.0875325291601805,0.02155412029877599,1.421953399673124
2967_right.jpg,0.11587855055935975,0.032971191837434966,1.4837849518971322,2.573412651236976,5.512963275227072,1.0851538242594632,5.09655704863932,15.0,1.0929709452390466,0.0225711878005581,1.4195786677895825
2969_right.jpg,0.013420219077598973,0.003054730173673423,1.0667047124157725,3.3352310060898436,6.4343689173066325,1.1055219203240898,0.0,6.0,1.2209267485166826,0.0024418228354564442,1.1493538117031172
2970_right.jpg,0.08702917006334274,0.02447632115930875,1.3967474196685619,2.62755007843191,6.459468437069343,1.08528459477843,2.8861197891613544,18.0,1.0913643258824404,0.015078710056355287,1.3531001591390472
2971_right.jpg,0.10873921358745554,0.031137918964301476,1.4525364514457417,2.653580860661243,6.219598414124536,1.0902762040060259,4.8193260045758235,35.0,1.0995025014642896,0.01900336338225372,1.418789598850318
2972_right.jpg,0.09343318080598333,0.02555224609833786,1.4212103479267177,2.734960675391417,6.472644302448234,1.0853215596949188,4.228170893271571,32.0,1.0956349351999735,0.015620742466808859,1.359611111213612
2973_right.jpg,0.15856654881045126,0.039351990571502765,1.5452752686069149,3.0382877155418333,6.526324941132679,1.0859241972831823,6.991470406104552,20.0,1.091824290744508,0.03018817043207287,1.5025566068490692
2974_right.jpg,0.1167705663746107,0.027578977987973378,1.4515160069336277,3.2894947753428996,7.592130615034776,1.0872053683716063,4.714355211619381,31.0,1.0744472570762456,0.018245557723267348,1.421402374216357
2975_right.jpg,0.10461134516702274,0.029271409460295907,1.4462946152743263,2.6214020311938397,5.873519104033164,1.0739577549737485,4.292873829443124,24.0,1.0807871727305092,0.017835393247209633,1.378799797216555
2976_right.jpg,0.10968123323177664,0.028931027339467157,1.442807154563235,2.906273934503274,6.038419003122739,1.0847019511142697,4.547314810604338,13.0,1.083606183796779,0.020382075495531,1.4050984533217739
2977_right.jpg,0.012319927901477741,0.003688545533097031,1.0454827648126583,2.441055618823303,5.75762853351731,1.0708384999878964,0.6503732678004841,12.0,1.0852902493057677,0.0024667728943004075,1.1274314347109444
2978_right.jpg,0.05328659602194095,0.012480680452153182,1.340828176616218,3.27966643163006,7.989741053381477,1.1171436386059568,1.8688190074045639,8.0,1.1246500330490892,0.009227925206832806,1.3574354589489868
2979_right.jpg,0.14688960169726972,0.039653474098956885,1.526279034414967,2.845527889435168,6.500972735790818,1.077621894418752,7.47606900209633,25.0,1.0871400939017166,0.026534993559467583,1.4616426392936683
2980_right.jpg,0.06140741370600269,0.017986565096260135,1.312338630672496,2.448042369433926,5.5417160125880365,1.0760544253991113,1.9006937532199253,28.0,1.0744037111060454,0.01098901098901099,1.2777874971017815
2981_right.jpg,0.0687568298647013,0.019429893123336945,1.351027919574585,2.645630800047338,6.538376228309211,1.067470284491742,3.0382178402191435,28.0,1.074863682728221,0.01071706841380527,1.3129295030735624
2982_right.jpg,0.10514505205701001,0.02693318508035985,1.436023771960717,2.952438439576396,6.375478523510484,1.0990037990399606,4.3970484180733855,22.0,1.1019399340142646,0.019139795815222883,1.4085639809294184
2983_right.jpg,0.0896456262577765,0.0244200181834898,1.399786060024401,2.7018440614782033,5.726487340007057,1.092624263807169,3.4732508606511323,29.0,1.0887502132595888,0.01557344393253721,1.362764901059155
2984_right.jpg,0.13451293097015854,0.025951479637266264,1.4759642016056997,4.122383048838117,8.132045090731383,1.0771247529677896,4.327733809549866,21.0,1.082798645510452,0.02153918091419646,1.4583316885419726
2985_right.jpg,0.09193779373499808,0.023917340702341812,1.3914364433063455,2.880912127334707,6.576517553060658,1.099396326607111,2.8238901103334206,16.0,1.1178591738221857,0.01608608830707788,1.3431165657201785
2986_right.jpg,0.006307515241067704,0.0017741457211927487,1.022864405331417,2.4701265564834545,4.990959705213267,1.0706862736486478,0.25129542793098425,6.0,1.0566673866021077,0.001100673974337711,0.9759005893750361
2987_right.jpg,0.03853642094248213,0.011681667027211946,1.205663810343124,2.3608533499954687,5.487901179322927,1.0819910699960844,1.2577160882011138,24.0,1.081096791651083,0.006092376731246196,1.1979219918036095
2988_right.jpg,0.11740940254652302,0.028612675481554033,1.4584806158130414,3.054587062516017,6.878423727689428,1.0933221576456744,3.519833496571988,30.0,1.0981943748942602,0.02043543911198172,1.421133683900032
2989_right.jpg,0.11045077034183919,0.027919876424329963,1.4420167362165246,3.027592884333686,6.797753471358824,1.0751482326059987,4.563874177499598,14.0,1.0779583064660863,0.018636655432514845,1.3994869857161971
2990_right.jpg,0.15582591473581037,0.039019633600436525,1.537501054334029,3.0898868630999097,7.0552409476527815,1.0875746188823971,7.477542111698312,22.0,1.1035532810916397,0.02864201772379576,1.4963182663741716
2991_right.jpg,0.026566558914793963,0.008596396898300803,1.1988862376186287,2.0439434166858064,4.738254414980697,1.0762758294355574,0.647806849909631,16.0,1.074901250056857,0.0036924990444848964,1.170788901430359
2992_right.jpg,0.00998428524981034,0.0036848379755066653,1.0319198014530053,2.1033452789391367,5.539381588818539,1.0857016547983986,0.4064159531808822,11.0,1.0899572007067913,0.001512770492395506,1.1829940550191589
2993_right.jpg,0.13378988914158668,0.0356541870213048,1.4989361367675973,2.8320606831742774,6.2571538134255436,1.084767279904827,6.06814681855731,23.0,1.0991642507953203,0.021988108471948844,1.428660988295412
2994_right.jpg,0.026431211909281646,0.00771305824757718,1.194160928067948,2.4896760177135127,5.409015226488948,1.0727378694453935,0.89919072834449,15.0,1.0847982960220623,0.004326106504146269,1.1946579749679116
2995_right.jpg,0.11824194688478239,0.0325557911743916,1.4763897846106733,2.688794343057259,6.2724235297570266,1.086072458652153,5.45289306270827,20.0,1.1073988270692583,0.020594769261839847,1.4104869275212866
2996_right.jpg,0.04482144551813457,0.013302964836183172,1.284130436921645,2.467426122127198,5.715926809504738,1.0826159106919921,2.121328845048093,24.0,1.0810453064150871,0.0071231989638983325,1.3520768124265297
2997_right.jpg,0.13061156541172078,0.031498922962835914,1.4822594412056929,3.185281438009543,6.465635320202511,1.07807483196475,5.1960106745229,19.0,1.0877906007743476,0.02320043989527264,1.4416060635329404
2998_right.jpg,0.03298590470151521,0.012545300025980088,1.2214062630748115,1.8001649585634014,4.768297101723982,1.0882276250130711,0.572442612628084,44.0,1.0888155403521966,0.004310933213560725,1.155384297046327
2999_right.jpg,0.1514147966781937,0.036085518842920966,1.5220123723289085,3.219294386910328,6.572276552168005,1.0899878287679103,6.20945553676452,21.0,1.098052896021216,0.027791099780397305,1.4887522878053001
3000_right.jpg,0.1528486736334405,0.03921322347266881,1.531084718003654,2.9619401149257114,6.163067494104026,1.0840253857394448,7.636655948553055,17.0,1.088833026990326,0.02787379421221865,1.4831962125632905
3001_right.jpg,0.1264412148888683,0.03297437954477666,1.4840909877034039,2.844784738967344,6.0116035914044295,1.0787455929784964,4.988326287965277,21.0,1.08582905635063,0.022591461219620065,1.4378801538677475
3002_right.jpg,0.09947609019466845,0.030196722995531357,1.433389594816415,2.431783633060533,6.390630848623732,1.0800168459929536,4.109096512404335,43.0,1.098173354882924,0.014854383892341672,1.3618285791687252
3003_right.jpg,0.033166528792995115,0.008213654465976846,1.245394406269425,3.0971517476047437,6.592633430259629,1.0650295574993414,0.8136806845766826,6.0,1.0806431349172232,0.006061921100096286,1.2904662018519641
3004_right.jpg,0.10636942030891233,0.026364767405399392,1.4302141528696424,3.0362272416534597,7.836721285216529,1.0799242140375238,4.652903512942152,22.0,1.0940533552816565,0.017134822936791316,1.3779364789124047
3005_right.jpg,0.10310282802038573,0.027815529129609273,1.4379129131902249,2.748898726653112,6.3368561024078405,1.080304017167558,4.197062056560408,19.0,1.0899790467455237,0.01692315379234536,1.371133578864589
3007_right.jpg,0.10649561188443796,0.02821002912067568,1.4426115413440055,2.7565590648217584,5.775431748437766,1.0799743151495185,3.8527354421639366,24.0,1.0858151213478446,0.02076474296750693,1.403527104137699
3008_right.jpg,0.12336707415062588,0.029745149862796326,1.4758196788166495,3.1339837507780004,6.337832179883711,1.0778270971366641,4.95247143485226,20.0,1.0857486802009981,0.02072457689217257,1.4310342678371515
3009_right.jpg,0.01651240013390878,0.004315843761027117,1.1311933790469575,3.057957424800463,7.508703994230256,1.0792927015552864,0.6785917863250184,7.0,1.0849388583323347,0.0025243614451290683,1.3031151599160034
3010_right.jpg,0.07545265598145409,0.019040529197809665,1.363196801084521,2.9953893168604475,6.020754373041456,1.0772427692460114,2.298253327471122,9.0,1.0847103744621784,0.015837963148007516,1.3446355876309388
3011_right.jpg,0.14219898461771616,0.03597787375918769,1.5077414839404326,3.049972929598327,6.96968629464266,1.084699870170606,6.415599504937991,19.0,1.0947334512441838,0.024712687226895,1.4497722621928815
3012_right.jpg,0.13136470193388286,0.035402820224661964,1.4942495708405636,2.792584315810949,6.156442296212437,1.0853762572330508,5.339408393549995,19.0,1.0984066871980778,0.023890038697997978,1.4371417160488547
3013_right.jpg,0.12511500002513662,0.033537275090114775,1.487670963286025,2.816981068214165,5.965036319046003,1.0817332255999812,5.580329088596522,23.0,1.0930722559584853,0.02162754571093895,1.4233665434657925
3014_right.jpg,0.039355337931723064,0.009302170783861816,1.248217761467686,3.5446048068523166,9.034216248262585,1.1252014241313832,2.3297028796791666,6.0,1.118718296140965,0.006273557040278899,1.3042814560475522
3015_right.jpg,0.1207378508774155,0.031646821873747545,1.4714147309146417,2.8636209306324654,6.438870162913664,1.0810360202898028,4.616641215952271,20.0,1.0800181537115632,0.021327867771278403,1.412006864413918
3016_right.jpg,0.0667144906743185,0.016318842365616006,1.3526857466677829,3.0610786795157274,6.039264215906912,1.0784086031125577,2.332520618602072,30.0,1.0840238978090846,0.011891454172571318,1.3527235025082698
3017_right.jpg,0.11615468595066156,0.029066215282298854,1.462547598755874,2.986078326468804,6.426012834321306,1.0890099182449027,4.35692751474845,16.0,1.1014345384759803,0.02144409611281938,1.4249700358349042
3018_right.jpg,0.12215446873430032,0.029853016412936768,1.4919204285031635,3.0707765352800713,7.24628078733497,1.0780278508306242,5.57698778132677,28.0,1.0841351774434131,0.018874185921101756,1.4387816868946561
3020_right.jpg,0.062295437891822944,0.014801747767796565,1.3266778544075253,3.097846396310615,7.153559985630673,1.0854076825839722,1.9540261079599424,24.0,1.0895987658238877,0.009183922707411729,1.3096715061873634
3023_right.jpg,0.1298630441481811,0.031937841947592034,1.4795415663980567,3.1092770842355324,7.559350079695341,1.0823793853366184,5.203413034802245,21.0,1.0894709062827272,0.02157143073651028,1.4245910686261105
3025_right.jpg,0.12946762299222145,0.03551368825133852,1.4978194849027224,2.735472469986445,6.779428537786294,1.0929429725832203,5.707647237094656,34.0,1.1043999858550229,0.021456712799272654,1.4191622353937194
3026_right.jpg,0.13842433206249907,0.03486716200888418,1.5034370665025183,3.0390923686209876,6.3925344240078665,1.0784043000735184,5.996072572465035,16.0,1.08380698431745,0.024234126647046186,1.456715691469915
3027_right.jpg,0.09133453278643588,0.02269159269762319,1.407430233013766,3.0966987362760157,6.822721394806529,1.0974756224706208,3.4887140101770773,21.0,1.1117814407386348,0.016880391932099656,1.386160160833275
3028_right.jpg,0.03127863582146093,0.007760787545881305,1.247653604873158,3.081147533534754,6.468668069286244,1.0872042315495347,1.279813249650611,8.0,1.0983575172957714,0.005810352153413774,1.3731207429958334
3029_right.jpg,0.015883590993746498,0.004946272378097099,1.0773236883873871,2.202763925231191,4.833928782682722,1.127032921000403,0.10094433424687956,20.0,1.1542795146274678,0.002276294737267134,1.1652616338406119
3030_right.jpg,0.020805205218120574,0.006460442461972324,1.1492584058219133,2.332324200114764,4.864299232151093,1.068551337814704,0.27648113246671857,15.0,1.0718279962804007,0.0034191500048384197,1.1809942132372093
3033_right.jpg,0.1103380333723293,0.028390082712476655,1.4526399536623782,2.955219480132875,7.198327426881535,1.1028713731179198,5.592841163310962,27.0,1.1155294980426271,0.018276789196067567,1.4181858957120197
3034_right.jpg,0.04366389564808366,0.011112719246668897,1.2901609636306857,2.974999160447868,7.270804061247516,1.0753904887698091,1.0402626889433644,17.0,1.0764951389001636,0.006784321884413247,1.385113553604892
3035_right.jpg,0.08463306594204248,0.02044519719332204,1.4100827038104675,3.196399776443558,6.779505972856515,1.0796806994152093,3.2105566826108807,18.0,1.0879509878139684,0.015461854864226023,1.4033237432941166
3036_right.jpg,0.057092472727088985,0.016760397560470323,1.318544223478642,2.503142737030524,5.848501577123096,1.0749138744565976,1.9706225651442344,26.0,1.0847832007810758,0.00920634439408409,1.344732268548648
3037_right.jpg,0.002364225884895974,0.0008885332446532122,0.7543006876292077,1.7612590611220644,3.6256584828513,1.0982350491237933,0.0,5.0,1.1010816484053003,0.0004364724710577183,0.9749765881386923
3038_right.jpg,0.15418780443438365,0.03309618610667583,1.517787663125851,3.6824002899215595,8.870971799740795,1.0836300701895751,7.073993976999414,17.0,1.0909063476620908,0.02507225579562221,1.486092172389867
3040_right.jpg,0.11479442367915951,0.028972623497322963,1.4547174346869363,3.0084053329369027,6.429350393920656,1.0834104301040437,3.7882614405495505,22.0,1.0910661510465633,0.020315183351853724,1.4068946212975402
3041_right.jpg,0.10058030836469588,0.028626927279349276,1.4441914885316098,2.6048495588145775,5.575702849159194,1.0861777157479378,4.273400509894379,21.0,1.088847434977781,0.018030836469588443,1.3815529878682205
3042_right.jpg,0.05670429465610188,0.011442165056622888,1.3971036801137058,3.909830776983891,7.728709992508121,1.0993634099937126,2.44220123738196,13.0,1.0792435203197588,0.009569810774630053,1.4403037584496023
3043_right.jpg,0.02970243639394088,0.007113093779106819,1.1757119556204876,3.044471334947276,5.485387107821844,1.077447633840988,0.34315407618020494,14.0,1.0961558069488058,0.005191430952497671,1.2247560274491636
3044_right.jpg,0.12577775164858854,0.029228764317979168,1.480240367288376,3.3306340214621364,7.33699091012319,1.0882379901150767,4.507285144576071,20.0,1.1007368866092329,0.021718255484680128,1.4463647194750473
3045_right.jpg,0.06154644137176929,0.016901790178550567,1.3292675905672697,2.5750172282586274,5.085816428341302,1.0758858590178637,1.7756926369502946,38.0,1.0869922573171191,0.01054667968841267,1.3013028999262877
3047_right.jpg,0.07202743137136776,0.020739201156696186,1.3509819594310857,2.5001610821751994,5.842406736578331,1.0858300894016684,2.45998754945077,20.0,1.0988300994862654,0.012284876598991907,1.3046642852277714
3048_right.jpg,0.08850169293106668,0.023842322772067395,1.4016268589763046,2.7968087800479977,5.635319697357834,1.0976731414241003,3.4817360238574606,27.0,1.1190345824069718,0.015344868476160201,1.3768104758436093
3050_right.jpg,0.15517241379310345,0.03837874439099325,1.5338537052896746,3.1094003053619907,7.059850196675909,1.0834032616647047,7.529207260379189,12.0,1.0959880610863788,0.026544245462263007,1.4803723714505928
3051_right.jpg,0.02505855588304513,0.005990070715334357,1.177388807245844,3.320027858059366,8.388354504836379,1.0871396716190624,1.400858446055743,13.0,1.0768435990313066,0.003787921238134729,1.2533523550965169
3052_right.jpg,0.06357100059916117,0.014679448771719592,1.3286422218787528,3.319333170896822,7.104658388589764,1.103994906191725,1.1522330276075032,36.0,1.0918988295066505,0.009121076646540997,1.342371345377154
3054_right.jpg,0.0299824509945265,0.007074287475578049,1.2784678835177357,3.068210352016453,6.059719211212555,1.0737674597640443,0.3977111722039662,10.0,1.0799988318950555,0.005652470034948869,1.3139427020514853
3056_right.jpg,0.12835167722830315,0.035363795316495354,1.4934829995566152,2.6767095645731644,6.378392117727655,1.0866685801295444,6.46837067806717,22.0,1.0924323766794426,0.021754949819593097,1.4196117034207016
3057_right.jpg,0.12083819687621589,0.03212717469846034,1.4709934534131548,2.7865462060685355,6.389829725184592,1.0998716379977638,4.598258725322257,20.0,1.107206856581573,0.02068711123238387,1.4079969005322246
3058_right.jpg,0.09006356374777427,0.023833918570760677,1.4035577227563938,2.845266375510384,6.525565900859908,1.0798971730239306,2.28789702473913,18.0,1.0895584347945995,0.01571685782212098,1.3708843145562848
3059_right.jpg,0.10698124426796206,0.026803261340616592,1.4437016851098299,2.9720567499747563,6.613901472150267,1.0716542376882543,3.4770164175644758,33.0,1.0682840488327927,0.01588845328200115,1.4001368455295993
3061_right.jpg,0.12766473848145302,0.03316512277011448,1.4857860919903167,2.862636290175478,6.709372627595723,1.0920959929559004,4.955301160956272,23.0,1.1002046447116103,0.02137352857894098,1.420477832697535
3062_right.jpg,0.03269779494056321,0.010692572166039867,1.1597429825235086,2.20673272253106,6.2132962586229405,1.0918260382070433,0.9578447484901342,39.0,1.0991923995768937,0.0040582369607082,1.1767438487633939
3063_right.jpg,0.1430858990225545,0.03641047659939888,1.5171517329765836,3.000234412460978,6.532045973147784,1.0837011066503375,5.607051751572247,24.0,1.0871205959210104,0.023433435203192483,1.4570121442627544
3064_right.jpg,0.12849853490956856,0.03131251894513489,1.474950832552317,3.166958460279626,6.850168594569027,1.082364764751228,5.607759927250682,17.0,1.0896157655676921,0.022264322521976358,1.4345823977978718
3065_right.jpg,0.03068432571058319,0.00932944870615635,1.1926260486582718,2.3180922228341454,6.411585650245977,1.0652643369935157,0.589037557940906,34.0,1.0747569609964063,0.00449934073104092,1.1472282426038665
3066_right.jpg,0.08493225425115941,0.0244915279924828,1.394047752899472,2.4905780525314607,5.706297499162033,1.0900668792889905,3.2837238438766128,22.0,1.1057257627618688,0.015312256878138482,1.3534991000188632
3067_right.jpg,0.1018708083303918,0.027739397912359437,1.4290050851429215,2.7183075402880035,5.606752368541786,1.0860377288176775,4.639201250567294,20.0,1.0931107824180277,0.01882406333518229,1.406167584327644
3068_right.jpg,0.12429857595331321,0.031438761004563935,1.4784485688275872,2.9737594922343615,7.185032036391567,1.0825652347486339,5.436815721874455,14.0,1.090015170237773,0.019373020425468238,1.4375210869335453
3069_right.jpg,0.08905983164321661,0.022840504365085362,1.3844034289384912,2.9715781108868002,6.4374025124709355,1.0854756581104683,3.7278282377951406,22.0,1.1026111603578628,0.015923871702257352,1.3679316707317484
3070_right.jpg,0.10955437913269239,0.031170135085797735,1.4505167257953946,2.6266346605420776,6.213494701275547,1.080234211686988,4.969372439251957,21.0,1.0925602064616258,0.019552959311995455,1.3888691815245
3071_right.jpg,0.13729382126161405,0.031654863640241955,1.5213905757094668,3.405594819212317,7.797111508371881,1.0876361585023469,5.119384955295195,17.0,1.0927892619268882,0.02275431891971996,1.4778087199557959
3072_right.jpg,0.05601268059243405,0.018990600611818394,1.3366573613632098,2.0360692560138927,5.329355568281327,1.0859678806208257,1.7163222243536027,25.0,1.0880769112614692,0.008627043180647963,1.2630073435728402
3073_right.jpg,0.1038983385375284,0.0281836262696296,1.435432527101188,2.7379573245260094,5.851114652238867,1.0776909672947237,3.6437800169030905,20.0,1.0840509722570606,0.018269508140305774,1.3764497628859615
3074_right.jpg,0.061331497272390234,0.017838038239500028,1.2970955784202645,2.4067534807146345,5.254805469355223,1.0778927434219372,1.6418621895026746,35.0,1.0907340168665698,0.010428473068163762,1.270358729511567
3075_right.jpg,0.11092807260452565,0.02883361799751382,1.4522974742486692,2.9416730722700946,6.503161765913109,1.0965731549966986,4.396292964920614,26.0,1.10645593444389,0.01941443398991379,1.395188903126199
3076_right.jpg,0.06610670708978406,0.015620884172858528,1.3600808754142333,3.297949659883959,7.373933578479207,1.0712196140916574,2.1868243830918717,15.0,1.083704719385605,0.011878432444521756,1.3651273999260916
3077_right.jpg,0.09278995296707696,0.02331131792254578,1.4125578497954872,3.0448369745926103,7.301724894575053,1.0821826833804447,2.851996397478235,28.0,1.083974233740844,0.014440108075652956,1.3722828935409879
3078_right.jpg,0.07003686682490784,0.019620221200949448,1.3452469764323032,2.6195310533622527,5.999985698614082,1.0964567805912346,3.030149992424625,23.0,1.0995414243738744,0.011580223221049442,1.2837409334683927
3079_right.jpg,0.06896396801150148,0.018001018360439693,1.3410170213803816,2.7968038675180384,6.326173864336624,1.0906718321397406,1.6473477700901549,19.0,1.1017703584215572,0.012400035942133165,1.3406623456609599
3080_right.jpg,0.043284488855842296,0.010890263143577375,1.3053424867880519,2.9362883113367695,6.373557799414349,1.0840348405981863,1.088119548067681,15.0,1.0947947882935052,0.006882356141528083,1.3293812845374922
3081_right.jpg,0.10248613678373382,0.023678373382624768,1.4424390425260536,3.379591970036526,6.5362257146399045,1.0992568686895103,4.5286506469500925,41.0,1.118391784420232,0.018937153419593344,1.416745879261377
3082_right.jpg,0.128972093116036,0.03148251580858152,1.483554311962178,3.179503424867132,7.102631889891717,1.0758826202307938,5.036803574634458,14.0,1.0789065863401555,0.022391334703077935,1.4344944497963577
3083_right.jpg,0.11396415806950394,0.03200932802717295,1.4630223832474534,2.630489814240978,5.778884399729773,1.0833289582090007,4.866796785886289,20.0,1.0919076776455412,0.01945197840358926,1.3950805796137886
3084_right.jpg,0.12094797746279592,0.033249955784633266,1.4800806616968925,2.682381380147022,6.398142573544657,1.093281146536458,5.30584400818616,27.0,1.0931189067881693,0.019555825058743273,1.4059736572932033
3085_right.jpg,0.14245365481489716,0.037202463659008575,1.5182210507636338,2.9012666525236264,5.949666216210608,1.0857514371109727,6.214726375197684,27.0,1.0895132527072133,0.025364167807717376,1.4658130742102156
3086_right.jpg,0.10877355919199669,0.030779636378319992,1.4519033060981075,2.611032479710049,5.991058556322247,1.1187281221834096,4.79512209895113,36.0,1.1137684352717336,0.019326865807246185,1.376684208746348
3087_right.jpg,0.1321052152911812,0.036262492547418625,1.4996323456968028,2.7256174665228246,5.847024045804281,1.0849786656961093,6.265220950090441,22.0,1.10192708970281,0.024550571448781817,1.43002087250516
3088_right.jpg,0.0008791919518566614,0.0005052827309521042,0.5581142130890091,1.0331370849898476,1.331370849898476,1.077009575212728,0.0,3.0,,0.0,
3089_right.jpg,0.06263237821204491,0.015985293529952444,1.2993129930396856,2.842435998710276,6.757593982634143,1.0966332424348575,1.4986212684330416,32.0,1.1312805405193056,0.009940854413939175,1.2826605531887776
3090_right.jpg,0.12955868677475438,0.03260320219949056,1.4845358315450237,3.0239377154274307,7.934320953162034,1.0949313838376078,5.660453644927829,48.0,1.1028291337370537,0.01953867302793838,1.4192877333007594
3091_right.jpg,0.14673295025711727,0.03777258958851174,1.523237841337767,3.0062997239101916,6.663120439767515,1.084866869550889,6.943675720280565,23.0,1.0933327182036312,0.023860079902587275,1.4555149044020308
3092_right.jpg,0.11045783327271992,0.029998585687153998,1.4520766143869288,2.731506218610531,6.185842407700463,1.0797508890808303,3.9903826726471894,20.0,1.0903770816896123,0.018098153311512506,1.4122936684097998
3093_right.jpg,0.09192107448898973,0.027323096246176286,1.4253100846404372,2.3962124304818917,5.2811875004639885,1.087324271457418,4.456779369163138,28.0,1.0938533363017153,0.014778275226384134,1.3440709089840317
3094_right.jpg,0.06442291088968116,0.016881494347441874,1.3168082704574975,2.726107762083822,6.346699568514179,1.0768607395882264,1.9298940589734994,29.0,1.0895667918784593,0.010512843952829327,1.2896767122225867
3095_right.jpg,0.10536325599087105,0.024648155192088246,1.43120103254165,3.225869502740821,7.14944510655818,1.0877638708463022,4.05730949664004,13.0,1.0812290586751918,0.017273995181944973,1.4082009967671192
3096_right.jpg,0.0047543420275690754,0.0017917862887626495,0.9840001814694193,1.896505760534191,5.152131787277599,1.0642884103249823,0.20361207826848288,7.0,1.0672127612181332,0.0005701138191517521,0.9745889001875121
3097_right.jpg,0.12497476378906565,0.033745861261406766,1.4841048347280297,2.767397383241361,6.949488355656636,1.0871794571116515,5.703383671162077,22.0,1.100293721988201,0.021728377614471453,1.4207854263821766
3098_right.jpg,0.13536338825432123,0.03488325078338219,1.4979018153866346,2.9426390098974538,6.861130507164381,1.0859255172957274,6.6208430203173965,28.0,1.1012153247945784,0.023946224603254827,1.452952123421914
3099_right.jpg,0.13474096754439682,0.03613472137170851,1.5082890367388677,2.840311189267608,6.140305722991128,1.0794652760484384,7.152480097979179,22.0,1.0928497550818765,0.02219718309859155,1.4297245239551772
3100_right.jpg,0.10324773149283537,0.026896762278467073,1.4435823597504247,2.8892485593020223,6.716863833134574,1.086004576600967,4.65463135820141,25.0,1.0795896680299069,0.017937848158918124,1.3947371876562284
3101_right.jpg,0.12841398408455776,0.03617745363067856,1.4958920617340143,2.6311557703115933,6.006741025344805,1.0880486629476958,6.593395446499668,28.0,1.1017924242773316,0.024091252592979555,1.4404084619976516
3102_right.jpg,0.09492067657032133,0.027712740190537703,1.4160425131154164,2.5538895549389515,6.206385587160299,1.093481758165555,3.380833198772808,28.0,1.10114182539282,0.015491280477958986,1.3427257591021384
3103_right.jpg,0.12528522100842032,0.03761888415483715,1.4973571811477993,2.4070430145054518,5.589617986325723,1.0778872614752493,5.805383357227955,23.0,1.0883611459410527,0.023277063182763565,1.4197202764598462
3104_right.jpg,0.10585559284513879,0.029214498596140275,1.446220513679381,2.717590455849975,6.763241740061104,1.0755176584465038,3.7571652695766082,36.0,1.0900786261533055,0.01612534715699366,1.4046059342821056
3105_right.jpg,0.14222709453178678,0.038187568201107386,1.519644865424288,2.7839756302653984,6.1855450930183355,1.0969754448280669,6.1633593339530375,27.0,1.0971362153808422,0.025431435153376713,1.459597753102164
3106_right.jpg,0.13087110971869204,0.03266345624238872,1.4880708577111526,3.069857891929168,6.51159359549147,1.0782190576960693,5.81110375599428,17.0,1.0897094741780686,0.022708782851685472,1.439857616330151
3107_right.jpg,0.10351255749791446,0.028470497220060304,1.4520674160559004,2.6796939179102846,5.885876463094734,1.1247721443378011,4.101168366942718,22.0,1.113198198678392,0.01773289276842846,1.3979412550654688
3108_right.jpg,0.1071988782802988,0.025364785869559734,1.4280394116071966,3.3079178994949867,7.901752243972131,1.0935063701047325,4.186274064771243,21.0,1.1053679107430687,0.017945497737898893,1.3774620259691637
3109_right.jpg,0.048447992912014334,0.01383868791719944,1.2822006068519867,2.5991298738065924,5.554991067583318,1.105604854345965,1.661246639751115,35.0,1.1396437366048167,0.007405132748708758,1.303203387445501
3110_right.jpg,0.09252423023214014,0.02726966877284186,1.4330843076257602,2.5298786343490813,6.5297927192264735,1.0776726120627937,3.4104368585267832,40.0,1.0854997153109833,0.013641747434107133,1.3524682815626485
3111_right.jpg,0.027826285453404098,0.007772641670946756,1.2201302988982023,2.5509520574772635,5.878595940867168,1.0834062541753542,1.369628488272556,17.0,1.0860791143804744,0.004194487245334703,1.2167362170729263
3112_right.jpg,0.09130459061165852,0.02443791277685556,1.4055389176343607,2.7912829440316655,6.539758767520275,1.0810468718305868,2.7920340729685416,17.0,1.0925694596989262,0.014259679474488423,1.3430893931128223
3113_right.jpg,0.004619488053222993,0.0014755993671656323,0.9116250641304973,2.2523641107350447,6.235128133666959,1.1381627309414633,0.10141576406636647,10.0,1.0901363425610557,0.0006946979838546104,1.0738498488057033
3114_right.jpg,0.15778942209062016,0.03947893665078347,1.5376322909132185,3.042294322273784,6.654721429202781,1.0921707481841176,7.023642895762065,21.0,1.1000553725094095,0.027862134480023042,1.4854907401080704
3115_right.jpg,0.08970858864688872,0.02361018423021699,1.3889915535312767,2.762471653028735,6.861658269154012,1.080238811237592,3.083985520435196,21.0,1.0947112037009552,0.014110497684483003,1.3222096345530743
3116_right.jpg,0.036181786119614215,0.009716903070613715,1.1938445144003411,2.668020090439686,5.113187214210459,1.071577116689462,0.22607964333675468,13.0,1.0898832640890639,0.006393532313563422,1.1830027690463945
3117_right.jpg,0.08941736870316246,0.025364334186227612,1.4091703691547823,2.5752010315283416,5.757935745579177,1.0945023037617112,3.1351449751716745,44.0,1.0955046530321542,0.013647994012884435,1.3361239562953033
3120_right.jpg,0.09966027686945625,0.026237982416635663,1.4371530959093202,2.7941645868744733,6.265982053358294,1.0804877306088412,5.04200035245051,21.0,1.0859207676294964,0.017323921599342092,1.3881678050167872
3121_right.jpg,0.08987168433331642,0.017871057278675072,1.4087704531394667,3.9456859769915007,8.18275965664002,1.0947160447680602,2.2592409872422046,20.0,1.0909533336541057,0.013205033035636068,1.405282227559513
3122_right.jpg,0.16130534729630241,0.03855842861507179,1.5460903008970603,3.1762889063285837,6.685662167888058,1.0983788758025745,6.560792503668535,20.0,1.1092096156553644,0.028031111177887626,1.4922239575405196
3123_right.jpg,0.1490583766089434,0.03760936773828528,1.5241212510985138,2.9984587952800887,6.348678556543835,1.0875409296635896,5.960920608620097,15.0,1.1023372606403423,0.024555961930934147,1.4567296647211831
3124_right.jpg,0.1164679355873961,0.031220815941139138,1.4537552413694734,2.7890310426002567,5.7969148823751775,1.0810821738366414,4.385670723842054,13.0,1.0886351021596865,0.020597173564208798,1.3917357211932537
3125_right.jpg,0.06029078098877478,0.017176180240426716,1.3340773342133712,2.484356294941232,5.497480876888909,1.084921312135491,1.6419871029376643,27.0,1.0935187570424088,0.010881896345832339,1.2776090407535414
3126_right.jpg,0.11829496640599185,0.026654917942504682,1.4457782051428487,3.39200266266466,6.907250951041775,1.090456460031663,3.5665769777456084,22.0,1.104847669398343,0.020098710262825253,1.4293693896658766
3127_right.jpg,0.10290575850142637,0.026815783494483856,1.4331516319911626,2.859262213768818,7.0837548290562795,1.0917432473900017,3.7868268915200325,19.0,1.0931649912246955,0.016056146020044938,1.4212337329126494
3128_right.jpg,0.15045247727524944,0.039471958515349924,1.5330893081077408,2.8893827828069103,6.647052813503572,1.1031248951696222,7.3142926322373665,19.0,1.1187592503067205,0.027577405393408055,1.4729123784616152
3129_right.jpg,0.13738066070687333,0.03378959837202474,1.4995894512754877,3.05551842696127,6.736197566887168,1.0754383979107323,6.023913417634374,17.0,1.0823769414917006,0.025027082299818777,1.4530802217069285
3130_right.jpg,0.024399567437064607,0.005965344667152881,1.157137812636198,2.9723613276233953,6.077627889734981,1.0921809792163408,1.0562583306088575,13.0,1.109541580618194,0.004119407489374544,1.2092534080590713
3131_right.jpg,0.02831059756383839,0.01017240929601711,1.1579174486802846,1.91720752460634,5.59679657836915,1.0764986620824466,1.0433240303607292,30.0,1.0894019890312232,0.0037142335480841965,1.115583642142641
3132_right.jpg,0.023386243386243386,0.0069387755102040816,1.1802759701144003,2.465534805320647,5.617443053351883,1.1548135729651463,1.1589821113630638,18.0,1.144223834583301,0.004021164021164021,1.2274600175169064
3134_right.jpg,0.025041128670422255,0.004765940475596989,1.0942362214269536,3.703499939972333,7.038383366710981,1.079472992765435,0.19941173538062715,23.0,1.10354240195703,0.0034897053691609753,1.1202914230599492
3135_right.jpg,0.10311509310897517,0.02894645033092492,1.4310079024431146,2.6307089271254576,5.725436560290357,1.0861241799658539,4.2977262500063205,26.0,1.1091130686182202,0.018217303151497378,1.361364733164568
3136_right.jpg,0.03739668123524819,0.010908487170972925,1.2379321034281632,2.423441995776576,5.64853294185726,1.0849563222422327,0.80770369838549,33.0,1.0969657872668848,0.005828928356681953,1.2217287294351742
3137_right.jpg,0.11122166552183926,0.029627459695341227,1.4537096436007924,2.770786936016505,5.919128805371659,1.0892138453873161,3.687017657279082,22.0,1.1056519980717423,0.02056648753484989,1.4248849133704151
3138_right.jpg,0.1247255608221634,0.026904433434072866,1.4548157477441408,3.591431320046035,7.119405885631859,1.076595390457981,4.133362678419016,10.0,1.077444378903573,0.022620766658256793,1.4384858497063335
3139_right.jpg,0.0401259640839888,0.013002590005065323,1.286135939626623,2.1601557636606326,5.931648240136006,1.0804112833656256,1.4335821394779849,26.0,1.0927876734804804,0.005849015129070179,1.236548708142505
3140_right.jpg,0.11524105361517287,0.029229487082354722,1.4542720302400969,3.016571100968829,6.291134029531952,1.0964529922390942,4.798343308836528,15.0,1.0991646699990902,0.02181478394827891,1.4227940323561208
3141_right.jpg,0.12640015352449827,0.03619946064419687,1.4941046456873541,2.5912255698552755,6.044514186638891,1.0999849787290132,5.807670164735827,33.0,1.1131182620757425,0.02109446806791439,1.417854768375292
3142_right.jpg,0.14362018402249388,0.03308071391859071,1.5061229325135872,3.40311611437537,8.368054764626866,1.0835222099376816,6.147520332167656,17.0,1.1020482379570238,0.023310187751317685,1.4585963126335808
3143_right.jpg,0.06867984236923812,0.018678847225539367,1.3749045672907851,2.670866908788152,6.167313901367365,1.0712279525078536,2.3385876920627338,26.0,1.0978270617491512,0.010687843324576068,1.3486753947563188
3144_right.jpg,0.06537617757129953,0.016394373467544198,1.3093003875214417,2.9299049480196455,6.5644549783100254,1.0873773540574945,2.890695573622403,35.0,1.102250589024355,0.009921280165182605,1.2883633731409243
3145_right.jpg,0.15943091815781754,0.03953260975848245,1.5524871222623915,3.0896655536668303,7.053729221573102,1.0860636452756662,7.969101398259509,17.0,1.0957764613936378,0.02766696000782243,1.4933788966588584
3146_right.jpg,0.023198814695763542,0.00871399512819869,1.1399716079085809,1.8011959130617528,4.703768826700547,1.0867206453844886,0.6026970693855002,30.0,1.1061381216650634,0.0030235302980839256,1.0433446232536268
3147_right.jpg,0.08386210837238665,0.025800535456728,1.4189925212990249,2.3597103954347367,5.659109753053632,1.0669205667608823,2.810917418932681,34.0,1.0761845326282267,0.013289648911806314,1.321217339690811
3149_right.jpg,0.039235202197649074,0.0058275522290014035,1.2331239976019994,5.155518087450365,8.696967543393194,1.0736606213625726,0.547421644056494,11.0,1.0750234248045858,0.005026326004518717,1.2835474355801224
3150_right.jpg,0.12689044632976762,0.03314755208359651,1.4871720041839487,2.8537779326309747,6.280838536525524,1.093595405138028,5.507748745597591,20.0,1.0995635560759673,0.0230820149265044,1.4462215092571726
3151_right.jpg,0.05928677490333678,0.01683336682038038,1.3182890153027684,2.7159547582772494,6.479000274594484,1.0791436409524766,2.303255431027301,25.0,1.0680462749399062,0.00959036357132006,1.3185903060967823
3152_right.jpg,0.11396999404313876,0.028223516210512705,1.4737500208749275,2.99966899377363,5.989920097125685,1.078677378750461,4.017418046980702,20.0,1.0855996960617982,0.02116301943599145,1.4398878070923145
3153_right.jpg,0.14298450796640136,0.03458535143825976,1.5092394946700203,3.1400753158419548,6.468388859218674,1.0761373965598513,6.210837912156713,12.0,1.0810247205770396,0.026536305853714734,1.4778024565716692
3155_right.jpg,0.11880404142780224,0.024868294639934965,1.448441450483519,3.7917021172231506,7.551572815669404,1.0965790125160795,6.2817386163282976,54.0,1.107806274183139,0.01916722093772105,1.4258080723447693
3156_right.jpg,0.023025852529926567,0.006458102806558696,1.1723111780133293,2.762463023138812,8.122247681366447,1.0807672282506768,0.8550447641082386,13.0,1.093102129445937,0.003314555879690172,1.288032235480572
3157_right.jpg,0.10035927905333453,0.025169438390111366,1.4182209233555425,3.0546860149181096,7.1727173782765705,1.0798043975818699,5.075687457080584,24.0,1.078695423956143,0.0166751261457618,1.385693688701773
3159_right.jpg,0.06746488602348608,0.019095863074679562,1.3352839652486446,2.583701534409078,6.146853361523253,1.0941338890879668,1.9443804845600838,17.0,1.0938913324789385,0.010842479596796888,1.3029565179965361
3160_right.jpg,0.15621936800832684,0.03969400850874622,1.5335306969348972,2.958617249250569,6.366422214293585,1.0907968248674782,7.376941499843366,17.0,1.1095648216651837,0.027198682255929342,1.476133521409461
3161_right.jpg,0.03951007900025869,0.01103914194177462,1.214780061113326,2.5607233567410947,5.280204164951326,1.0974111113960219,0.44773446361411257,32.0,1.1440102334790199,0.0066065707519949056,1.20025239686343
3162_right.jpg,0.018774905105639932,0.0040047161128882215,1.066135081190193,3.584975615765711,6.888892179963856,1.0935417470553095,0.2984881574823519,12.0,1.0816491508709205,0.003009755587947048,1.1970298463736382
3163_right.jpg,0.14067307643727234,0.03880218464383333,1.5134329396381838,2.7023188380147785,6.0426523191846755,1.0851778018944835,6.365983418128906,30.0,1.0893212614678336,0.024180632253305512,1.4445182185770267
3164_right.jpg,0.12256966864475397,0.0269347846139655,1.4588358288252272,3.536963361447328,7.100478601099285,1.0765302225038789,4.612120653076285,16.0,1.0814429795701794,0.022440529266467835,1.439504849743342
3165_right.jpg,0.004281618995824385,0.00203711043719524,0.8950482467912804,1.6504989484383372,3.3696750275864975,1.0736397552829309,0.1382654142892697,5.0,1.0138366165065258,0.000709762460018251,1.0560197868169146
3166_right.jpg,0.0753347322399864,0.015178309041508345,1.3267255007532064,3.825668494375534,8.419213657446795,1.080449273170277,1.5982594439088271,18.0,1.0880642977457706,0.01160542583302829,1.3446592508321054
3167_right.jpg,0.14382913295644126,0.03547875928937886,1.5112874830113678,3.152729613572228,7.354854272158642,1.0899954918903252,6.798700925146303,26.0,1.101301227032214,0.02510812549355954,1.4711808801105881
3168_right.jpg,0.06400980131253232,0.017418418634544606,1.3666274746962175,2.754261464147529,6.487488526917127,1.106665426474479,2.7114286718518557,23.0,1.1193611577836957,0.010554487163393704,1.3525778282247662
3169_right.jpg,0.15478987605289354,0.03830587093938062,1.5312009449330846,3.1223082503238877,6.7707022978109475,1.0972952520745212,7.528788774525409,22.0,1.119295105154298,0.026280020413628622,1.475928795223694
3170_right.jpg,0.025097270176390206,0.012084450332231112,1.1441494656241764,1.4005415028455412,3.901521593670083,1.088001874530125,0.5737114961352707,70.0,1.089755533269313,0.0017315656065173626,1.080049746363162
3171_right.jpg,0.07076097725106081,0.01736078658616371,1.3475281614377594,3.1019971149828836,7.251318281734373,1.1093941214562213,2.523505990990149,27.0,1.1493438848045958,0.010921173149896256,1.3669633007207829
3172_right.jpg,0.06841770490479171,0.016578155604466613,1.4028447240916233,3.043008424255567,5.877070930112537,1.1079541544380636,2.5240797205338934,24.0,1.1030886180378174,0.013195888778951195,1.4227291095349441
3173_right.jpg,0.15064129682810656,0.036432229582771335,1.5267541288161959,3.1855512271567132,7.0786911091552565,1.086155484068754,6.3706630964408895,22.0,1.0956836847389622,0.026328756078259616,1.4874854649653935
3174_right.jpg,0.08248324551082008,0.016468000204634983,1.3741223898121664,3.9859324607476534,9.3949060346351,1.0915470586213962,2.148667314677444,21.0,1.0963672222802654,0.012835729267918351,1.3931767631117045
3175_right.jpg,0.14212558341145753,0.03162770536587333,1.4990722877042542,3.50310161197722,7.538776284422732,1.0889499601113708,5.544298948599309,23.0,1.0915841681186091,0.023890888196691565,1.4690641897215067
3176_right.jpg,0.10648987647394732,0.024845467204985122,1.4470902089328068,3.3003945885154873,6.883416491002266,1.0804153672674102,3.4563250748870433,15.0,1.088266968624992,0.018969714577677148,1.4439397786992718
3177_right.jpg,0.07178233891985643,0.017552564946809002,1.3500998693913506,3.3411780810875276,8.445009413731148,1.072616003377247,3.5707992097867725,27.0,1.0788636477833469,0.010160546842393271,1.3544625333450073
3178_right.jpg,0.04536655945409575,0.011966096061160046,1.2772631443284843,2.722297710651912,6.1159151808631815,1.072908368115524,1.3197900067455934,20.0,1.073981676149886,0.007879635151384802,1.25425736414677
3179_right.jpg,0.038440652634201024,0.009007348362187072,1.35305200002555,3.178334187147143,7.707077591858401,1.0706049930266641,1.046207497820401,10.0,1.0805753751874327,0.0062025158799352345,1.358091023346384
3180_right.jpg,0.1110362484840318,0.030504025113915964,1.4613705196976172,2.7168511611223325,6.598885971346216,1.0836796827108046,4.491757624758568,32.0,1.0925530058652009,0.01941437462256759,1.4072194636253024
3182_right.jpg,0.11848259924008861,0.029755627431489396,1.4674918028574533,2.926305191539834,6.330975477771514,1.0884729848517376,3.9357960652131134,12.0,1.0960018998876957,0.02071843415867313,1.417987156556781
3183_right.jpg,0.09080799616319088,0.025076288203393048,1.4063835965110583,2.679502690341113,6.857623627110209,1.0844608126599184,4.901418249086913,37.0,1.1035454707461503,0.013945325469982766,1.3781776407000972
3184_right.jpg,0.13083261423189443,0.030444299454886033,1.4709116600382248,3.311374132983175,6.980993580359161,1.08468844196592,4.840780417990866,17.0,1.0924235431878668,0.023814534969376803,1.445923214105112
3185_right.jpg,0.033574703840377175,0.01030466395456399,1.3202197397500266,2.336515889523847,5.974918928867482,1.0728444251759406,1.4919880243094583,12.0,1.07359095281312,0.005032972935337239,1.315390613480081
3186_right.jpg,0.11753300664182731,0.030895634213510447,1.4730631831159218,2.846779011098406,6.08173110492601,1.0775608821553733,4.657378908148388,17.0,1.0851179138185492,0.021196136400453588,1.4186975785206373
3187_right.jpg,0.06009864597405045,0.01980249861246374,1.3216370494060858,2.1327010288195907,5.204459161205142,1.0820099742847413,2.460913365377567,32.0,1.0863405447111891,0.009267695014294242,1.24069616021365
3188_right.jpg,0.11498800050524188,0.024201086270051787,1.4407923288246993,3.7393510966041634,8.63953385505703,1.1019019718785652,4.446128584059618,13.0,1.1148539660487777,0.018355437665782494,1.4333784827221172
3189_right.jpg,0.09242228980875303,0.02135677096757565,1.3870922485114334,3.34424059984039,7.048031774693155,1.076289608173478,3.60843342440332,19.0,1.0891736153639275,0.015938965926078665,1.3507579347614684
3190_right.jpg,0.12748463881406363,0.035533196006971954,1.5225711494900849,2.71980301064868,6.36504742616859,1.0883663683628038,6.162080318315463,28.0,1.095600680124415,0.022733674888642405,1.461549099262896
3191_right.jpg,0.054340158448793544,0.01604836667510762,1.3075244117590759,2.4850890398824017,5.924284908531504,1.0777808187076832,1.4922403501790689,20.0,1.0809364692040453,0.009075534493361792,1.3270439331746875
3192_right.jpg,0.032970225127087874,0.011509429810083405,1.204248364887885,1.992781944881636,4.560394414594812,1.0841267787627729,0.7922360863537334,34.0,1.0920762696900985,0.0055940670319755284,1.2040939425479913
3193_right.jpg,0.14123320876679124,0.037688112311887685,1.5161591564792156,2.7894070188427103,6.131467221788681,1.0807856545907353,6.564993435006565,18.0,1.0832889121879554,0.02517927482072518,1.453713128527688
3194_right.jpg,0.11317368097869727,0.025580064973574963,1.4368931828171054,3.442911528365155,6.792917824174544,1.082467635615564,3.8312366497147567,20.0,1.08416956473753,0.019922430578516732,1.4192156910300988
3195_right.jpg,0.08082357362695405,0.025373543662200734,1.3898273446974643,2.3382370632002525,5.520196142402991,1.0792230277964516,3.4535647898912125,21.0,1.0951488277035073,0.014230718443051732,1.3209770412085957
3196_right.jpg,0.11397237524303305,0.029204471808165912,1.458351453325398,2.9031749770122652,6.6082309127015355,1.0794739032529683,4.506237848347375,20.0,1.0836984807472907,0.02019199611147116,1.4109380091344097
3197_right.jpg,0.17544160954492874,0.04515858543509337,1.5711943894412217,2.9781515951269113,6.4429681619966885,1.080107993359518,9.14284559703792,33.0,1.0889407896076966,0.030479519520733044,1.5083097905943863
3198_right.jpg,0.12421042308395258,0.027232323952765803,1.4961147557009224,3.573686352305281,7.4478107176023585,1.0928226660846903,3.9673871857851637,30.0,1.0988475505044528,0.019168275167276635,1.4805524023031735
3199_right.jpg,0.1218515893905649,0.03132719173921847,1.4766321739081951,2.9442777739175914,6.776538720686614,1.0843631220010967,5.821016400080988,20.0,1.0875523524429163,0.022423567523790242,1.4318479773274737
3200_right.jpg,0.13817109321196513,0.03834176722460101,1.516776922359682,2.7197943280342085,6.494331884634662,1.0785511000193644,6.836941441846074,39.0,1.0937863542093582,0.023135810601750656,1.4407575486603483
3201_right.jpg,0.013717169867000438,0.0046961972504604614,1.0481494011492232,1.949332138658621,4.083841511759058,1.0752739982808215,0.3052782611350246,20.0,1.082657014675723,0.002248883190361348,1.0420479995469538
3202_right.jpg,0.12049596446348186,0.025859162750114024,1.4734610245716264,3.6655299260589467,7.79331526156336,1.092058277948997,4.164435718960081,23.0,1.1071493259842429,0.020460269300176494,1.4464332433584786
3203_right.jpg,0.05922810662857314,0.015528772432807716,1.3260235059193415,2.7103299076268947,5.2052641278751395,1.094098698351293,0.8491126772522714,41.0,1.1168324595771166,0.01109840216973263,1.2841055808570183
3205_right.jpg,0.02957785019527849,0.005502624443394114,1.1826484084162614,4.037265354604318,8.125813577272446,1.08605929852103,0.9950496281002015,12.0,1.0866997596842058,0.004278713400830867,1.197485227164446
3206_right.jpg,0.05986012722096987,0.020192689061707694,1.3579448645212557,2.0296708375437746,4.543980434006687,1.0976568477845485,1.7571957164588992,26.0,1.1079427493160272,0.010598400449842104,1.2539960613616254
3207_right.jpg,0.03819749625864076,0.008230990331852626,1.304822176715406,3.875726339818708,9.546422848192924,1.0724362440028867,2.2566928759769103,16.0,1.067386071454931,0.005410124236881488,1.4134394215246529
3208_right.jpg,0.06498555625375786,0.020546737612057702,1.3551852905803403,2.2594351709778446,5.918438052066357,1.0787894963101985,1.6274643653115013,33.0,1.0808771131551942,0.010008905846665733,1.287216273113326
3209_right.jpg,0.10817592245975778,0.02865771608373213,1.444628487169423,2.7951864550159953,6.983596997594065,1.089511072293892,4.401096733070954,22.0,1.094032487524439,0.01850989993828347,1.3883288251456576
3210_right.jpg,0.13823429867499154,0.03616874030743429,1.5120277020405866,2.842116472142301,6.091033795248174,1.085346276617031,5.203045044225883,20.0,1.0953070905222542,0.02445431170786165,1.4599593063530645
3211_right.jpg,0.1304912498799796,0.034404168119545386,1.4920573614441834,2.852918531483155,6.047523206442124,1.0847668585236911,6.013654533234285,20.0,1.0870229288917583,0.024534699797355,1.4450132604220631
3212_right.jpg,0.0047540859373026495,0.0032839063328870587,0.7608649634008122,1.0490293931917996,1.4902939319179933,1.060924405698366,0.0,24.0,1.0677383551400434,0.0,
3213_right.jpg,0.044040320972886765,0.01080293062200957,1.2403134188510976,3.216274219683462,6.45749079539239,1.0788854802047914,1.5575159489633175,18.0,1.0946613591110415,0.007096042663476874,1.2931637086638494
3214_right.jpg,0.14012395580706008,0.03439448424534701,1.5263833568470766,3.1381482981744595,7.2295341781229805,1.078506608897896,6.318586866631357,22.0,1.0855970423930092,0.022942045549577676,1.4624282003563702
3215_right.jpg,0.1111912453359377,0.026238950241654773,1.440970196545447,3.2175962708541563,6.552755613547761,1.0768435768999074,3.956627350812611,11.0,1.0803580332232352,0.019933388425612902,1.4147052796298492
3216_right.jpg,0.004800500030739595,0.001829005881509109,0.8480373389812701,1.5780009313389187,4.097580235965897,1.1127018256445826,0.0,11.0,1.0819081215588946,0.0006096686271697031,0.9361252713282172
3217_right.jpg,0.10074959161760141,0.02812622451108612,1.4293040902069931,2.6255647666115176,5.996042048578584,1.0744600335654197,3.71488038594045,22.0,1.0744894585144775,0.017129160793254185,1.3998617696733546
3218_right.jpg,0.05505424830266829,0.01650148181776447,1.3439123435115419,2.5117259349286214,6.429964441372331,1.0713516280833244,3.0095438245690995,23.0,1.0657725189984826,0.009809072499400641,1.332175429776965
3219_right.jpg,0.12215917680376526,0.02942866069358919,1.4690894132792531,3.107618904113465,6.469883755987171,1.1062030306009534,4.484847263235339,15.0,1.1213554968261585,0.02273666387833466,1.4316085107013492
3221_right.jpg,0.049916452539489425,0.015603939603515556,1.2727451050859697,2.2520641176606957,5.419485341917948,1.0977423495705796,1.9183102715418672,31.0,1.1298137995710482,0.007955939441973639,1.2615697481540928
3222_right.jpg,0.0680255972868491,0.024512228356868167,1.364752947282242,1.9039505855539391,5.123845008267495,1.0904120599388687,2.1701169844458126,38.0,1.1023892771281585,0.008867198934119285,1.2505601875977526
3223_right.jpg,0.1169137313568158,0.027134301444106966,1.4549258622445638,3.2796275679163394,6.946030387292703,1.0828269416562597,3.6770076209760694,25.0,1.0915734899149103,0.019367252469387652,1.413108530600163
3224_right.jpg,0.04847507494451831,0.013563314847861364,1.2807522988982747,2.6554833463782264,6.090895622787949,1.0872534074834022,1.8704534080166622,14.0,1.091833440040352,0.00783062791626435,1.3003357902008577
3225_right.jpg,0.07760393878587629,0.02096628998757814,1.3694576108014989,2.851758647775282,6.374856502655405,1.082159417175618,3.01745598286085,32.0,1.0885864472513198,0.013120904432139929,1.3831433424805648
3226_right.jpg,0.15093138517968382,0.03695227124604029,1.5307123392023667,3.120103741098198,7.030980344626277,1.08792069382709,6.416377424455997,21.0,1.1060929071251369,0.025756450480217855,1.4778035444585411
3227_right.jpg,0.1402192204484468,0.0371785347907602,1.5066555728508293,2.8447386772381744,6.985811943089174,1.0806038181268072,5.912584709146314,30.0,1.087282266082493,0.02394849481764477,1.449256640161868
3228_right.jpg,0.09735690337087675,0.0260043365656809,1.4148352331691478,2.8098011210656066,6.374708230897295,1.0876100445222072,3.2624626071593488,23.0,1.1034436736470805,0.015900740829970488,1.3692504148946427
3229_right.jpg,0.08355827484853938,0.020789594705376602,1.3772454411732045,3.03210555373276,5.9535671239718155,1.0735916901477391,3.5490772399176214,14.0,1.0758833000308894,0.01607582028672545,1.3748568113489716
3230_right.jpg,0.12824782809333682,0.03135470797134889,1.474978374610751,3.156498270568063,7.015344857846127,1.0824308673795766,4.965791216067093,24.0,1.0957213117192957,0.021418109588491403,1.4276012473612454
3231_right.jpg,0.14400909435392195,0.03938360490084628,1.527820435298108,2.74773092312629,6.125351374718008,1.0887623638412256,7.022862195275988,24.0,1.1001032628832146,0.025504610332196538,1.4558460728699112
3232_right.jpg,0.11188828923875994,0.030357287777958125,1.45316591425037,2.768670777052278,6.55985148352714,1.0936421986545406,5.630173673105015,28.0,1.1080709934514381,0.018381756208407728,1.4042486148303484
3234_right.jpg,0.1416603121859582,0.03655130969634841,1.5121328862782097,2.97312786476154,6.504010689631396,1.09695992461401,5.958903763704217,13.0,1.104549524701706,0.025880832024562803,1.4621430206970443
3235_right.jpg,0.09251511440398544,0.020714075929445797,1.3884706795031723,3.4375308266812126,7.233433082019817,1.117515784252401,2.826158032107372,25.0,1.129305192143957,0.016247637941448654,1.3692424539826933
3236_right.jpg,0.14221161957263442,0.030932155579554796,1.486401288088605,3.5828674030403533,7.09732155469806,1.0784298294597046,5.7490718204140405,12.0,1.0825780559092646,0.025064878544141588,1.459377523846962
3237_right.jpg,0.12719468780771076,0.03263059560178756,1.481204360609483,2.9525996394770866,6.172690176656841,1.0830961140652888,5.756558184159366,19.0,1.1009315095791714,0.02281414901406317,1.4320683836429604
3238_right.jpg,0.0784345494161685,0.01856528297670261,1.341930165921766,3.251530315274204,6.623696367140501,1.1013982964980098,2.1788926755684677,14.0,1.127414114360554,0.014760601150902285,1.3324270687076865
3240_right.jpg,0.06154770136116565,0.01953174286738098,1.319399639344053,2.278138568402598,5.983465829406927,1.0804271186173289,3.7347518661141925,31.0,1.0865231035346605,0.009135001186036065,1.2680903040132707
3241_right.jpg,0.0779389336107548,0.02194794307473209,1.3770634363388852,2.591892764966348,5.588745559295856,1.0802649997741722,2.777581383134526,13.0,1.080967325423539,0.014211116385710102,1.314839808158634
3242_right.jpg,0.11043538801311283,0.02807452728840364,1.4660866493694438,3.0361324005940244,6.930189314109827,1.0795665979607596,4.65680285125434,14.0,1.0867854393446024,0.018175363207568917,1.4142935952515407
3243_right.jpg,0.1358333618427162,0.029426570418990182,1.489802229943073,3.7159957534465997,7.476710460159655,1.0849683518217916,5.278308595334562,13.0,1.0898836105806435,0.023830585843380856,1.4685460169207016
3244_right.jpg,0.055627471971261305,0.015914679757942782,1.3123335556961453,2.6281608035609048,6.657985338297563,1.080060054681254,1.7021047869457522,32.0,1.0883502322158278,0.008626983735940839,1.3213969047172862
3245_right.jpg,0.06105786476832367,0.017172998125571548,1.320496338043251,2.6368373024212013,5.691728441983775,1.0932394428654346,2.475660218161241,24.0,1.10195617236107,0.01130214675107489,1.3690253837955562
3246_right.jpg,0.15539619655217896,0.03941204343726949,1.5400486291664106,3.048708976843012,6.744197154520561,1.0815399667058354,7.425174271771148,17.0,1.0865505590880176,0.026901601785949813,1.4865726668254977
3247_right.jpg,0.03675915930022992,0.010845261916914725,1.2145765714855945,2.536093334943034,6.503077291687965,1.0649516784564421,1.0389047234029098,35.0,1.068614742972939,0.00545199130933614,1.2355245115003972
3248_right.jpg,0.01903030303030303,0.004338383838383838,1.140223238077648,3.308391790245469,7.086543014784702,1.0660023320841565,0.45454545454545453,11.0,1.0778219753710534,0.0030505050505050505,1.1589280086812686
3249_right.jpg,0.14121710098859466,0.0375995841704901,1.5230992722633525,2.800434039701479,5.934570143331063,1.094696652154078,6.597295109005308,27.0,1.111786576851102,0.026609090272988075,1.4628976853647702
3250_right.jpg,0.023532788784030135,0.0055697120468943566,1.1226647766621927,3.080489653960828,6.606966549538933,1.0921699179514195,0.7553859014775348,19.0,1.1058162048419722,0.0037567858833482733,1.132579109313026
3251_right.jpg,0.0861547946313066,0.02385692917205692,1.4103750971910147,2.6978400903777793,6.739662144484053,1.0757670527093883,3.8910899094437257,10.0,1.0867202754933938,0.014518313389391978,1.3637602090006573
3252_right.jpg,0.046586065062944035,0.013700610744110681,1.2557762578962173,2.3625505340618598,5.723364127058177,1.0897021965306541,1.246416552411816,45.0,1.1023679370301298,0.00703477502181229,1.2619705204789304
3253_right.jpg,0.08695804248217417,0.02442400227850758,1.3991633592814152,2.6504872478955273,5.832530449464556,1.0807287081841097,2.698232657609266,20.0,1.0834618464228463,0.015329958876935607,1.358405933258471
3254_right.jpg,0.13915247988768414,0.03383111209870059,1.5019442672365666,3.1347794267058604,7.355615954555103,1.0871415242097602,6.8682359239039865,19.0,1.0993715662472927,0.023927721917247857,1.451050129646216
3255_right.jpg,0.09316442200339968,0.026181591414288732,1.4221347372249866,2.6256987714918423,5.612104104931462,1.0881049945322998,3.319218273805333,30.0,1.089002647942366,0.01567073354723851,1.3749251481380036
3256_right.jpg,0.13368094759099214,0.03229630694065239,1.4883804670682839,3.127101961503526,6.813048379905073,1.0773097653736603,4.259643216389875,20.0,1.0848746224411907,0.02464434545193275,1.4694387553464474
3257_right.jpg,0.0759899165022618,0.020799705067655088,1.3870173340739547,2.773815241732351,6.372000870863716,1.0844316532253218,3.1884577828261693,30.0,1.0887062487543042,0.01243498535302206,1.3832217307764199
3258_right.jpg,0.010090775529754202,0.0034173233423448733,0.9827405743548941,2.0409582790877083,5.010101048465227,1.0739113464495635,0.3684445652123853,15.0,1.080657849397779,0.0013862726766115995,1.0442146423670957
3259_right.jpg,0.13792406802260687,0.03600127277226973,1.5060717825554577,2.8572375022679366,6.062674154007829,1.090770892206149,6.161834004232473,20.0,1.0921197844836412,0.023733162283515075,1.4475220130530235
3260_right.jpg,0.11979156463651144,0.032509256175681234,1.4890940086205275,2.741319212475279,6.318571187996462,1.0852556765106331,5.191294297412189,19.0,1.093559121084464,0.02009912433639587,1.4132314417165894
3261_right.jpg,0.04161776367961935,0.010128016313583324,1.2759109724947504,3.1686662490896764,7.591522735882124,1.079125515697836,0.9063101846607001,20.0,1.0811177908235063,0.006529964880480344,1.3040460553143667
3262_right.jpg,0.10846952431161036,0.027236505941035726,1.4335704073704827,2.9825429874256533,6.974437567188475,1.0783250885447735,4.156697351879639,18.0,1.0917361858091963,0.01798531976154751,1.386565246745468
3264_right.jpg,0.12362866426467095,0.0321085850291322,1.4808719047841767,2.874739117460414,6.662069035761217,1.0913177367737947,5.204885517785043,17.0,1.0912858124317237,0.020688156611467928,1.4204340319674607
3266_right.jpg,0.09229768108192636,0.022104631278406367,1.414177475447804,3.1912875532237805,7.54829630756832,1.0869524074417054,4.842639440271592,19.0,1.0971109190254644,0.016268241869662376,1.4032861105889547
3267_right.jpg,0.1513499213709381,0.03521896111658167,1.5284138060835668,3.3299783913163847,7.30258964411875,1.0876900057814252,6.662649480950211,18.0,1.0890788803719955,0.024994733567505867,1.4830295264643223
3268_right.jpg,0.10099767392051483,0.022722857840182898,1.4591262717525206,3.541594346546092,7.805332588570756,1.0909974907434148,3.9349096216011596,20.0,1.1075708908972326,0.0170844810153063,1.4566596796297824
3269_right.jpg,0.10870206294922073,0.030405063402567795,1.4851404218799131,2.6592279558681176,5.4690240508156345,1.0775209258706142,4.973613440200001,26.0,1.081095623380379,0.019502726684536464,1.4364726903153255
3270_right.jpg,0.036479151971157614,0.012373618622149071,1.251867351829315,2.1634075960204644,5.753817830226442,1.073217297522811,1.3225958147190218,25.0,1.0810521203163854,0.005290383258876087,1.1849417421662245
3271_right.jpg,0.13094877541542996,0.03004421830516688,1.4832155602522463,3.3266447485430133,7.2568298498066435,1.0805262664682251,3.9877238677892866,24.0,1.0854181378757584,0.022275728390574838,1.4490241557602832
3272_right.jpg,0.009866843528391409,0.00269374011530024,1.0014650432503431,2.498059485947381,4.670052162973442,1.0811297937085365,0.05101780521401969,7.0,1.0821931525543957,0.00168358757206265,1.079166919032091
3273_right.jpg,0.06646284458144883,0.01655001642368042,1.3216603133724256,3.0176440152440382,7.159852633938545,1.0863380651813896,1.9203072491598656,18.0,1.0857190111625905,0.011203476766809006,1.2838182302535885
3274_right.jpg,0.0644357865047685,0.015364390372158615,1.3258045895771982,3.2848787715763925,7.472936395331245,1.081086042551109,2.8204699189712454,15.0,1.0852475316872077,0.01084207758682506,1.371483518681814
3275_right.jpg,0.007985421857266237,0.0035088829905088334,0.9732187573820713,1.601505394862517,3.644559758746306,1.0731384438208824,0.045217564310680844,11.0,1.0785143364314178,0.0007958291318679827,0.9998165985522349
3276_right.jpg,0.11958686419150968,0.03117315938141397,1.465459858889304,2.9375206088545,6.652834812407164,1.0830970942218576,4.978764047227133,21.0,1.1025305717923208,0.02187099920746205,1.407987244511766
3281_right.jpg,0.11315362632270023,0.028227903504029248,1.454988427550348,3.044404174948909,6.76975777729459,1.070814790714363,5.149198012409567,15.0,1.0726331117356893,0.02025179578280683,1.4130290531580574
3282_right.jpg,0.1137906458347023,0.026592598957727826,1.4866347521531427,3.356054844106666,7.235478340854967,1.0822923096713128,4.296466282849012,13.0,1.0898403535108556,0.019900220888913602,1.4626557305057153
3284_right.jpg,0.13405935806250127,0.03258548084866313,1.4922401637233738,3.1255018303896756,7.564990289672096,1.0877272167883467,5.440148294412766,31.0,1.0938994175992063,0.020753158308315367,1.4303732643784708
3285_right.jpg,0.03411495509724711,0.011202907794955906,1.235360812516641,2.1737290355471104,5.103778296319518,1.0909535867369085,1.9743036782796222,23.0,1.1031073545129964,0.005133189563527017,1.2554912331435044
3286_right.jpg,0.110745707911343,0.035817347642813614,1.4808702030370018,2.2475274105477525,5.585769226612072,1.0850434268210598,5.338356088495843,40.0,1.0868435363554576,0.01861877590487654,1.3911492291435053
3287_right.jpg,0.10203916614024006,0.028138976626658242,1.435364453283065,2.643438480550724,5.930142281647267,1.0772207528042739,4.699936828806065,37.0,1.0817286768519414,0.01787492103600758,1.3818723240735336
3288_right.jpg,0.12931504911273697,0.03223149682687255,1.480560708864223,3.0816905521776725,6.83828266058436,1.091123492703633,5.810663325114192,19.0,1.0980525329937105,0.021297344274222887,1.425212696643425
3289_right.jpg,0.12239163319074763,0.03431573885777827,1.4902527868338888,2.644110942361476,5.697619736446433,1.087671908701876,5.259308976889094,33.0,1.0984189674560494,0.02134277671478517,1.4154748713978067
3290_right.jpg,0.053301782014841814,0.013785568898378462,1.3046780639304947,2.960929000682589,8.216268835336393,1.0703705335042843,1.586632395406926,25.0,1.07200594551176,0.007443572552166207,1.3595907535863316
3291_right.jpg,0.06870855508617521,0.017340778522408576,1.3353887624542722,2.919064541462399,6.468898060426609,1.0870458687668296,3.5245484801643445,21.0,1.089285929798192,0.012280533918744053,1.3178620251950404
3293_right.jpg,0.12522984905736628,0.030653276485683688,1.4673381300405317,3.174519930232788,7.488652694796179,1.126538629763177,5.506274121521955,10.0,1.1214906585087763,0.023333468043403586,1.4336349150465504
3294_right.jpg,0.14666368910160432,0.03393916631561851,1.5105625412275119,3.2728352826947935,6.72775502841728,1.082479185745489,5.379918692172218,25.0,1.084126776950925,0.024356820569560827,1.4705388740856757
3295_right.jpg,0.1564759926621083,0.039216280820914,1.533807947379986,3.0631622893412143,6.096522875428457,1.0745861642161116,7.984758208381975,16.0,1.0851240733948144,0.029129206527287153,1.4965716782017133
3296_right.jpg,0.07535405673893401,0.02131079617214371,1.3623370349047188,2.6415321446362428,6.859534082788033,1.0807445340261543,3.7439908946141442,32.0,1.0909026055447604,0.012255330195036966,1.3300856519965758
3297_right.jpg,0.060562291480185534,0.014301407763040118,1.3164860636555407,3.242189744349081,7.385571666991032,1.0898925838110536,1.5766132313451053,15.0,1.1167146631373974,0.009947920904874279,1.3432584182872114
3298_right.jpg,0.04909052375511408,0.012559433857948473,1.2746851908215004,2.945612551103047,5.953762231672154,1.0798104705338039,1.2439644686889535,27.0,1.0837333731528118,0.007919907117319672,1.304274005745185
3299_right.jpg,0.11541872166591939,0.02116773775718627,1.4534288762101106,4.354305283874293,8.112314512633171,1.1164385189436417,3.487271459174015,25.0,1.120772237891503,0.018348029691625568,1.4441227285711653
3300_right.jpg,0.0686310834077981,0.01586644290913846,1.3013686407200022,3.176287555830688,6.531461638113682,1.0804288760817873,1.1987010439596364,24.0,1.0898812502464337,0.011638297408626288,1.3130970146793632
3301_right.jpg,0.003614488284508253,0.0012435861790056366,0.8132482089984491,1.9630393138749258,3.5678521083188848,1.0733971926159382,0.0,7.0,1.0723913975136583,0.0006774006015721761,0.9572855733103928
3302_right.jpg,0.09113695051266114,0.027793358903223524,1.4163535591076026,2.3568481363123652,5.711296836628517,1.0911526196668027,3.992137006099379,20.0,1.0990132898473508,0.01599886805229194,1.334229322035654
3303_right.jpg,0.15750336287287584,0.03465144515368455,1.5270889178083495,3.6316008113130898,8.684271720686487,1.0835957932289308,7.355497226574505,22.0,1.0980227629927555,0.025522567773853727,1.4816056813185108
3304_right.jpg,0.08254133642207914,0.021713950441815413,1.3738779786702784,2.7976220353446988,6.2551246725783605,1.0877034334587612,2.7818944195197943,26.0,1.0999396030503628,0.014101675712038521,1.3436880798749749
3305_right.jpg,0.0657283587893452,0.01666702672341161,1.3258861240986908,3.0469764917469933,6.153181748347447,1.0914227762163444,3.186502192745577,43.0,1.0847471240619226,0.011330985763356305,1.3579829416077394
3306_right.jpg,0.04465633798985269,0.013030999632738006,1.2590942847629838,2.5072348709005516,6.667973898348856,1.0790806937597615,1.1335246722980172,24.0,1.0857101747522928,0.006937170994463866,1.2499012369079263
3307_right.jpg,0.11110337764608792,0.02272478697065813,1.4597079397171877,3.8979674404602447,7.932305692897605,1.0843127044134018,4.524077038569,32.0,1.0916158045584023,0.01783778946635777,1.4563362762890435
3308_right.jpg,0.1104253018561903,0.029347630203640295,1.4695731824507747,2.8238290601975153,5.962343969763484,1.0758022745949836,4.8657415750585695,19.0,1.0924192911146589,0.019521535411785907,1.4145597794455678
3309_right.jpg,0.034370569360495484,0.0073278113573613905,1.1866916731074442,3.460716111530091,6.342451532798919,1.0854009080793208,0.5472228440663632,16.0,1.1057801907017137,0.0058254359127428304,1.2600043818045243
3310_right.jpg,0.11966295540423125,0.03266887591181879,1.4725355241309706,2.707455108090821,6.257702643744282,1.0852934895888766,5.35472529248924,22.0,1.0860815623401308,0.022277677867809008,1.4365875189001818
3311_right.jpg,0.1075338348143695,0.02933613543019091,1.4439934661084586,2.718725525298518,6.051407110669071,1.0815642851489287,3.9404487059667486,22.0,1.0903652807307835,0.01843927920099825,1.382113381056717
3312_right.jpg,0.03863382123184541,0.009907439311624132,1.2549745736359466,2.9065638915568095,7.181121315127105,1.063235962546374,1.604825805598954,28.0,1.0693609430754245,0.006126658516668948,1.342615008377273
3313_right.jpg,0.13657556919102212,0.030760536089132894,1.4915740523929475,3.430166252381816,7.457575312395926,1.0820089220336317,4.339576941708381,17.0,1.089232383372172,0.02279287098336832,1.4462383251099098
3315_right.jpg,0.03315062769830691,0.010534588066768796,1.2121408279400074,2.2600366723384395,5.503448777799336,1.0764263962500078,0.39790700913196586,40.0,1.0843567712151183,0.004625668981159103,1.1110821332709637
3316_right.jpg,0.002556440580947484,0.0010089936258768058,0.9010577696704885,1.4648947733797602,3.1425174877243878,1.0430462905379339,0.0,6.0,1.0483287065076368,0.0003686707479165252,0.9210113801417711
3317_right.jpg,0.09129958602950042,0.024144929866162936,1.3916355032023622,2.8337138772852724,6.461604961397203,1.0784392716592692,3.265543989389494,18.0,1.0888333510417083,0.01604638077247699,1.3658026923789115
3318_right.jpg,0.08378609364507661,0.022159819302850863,1.3796715751017699,2.80477315698488,6.041542198290717,1.0873375051952048,3.0523167083816616,27.0,1.085460251263695,0.013338624015627862,1.3296374254029293
3319_right.jpg,0.07583730356254,0.020316737944555623,1.3728375182208046,2.746176054659255,7.1983707225907505,1.0806644359607969,5.079184486138906,40.0,1.081894302232462,0.012012271309718511,1.3174687055432335
3320_right.jpg,0.060821336344342336,0.013863187278486969,1.2978925282812124,3.2802594666647393,6.551573048020549,1.0798253871291439,1.3068615458603854,21.0,1.0813269413703286,0.010873088061558405,1.286443172201772
3321_right.jpg,0.11050400471795596,0.033423895237183136,1.4649501501188196,2.434057657721125,5.743867835482039,1.0875037239728544,3.830818938359099,43.0,1.10478997499038,0.01917929744796891,1.4095785155633835
3323_right.jpg,0.12588842715023296,0.03016748520337489,1.4713633083731725,3.2786840890425166,8.043905455472121,1.0816010065402923,5.994207278680267,29.0,1.0920176003357014,0.01966502959325022,1.4137648944366323
3324_right.jpg,0.06046237721140887,0.014570710443556711,1.271169661019115,3.100674678795733,7.25080216154415,1.0907389129696297,1.5784936313853104,21.0,1.1063941123089176,0.010065932464757094,1.3031301649593474
3326_right.jpg,0.11404036066981538,0.024721541686661783,1.4704576817397603,3.662583964211296,8.312587090606181,1.0890827949786823,5.000883994645518,13.0,1.0915510692107273,0.019210466496602935,1.4493327530007483
3327_right.jpg,0.09995689327281487,0.0267464563734564,1.4237295483300847,2.7732470455691844,6.264903718192278,1.0819567731344226,3.8035347516291806,21.0,1.0902812775671602,0.017191977077363897,1.3696454520019214
3328_right.jpg,0.10925019061215926,0.027253700946152704,1.4307064279307362,3.0686832040170082,6.740770025263276,1.0846850576970413,4.298368155232495,19.0,1.088481715692237,0.018211776505324347,1.3866937329388267
3329_right.jpg,0.10381470005587444,0.026840046731345556,1.4306473627156457,2.867285390951252,6.254569610861887,1.0863791967030583,3.60644079849647,28.0,1.0870350227763546,0.01710265657540509,1.3658864881876338
3330_right.jpg,0.10145119250592824,0.02956278048876085,1.4470767970255463,2.468541107179362,5.86559522963038,1.0880437758522457,4.11546828149803,30.0,1.1023867101372968,0.017250671213279244,1.392735952139939
3331_right.jpg,0.14884825529286067,0.03925907546472355,1.5251481724038378,2.871616846874926,6.567849261096527,1.147412747861297,6.734756915785156,25.0,1.1591132538990303,0.025931345989275024,1.4592013360063452
3332_right.jpg,0.12447517780722965,0.03311817731149398,1.4821856262257198,2.8344181834602864,6.213387996023975,1.076355103355104,5.918476776301812,25.0,1.080558748922135,0.022287870663577593,1.4253359155407899
3333_right.jpg,0.06481294338783677,0.019408007761181963,1.3251002846289333,2.4040108857971325,5.814246026840709,1.077104162390716,2.6780120055783496,28.0,1.0901741445863213,0.009514521899064212,1.2683051711362372
3334_right.jpg,0.09056254176538485,0.021495251402304436,1.3922707046646818,3.2070848760950743,7.2133495151334195,1.0914813566965877,2.8856084077516555,24.0,1.1060289738878655,0.01503047607476257,1.3722188652586846
3335_right.jpg,0.1501754455919295,0.02897344391722158,1.5038188354874709,4.138945788784494,7.963107741919667,1.1076150869113366,4.236612305115834,13.0,1.118918631348766,0.025290083336656166,1.4879173304170104
3336_right.jpg,0.11976593966106847,0.03160321199685893,1.4673091196813348,2.862471134885155,6.311786680225889,1.0835265548215667,4.812929047293361,17.0,1.090499036421719,0.021475796033133217,1.4150538946930278
3337_right.jpg,0.07196816284843896,0.023217524520593776,1.4141110961437524,2.1854987481536634,4.698634080393457,1.0799500202068553,3.0815827008751695,23.0,1.0755351493734246,0.013343253094789485,1.3559505893453865
3338_right.jpg,0.12213431946086306,0.030690188233154496,1.4693775172923376,3.0826511073034726,6.956104269635795,1.0757351502561225,4.84980752326392,19.0,1.0842509509295872,0.021066351429177656,1.420599780179925
3339_right.jpg,0.11261045434860728,0.027181674944024178,1.4678167099254333,3.1561099186843427,7.490299928692328,1.0824222718207932,3.593509568870993,23.0,1.090712327760701,0.017308737756728615,1.4243999989364664
3340_right.jpg,0.09934397396112363,0.028277855836003597,1.4306229493711755,2.5328179673051765,5.54876638041145,1.084024453349258,4.245468972697592,28.0,1.0967500234263259,0.017067796096190198,1.3634804057234944
3341_right.jpg,0.0853415629144416,0.015440549848973067,1.4231939982953616,4.508552398428835,9.39529180239998,1.09916501441974,4.538371934707956,11.0,1.1192262980615555,0.012939402649400683,1.437307728242987
3342_right.jpg,0.12946577544973759,0.03140831824938569,1.4847097795068904,3.172879742736092,8.176590323080092,1.0838200395666902,4.853828963201909,26.0,1.094454507788883,0.021569202455228483,1.427645206957328
3343_right.jpg,0.12867691746687734,0.030397876909363478,1.4766876255575936,3.2204162583586795,6.794675037894639,1.09148067593599,4.152992180219602,27.0,1.112507058388267,0.022066569425874153,1.4325095015961267
3344_right.jpg,0.11035393266792072,0.027625707890152323,1.4466385542741431,3.0447938679573943,6.2114146718991075,1.08666284799184,4.119536031050383,18.0,1.0962523058490041,0.019247663528208895,1.4067077146196594
3345_right.jpg,0.014500488062982932,0.0037722251110685386,1.1716933386631199,2.8355623147235383,6.182451177372829,1.0723380495685775,0.18245345156316994,8.0,1.0720446896488935,0.002526980304149904,1.1988678526148941
3346_right.jpg,0.08268850555112613,0.019070618435545642,1.3859658184018213,3.216485198051562,6.6443740692651545,1.0771978905343602,2.5347607877114795,18.0,1.0844053027751137,0.013337450399340041,1.3680333820426698
3347_right.jpg,0.11367383029104097,0.02797510215907842,1.4574505683534127,3.108289060346496,6.686015993577163,1.0846465654214716,4.096354244722197,19.0,1.0888380719902109,0.020301931281159768,1.4140861474131619
3348_right.jpg,0.018593294678110734,0.004405899728485186,1.1580940074872144,2.997005193421974,5.131219059195941,1.1029933954299254,0.14918396371846002,14.0,1.1349228344877442,0.002978706475578585,1.1420158046789861
3350_right.jpg,0.09667282525807228,0.026505826778101347,1.4103259828505919,2.6960578991799222,5.543116890719254,1.0800705110276683,3.4290218075551073,25.0,1.0891152516584173,0.017938390202209928,1.368549773085997
3351_right.jpg,0.1639629142766093,0.03682182122370937,1.540764773002674,3.4341397087761156,7.090133933464752,1.093753356262898,6.7718291905672405,14.0,1.103087287918831,0.02921845124282983,1.5100806813579049
3352_right.jpg,0.16117126982195726,0.03636898243906396,1.5298285690859972,3.4313961984367554,7.070856909350822,1.0862846221960463,5.677900798961756,14.0,1.0898839270677445,0.028653120817617714,1.491447185419686
3353_right.jpg,0.1273224643830556,0.03281151722692012,1.4828598065124612,2.9014638410911027,6.174092258501354,1.1081009043336905,6.090073180715434,17.0,1.118476697940558,0.022673042940007788,1.4510827546650495
3354_right.jpg,0.1795073950619748,0.040313566595477135,1.5656210320900035,3.4615860346405936,7.309322956424824,1.0893991256211673,7.584678948523981,11.0,1.093459152381213,0.03206023831859643,1.5415969548164132
3355_right.jpg,0.019966872323044497,0.004630653481791061,1.1122479027158811,3.0831703102516315,5.430800847472165,1.0991361733632865,0.0902661497425158,13.0,1.1249749807966378,0.003362414077908714,1.136956182222491
3356_right.jpg,0.13033977225577428,0.031201880964455305,1.5029626704859513,3.263982961252427,7.838702825539524,1.0880244251129934,5.4861463279701255,28.0,1.0932152962687132,0.021119358259185837,1.4543290849433363
3357_right.jpg,0.12850712154028884,0.033461757278743176,1.4901332071264215,2.92867488084018,6.824535668218426,1.0802129486776795,6.1883041052410945,17.0,1.0904919742971009,0.022657177933705298,1.4438184346445355
3358_right.jpg,0.11615776531122343,0.029620129165172867,1.4633509261085462,3.001747677387076,7.218503743583976,1.095732833532648,5.2514378335799154,29.0,1.110171048880786,0.019076857822370116,1.407460112967984
3359_right.jpg,0.05907331837552139,0.011840764555005094,1.312627288807741,3.8860117026949923,7.671122750839603,1.0762775504551145,1.6062079938964096,10.0,1.0776306909272648,0.0096071315634929,1.357370214528292
3360_right.jpg,0.14599263163746443,0.03930298726961233,1.527380281039187,2.759472780801144,6.205586087903446,1.092230812620216,7.075245233053524,21.0,1.0951819359021384,0.026198622348678192,1.462477543279519
3361_right.jpg,0.0,0.0,,,,,0.0,0.0,,0.0,
3362_right.jpg,0.12470727944685527,0.029527318735225242,1.4454352985355061,3.2066408201996826,6.788014092396954,1.0789345066010618,4.82780817508851,16.0,1.0882554953838732,0.022241212834200857,1.4251005452435161
3363_right.jpg,0.09586546971804273,0.02564673157162726,1.4066636485928428,2.7447542547037984,5.783810096179335,1.0842045597039514,3.4391199898849414,20.0,1.0899439310466403,0.01702364394993046,1.3645291147079814
3364_right.jpg,0.1440907483199434,0.035192764387853064,1.5077138892550186,3.153653859168237,7.414434797968125,1.077720912970201,6.164418169875196,9.0,1.090375471739738,0.024096811682077713,1.4564207939860292
3365_right.jpg,0.12482844291281393,0.03352500976748379,1.4883746127349378,2.8236218771227906,6.4157034655358105,1.0926121239122675,5.0590557097204,29.0,1.1027902125065372,0.022299916851163584,1.4445431410687775
3366_right.jpg,0.09629456070213462,0.024216419913990463,1.4308322606353372,2.966002547670634,6.4974994007391516,1.0938890209326155,3.5633917631955327,11.0,1.099112772844394,0.017738857078702146,1.3921436909538445
3367_right.jpg,0.1359210183943476,0.033981505574347995,1.5046700251279157,3.1112305166551635,7.306241787973137,1.078680087003353,5.454254318368327,24.0,1.0839886348138301,0.023017954004123216,1.4517623392338574
3368_right.jpg,0.08634295464240012,0.02665495317990697,1.4072350399808276,2.3161623563502647,5.554693844176994,1.0848957899519776,3.757794885336475,39.0,1.0977426506285424,0.014005403099672971,1.3273142991385372
3370_right.jpg,0.1061039749165571,0.028901587943764538,1.4510590445890832,2.7520118130590183,6.80886293933346,1.0945010251815164,4.9560028320016185,23.0,1.1154844341403662,0.017851724486699708,1.383586139087584
3371_right.jpg,0.1447715185477656,0.036110820402066465,1.5344936309212185,3.085004796525852,7.312169876334421,1.0948094170234914,6.659879931878942,29.0,1.1014315305819362,0.023652087872358642,1.4722321372718932
3372_right.jpg,0.11821948261924009,0.031058003233629748,1.471520016677322,2.884534233939792,7.007458117069187,1.0876015512028692,5.557801131770412,33.0,1.1007078233162946,0.017850646725949878,1.4200533295172082
3373_right.jpg,0.06992027035230791,0.020357366898031044,1.434145001856248,2.5102788386864816,6.561637974849174,1.0837529775305517,3.338931946496145,36.0,1.0937377729286164,0.010370924985328935,1.346293498952808
3374_right.jpg,0.04275394657473113,0.012652578821152366,1.2973887761835068,2.462032275329587,6.153876662636425,1.0865455422531125,1.5693121018483553,16.0,1.0912662412062326,0.007336534076141062,1.2651606709602774
3375_right.jpg,0.04042200759409801,0.012298361407711322,1.2431692497307447,2.318930678467402,5.779786294027527,1.0808051715378781,1.8348156265130857,22.0,1.0857648958223542,0.006753140847582885,1.281810293607242
3376_right.jpg,0.04226791536468343,0.010319394764331613,1.2901402594994251,3.199269259483932,7.160519538321645,1.080857384334342,1.537508422380696,13.0,1.0755245171210726,0.006995663321832168,1.3584491494601025
3377_right.jpg,0.08631800402381609,0.023867152792671344,1.3903639726606698,2.6843080487413897,6.25961822655769,1.0896143244571874,3.2170103250712336,30.0,1.0895597113912603,0.0144714400972252,1.347656806005371
3378_right.jpg,0.06682702149437052,0.015363357215967247,1.3471646906554289,3.344920955379008,6.785920179864462,1.0740298045621346,2.968270214943705,29.0,1.0756145845927443,0.010870010235414534,1.3336929218826905
3379_right.jpg,0.1237355381912896,0.03334040018575726,1.48440960302991,2.7500191720545057,6.101048538928186,1.089727977164188,5.098229248692633,16.0,1.0958234451640665,0.022674500777353765,1.4324115859844182
3380_right.jpg,0.12459589776900593,0.03397206885352387,1.4903124303739175,2.7290171441768054,6.302253477748459,1.083153867357251,6.245784095735378,23.0,1.0878136294140992,0.020950858170734755,1.4194930822879765
3381_right.jpg,0.1451698473571721,0.03667773213482692,1.513228384034183,3.033195894319538,7.207779006072313,1.0893785672344274,6.518015491655424,21.0,1.0979858180660333,0.02458656076154674,1.4593138390147842
3382_right.jpg,0.13794287561103705,0.03327879448955682,1.5005588521604292,3.154491275435838,6.8849825307304675,1.0772748202824471,5.201389730537713,17.0,1.0854744411581578,0.023875893831050782,1.451777661294303
3383_right.jpg,0.08751502286597262,0.02183583324228566,1.3895494958825056,2.992332630328949,6.1560814315701275,1.0886780226509734,2.7054165561087786,13.0,1.0953115032864233,0.01677878537202079,1.394532725686332
3384_right.jpg,0.14541965795522432,0.03474113751658077,1.5053859388281772,3.2372350765440623,6.932350367373462,1.0711227219027568,6.632306928988751,17.0,1.0808362179021047,0.024736985996213004,1.4565812989742868
3385_right.jpg,0.025533338660061525,0.005947624945068115,1.2091968465550906,3.2095146971839523,6.930121883508657,1.0826971548533089,0.8489473053413767,19.0,1.072061175065647,0.004000039950461428,1.229068916878837
3386_right.jpg,0.11344716169853628,0.02975384907337585,1.4903940439845331,2.833100546770221,6.49055301086689,1.0889063088207398,4.8441144010027815,22.0,1.0936369718227155,0.020060626338998116,1.434067864598898
3387_right.jpg,0.08974184199498124,0.022745977168188956,1.399618697804938,2.9817178585440254,6.6101204092867345,1.0780899854482267,3.1809024674714856,13.0,1.0953117877951652,0.015349116668433836,1.4039254187322339
3388_right.jpg,0.010401841141022923,0.0030433334342730824,1.1652314634271286,2.522389710046046,7.309275592784181,1.079116787115563,1.5140962359567574,16.0,1.102518186718829,0.001529237198316325,1.1729030030439698
3389_right.jpg,0.1404622670545368,0.03550401604432045,1.509674754619259,3.0000220321724402,6.042121533027078,1.07972848590077,5.262060543481498,21.0,1.0777002072785993,0.02739746428252301,1.4691665211686635
3390_right.jpg,0.05062023385866802,0.016415861718352822,1.2656769086743824,2.1377314445217177,5.377792306892501,1.0824351143483035,1.626842907981698,38.0,1.0804079605354062,0.007061514997458058,1.236605301034884
3391_right.jpg,0.13110969671253359,0.03501646764058112,1.4985406830742534,2.7727813553965857,5.815760273891773,1.074182216543653,5.859651249722171,23.0,1.0796057604795128,0.023211290941787397,1.4333012585928866
3392_right.jpg,0.09755700822463731,0.02198997590557425,1.4012772245528982,3.2916042180196574,7.028490350861536,1.073461388426581,2.490773969887051,42.0,1.078350942139411,0.015117473033559366,1.37526906314764
3393_right.jpg,0.11736908287023892,0.03187238875593234,1.4597497334090217,2.804108175043213,6.6120807824698415,1.094993373332558,5.323895671926338,25.0,1.10323707343809,0.019840384537378818,1.3940346144121645
3394_right.jpg,0.12097919117348802,0.030041982720155763,1.4659346599566507,3.1617452322247237,7.4975269590192655,1.0744614559743746,5.374599440230398,18.0,1.0866789334042604,0.021493327384091186,1.4252293372390996
3395_right.jpg,0.1020771812927488,0.02636985437015724,1.4356684363841943,2.9224008283348204,6.624231017642841,1.083261557360108,4.442088791297544,17.0,1.0875867851735503,0.017884455213144544,1.401195777885461
3397_right.jpg,0.1423814584282172,0.03599008147360964,1.5126011958008525,2.9631381948185385,6.196784107158878,1.0895274839951472,5.971357724811497,16.0,1.0950812194311148,0.02578310814230049,1.4672568922353573
3399_right.jpg,0.12611679856968974,0.03229814291991374,1.4826377938399076,2.922243530259577,6.724780293421917,1.0956785833157296,5.303057086146899,30.0,1.102628384366105,0.021505159116965235,1.4312483556551185
3400_right.jpg,0.05938244673615694,0.01866060767886021,1.3217770729548906,2.3486497727411173,5.477775637510611,1.0947841022155698,2.518980518204672,32.0,1.1089260047224068,0.00991974528069,1.2758455218254485
3401_right.jpg,0.11798147427572302,0.030542683450656184,1.4601020826333915,2.9629638382793724,7.395309996349334,1.097726569577017,5.457660179799583,22.0,1.1207861809938326,0.019440387696008327,1.399187229179142
3403_right.jpg,0.0488015061447853,0.012360925861889157,1.3006903401396803,2.934331429841539,6.306749149137935,1.0931971403541652,1.4271051172696185,13.0,1.0935507174150267,0.009177383677210778,1.3420131398870765
3404_right.jpg,0.12309425422067753,0.03256817240368975,1.4772788231517944,2.886599035774606,6.017598405004666,1.074033404328308,4.7485779524536005,17.0,1.0757604892312587,0.023490305828626854,1.4524987888443672
3405_right.jpg,0.13508077760764872,0.030982015170120624,1.4991009789905403,3.342381804083031,6.707498876070642,1.0933627476796703,4.042670385923421,16.0,1.101920426993037,0.02565074359868411,1.4729383879454734
3406_right.jpg,0.06294641416167512,0.017019647987015083,1.3509652325761587,2.7145632696749527,6.0188084551892445,1.0782323883801856,2.0288932848243393,25.0,1.0926685242227372,0.009969243822250503,1.306192261551835
3407_right.jpg,0.12091739501872906,0.029592409299316048,1.4702219288960667,3.0865518688803832,6.404257849516878,1.0809172582397375,5.055075042589007,14.0,1.0842321979521758,0.02194913583492147,1.4376606351151915
3408_right.jpg,0.013789505068574836,0.0038874363561304526,1.0668282277387429,2.5441913631075934,4.147356008176174,1.0679052451947029,0.05733681941195358,8.0,1.0836061330843008,0.0029069767441860465,1.0924858737928527
3409_right.jpg,0.11627008357821624,0.03164713964049918,1.481642430061865,2.715709510669792,6.1304652930362735,1.0827315630783483,5.00896843872839,27.0,1.083726055197901,0.01984982635576079,1.4221455549989996
3410_right.jpg,0.0016500761055509908,0.0006802354557577554,0.6533639031914398,1.5272755841182086,3.165685424949238,1.0734296693625116,0.0,5.0,,0.0,
3411_right.jpg,0.04011229634986641,0.012465095723096085,1.2829974235456962,2.3891191667817036,6.300180992074517,1.0738516692886655,2.2097671708953577,29.0,1.0800180161452138,0.005423973964924968,1.2110211286716885
3412_right.jpg,0.07565921697885682,0.019756411287080954,1.359694150188139,2.811294964456984,6.206523806906739,1.0820424080957465,2.8137310073157007,37.0,1.0887717692220134,0.012234705362167376,1.3730044654392313
3414_right.jpg,0.1350625424221856,0.03254630078541646,1.5042400720596036,3.2026910630842167,7.050586436160724,1.0788443121621965,5.478522253466498,20.0,1.09349596883372,0.02352855619121497,1.4626996754944683
3415_right.jpg,0.10661564248066399,0.02612128677881217,1.438983062036188,3.104761015892925,6.724702902685808,1.0834863578239797,3.9883681011328984,16.0,1.0825681352357515,0.017654839556533856,1.4166646052845149
3416_right.jpg,0.03730447115334845,0.010217708624491444,1.2311587458374895,2.638358538121497,5.03671576427376,1.086792634991087,1.0869902792012174,12.0,1.107617951986897,0.007717630982328643,1.2579928128923783
3417_right.jpg,0.09942272052714918,0.0316474121832241,1.3820093286620099,2.290957563721102,5.47526344623591,1.0808101771861434,5.325456391612761,32.0,1.081334080837948,0.017389390270746204,1.3528097098975427
3418_right.jpg,0.08951343878665237,0.025750578523987457,1.403002619160436,2.559322354373755,5.740503747012519,1.0788106375809325,3.3559400138244695,29.0,1.093038417936558,0.014175089909139175,1.363918295934812
3419_right.jpg,0.12014916323065729,0.033738580321772176,1.4786256038694765,2.6806063153047877,6.345283904306299,1.0825129836056377,5.507720915191204,15.0,1.0914015691123593,0.020681744684291372,1.4175535087417999
3420_right.jpg,0.0930575640814108,0.023701144293575845,1.4078123150264887,2.9877974389245283,5.708992161237482,1.0859063639737851,2.717575922277329,25.0,1.094934055772944,0.017009113584967924,1.3636706987209197
3421_right.jpg,0.13784644894157572,0.034867368440466805,1.5230544592972297,3.0511676287145892,6.749672624375555,1.0770361174735477,6.224669055095237,29.0,1.0856067003286667,0.02375518146063012,1.4720102104818544
3422_right.jpg,0.07624954951753964,0.021313530716558973,1.364024300507746,2.6008411263457454,6.633611696351628,1.08160751539522,3.603859682961865,27.0,1.1002298269195818,0.011720157757688657,1.3420072219559758
3423_right.jpg,0.13923634967465545,0.0380865295235016,1.5135538246838736,2.7195949871095557,6.593904478421662,1.084567007865908,6.264398011558825,20.0,1.1063736266916089,0.023663258295275432,1.4377733084534017
3424_right.jpg,0.12872730176794145,0.03520409691234165,1.4963509912120634,2.7204690815128734,6.199445938213279,1.0893591806843619,5.690156030067983,12.0,1.0960573276642804,0.022915356433370268,1.4513419135914967
3425_right.jpg,0.11950437449039313,0.029728526479548194,1.4631829496065656,3.0591797437626247,6.73200988050062,1.0780621677125344,4.402002911324653,16.0,1.081602540513228,0.020799463756008985,1.4178714604461602
3426_right.jpg,0.0024933097035957485,0.0014167686503120446,0.7615847812783272,1.274243930455661,3.0974742816007708,1.097343673892765,0.1523407150873166,10.0,1.097343673892765,0.00013202861974234107,0.8808762039085828
3427_right.jpg,0.1133768437814281,0.03074715051961113,1.4545832226291264,2.7840381752672876,6.194933597167246,1.088536797004878,5.604676500167616,25.0,1.092789081154486,0.0214653871940999,1.4231518070247429
3428_right.jpg,0.15237199993935444,0.03811574207438179,1.5240112118051523,3.079211693988192,7.2735448914206575,1.0791631595364202,6.8731648397188065,7.0,1.0866437002855966,0.026694159326025542,1.4730899031507996
3429_right.jpg,0.03357294887755512,0.008132203525962813,1.244239813706445,3.1478234753009127,7.3028905873739305,1.093432938788741,0.5521866591703144,24.0,1.094555048440798,0.006159391189108871,1.263407553514209
3430_right.jpg,0.04194478985327033,0.011489679184282517,1.2765740841226154,2.675388390016129,5.279170630466468,1.0682897945048895,0.6466053220591893,15.0,1.0693823591050582,0.007898532703307634,1.2463694941568564
3431_right.jpg,0.14769725044074783,0.0364166317267717,1.518956497015547,3.0940759787562784,7.207768465307407,1.084179526807241,6.314438848448416,19.0,1.092190435372396,0.024333321546380817,1.4688237010399046
3432_right.jpg,0.017080861365572277,0.003815672151072722,1.1595656937384762,3.4123619867795734,6.207087280552557,1.1195232916881963,0.39850361891098923,5.0,1.0628151743711673,0.0031830476560515265,1.2617341941090279
3433_right.jpg,0.12375382564164722,0.029180933911093603,1.4651125602042139,3.262175499302694,6.488034667421256,1.0874860336034105,4.141288647818753,23.0,1.0842614748659245,0.022251850954011495,1.4291712652885016
3434_right.jpg,0.13390930908172288,0.03350258936465833,1.4934339140406763,3.003895235506108,6.514301856099783,1.0880694022594815,5.911330049261084,21.0,1.0936619352982198,0.024772009599595808,1.44458956640929
3435_right.jpg,0.12937313734404202,0.035146739404960346,1.4938078782017068,2.749353963920771,6.368280793599201,1.0798521537898165,6.4656261049653985,31.0,1.0813906949992595,0.02303884426933374,1.4408210695243115
3436_right.jpg,0.03443780936778876,0.010027479786503197,1.1997181042591187,2.417939041008321,4.825239317305573,1.0795119067598389,0.44038119396149306,20.0,1.0816231313978053,0.006403142560200109,1.1744018560272262
3437_right.jpg,0.09472483776882941,0.024665193214044225,1.4120845932892532,2.8702403440913127,5.955957363769193,1.104159552936599,4.793767093564242,29.0,1.0984514298399455,0.017938781071179872,1.3763083679362764
3438_right.jpg,0.12937373575132136,0.034723860482158725,1.493627421788037,2.7831733252730415,5.916650140575636,1.0803989405961028,5.019349592679781,18.0,1.084301412172346,0.02465504519924308,1.4491403593782053
3439_right.jpg,0.10734354786545924,0.025979341849935316,1.429350316368668,3.1801494366879095,7.096351167468413,1.0928241495967748,4.548027166882277,20.0,1.1008852483023304,0.01929374191461837,1.3979470874069662
3440_right.jpg,0.11876045293086286,0.03215586804169551,1.465012807508315,2.767796781953444,6.230999330552215,1.0722025686161032,5.052776247909414,21.0,1.0827342722106186,0.020564799328991315,1.423532653351428
3441_right.jpg,0.0535693784298868,0.015255677251957474,1.317163502476854,2.5759462335605527,6.131232693855511,1.0739458168755105,2.2502353562489956,32.0,1.0740126420329572,0.008633556060710432,1.3614525362552883
3442_right.jpg,0.11043758664036608,0.02611508324928079,1.4368179269187422,3.272634776210586,6.75616868038746,1.0752714962739967,3.5277224328366366,17.0,1.0758073211321348,0.020346511778121166,1.3949340776415746
3443_right.jpg,0.09037063627389393,0.027635685582378573,1.4231225325492043,2.3722140572639043,5.7428446141243095,1.0819481797049666,3.6894113893126725,33.0,1.095596247557633,0.014084577263254459,1.3402784404334773
3444_right.jpg,0.12382328716593483,0.0326018301895373,1.487994245330198,2.8400382820634147,5.739457835562323,1.0757057475625158,5.760397770625003,18.0,1.0849058157088107,0.024077452085112402,1.4429024134308135
3445_right.jpg,0.10239273927392739,0.02814016695787226,1.44074642594672,2.740345998130284,6.080349600469711,1.080817507998788,4.8534265191225,22.0,1.0900805110767589,0.018122694622403415,1.3845761134213335
3446_right.jpg,0.08535865766261014,0.026644005224908084,1.401112321774152,2.3327138636728253,5.675280913284496,1.072871173830405,3.5303433006692524,62.0,1.0775594765258252,0.012467155198934845,1.3187109717413774
3448_right.jpg,0.12096362653408718,0.03136131447713458,1.4657702816738287,2.9220942540509425,6.427969638164066,1.0801093233858026,5.456777772725205,24.0,1.0817880765427172,0.020862069836650347,1.4110131621023931
3450_right.jpg,0.11488545423664466,0.02942322486537251,1.4576202736808734,2.951948044337614,6.234617141468811,1.0775695460136816,4.595817805796725,20.0,1.0913640453194189,0.021600343687244606,1.4135538162458559
3485_right.jpg,0.09373580563434304,0.02412915989542853,1.416611268818476,2.8956686661699864,6.350202511316701,1.077825826565884,3.7346953195183255,13.0,1.0818806249713124,0.01755306800173613,1.3782145316267163
3941_right.jpg,0.10226880973674612,0.026909952085696156,1.4306901343646488,2.818862819056511,6.325099113371498,1.0763705637827519,3.797171107524894,19.0,1.0968321774406458,0.017781752594317232,1.391084507764675
3943_right.jpg,0.15427679279698056,0.03740456858177923,1.5316269084219023,3.200372813562771,7.010713259155413,1.078774592228379,6.669462451431661,24.0,1.0905165622037625,0.025055957800492124,1.465894168208366
3951_right.jpg,0.1129619147731867,0.029337147246704942,1.4539846508885792,2.848625874511191,6.332995696528859,1.079978835264445,4.2957063151936605,20.0,1.0839521105131558,0.019613689657960703,1.4089028749564392
3954_right.jpg,0.122703664032659,0.03205775954406742,1.480125224775564,2.848521043975745,5.979407406767263,1.0969617918112105,5.204017703765081,16.0,1.0953447914685557,0.02335239789009923,1.4400520302090192
3960_right.jpg,0.08883695811272567,0.02455495717393389,1.4258851589435106,2.64497205390635,5.574009352954505,1.0761018480400337,3.0788332736073327,21.0,1.0887482368671764,0.015469875382961434,1.3824200900261494
3977_right.jpg,0.11787485938739005,0.030856399948365205,1.4834966231461488,2.867729906605006,6.475438158549821,1.081528224148178,4.932966972172534,24.0,1.0926825991092008,0.019183248197392443,1.4336597790913173
3984_right.jpg,0.11538117305435669,0.0321953499472941,1.4798745952755314,2.6743908877735394,6.120206485412542,1.0910562765980938,5.171145010839515,28.0,1.1066479146341572,0.019575767218918436,1.4027569290916029
3998_right.jpg,0.13056072201725769,0.029032126922177843,1.494296570728487,3.5600866434639578,8.819290534097922,1.0881862119991983,9.452084032076105,28.0,1.101195534581203,0.02258336636480979,1.4810550678745538
3999_right.jpg,0.12954885749625675,0.03382692432884478,1.4900281334694794,2.8907874047206366,6.45538255183089,1.0812686314292,5.3582248751834065,15.0,1.0824816181645227,0.02456771143705588,1.4399963691370246
4016_right.jpg,0.08920675280733834,0.022950022539748465,1.4065554978398458,3.0418465006154918,6.627416976760189,1.0865628330508614,3.950787371662724,24.0,1.0932377239502042,0.01692760435397029,1.3680885267102465
4020_right.jpg,0.1396333363753435,0.03480566625092528,1.5063387592996378,3.090484824910529,7.088524590743443,1.07749415692948,5.374217949887953,19.0,1.0878663639429724,0.023271377726401605,1.446469552521429
4052_right.jpg,0.09523027951855167,0.025594349945289963,1.4107563120197497,2.8092406725559624,6.457114475189039,1.0949715216137204,3.3323386053914255,32.0,1.1096810988959898,0.016671640306376207,1.3509055860700834
4063_right.jpg,0.14003820188381777,0.036109875894409185,1.513929730701768,2.9038021799442917,6.160213803504429,1.090065840511496,6.063791082184582,22.0,1.0992015679459113,0.025483082022880705,1.4658360236529973
4067_right.jpg,0.14081283065775313,0.037316638117038316,1.5126833449598267,2.873192419184664,6.275291439771548,1.0821580688358154,6.922653245814827,21.0,1.0884087627278283,0.02530052905240499,1.4496149630602089
4074_right.jpg,0.1408304568322384,0.03657795908451346,1.509646921224812,2.866163634000503,6.402733090050697,1.091337510823212,6.12416362145583,17.0,1.1021545844688725,0.025346951583678345,1.4555113342638966
4077_right.jpg,0.13166231312176957,0.036296943760957545,1.4987896219178256,2.720153662398747,6.1435170799466245,1.080136475772512,5.810340384897157,41.0,1.0853668702415198,0.021538679183318764,1.4131756504777
4082_right.jpg,0.1455023026774856,0.038183576227596244,1.526024778293067,2.844754184524185,6.302560270865378,1.1013468745785846,6.3797125142048285,23.0,1.1188145427175569,0.024217986801969738,1.4532792421501075
4101_right.jpg,0.13070426234807997,0.03330874998737157,1.490597771540088,3.0094777925296534,7.144667923957821,1.07770106749755,5.607023428265459,18.0,1.0849109921805706,0.021589565885050968,1.4426341673351626
4114_right.jpg,0.05429564973393328,0.013649072524477137,1.2953644884283566,3.0247351656683668,6.802645698778987,1.0741936092982158,1.6535220018639702,29.0,1.0839022592195338,0.008693517191618146,1.3065605859400031
4115_right.jpg,0.11872323664862244,0.0301264442110366,1.4608475846740383,2.9965317841808483,6.425200720606233,1.0797160060070128,5.201179607336188,23.0,1.0851821626906617,0.01986042659772158,1.4016924675601115
4123_right.jpg,0.1289359826936944,0.02968011377293486,1.4840613440302335,3.3039549783173423,7.050290049149573,1.0865884414816207,5.608524957936063,22.0,1.087368900644893,0.023550797211761877,1.456808769331694
4128_right.jpg,0.10922255288833198,0.029391108393922706,1.4441798922873448,2.7173424293592072,6.046214739756173,1.0787670000818206,4.698939454417761,21.0,1.0868231331981137,0.017765022711540696,1.3801195559368884
4139_right.jpg,0.049853521069650984,0.014490770306845483,1.3531062256207345,2.4826962494123497,5.835090929231445,1.091970776744056,1.875335786475281,14.0,1.0982331443851,0.009184076878630295,1.2969661061620685
4156_right.jpg,0.15475071980603122,0.03926352477648128,1.5340935113124892,2.9619561008497226,6.222670498443041,1.156057813945503,7.829469111481537,19.0,1.0952238708594701,0.026938425013890994,1.4727553852741644
4159_right.jpg,0.16036253593278738,0.04094190634488403,1.5451783730749327,3.012830329133716,6.822495385830356,1.0825402423110395,6.719241786611026,18.0,1.097168544400655,0.027649932554979058,1.4856288992822237
4163_right.jpg,0.1122960536891175,0.02936625944381932,1.4550566491663934,2.8800566912219745,6.15922344404944,1.0733144254266305,5.374939720302202,31.0,1.0772136508030645,0.019545692010930718,1.4070686743567513
4172_right.jpg,0.13418025629766464,0.03438668746119952,1.5023633048845397,2.9663213955950534,7.091787956533816,1.0889868726004313,6.006187887689333,24.0,1.1073469688302555,0.021561709795133475,1.4419381086269023
4182_right.jpg,0.13861846561327956,0.03234464561914294,1.4959310701821813,3.358367568144637,7.944744091656236,1.0793128674954513,5.560104732154591,21.0,1.0860572827050892,0.022695336588521922,1.448856916451733
4194_right.jpg,0.12597706942169584,0.02863550459871488,1.4663984401244665,3.395314693431086,8.060294181095381,1.0785228114692818,7.005165679727857,16.0,1.0866463203335386,0.02077359203729369,1.4295742108287761
4199_right.jpg,0.11521256754092891,0.03154521514534252,1.4707776313531784,2.6931189371928372,5.568387806441014,1.0953814727691904,4.751242146550547,19.0,1.106169086145365,0.02090546544482241,1.4133394776942845
4206_right.jpg,0.1408410138248848,0.033748686231708305,1.5057571894628088,3.216951676910152,7.062543079701596,1.0923084746563545,5.1540140674266315,20.0,1.0933929626654901,0.02416323065728838,1.4610222240168864
4207_right.jpg,0.13949563697180073,0.035611607120300336,1.5082350505418163,2.980184349920379,7.246423108359835,1.0767452965380304,5.91168846917585,22.0,1.0862761244645522,0.023783177456761305,1.4478819688368645
4214_right.jpg,0.13070607553366173,0.03421498042187698,1.482516600606849,2.89633433807294,6.393638628566685,1.1029350888651288,7.6796766451938865,31.0,1.085338709948699,0.02261967917140331,1.4364343831576232
4215_right.jpg,0.008791187488792932,0.003213096640060482,0.9611978899871111,1.8835223810067279,4.512232456188693,1.055909616511741,0.38770396863474893,19.0,1.0487799205759052,0.0011049563106090344,0.9299895282450482
4237_right.jpg,0.07781118569858385,0.020524675938121666,1.3808856822321487,2.827350766351767,6.471658542125414,1.0788866995492612,3.133885018212868,19.0,1.0899358392017782,0.012608209870375248,1.389065163499727
4239_right.jpg,0.12891231327453945,0.031837533252479275,1.4872374264959796,3.0754054364626255,7.177140981728028,1.0863806467904151,5.090811085989788,18.0,1.095046948858675,0.021920433617320736,1.441393124148202
4248_right.jpg,0.06491592822106941,0.021245029369613047,1.3452398938726537,2.2098735001830114,5.577662268483661,1.0834994787086012,2.7250156436083244,45.0,1.097594315357927,0.010390383722573223,1.312321779025604
4251_right.jpg,0.03592395577019287,0.014824949205149934,1.2253933916103803,1.693732775611747,4.677135166999356,1.0998873233312092,1.1231022125113586,60.0,1.1298531704715642,0.004119743115893938,1.192994428600857
4256_right.jpg,0.03474508211912347,0.010343214692307014,1.199141488926295,2.4224653643646885,5.602837467020867,1.0849654576764263,0.5736424530716348,36.0,1.094133343324933,0.005392239058873366,1.2155139055597277
4269_right.jpg,0.12758706002938608,0.03487450328952351,1.4908009993309244,2.734141636964176,5.947146270281081,1.102855209755209,6.664882632426673,16.0,1.0971889975997817,0.021110510822860546,1.4277269359455482
4272_right.jpg,0.10734417289025458,0.028982926680368736,1.440255256879734,2.7379869342134557,6.017867587781563,1.079349745216996,3.6629291223214833,31.0,1.094234831413117,0.018299383406931075,1.372502578557327
4274_right.jpg,0.062188177874186554,0.01980296456977585,1.341401977426193,2.329743662636521,5.773830440658535,1.1247423020194247,2.3499638467100508,31.0,1.1136818028494873,0.009756869125090384,1.360663527776166
4275_right.jpg,0.12703541945419203,0.03297063946883441,1.4857542339924898,2.9751912761335477,6.906850940116627,1.0815468791066023,7.018252505617126,28.0,1.0914609174231553,0.020999217389109086,1.430233521388884
4276_right.jpg,0.12309075935104766,0.03239203916753824,1.473608362867904,2.859012808644288,5.96823874786388,1.0882675625239946,5.15362345201825,18.0,1.0978626627202173,0.023484354710765515,1.4330601855340759
4290_right.jpg,0.11120934861796669,0.030227400180869283,1.4483960793300854,2.76867258955555,6.444823719564096,1.0946506167474637,4.648037467223758,25.0,1.1023842824513201,0.02030485063127422,1.391865049356902
4302_right.jpg,0.14939298674780394,0.035955805796193153,1.5225684819657197,3.1856593501722834,7.048656439796919,1.0802067399860924,6.570501480889949,19.0,1.0861656944571778,0.02524083415043416,1.4704233962161177
4322_right.jpg,0.0435091835273797,0.013236102323476301,1.2963595340398222,2.4060423361990124,6.753018892454034,1.0992447474670335,1.6164116584845447,20.0,1.1143913073506992,0.0063363337012594155,1.2887706486445534
4327_right.jpg,0.07584302458388113,0.01917776232366662,1.3516191728557736,3.020000591032198,7.333954930360108,1.089870737776013,2.7411306656378964,21.0,1.0915440621747277,0.011700567007954354,1.3479253107878446
4328_right.jpg,0.040394317076489654,0.0110826080163694,1.2455836742122852,2.599390491972724,6.657283813218077,1.0915852107055308,0.7559759902025511,27.0,1.0917203294321245,0.006113325840771297,1.2223100574096069
4335_right.jpg,0.1143997574777688,0.02884498787388844,1.4656458401181776,2.9404736823118283,6.370291269002665,1.0861315621299787,3.8904607922392884,17.0,1.0887832060807399,0.020392077607113986,1.4274463637205246
4338_right.jpg,0.146642002264273,0.03524785702733301,1.5203042188565934,3.201106871698598,7.481309878200127,1.0803946113873335,6.267184214782468,22.0,1.0869295249467859,0.023451398997250527,1.4624299354935564
4339_right.jpg,0.15324723881124888,0.03886379482826568,1.534435718724936,2.9912721944168523,6.446456023920027,1.0837473440019687,6.113519467264882,18.0,1.0944877628660505,0.029168056102909228,1.490995086234824
4351_right.jpg,0.1408415816558655,0.03622521711876574,1.5106658081027375,2.960698746543219,6.495245567830048,1.085738041326867,6.875006318939631,17.0,1.0967502057240397,0.024032191206058092,1.452293920458532
4354_right.jpg,0.13470260758764013,0.03514706551582907,1.5018235856293547,2.9039696690400634,6.338989148981935,1.084654606869431,6.067685026470276,15.0,1.0895684962890253,0.023906679004292886,1.4465328135714157
4362_right.jpg,0.10833155482382593,0.02526499791660315,1.4279335254765493,3.263695584418272,7.154037281789401,1.0826140635655932,3.4045753427441894,33.0,1.0903264999072328,0.01823734463449089,1.3949531120309822
4389_right.jpg,0.09507172674761995,0.022929534602024165,1.4355805125695582,3.2098754087931907,7.268738518663312,1.0904563830492982,3.603856126054879,15.0,1.1063892010153742,0.017548777191595005,1.4334621797872942
4395_right.jpg,0.13264264931706135,0.034576295158813546,1.496854751015615,2.9656529014738893,6.579316236270985,1.081733106843337,5.809019639537703,27.0,1.1004567214809955,0.022417764487189847,1.4320021728773107
4408_right.jpg,0.12745325336424576,0.02965576331838113,1.4771609229004017,3.2705631729673934,6.747108533054366,1.1110209334900725,4.6872637467869565,18.0,1.134188711497663,0.023718562572450985,1.4427985856822043
4409_right.jpg,0.0997670254542495,0.026822593444157324,1.425631533536985,2.752627358562843,5.878289231144165,1.0793904191341441,3.662481941929314,37.0,1.088623324648979,0.016374346348708976,1.3825415509638854
4411_right.jpg,0.12932097378838023,0.03388392210890975,1.4898967955689744,2.9045361316059735,6.331858066871621,1.0834840710350158,6.189755953896301,17.0,1.1008363062032689,0.023226560043128622,1.43986519621092
4415_right.jpg,0.14478410451493612,0.037303668227722124,1.5136399393782773,2.989765275165071,6.595714660587968,1.085608974565314,6.314949253067803,20.0,1.1036711818812013,0.02605800659785898,1.455889163563513
4426_right.jpg,0.09549429398481427,0.02622392636487176,1.4222661509303882,2.7188410627855126,6.000665615829848,1.0774329161367748,3.5867824540664515,16.0,1.0800424035646725,0.01738831719281229,1.3836297150751258
4428_right.jpg,0.1069073378779227,0.025064303075935743,1.4325222814857774,3.274411856386342,7.317870167102622,1.0895289074624162,4.345826743004988,24.0,1.0901558664016913,0.016963884158450866,1.3929228988033269
4437_right.jpg,0.11342875537682065,0.0291258059399289,1.4706131133028977,2.9676667501388336,6.996948090722535,1.0936118721645873,4.432086439681636,30.0,1.1054040641070457,0.019221259085777202,1.4196275210097804
4452_right.jpg,0.11356699647828275,0.03151338012984835,1.4750271083691302,2.659268824231242,6.214695032185188,1.0908350052122882,4.7435375290481785,27.0,1.116342458374219,0.018485422007139263,1.409584939725914
4453_right.jpg,0.1517299799320311,0.03468531609572119,1.5220542234306285,3.3655169808011474,7.995433510887772,1.0836617898306886,8.06752518580519,29.0,1.097210656618136,0.024121900305557515,1.4739392661788098
4455_right.jpg,0.0817363090545212,0.02156993551256393,1.4088329029702487,2.801263518224954,6.465622718361751,1.0977828704676318,3.638789496027655,21.0,1.098922462317459,0.013736430347504398,1.381266434999222
4458_right.jpg,0.14515884564083908,0.03748837961278849,1.5195308868648363,2.9236748320259967,6.681400988688585,1.0975765466106115,7.022755749565499,27.0,1.1114563221271223,0.024998989531546827,1.4601836908348902
4476_right.jpg,0.11725218728008664,0.03236126430528591,1.473127095192278,2.6740663394174544,6.026471437455799,1.0813756603690972,4.242300225091459,29.0,1.085162134390564,0.018800876409317088,1.4114408383232018
4506_right.jpg,0.13740161060534106,0.033369034748254506,1.4966108391200101,3.1647713831701054,6.867151572249663,1.0905341307506091,5.809900069718801,18.0,1.099406552282141,0.02458345542543625,1.4562881313016105
4527_right.jpg,0.09695946960971848,0.026649708065016875,1.4156893348918143,2.674248934335787,5.6193109338336,1.0855254502963128,4.056043504822185,12.0,1.092457783286959,0.01772641235440807,1.3816721231509026
4528_right.jpg,0.06219705979352595,0.01423131889547376,1.3199533208281142,3.3335409322160205,6.0962141796122875,1.0745025440999725,1.2492379648414467,18.0,1.0839549773848853,0.011482995372822578,1.3145969471427617
4543_right.jpg,0.07290674426637915,0.022500078506903373,1.353132848984078,2.28036016894786,5.411861769231788,1.077059443729842,2.1981932944636933,25.0,1.0851207608733613,0.011299760292255032,1.2994315800537493
4544_right.jpg,0.11948952404020831,0.030913164587622624,1.4706206952230385,2.8911694672779618,6.26798052768799,1.0816186717056884,4.7434500020184895,19.0,1.086928919441391,0.022057042509385977,1.4247764245420882
4548_right.jpg,0.10070760355887455,0.026986605893813683,1.4239661897277074,2.737124351200235,6.0388574774302155,1.0731139708274253,3.5609093545088744,19.0,1.0748472633686135,0.016893971380462818,1.3578702503049362
4556_right.jpg,0.10464317118282612,0.028021750336058863,1.4364480629576972,2.8632029475223026,6.646519593692672,1.0821638931358104,4.194418896109803,21.0,1.0893615230626614,0.01745990034464984,1.3848710745282669
4559_right.jpg,0.11336918396021389,0.030491564657481627,1.4584379751481298,2.773162605023094,6.452416729279152,1.1796090124499654,4.75088194563778,18.0,1.0955868183355644,0.021843948690474988,1.40912741178693
4562_right.jpg,0.07814744451137574,0.020837773967842085,1.3793251950815952,2.778324512613325,6.6865823730382905,1.1371952127865788,2.7338862888652056,41.0,1.1143564498538854,0.012571243223205597,1.3382343908079497
4563_right.jpg,0.1123650514053833,0.029929692980906572,1.4614974132839134,2.78138273362704,6.146605020463151,1.0796952197149858,4.088204268892803,24.0,1.089943060033421,0.0202694177084858,1.4006842487332956
4571_right.jpg,0.12368255112152059,0.036753445635528334,1.4886251983721608,2.4650847881101288,5.863028056096566,1.0756071244497978,6.606011470438099,20.0,1.0929640592513934,0.022335325145882753,1.4149222934903838
4579_right.jpg,0.09312227240241473,0.02273314781868224,1.3994508066871127,3.076745955809496,6.746518049051927,1.0770740287288003,3.902903861847341,28.0,1.0863290975990734,0.015905600413606436,1.363543877729359
4581_right.jpg,0.1423151151393899,0.03624440470055675,1.509033484321049,2.960075079677129,6.24523199355301,1.0908050088434527,5.860539371709762,19.0,1.1000356154376547,0.02539735467378015,1.459029188704449
4583_right.jpg,0.15428510829550102,0.04148003009751393,1.5441890061292414,2.8064168867157178,5.97071531971274,1.081449536673062,7.877872772354727,29.0,1.0867988114461389,0.02766345323523025,1.4782331573308631
4586_right.jpg,0.011820906421627543,0.0031644125298565364,1.0286654751097237,2.6546829960495684,6.553203849965781,1.0805841666056828,0.2535586963026071,14.0,1.081107432618048,0.001992971352938492,1.0560136965502374
4589_right.jpg,0.1524754275554837,0.037553160324467386,1.5223662074749627,3.162467808531905,7.5567634157161425,1.0814321240661573,7.0206984332225515,16.0,1.0925571824113127,0.025355328154515976,1.4610402331195018
4590_right.jpg,0.12327794347393836,0.03138268956701879,1.4823814129118549,2.9747632776574906,6.295421553349932,1.0912788902351969,4.701526526894201,16.0,1.1030019016762234,0.023923913629039763,1.4422078562696499
4591_right.jpg,0.14369618463247733,0.037391106734338306,1.5179953861989661,2.8866193420972435,7.026910483173902,1.1017882552243525,6.615660429765422,26.0,1.1185426535158147,0.02280130293159609,1.4407055441722483
4592_right.jpg,0.12615698637888526,0.03513904045915686,1.489892672312884,2.6529347608853513,5.9130079919528,1.0862930115850193,6.1638575643668405,34.0,1.09208326286899,0.02279616830362556,1.432557862422985
4602_right.jpg,0.11911230054534437,0.03245303978994143,1.4761704443694295,2.721784054126893,5.843326340180002,1.0821390666772697,5.251464350636235,24.0,1.088922947717713,0.023005453443748738,1.423734267381707
4626_right.jpg,0.06296832787838387,0.017026459428708906,1.3160821164256185,2.7380523508486445,6.460893858375463,1.0909112846307478,1.9547598402109136,33.0,1.1133337067117897,0.010545678727701954,1.3154648327059273
4637_right.jpg,0.1385525431776966,0.036663787311642194,1.5062656485876658,2.7911438154511554,5.958020326007754,1.0926995958687906,6.112315051954678,25.0,1.1017391272655601,0.024393693707346398,1.439218727610173
4638_right.jpg,0.13279613858029002,0.031418912180625085,1.4933960355752234,3.228998399329754,6.671903311917481,1.0802971631678802,4.6372938149470455,21.0,1.0861789244192164,0.02332110018549175,1.4601285747575015
4642_right.jpg,0.12446329533108451,0.03592896758185191,1.5059173448111125,2.5398263068284304,5.954306260867086,1.0798037111129617,7.02163898338054,28.0,1.0870912860580477,0.021335344938015057,1.428347391086862
4644_right.jpg,0.14680502788780211,0.03658758386549188,1.5198133905751343,3.073266890108982,6.608877590211566,1.0993104161889093,6.163608439091424,17.0,1.1095477903644513,0.025578975022229406,1.4704624998811384
4660_right.jpg,0.12955334623879827,0.03726579361027855,1.5058071089992078,2.6165526198689237,5.904153009973339,1.0840293425540732,6.671754722035492,28.0,1.086785605079521,0.024281143700498865,1.4327915194665073
4671_right.jpg,0.13402379569050446,0.0370576199257332,1.5138249245042261,2.666330953894704,6.005070236702479,1.0795110138332076,6.719377573445828,21.0,1.0861683859808045,0.023502665016293226,1.4435823620821482
4689_right.jpg,0.09594382987321311,0.022291256250947113,1.4242333652583177,3.379784794974977,7.519936763490299,1.094935567633871,3.687427387988079,12.0,1.1096645759135955,0.015906450472293783,1.400851476989725
1_left.jpg,0.13387469492261392,0.03738289769863096,1.5081102090098237,2.6666728056122495,5.998840776486307,1.0778223081526745,6.987457513762796,31.0,1.0870415831115734,0.021376628951032896,1.426907280790437
3_left.jpg,0.12263976305072195,0.029253871115273212,1.4498258775959822,3.2316319614782953,6.238377142053336,1.0826126271170893,4.736807718274277,44.0,1.0979333317266542,0.023232136245834877,1.419392745569853
8_left.jpg,0.1364193883175505,0.030400389315668467,1.4878742780117677,3.5090237381196516,7.7521656481866215,1.082403850102508,6.753435065225272,27.0,1.091884402229929,0.023070925965468097,1.4613756548394836
9_left.jpg,0.13475705905318183,0.03331660151397614,1.5014699821367543,3.07641387698111,6.600022160289332,1.077723206979302,5.070248290058764,20.0,1.0849758173699735,0.023044278478317082,1.455423998789631
14_left.jpg,0.09712250208422808,0.02938130005305308,1.4341285960072339,2.4190170519237078,5.850245543684688,1.077794692714522,3.991612560947882,33.0,1.0869682082224514,0.01597150291791931,1.3417162631479433
15_left.jpg,0.12107273173197723,0.034356245839360526,1.4871448270837888,2.6591837217648404,6.739069787396728,1.0837638471503939,6.657023159433202,24.0,1.0938792458595996,0.019060108414377167,1.3972424863558361
16_left.jpg,0.12443081028357145,0.03252151676108941,1.474482147375431,2.912386598400689,6.266791944487334,1.0933950123689642,5.559233634374258,15.0,1.0944396753282288,0.0234448043907838,1.4281771703751331
23_left.jpg,0.08860957731109842,0.02295563964091398,1.3970222967728656,2.8893737356635305,6.815804847611438,1.0906612485568283,3.3847444012791303,31.0,1.0919392614088166,0.015110105230187878,1.3406833906466933
24_left.jpg,0.05039245136147939,0.010488655585882729,1.3031968051300444,3.6570074875928817,7.095587875890147,1.0975002027305616,1.2973598726591387,24.0,1.1012589930718724,0.007374991891500796,1.3131440207087468
25_left.jpg,0.10913529825058002,0.030504910608227985,1.4460685710919543,2.71948395183129,6.908049911081267,1.094437846816951,5.155759539418814,21.0,1.1344347638549117,0.017898573067727474,1.3715966051252095
27_left.jpg,0.11483908783596004,0.031313320161897494,1.4654265840592253,2.7336783863222887,6.582912585670515,1.0775954928469467,4.749801670515353,19.0,1.0859231207034101,0.020353405456208343,1.4213605734322377
28_left.jpg,0.07870484653994898,0.017572821525549245,1.3537360601434871,3.4584367911947345,8.45377653612001,1.0819126522653995,2.262815765654571,27.0,1.087332922187271,0.011802641323130091,1.3516669292406356
32_left.jpg,0.10971104130689883,0.025549708171704696,1.4321064585567989,3.2860472850043414,7.847147405683689,1.095056812651316,4.253160405638768,40.0,1.108466273270698,0.017176618891206207,1.3987190330136967
33_left.jpg,0.10242906984398657,0.025516120374918346,1.4301841149764836,3.073292076572814,6.85159106996595,1.0869239927748229,3.949707063392798,28.0,1.0958869304043253,0.017520495435050104,1.401675827989915
42_left.jpg,0.035896680915007466,0.010117675726716147,1.2309882989237857,2.54085245917583,6.5882746877829135,1.0899651938554684,1.4722157354479088,24.0,1.0968030805103586,0.005843173487932908,1.2333966400169
45_left.jpg,0.12860485211705316,0.032972363853193395,1.488835833180179,2.978464136252985,7.06992880334019,1.1051343905990083,6.063883007483843,27.0,1.116770457915074,0.02041507279186227,1.445839905761678
51_left.jpg,0.11331831179460235,0.030635855671978095,1.462023300155845,2.732920713474462,5.898425995903703,1.0863574810874714,4.395315704917701,18.0,1.0891331619965767,0.02029423354787863,1.4046439502990025
52_left.jpg,0.10789678253056445,0.02732880377171817,1.4467683046946798,2.9611725668167046,6.117019850001048,1.08544211254535,3.937286099360948,13.0,1.1099906041765988,0.021064480631581072,1.4069213666774274
54_left.jpg,0.10925795408779702,0.03006947241240435,1.447187565301657,2.694693316084562,6.122782730295603,1.080529560801568,4.4301248489730165,10.0,1.0927053778335325,0.01938683044703987,1.4022723024642625
56_left.jpg,0.1072462321588981,0.029059786405828927,1.4459952375413667,2.7746778406824237,7.222076079793899,1.0755577310010904,4.3417506737199325,26.0,1.0777514086691735,0.01633396546561533,1.3848043188829178
58_left.jpg,0.006373750330666374,0.0024506745594026543,1.0022727338208992,1.6804877586493168,3.7286364059875168,1.0692929054384028,0.2994714329208946,13.0,1.076808539055316,0.0008235464405324602,0.8517000533186391
59_left.jpg,0.09007088111565724,0.02660923183311243,1.3544082585261905,2.462807753248917,6.080379976015342,1.086878336027014,2.8813461649282543,31.0,1.098740621028772,0.01437791736299199,1.3088146812861632
60_left.jpg,0.14968435982979403,0.03907545398246,1.533109999369765,2.9126664260466373,6.911624607845313,1.0793218219762368,6.9920290868410016,19.0,1.0886208597476663,0.02598038236410492,1.4725546207104911
62_left.jpg,0.0930048536104713,0.024635979214652562,1.412117045292838,2.915022864785004,8.204966680107741,1.09059267377052,6.854527768397603,36.0,1.110790615567789,0.01587125584020886,1.3578249332579846
63_left.jpg,0.10754423027473442,0.02551213338913062,1.4351171159331657,3.274761834989452,8.090533356414683,1.0937763905870073,4.638569707114659,23.0,1.1076559678764912,0.01675935402874905,1.4017548608154338
68_left.jpg,0.016066020366923957,0.00639647146285606,1.1203992938928478,1.7112216097689965,4.744675778966453,1.0890977119538134,0.3492613123244338,27.0,1.0872217449037889,0.0018111693767681354,1.0125630500506753
69_left.jpg,0.05346384399423325,0.016885449073020208,1.2903371683391238,2.348759669262879,5.515539800326635,1.090121078971123,1.7704934618205732,32.0,1.0955837197664842,0.008139211371626577,1.262660045131207
82_left.jpg,0.13848201722863882,0.03786352731579427,1.5068499449153483,2.7156177564431734,5.8361644074110695,1.0856886058757467,7.288260838757352,23.0,1.0964803402057657,0.025756916255858447,1.4466626601044745
83_left.jpg,0.09217291557752727,0.025438912603225037,1.416934467725076,2.680350556328291,6.07787230161694,1.0783457076447032,3.146872668395755,33.0,1.0869987505773697,0.01532831525573416,1.4011368191667974
84_left.jpg,0.1279215003064954,0.03168194534703114,1.5026954877023104,3.0469634133210644,6.772526822644613,1.0803730786178605,4.655042886310947,29.0,1.0891453721549698,0.021892528425719805,1.459905089188708
85_left.jpg,0.08702304628319739,0.01847615607661359,1.370563603756627,3.628293361775757,7.343758990130754,1.0836523705101355,2.809298778958352,16.0,1.1094686605590744,0.014934432973141096,1.3552381196938517
88_left.jpg,0.048141646951079906,0.017883945152509604,1.2779423439155033,1.9004374553245698,5.470559874370645,1.0848042817323953,2.136915210257193,48.0,1.095400415876131,0.006253020936681167,1.2400360344275616
91_left.jpg,0.007568988173455979,0.0021550591327201053,0.8654988762872363,2.270157239089039,6.194572274277389,1.062517774449512,0.2102496714848883,19.0,1.0625940085795038,0.0006517739816031537,1.082770380809074
92_left.jpg,0.09336462820641259,0.02348069592928122,1.4226598118417026,2.9633897021148763,5.983485898956879,1.0859483366673222,3.625625539669591,22.0,1.0971284510690211,0.01809950433882425,1.4104802223047739
97_left.jpg,0.08055397128474719,0.022373347881072234,1.366195141796472,2.6003920204641435,5.676333702748734,1.0932980266851566,3.0996602772336153,21.0,1.0928756087233693,0.013489721526520693,1.3268966484058229
107_left.jpg,0.1236209777993204,0.035621058584144966,1.4936051395380057,2.5538611781984324,6.041521457751386,1.0799376009012172,6.008371327446139,36.0,1.093389580129839,0.021407978511236665,1.4125990068713619
112_left.jpg,0.10869160149266509,0.02890150122626164,1.4519945801609826,2.8066836472396157,5.670835851327902,1.0850926573279966,4.079145494558621,23.0,1.0988498888802791,0.02068781443413187,1.4133981259971424
116_left.jpg,0.110756295727394,0.03046303407575084,1.4532862834807148,2.69281109686154,5.9579951891833325,1.0805039847769011,4.3958931242168235,22.0,1.088946813917659,0.01863959739682283,1.3905017575097758
117_left.jpg,0.04918662609064898,0.011955433782567814,1.3177254662270097,3.2223859541805933,7.511646702779261,1.0781706923591161,1.516545511530801,25.0,1.09403921080568,0.008239897279317352,1.3132204466318522
124_left.jpg,0.15707632600258734,0.032703751617076324,1.5153820891871326,3.856743307730069,8.013197429639357,1.0763849224397528,5.899094437257439,12.0,1.0879319351963295,0.02715653298835705,1.4913034874713191
128_left.jpg,0.12192971851135424,0.025257409982066936,1.4558564917657448,3.789952656468109,8.595602875659486,1.0799862522430748,3.8284067782949487,19.0,1.0887753823550987,0.018980837816599167,1.4347900770641662
132_left.jpg,0.04615501021463341,0.01712023001841156,1.270834568298777,1.7824913400398743,5.028110266877906,1.0800560560371864,1.4628363893162502,66.0,1.0921760586034515,0.005649575020807587,1.1607052099450785
137_left.jpg,0.13940741114956176,0.03624239056303519,1.5094690631790575,2.915508868016965,6.267522396869225,1.0807756997254077,6.365404531561797,20.0,1.0864481161218449,0.024991790648917628,1.451561388109842
140_left.jpg,0.10842299174946597,0.029597076057773335,1.4556357401937277,2.6977286270218874,5.932453414371042,1.0850269003014117,3.7725125913731947,25.0,1.0958851163612895,0.019705254081172713,1.4017725023280596
143_left.jpg,0.08573651950256952,0.02070268877244223,1.3999551899452378,3.1790803849501974,6.993629031618136,1.0849001078993163,3.436130916587922,23.0,1.0922537091794644,0.014421643582267543,1.3770180885102363
146_left.jpg,0.1192906717033173,0.035536368315070475,1.48586546816525,2.4847097213618663,6.0271290044729255,1.0893428374325622,6.195879739972918,21.0,1.095620450350539,0.020451399819120284,1.399942028362195
147_left.jpg,0.10958122173854776,0.030059513468707035,1.4529395632072413,2.6874731903016724,6.1965629390883645,1.1069715969667884,3.7226940392223042,24.0,1.1279440151101525,0.019353045411903688,1.4034602173425401
149_left.jpg,0.0992337531968987,0.023774333002083346,1.4190746629365238,3.206224492630228,7.760036813665467,1.0790687990391874,4.640862796926942,22.0,1.0776307478800695,0.015854599750805845,1.383287365483541
151_left.jpg,0.13326258874655753,0.03741378003486698,1.5065138156839204,2.652271231348808,6.150381937674595,1.0927129342490642,6.114353571338336,30.0,1.107760365540516,0.021844917759417874,1.4263699072827758
155_left.jpg,0.03610870149700447,0.010683468018079715,1.1900800579370032,2.349718165742464,4.936632218833666,1.078120209939358,0.8116594885530648,38.0,1.084820734917835,0.006549077498262542,1.1697085406779382
160_left.jpg,0.11643804857115769,0.032019839626360354,1.471744126371808,2.701504299136224,5.9176999237406225,1.0776590459399955,4.840150294151402,33.0,1.081035241024166,0.019260804263324136,1.4121299151318412
166_left.jpg,0.1327234704598723,0.034056009051968,1.4958040345085628,2.9757677816278507,6.50782353018136,1.0840748261919635,5.960559282308252,28.0,1.0957341693579332,0.02376141598642205,1.4442501423322698
173_left.jpg,0.12339173626993642,0.03003939427523601,1.473939603211314,3.1805241814170038,8.45913464788081,1.0823001899216436,4.130857505566582,14.0,1.093610966218261,0.021500609553363626,1.431735496340411
179_left.jpg,0.11828190605152665,0.029926686439264945,1.4671397409890368,2.9669702999411625,6.793015767829351,1.0883347303844195,5.103149299959074,32.0,1.0921976471839527,0.02009428194647251,1.418701526181525
187_left.jpg,0.11129015962820772,0.025772883410790058,1.446249198350886,3.261592663417299,6.900330481383015,1.0794219339891356,3.7381289149323096,12.0,1.0857021349716331,0.019630228328955345,1.4342117278417443
189_left.jpg,0.08546404009089678,0.025749070715887373,1.3985682757127282,2.389302103348821,5.381232198457566,1.0829100848152011,3.6117925025207303,40.0,1.094104378021006,0.013880319242326194,1.3174544822263556
190_left.jpg,0.12312246354746442,0.0349624867093631,1.4894357953319393,2.5707141084980125,5.933419911831225,1.0859134310390763,5.940228324406352,24.0,1.0960090861760332,0.020805774500945944,1.4186253139670004
191_left.jpg,0.11510376924670652,0.028505591461966438,1.4541930542649888,3.036286696824675,6.667011910062595,1.0759158884736026,4.042629528376732,19.0,1.0845700803015033,0.019955430009449646,1.411553403937359
194_left.jpg,0.0919779086368694,0.02481467744475889,1.4129524873321138,2.738535768566466,6.076977905663465,1.0833357394338157,3.5057590984610227,27.0,1.090192481196575,0.014647976059221924,1.3569115044426243
197_left.jpg,0.13427882043387596,0.0344731584291376,1.480711861336955,2.9636300557186064,6.180442907279154,1.0781509810392895,6.49612961689212,22.0,1.0810576683428477,0.025646064655595952,1.4559314075097642
202_left.jpg,0.08591477677209397,0.02298382996033764,1.388777915191815,2.8546306933631733,6.596951024881732,1.1035515620483491,3.203498423675379,30.0,1.1124337968053952,0.013551306823960134,1.3685133087455998
213_left.jpg,0.12333023462603318,0.03358224036537801,1.4781270154324202,2.786351944938614,6.298674917951313,1.0840369065630218,5.9616433926803145,21.0,1.0907445494020591,0.020673766748176142,1.404523868947052
214_left.jpg,0.06456571090538621,0.013757501908657469,1.3361858872601893,3.593593919254177,7.866810690979685,1.0778286669375132,1.7696161955274214,28.0,1.0858074081932059,0.010319390443061335,1.3732830449274314
226_left.jpg,0.0710760071291027,0.020082854316881924,1.354890481521786,2.654158580762501,5.967024177647175,1.0811008743672226,2.6280204316643014,28.0,1.0910019126181023,0.012404256437455503,1.3221373222060726
227_left.jpg,0.11993642574757224,0.032876684942598246,1.4752939890464523,2.6969996006022483,6.1849080035175215,1.0837246187422724,5.347834127178492,21.0,1.0855703425187493,0.02090653285419405,1.409744004382214
228_left.jpg,0.12752647748403267,0.0340265987549519,1.4933988026748457,2.818436016818142,6.569904495659906,1.080000489553438,6.467782359123616,29.0,1.0923245310242267,0.021843924326946398,1.4391479639793219
233_left.jpg,0.09746843756472888,0.024956931610934572,1.4304961224646846,2.9421411947132556,6.405924995457988,1.0773699421450882,4.142648566997236,23.0,1.0761643733357293,0.01734355186646526,1.4104097760301535
237_left.jpg,0.11027091992588513,0.02858931343582553,1.4485392955490541,2.880651094569744,6.349474719981936,1.0887322293843176,4.156442485853073,28.0,1.097347519141461,0.019805698833191446,1.4030563963720195
241_left.jpg,0.13584102200141945,0.035288451789516374,1.5050663860312603,2.940286442433844,6.12530562617955,1.1023586439299133,5.779174693298185,22.0,1.1160062551929328,0.02375544966034675,1.441134428849501
245_left.jpg,0.0922724047293043,0.022447205093096934,1.4096659341882332,3.101668307461353,6.938542072755652,1.0887932686891226,2.9982909741447377,28.0,1.1122624502311271,0.016180776957134435,1.4169563885376553
252_left.jpg,0.06117306752268982,0.01690712921481377,1.3017048708250751,2.682306728068689,5.472475576712485,1.0808406348779833,2.2173284216149205,19.0,1.0884273602587171,0.01137892630910566,1.2746501969521238
255_left.jpg,0.01707809900909267,0.004597360982131012,1.0929591105084433,2.6003375098023502,5.644146384925564,1.0770631259164918,0.3571756589890908,21.0,1.0930013791454012,0.0026686124235899217,1.1531630669298698
258_left.jpg,0.06829461682449352,0.020600294074843553,1.3454532631132954,2.438478101414049,5.648082649935508,1.0902679693899575,2.5091710200783863,30.0,1.1111419945568157,0.011833250530689671,1.2990716167736347
259_left.jpg,0.14873303890809536,0.037294418576767054,1.526798501693843,3.0023307151089758,6.99788838798352,1.0857629510771163,6.394756299834136,22.0,1.1045159545336665,0.026773046102196198,1.4755814678061991
272_left.jpg,0.11945744313605156,0.03593072762839937,1.4976552802596077,2.4439395723199495,6.256068290182712,1.1031402411028255,5.897357216830962,38.0,1.1173432453263363,0.019696214184342756,1.4098800963292746
273_left.jpg,0.07697472034890765,0.02441646811775633,1.3772092630970807,2.2292263168254953,5.2923090030242825,1.079394359551363,2.4229697532609134,20.0,1.0867916892126703,0.014012841739692283,1.3152477925987305
275_left.jpg,0.14495664080328616,0.035133627465895836,1.506381576790367,3.1863348454819613,6.7398356760110705,1.0889947518232772,6.440488868603884,22.0,1.1011444327794595,0.025371469141437192,1.455541873489508
277_left.jpg,0.05257965324171917,0.011773956069271526,1.3101588027899531,3.376074737686379,7.55409875898637,1.0899102567044296,1.402257634792015,12.0,1.094813054573875,0.008568795761175493,1.3191923650518667
278_left.jpg,0.126570662148807,0.03516972227264476,1.4863397718617284,2.732808009279569,5.976197365649146,1.0766279183405507,6.403662693370444,23.0,1.083855613477759,0.023360763195578952,1.4156781450567804
285_left.jpg,0.041725447639717854,0.010304756737203834,1.3278376590072916,2.9928336289356463,6.024577556507217,1.078475587919468,1.266051727256285,9.0,1.080771159158949,0.007582745523602822,1.3141494325484346
290_left.jpg,0.12842384992621067,0.03304544509415112,1.483481010315101,2.957378899119274,6.251187001845599,1.0801448286157562,5.426431284644214,21.0,1.1015498285687801,0.023785011892505946,1.4301229607685013
291_left.jpg,0.07267578332046098,0.01850589856586858,1.3800444796125602,2.993834099285438,7.252081584897613,1.0805666677619377,3.634546363182045,19.0,1.0830184078031253,0.012195922240899753,1.3824799986122378
295_left.jpg,0.13519877119586088,0.03673780795893207,1.5029691140833834,2.80427385814998,5.914127550063257,1.093077509143441,7.174761009721296,42.0,1.100535430569596,0.02531882212655874,1.445821669659244
300_left.jpg,0.057068258112644536,0.015943022470437614,1.280478933706344,2.70553078096394,6.51941394506019,1.087234310815731,1.7641662550278738,31.0,1.0934605663581607,0.009259352601389156,1.2897340042585366
302_left.jpg,0.13290045477513895,0.03262758969176352,1.4868989527127765,3.093659276565398,6.749307628701289,1.0768194848791848,5.558362809499747,23.0,1.0870558366346157,0.02489135927235978,1.448357873230735
303_left.jpg,0.12911397235963953,0.03293563144913916,1.499514975716189,2.9841744180824077,6.94252358812332,1.0753237326238514,6.392489302121448,22.0,1.0867301298254344,0.020642015828566795,1.4443751936118692
306_left.jpg,0.04766501574119439,0.014057929535719656,1.2979251534192642,2.516835826105702,5.763569175569359,1.077463431482594,2.32843553386661,23.0,1.0818003746453293,0.008455131532353126,1.2949075492738444
307_left.jpg,0.10547516290090547,0.026932949705226934,1.4244335606581664,3.0109143447890947,6.814779216926844,1.0873440075896093,4.5696877380045695,17.0,1.1097349704369943,0.01764125130461764,1.4172811029376207
310_left.jpg,0.05589484797510621,0.01638706613929006,1.2937092967980481,2.505839667757144,5.742502513799293,1.0762871408366317,2.0711150176044777,27.0,1.0862069988268948,0.009481665580594158,1.252378910167322
313_left.jpg,0.06695833164935537,0.01672695307763812,1.331849384758591,2.9528870139901287,6.599015267673579,1.0709089980702158,2.0207735521157497,24.0,1.0816297846571228,0.010871761710382734,1.3317149821130427
315_left.jpg,0.11415622446545573,0.031790983419357786,1.4596587793681548,2.685103250276476,6.820891628514214,1.0834853318770674,5.633459705537539,33.0,1.091670823710354,0.018306206448535048,1.3864419443847114
317_left.jpg,0.10595552509021995,0.027993387230096166,1.4368235131489109,2.826296588807978,6.100111799676172,1.089485759846508,4.687405495856939,27.0,1.0889436693400927,0.01821031834035604,1.4065902300315143
326_left.jpg,0.12927528030276236,0.03400013137218245,1.4999137389027744,2.815871131858247,6.344406578539579,1.0857273709930233,5.558053872700355,13.0,1.0966705446757616,0.02241411543572616,1.4536176837268904
332_left.jpg,0.09685695958948044,0.026980751844762188,1.4272116905960182,2.695131655065665,6.294482733701724,1.0877518635547425,4.444601576823423,25.0,1.1003544979180675,0.0163945189981464,1.3720622133698224
333_left.jpg,0.15409824652138887,0.031106093910068328,1.5171958152875196,3.9494613559177933,8.308370465833352,1.0845559648816776,5.321106392289866,15.0,1.097143498513359,0.026650288931104105,1.4986814789157232
335_left.jpg,0.12319315187424794,0.03220974923715088,1.4725231072152216,2.8547734738478727,6.52990058746774,1.0883610793607488,4.16330302245645,23.0,1.105940208169772,0.021811646078625502,1.4161956249018233
339_left.jpg,0.13276740736389137,0.03607533277524025,1.5112327750660524,2.796145888365982,6.633908561075518,1.0789801865866575,6.4131749132263165,22.0,1.0796294936614967,0.02258318769062061,1.4357172583579758
343_left.jpg,0.11743748929179726,0.030370982534291446,1.4611440518521912,2.9598612220641853,8.006286474917106,1.0793575802239883,6.147768158592262,25.0,1.0925358724260827,0.01929996069459702,1.403126660017642
345_left.jpg,0.09789780651705338,0.028446811208317484,1.4304253661330861,2.530251090436071,5.798886173898815,1.0999430731075623,4.564473183720046,40.0,1.1230720045389386,0.01596551286927856,1.3786845216398194
346_left.jpg,0.12414908401768794,0.03602779532533165,1.4951405976687675,2.5540349803739515,6.288273415052839,1.0965706258617973,6.0644346178142765,31.0,1.1066457607206677,0.020361339229311434,1.4074568724861891
347_left.jpg,0.07212633291162118,0.0173775528646304,1.354705662488339,3.102427748475628,6.377792684666455,1.0889694335801727,1.5814205675040665,26.0,1.0888511933855618,0.012195011747695644,1.3165201213621438
349_left.jpg,2.0212739078804415e-05,2.0212739078804415e-05,0.08893660698832345,1.0,1.0,,0.0,0.0,,0.0,
353_left.jpg,0.1311793508744448,0.03367408298256164,1.492228477917327,2.9427603489364462,6.1990660807042675,1.0838184660572125,5.103665037873237,23.0,1.089039537724692,0.022744154787591526,1.4390709122318415
354_left.jpg,0.11473472644453647,0.0272242478108493,1.4438918175885023,3.2674707839952575,7.477275758444671,1.0846247912670561,4.140954035410207,12.0,1.0990334282662586,0.01952813323772106,1.408555239912974
355_left.jpg,0.10002525507627033,0.025805636933023537,1.4612552722736867,2.9388394053928675,6.417092595395429,1.0923843945181184,3.9903020507121933,15.0,1.0986171969331995,0.016602687140115164,1.4094901242698572
356_left.jpg,0.002692272722680756,0.0011415640437633225,0.8004376958394592,1.4705862067613704,3.0643821756817613,1.0853772525345262,0.0,4.0,1.1023408115127311,0.00034347944679604395,1.0353425928367477
362_left.jpg,0.10758636717289602,0.0284185637636788,1.4359899302339119,2.8279249453139452,6.8502734584597365,1.0828377468117965,4.395404528782321,27.0,1.0930426752227755,0.016975355421504138,1.3988027110476748
373_left.jpg,0.07692000199870085,0.01727377204816869,1.3519493491786498,3.3881415281509915,6.995632099119573,1.0858450055560578,2.298505971118773,16.0,1.117727842298076,0.01293159446359866,1.3556629130891733
374_left.jpg,0.09165923838074987,0.02603966953672395,1.40935719352827,2.6203098095271096,6.520672436544076,1.0883251851514246,3.8842880548182603,41.0,1.0986387882115323,0.01364978661314981,1.3389851605803826
376_left.jpg,0.0837300561242338,0.02212014743384996,1.387021729421687,2.7956978332356903,5.9081111189490345,1.084733653044556,3.244761484681177,20.0,1.0927932998871674,0.014956322468452299,1.378882969658045
384_left.jpg,0.10741551007209875,0.027808794329107784,1.4484401820093773,2.923167535828656,7.297254725093778,1.0899393659883143,4.395648812922197,24.0,1.098421874095207,0.01655189139210703,1.3860863379503892
385_left.jpg,0.10896635252261459,0.032795882063510085,1.4749762067038295,2.4273839025032307,6.052982030321673,1.0769405461475383,6.1977215094053975,27.0,1.086800494610673,0.018276181825063395,1.4095960694624317
390_left.jpg,0.10513448665214936,0.02807182030808936,1.4357075598645859,2.820431773351042,6.2826665143193905,1.0769185791022413,3.528510363739011,27.0,1.090130326973512,0.019265666586015,1.3920108432873581
391_left.jpg,0.09902533523019645,0.02789296848987499,1.46191981305325,2.653889443461274,5.9755260705061515,1.0809069380314578,4.843054756787844,16.0,1.0876408422131247,0.01802019957421477,1.4067645303027054
394_left.jpg,0.11000079862636265,0.028530926805893864,1.4412752537391953,2.902100861734134,6.409432699101521,1.0814638472856628,4.1428742562792,25.0,1.0873505644796555,0.01881763367008745,1.3940288318466123
396_left.jpg,0.14859890012776295,0.03217303040555895,1.5023987757283896,3.701411065057025,9.601296363863487,1.0802477748917647,8.180867878983754,19.0,1.1024082626583653,0.024274957959428956,1.4706769943439428
400_left.jpg,0.10442572671554386,0.028224808120821985,1.4384695782600456,2.7739480325649315,5.681620849004315,1.079322722053062,3.991693235848437,19.0,1.0840660206514474,0.019584560736896888,1.4020192485296687
405_left.jpg,0.11899713235591099,0.030463669776646878,1.468992164597869,2.9305833944078725,6.630521939861593,1.083181960967827,4.947695787390444,26.0,1.088680785030987,0.019937194555515167,1.4181317483297058
416_left.jpg,0.13008154727619972,0.03477632602742495,1.4940983571192126,2.7786148801393136,5.907059205106825,1.1014525792944996,6.7703438728387955,19.0,1.1313483665045143,0.023150534048766686,1.4356270560470155
423_left.jpg,0.08451745920781346,0.0247969889008779,1.3888641406381679,2.491492639484245,6.305318470513535,1.0931752229248735,3.4953876080910624,29.0,1.1087289052486067,0.011788068063808554,1.333974035956145
425_left.jpg,0.06934622908269351,0.020560889314116013,1.3811883101443192,2.489022610558624,6.0053478190664125,1.0745040069434617,3.5523305656731194,39.0,1.074709952878257,0.011263256113560903,1.2936813023138973
426_left.jpg,0.1388888888888889,0.033121019108280254,1.5029871539701978,3.2440609152629842,7.633869595788461,1.0887875956144035,5.7628146800121325,18.0,1.0998297416857044,0.02275300778485492,1.4478805201568543
429_left.jpg,0.13182526113932336,0.0342639143249948,1.4950953989226514,2.864040939783071,6.209483698732826,1.0814587989085431,5.935561113450388,21.0,1.086774577332063,0.02191084482819848,1.4337647843163777
432_left.jpg,0.10971953623081122,0.02516863913538322,1.4498133964645101,3.396184184284698,7.059767440100102,1.0743703783971936,3.9788657456672003,14.0,1.0795093873036705,0.020107151779848433,1.4212679242702273
434_left.jpg,0.08221351061895044,0.02332935922565522,1.386286534604666,2.6890186078378373,6.803257581943124,1.0834437323521013,3.536282255946006,27.0,1.08367466286646,0.01238203972760523,1.3335086095942315
436_left.jpg,0.051106185651250205,0.013605164242523287,1.2646014762772821,2.7120477134370176,6.2140896510305,1.0894485162084437,1.1235495996077791,27.0,1.095027928813394,0.008365337473443374,1.2597141303992703
437_left.jpg,0.0679581299665201,0.02053164454842483,1.3342631445060054,2.3143702060251945,5.332263308228263,1.0826698688104917,2.6219192448872577,20.0,1.0910902335502737,0.010139768464362067,1.226682799418317
439_left.jpg,0.0238541751601301,0.00739271056994537,1.2224709678952532,2.3219763653597494,5.345174492139961,1.0960502464795314,0.634178602813941,24.0,1.104510436454137,0.003981735656238958,1.2053817975498278
440_left.jpg,0.09721344441252514,0.029338486850695986,1.4206229808633717,2.413583002886267,5.598234774834941,1.380635753715852,3.8129064270977513,15.0,1.1402410909874585,0.018239272936199105,1.3579193366327293
457_left.jpg,0.1184948483792966,0.03165179991216247,1.466269231276483,2.824694122446446,7.304884311179134,1.07929057377347,5.55294735301096,14.0,1.0824602460065307,0.01998556233688217,1.3988269329627485
461_left.jpg,0.13542301581750418,0.03309885190699347,1.499117906102197,3.1602029632430244,6.761461107504521,1.0782549112600075,5.5955794922011615,21.0,1.0874900181499334,0.024425703694081674,1.4538028969206407
467_left.jpg,0.026077280350922463,0.007794693157872103,1.1524644755700486,2.4407458232107,6.257351628570294,1.0743343900225768,0.7525910635186858,26.0,1.0840144477527842,0.0038758439771212315,1.177385867131171
468_left.jpg,0.13813435669884672,0.033399292438688014,1.5107931002356707,3.138966188387793,6.615159270219477,1.0811139025683343,5.346685055265735,19.0,1.0844244586587806,0.023815234554576164,1.4593276403741646
476_left.jpg,0.10409835248622089,0.027528330658905843,1.4368318620382772,2.8694065976942587,6.797555983420323,1.094786855282954,4.136226366200552,20.0,1.1118735907354946,0.018164512174459052,1.395390320754027
488_left.jpg,0.10360287583811294,0.02960154293561677,1.4605334497894968,2.589892784950297,5.762372417600743,1.0835089387839867,4.443008320542855,28.0,1.0949850318394763,0.018413240164795217,1.383177133256533
496_left.jpg,0.09675855104632212,0.028210204265274902,1.430578768119489,2.5196719830872794,5.8024024503167855,1.087438711596321,3.5993881040223163,31.0,1.0925650987186712,0.015942289810732174,1.3486595784175925
499_left.jpg,0.09600413574990876,0.025605157523415644,1.4154396110335141,2.770533026170826,7.212626243144027,1.0778405625517324,3.7505575153063293,27.0,1.0945160525272721,0.01364392004216843,1.335806321875082
509_left.jpg,0.1188060787325196,0.027215867755234015,1.4589646067771231,3.333769996370508,6.3031691828886425,1.0716143178446207,3.4354538840837443,24.0,1.0739051985331756,0.02173935009295934,1.4299485020285219
511_left.jpg,0.024840540404801367,0.005514539701672442,1.209522659260678,3.404815549977716,6.8262460177262225,1.0813275242821503,0.8537994073627643,13.0,1.0608785257368962,0.0034202199789061323,1.2678938557394082
513_left.jpg,0.08596140983805914,0.021083726869210968,1.3850962239392994,3.0393269031448935,6.845752203457053,1.075514840039933,2.5334927744786073,31.0,1.075543212823129,0.013564320314558462,1.3883181487217042
515_left.jpg,0.02260640312732011,0.007156674091021581,1.1333589998714668,2.398035388538872,6.455446968206622,1.0859656065280527,0.707081420425562,28.0,1.102773171107906,0.0035101541942554686,1.1453029626605615
521_left.jpg,0.08738123440610902,0.01910834446432622,1.392383660837111,3.5256496644285713,8.80713723878939,1.085552953626444,3.729932709997732,19.0,1.0994416735255945,0.01452153532095063,1.4271746836951544
522_left.jpg,0.055401003520414355,0.01657022619673856,1.3185035117501993,2.475208713246721,5.992387861330608,1.0791308291998067,2.7313559664953666,20.0,1.1128318861777982,0.00954457168291992,1.2869524972288524
523_left.jpg,0.12249639806002557,0.030423709896710567,1.4694595516168716,3.030702810947947,6.716320018342181,1.0845473997071198,4.667302502079994,26.0,1.091347528842877,0.019917206112137015,1.4141682501105346
524_left.jpg,0.0742396369602654,0.019128288804617546,1.3737540090446847,2.866619919305582,7.219284523672714,1.0981060989850489,1.853165975872683,29.0,1.1118453815613778,0.012298694195974562,1.355175113716629
529_left.jpg,0.09305613347303618,0.025687944613502715,1.412455775273794,2.7632185976752144,6.366224209801841,1.0700666905467007,4.461801464874593,29.0,1.0736521910482713,0.015165111720500725,1.374075675990448
530_left.jpg,0.12285790811556557,0.03366703894804401,1.4789482207360745,2.749723732142296,6.612009549428749,1.0822735564968977,5.609488626888149,22.0,1.0938261478339404,0.018945921497480783,1.397233683345989
536_left.jpg,0.13719139389407092,0.03425868846826271,1.5029871933584793,3.062524327780723,7.3319548218400055,1.0851419147322572,6.215071801764474,26.0,1.0946569313415127,0.022940183723585944,1.4435858048218344
540_left.jpg,0.1130995234666941,0.032539437661313626,1.4687211466386922,2.546252186394977,5.6273700863990195,1.1024604344625506,6.024007875288344,15.0,1.1309796324043795,0.01973229896710304,1.3912710704850213
544_left.jpg,0.07860208191201391,0.024428354497238056,1.4066578069623714,2.289938873549999,5.091171776309503,1.0876431033804923,2.5528730825942474,40.0,1.102617565787672,0.013428992715508703,1.3166026698780362
554_left.jpg,0.091099080450619,0.021953743879622626,1.3958961822460505,3.1582558405437187,6.645421372379064,1.0787620927232466,3.980733251064846,23.0,1.0876363090693657,0.016539946658174435,1.3829272775482644
559_left.jpg,0.1370966925498851,0.03290745821395669,1.4936421175739238,3.215881550045999,7.330929102398846,1.0812759947106267,6.074288548953704,22.0,1.0877237458277749,0.022687467730342085,1.4354640607041578
561_left.jpg,0.11740859125282607,0.03466321041552974,1.4849006399095181,2.5181630160479878,6.885459168692519,1.090322643685657,5.7008653621267635,32.0,1.1069326460909952,0.018369455055741793,1.4130950446137696
570_left.jpg,0.1261704202648826,0.03251658674374302,1.4848494023658263,2.873710826203233,5.944563670873613,1.0802591773770873,4.850959327737886,14.0,1.0813495044219312,0.022951101319359877,1.4354399607296617
571_left.jpg,0.10131322638935727,0.025167236285114587,1.4245030965848888,3.0520914274372686,7.290887838855731,1.0908942914838373,3.1207372993542086,31.0,1.0999300494496387,0.01587045920139326,1.3982126662584902
573_left.jpg,0.09097221528409148,0.022609425422865193,1.4338284835925024,3.091754718855011,6.486798768523131,1.0805560711168394,3.546772437082255,19.0,1.077250763171896,0.016654844091876394,1.4177091410757896
575_left.jpg,0.14447718049919395,0.03779077112781043,1.5172368359700839,2.894367055679359,6.984801994660523,1.0810710443836073,6.822351032701802,22.0,1.0854439114991261,0.024115747502261482,1.4470709666656378
580_left.jpg,0.11975088701588395,0.03185272791692242,1.4712578063520518,2.8017066400188146,6.36078345448538,1.0787007388653818,6.138000209590251,19.0,1.0891853922422503,0.021288381214725212,1.4168159208476812
588_left.jpg,0.09999475243415497,0.02839887225039476,1.4487794949069572,2.6041518432504893,5.8928233923162106,1.08270512679246,3.530180659380501,31.0,1.0889501816373834,0.016706341444797993,1.384323148499432
589_left.jpg,0.0721977916563587,0.020801042071622228,1.3474531214598344,2.6076634476815843,6.6034352135026335,1.0752329617068133,2.3729344110831185,36.0,1.0853371666655505,0.011324450817147733,1.2930867817542684
591_left.jpg,0.09844710661123372,0.025643603677878934,1.4209592822522805,2.8569515058815598,6.089797493261996,1.092319243289211,3.1671182742724424,20.0,1.0960339863728843,0.01534292852869761,1.3769471271868743
599_left.jpg,0.11606227041447924,0.030458135222397948,1.463267400559259,2.8641498252422695,6.027438908307168,1.075054238679637,4.345387573202096,22.0,1.0785213815586532,0.020529429895255948,1.419142976448618
606_left.jpg,0.07900960140226497,0.02319808461572358,1.3940921092104348,2.5147317046729984,5.679198993401182,1.085328738321586,3.3783618372412985,20.0,1.095172644309042,0.013537928231843754,1.326060052567531
610_left.jpg,0.11406936241102529,0.025094653945176435,1.472650635963946,3.5057665580055546,6.850320308905079,1.079147364371125,3.2813367661164117,17.0,1.0853593032527182,0.020682518047352213,1.4493809812488958
617_left.jpg,0.13301987318243286,0.03568476230068283,1.5185994156994573,2.761801446873703,6.122045125895683,1.0924847252899046,5.638460031441582,24.0,1.104643118690379,0.022319700683782737,1.4445810804794512
620_left.jpg,0.06799141878868531,0.0164899435970051,1.3428999649851234,3.03242722127897,6.628087237314162,1.0817701985077437,1.704876420138379,31.0,1.100587426784367,0.010882794481883321,1.3369381622762124
633_left.jpg,0.12898675140945123,0.033304717582621705,1.482058731946623,2.98503517620219,5.981999669815478,1.0818911701849312,5.8235562851735265,17.0,1.0905574318837767,0.021255980440883372,1.4329311227827035
641_left.jpg,0.12723555690164307,0.036137401882839905,1.4953685452095742,2.6500445974155187,6.064090399210807,1.0869625805472218,5.552610989121931,23.0,1.0850569336109286,0.020221599656747684,1.408839837205514
643_left.jpg,0.07498752476145831,0.022001784337148993,1.3463602819413514,2.55729562228317,6.39822823595171,1.0775520820468862,3.6291603030348853,33.0,1.0970070009141082,0.012631494054729754,1.2873771993565672
649_left.jpg,0.13951724242562166,0.03547605682237697,1.5031127135227271,3.0298415533694314,6.552309919404536,1.0792049995034656,5.866318733279727,13.0,1.0805406413951273,0.023950763380011026,1.446684229219258
650_left.jpg,0.038871586912662195,0.009680162208123488,1.2607917774511617,2.8881965972102184,5.569706899085702,1.0819190248718449,1.0062538677883044,18.0,1.084486842007056,0.006455118561861972,1.249284317021346
658_left.jpg,0.12812198609863978,0.03139445941002361,1.3977169718501337,3.223026257781244,8.4950363712898,1.0890564403272973,4.90538428281619,22.0,1.091610947442765,0.020369816089660448,1.3623267879380296
662_left.jpg,0.07527605777847535,0.017654534131930556,1.374181546284444,3.273364078266381,7.163604279305746,1.072940557958361,2.480849361814159,18.0,1.0813241707364756,0.012358680188139515,1.341337353895344
671_left.jpg,0.09559185454693074,0.02903073573962155,1.4260953425922716,2.375696569723399,5.379018526269415,1.0832639048490769,3.7550680732948694,28.0,1.0874514365478596,0.015334886104725803,1.3473874701754365
675_left.jpg,0.0936942725575375,0.02714493907520964,1.4411690699938589,2.5062549144152233,5.816775011781903,1.1012905050414632,4.469835593859563,32.0,1.1234633984596831,0.015802731255790996,1.3860817883486343
683_left.jpg,0.13227555374114439,0.03582577005989217,1.4949934984753888,2.774770181078495,6.34492972587566,1.0920049334315232,5.376852649344571,17.0,1.1074563376199351,0.022328874196583706,1.4348230909119386
686_left.jpg,0.07820349063224165,0.02219888626920378,1.3599985123896203,2.648680018409536,5.754701438964184,1.0858399712365032,3.0796726459436674,38.0,1.0882849719892453,0.013545510998470262,1.3081757268516294
695_left.jpg,0.14231029047511823,0.039338466034581056,1.534562430119796,2.6849518026262813,6.524130408930536,1.084563016826502,6.994782658688143,30.0,1.092276070732157,0.023978689867626135,1.4511576654668104
701_left.jpg,0.11580378029617878,0.030896165641847,1.4634993364820639,2.8077987243468123,6.373638053398841,1.0771375382639161,3.991491554711223,19.0,1.0810708322145752,0.02037176449189323,1.4074016520816104
702_left.jpg,0.11870111062384629,0.033288119690371536,1.4754470216418192,2.674799456053292,6.462255719030267,1.0896061902577423,6.017153988149266,19.0,1.092925223921796,0.019866806726974186,1.400641299343359
710_left.jpg,0.008925429163570954,0.0025515191803855627,1.0479264757448699,2.3947814389680624,4.767248972718828,1.0851160380476559,0.04887967778516404,15.0,1.0793928235952024,0.0014566143979978883,1.0686634292435924
716_left.jpg,0.08347324672465045,0.02544588792249257,1.3738811681785033,2.3768751540212425,5.535246806717095,1.0817565170055947,4.541451062424309,12.0,1.1020454335977365,0.01447759550809204,1.3602365051912302
723_left.jpg,0.11953449151486695,0.030864611581176517,1.4842343511286171,2.900998114238135,6.740577068077937,1.0764433322690035,5.078622830805202,22.0,1.080835990444392,0.01941375444379498,1.4288584991423205
724_left.jpg,0.11861512109100647,0.03069087307803081,1.4663875311750183,2.9030020172171596,6.381858090232188,1.0872309714417752,4.951770763330622,22.0,1.0992481850030578,0.021105659671869396,1.4108779388756936
732_left.jpg,0.11924959958771429,0.029415777001935116,1.4626426499271707,3.079282674369035,6.602837831182932,1.0823984406363414,5.103046164883969,16.0,1.0881014892941745,0.021119537593282167,1.4342325226490904
734_left.jpg,0.11459655023057912,0.030161277994343805,1.454620230285231,2.8618273942889703,6.207120238848867,1.08066635602293,4.891844378200719,26.0,1.0861917664290346,0.02010242299166858,1.4068759729820883
736_left.jpg,0.1467197141929198,0.037101128613186096,1.516071435108873,2.9985647779825713,6.376052738842493,1.0784237500011362,7.459808379343943,23.0,1.0827997152500037,0.02566275576485872,1.4598502470057069
737_left.jpg,0.11223149727534831,0.02672322268681349,1.4418975731820691,3.1958318233498653,6.28661808505787,1.091033367427308,3.622805561006536,15.0,1.0991385580669941,0.019643656819679885,1.401192509061275
740_left.jpg,0.12719289381139093,0.03552083754395893,1.4918699830077278,2.703106084427638,6.120380386712451,1.085782984349742,6.113828368163628,23.0,1.0965397257235643,0.0213983992885727,1.4331761730318415
756_left.jpg,0.07462949894142555,0.01719931444702087,1.3410990687343807,3.263532325459899,5.594143740107709,1.0799542868928749,2.117148906139732,23.0,1.0761675562126136,0.01400846859562456,1.346566131589696
758_left.jpg,0.12775462797876785,0.027997106558128634,1.4674674089652093,3.573864656991447,7.6776702747691274,1.0843469522995202,4.07527024135788,20.0,1.09121345563664,0.021670249508420527,1.443845725290726
759_left.jpg,0.13367945694068917,0.03450689370841244,1.5079577046638504,2.9285646282881634,7.018115284169287,1.0831738609412358,5.656867821051218,22.0,1.0974594410843197,0.022651441063107635,1.4520365744749748
766_left.jpg,0.0556007457219508,0.01811255551233018,1.3213422321782264,2.2427150073071593,5.527747509210842,1.0876205165391677,2.9303437091078113,29.0,1.08023634281583,0.008806188077542958,1.255643793329037
770_left.jpg,0.12725925253716897,0.03362221516402741,1.4912495011360845,2.885378172155098,6.692254924170668,1.0896976849059188,5.0415677259000455,20.0,1.0975274810186866,0.02308029704917041,1.4489098494280988
777_left.jpg,0.11996492046272546,0.03437490495067574,1.4816408686157336,2.514828966814826,6.0910407669358815,1.092687951606446,4.258209726967648,33.0,1.1011768219490043,0.019623249825109244,1.4161078276490935
781_left.jpg,0.09139198578122476,0.02129786718371304,1.3957883689490551,3.2669953228794615,6.441067618684059,1.0875417511270382,3.3325254483761513,14.0,1.086346753488223,0.01686459848117628,1.411035343075834
785_left.jpg,0.06385415188795882,0.014704392063073836,1.3400351589159083,3.3812859885635724,7.78266252958227,1.0790140898924796,2.2801434970307466,12.0,1.0766097299048945,0.012034090678773384,1.3482309636463763
789_left.jpg,0.11500824350031706,0.03120862396956246,1.468121655453512,2.761826367502726,6.9177735598783405,1.082003766041355,4.7178186429930244,42.0,1.0892909074439403,0.018526315789473686,1.398353606436614
790_left.jpg,0.09535038243067039,0.023455414728701534,1.4221752883785843,3.0628185981147675,6.567415840450781,1.0828845036539991,3.0974136595942388,18.0,1.0964732688553214,0.017330529008278087,1.3925329320006195
800_left.jpg,0.09150098649263924,0.022026610006576616,1.3965544791654527,3.111386818897114,7.2820833077396845,1.0960156253334887,3.4906662619517377,19.0,1.1088873650004734,0.015525876460767947,1.3624533383847777
803_left.jpg,0.12862353618736802,0.03384324701175092,1.4861153953625181,2.892254179531299,6.8029025554552165,1.0855934687174544,5.355104020369604,19.0,1.0970968934328396,0.019995756332663102,1.414107344265536
804_left.jpg,0.09249549689674723,0.026692489476034458,1.4200786963401533,2.524021805060948,6.361821568587574,1.083344915477212,2.910083439116539,29.0,1.0952222075269986,0.013662340008128163,1.382906119059914
810_left.jpg,0.13822009105194813,0.036481413174741927,1.5102317742163345,2.891543443190412,6.711706332116168,1.0803187154854748,6.214977590710882,21.0,1.098158722495253,0.02335922065191578,1.4468662292699739
816_left.jpg,0.038862722521158494,0.012203248457594618,1.2982205105590154,2.3029931934806576,5.752892259433583,1.091497101676037,1.2239513683322982,26.0,1.0979605842936673,0.0059882953983961705,1.2737649775468225
822_left.jpg,0.08445910205283179,0.019585385935135483,1.3891790648823654,3.3085854505610537,7.103593558005925,1.0796662885397201,2.0238538777500263,28.0,1.0768089998581873,0.014249771166521777,1.371365676269983
826_left.jpg,0.1230109485398611,0.03058385540721763,1.4760950072263699,3.083208224409668,7.325865447681538,1.1009048993833825,5.15402013570585,21.0,1.115093429131873,0.020621084445867778,1.4599726778729687
827_left.jpg,0.14147771359599964,0.03442994578640146,1.5048191758138285,3.162157339866793,6.569320170817666,1.0756169824564472,5.933574395358626,24.0,1.0782579116179278,0.02487029814943479,1.4606769382862852
828_left.jpg,0.04464648740796622,0.014514762145030053,1.2447883306506533,2.2547634207349376,5.494296411315178,1.0881959747485526,0.9797341981120522,36.0,1.1045261225031624,0.006525029759426267,1.2236544756408334
832_left.jpg,0.13180430520740877,0.035054180849922456,1.5070439444721757,2.8267885914558644,6.84358492659327,1.0937136477188092,5.559511153159655,22.0,1.098380993399822,0.021706477318169846,1.4482828128872185
834_left.jpg,0.06167191402671899,0.014906173197919743,1.3185158403925232,3.1732217960590563,7.376755624633346,1.083806991004412,1.9020637391569852,26.0,1.1004435313128884,0.009555367573817593,1.30250351551885
835_left.jpg,0.0684421446203741,0.018033650419855607,1.3333116357917811,2.811617043100732,6.336558806755154,1.0824990022438796,2.0140674867536332,30.0,1.0977853617768176,0.011449199020853345,1.3289854647801507
849_left.jpg,0.09833226010951875,0.029131786892692593,1.4354248597132095,2.4730575879017183,6.229798148723471,1.0968265886097768,4.442647418522346,44.0,1.1110163027666837,0.014630786049088759,1.3505058200943543
854_left.jpg,0.08289830103888826,0.021504260375909415,1.3728653721647255,2.895077613133176,7.092363359448456,1.0852015793991105,2.9578736520917874,24.0,1.091657229034512,0.013201457141967557,1.319870615075091
859_left.jpg,0.0744888550043014,0.017092255940821026,1.3648703339549975,3.31337870741681,6.979253228428173,1.0833638890918014,2.16357670136975,15.0,1.0898822701981568,0.013403872802295451,1.3490832201969811
861_left.jpg,0.07278044641098298,0.017794816621964957,1.3899804012991601,3.10279469173599,6.5352983660269794,1.0921504694691408,2.6265411988140155,39.0,1.13213449848625,0.011991170780739371,1.3585750210619627
866_left.jpg,0.13690231190698918,0.030164372577843112,1.4677613767527022,3.5870553957808937,7.819502365410871,1.0801354158369012,4.703995723640252,15.0,1.0883151117327083,0.023904850995590005,1.4363829750258588
869_left.jpg,0.11113449367900753,0.028748582075379697,1.4426842876158135,2.9588075106431027,6.620001102108815,1.0787699361731078,5.338069158792159,23.0,1.0819304262735858,0.0190887300014885,1.3999069188859288
877_left.jpg,0.012569135235509055,0.0030549288181618514,1.0386537854926197,3.073006346269022,6.039979017477237,1.076646797260242,0.44925423796497815,5.0,1.0678412326288227,0.002071561208394066,1.1529928264198883
885_left.jpg,0.02367415247529231,0.0071330031435873084,1.1526068842363288,2.5732740121549855,6.892105575263137,1.0706214600270272,0.7237035529321302,17.0,1.0692678256528447,0.0030757400999615533,1.169022100898484
892_left.jpg,0.0895083408715339,0.0232665086592447,1.4071878538838123,2.8247004675332144,6.4134871537453355,1.0843535699330702,3.486944173518428,25.0,1.0893380738571434,0.0151960016373477,1.3608851185007358
894_left.jpg,0.13086629373032357,0.033549110865181996,1.4922935079325328,2.853093362066968,6.533268821007996,1.0870670779069336,5.053337982404277,23.0,1.1005560192204737,0.022699594216960012,1.4340767001964945
896_left.jpg,0.09607918384027671,0.021375849128070692,1.4364148092401074,3.510823663344772,7.509823463345936,1.0752847771628546,3.68806909647291,16.0,1.0930400062700283,0.015634422642750702,1.4161051678548466
900_left.jpg,0.13523038664406886,0.04115914022777312,1.457483828420438,2.4315680771126695,5.982091777680566,1.0969698280100586,6.652622241933695,21.0,1.1148220230979389,0.024424627373956568,1.3957598543499665
901_left.jpg,0.09985379599229015,0.02530998790908033,1.419570431636613,2.857152191356215,6.515008723980367,1.0830343201565404,4.300117873819365,30.0,1.0890128334034728,0.015733372455974382,1.3550949569616126
903_left.jpg,0.07939179740140863,0.024414554145795724,1.4044694589230957,2.285205355559648,5.108601801546603,1.0944219754381679,3.10203666505632,32.0,1.1057275136744917,0.014106638866993822,1.3182176151971476
915_left.jpg,0.09848180948560496,0.025802038654200225,1.4198409404396364,2.8989955261757627,6.488596036809813,1.0835110569189732,3.857191347548369,26.0,1.0910062700526568,0.016267061643060656,1.3728871719581102
917_left.jpg,0.14045920326616407,0.03539018129635992,1.511597809704342,2.9942839469479474,6.326436821255395,1.0882058588775867,6.113951937263779,22.0,1.096397101384018,0.026072720658083554,1.4684990132980347
924_left.jpg,0.0749749431637617,0.018392940083604273,1.399318272029899,3.129126569893445,6.716575702741527,1.0848700426130025,2.5912435524482365,22.0,1.086606219926026,0.01331312489305009,1.406839870975682
925_left.jpg,0.0885282500429332,0.024557788081744806,1.411658063706521,2.6035975114070142,5.829088004729319,1.088409823021222,3.005323716297441,25.0,1.106538456979103,0.014492338809700994,1.3748815287523222
933_left.jpg,0.042390965183343565,0.011922616231668159,1.2461150356201918,2.531536245122368,5.891934883354335,1.0827469593093226,1.5601566195935541,37.0,1.090865358831696,0.00656272332887095,1.215233185845272
939_left.jpg,0.10976564275290232,0.031086042084320132,1.4568717738632933,2.692380735630791,6.281957316563978,1.0800787756789556,4.948720149875524,27.0,1.0792534660153186,0.01911316915028455,1.4038910372262503
945_left.jpg,0.04236526341305753,0.010665804783451843,1.262407932109662,2.9307632878804015,6.601417367051652,1.0871586455700806,1.262524240465417,13.0,1.0914071473373468,0.00796400290885585,1.2628001690765107
946_left.jpg,0.11480665297249866,0.03133039507009951,1.4608521393083183,2.7482164237486044,6.345835428263039,1.0826819608413203,5.185170412619907,23.0,1.0941663871912934,0.021064754801268373,1.4070070240524535
950_left.jpg,0.018792086680943742,0.004883305370271856,1.2689727536759032,2.9356729638788996,5.888575954211602,1.0803458639889898,0.6820258897027731,9.0,1.0876003914057064,0.003360114216602329,1.3168430329677587
951_left.jpg,0.11738220847735129,0.0309209063529602,1.4587492916007518,2.858468626935038,6.433681632621302,1.0777763304988688,4.901663533644614,24.0,1.0875924721885883,0.018606108382349967,1.4005451673571272
957_left.jpg,0.13448741075353576,0.034445471863046785,1.5015032898709064,2.9295770029614907,6.85420420870732,1.0953599125360554,5.911867695432703,17.0,1.105915964617527,0.023465567160332882,1.4425716138192348
968_left.jpg,0.08196944967989368,0.023809644118583346,1.3821983970150824,2.483810239923554,5.514978883570091,1.0870880553017734,2.8296690803070192,35.0,1.0986891580140383,0.013572305624472595,1.3379009340790313
975_left.jpg,0.08745375550649691,0.023744720315319403,1.3907093990259884,2.7613128876032897,6.391766537713268,1.0882645744223332,4.183425570306751,29.0,1.0996813500213496,0.014505902158244372,1.367495910113196
979_left.jpg,0.10442392327456816,0.025887201404258566,1.4220324221328073,3.037511796889701,6.722030408965518,1.0812319618945603,4.426467221247043,19.0,1.0913389713300894,0.017944999872802667,1.385953209779067
982_left.jpg,0.11086971414031688,0.02794985467249934,1.4500152642691073,3.0133371340247526,6.478967730876378,1.0866098618880815,4.110272745955785,23.0,1.0936004084126296,0.019156806905258214,1.412567235716849
983_left.jpg,0.06280148743394619,0.01597955353956321,1.295174778993521,3.0196024089365143,7.953357591043807,1.092052683295935,2.129839628832272,32.0,1.0968398500999932,0.008657510275037129,1.2944586885671256
984_left.jpg,0.10995190602947566,0.025934785974339895,1.4443817082903054,3.2234597958512055,7.124488711158135,1.0922665836030876,3.3960436091952877,27.0,1.093568401277147,0.019177658028396917,1.410544212234159
990_left.jpg,0.11667525773195876,0.03138659793814433,1.4587941209910598,2.748933987763115,5.958110987843058,1.0936830595563898,4.948453608247423,30.0,1.1065975002110802,0.02134020618556701,1.401168796654199
994_left.jpg,0.04119262455865045,0.012635461831224876,1.2314911883761903,2.33139585261224,5.131738111985944,1.0782380317658282,1.069938300224687,36.0,1.0860890017211575,0.0066947567928344704,1.238075278012961
1006_left.jpg,0.037070781846136325,0.013853750599949564,1.1893985500839377,1.8867230958136507,5.071159715262188,1.08663329655631,1.1388873071009624,24.0,1.1428626241160955,0.005515468530103232,1.1582204773686398
1008_left.jpg,0.11639557051880095,0.030650427939804485,1.46124740588249,2.8967198041240576,6.030840910051303,1.0848419403073073,4.715450452277613,19.0,1.094655768158176,0.021315864195026974,1.4044135793212473
1010_left.jpg,0.10467124532875467,0.026562973437026564,1.4475834749195517,2.918901110456148,6.025113625292504,1.0861237993262982,3.7874962125037874,13.0,1.0895050570872877,0.019583880416119585,1.4186977912179664
1011_left.jpg,0.14228977393307934,0.040549553828585286,1.529662743592075,2.605490269936271,5.982448540068432,1.0832398235964527,7.276181621577921,26.0,1.0855600936397518,0.023647590270128242,1.4475877597597564
1013_left.jpg,0.08559805695209348,0.021544443222820817,1.3936897513728022,3.051219458071596,6.837568450760189,1.0850927272124993,3.7481633999340325,28.0,1.1032402779199573,0.015682315665323993,1.3819627555222984
1016_left.jpg,0.10935222875521383,0.028815518367757174,1.4495003260853052,2.790510603800852,5.707009347291445,1.0771190625684546,4.020302527765215,15.0,1.0842040657913004,0.02033268003417257,1.4093150088614228
1021_left.jpg,0.05779332730002882,0.013271584652486715,1.2920463235239523,3.3757531208140903,8.828169723989435,1.0873255349831252,2.275128797569151,44.0,1.0975288176118323,0.008155072778842313,1.280145768221986
1023_left.jpg,0.08934445696498684,0.026544111330641697,1.416204501631867,2.4280554104464427,5.789293948273498,1.081774233217057,3.0318802205187545,22.0,1.1008903681060638,0.013810214404462928,1.3568579312968125
1024_left.jpg,0.1163003663003663,0.035301958076827185,1.4888200472997237,2.42763852899014,6.172401745626217,1.089944905001569,5.513683524154728,29.0,1.1004534570450768,0.018933509771206107,1.3931270354568486
1032_left.jpg,0.07717543266391767,0.018457298885092337,1.3644944227978049,3.164376011277629,6.3038240314222085,1.0858586960349619,2.220730519398586,24.0,1.0878679018125232,0.013410184068277368,1.3514190040742775
1034_left.jpg,0.14135890366689893,0.03572979469001525,1.5130343927570122,2.972340173128941,6.645574936259484,1.0846266530345152,6.412781127235637,24.0,1.1082519635382666,0.0230203694165884,1.44656259985567
1035_left.jpg,0.12612377541096378,0.03638778850487463,1.5103023632502164,2.5277008308264137,5.973156598553397,1.0787672529560994,5.503237896434756,37.0,1.0856450148267964,0.020637142111630334,1.4079009688693742
1038_left.jpg,0.09296966205254939,0.02322220032243229,1.4069183119926167,3.002099576777813,6.297396001435413,1.0808631639931792,3.386044443096765,18.0,1.085444836623805,0.01725366526676471,1.3825591986431656
1041_left.jpg,0.08672154527485175,0.02349438286586434,1.3928967915695296,2.844069434780307,6.712839325365407,1.0841597162436614,3.0525183276202865,24.0,1.087445060331533,0.013741336602697225,1.3566456655594716
1045_left.jpg,0.12918080465341736,0.03339089513653256,1.4935799459244303,2.935579918490182,7.214643581013115,1.0844899852215257,6.816529326223946,38.0,1.086032899398278,0.020550573598319598,1.4423350220352855
1046_left.jpg,0.04484861061702044,0.0167793193406854,1.2833620146905673,1.9190605740739959,5.783637753048327,1.092946003701695,3.3104075259891697,51.0,1.1132521462668878,0.005850033598165935,1.2151350060883612
1048_left.jpg,0.11454369981860167,0.030297058719499562,1.4686510415727818,2.8159968952811485,6.652195700724155,1.088357784121827,5.204464723329645,26.0,1.095692774622014,0.018468270450261993,1.4181868132714655
1053_left.jpg,0.11728423218638974,0.02822505030232075,1.4581093847225202,3.1870699130960487,6.726597835738388,1.084026612833869,4.865514148002858,18.0,1.084462621397707,0.021494422397583462,1.4264602578249954
1054_left.jpg,0.12526272179782547,0.03334545895477143,1.477941805774374,2.880750848067491,6.486313774327545,1.0860217347675896,4.799725152580736,33.0,1.0968939369523687,0.022245462996645246,1.4220057700032775
1056_left.jpg,0.0635087311884412,0.01643250556584866,1.341489209774055,2.9067593916421446,6.5268472855567685,1.094043854453067,2.524194403356169,18.0,1.1127358091970057,0.010848987545624814,1.312540495125663
1058_left.jpg,0.12391772435945923,0.03136519270431498,1.4742463049839547,3.018733007651026,6.7849851449618965,1.094012018835043,5.395619966819458,15.0,1.0907121361605083,0.021068131048010932,1.4267482470685615
1060_left.jpg,0.11430347190290192,0.030737280384834996,1.461220389313054,2.8016414287996487,6.499628831159636,1.0952090035100248,5.1540401105592135,24.0,1.1022880685686087,0.0180239814454556,1.417778793944822
1072_left.jpg,0.13607718923920073,0.029677638628607034,1.5008307591800407,3.569198552497735,6.9053890021926545,1.0814159843755415,4.767681726561651,18.0,1.0884355735451032,0.024348220144163366,1.4707284941710161
1081_left.jpg,0.11403181797849975,0.030227576575367655,1.4584021477004618,2.8325809829696325,6.123552563021425,1.0790471340814856,4.67180565288484,34.0,1.0847905309476868,0.01903512303249887,1.4040255533819175
1086_left.jpg,0.046524320233136476,0.010740342187508045,1.3204844619266234,3.3817873788513886,8.208165501350173,1.080329848210019,1.3901689312690182,9.0,1.091608411582654,0.008186550373028663,1.3228656224438862
1089_left.jpg,0.12100571982941569,0.03249489661863088,1.4701946024597143,2.7660815973593844,6.1751090005215445,1.084634735358889,4.244396386199648,25.0,1.0893132836519928,0.020211411362855466,1.4136289988473139
1092_left.jpg,0.13609051775678585,0.03253916058830563,1.4944092476635005,3.219506628111698,7.475282325820667,1.0827889630552519,5.580134720395392,29.0,1.0995260643489293,0.02291342819562358,1.442330316558781
1096_left.jpg,0.1122107254952019,0.030355363999058905,1.4537756518465592,2.7360453045429445,6.504961152616244,1.0799776062929705,4.6053652505168525,26.0,1.0913844102170822,0.017935895318045524,1.3929791453052875
1097_left.jpg,0.09545925457991156,0.029144662034112444,1.4241211141745462,2.3378253988157804,6.376550557262886,1.0938657450859512,4.801010739102969,36.0,1.107287154327094,0.013791535060012634,1.3460286966084636
1109_left.jpg,0.1476228253235171,0.03649767815546,1.5175174991283717,3.1407895783118183,7.0988601546663945,1.0854306533428066,6.72046406572917,16.0,1.0926485483525037,0.024961723672708346,1.4606899250678373
1113_left.jpg,0.13936296984508492,0.03849144634525661,1.5155926233145205,2.7640651795140108,6.630536725546732,1.0853703545766107,7.574074448102442,21.0,1.1042716082803552,0.025236816061077336,1.4490828385003411
1117_left.jpg,0.1352930491644466,0.03240796803100024,1.4917653415334506,3.2638861485267237,7.437417807167137,1.086603478062325,4.8437878420925164,21.0,1.0989346169026408,0.022119964478889156,1.4439179442903196
1118_left.jpg,0.11826119395460916,0.0293195406470867,1.4583491152225838,3.1200395114084634,7.075734844045943,1.0892731864896885,4.285008519605174,24.0,1.092841173185567,0.01845578375326417,1.4251837042310875
1120_left.jpg,0.13118378535199432,0.0311327644334177,1.478991135821134,3.2917290494653892,7.617385306722476,1.1091314528029528,5.152112366070089,30.0,1.1389599928928515,0.021773927310197182,1.4333209573140302
1123_left.jpg,0.03470274068153006,0.011134814241564883,1.229912066235857,2.29109400318483,6.217382665938897,1.0909320610509154,1.4255820702506479,31.0,1.0950605039932828,0.005076090442999628,1.3194649442636863
1126_left.jpg,0.08160583794054922,0.021397022407746186,1.3760886337566887,2.8620568308150225,6.019346347956395,1.0865176014822282,3.3859246606494913,23.0,1.0877180548357486,0.014316902333761206,1.3734679729573303
1132_left.jpg,0.1252494934335855,0.03250109903436567,1.480647332117973,2.8797275819503163,6.557470899986609,1.0843829428801701,4.345607147007847,24.0,1.0998279983677277,0.02113177801021723,1.4301557848985864
1151_left.jpg,0.09254202163227179,0.027042891925415112,1.4158633527691131,2.491459027742374,5.924144439423457,1.0815553443765895,3.062615167091179,28.0,1.09506600982286,0.016206338592524155,1.3506939923340002
1160_left.jpg,0.08167024409723955,0.023036988968202467,1.392214401837763,2.6033934381755164,6.092699399439566,1.0812906139931195,3.094893425847352,23.0,1.0999826411716749,0.014076773324015374,1.3422590678432138
1162_left.jpg,0.14656899730676407,0.0374104961250381,1.5185250236740182,3.0527008772013597,6.791636924067968,1.0858099515766362,7.245254358395251,25.0,1.0993020885051021,0.025962994238773605,1.4648201413270439
1165_left.jpg,0.13593543996937865,0.030892485008293284,1.4777149729516814,3.405646746223823,6.976558200449326,1.081175773177585,5.369370135669629,17.0,1.0903171950466277,0.023231829200867606,1.4536753706493926
1166_left.jpg,0.14806243462706478,0.03646736027245671,1.5193181452795885,3.1252829820134735,6.891616652074359,1.0813468418118335,6.770993870734653,16.0,1.0947496278985704,0.024926352809204508,1.4600792520243782
1168_left.jpg,0.09039802000202041,0.024643903424588342,1.4140419278557252,2.6829999713671033,5.871399426941269,1.0840523395295052,2.7275482371956765,19.0,1.0937822803114818,0.016511768865541974,1.3668993669640552
1176_left.jpg,0.04041134918553223,0.010062136519450449,1.3297255029640718,3.177596877205955,7.81027629440261,1.0774229005132794,1.4471387353816376,19.0,1.07784077993908,0.006525691234861572,1.3938448770410643
1200_left.jpg,0.0860480404551201,0.021426042983565107,1.4063017223569048,3.125433947605706,6.942540359344689,1.0714650938796642,3.5903919089759797,18.0,1.0761823951922622,0.015115044247787611,1.385658394599057
1240_left.jpg,0.05323516062332947,0.015991729285390086,1.320888830049175,2.426237025398462,5.800380521353266,1.0919746421286085,1.7650915326037622,22.0,1.0957112156485054,0.009360028241464521,1.255645402133228
1245_left.jpg,0.047953187858100696,0.014892112641716445,1.2597406501258048,2.3763423803659713,5.9530670100454435,1.0812136864874522,1.2678288431061806,38.0,1.1028968920288702,0.0074216749969523346,1.227301456536658
1253_left.jpg,0.04827735885244743,0.012845361032878068,1.2686312455759587,2.7429149413456733,5.202383832203644,1.0932337822465237,1.46371500964033,17.0,1.1080549683448273,0.00942329628620171,1.2752244346137316
1262_left.jpg,0.05932856758347285,0.01530544746194167,1.341229884989627,2.964935344283695,8.12219762163949,1.0859476081449788,2.144131239079757,31.0,1.0979186492042516,0.008015401249070497,1.3266300544743148
1274_left.jpg,0.12389273513317411,0.028080942447420664,1.464805522751396,3.387232017132633,7.166679234301773,1.0812048940752814,3.9302234180850744,16.0,1.088317858821309,0.020422045530126675,1.4284456671705574
1296_left.jpg,0.07497967160729825,0.022758289466801713,1.4059099301758624,2.441453806023061,6.256005583805615,1.087672937417119,3.1384185223754977,26.0,1.0914817160457302,0.011635924430686125,1.3684158080642865
1311_left.jpg,0.028643422101223955,0.00830097243911315,1.196344753400007,2.606473805667471,6.981450267305642,1.0820136851173983,1.2898292358222432,24.0,1.0908295655694529,0.004403845533735944,1.2536811371102687
1364_left.jpg,0.06605946503500006,0.019227495318305178,1.3295966641372552,2.510327931896845,5.927519122098914,1.0872096603572177,1.7024344813082708,46.0,1.10510411073234,0.010590143905785273,1.293540875173041
1373_left.jpg,0.11494281025741507,0.03148252467608807,1.4740578687890138,2.738165854448783,6.911220592892947,1.0950223891419233,5.290357344044674,37.0,1.115879164084854,0.01877587009233633,1.410928187427919
1377_left.jpg,0.009580580148997824,0.004612314880731553,1.0209757246354858,1.4698505140605471,3.5299766910620507,1.088855282576023,0.3509370017947921,25.0,1.1241980503575273,0.0009324897476261618,1.072918186724534
1393_left.jpg,0.049014538597238276,0.01643956445039236,1.2952892123078406,2.05388475858285,5.07783621635229,1.1025067106251527,1.3180039337348175,33.0,1.0966805097104866,0.0074669992091976395,1.217768301309613
1416_left.jpg,0.06987216295445617,0.016400213565434637,1.3611078581570346,3.226588369041855,6.290798375947256,1.089229872730132,2.0147682512818963,14.0,1.1002329513893172,0.012113794110832401,1.3537322594412398
1417_left.jpg,0.002737941353092652,0.0011857627049639181,0.8647800117526148,1.4138308945472786,3.0311726497715,1.0915191240732678,0.0,7.0,1.086506522759279,0.0004732872599212206,0.890427186427407
1425_left.jpg,0.03746504787930698,0.010967148405458196,1.2285727729393943,2.5983794740887354,6.582747699363207,1.082141023999102,2.311258548257719,35.0,1.10487971399929,0.005914102755835928,1.2536886930787339
1427_left.jpg,0.011857180921929123,0.0022556667309830297,1.087442203685625,4.519500023760668,9.542088836454539,1.095274598142777,0.551283111441881,5.0,1.12304815833799,0.0018513924492589836,1.231975210005702
1453_left.jpg,0.006080171911714498,0.0034492800192798185,0.9908901301824935,1.1650619356379104,2.4117732376996224,1.0809335925459913,0.15062358162793968,18.0,1.0833817354293063,0.0002510393027132328,0.8375591629576242
1460_left.jpg,0.03635046557370452,0.010141508247521216,1.2339054119246484,2.570509625133312,5.681742125017536,1.0888864084787477,0.6036612052095962,40.0,1.0920120213764217,0.005292096565670794,1.2225654935253683
1465_left.jpg,0.021349634594748538,0.003956649765296418,1.245621435403718,4.0135340239798465,7.380478729715931,1.078831919826853,0.3051400847272302,7.0,1.0893338844333875,0.003224313561951066,1.255199990727264
1476_left.jpg,0.1117402548031953,0.029181818636547802,1.4541387207058787,2.8433374568979763,6.025594736294489,1.0867397194497799,4.051640914570401,13.0,1.091355190229824,0.01907272445340363,1.4041917426097497
1485_left.jpg,0.006727758380936184,0.003296351504116688,0.8956546221462329,1.340123476985624,2.931669899826611,1.078164767592656,0.05002050840844746,19.0,1.0953105683829139,0.0008403445412619174,0.9948510747681166
1490_left.jpg,0.020841029754805205,0.006755259074740608,1.116923433772027,2.0729050556692674,5.038063660290133,1.1652299484486461,0.369428230649877,23.0,1.1082018596305991,0.002950148299046875,1.0967863683607801
1503_left.jpg,0.13352900948929522,0.03559109673490374,1.5063378757108812,2.883900349113273,6.9116074943236665,1.0836228000304164,6.838681981320914,14.0,1.0961540914951116,0.023670824784980858,1.4493771396015194
1507_left.jpg,0.12034854226970249,0.02560850665950484,1.4614629529085505,3.6761641575013315,7.88465893310292,1.0824140054897304,4.127997771875902,19.0,1.1049555169171708,0.019869097709209912,1.4295979953158038
1510_left.jpg,0.036003890677995996,0.01164179555797463,1.2449867218684687,2.13442977652011,5.282149199510917,1.1330250533853876,0.7559607505178331,19.0,1.1544116531869923,0.005967050190754096,1.2203250452999066
1513_left.jpg,0.016626865225173124,0.004292573001161637,1.0849423695330436,2.8770733001722606,7.329254173302121,1.0676274830501824,0.6481236819407814,13.0,1.0797843461186387,0.0025924947277631257,1.1511641398185353
1519_left.jpg,0.0699828813853673,0.01679112809189471,1.3642165766084253,3.2560620274527547,7.063596851422899,1.0940430160817332,3.473342099387203,19.0,1.1313877321742052,0.01225097377626715,1.3756021635809679
1569_left.jpg,0.14871173354879252,0.03796470858146053,1.5251341974120858,3.0054152641033727,6.610434670773764,1.074981479189493,8.27921915990863,35.0,1.07938651804937,0.02659325094014025,1.4722501464327407
1590_left.jpg,0.10604282268093757,0.02624599817201992,1.4411789403184057,3.040975293681986,5.899460892130695,1.083106576739146,3.596026390838124,23.0,1.0886669574993595,0.020816997218074028,1.4182427890338614
1619_left.jpg,0.07344853941800421,0.018688365676789144,1.3670306324398098,2.9782161696538005,6.5947586620533745,1.0707649786168567,2.7962641910407697,25.0,1.0757207900265007,0.012191711872937756,1.3522078554752919
1620_left.jpg,0.14567408492686992,0.03424861697021749,1.5143451043892062,3.25835492752514,6.184122215558673,1.0923350745483842,6.163639578649557,20.0,1.1061771952143955,0.02661479778715235,1.4815616923087784
1666_left.jpg,0.11721803282515818,0.028674153106249854,1.4718410437040685,3.1322123671996427,6.825466323410489,1.0944151588611952,3.922209511358065,22.0,1.107148019075455,0.019251511684915835,1.4191499647185748
1833_left.jpg,0.06020230804987975,0.01415752137270357,1.2899157672190502,3.2905637086487665,7.177755126858932,1.0956868715979264,1.7179005234543947,26.0,1.1130641538095283,0.008619818508862346,1.3073180533231799
1837_left.jpg,0.08900505279749406,0.02588249377752727,1.405327428813302,2.5001594596954853,5.837673719554675,1.0979933006666478,3.591326945426794,31.0,1.1074884699210277,0.015053645446247313,1.341642093136959
1853_left.jpg,0.10814607451275651,0.032814718619093575,1.4583511442912367,2.3843515705042018,5.851324747005526,1.082716931002112,4.143527759109444,36.0,1.1046981476116926,0.01641241239217985,1.3545663914869635
1867_left.jpg,0.12510000506354751,0.03237125930426857,1.4824731505559001,2.8817418393024776,6.249750833686264,1.0927056601440785,5.215453947035293,35.0,1.09678079251179,0.020725100005063547,1.410397542417426
1868_left.jpg,0.11971940053751196,0.028674896369516693,1.4840111783799148,3.142101152158573,7.1035978459174105,1.0874766741924462,4.646289800938368,34.0,1.0969048873774436,0.018721814786134012,1.4330618386039533
1873_left.jpg,0.07978532552392599,0.021113699647768103,1.378744305198066,2.755344196781348,6.029139785356883,1.080750455362362,2.880519099863049,23.0,1.0833323476560193,0.013836598763903559,1.3611476872792587
1876_left.jpg,0.11904386843027953,0.02773472633681076,1.4586968609167537,3.3472447203210454,7.047487552618025,1.0841552639959522,4.7765926633569284,18.0,1.0845515405842914,0.0207832595671594,1.428826019521234
1989_left.jpg,0.08923769304897554,0.024399473261991614,1.3923550458650684,2.7149591508093733,6.271473998175099,1.082243918066206,3.2794990943537115,20.0,1.092321455853207,0.01502010585214,1.3351087122113348
1990_left.jpg,0.12678155518842424,0.03327927409046587,1.4846179503447212,2.850367599723439,6.19682841671514,1.089931748337539,5.15331100231899,30.0,1.1045789904049197,0.02284129317792564,1.4340747953049422
2004_left.jpg,0.10416140471403602,0.029677412836807065,1.4416954258185528,2.5993456122409073,6.342133764528866,1.0805065192793257,5.405077742192946,42.0,1.0908172706380097,0.015487820894919227,1.3597530686791761
2048_left.jpg,0.059600892687369275,0.014766370104980836,1.3211190357159592,3.1466967485788198,7.313749641055855,1.1046447060030058,2.1516567757173024,23.0,1.114742222493093,0.0102478908759745,1.3401417641233955
2066_left.jpg,0.10671493836738212,0.02973374506254532,1.454552578803457,2.670089123636022,6.61818233207458,1.0841543819549002,5.019851229863551,32.0,1.1039453955726894,0.016119300060339625,1.3749688666041247
2070_left.jpg,0.13912316417042314,0.029793930077483953,1.4806086034183437,3.696869671802299,7.937359773712648,1.091640198692578,6.024221525166705,24.0,1.0942880058742053,0.023214026049564802,1.454099822259624
2095_left.jpg,0.022453805228733244,0.004462157472206861,1.2337055161803858,3.810483610123074,8.201784221697528,1.0954856995686058,0.619744093362064,10.0,1.1063892305132,0.003461032398314296,1.23812474878318
2097_left.jpg,0.06528999751894192,0.011799339656850583,1.411329555521067,4.548141203911868,8.900211672558337,1.1465491177357587,3.48302383724259,13.0,1.0979729973301262,0.009723839151096437,1.4480005458411687
2106_left.jpg,0.11207298293957936,0.03001276492280261,1.4553164775049925,2.7778994792911216,6.063187927297085,1.092607004646525,4.457592089800219,21.0,1.0877857446496988,0.020271913117477815,1.4008999420113073
2119_left.jpg,0.013283993730034326,0.0050695450306553706,1.145090667142023,1.7584662926256205,3.196766240141922,1.076604601462352,0.04960415881267485,14.0,1.1032618967241898,0.0025347725153276853,1.0851001504582198
2143_left.jpg,0.016297321320350694,0.005494727485758151,1.057768079254226,2.0804961223520735,4.795723331881868,1.073319592959463,0.2020120399175791,23.0,1.0777274823331295,0.0024594965859965254,1.054817260042663
2149_left.jpg,0.0059062776304155615,0.0011923708475432614,0.9942214649030383,3.3307451246219277,6.369711781308792,1.0555602787099008,0.05052418845522294,8.0,1.0555602787099008,0.0006972338006820765,1.1077889650782413
2160_left.jpg,0.05076940098284176,0.014839435373083413,1.2790470508725387,2.598729362545239,5.876795216207273,1.0734597096219956,0.9219903928601064,33.0,1.072281677823886,0.00805819603359733,1.25146855415247
2162_left.jpg,0.06040844778727983,0.012860599386772677,1.3288097311213332,3.617045690542984,7.479510734586766,1.0746811154214997,1.5153887729897104,10.0,1.0850975082161032,0.010562259747738282,1.3251983612390943
2174_left.jpg,0.022969300736388084,0.005425523426903275,1.1394399852846426,3.1705818253526026,5.717380275673701,1.077613299686073,0.23466796829166411,13.0,1.085128502471853,0.004134849601299122,1.1733828259236196
2187_left.jpg,0.05073658852960252,0.011581580654127675,1.362852898751656,3.3554932911384348,6.403215232542439,1.090309329120625,1.3434633558788103,12.0,1.0950354240749418,0.009408876123413323,1.378663775630101
2190_left.jpg,0.0024870543254329144,0.001438408285231723,0.8267566805241149,1.2108246101326277,2.5470535329498234,1.0464266859216151,0.0,7.0,1.0288462166107364,0.00023664136305425119,0.8361786504018266
2191_left.jpg,0.012957497734296934,0.0032579648176980455,1.0691223080954684,3.028988205967176,8.432859679326171,1.086957732677042,0.7900913252620082,17.0,1.075502503687826,0.0015197639021216275,1.1063422366674982
2193_left.jpg,0.013399709184909929,0.004609621132563212,1.0513136715627118,2.0711623812258178,5.343813073803084,1.0854474657073152,0.4543985782373374,18.0,1.103211792546361,0.0016206882623798367,1.2013178503576862
2196_left.jpg,0.0300460615365967,0.006121335784561304,1.1885949118806876,3.8306202140465757,8.24759482216756,1.0914150558717488,1.111133558253702,14.0,1.0800109886723088,0.004394028162185095,1.3356211078199287
2197_left.jpg,0.012677646736774871,0.0038780026005429203,1.1212887264044742,2.3976883962134448,5.214427497261981,1.0774429724530363,0.5132650500718571,9.0,1.0743158596989593,0.001990327805278646,1.2019303257748488
2205_left.jpg,0.0057192209005136755,0.0018628893363393973,1.017256751720764,2.2105495393419723,4.488363612778762,1.0682217812808459,0.4519138551766732,9.0,1.0784651544082122,0.0010494443970213857,1.03235592842259
2218_left.jpg,0.05808574897404253,0.019099364859576775,1.325098600350988,2.211648788741818,5.531718699133201,1.0789192240341507,1.9565937208392281,53.0,1.0891023336486862,0.008664198348434224,1.3096830558696886
2237_left.jpg,0.016992029885661956,0.0055854271128963524,1.093731327978032,2.198688630544104,5.485942049184273,1.072119744861809,0.40802633129924654,14.0,1.0645343595126153,0.0024753597432154288,1.2458169722713022
2329_left.jpg,0.10519549760081318,0.02433069414478831,1.4350596713749257,3.3036816490297607,7.043251208982631,1.0804991248726439,3.88653316259162,21.0,1.083247004504022,0.0181521029632324,1.421942248806444
2330_left.jpg,0.12915092463710479,0.02290216742891231,1.463069175866128,4.42553435585178,7.881123732254238,1.0896469994383793,3.2312586995426527,18.0,1.0899741993955498,0.01990455358918274,1.448196669898579
2331_left.jpg,0.1286242685773767,0.03374902729633859,1.48975300245906,2.911691963837157,6.8016070553041965,1.072494632542263,5.507776576285232,20.0,1.0763315848454462,0.022425240775737487,1.426283499310429
2332_left.jpg,0.02541356263672013,0.007313581790139014,1.181056014733701,2.475168704233309,5.391945381668927,1.0756101922466563,0.3024224034516477,21.0,1.0782236386907664,0.003936531618262281,1.1940652920736654
2333_left.jpg,0.13637533106318578,0.03494009332828856,1.5022512905362089,2.9958994083651924,6.8197593185008705,1.0800407511876833,5.952831378484046,23.0,1.0870584523032147,0.022999117164837938,1.4515665405537752
2334_left.jpg,0.1233245840776854,0.030150001497020927,1.4796211052540655,3.1412904840733242,6.682202051514217,1.0808192341858247,4.041956506551962,20.0,1.0906876846027307,0.021646922623978285,1.4512182574336527
2335_left.jpg,0.12825885481726235,0.029067776121207235,1.4741914532445763,3.371744306632693,7.938615753436635,1.0923746110409227,4.1806020066889635,19.0,1.0976324876390993,0.02160313494781803,1.4371272599418168
2336_left.jpg,0.11182857633678424,0.026167270449022076,1.4613178105719806,3.341501901500717,7.799206472438544,1.0917589188411954,3.9410061691904263,18.0,1.0970498076925297,0.017729475189345135,1.4246934280864911
2337_left.jpg,0.13536256129507285,0.030924272097531166,1.4948500762130548,3.4127051331149367,6.958920065330105,1.0872631759298257,4.307559767391773,17.0,1.0954376449676,0.02386688638560674,1.4631425713839818
2338_left.jpg,0.10936750839060252,0.028423166054019497,1.4533906545799427,2.869820008464817,6.328384887381225,1.0805527107192017,4.694741889084225,23.0,1.083996011668198,0.01939827393319482,1.4011885043382704
2339_left.jpg,0.1028639847227204,0.029003591979428214,1.4413255071244835,2.6388229764046374,6.331751406210821,1.081880145824764,4.748889820704149,19.0,1.0869899761720803,0.01751026821123466,1.367434133742623
2340_left.jpg,0.07696650854040135,0.018975151838151873,1.4003339471846066,3.0207797957993767,7.352918595216113,1.0817502986166978,2.7439040477861445,25.0,1.1015132399379965,0.012938562933022358,1.3899990203586379
2341_left.jpg,0.006481182919526464,0.0025335114468653555,0.9142517606604786,1.9110853305481488,5.067579920840231,1.1064698445152685,0.32244691141922704,13.0,1.09838576755906,0.0008936385830761436,1.0885553862342365
2342_left.jpg,0.11528143412310392,0.031881659771844054,1.47227613742163,2.659832030377136,6.2367427731066645,1.0812930530087215,4.312398144665915,21.0,1.0854993039858858,0.01927541682336718,1.3927063513057027
2343_left.jpg,0.02606755249011056,0.008469418805152652,1.1786750663757875,2.258253925818852,5.351835731491375,1.0631785874505768,0.5993600678660015,22.0,1.067410681227384,0.0036975905725271786,1.2235376386878634
2345_left.jpg,0.12096564289432588,0.03238497577383574,1.4736570074260145,2.7843578501971797,6.008682326889396,1.0785690898991735,4.805189604773155,25.0,1.0896495572594271,0.020442077443639132,1.4083136665369587
2346_left.jpg,0.07937270543443775,0.019625617549743915,1.4273204066107685,2.957471387620087,6.401134252455058,1.068201608619744,3.49000589221774,19.0,1.0738251692391603,0.014345283959570321,1.4306512504147841
2347_left.jpg,0.06308820396094143,0.01673864126508998,1.3278519391912118,2.70235089393423,6.293027791332904,1.0855518096529797,1.4031149151115476,33.0,1.0983203154135177,0.010809181568266737,1.287128944916492
2348_left.jpg,0.10316830782755433,0.025317159183343523,1.4201482811426318,3.1305799918530264,6.619573214106242,1.0964125389250436,3.1324363787014535,17.0,1.0931792902517061,0.017329446417654815,1.3849928268193121
2349_left.jpg,0.11891029202315175,0.028131597288861502,1.4633243735320212,3.234662475311211,6.491311053218929,1.1000269645978913,5.656622794169638,21.0,1.1015469057410219,0.021293144375195708,1.4401308794721799
2351_left.jpg,0.04364487692589396,0.009423474325773628,1.2361799955393051,3.405333480494508,7.009941454093633,1.075976736697922,1.373302989876795,16.0,1.0807522185334772,0.006081770383740093,1.333780908162775
2352_left.jpg,0.06125514828575317,0.020865365711030565,1.3207866067100777,2.1371516984133954,5.000468213421551,1.0752004642158277,2.3189340969011982,21.0,1.0914799126663703,0.010576355946301552,1.2411344124979349
2353_left.jpg,0.06905650077336002,0.01722621538834804,1.3486638222752856,3.00527575463789,6.43216378732189,1.0812937956911632,2.5273203327975415,19.0,1.0828385940646648,0.012444525318695094,1.3259346980172184
2354_left.jpg,0.11064823709036492,0.025986107038493817,1.4469727015184564,3.225801526018384,7.158115894741471,1.0786235373462991,3.235624222691837,20.0,1.0870189178079643,0.01860989494332602,1.415064285851665
2355_left.jpg,0.14199013641482533,0.03656960262733067,1.4934301041868412,2.9050468724613725,6.328172949510464,1.1208116404435846,6.435184928353092,14.0,1.139065480014706,0.024070920175969023,1.4385842332431658
2356_left.jpg,0.09695135032059686,0.02325459442709699,1.419540746819944,3.1792885417342673,6.182419978029295,1.0877781287404507,2.8603437179701094,30.0,1.110114957117425,0.01782470860248373,1.394035567856647
2359_left.jpg,0.1105823393603209,0.02717448962580137,1.4493331900730495,3.1394621348431064,6.94071412198356,1.0718500147231058,4.79936143233153,33.0,1.078782849089086,0.019404576064826744,1.4346894635649536
2360_left.jpg,0.01630047100367798,0.003976464993448445,1.016101954277246,2.899806757518368,6.635457463047628,1.0694498769869034,0.6576850498069947,16.0,1.110040478654738,0.0023879026423761656,1.0966314244284974
2361_left.jpg,0.0771386779082022,0.020423738052840062,1.3780756035822914,2.9004392250156252,7.1262845050868355,1.0763761919538315,3.4978377003307046,33.0,1.0839527758580287,0.012169749609332413,1.3562389234533188
2362_left.jpg,0.09825559387617766,0.0257717866756393,1.4133257707739524,2.7923428281207356,6.410240960660753,1.0806194904268063,3.785329744279946,28.0,1.0871315451586858,0.015435733512786003,1.369008262601147
2363_left.jpg,0.12927804715268754,0.02845542842408094,1.4819997234377076,3.5081419840565284,7.722089651884025,1.0685042131758646,4.499881182912586,19.0,1.0784479219394842,0.021847175945354253,1.4595331749095497
2364_left.jpg,0.07215490152267855,0.020746079209709393,1.4058486873164724,2.5669418893383074,5.826767483540926,1.0759251915015113,2.899887332246272,22.0,1.077460326697299,0.012393452910108247,1.3569052605222847
2365_left.jpg,0.0806937708320859,0.023197213739696226,1.3731539438662554,2.515833616704712,5.5482722970837335,1.0716711313813299,3.1435243398598884,23.0,1.0777118490963469,0.014824461609085285,1.3198654006478778
2366_left.jpg,0.13458885593156106,0.03384049439360482,1.4944807796008583,3.0313770843180947,6.229692044107513,1.0935002947641002,5.912106680680549,15.0,1.1163083789005597,0.024376070621882878,1.44976407971981
2367_left.jpg,0.034469208998801286,0.010634223497754279,1.2852769701503035,2.353365530956954,5.480817276940871,1.0893022261577752,1.293217076434103,14.0,1.0961202645645067,0.005625494282488349,1.2411879060227684
2368_left.jpg,0.10809466074941666,0.030831083863293224,1.4261771291620096,2.522489188807383,5.2714171364484805,1.0871606812715198,4.232053804273231,18.0,1.0989343128389728,0.02055405590886215,1.3700644424091073
2369_left.jpg,0.1419827214917281,0.03003724253249221,1.496709657906522,3.6372691027434407,7.1279165358542445,1.0853824033978359,5.371031896835651,22.0,1.093829308732311,0.02415950951331357,1.4714971259844911
2370_left.jpg,0.08504453946794299,0.021541394518322605,1.3289934192888402,2.9533024076825916,6.380205470022428,1.0832665696768935,2.550866287616887,23.0,1.0957113620652144,0.014566789063496432,1.3492273015190732
2371_left.jpg,0.11616225421578982,0.03175044343488961,1.4648133933623932,2.768499962143149,6.4708099293250285,1.086086834664257,5.508194070353283,14.0,1.0983178519000814,0.020754268850404524,1.4074140875216385
2372_left.jpg,0.06584739360362629,0.0185595567867036,1.3271533495602248,2.6442163472562523,6.5856017620851395,1.08714558380363,2.21606648199446,29.0,1.1049715186713644,0.011498363132712163,1.2673560333229534
2373_left.jpg,0.11011907767823777,0.02800193917847512,1.440902373568792,2.969235041812417,6.428236868353128,1.0820062539146842,4.241952914322651,18.0,1.0895532169655908,0.019533183181666684,1.409876363827965
2374_left.jpg,0.10249902964798614,0.02535355646453488,1.4494157093669915,3.1731343380469332,7.51152976192288,1.0751968817201942,4.8766408901362475,38.0,1.07196861307842,0.01636162780282447,1.4301972951372734
2375_left.jpg,0.008051784022734449,0.002872363180785724,0.9412324359934084,1.847079625647683,4.242558958561086,1.0689212410494957,0.10185685038247247,12.0,1.0681813421891453,0.0011051468266498263,0.9945592597982359
2376_left.jpg,0.03978255745728628,0.010230230330627003,1.2454480923534115,2.820279781236121,6.132347787902128,1.0949773389638926,0.8525191942189169,31.0,1.1023572467955587,0.006243449392956186,1.2468503925897925
2377_left.jpg,0.049022896343844914,0.013430867561445185,1.28595283940768,2.6764819803491617,5.788205163784904,1.0946218816804716,1.6082119899096186,38.0,1.109406717013639,0.007779151139762811,1.291582281464972
2378_left.jpg,0.08549305397403781,0.022622029909663707,1.385650166525548,2.7806038805815825,6.004434141377722,1.0759479578501505,3.0365140818340546,21.0,1.0792823397323728,0.014914344998608265,1.3630915147585216
2379_left.jpg,0.03571630462153565,0.01015987542975194,1.2158105905538692,2.537427332981135,5.4224214861767654,1.091035389584136,1.3361495254099667,15.0,1.10424744091612,0.0052520954421884074,1.2462661239543433
2380_left.jpg,0.05925087414786306,0.017991095011697232,1.3095001902631698,2.4307706083997473,5.6396907172876745,1.082957299001047,1.9621160667119462,18.0,1.091947076095316,0.0109878499735869,1.2493785822887233
2381_left.jpg,0.07268711485152464,0.02066589553875915,1.3736300471078422,2.623232729700289,5.495238939321438,1.0977919479864586,2.5427277984963004,26.0,1.1284487422529084,0.012135293061843128,1.318450097105734
2382_left.jpg,0.11414581381648205,0.02782418898428672,1.4623769083322782,3.0918377422198264,6.3849761223849875,1.0873470007544008,3.6699728615164715,29.0,1.0944650450850457,0.020406980674695537,1.4415130703212662
2383_left.jpg,0.10154183601057996,0.02855895153166297,1.4305203325178477,2.6186299493850784,5.7752041675624,1.0810529903679083,4.019591788122851,24.0,1.088363486957465,0.018961555830144954,1.3776692152851298
2384_left.jpg,0.031129965917082936,0.007817430977584621,1.1684528802202525,3.012958199277472,7.919778300010145,1.090944003409404,1.532829603447965,25.0,1.1051012681227472,0.004422664238183687,1.309718077942378
2385_left.jpg,0.07892826569078502,0.020700772461714836,1.3715823586460578,2.816805844246247,6.305042110865433,1.0881663112530482,3.00373965587156,19.0,1.0921546442586632,0.013511822218662234,1.344835941052115
2386_left.jpg,0.08583721222795321,0.022090829035098753,1.388247782785522,2.9737703346320474,6.912276924124993,1.0779544179067408,2.9186061139766006,29.0,1.0853183453972748,0.014442068184677317,1.3816110209631662
2387_left.jpg,0.11614852190265178,0.031665867611258766,1.4849945710325116,2.696300175524471,5.905157348521972,1.080824936787425,4.933973198285211,29.0,1.0954876986458957,0.019801058476891783,1.428753844305451
2388_left.jpg,0.12061802712097712,0.027280570946940037,1.4592209782670815,3.4236833460199145,7.920470806240109,1.085117308271076,3.740480477185563,22.0,1.0922545862794408,0.020866893755392527,1.4339066777175182
2389_left.jpg,0.1076472936574914,0.029062040457432776,1.4463799371694503,2.7755769332253855,6.162960337880505,1.0802955108949777,4.851253493155185,40.0,1.0773454587454367,0.018268001435162492,1.3878015338929732
2390_left.jpg,0.03505471783751072,0.011286499571334914,1.2709071211068035,2.1900342853622434,4.852740235550167,1.094266176932371,0.9581925462706138,18.0,1.0989901678975957,0.005986181854859045,1.2505263592334812
2391_left.jpg,0.10128537795847382,0.02545316626657601,1.4402862805174832,2.936626266993294,5.896506044043724,1.0800992342244473,3.7465136608988856,19.0,1.0815248952387988,0.017830629830574325,1.4035167054861548
2392_left.jpg,0.12333407374500222,0.03364666208957635,1.484048828907005,2.7447816376815988,6.184216829365436,1.1380105942201673,5.8055005855983195,22.0,1.1751555979688058,0.021657041314971124,1.4124351964643158
2393_left.jpg,0.07363214213607915,0.017499495255400767,1.3870123540070225,3.1455762561240928,6.883796782514531,1.0770624245552838,2.4227740763173835,7.0,1.0785418360492258,0.012255198869372097,1.3627684689668242
2394_left.jpg,0.03845493735550373,0.01053497693107591,1.2238119978055473,2.6200602631849375,6.2236666581975095,1.0771680748608645,0.9086228306629918,30.0,1.0868992347313624,0.005870713067005886,1.3078233356126168
2395_left.jpg,0.031239945456495426,0.010254995990950273,1.167364972802949,2.1533576611428322,5.246719960985222,1.083500335708576,0.5617776688269571,34.0,1.079048817805227,0.0040243709366876565,1.1449888802887567
2396_left.jpg,0.15502654937391028,0.03294896180060231,1.5240486732065135,3.735387638034744,7.362228275731045,1.0869241581668938,5.696227611348867,23.0,1.0928352684803733,0.026524607703281026,1.4939346853447584
2397_left.jpg,0.1055766895181122,0.02625239639060916,1.4399993616718076,3.0794074052717884,6.443146794728842,1.0727607303790783,5.420108602916821,12.0,1.0815918963979805,0.020571319595700046,1.419353152092647
2398_left.jpg,0.1066347116463914,0.02770783403614153,1.4471999777494073,2.90551619060091,6.044475435709667,1.0745127284228415,3.640445347814216,23.0,1.0828770282787672,0.017676384633275692,1.396627378371306
2399_left.jpg,0.11674777315839313,0.026792993614446238,1.449227568550167,3.352844718927645,7.379098507564894,1.0767910275582004,3.4940777913377254,15.0,1.0838569169927283,0.020037776551193303,1.4060228572566777
2401_left.jpg,0.11281908990011098,0.026692563817980023,1.4459717755272292,3.211304809939366,7.367969808870664,1.0832616879948427,3.783674704873373,17.0,1.0917131773927184,0.019619614569670065,1.4034854129783265
2402_left.jpg,0.15736212436594385,0.04021077945961239,1.5410998991128748,3.008088190108551,7.022223464208391,1.086876988121959,7.275225835135299,35.0,1.093260081674827,0.026999171432613222,1.476239377058259
2403_left.jpg,0.15395139302850552,0.03398774564892359,1.5281608100583046,3.5319201165542897,7.758321889435798,1.0862408969709205,6.547380559165844,14.0,1.1006149267405814,0.024943565488463906,1.4858409877600554
2404_left.jpg,0.1545103515838731,0.032782186833973416,1.5052158953226167,3.6915652759703175,7.661455136794487,1.092697005027732,5.784172212002939,25.0,1.1034658680499745,0.025882867907223963,1.4790825712188655
2405_left.jpg,0.06760297451068492,0.016705118561411127,1.3739966227689207,3.117851398754481,7.13734876062605,1.0928443388142794,2.4737105152890453,8.0,1.125579292143549,0.011540616812144404,1.3429203657300735
2406_left.jpg,0.021596572971546324,0.007694572179756575,1.1538525712321657,1.9042287906342277,5.696361137530234,1.0852614961706748,0.4060460253169697,30.0,1.0937542679265417,0.002309386768990265,1.1578165570421586
2407_left.jpg,0.13397030068159885,0.03590393953020711,1.4988986146839938,2.817141424476345,6.237435113955919,1.0798640185525599,6.770514912816989,18.0,1.0908912925141592,0.024677011070297145,1.4535165723599601
2408_left.jpg,0.14305273139391603,0.03634252333842105,1.51261933777681,2.9991882106454795,6.927793344148492,1.091256285627676,5.476479029649049,21.0,1.1034168904097101,0.024831775748325364,1.4616090934282941
2409_left.jpg,0.10413066981923268,0.029090504915780007,1.4474073119606798,2.6209792453770624,6.176416498456587,1.0976897618250356,4.49644831105318,16.0,1.1112339235128774,0.019658067840795417,1.4021674204900252
2410_left.jpg,0.10643374859563129,0.026436930174290857,1.4330238507212982,3.0204929705777963,6.081556507328747,1.0732159060513051,4.1261098241183545,15.0,1.0779012663506489,0.01942751468994522,1.3990514516736003
2411_left.jpg,0.11704293304562018,0.03048470166724345,1.462978406724102,2.862939799873893,5.966966675192669,1.088583567678202,4.325875862630539,32.0,1.0957436717490436,0.01972090466787452,1.4029158428770319
2412_left.jpg,0.10414753982586587,0.024480674744499036,1.4211951154264872,3.2293292370911937,6.318974969150343,1.0868975535137608,3.934664393305017,10.0,1.1026465368473202,0.019113388956708603,1.388284449494357
2413_left.jpg,0.10451154493806557,0.028051626184848924,1.4525154100303532,2.7633687095555657,6.0237319159030385,1.0774380792368063,4.0473489864138985,12.0,1.085065792992169,0.019182435504744393,1.3973459262607493
2414_left.jpg,0.1222488527024401,0.030983262660135832,1.4750669328946724,2.995623552543792,7.4460845095268215,1.093417871836515,4.933005795036101,18.0,1.1090659442014388,0.020329963276512413,1.4275677945349319
2415_left.jpg,0.03086752054279707,0.007216641443125146,1.2518317296542714,3.1014516723577397,6.723445568945886,1.0864873622092937,1.0664987354372137,22.0,1.0954685202366916,0.0046011802586005505,1.2313672626098477
2416_left.jpg,0.09468383365733098,0.023840690847636445,1.41675343054981,3.0596044497859416,6.812577984634189,1.0772084641556838,4.249416315804898,26.0,1.0902249240244084,0.016714370842165933,1.3894270054444684
2417_left.jpg,0.12095030214838619,0.03282200529517573,1.4815171955954831,2.735789697419852,6.141662298846942,1.0887126006191206,5.456860486266901,22.0,1.1032617290399513,0.021332282382424867,1.4254885582785206
2418_left.jpg,0.13186863404181856,0.03257238024636195,1.489849467844353,3.0971744449990064,6.306447001361937,1.078943593434445,6.042265392544149,21.0,1.0894359252028145,0.022574715911975872,1.4315400620358756
2419_left.jpg,0.031504735607913996,0.009303718441969769,1.1784878308908964,2.5140144144484884,6.087067182900349,1.1020313196163014,0.9136221055944127,14.0,1.1194862646648278,0.004842197159650387,1.3092062205380874
2420_left.jpg,0.1595331525334707,0.04267987818735512,1.549871086853675,2.7960655932156184,6.105348707912093,1.0955539127339404,7.474407728941614,30.0,1.1059193271750956,0.0274987500568156,1.4905381057283
2421_left.jpg,0.10362929915065407,0.03157889418291506,1.4514158210144423,2.421844572833781,5.950027067077828,1.1196900065332767,4.5473607623397685,29.0,1.1101326708089103,0.017300181389168185,1.3773359458131698
2422_left.jpg,0.12952492989813044,0.0323355965377536,1.4833325014951566,3.037617797279444,6.588986161009327,1.0855096007824712,5.729845395587512,16.0,1.099945783772829,0.0232946103958664,1.4409634874657138
2423_left.jpg,0.16906909182771251,0.03943918150814703,1.54953952352908,3.350807121939885,6.833017075462086,1.0824733065448986,7.427055702917772,9.0,1.092805276780075,0.02979916635089049,1.5099605552937359
2424_left.jpg,0.09979848716472434,0.023923444976076555,1.4186434756970645,3.1824177815570827,7.187605345426789,1.076142039830308,3.3750918223510493,14.0,1.0847389385396031,0.017674561734400126,1.391541460200633
2425_left.jpg,0.09666881755121794,0.028396717212453623,1.4237603792314832,2.475092625574236,5.569977991901276,1.1049675690538066,3.8312631069527345,26.0,1.117909473624225,0.01697350379093402,1.3442726291447913
2426_left.jpg,0.12956146007342,0.032216462129789944,1.4794252649696158,3.0463964724223556,6.21309467237618,1.077626084838251,4.772809204413325,23.0,1.078993954565372,0.022772392852972088,1.4297180870793798
2427_left.jpg,0.10608365211151594,0.028753202520579512,1.439350997354293,2.77219847858408,6.317948957594736,1.0783716973282593,3.9920966592720233,16.0,1.0856124251404107,0.019212596833610422,1.3865935401857246
2429_left.jpg,0.0805523590333717,0.024352451900753032,1.384869945767908,2.451651550812083,5.136649364752451,1.0869115814337846,2.8768699654775602,21.0,1.1037121809317019,0.01364242020471201,1.2983487574547379
2430_left.jpg,0.1299232891664898,0.030952164377469855,1.4821322887894102,3.2300455105827863,8.016226434329361,1.0943941086646514,4.497538987093579,29.0,1.1140638679538764,0.02134562323762166,1.4292281690155064
2431_left.jpg,0.11791814047498737,0.03183425972713492,1.4694780554342475,2.7686937221368835,6.342542982170882,1.0832292452280674,5.204648812531581,25.0,1.0909929680021129,0.020965133906013136,1.4041836029399113
2432_left.jpg,0.14028370072276614,0.03415620557791259,1.50638971379707,3.1581605695575163,6.852321418040678,1.1048651914334142,4.955252567721785,31.0,1.1152590591071947,0.023169559733317316,1.4606174519340058
2433_left.jpg,0.04001511693245615,0.009239230428793778,1.2358854787427427,3.117120332229606,5.447326886512492,1.069750391747467,0.4475407635045425,19.0,1.0723032809706459,0.007110925464572176,1.2317211464630609
2434_left.jpg,0.11799447287718572,0.0350067952286885,1.4767095081036588,2.425041059644927,5.6057927707473665,1.0915182364028835,5.254303223818161,28.0,1.1157173227757602,0.020663557870592573,1.3979181829303229
2435_left.jpg,0.1515293903659017,0.038818322369418255,1.529402744674615,2.952394236754977,6.343572286665456,1.0841489847207513,6.7703438728387955,18.0,1.0957567891453153,0.026697385838865814,1.4769395504497311
2436_left.jpg,0.14157737397128328,0.0348253988850682,1.5092097786340222,3.13938778340648,7.159250230833376,1.0866463297637026,6.3881499817837915,20.0,1.0972631928008882,0.02461434039856067,1.464142845923586
2437_left.jpg,0.0420070690822892,0.00866703352522858,1.2712954554069056,3.7222521588735713,7.942028639054389,1.0821670658722486,1.3757196071791398,21.0,1.0768901471097667,0.006217194378598036,1.2767568605194342
2438_left.jpg,0.09557708178687187,0.0259805526227218,1.4372146967900343,2.772935210689669,7.102278591848712,1.0799558880510185,3.0429751075415066,36.0,1.0975936267714532,0.014232824480273683,1.3928368269255655
2439_left.jpg,0.1379253493472689,0.03609630343876618,1.5085113628679416,2.9009910764337588,6.378019241113421,1.0829800898906088,6.045194070713783,28.0,1.0926141463122456,0.02580948146223752,1.4596484740887155
2440_left.jpg,0.10578135044976184,0.026190970341535516,1.4337221834922267,3.0287838332907517,6.030532801788487,1.0862479786935286,3.3409432596469735,15.0,1.0905593368951114,0.020030473452156174,1.3971694239153358
2441_left.jpg,0.11558030143035423,0.030890800968053234,1.4602274384456706,2.8084084922463806,6.406156881391677,1.0971254508527222,4.496698210920409,23.0,1.1274712985855224,0.01972989495915078,1.4297400920475118
2442_left.jpg,0.13587071545911733,0.029972889350251455,1.489606894028971,3.5201002631067824,7.781919781466257,1.0761991871981678,5.291111939772029,13.0,1.0814303915868038,0.02183465527145924,1.4487119904327297
2443_left.jpg,0.11641497045305318,0.03172382443557756,1.4697300158166766,2.7414440711804064,6.337424104740685,1.0772290662599284,5.05076013940098,21.0,1.0896504143592247,0.019147431688469115,1.4173081244280379
2444_left.jpg,0.06868317500695575,0.017558329027385827,1.401036699883215,2.984411479791301,6.8809654217439356,1.09847341520137,2.633252514010891,23.0,1.1017471630588245,0.012053340752812116,1.3907553122747045
2445_left.jpg,0.0388771606083551,0.01183414149822237,1.286498576248763,2.3417150876049355,5.154919323386935,1.0872754122559065,1.1533273494030278,9.0,1.0952523192719903,0.006744457760639444,1.2322799516057483
2446_left.jpg,0.12032346211543415,0.029482329290898713,1.4738577752900917,3.1267272015831824,6.260431721889762,1.081167620812173,4.444826070925282,23.0,1.0859236618115249,0.022264537864362093,1.4379490873332412
2447_left.jpg,0.141225020837145,0.03549429773739099,1.5029748046011175,3.119287697913361,7.5306328803610025,1.0815020069473176,7.064300380150841,32.0,1.0903383404909706,0.022870037201927183,1.4481831666393863
2448_left.jpg,0.07478328049123088,0.019479672512742303,1.3574953281045767,2.905992909120705,6.780701160578959,1.0908747433674788,2.4581610948348516,23.0,1.0926742094970354,0.01187943973993659,1.3032709943155873
2449_left.jpg,0.051732962011775935,0.011969587288999137,1.2993921818931347,3.2433982986971506,6.794992662188665,1.0742334599703076,0.9221561855931539,22.0,1.091673772410336,0.007921321634245191,1.3238687699754006
2451_left.jpg,0.004456305290016348,0.0014260176928052315,1.1329981559650644,2.1816819583105898,4.337327967424626,1.094664750119994,0.3565044232013079,6.0,,0.0007231946870655102,1.0392923530246367
2452_left.jpg,0.12756819031641925,0.03311740154217744,1.4844988626616047,2.937172891757581,6.603747396516294,1.081475358333072,6.164667360612828,19.0,1.0962807780143207,0.02213216642580671,1.436921134336406
2454_left.jpg,0.12040058680877819,0.03284332804407054,1.4789260898551106,2.6794335268990066,6.000397454438628,1.0836681718650947,5.438958913405786,24.0,1.0948578719314814,0.01970998872289253,1.4057983771057867
2456_left.jpg,0.03207641030743209,0.00455676052134116,1.2402865321629126,5.460057234459032,8.53478485015062,1.0963684243767746,0.39797035120883495,5.0,1.1038849900895165,0.003944881106357576,1.2942225890241812
2457_left.jpg,0.13423699617549653,0.026689497482799987,1.4671904779970542,3.976744412692083,8.14497060614615,1.0913397243964342,4.050077412872069,9.0,1.0993779278747615,0.022495873022383085,1.4521840378972355
2458_left.jpg,0.1696371737746658,0.03926323340709082,1.5503082106643558,3.413786559956625,8.529032305064323,1.0887080170796608,8.032493710405868,11.0,1.1061052086510548,0.02836127024542047,1.4997100688938585
2459_left.jpg,0.14377104546575598,0.03353684623786347,1.5114624329226602,3.321214394848817,6.9958752317289585,1.07949261854058,6.392284965043764,15.0,1.0953658133946738,0.025337608278764023,1.4813409626563183
2460_left.jpg,0.09959815300137277,0.023616622987645077,1.4281591450947257,3.234965129282079,7.065152132586545,1.0909608257153667,3.045051790839885,14.0,1.0932762385205304,0.016837638836890052,1.383150274566467
2461_left.jpg,0.0005306447333510214,0.0002452980371150948,0.5281822577679064,1.274609063728892,2.7071067811865475,,0.1501824717031193,2.0,,0.0,
2462_left.jpg,0.12413433354861146,0.02306622286253664,1.4576358842562636,4.230975956743413,7.770414490460971,1.0790125144800875,3.0801331412390085,15.0,1.0923449403994296,0.020313974862139202,1.4452589230373534
2463_left.jpg,0.13281080453620944,0.03368342426276503,1.4924785061181711,3.05887820399766,7.449935096046589,1.0928435203168503,5.7030670387959965,33.0,1.0908081598040347,0.021934096770449028,1.437751212659913
2465_left.jpg,0.10642652877345556,0.02839640380773299,1.4482081503233635,2.8235862835557497,5.994268511058754,1.0993031508793403,3.7215497316566775,17.0,1.109279585524249,0.017662670897481098,1.4171818321837204
2466_left.jpg,0.07320208068711062,0.019335067239258857,1.3737843376523602,2.797844081747859,6.285499018362992,1.088556715997599,2.5202121010504244,20.0,1.0918159924701412,0.012278473356317668,1.359018267167591
2467_left.jpg,0.11018383695982135,0.030979074589543982,1.4565473919176406,2.591762562540765,5.717814319057421,1.0860404977236264,5.042267579763013,24.0,1.0833979903627973,0.019289246078093406,1.4294316978385493
2469_left.jpg,0.10570030947389437,0.025396825396825397,1.4311966836041912,3.1576895950908184,6.671018284552543,1.085703876866927,3.5938903863432166,27.0,1.0986059625372682,0.017140860537086952,1.389144701463331
2470_left.jpg,0.07650453092349048,0.022462608036466828,1.3687007079108737,2.543518889132996,5.794069563088846,1.0764046633234803,3.9399334699841906,40.0,1.0790275660415376,0.013714958281590537,1.350212293916889
2471_left.jpg,0.12867808519982432,0.033417175709665826,1.489509262858051,2.9088570563810827,6.252431367793122,1.0921994975451395,5.589491755499661,22.0,1.1040368929102928,0.02251766678644149,1.4444798716054343
2472_left.jpg,0.1120805063981773,0.03251375368154102,1.4648305065879506,2.5260126282659634,5.551041930861596,1.0993838669895424,5.0518573153419855,39.0,1.1071850511923023,0.019778021389563874,1.3925489351297227
2473_left.jpg,0.16573097583037297,0.038601668578474226,1.5439590691028908,3.4223640219448286,8.34164026939786,1.0945260802969503,9.045292152830065,36.0,1.1060245362110375,0.026691191704608045,1.4925649567497103
2474_left.jpg,0.13024717931262325,0.03648122378287465,1.5044944991784706,2.6549058755692254,6.146893647500672,1.0933579767652952,5.706448286563817,26.0,1.1052410482245132,0.023476528477179213,1.4382578262587016
2475_left.jpg,0.157116855474772,0.03963975612424535,1.5447764086426492,3.069719837254353,6.806302985802675,1.0824843593619424,7.011925245914683,21.0,1.09168121711605,0.028714082531852043,1.4948583058189235
2476_left.jpg,0.020845055084668856,0.005322431348349275,1.2408743187884423,2.7869786872028994,5.598369754250305,1.0913134166766065,0.45374521298800297,10.0,1.079963131868492,0.0034439261665789424,1.2463969324601845
2479_left.jpg,0.136225471143401,0.02601130146201453,1.4741635709330605,4.210073674574128,7.6894994454481775,1.0789789158121297,3.4881055600402626,16.0,1.0797732935797586,0.02288695548180704,1.4704869417257374
2480_left.jpg,0.04841518634622083,0.014285786399729428,1.3031238510817325,2.484199058704195,6.040265054428839,1.0868406000525708,1.7163135603915214,20.0,1.0969126567402459,0.0079758100747606,1.2966854055199908
2481_left.jpg,0.013956212635320731,0.004418120859589594,1.1122345063752093,2.367740011357164,7.1251832373305115,1.0715609152966405,0.40394247859104865,16.0,1.105609070862878,0.0022317821942155437,1.1360628698154642
2482_left.jpg,0.15834457258027854,0.039925846226896405,1.540738638627573,3.0325652826783487,6.4539370205497795,1.08594347076045,7.475993473659751,22.0,1.0945066735942126,0.02976758752721413,1.5017359074511314
2484_left.jpg,0.09082086249899429,0.022065331080537452,1.3997091713796759,3.121512870948336,7.312321112699715,1.1055896854147316,2.966851717756859,21.0,1.1054974594648777,0.014874487086652184,1.3834499132306444
2485_left.jpg,0.10134614512985542,0.025825036385703565,1.419962102010751,2.940420019436563,6.644458560176158,1.0732812014849118,4.3310318431562145,18.0,1.0786492691126455,0.017228441785392335,1.3862695974627246
2487_left.jpg,0.02456814201560261,0.007403279732526667,1.165857010891867,2.3345171499666293,5.873985735266022,1.080270054413438,0.7462983601337366,24.0,1.0840096900195029,0.0037265164782677917,1.2367275523348629
2488_left.jpg,0.06917429277288702,0.017000293279913307,1.3514322352162496,3.011814738753353,6.3081457108918775,1.0979893281638917,1.739796095897561,13.0,1.1215663740575923,0.012501677660521043,1.3162038749209415
2489_left.jpg,0.1394756155184027,0.0363982748393972,1.5096966348093495,2.8896035734268923,6.78741390187477,1.1127687488742852,6.635233087695664,29.0,1.1211801207414147,0.02207723009178739,1.4385528808729438
2490_left.jpg,0.1076191008779734,0.029338647605781306,1.4365868619354725,2.7081417020881005,6.179246190143607,1.0800975616395307,5.083806550993121,16.0,1.0949004910530038,0.0181085189346375,1.3711838427482743
2492_left.jpg,0.07827971051976634,0.019881026161556518,1.3989120333416114,2.9349073305339917,6.309638576368663,1.0991090311342089,3.4647836462211896,21.0,1.1100486582803755,0.013507776243296132,1.3844007742693742
2493_left.jpg,0.13691511303433493,0.034324827112063735,1.5008902796814514,3.057929181642823,6.799786718897151,1.0903101169790064,6.066243377684312,29.0,1.1060536461524262,0.024472236826141466,1.4612835799920332
2497_left.jpg,0.10960945389045058,0.026211075025244945,1.4189410280139705,3.165125363247917,5.614518185675631,1.0834156237601884,4.202942059441609,37.0,1.0689195630968695,0.020856417674190116,1.4044669238778122
2498_left.jpg,0.1381941947700199,0.03675846695908535,1.5220359163971346,2.8176840636166243,6.659738466968626,1.0868911276521218,6.088061168236619,22.0,1.0945337648414184,0.022262170130150284,1.4474016343451537
2499_left.jpg,0.052091594724160056,0.014013002692476725,1.3081117820407027,2.834970562370532,7.197678570650697,1.0962565661602213,1.5154653236276199,21.0,1.1002986083227375,0.008466399607999636,1.2756419968400692
2500_left.jpg,0.0882242541627254,0.024168080516893634,1.4018817015991032,2.7154123779583705,5.962921907385197,1.0928704501807602,3.5033456951388575,28.0,1.1100450218971285,0.014764099715228043,1.3403431108994837
2501_left.jpg,0.05495167987235509,0.016395300346309358,1.3096212577634463,2.458071832484647,6.5539539272070835,1.0838722893302817,1.6318241981397203,33.0,1.091704493494363,0.008499084365311044,1.3202805408132485
2502_left.jpg,0.08288452261956268,0.02251761675294773,1.3810380871067185,2.7957911716458765,6.771773014836767,1.0756527749231628,3.7297289233018542,26.0,1.0778695191130252,0.01431221312168365,1.3628452658028154
2503_left.jpg,0.07372242807052445,0.0175515380598314,1.366709440721624,3.1467925612126595,6.379358578350248,1.0792617403373073,2.039141571133713,20.0,1.0835669532268979,0.013488175465645439,1.3514958214738118
2504_left.jpg,0.1014554794520548,0.028495165189363417,1.432435195569835,2.581826618684663,5.867928340719984,1.1001335301010045,3.676470588235294,30.0,1.115025544856396,0.01755640612409347,1.3697844918731752
2505_left.jpg,0.1144456730614392,0.03093967729122159,1.4546094939819025,2.8195599594894327,6.192947909665877,1.0714581796044447,4.777292295140044,23.0,1.075543307958282,0.02134215074772676,1.4061462362502337
2506_left.jpg,0.12132806840327731,0.03250278041364393,1.4684438736586214,2.8082334309020274,5.483116730018546,1.0845896124300867,5.356760231412042,22.0,1.104472619590331,0.022508596324752314,1.4121648478554432
2507_left.jpg,0.16416689935777254,0.0346094778411584,1.532117700753136,3.7614351335531815,7.889898755811329,1.089451538353308,6.432246998284734,23.0,1.1015342626514717,0.028087478559176673,1.5034547089771078
2508_left.jpg,0.07650357518783348,0.020303255780189468,1.3784132471323873,2.800600250255847,6.485769180002481,1.0788761586878766,2.495372218794236,36.0,1.0917168031961542,0.01234074988203695,1.3565766973652977
2510_left.jpg,0.03178488615986023,0.00831155181236084,1.2425787104084745,2.8758081071730057,6.442489458437112,1.0821150336189214,1.3368552554546,19.0,1.0706923060040838,0.0052967127190252945,1.2636861232477385
2511_left.jpg,0.10197826307395902,0.026696411286977202,1.449818218575905,2.883961238584191,7.403469619395415,1.099207459601142,5.945851270752865,44.0,1.1266824804849145,0.015556006231620867,1.3949521209719749
2512_left.jpg,0.0007298186586180451,0.0002968753865564929,0.5362563958956749,1.6143025743009372,3.4721359549995796,,0.0,1.0,,0.0,
2513_left.jpg,0.10938196534918783,0.028990878992632068,1.4486778889453424,2.832017870545572,5.940187968224147,1.1081148880029257,5.4094936613757145,24.0,1.0869665780841509,0.02140757028585167,1.4081727107397657
2514_left.jpg,0.0256489422000212,0.007253222246286986,1.2021141748460893,2.660194320528617,6.801527045111612,1.0813241198964325,1.4285253471086186,18.0,1.0888503281540232,0.0038017206818213235,1.317656240186133
2515_left.jpg,0.11285572139303482,0.02602487562189055,1.4476395863545346,3.3036489550057118,7.2508620869271585,1.101352571731072,3.681592039800995,24.0,1.1221262305094313,0.01916915422885572,1.4280435231557358
2517_left.jpg,0.12037344624644875,0.029357079463927134,1.468127761377842,3.2343822472713204,7.6590127069724545,1.0847496224193465,5.0572911760185235,21.0,1.107780053720626,0.020397741076608047,1.4210943525351731
2518_left.jpg,0.1161212967459932,0.03005099562894609,1.455985869532127,2.9633184897332727,7.106254973200906,1.1090950484004949,4.654362959365388,31.0,1.1260728815522363,0.02009470616804274,1.4045279547077678
2519_left.jpg,0.12073986696491065,0.032397323635509304,1.484059692826602,2.730776010963742,6.06471915405284,1.081633749788331,4.747757051887601,22.0,1.0958791737732743,0.021061441849765303,1.4246571096009684
2520_left.jpg,0.09142778754407535,0.02260418042698479,1.395024090543384,3.091513852604555,6.56452073038359,1.0861811460423865,3.4548983345357733,19.0,1.0942439457618154,0.01643617075326945,1.3654865467568804
2521_left.jpg,0.07588604164283831,0.018354874161449295,1.3455542265056863,3.085718477722664,5.958684973199331,1.0741559763555155,2.287521569836542,18.0,1.074129392889217,0.013307408088875186,1.3269545633221032
2522_left.jpg,0.009055249120188768,0.003579747703415382,1.0012862661966864,1.834976964084269,4.2013851788465795,1.084135555367348,0.7562847260736723,13.0,1.0819253343183486,0.0015075275539735199,1.1662619506537448
2523_left.jpg,0.09885798184997921,0.028678235509298003,1.4351044017941146,2.540181392017658,5.984376244032361,1.0929664380638882,4.0589499847163,19.0,1.105356943284804,0.016481341357693715,1.3740510413147449
2524_left.jpg,0.10919159815874972,0.029245764467507793,1.4494806460487235,2.786639803354348,5.956115139529269,1.075490145256516,4.901242490235411,20.0,1.0783558405602016,0.019074423093441935,1.3929449996376766
2525_left.jpg,0.11012791308918872,0.030539595879483183,1.4769512560799005,2.6666628709215394,6.010147533880884,1.087313849445836,5.5794822609353245,33.0,1.1003881288158381,0.017379395571458872,1.3996581981213403
2526_left.jpg,0.04422992818037633,0.013747424663164384,1.2424876231382769,2.2541856302702508,5.390262139698403,1.0901779775641394,1.001153961671611,23.0,1.1077213057207798,0.007271539300562227,1.2051551464774646
2527_left.jpg,0.04896379992221554,0.012056590717384826,1.3424460504041817,3.0929438175036097,6.793054617749493,1.0761519485078284,1.7678285509361915,6.0,1.0765514273404935,0.008919957774152327,1.3128209942190474
2528_left.jpg,0.09243923342579961,0.025041964815481595,1.4057307664165595,2.7361624611378046,6.067922332212715,1.078982660643084,3.7020320606119004,24.0,1.0862431031633826,0.015168188894918073,1.3880863178631369
2529_left.jpg,0.11254834247170135,0.03184292104651985,1.4638795797281492,2.5977926321049716,6.147496921244445,1.07342766809457,4.594428119919622,27.0,1.0789292735499685,0.02007411670857189,1.3967914837882318
2530_left.jpg,0.12302946197697753,0.03184808761718399,1.4842361899455154,2.9041047966545004,6.212502622216249,1.0827030311770702,4.792188732366243,18.0,1.1004249783701836,0.021040703653045535,1.4241604711920242
2531_left.jpg,0.15654249763763864,0.03760879295767643,1.5344326891775697,3.225267240442837,7.1166441516248335,1.0813954439601279,7.211418908837718,19.0,1.095776341377103,0.024971402993982195,1.4818964511875832
2532_left.jpg,0.1314774857627958,0.033108132008064804,1.4918714263068023,2.9623805227466504,6.377568383701462,1.0856685761350444,5.204727711890529,21.0,1.0889701200855915,0.023345477697994412,1.4455978900496076
2533_left.jpg,0.009016088130092916,0.0023726547710770833,0.98550895011075,2.6760057953585723,5.7914380745128975,1.073884654019766,0.0,12.0,1.0766390692960446,0.0013776705122383064,1.065836262508449
2534_left.jpg,0.09047361586231639,0.029863114758240147,1.4142240838825766,2.183154856568662,4.785786903315962,1.1134850927193414,3.537086350383774,33.0,1.1277433312267513,0.018584862281016457,1.3264735747758654
2535_left.jpg,0.09789692502902189,0.024972327960908182,1.425572706480996,2.980453198493709,6.572232657509554,1.0822497505371138,3.77959558327259,15.0,1.0968943607404047,0.01685699630139575,1.4196467200298397
2537_left.jpg,0.1179193299537139,0.03195454656772708,1.480616937507016,2.7319952526561653,6.366046365211885,1.0948392504980504,5.387799084074156,17.0,1.099726999752893,0.02043935052531041,1.4183516842828967
2538_left.jpg,0.1191345045791804,0.029527121282574852,1.4643267081165705,3.109030801286796,7.292682781928856,1.0802481296977477,4.751026019448881,20.0,1.0917799903539536,0.019812789357701716,1.4293205135216633
2539_left.jpg,0.14781194960032515,0.03638239554782029,1.5068260792486312,3.176165342156244,7.438935091825922,1.0817424480072497,7.191020603837296,15.0,1.0828823866727162,0.026789157191541693,1.4635292780814246
2540_left.jpg,0.11242678246818824,0.025858412441930923,1.4457096751817862,3.3636984230437057,6.907591732236587,1.081756740759468,3.686124015350434,20.0,1.0772315812609488,0.019122399515249446,1.4380624073508925
2541_left.jpg,0.06615776081424936,0.021452406737279554,1.3745895305294842,2.2314464057077843,5.57405060146427,1.0703745697962408,2.905517842520933,40.0,1.0765844929720136,0.009900772163378148,1.2865926220528332
2542_left.jpg,0.03743116648922351,0.009057241973032036,1.2376515940332864,3.0065422935611177,6.596129449845412,1.0797748861895038,0.6622280407728711,25.0,1.084797974024403,0.005353859006556058,1.2391886430618513
2543_left.jpg,0.11587997047523516,0.03170600147623824,1.4828616690039325,2.740907368342343,6.596344065305071,1.0806146641623153,5.062740125290989,37.0,1.0881442252231062,0.018419857296969926,1.40123837327049
2544_left.jpg,0.0887221023902804,0.027191090372848527,1.4382112276004977,2.390930901482511,5.427244629913529,1.0818276550783772,3.653651450455606,37.0,1.1026963045538936,0.015266100277325351,1.3630599973467394
2545_left.jpg,0.17458355347761506,0.03871382572547925,1.5575930639707962,3.5662092931761364,7.77333137715722,1.0716031250696882,7.875350154017924,23.0,1.076838194665866,0.028979294807253298,1.516143585722415
2547_left.jpg,0.05333552023379954,0.010934502331037087,1.346023377758545,3.5845175190268375,5.873944596502967,1.0965003063377083,0.4970228332289585,16.0,1.103743636007501,0.009279416296384655,1.366488351810472
2548_left.jpg,0.09457573620083325,0.024647440614232286,1.403713690889314,2.8919351882238162,6.491463659766196,1.080675004293051,3.958205410562319,15.0,1.0811452505524346,0.01667013432525284,1.3617572454722195
2549_left.jpg,0.1066069100720515,0.02695109997271542,1.4574994334983156,2.9596301824190516,6.269334900883297,1.0858326108549905,3.7895247430702224,14.0,1.0940852867184,0.019857109653687966,1.419146997423691
2551_left.jpg,0.0709197643754231,0.0209404775136151,1.3565829642271554,2.409078469349006,5.703845443965011,1.1062905656097377,2.222873366945873,34.0,1.1215778448979916,0.01179133281466288,1.2749198736529528
2552_left.jpg,0.00801545361694569,0.003004869961662004,0.8470163952660599,2.2187981003331547,8.383137168997814,1.0697758616782698,0.3700578770519709,12.0,,0.0008511331172195331,1.1352373490145717
2553_left.jpg,0.10905094983333252,0.030401519341749103,1.4536286125753313,2.670452860167904,6.271074676232232,1.0814549317427753,6.216378934796548,15.0,1.100237204432415,0.01970641070196134,1.409779523054401
2554_left.jpg,0.13335117881169317,0.03800581829935958,1.5063469878362208,2.6089684848930363,6.0076686116540134,1.0810807300336063,6.6668013495222125,22.0,1.0973332406523135,0.024732822885310816,1.4296847872878327
2555_left.jpg,0.08573594440934934,0.01993177511054959,1.4039764489458215,3.328713470162641,6.828520011384418,1.0791287000593706,2.6784586228679723,22.0,1.0835193565836765,0.014645609602021478,1.40889063724003
2556_left.jpg,0.03153529205827701,0.008229876390272802,1.2308131873385386,2.9374129897878993,7.144172829128054,1.0650900291287748,1.4003716370883041,12.0,1.068429897688174,0.005472221474160451,1.2952920080715304
2557_left.jpg,0.050998618879235194,0.017322780656473146,1.2841234306116762,2.0933199594248566,5.620162572852862,1.0860686101422445,1.4692774093700718,33.0,1.089604937318108,0.007062326747705478,1.1979411947664176
2558_left.jpg,0.08619861562367566,0.023072938738993267,1.4070703123904078,2.7674099008973125,7.153897334844807,1.1002641753224776,2.401469134058483,37.0,1.1331684282059171,0.014517116353533926,1.3684350599713415
2559_left.jpg,0.10767192580994821,0.027978765784378214,1.4569380906202385,2.9030558097735417,7.204951231719011,1.0847857938627146,5.651340108765136,27.0,1.1114613382111243,0.018075023856066852,1.4002224609131373
2560_left.jpg,0.15621230699932434,0.04065964315207327,1.547939069142574,2.8763409118231356,6.4413425065193834,1.101062524269103,8.358149195465579,20.0,1.0956013427423776,0.025810164910788018,1.4747465332528686
2561_left.jpg,0.1214627573068166,0.031313600669113886,1.490754607772311,2.8842675212006625,6.032980688935225,1.081436050209994,4.925421681148645,34.0,1.0905339090518833,0.019943311184424516,1.4273452623929157
2562_left.jpg,0.0997600222295198,0.0274433526157577,1.4322906572689356,2.672784530249712,6.257236248166108,1.0894866517395205,3.3849496046681993,27.0,1.1041031189298445,0.016687296334655315,1.3837669798125982
2563_left.jpg,0.0698055549952599,0.024199729713375154,1.3590589666937887,2.060307536046446,5.028613578363762,1.0850358626678247,2.6726102829941305,31.0,1.0949692344530986,0.012107428848054541,1.2593715793465234
2564_left.jpg,0.13005386068978061,0.033488616497741486,1.4865147249360005,2.8839287393509907,6.554269065460472,1.0920777693192671,5.7094352206469345,22.0,1.1058811611776125,0.022423427884275305,1.4290969799812505
2565_left.jpg,0.10649113073728089,0.026880188731113145,1.438080645004878,2.981209942816247,6.160070699658154,1.0891809723751593,4.24844931599966,19.0,1.1072130674405738,0.0205225092841113,1.4104107642402737
2567_left.jpg,0.1528912054223044,0.03746016353783138,1.5290811067410641,3.181728017506604,7.162605574886324,1.0991793844519406,6.212215336596009,21.0,1.10187923580556,0.025156946822426602,1.4733326132777638
2568_left.jpg,0.05842938358608834,0.01387345997054403,1.296979525678789,3.206352886501614,7.99538521424204,1.0831892750124523,1.8598478946019172,21.0,1.0875464056070474,0.00861059309041374,1.3419808042952788
2569_left.jpg,0.03965822185686172,0.010019181426400618,1.2951084294458461,2.863907155665748,6.175792224256533,1.0735867881862935,1.096081508606731,11.0,1.0758554123036952,0.006631293127070722,1.283454217416526
2570_left.jpg,0.08261473579756884,0.014750682212850409,1.372562805459719,4.433858311047436,7.9512904649720015,1.0909418645044817,1.885388241131233,26.0,1.0932218357540657,0.012145869511287521,1.3903826665313403
2572_left.jpg,0.10879173114071017,0.029481072443540965,1.454394934130386,2.7908904741189695,6.5180567807300624,1.0919001147998508,4.803948339856589,18.0,1.1020989799719658,0.017405463353459348,1.3767404067512756
2573_left.jpg,0.08221695555243126,0.023845628552491515,1.3955655838335106,2.466093063786091,6.309720204009042,1.0916937373022897,3.715680170318745,31.0,1.09398328830901,0.012547952358954789,1.3109987422932161
2574_left.jpg,0.1321475492673067,0.03181910055583628,1.4907070760712442,3.1872362895366195,6.6336665953081155,1.093813765554614,4.648812531581607,18.0,1.0980073299778035,0.023350176856998483,1.4488792888692614
2575_left.jpg,0.12696247439164543,0.03302853145455454,1.482424251851249,2.8948524170579093,6.573697386386772,1.0830600150299994,4.996752111127767,25.0,1.0909045154566608,0.021486034077849398,1.4250919085706615
2576_left.jpg,0.04388325680774651,0.01438832568077465,1.2636406567863663,2.229241447851176,5.3425332194879225,1.1026373694098832,1.0910578715279355,27.0,1.1080732521186296,0.007096422239396281,1.260852517637676
2577_left.jpg,0.0934361066364651,0.025460583102881428,1.4123289667685106,2.7866178395733927,6.118787672605259,1.0814485559509548,4.17837252390194,17.0,1.0845852888054415,0.01733474811560897,1.3767143145341019
2579_left.jpg,0.12424633828875778,0.03502376309713197,1.4904705629322297,2.593536735825988,5.846763438944783,1.0827487732683012,4.837398576707677,54.0,1.0932179487874185,0.021404241949720976,1.4191974902320361
2581_left.jpg,0.08226776316456595,0.02022977782735228,1.3614923879393024,3.133410469890413,8.203829286098284,1.085693122744878,4.0053946074206275,24.0,1.093967191285255,0.01262459819300932,1.3423148170512738
2583_left.jpg,0.12744161600234497,0.0346639982614936,1.4905573504789364,2.7585180533079416,7.068858253277405,1.0799559982186193,5.8118673277034025,26.0,1.0914426640026513,0.021473586326445006,1.4222499172035474
2584_left.jpg,0.03366401271625438,0.009977150480407601,1.212755641194741,2.3567295731185633,5.475447379505701,1.0897957966329028,0.18922997592048557,31.0,1.1279754184012,0.005378862065539802,1.2748282563957214
2585_left.jpg,0.06835968050376665,0.016978913854087303,1.3500304728559995,2.990140895165295,6.189180596787109,1.0914171548699996,1.917381059302578,12.0,1.0980120493948509,0.012801041440659579,1.3226507843339457
2586_left.jpg,0.06156964305821416,0.015232518860488684,1.3241124236637158,2.9732404138790858,6.528152432373885,1.0924941382323894,1.2160792703524377,31.0,1.1195814306615088,0.010507825695304583,1.289497065336571
2587_left.jpg,0.11418118950959356,0.02941615341473329,1.4544796342534105,2.989489577047483,6.684982890400263,1.0909704150245432,5.608467241920462,35.0,1.0972081848435975,0.019547309222069577,1.422468491139901
2588_left.jpg,0.04413209895830709,0.010578197523522504,1.2991307345046803,3.1194281315256305,7.12941766599487,1.0851230940520038,0.9071346137370419,19.0,1.0969090219680635,0.0067127961416541095,1.2819057380156784
2590_left.jpg,0.09413871217156577,0.026713329083074475,1.4400009573395416,2.583265133384161,7.041767057028376,1.085600043496134,3.391163983125568,31.0,1.0981169020112083,0.014776431862472475,1.3616148997645672
2591_left.jpg,0.13012952919748877,0.036096215875212403,1.4985182753247903,2.676513143585388,5.851606747310799,1.0835097700098484,5.850690381465013,13.0,1.0991041131445458,0.02213595986935154,1.4216007378554583
2592_left.jpg,0.11689348735584884,0.03015784368478293,1.4736663205237153,2.867778223827907,6.682112335969651,1.0978157063599736,4.6049988732449565,28.0,1.1127751135629373,0.018630649696755926,1.4087248210987724
2593_left.jpg,0.0008412463064029359,0.0002523738919208808,0.4884417900849162,2.1382540460098354,3.4721359549995796,,0.105155788300367,1.0,,0.0001472181036205138,0.5762753316465856
2594_left.jpg,0.14611590326862697,0.038118469971051124,1.5290282113923108,2.922477630557581,6.52392591797364,1.0875580563295213,7.641327827658667,25.0,1.100004813675028,0.025686617389898754,1.4692876162520419
2595_left.jpg,0.1703727355727735,0.03972819389633651,1.555346921360152,3.3495418804159414,7.55943114485602,1.0928175101626987,6.934847358521631,22.0,1.1028867230618433,0.028767143790817063,1.5091962482482844
2596_left.jpg,0.09380354371182649,0.026920518454312727,1.4091133909875588,2.5937843863430827,5.8158807880635175,1.0827483618371252,3.3764034751758754,22.0,1.0863453468933728,0.01612106674192183,1.3296387902500206
2597_left.jpg,0.1035703023720262,0.029536456325987177,1.443067876688768,2.577994664130068,5.754814302323946,1.084865125248419,4.404690995910645,19.0,1.0941085331970781,0.017889051840209825,1.370767079474205
2599_left.jpg,0.126499929886416,0.03248762996053607,1.4857018876484425,2.903214657001121,6.140381458055812,1.078817851748665,5.25851880045674,18.0,1.092893692497925,0.02321761253230233,1.4379018794482974
2600_left.jpg,0.04828613409013143,0.012851478372884084,1.2592674497263785,2.7906992270890987,6.456746307116066,1.0834265477499636,1.3586136102892337,24.0,1.0877458419034194,0.008096330736871767,1.2793939274344346
2601_left.jpg,0.06412991334347218,0.018107029487716003,1.3535005327413223,2.619219211092355,6.667698796307446,1.1048871846611525,2.3475855592867423,22.0,1.1205067274204226,0.011288824472048422,1.336455262051683
2602_left.jpg,0.1315410465674508,0.033125300048007685,1.4932636024760773,2.9881435804919025,6.133442739036767,1.0836091795009166,6.114662556535362,12.0,1.0925880763307212,0.024115016297344416,1.4545162886971321
2603_left.jpg,0.003981015939162427,0.0013890776222614787,0.9270407840468903,2.1507742090595356,5.214130666632087,1.085072143107228,0.10065779871459991,5.0,1.1097994026512297,0.0006794401413235494,0.8785611285216646
2604_left.jpg,0.1219922918473004,0.03275213126913882,1.4776615538756253,2.782994932375453,6.000979593320131,1.0844682701656143,5.212274907406943,16.0,1.0925253108599544,0.021425456951119887,1.419120122760451
2605_left.jpg,0.07606825415221674,0.016430564594495805,1.3706481304184936,3.5611482820274976,7.636072169842526,1.074645176660067,2.228779787641862,19.0,1.0869426532126925,0.011821447993652435,1.3598360669933895
2608_left.jpg,0.14224798220016774,0.03485130811690432,1.5074709681768785,3.1360717474634074,6.768256655232649,1.0815976171131816,5.926580714504553,17.0,1.0928170924642795,0.024680692907690992,1.4499212005632387
2609_left.jpg,0.057869537289703024,0.013165627235081613,1.293834725896397,3.4820449637056075,7.535403609890904,1.0819403475996332,1.5033415181927101,33.0,1.0966184987619552,0.00903371585023074,1.2924504409426893
2610_left.jpg,0.09595732205306473,0.022019558980587606,1.3845124304721135,3.3167257965105903,6.907467366666032,1.0831911568223125,3.0364584424015244,34.0,1.088081703110184,0.015501643875777437,1.3814502199305705
2612_left.jpg,0.1046879101795198,0.028755477474202863,1.4496662183348483,2.6875012860091725,5.724929287501699,1.0874826765961816,4.745461521374771,23.0,1.0988647437369796,0.019198925708285373,1.3937966250284657
2613_left.jpg,0.07687387673115552,0.01943122951686225,1.351645664571365,2.988533164530262,6.762366535285319,1.0907584360893219,2.9601437784120943,29.0,1.1030557944889599,0.012062585897029285,1.29585898810589
2614_left.jpg,0.12777850583171202,0.02713232996300366,1.4688900007655015,3.6803130375730997,8.73601531662656,1.1003415555789344,5.040373390860795,17.0,1.0967939597233551,0.01906773253762639,1.4315629619436023
2615_left.jpg,0.10654417888600055,0.024097115311813844,1.4286783415261,3.4321166504344744,7.226101292555251,1.0916546406859526,3.836155768114479,16.0,1.0958337496437929,0.01919087398733059,1.400555596177956
2616_left.jpg,0.06459858430637062,0.013869562586968358,1.337424285605873,3.6481904988167306,9.339704950494891,1.0810617450423572,4.335813822171134,13.0,1.0806532525414605,0.009932038639159457,1.3681920330690325
2617_left.jpg,0.12356451050629266,0.03350696461862587,1.4800439451299279,2.781910321186882,6.031992931485654,1.0805495838757238,6.264872757402907,31.0,1.0883938058050189,0.023407383455683602,1.4347209305614301
2618_left.jpg,0.12658694674729593,0.031569694305936556,1.4805795415394203,3.083852135306617,6.94180915665594,1.0868193256566476,4.496243868184275,24.0,1.0915830090073844,0.021521347054455072,1.4440034171223592
2619_left.jpg,0.045291405745521165,0.011513067331421163,1.2620783774966384,2.97249939958424,7.173947865168795,1.0772161606186665,1.201363547626556,14.0,1.0822996370081446,0.007974050547371266,1.288521055399467
2621_left.jpg,0.09165745856353591,0.026670015067805124,1.414477999809642,2.5017133792807043,6.131614476274789,1.0955505404444155,3.616273229532898,41.0,1.113429538543147,0.01515318935208438,1.3285641521343086
2622_left.jpg,0.11112963271656387,0.030520238221521768,1.4594862821223469,2.7001240231632693,5.662568460413345,1.0776506474391405,4.596725716912415,23.0,1.0889694734011581,0.019654790950006818,1.3973943949915804
2623_left.jpg,0.14075353360905332,0.03607588864144788,1.5083007257566274,2.9116234222865134,6.0717672981157085,1.0828798881577457,5.908285233831751,16.0,1.087506425506679,0.025173334949274595,1.457799027976518
2624_left.jpg,0.12718870735587484,0.031160829271988082,1.4784838261002897,3.127198968216224,6.841503649809567,1.0855433209979444,5.454407716976844,15.0,1.0851505148226108,0.022110552763819097,1.4344950715346931
2625_left.jpg,0.05890015060853991,0.014920647842860566,1.3417758150247678,2.9045244008120203,6.311569033652698,1.076012945963763,1.3116059031311198,31.0,1.0759452262518536,0.009448085281520377,1.3423448392647648
2626_left.jpg,0.12653881499883862,0.02932711243069652,1.472144731958905,3.263006589777651,6.846207137413906,1.0814806838305462,4.393007543854334,19.0,1.0850169375188232,0.02135910564425728,1.4412161112359505
2627_left.jpg,0.15428759061402844,0.038842161097219066,1.5374853601244802,2.9873505443625836,6.609527073076523,1.085169168117673,6.61766563107777,15.0,1.0982364583062314,0.026763658407213762,1.4779652374771095
2628_left.jpg,0.0876877907923638,0.027018104506979015,1.4369988704407037,2.35534173801956,5.527516943541159,1.0754860363925778,3.829545604606019,34.0,1.0829840087643432,0.014913218975178381,1.3742942562356482
2630_left.jpg,0.10532093187364625,0.0265066499397242,1.439723678454778,3.0398040481121273,6.431547913456929,1.082046594763815,3.4793347119992943,20.0,1.083031094646051,0.017754407974047103,1.4004157915962958
2631_left.jpg,0.05281544796480313,0.013455555891147422,1.2960944324480723,2.9248647898042606,6.492379291646401,1.0958838096678767,1.5101633996798454,26.0,1.0799794726052254,0.00907608203207587,1.2786882353987048
2632_left.jpg,0.10635881722377495,0.028453394289741994,1.4535897884825737,2.735518343278799,6.426333377595354,1.0760874897810337,4.209516444035458,20.0,1.0822019888032668,0.019691726342272845,1.3992566448538042
2633_left.jpg,0.07543683307443169,0.020793355873006205,1.3761110868521096,2.7835183278594267,6.963884508293396,1.0900166395159827,3.6550820870518717,19.0,1.1063016423956298,0.012432355598875048,1.3435081571862029
2634_left.jpg,0.01777244698376043,0.005026651205152069,1.0607253401901704,2.7348546318038283,6.43250568607743,1.0877014210778266,0.6469947095740286,11.0,1.1124208480236915,0.0030757133116673056,1.187239978347964
2635_left.jpg,0.014581966799535799,0.0035723295827236492,1.2498884624210203,3.01492991816793,6.308466477882834,1.1150438613664937,0.45410969271910795,6.0,1.087089866993997,0.0023865987184015338,1.3333034633010228
2636_left.jpg,0.051018637785547175,0.011960779159328094,1.2353559523599964,3.26164769620042,6.238591621022772,1.0881613002843582,1.3143713361899003,41.0,1.1013075672438217,0.008611760994716227,1.2662061770564184
2637_left.jpg,0.12869625863576406,0.03254678600488202,1.4847946899590416,2.9962384332660816,7.108859694213312,1.0868587668061365,4.952771783351611,12.0,1.0945680957920674,0.02107960317179548,1.4323437770887748
2638_left.jpg,0.15193629929221436,0.03370576339737108,1.5178020540717585,3.517341963353221,8.253316444314542,1.0841223466532495,5.763397371081901,15.0,1.095226270012433,0.024186046511627906,1.4760631877118864
2639_left.jpg,0.0876997614473601,0.020261141252718023,1.357910121283795,3.3904616431768937,8.07175308385982,1.1075086869106197,4.802719077877937,81.0,1.13435044668101,0.012386793050307163,1.302430734113768
2640_left.jpg,0.10148973441230962,0.029193948174810313,1.4518070531312004,2.6258222357470817,5.762968852207948,1.0771447358412158,5.654024201242875,26.0,1.0698317631474326,0.01835033747456951,1.4166275854387542
2641_left.jpg,0.06472223189025512,0.019003485463974422,1.3502993959730434,2.4211643689476325,5.385199367827128,1.0824139507989792,1.8894098577473262,21.0,1.0876409826251492,0.009829903391490695,1.298547324074288
2642_left.jpg,0.09109867193502359,0.016393769768810927,1.3826627879905038,4.328648176986769,8.459754605385832,1.0838725671908118,2.8437153889903315,32.0,1.0925558100279495,0.012527314634657408,1.381351523063738
2643_left.jpg,0.14697093991597684,0.033703731324732145,1.516122214540289,3.3664870036678822,6.912036102852422,1.0792594679704268,5.717552887364208,17.0,1.08592332369934,0.026459840405697665,1.4838317024107515
2644_left.jpg,0.09439153755062643,0.02287269506721995,1.407008237926206,3.0952446833085583,6.17581553863879,1.0802296510280294,2.7863191728612513,15.0,1.090847518698574,0.01707615607367824,1.3876006518902908
2645_left.jpg,0.08162236549600003,0.024932325824062265,1.3769581716847443,2.3774139868588295,5.289070049663912,1.0835176675373535,2.7724988279891316,27.0,1.0944028843360414,0.013968353186105243,1.2861529785302215
2646_left.jpg,0.05670365209962676,0.01356189042684105,1.275768349897151,3.188680205743143,7.745600806108591,1.097298371271542,1.728924913808008,42.0,1.1033854616088556,0.008288669439726627,1.2836503746252457
2647_left.jpg,0.11740343649871483,0.03373120664765325,1.4988377478354158,2.641331580340375,5.923601893398635,1.0781609745167373,4.929403894229076,29.0,1.087883403758295,0.02102478785958241,1.4291181236233292
2649_left.jpg,0.10114630117055082,0.026593782995943234,1.4233493855697426,2.8927479700121927,6.4239948136044065,1.087048917094392,3.9405681490949322,24.0,1.1003151866928635,0.018556034373879086,1.397317738534343
2650_left.jpg,0.09401098655709883,0.01963586560076221,1.394451088400977,3.729286889518426,8.317373093237926,1.0888591058967507,2.431532510582129,22.0,1.1067032637334708,0.015338504061651754,1.3717977288830057
2651_left.jpg,0.14507315706250876,0.03345609575468866,1.511799050327301,3.332817783226719,7.97933994409921,1.0869735334301776,6.0046836532495345,28.0,1.097870150138287,0.023963691679510016,1.4748385373750823
2653_left.jpg,0.09201908304358374,0.02136734858898682,1.4329085982287557,3.3307073491776626,6.870617210077361,1.0878308319112977,3.9924799870623433,23.0,1.076445055516251,0.016060887846688767,1.4218326970693858
2654_left.jpg,0.05389236508182231,0.016169707017692797,1.2961785639099284,2.411894138345991,5.750133560873285,1.0855624937248365,1.7977438314914782,22.0,1.094128926953711,0.008449396008009948,1.262928663086588
2655_left.jpg,0.023423728987763955,0.006798945469682253,1.145202232920837,2.4635909825524833,5.1935378159873435,1.075946847670568,0.6680747627049833,10.0,1.0868439177686178,0.004558325496302463,1.1769433793902278
2657_left.jpg,0.12382573830523501,0.03133043535201406,1.4720450025336294,2.9908682044736654,6.6726353984169045,1.0975459234447862,6.74964362889049,28.0,1.1116692445691183,0.02181545265427217,1.4159192179827358
2658_left.jpg,0.14042136892491527,0.03498929357564625,1.5055681470286901,3.045242961975428,6.582437297218094,1.08468178551901,5.939694629817267,15.0,1.0893298661556876,0.024023319540597065,1.4560853467754944
2659_left.jpg,0.0921350239027167,0.025887473364464796,1.412160900587401,2.6137004133369905,6.098031093189022,1.0910094910616355,3.727715565227466,32.0,1.110062247003526,0.015696705001687548,1.347330593276321
2660_left.jpg,0.06979660618411256,0.01840439706862092,1.3543632882010752,2.789283204299202,6.7435976338476395,1.0756950366512175,2.498334443704197,27.0,1.0806118391849553,0.011110240232002194,1.311439211494274
2662_left.jpg,0.08481156334123509,0.02381071959500181,1.4090187879617535,2.6298070514837844,6.700907574606476,1.091803296780998,3.766724255695287,26.0,1.1056209074759764,0.013273936277070192,1.3515715043231953
2663_left.jpg,0.13223579126144888,0.03436179461776421,1.4973139860235527,2.8734839972477286,5.920561098270438,1.081892321746409,5.105238682545139,27.0,1.088864718582063,0.024687114579752926,1.4466638847262012
2665_left.jpg,0.0470638024633705,0.012657365789115249,1.3144898091140755,2.752756297709315,7.982624993762014,1.0852822287397088,2.5781721246084097,20.0,1.1065441034142005,0.0063286828945576246,1.3407463565186872
2666_left.jpg,0.07702775579736806,0.015629331330736004,1.338562047998449,3.692910003547513,7.899641570262485,1.0904404610241136,1.2600234868377946,16.0,1.0976931099421792,0.012806878720219345,1.3131599221445793
2667_left.jpg,0.03491646802047816,0.009907164338231597,1.2112974404461483,2.455932023783626,5.235399903563418,1.124184819812618,0.5531919173631856,26.0,1.1441584112406435,0.005904066463494362,1.1927417455819942
2668_left.jpg,0.05697599814087894,0.014559746997873125,1.3509226233751854,2.901975899383795,6.374418522276542,1.084033123811032,1.6166270087853574,11.0,1.0901717598239231,0.010316101099811561,1.3627572674235504
2669_left.jpg,0.15593215200618454,0.0387948239883181,1.5344145312710573,3.097352861952713,6.826030248292847,1.086991232175109,7.32645152162819,15.0,1.095076303859582,0.02723418875970755,1.4783089116954748
2670_left.jpg,0.10469064605135599,0.02271992840985359,1.437937790329419,3.613849776542029,7.187846140242286,1.0869016734825347,3.977230356210694,19.0,1.0965088254721598,0.017808048919933383,1.440891195628694
2671_left.jpg,0.046171961810834265,0.01317382483180293,1.2938496581116568,2.554199097059407,5.698068645339596,1.0804750599198323,1.4926280757812802,29.0,1.0948136301902267,0.007148030007352576,1.279761204585433
2672_left.jpg,0.03005492373971456,0.007574984176245993,1.2017993155237627,2.9500732654441424,6.861458608590813,1.0916107055964062,0.8167098842313739,20.0,1.09983500974475,0.005216734385527901,1.2927183232003936
2673_left.jpg,0.13748120700390287,0.03366793725037586,1.4943571407999965,3.134714995527803,6.526815254648038,1.0864694086986804,5.669536869706956,15.0,1.0951219632306217,0.02492065179425656,1.4547527972775198
2675_left.jpg,0.1266118274788795,0.0316655887465136,1.4804788518453036,3.057605685317149,7.784377137805808,1.0876570853181207,5.659080803589474,21.0,1.0967685898236674,0.021595456566554833,1.424127474534875
2677_left.jpg,0.0026273805962708147,0.0008076577924020341,0.875947215190325,2.1898040182010057,4.360674675869181,1.055643731799391,0.0,5.0,1.0654161628342702,0.00036893010270216373,1.0042066920752548
2678_left.jpg,0.08760604200420646,0.027724386390395588,1.409698320947362,2.2590671716123745,5.6109310337081,1.115704323020411,3.4718378601402824,20.0,1.1202087046596252,0.014234535226575157,1.3118785701861675
2679_left.jpg,0.11064571544058205,0.029708973322554566,1.455410168006922,2.8117009375398707,6.756426921239188,1.0792885791488023,4.2946645109135,23.0,1.0922504990164466,0.017810226354082456,1.3907692057421186
2680_left.jpg,0.1005702484291661,0.026788307371740202,1.4477403823332282,2.799845307968461,6.097197112259855,1.0880725300136105,3.68794457019311,26.0,1.101080728108919,0.016987594676452014,1.3922460432483497
2681_left.jpg,0.1257940068640721,0.02872365772917839,1.4633529207673217,3.419306136585718,7.151369962022207,1.0876210368900667,4.207666063398881,21.0,1.1010492978881643,0.021636528624802923,1.4327104516236757
2682_left.jpg,0.07424848245249689,0.018300647053230513,1.3529645048573011,3.0543417631974,6.998567563640091,1.0869728099810343,2.502139329126403,34.0,1.0951442345955187,0.011945213157249448,1.3314585728231583
2683_left.jpg,0.07865367045414393,0.020937968492092736,1.3939065272230011,2.8392599207540177,6.173181505007223,1.1014163029677015,3.583885638714041,19.0,1.1036787436801792,0.015446042330232347,1.3674308889331361
2684_left.jpg,0.10455878512745315,0.025791937006608683,1.4238988331977154,3.075056042212698,6.574959091986768,1.0806485549084484,3.013076753108491,15.0,1.0859199637710162,0.017410561838378562,1.394883404929295
2685_left.jpg,0.12933447875082116,0.034645510131891454,1.4900990249414645,2.7860444365312524,6.4694348871332235,1.077650379960319,5.760776188791753,18.0,1.086186028982218,0.022305321138005964,1.4261043028596823
2687_left.jpg,0.038489939550730025,0.012166243131343481,1.2468535442629236,2.239965560409112,5.577433482831835,1.0779217083650114,1.1713000921762247,24.0,1.0861503597525435,0.00583613002449545,1.2612980818193715
2688_left.jpg,0.11960487231115807,0.02958473714638863,1.4721261435413266,3.0712672246826926,6.842514474965913,1.0874469681137735,4.435716991288053,31.0,1.103424227556041,0.020658479695380875,1.4264733379894656
2689_left.jpg,0.129258987898234,0.033440287006391956,1.4847025957112245,2.8485562338326718,6.362894232303375,1.084862251232672,5.406634496349258,22.0,1.0947045623935003,0.022561329931027514,1.4297829497588774
2690_left.jpg,0.10106067948096699,0.03058202767458138,1.4568950966921015,2.41570120319912,5.456460727099673,1.0822471085605385,4.796796914386965,18.0,1.090477502364682,0.018497036264763612,1.384135856335539
2692_left.jpg,0.02215158389048074,0.0056261938872970395,1.1365214763904328,3.099727381523677,7.911707398241591,1.2034282713565936,0.8456701687360713,10.0,1.1172090935952839,0.0034672476918178926,1.2631103721721086
2693_left.jpg,0.1099692351286255,0.03218673467322444,1.4567929872574126,2.6011641896044666,6.516224752939155,1.095964487833855,4.705810917481329,37.0,1.1071501123053837,0.01685995911510515,1.384641028613747
2695_left.jpg,0.0955375334131655,0.019886154038239984,1.4000056645347796,3.7855855894027166,8.017217183133171,1.084928197034452,2.724130690169861,22.0,1.098222952366686,0.015436740577629211,1.4334146616322228
2696_left.jpg,0.13517667460425797,0.03182114634997194,1.4850856409822055,3.312139277831684,7.164907450527978,1.0871070981003828,4.954674836824357,30.0,1.0925023363262765,0.022670165273796342,1.4441543806715251
2697_left.jpg,0.13097434010669662,0.032774659301649176,1.4886012251725342,3.058781774331134,6.7704378495634625,1.093776028573004,5.5685100755229175,18.0,1.1174731278491379,0.023994312164708573,1.4409459688114246
2698_left.jpg,0.0007093734021824748,0.00040535622981855703,0.7285652906826209,1.0847255013944965,1.8284271247461903,1.0688794244548745,0.0,4.0,,0.0,
2699_left.jpg,0.10621584869571281,0.02525888992383979,1.4348831027735816,3.1072822973716705,7.03785256506588,1.0714849703054095,4.482942404152201,29.0,1.0764626122552075,0.017254347208870247,1.3941977216311432
2701_left.jpg,0.13056198397218882,0.035350115711499396,1.4953473956668017,2.7662827039762874,6.377237262180676,1.0901700139958472,5.709781411377119,28.0,1.1036241291369278,0.021848756480349257,1.4195686883128946
2702_left.jpg,0.12778325321318665,0.028129211336162682,1.4682392972652958,3.4687914549962167,7.330260681572681,1.084360975599372,4.475330369893598,22.0,1.0779108495773249,0.020078645131443973,1.4267252758163782
2703_left.jpg,0.1069243575070232,0.021262095515555093,1.4219740886112855,3.8669303844527008,7.842180966035538,1.0924775228557115,3.01737592342108,22.0,1.0992802585170265,0.016522734366871294,1.3999508649357206
2704_left.jpg,0.14116172971115906,0.03374947582213824,1.5047700136250826,3.2153295479355513,6.560773419748984,1.0779965993317704,5.102839907239464,21.0,1.0932854047582248,0.024326905102334675,1.4549181190614555
2705_left.jpg,0.11771760876028643,0.028522331574624197,1.451838944115145,3.1993562213653304,8.177250246615003,1.0805230361242117,6.147923060254685,25.0,1.0913006820564177,0.019970671383433867,1.3960809404276708
2706_left.jpg,0.13952101859337107,0.03607012934518997,1.512262153562162,2.958009011035034,7.060213321270824,1.088821428328781,6.265157639450283,25.0,1.0970653577369107,0.024110751818916733,1.455582610838162
2707_left.jpg,0.1301095148612879,0.03158149966660605,1.4860165528511953,3.1711349657760777,6.4159777308936565,1.0919870241071585,5.2534804307853955,20.0,1.1101527460651828,0.023544684892202624,1.4476220775304671
2708_left.jpg,0.1153836566408918,0.028905739768574606,1.454861122723575,3.1013267499492057,6.845621501444045,1.0699348404245097,5.135031383517048,22.0,1.0763709862688942,0.021158323487035294,1.4172338053769935
2709_left.jpg,0.14803710769914094,0.039863521193583884,1.5287324418012889,2.827452806766894,6.294426599827262,1.087347901524947,7.268102116834742,31.0,1.0994955050539383,0.025251607562864035,1.4567018615780805
2710_left.jpg,0.04147743275594987,0.011147197577805943,1.2488402649825554,2.7300385340988917,5.611016105624172,1.0720553700671007,1.188212927756654,20.0,1.0831495233125945,0.00720409097310238,1.235187337452985
2711_left.jpg,0.010643646917673532,0.0034151271213863623,1.04332942946334,2.0985973905330737,5.452666633165091,1.0777459363733182,0.8960974954075004,20.0,1.1016227270125045,0.0013640595207869727,1.0504113555974472
2712_left.jpg,0.12792789151391443,0.02663143428790849,1.4701195556724649,3.7116997231501663,8.197102656995074,1.087044311478141,4.041955498069966,14.0,1.0927254035637164,0.019785372163052484,1.4455068638280806
2713_left.jpg,0.12332052181753117,0.029753080108378918,1.489316770645773,3.278266783457782,7.200903079693772,1.0880499654560438,7.528895622551366,26.0,1.0891485392851825,0.022340371146669393,1.45998263219771
2714_left.jpg,0.10637677316717487,0.030220071589553227,1.413140611030688,2.652058984094299,6.087666246659782,1.0890529687849078,4.971496751955455,21.0,1.1088381198637474,0.017864244995359935,1.3602930175620775
2715_left.jpg,0.0866343631124491,0.023647391992223342,1.407093415425469,2.735259751037602,6.372279417763418,1.0830119433608187,2.92616637487663,17.0,1.0983650694415967,0.014258861572492051,1.3880359305894707
2716_left.jpg,0.11528823321376244,0.026559894912342747,1.4484996771633032,3.397832523207161,7.8310135217130235,1.0795855302256663,3.8902642348304957,21.0,1.0814505364334013,0.01881978477239428,1.4093777870512763
2717_left.jpg,0.12263631449457672,0.03377740056480906,1.479394189877938,2.736052468153432,6.3647400258892,1.0756488292285016,5.506635748675124,31.0,1.0890728591891132,0.021061618748831733,1.415448686744825
2718_left.jpg,0.0730670802636681,0.017128085821377793,1.3255436662131936,3.271430091000519,7.755007407458771,1.0713225330186535,1.5509887553315238,18.0,1.0757862877780147,0.011735814915341864,1.3444457300488417
2720_left.jpg,0.08209343565752047,0.025933017738325594,1.3948473334794962,2.3175852925069744,5.237216446416836,1.0902917633672249,3.3344616612692173,22.0,1.1069945805364367,0.013954216830947845,1.3230095497283172
2722_left.jpg,0.14064788533217507,0.0334700350508591,1.5046300355173803,3.202110929483123,6.629480856426877,1.091146208728034,5.0000505055606626,15.0,1.096280314627242,0.023666905726320468,1.4609203112480622
2723_left.jpg,0.1442891124236499,0.030146955066825246,1.4947391358762292,3.848433903305674,8.71064052118248,1.076988805237677,4.686838551010946,21.0,1.0757990723449453,0.022254923700284233,1.4601201190817346
2724_left.jpg,0.13100709986881764,0.030297112987052004,1.4798474760049913,3.407718281271258,7.300441355827862,1.0800216023911915,5.307377254383593,29.0,1.0914782022680285,0.021559968356014862,1.4339158362023219
2725_left.jpg,0.14982331450018965,0.03876599652618339,1.5304634773098924,2.954534867761898,6.327192069279338,1.0968953632684733,6.288805925452694,32.0,1.1003346893573693,0.024376609634849968,1.4662507230035955
2727_left.jpg,0.1164269824858226,0.02583262837986026,1.4363275886656826,3.442318888671404,6.913897142448616,1.0770688675475124,3.550876753245397,16.0,1.0820434432022976,0.020720410230702552,1.4113081013066282
2728_left.jpg,0.10994661365035473,0.02475047684404929,1.4481170703923867,3.458461691024096,6.999866669426672,1.0803436714671175,3.7340168939034606,13.0,1.0888155631492007,0.020527000978917943,1.4405287308636
2729_left.jpg,0.10319367272363218,0.026415377684336987,1.4296045517362321,2.937660309300507,6.890020244332839,1.0884553904629566,4.204835560895029,24.0,1.0936503217369307,0.01690444010612204,1.3960830035920355
2730_left.jpg,0.09801685547803037,0.027293870507915072,1.4270445046188456,2.691121021285241,6.780913418440339,1.0958753469796396,4.401430464901093,38.0,1.1033349795319625,0.014919848950909045,1.357242613884759
2731_left.jpg,0.08633532541543737,0.027818544014928007,1.4068644619140207,2.2119007480496964,6.170933517801536,1.0899563563208345,5.093678291348311,50.0,1.1063378319077937,0.011074967849307815,1.2927722348888813
2732_left.jpg,0.0661681849824463,0.0176989377632429,1.3239037078709137,2.7044698312799027,6.096721366493669,1.0870916195346214,2.3037666584866257,22.0,1.0945907884396382,0.011398636771120782,1.2960569646750677
2733_left.jpg,0.1312987898845464,0.036005355834575446,1.5006908310299234,2.701034620322406,5.917106655820243,1.0781716467195106,5.002147386504308,30.0,1.0841785227276475,0.023302933077331178,1.4257463246608666
2735_left.jpg,0.04741157863985736,0.012763299720960219,1.3175500395947213,2.794724934166714,6.812114167956815,1.0745422688176225,1.3095729784726349,10.0,1.0884238033854128,0.008189867934601941,1.305619188321654
2736_left.jpg,0.10144224207221826,0.026099880192298943,1.4443494775296175,2.8958750972644984,6.644859734937058,1.0941625853266634,4.549659533811553,25.0,1.1015554523064865,0.017981265513075217,1.4282358933350536
2738_left.jpg,0.07139635085317861,0.020506359304598504,1.341974921456463,2.578192749247217,6.871122187842706,1.0840074135405877,2.8517060979846214,29.0,1.1025722678768501,0.012599356032913874,1.2808033318014982
2740_left.jpg,0.132633365255318,0.03244133715073958,1.4979130359870878,3.09186155070022,6.780701290278986,1.0837258967503216,4.21767154758774,19.0,1.0954609737299978,0.022681148992968893,1.4452466413496603
2742_left.jpg,0.11301438641005922,0.03432263373679286,1.4763311705661961,2.4237263271880387,6.245062920245073,1.0870556645869596,5.486135262624234,20.0,1.097531389129079,0.018652859892922397,1.37803636076715
2743_left.jpg,0.07026312069627028,0.019951131843056483,1.3419037432792493,2.6228996619671374,6.126102524786065,1.083214670910707,2.97853435916076,27.0,1.0893507442490156,0.011616284000726965,1.3063116173575453
2744_left.jpg,0.11975883667118806,0.03069895475943509,1.471628118566931,2.954327979194788,6.78023316272525,1.0862337691842343,5.934333359929785,19.0,1.0928065197902417,0.022141546317721215,1.4187484743087981
2745_left.jpg,0.06353133647068328,0.014340247621740623,1.3794830086791339,3.4534261779495505,7.436619465173302,1.0878566052433976,2.524691482700814,11.0,1.0935496613827747,0.011441901799600088,1.3744632525264282
2746_left.jpg,0.10900890379342755,0.026405503556512114,1.4276962645493088,3.0766936540690004,5.713065055813599,1.0865221710580397,3.1143812113830633,17.0,1.089067826477764,0.01950937373130676,1.4043921337985037
2747_left.jpg,0.12301621386742928,0.03358478554141382,1.4775110445776158,2.7224151171941187,5.646380386984392,1.0847818212346492,5.30525422272973,19.0,1.0944939217213807,0.021322069352304247,1.4096276784805892
2748_left.jpg,0.12959888315508689,0.03190486874579313,1.4862950187159025,3.1518393676550707,7.083447210444405,1.0799564139638649,4.8861964949019026,22.0,1.083256625418201,0.02221225039264079,1.4397998395790927
2749_left.jpg,0.06263328370820424,0.01694463445056935,1.3167674067097372,2.7404577682654128,6.148798097025931,1.0955576266492129,1.9615338188548666,22.0,1.091465412011078,0.011502635496720717,1.288743370998011
2750_left.jpg,0.03217193096711169,0.006527565563710142,1.2542124962345624,3.608118488068831,7.295323236743513,1.083457305180242,0.4007714851088345,10.0,1.1015606771634514,0.005555694712321218,1.2361123985110416
2753_left.jpg,0.11997837956869241,0.023752446061528144,1.4450951928554507,3.9770941060153997,8.238676301460297,1.0815397115749705,3.7034998073179155,20.0,1.0943307165748242,0.018767735510057004,1.4314074000848882
2754_left.jpg,0.12111068847470521,0.03090655509065551,1.4651243920354677,2.9766814162484736,6.94756500855762,1.0805350388017123,5.223785976924052,29.0,1.0889134219703753,0.021387092684163812,1.4136221295978033
2755_left.jpg,0.14980694139623033,0.03327469870332148,1.4901823009455608,3.480839712027473,6.369830351675808,1.0764028900467892,6.535129041568867,32.0,1.0765243716359276,0.02737674474330558,1.4693053988506903
2757_left.jpg,0.085088594078954,0.023359825934544137,1.3820644838386316,2.6862112299792322,5.388940200036804,1.0867770287370637,2.568674261883896,24.0,1.0972015407059013,0.016484844821854885,1.3296166908709148
2758_left.jpg,0.10789057246717527,0.026229441891270168,1.431205779490536,3.0629636116877013,7.396214761827578,1.0765210714748352,3.842400893863787,17.0,1.0890303961873222,0.017503147229679515,1.3771528405312012
2760_left.jpg,0.09096750093388122,0.02523222512763043,1.4042214085610654,2.6863867766940546,5.916545530846317,1.0810631104498205,3.8351388370065993,23.0,1.0824564592711436,0.01639646370315029,1.3609678737703974
2761_left.jpg,0.06876026272577997,0.018387800873082623,1.3427690723983143,2.7751574220339688,6.435160266802447,1.0776510746945953,2.853538387600625,14.0,1.0852996266617867,0.01137410388882214,1.3155911810315284
2762_left.jpg,0.15386131408993056,0.040189806252084535,1.5368444273393345,3.0117771274013783,6.902154766433773,1.0834179598847515,7.529587742437565,33.0,1.0893904902666813,0.02779378025731987,1.4793053747270288
2763_left.jpg,0.04103725697260952,0.012371375952085789,1.2388535872548114,2.4174809095628733,5.857769435946144,1.0712212599096005,1.5304794992271078,21.0,1.0749709574064488,0.006744312993260788,1.2648233626642138
2764_left.jpg,0.12430575237299682,0.03255319043144041,1.4768536108088006,2.888406419085133,6.5437738930548,1.0791200058481618,5.46945310441186,22.0,1.0863859342070032,0.02137561717806053,1.4194458390423237
2765_left.jpg,0.054987702675754584,0.013734142587602456,1.2902138259482054,3.005983470048624,6.934332273713405,1.0928028787281827,1.2783081336189925,26.0,1.115508054266227,0.008395927821609543,1.2793071837617578
2766_left.jpg,0.14864537977745526,0.03179930656345751,1.5088639787179825,3.6572064354892393,8.509616689959516,1.0832031082253741,4.686744073536526,20.0,1.099294819130331,0.02319686340912756,1.4716538277907927
2767_left.jpg,0.05811677027377794,0.01897044007725439,1.3494431266116673,2.1921612862507596,4.991703530811535,1.0913163050256915,1.847770137394908,44.0,1.1063739054441348,0.009529214565708027,1.3132195535152096
2768_left.jpg,0.0715529157565493,0.019502851832107527,1.351861152345836,2.786016470565341,6.684818237759618,1.0905820340732582,2.5003656195009647,29.0,1.1093850933314953,0.011713977043813011,1.295561676137787
2769_left.jpg,0.08441282703288688,0.02256071059244346,1.3782661533178915,2.8129227522543463,5.437159583924979,1.07413314729766,2.797608045121421,32.0,1.0800429345281917,0.014057980426735141,1.3656173040061537
2770_left.jpg,0.1098903124711955,0.02654161673886994,1.4584092695844135,3.19312774243478,7.566800560710176,1.0791914448450177,5.668725228131625,23.0,1.0883850785432114,0.018282791040648907,1.413386580179258
2771_left.jpg,0.09632376948820505,0.02433474818382173,1.4093289384818026,2.9836433241396594,6.521160803143936,1.0831427731621233,3.1119908578891518,25.0,1.0917485576639723,0.016381315810954207,1.3759706303257977
2772_left.jpg,0.09826891363108539,0.02757150245416134,1.4345834051026436,2.686730939932759,6.489929407450951,1.0842993706785646,4.537515003073801,36.0,1.1000147974776024,0.0158715444139775,1.3696958623899451
2773_left.jpg,0.0544107197238859,0.014034108212364227,1.3234228512800086,2.9173270475141675,5.857655980104473,1.0840209532911687,1.725713125571008,20.0,1.0863839978609522,0.009724901025276622,1.289315042920956
2774_left.jpg,0.027635629522867317,0.0099584687159451,1.1868503842939775,1.8801926962499171,3.7932647407412086,1.0945072921577415,0.6026304820541665,15.0,1.120646075977773,0.005252929035238818,1.1250804708455737
2775_left.jpg,0.1610117710032369,0.04036782491453272,1.544439832455746,3.090567608519388,6.956965962524013,1.0797879662296814,8.130122355816573,30.0,1.0793925693897792,0.02668801034191962,1.481318669566174
2776_left.jpg,0.08625172584074899,0.02601610448768984,1.3912092299295953,2.414674391356196,5.357010503729456,1.0816411669472408,3.124149677003235,11.0,1.0938992719273526,0.0156610599937517,1.311687726400329
2777_left.jpg,0.006334539437616499,0.0018340759347308196,1.101839581091247,2.287745448651498,4.163221626787045,1.0826812750505206,0.0498390199655114,7.0,1.080736179424303,0.0012210559891550293,1.0883795575071302
2778_left.jpg,0.0854771199830991,0.02511366287130238,1.431177607950079,2.536174374257342,5.670039325767854,1.0871774467818796,3.388980093042908,35.0,1.0935603987435403,0.014907111136540687,1.3709859655455443
2779_left.jpg,0.10329629368445443,0.027578251715140587,1.4383798368116694,2.839295632551552,6.780936695592302,1.0827709563824175,4.130441352769914,19.0,1.103659878032157,0.017171554355600777,1.3775328744431687
2780_left.jpg,0.07639797931377791,0.017759361345157543,1.3918904361206894,3.3066244415962056,7.173589670698304,1.093113562826903,2.488983941444348,26.0,1.100279319557431,0.012034698279835544,1.4092418454634972
2781_left.jpg,0.0447993933797675,0.014333849042065933,1.2578270216118774,2.2966463353146915,6.7857038124927485,1.1054323734251161,1.4064783616361625,30.0,1.1339677880266308,0.005246775801234032,1.2152405741312218
2782_left.jpg,0.1491779092582171,0.03795356949113014,1.5247543966440058,3.0041368477231627,6.173292965400224,1.0917663286419736,6.28672537656978,25.0,1.1082182585753124,0.02572994458555777,1.471445874951462
2783_left.jpg,0.1254073869485525,0.03143093881035478,1.4797639411679944,3.103991811467844,7.131621866115107,1.0894447632265527,5.825193963893841,22.0,1.100479546027139,0.01928340070806237,1.4220494014454428
2784_left.jpg,0.039183462950415145,0.009728866010659276,1.2127720148080134,3.0677055838605756,7.2382299698873815,1.084999121098031,1.011316633124665,16.0,1.104667362145373,0.005658316562332501,1.2515992907205022
2785_left.jpg,0.1106560067878445,0.030590754592148526,1.4532283949870453,2.7192200259499275,6.409587028339178,1.0841972710704004,4.747450770450654,23.0,1.095349672581075,0.018969601163630487,1.4248233272115396
2786_left.jpg,0.053412403856678045,0.0102586043919961,1.3001664829782342,4.116755641112352,7.248229065867096,1.0886950423346382,0.9950149749753734,15.0,1.0870501262401184,0.008641705057661118,1.3271595355769492
2787_left.jpg,0.10054240979160575,0.030109792613951424,1.4276324451556912,2.550632704043566,6.3278665230067475,1.0763451145727652,4.58729470595945,20.0,1.0889716028856964,0.017340982185165395,1.3345538078911687
2788_left.jpg,0.12899691506066374,0.033313305631150314,1.4800187890030585,2.9661817381049693,6.661619591764503,1.0845469423192424,5.200470566851291,23.0,1.0974594832219269,0.022346876435809532,1.4280291234978404
2789_left.jpg,0.12794687662662535,0.03547622537004937,1.4930479589403607,2.671655735431993,6.38817733621581,1.0818228396383127,5.761096427614856,24.0,1.0812755039088813,0.021998291885445147,1.4251544310886983
2790_left.jpg,0.12223697294896192,0.028736995663959375,1.4692705907115133,3.2372956208591583,7.573809401845894,1.076260798163211,4.3915661738353515,9.0,1.0792902479053794,0.019373368936988596,1.4368742073660998
2791_left.jpg,0.06647821010385595,0.019811574951664673,1.3530329688463179,2.4022270912925205,5.385976524516442,1.0900471139359098,2.127227088582463,37.0,1.0980278228480707,0.011501207792269184,1.3077769160902177
2793_left.jpg,0.10183655473683144,0.026924987077222465,1.4293808743855543,2.8792708227233956,6.947377331973072,1.0824512696912008,3.750139363287149,19.0,1.0867513847143826,0.016520884222048792,1.3879990762671546
2794_left.jpg,0.0697402623571846,0.019671751264432668,1.3544242607070105,2.691552706365766,5.954428922239593,1.0890474706265953,2.770669192173615,22.0,1.1262339764737976,0.013959135148205614,1.3468467291121695
2795_left.jpg,0.07911477651836964,0.020141320789904472,1.3646926238077774,2.9658957750442165,6.274774002154095,1.081261701461835,3.211836134192586,24.0,1.088348278060212,0.012360388735779855,1.3265347973066364
2796_left.jpg,0.13635629165825086,0.03736618864875783,1.5101714698661992,2.733143358273233,6.066123749049768,1.0910410707118565,6.261361341143203,28.0,1.1036164150714933,0.024646536053322562,1.442986193918756
2797_left.jpg,0.09022472366710013,0.018220700585175553,1.4166800921299254,3.8364369080706893,8.046180363571075,1.0761472749736856,3.4541612483745125,25.0,1.0751264107955691,0.014532875487646294,1.4131382817731526
2798_left.jpg,0.039876050726642555,0.011580001106689941,1.2395289427230687,2.514600851705023,5.394576196214427,1.0783639264685525,0.7545613231987364,17.0,1.0892605096057109,0.007128089299817396,1.3064321439194981
2799_left.jpg,0.12833485500411104,0.030966420677235974,1.4808736725845333,3.2357207378874784,8.483825398409461,1.0811938459876285,4.943328272306768,16.0,1.0885495737892616,0.02183639601103674,1.428488774491886
2800_left.jpg,0.0831321337281401,0.02541442057044517,1.3927744874731989,2.3771748012400367,5.688977863614165,1.0740591509817812,3.694986460152355,31.0,1.0844536360105943,0.014207982183078987,1.3302827763220895
2801_left.jpg,0.10548917853407354,0.026193780674229623,1.4292924822876711,3.127343125227417,6.66840814643919,1.0905676465379226,3.8217072974495134,27.0,1.1002337621801415,0.01815310966288519,1.3865980580863833
2802_left.jpg,0.13729948212706833,0.036953391436150056,1.5063585897395133,2.7286478887149093,6.149826068399537,1.085458232102492,6.568144499178982,20.0,1.089534556068904,0.022872300113679425,1.4420519151261744
2803_left.jpg,0.04248537686766949,0.011971268954509178,1.2548939765890972,2.5267003890257262,5.747290393723693,1.1107551464397696,0.9597219836948286,21.0,1.1491550210911214,0.007021123985977957,1.227204545803141
2804_left.jpg,0.12948618837570045,0.03339346076306256,1.4884956568404106,2.9178548488398155,6.917921560310738,1.089979740834024,5.507470454189467,25.0,1.1032119827978948,0.0222218853738764,1.4301634031879977
2805_left.jpg,0.0314686785679227,0.007287532663011214,1.245861506405941,3.3306430755652023,7.766036919820694,1.0886555561281603,1.0283881884942059,17.0,1.0882037734619396,0.00505780009068514,1.223500069546289
2806_left.jpg,0.05561335001834346,0.016343268955327395,1.3126260009082555,2.5775620553758904,6.665638684524527,1.0900627890457797,2.3620345661143527,18.0,1.1034097762038877,0.008804860765600735,1.3091430170927514
2807_left.jpg,0.12819541275133878,0.034030514297261796,1.485093610315683,2.8308509559872057,6.166597724096529,1.0853125900325464,5.860361725775488,21.0,1.0926695842760332,0.02232494695362231,1.422960048787949
2808_left.jpg,0.13051049353428695,0.027250885817829418,1.4765365961702777,3.8594969495011413,7.81589905221851,1.08470913597522,4.643603436266543,10.0,1.096833586040827,0.02238519699982839,1.4623311181676006
2809_left.jpg,0.10000505254648343,0.024585691188358932,1.4416080183688906,3.1187539655183647,6.522939727616938,1.0911191327725724,3.4357316087308005,31.0,1.0921210598511375,0.016542037186742117,1.4266479896112667
2810_left.jpg,0.13675036733704626,0.02982625336410044,1.488358578539198,3.557503545256414,7.816977047558427,1.0834580945256271,6.261140032416548,25.0,1.0964737838682805,0.022312885325200583,1.4641475026645212
2811_left.jpg,0.13462932685336573,0.03597982010089949,1.5027415992465902,2.767766074698118,6.48918743268903,1.0753526926424302,6.299968500157499,13.0,1.0877745294914116,0.024589877050614748,1.4349149408408783
2812_left.jpg,0.13419398756477677,0.033906836496469334,1.5114205232417406,3.0229571122802925,6.334924865944157,1.0847986082866288,6.567561996347093,54.0,1.0791826315089148,0.02318780830389116,1.4662333655545021
2813_left.jpg,0.1524203140461174,0.034558066547391776,1.5222881678573363,3.3906588558879425,7.217717499709372,1.080960656111488,5.5972573439014885,8.0,1.0911579736983295,0.027871343041909465,1.4954032917260967
2814_left.jpg,0.11876430437688615,0.033748202458833775,1.4764700524816763,2.5987102860614972,6.300092587438823,1.0851731239674134,5.063496242885788,51.0,1.0980310966545486,0.01915014279059405,1.383852757839509
2815_left.jpg,0.03714695504151427,0.009434383638466081,1.3355054904146468,2.967528560437974,5.895655764930377,1.0871804602984523,0.8933135480925274,12.0,1.1035195010702716,0.006675037345469164,1.2894357601914606
2816_left.jpg,0.11635304769129126,0.033753395159908973,1.475764407904966,2.5350668526877724,5.576704697836192,1.0732345208888734,5.725891305943671,21.0,1.0827474890430087,0.020402769961093303,1.3961342199370683
2817_left.jpg,0.02323277032804531,0.006402969609786031,1.1368846849619598,2.652993328036569,5.78907559201613,1.0782970854093399,0.4023861498687215,29.0,1.118901370508347,0.0035661472532115446,1.24338330452767
2818_left.jpg,0.06605556134539836,0.01851893807234484,1.346800137471218,2.693863066051916,6.828937194206884,1.0927096348755239,2.7187087945698325,35.0,1.111126048589127,0.011155768420384878,1.3202721053738107
2819_left.jpg,0.011068003128473223,0.003524677890750422,1.084217740755622,2.3570373440220975,5.6720266172410385,1.107904900501425,0.6174618202774462,9.0,1.1312186554489025,0.0016156917630593176,1.2962025577225385
2820_left.jpg,0.1598884946781551,0.038048656867714144,1.5352532669216348,3.2732061910657695,7.177799761447081,1.0874364240514398,7.095793208312215,23.0,1.0958574295537542,0.027886467308667003,1.4826494014030478
2821_left.jpg,0.005678387114780552,0.0024256202331234176,1.0014768120362956,1.605095747539042,4.1905648236187965,1.0749522391091697,0.15223557948473332,12.0,1.1135008760121619,0.0005937187599904599,0.9524145413449623
2822_left.jpg,0.08545144633278187,0.023482227903945455,1.3995022162506743,2.656237623531713,6.023747677213392,1.0937264139164433,2.5066426028976787,22.0,1.105126239931559,0.014904496916829598,1.345541487113044
2823_left.jpg,0.15340662227566207,0.04007820630702543,1.533662748353636,2.945011093164358,7.237083811268412,1.0825417852860881,8.891673150178338,25.0,1.0917239543745878,0.027589447200638585,1.4805570665485919
2824_left.jpg,0.13205672248670408,0.032047089601046436,1.4867293283303313,3.1930398741447283,7.482437795583165,1.0840976944564746,5.1206392180124825,25.0,1.0837777937916926,0.02100983061331062,1.4340894712066041
2825_left.jpg,0.08953338554429932,0.0238334638607483,1.4173118564540066,2.829698829985049,6.348235304335152,1.07160979383512,3.8400323371144176,27.0,1.0734989026320827,0.015163075057474168,1.3722883097966307
2826_left.jpg,0.08192226739181276,0.02607341357708326,1.38873476603567,2.236922293635192,5.117726895226328,1.0833528790425597,3.3835727542779805,17.0,1.0819272906917987,0.013459653382826378,1.2972324704705007
2827_left.jpg,0.11323745437841058,0.027693503687587395,1.4550568435298559,3.097618419192497,6.752258848987046,1.0867426120719006,3.7860240185363736,17.0,1.0903043017909315,0.019379394942881517,1.4116773557590505
2828_left.jpg,0.14784362081686697,0.03718958145928299,1.5201745055554907,3.0781727530549174,7.336902764511399,1.0921622426591935,6.872921699228818,21.0,1.1120539007004702,0.02467682107156935,1.4610421412168304
2829_left.jpg,0.0958834782432665,0.023057380284826463,1.4023504982110475,3.092735862345941,6.355692125889122,1.099851115699717,3.1377470975839348,24.0,1.108666623257689,0.01599238843284715,1.3638224629056512
2830_left.jpg,0.08621971762587198,0.020356028146357008,1.4097780347144593,3.261975974741783,6.586189756777557,1.0770357247844469,2.934019961453048,15.0,1.0878123865044191,0.015808297206104785,1.3844149655523874
2831_left.jpg,0.14937549086671226,0.033771629804160014,1.510676540861556,3.448288172797122,7.66380036339628,1.1031885547369629,7.043145600567505,21.0,1.113954881421821,0.025127308656988676,1.4713797011183387
2832_left.jpg,0.11659224536803184,0.030160830824561047,1.4592766404899722,2.9131102603873074,6.446671572371846,1.0751604716625163,4.596609621562645,26.0,1.0920178499543087,0.02021497989614693,1.4067161880224337
2833_left.jpg,0.006769308430085815,0.003336698637051994,0.9695284352846409,1.2401086506040675,2.375466573031833,1.0926270638622437,0.05047955577990914,19.0,1.1027659578199618,0.0003230691569914185,0.7309446824433592
2834_left.jpg,0.010803066122215058,0.003295364997492657,1.003874206942356,2.383881264769019,5.937763786040689,1.0805804851167546,0.5731069560856795,16.0,1.08474368044244,0.0015330611075291926,1.0532260196133891
2835_left.jpg,0.08870450192780947,0.024103934954748274,1.40462885867166,2.7117116028505643,5.426129402583615,1.0866974940667242,3.385668012511812,28.0,1.091521875580858,0.01652913443123304,1.358635761962504
2836_left.jpg,0.14873932595624273,0.037279571522409176,1.5228081491985637,3.034030618519825,6.559312379673258,1.0928120808362973,6.669698347733818,18.0,1.1091119722887324,0.026097721186397856,1.4694752064964498
2837_left.jpg,0.1326137585094948,0.029385126796448904,1.4822154645542636,3.549744570607697,7.303839581794332,1.0834104989119804,4.727497113738604,17.0,1.0959976136219451,0.022801465026473983,1.4499023888604774
2838_left.jpg,0.13528144451465562,0.026599529308740627,1.4773775965486595,4.029359520936891,7.387861337810504,1.0775305815696483,3.8809638722068254,13.0,1.0834065164714657,0.022688711868286058,1.4571610780821431
2839_left.jpg,0.13760041199844492,0.032177280507323575,1.4952488462134017,3.286086382969663,7.117290582838565,1.0949151605234626,4.493610489803544,18.0,1.0853577867577857,0.023578832570092752,1.4528414785111645
2841_left.jpg,0.09082612943702977,0.021202517519975005,1.4129704654118935,3.302977735778639,6.8169459297954,1.078948644046877,3.7197399157850883,17.0,1.0811570351880269,0.016495806613201606,1.382498737027685
2842_left.jpg,0.1065265607749918,0.017151865371035278,1.4277776424218929,5.064813252814798,8.484541801132007,1.0816310228799715,2.585958246720309,12.0,1.0767971241706134,0.01546601951403877,1.4248071100637056
2843_left.jpg,0.06797466928528399,0.018185023925085343,1.3500149544552587,2.7263543007236497,5.45094860964362,1.074342162297608,2.350878395917308,17.0,1.077269365868676,0.012626176051405874,1.3202853371725412
2844_left.jpg,0.14176366470912308,0.03735743339077024,1.4874319596048255,2.843437932097195,5.992732739356658,1.0818675883300743,6.212563444338948,16.0,1.0878643846070037,0.024985054682280128,1.4374929254753022
2845_left.jpg,0.10282513862842527,0.022483837214592253,1.4168684840073464,3.5096271546337534,7.854035065294138,1.0822362122293192,3.8922110286052236,20.0,1.0825123806242947,0.016893206828050206,1.4037474423257934
2846_left.jpg,0.0714913015447563,0.017960393727568545,1.3686755163245652,3.0393214571381346,6.858620142936792,1.0790465739309647,2.944326840585007,28.0,1.083125188025982,0.012020975790526375,1.3913644543164374
2847_left.jpg,0.12032863754876003,0.031499484609010246,1.4615278051600584,2.9327622896661403,6.615529805475415,1.0805535712655614,4.800210198678173,28.0,1.0974489972326436,0.021358408957697517,1.4055446060779517
2848_left.jpg,0.11181357798841544,0.025431656168063664,1.4530718859366478,3.4193786164304107,8.11427862501565,1.073764264281237,4.930580195656481,13.0,1.080081217119655,0.018385995309036784,1.4264250899574367
2849_left.jpg,0.03533828825377366,0.011728347763900596,1.2250020878675156,2.207502820805443,5.838168325130003,1.071970770016449,1.379204658646847,21.0,1.0705623445339092,0.005184787883431665,1.2368547692866596
2850_left.jpg,0.032834156227472426,0.00812012894275105,1.190535348000132,3.0552884148491635,7.8775652270455145,1.0722560300144295,0.680077800900423,20.0,1.0750529169743548,0.004606393638098865,1.3091230606808748
2852_left.jpg,0.06834464436358142,0.017168003424786894,1.3641106655462931,3.0187322408743706,7.25412889726872,1.3408549479995087,2.5182256582012315,17.0,1.1093841810941134,0.011823069465254781,1.3347653690134162
2853_left.jpg,0.02557529330156528,0.008062651426043772,1.1198093403298002,2.3097463493624004,5.6858174571688735,1.1047421101200607,0.5529249731077399,30.0,1.113702061042809,0.003915714127735722,1.109145475066153
2854_left.jpg,0.11769454310623184,0.03307131901840491,1.4714890367274724,2.6934155054314406,6.11197364877884,1.080250175739377,5.4992734904746525,29.0,1.094505915060036,0.020594526961575717,1.4075025701662
2855_left.jpg,0.09871122783180053,0.022434369961772848,1.4002642181182228,3.3706857012264946,7.457511853886366,1.0936418409696473,3.2954441751756725,26.0,1.0923253870793577,0.01671550683931414,1.364707625894518
2856_left.jpg,0.0371122480132481,0.007373416843215439,1.3343253890807125,3.977240726899198,8.091948095749755,1.074364507131201,1.3877196066277488,11.0,1.0863182770955668,0.005749784903460973,1.3846314533594832
2857_left.jpg,0.1281780244773637,0.032412718610511336,1.4829236185024126,3.0323410012366665,7.178576834505813,1.075031975809431,5.660953945885288,21.0,1.0782362756867891,0.02288428108389734,1.4351871080723613
2858_left.jpg,0.14415813060179258,0.033962868117797695,1.4928323758148976,3.342770387303057,7.450235550954203,1.0802390746750057,5.548442168160478,23.0,1.081728262284121,0.025021340162185234,1.4575946617326352
2859_left.jpg,0.09983578966753802,0.02346519610601542,1.4132391109553648,3.2601694319682903,7.409092830975443,1.0901705805765236,4.041313478036229,31.0,1.0926624351686614,0.015674157590763297,1.3753683789130429
2860_left.jpg,0.1286734509906048,0.03291832769085919,1.487141682641614,2.943671183009474,6.528969596726443,1.0883963140050164,4.557382960395842,23.0,1.1011278167458352,0.022175924998497566,1.436926906630528
2861_left.jpg,0.04908363929755041,0.011831751170664201,1.2870985592397473,3.0564864225001185,6.095134313288537,1.0949247383876153,1.1744940739114227,15.0,1.1005715437721064,0.009084456336906178,1.2924938402227804
2862_left.jpg,0.048241579838859655,0.011881964444578477,1.2355617422661431,3.074325002826314,6.327338064657044,1.0721895379632427,1.658649859014762,21.0,1.0720715759288948,0.008368642470483571,1.2552943965375751
2864_left.jpg,0.09771669361556176,0.02732617962663531,1.4407485527297172,2.637468829950703,6.5861516019755735,1.0847562662535535,4.164829242001078,24.0,1.0997579241273254,0.014184918418344848,1.3638202748541084
2865_left.jpg,0.05181265195817027,0.013684143927548152,1.306642595177109,2.8248240154434523,6.054016155813738,1.075054751325861,1.3105686060069235,20.0,1.075213868359784,0.00862263758710762,1.3384454570684283
2866_left.jpg,0.11382315837761382,0.033181696548033185,1.4814644768395087,2.5018400089287214,6.004190504080324,1.0742797525652887,5.638594747505638,21.0,1.0821598431168338,0.0175991054703926,1.382877826830411
2867_left.jpg,0.132561139282152,0.031594504122952234,1.4812538378653188,3.2259323193704708,7.040325565146818,1.081368128870732,5.01334280298085,17.0,1.087456226105956,0.02352093331731849,1.4452320114568258
2868_left.jpg,0.12869099630775968,0.030811795264776426,1.4912623673337269,3.1501127332853627,6.788171386687289,1.0749638904986136,4.32917666026413,28.0,1.080599208972902,0.02234750848419104,1.4465426173605904
2869_left.jpg,0.043114159587041505,0.01456668653339125,1.2698298524615543,2.098457356072772,4.417662011565779,1.087780894339117,1.5152586546523492,22.0,1.1081218722186064,0.00908650106573192,1.2148648944406792
2871_left.jpg,0.08729781160799238,0.022207826386217787,1.3855745425594415,2.9861227776157624,7.230070882614833,1.088131228484086,2.9860112962325647,24.0,1.1010626556641192,0.015188169322023605,1.3498026006019235
2872_left.jpg,0.017696506946207696,0.005277666944756792,1.1080329169219578,2.602710378595747,7.179167302328039,1.077744230230023,0.7254525009974971,20.0,1.101494005702062,0.002829264753890239,1.2598014009031482
2873_left.jpg,0.10854072741240928,0.02756605947880234,1.4418936552254773,3.0201731214500676,6.955576030860778,1.0847328539949967,4.649940359460607,20.0,1.0919595745067425,0.018584598588844186,1.3897153853425943
2874_left.jpg,0.10106189687891146,0.02727419550207938,1.4295380998344986,2.7399768719636852,6.241466964213575,1.0770471645276187,3.6338676464650543,26.0,1.0814827021820208,0.018093632656357248,1.3797595607290039
2876_left.jpg,0.13229280654264816,0.03113726681082553,1.4748094495008433,3.2709182333467983,7.808230859992556,1.1097352497099737,4.502782824501422,26.0,1.1242005218183118,0.021670951291408586,1.4218234266472158
2877_left.jpg,0.07548410204794095,0.021594737104591432,1.3856521719934307,2.563423449277809,6.188230541356853,1.074273944451992,2.6749726835416636,36.0,1.0808570123546808,0.012400085236417713,1.3460990913205377
2878_left.jpg,0.06772262722451622,0.017796129705538524,1.3436448848305007,2.8703705717559496,6.991428467956678,1.0860426646752281,2.057066021784831,28.0,1.0985412721165058,0.011218535670026541,1.3565400817465523
2879_left.jpg,0.11307065970909275,0.028405051803675415,1.4523153717673454,3.061335073811461,8.25474773283665,1.0789964172502429,6.1004814842824375,14.0,1.0790725155618022,0.018361945095666642,1.3964138073723893
2880_left.jpg,0.12781943490035977,0.03654654593960952,1.4965692788053906,2.599529388116312,5.802476856328947,1.168054796861382,6.518048425562877,25.0,1.182378973149428,0.021868305105299326,1.4181526523154158
2881_left.jpg,0.06682768914258053,0.019035277032614616,1.3488278479164812,2.57650993891212,5.8878344117414025,1.0773486635773328,2.571653320962504,20.0,1.0830789414588722,0.011456463422013353,1.3052965967906172
2882_left.jpg,0.1483291059933912,0.03935973483968108,1.523225989058423,2.8631692456796496,7.351013650642896,1.0840411489103883,6.972584605745814,22.0,1.089995281231653,0.025328671470002728,1.4572106040981205
2883_left.jpg,0.04242962489896521,0.015362278347120633,1.2488064618985322,1.9150991664711263,4.909182421921263,1.083054357551317,1.097661979982637,63.0,1.0864365455610543,0.005573129234730025,1.1838464662896038
2884_left.jpg,0.03829744364689586,0.009404357133862234,1.242695265134504,3.0638925285185774,6.136276120154255,1.081627605112759,0.9570583049993704,17.0,1.1097260431398432,0.006427402090416824,1.3266073185333422
2885_left.jpg,0.05851431803147897,0.016451471189727174,1.3261010134894575,2.6189595690243954,6.364871159084449,1.082506003839673,2.373293879426572,32.0,1.0974568983999926,0.00925584612976363,1.3008358717107633
2886_left.jpg,0.14596351796800744,0.03770045905882829,1.522209731570374,2.9634441555792823,6.93090806655289,1.090752488243678,7.5330138122105605,16.0,1.1035871169412883,0.02442920989302109,1.4610540340157179
2887_left.jpg,0.10351188364668322,0.025491854722078204,1.4089803207464213,3.1098994478990667,5.80463179828546,1.0865054443034974,4.365978115534696,34.0,1.0845627869321415,0.01974513602750566,1.379773240533458
2888_left.jpg,0.02077248204529054,0.006202535995326621,1.043141018217806,2.5146556308868857,5.723575684102569,1.8427031843862904,1.7181540153259338,10.0,2.549835541801452,0.00336758187003883,1.0739257081382492
2889_left.jpg,0.0695209326709439,0.015423022193374441,1.340065120613844,3.5930232681902456,7.865225221710014,1.0791285688316965,2.1469406096312755,21.0,1.0824086043946661,0.011533564670344758,1.3219962591796746
2890_left.jpg,0.10005658337459204,0.024760278471036384,1.4096245327866694,3.095709935231723,6.990187508946162,1.078985810496418,4.1932322242318305,24.0,1.0806501139517641,0.016207095151006882,1.3551691024773795
2892_left.jpg,0.04441864907357068,0.013699301076058793,1.2978529094815494,2.3451749478861132,6.160151487475476,1.0828314095415446,1.4203780164665893,18.0,1.0842913891041777,0.006788427347664458,1.2965994826725968
2895_left.jpg,0.07372710193761553,0.019350971829779948,1.3902435769908477,2.845475413767154,5.954174146094396,1.0752826171953467,3.2738499972298194,18.0,1.0829245987759106,0.012994666142850667,1.3678272222781889
2896_left.jpg,0.08933483811807857,0.025544392829431977,1.3981598509369373,2.6181435066352936,5.725142885576026,1.0821578484900327,3.929906589143381,33.0,1.0986964507261452,0.01638972581344028,1.3337990631859955
2897_left.jpg,0.10304705257993131,0.027221204201588113,1.4334623706128584,2.821144472695092,6.444901743994102,1.0809103648694736,4.155526850711446,28.0,1.0882929079475967,0.01646690097830114,1.3892984901841756
2898_left.jpg,0.05543565981447394,0.015492242544046572,1.311165412926085,2.593726060950457,5.792184442735568,1.0752884245648797,1.1334681404775075,46.0,1.0771366988261284,0.008886390221343658,1.3223790485472946
2899_left.jpg,0.11761276795861582,0.029931026374573812,1.473032482946041,2.98868366074391,6.982998009326293,1.0843280630392194,5.1436297370380535,18.0,1.0953547451261019,0.019800525140102675,1.4290045620133123
2900_left.jpg,0.14551019480486685,0.035657826286787916,1.5131257899537933,3.0860397397282044,7.001817489105015,1.0837456568732207,6.616395529134868,23.0,1.0900663020590429,0.02445541003974888,1.458181673553755
2901_left.jpg,0.13269373588566058,0.03417754133891086,1.4911889120506938,2.992869537691371,7.160298725569996,1.0763115559117815,6.618267428525238,18.0,1.0895272978214665,0.023143727549674895,1.4418207226827457
2902_left.jpg,0.07508055049079601,0.01996153557958888,1.3887981056548926,2.808953331734525,6.482517177565585,1.0896332822844514,2.6975048080525514,19.0,1.1029108695210719,0.014241826310662637,1.3465150775105823
2903_left.jpg,0.15649666895243433,0.041549249951198026,1.539951117667074,2.88791533246257,6.269875512560484,1.0864684655143761,8.80938199182129,23.0,1.1057171976055822,0.025827506294203325,1.4788029520902315
2904_left.jpg,0.15635428606205687,0.03793603619138426,1.5324882335716223,3.1598076542794424,6.6752653249397085,1.0804300299695846,6.846744499781918,16.0,1.0894626642919891,0.02827959061539554,1.4890376942179622
2905_left.jpg,0.14388582809161374,0.0381507113226147,1.5241144951513343,2.8011061103841475,6.300115367676201,1.0819590068027614,6.755438127692793,17.0,1.089377143316079,0.02399931945215899,1.457514774701877
2906_left.jpg,0.11711257193094629,0.0277034047314578,1.4578277049809167,3.294538191945505,7.121539530257874,1.0774875442122398,4.146019820971867,18.0,1.1030732464227744,0.020320492327365727,1.417476479851747
2907_left.jpg,0.1372716781407935,0.023916590393569182,1.4755033925610255,4.622431878268003,8.425258046907462,1.0932433476051644,4.178439253452186,15.0,1.1112204879293734,0.021051374905487683,1.4758313294102121
2908_left.jpg,0.10987327463112803,0.026401118514992862,1.4600775843146818,3.096245903385637,7.968225098382585,1.0816447808222869,6.9907187053783915,38.0,1.0867393226809547,0.016891757893066794,1.4469322778184865
2909_left.jpg,0.02228426118069759,0.006389680963826643,1.0889538436760826,2.780396793369107,7.173046671082899,1.0849203975849848,0.7464580565218041,18.0,1.0889213670188702,0.0036775500251307546,1.184894716810556
2910_left.jpg,0.03373808288720229,0.01097406816110073,1.206452063601482,2.2077162630477147,4.790830581023076,1.0918837902230707,0.9065315598890002,18.0,1.104868998641359,0.006335648346335346,1.1796265625771345
2911_left.jpg,0.0010740445382760894,0.0010740445382760894,0.8887057892195441,1.0,1.0,1.0,0.0,1.0,1.0,0.0,
2912_left.jpg,0.12540095684291416,0.03644926997347612,1.4979948754868442,2.505190448199492,5.6929497735423755,1.0819463266578075,5.354354131032944,35.0,1.0963169138099573,0.02296918767507003,1.4199284881226852
2913_left.jpg,0.08941486853852558,0.021361862630032,1.4120468343565717,3.1912202656846778,6.74247878930239,1.0914438924535361,2.858948508832646,14.0,1.0916869503126378,0.01583957787876052,1.389869493211019
2914_left.jpg,0.1366640392893955,0.03552011964671881,1.5056106140578054,2.881654061798287,6.648008438626721,1.076376785572182,5.153701570363184,33.0,1.0874359391321902,0.023600921603104348,1.4427641628348604
2915_left.jpg,0.10363484806385612,0.027704665437368967,1.4367365411852386,2.7545217053689597,6.245250680779465,1.0772215923320145,4.041526686705903,19.0,1.0934331126022518,0.01722195559372553,1.3763553320151596
2916_left.jpg,0.07969973018459647,0.02012128335960249,1.3690819223523052,2.930216131578172,7.125199679466022,1.0798513098528868,3.419442737691342,18.0,1.0845722244480198,0.01309539710950231,1.3803315616639373
2917_left.jpg,0.0010766045548654243,0.0007039337474120083,0.7051426021807204,1.0,1.0,,0.0,1.0,,0.0,
2918_left.jpg,0.055958929571367395,0.014794389049140523,1.3128838006784753,2.839712926150658,6.726543432997335,1.079498385082114,1.4587342891964257,25.0,1.0914596636969984,0.008832400841360293,1.3106779718805397
2919_left.jpg,0.16912188172531903,0.043678579006395685,1.565872874862607,2.953427525923796,6.527962870398177,1.1058509408796462,8.68923847918119,20.0,1.127110960968669,0.03129136229072575,1.5106126536408253
2920_left.jpg,0.0916593412759272,0.024267305066676643,1.4209856931733504,2.840092214404874,6.469219054135173,1.0859645342662356,3.506835992294312,33.0,1.0936205417903095,0.01585557446649335,1.3866540261238027
2921_left.jpg,0.1325267730854718,0.03231966053748232,1.4859694358819884,3.196366338351881,7.094028756159088,1.074817221340969,5.859769650434431,27.0,1.086958060334279,0.022898565366740755,1.4569961128259123
2923_left.jpg,0.033869704092087026,0.011224612788525282,1.222322186614133,2.1061651922846543,5.148601711024303,1.079313021576496,0.7533297173506901,38.0,1.0951249126850338,0.004605355672070552,1.248604830462282
2924_left.jpg,0.051355606087108624,0.01882105999650166,1.2943956790816766,1.895023302500492,4.821737068906502,1.0815964965246108,1.6991928833803942,38.0,1.0882138169388853,0.007351508033684,1.2124145884364044
2925_left.jpg,0.14159595738543107,0.03362213888529678,1.5081978132408667,3.2623018037322535,7.475375817513811,1.0955447232773081,6.06790080474291,14.0,1.1146670411525819,0.025007709218235533,1.4718910530602145
2926_left.jpg,0.06873504899633262,0.01598994297704159,1.354333680898673,3.3999305184539184,7.578263985028954,1.0837382140874725,1.9896987867359444,22.0,1.0807656199255602,0.011151357291115542,1.4675464677614152
2927_left.jpg,0.09836212648802015,0.02544002781188846,1.4212538043611729,2.833096855176237,5.65546835760545,1.084274592471267,3.196124278769324,20.0,1.0914306415055839,0.017971190023606462,1.3815812650805137
2929_left.jpg,0.09697867537388641,0.02403051558027976,1.4122631409891566,2.967796875297678,6.401645834692148,1.0823563105687442,3.275285201757568,23.0,1.095918107184738,0.01750010077800621,1.377112693099384
2931_left.jpg,0.08875904155989787,0.023089861868596767,1.4036166652527466,2.9207691831290528,7.078675056618454,1.0838247830505143,3.3826207433424926,35.0,1.0930483693895505,0.015249595707315265,1.3713774493127477
2932_left.jpg,0.11765864995957963,0.03133589329021827,1.4645462116131602,2.8335933065606245,6.622365220427915,1.085053201331255,4.749393694421989,22.0,1.0941986790252778,0.019573565076798707,1.4017689145150398
2933_left.jpg,0.10420538857911359,0.03046375628994968,1.4426516697954996,2.57633021569823,7.229162726674358,1.0947266059372236,4.281447229903642,37.0,1.1070607199970646,0.017150973903319884,1.3624191240369457
2934_left.jpg,0.16400036427660736,0.04154777082953878,1.549766661391334,3.0684501735558625,7.119181400862146,1.09520397551438,8.752757371541902,22.0,1.1036449889100723,0.02803917997288163,1.49309258201866
2935_left.jpg,0.0013504175216673437,0.0005538821866213714,0.686619205049883,1.4918267105658565,3.141640786499874,1.0807661345220745,0.0,6.0,,7.385095821618285e-05,0.6800026054887099
2936_left.jpg,0.13865522868387417,0.03623375114304046,1.5088669743377254,2.8886107454709804,6.3814469678084125,1.0870803168202263,6.466704052299469,22.0,1.0962145276854869,0.02396216978129405,1.4600687799152958
2937_left.jpg,0.06029620112813383,0.018228777092371456,1.3526367606348428,2.4119797301037185,5.873953758407521,1.0798538405886453,2.2439479404077827,28.0,1.090525592694081,0.010326560423798169,1.3142567582777491
2938_left.jpg,0.07305467718048272,0.02029379978385302,1.3449120734003428,2.6037905495583336,5.746909953950848,1.080690649363659,2.1014289717007566,31.0,1.082208739048288,0.011808029460032822,1.3094821918039032
2939_left.jpg,0.038848090433259694,0.007990526797619758,1.2298339482043208,3.833061653888006,7.916793847494543,1.0895984198413984,1.393117997094354,13.0,1.0966796314402116,0.0066521384361255395,1.295958470937864
2940_left.jpg,0.11647025786522838,0.03029408062282732,1.4728013726855682,2.90991888134095,6.153955806619572,1.0802717582700638,4.599548760058487,31.0,1.0789752434334234,0.020775435504643124,1.4297963417776296
2941_left.jpg,0.11841113800244517,0.032835150577609225,1.480456015738256,2.630000485393346,5.61065174981027,1.0932925691660953,4.091918461039447,22.0,1.0982268026846325,0.020464582449661917,1.4118876642714175
2942_left.jpg,0.04522542273641762,0.016244700661674393,1.2817915327234612,1.9650972120012418,4.690351255753074,1.0926161667748082,1.67289600309926,52.0,1.1130602313004003,0.007312316476704923,1.209951196107682
2943_left.jpg,0.056511809858112536,0.017027552811317164,1.2947364699213364,2.435729003663429,5.9270423724284855,1.0936279971246994,2.9603941553361106,28.0,1.0886546886703812,0.008627434395550951,1.300771806882665
2944_left.jpg,0.08774813439461042,0.024355598845379235,1.391514924640457,2.6033398049611964,6.438424525375722,1.0938285429228924,3.0438157273958635,34.0,1.1004568561310746,0.014037063529507256,1.310263694889644
2945_left.jpg,0.021636514657320558,0.006974129373391949,1.091072695274231,2.15835385009439,5.349461996368153,1.0919603466154106,0.3038836328275359,13.0,1.1041979680699658,0.003727639229351107,1.185997411427592
2946_left.jpg,0.14750208662512665,0.03160121575441341,1.4988705329214749,3.6491651843101236,7.532723257057317,1.097479595559306,5.459346243287366,9.0,1.104428502086539,0.02704476138982357,1.4808188147976085
2948_left.jpg,0.12299724629260037,0.034024707576484854,1.480431898122064,2.7027436857610754,5.871118036207865,1.0835453047632395,5.709521764393806,27.0,1.0946042437715937,0.021928605714574438,1.4175608937214956
2949_left.jpg,0.11485427844530088,0.027668203229300487,1.4500197644347907,3.1519930859045466,6.671403899047187,1.0767651595837149,3.8288118088616843,19.0,1.0912390572929624,0.020549636010982645,1.407256741911037
2950_left.jpg,0.11135763338615953,0.03144479661912308,1.4895400986860583,2.658512625761281,5.992047001998194,1.0776016485256166,5.282620179609086,46.0,1.0864277897119536,0.01867406233491812,1.412496408790986
2951_left.jpg,0.12955941821192554,0.03541011414637594,1.4962990987346234,2.6986400484033957,6.371068491850094,1.0954733545439974,6.462068164722156,27.0,1.1191511304929367,0.02303626330908375,1.4349433429449787
2952_left.jpg,0.1166638835334659,0.03135832080923393,1.4595528999513183,2.8612617956210205,6.879405647978981,1.0886167723869389,5.5156639796780675,23.0,1.099010422851624,0.020443378420091186,1.4047641697091449
2953_left.jpg,0.126604410486528,0.03446829583813393,1.489588873462018,2.738825375302954,5.960339503848296,1.0880482035528645,5.659652739878317,45.0,1.1015267134341113,0.02293675338063186,1.4216963798507982
2954_left.jpg,0.1321858397756518,0.03431945538370466,1.4909911600101868,2.893977468319974,6.395876433340586,1.0856217492129967,6.872921192175907,14.0,1.0932669876052294,0.023127128975132066,1.4336501983874816
2955_left.jpg,0.1481187228301604,0.037845400489681706,1.5267032156266296,2.978657299175751,6.335814695408005,1.0826966726640141,6.395842702243542,14.0,1.0895107203339331,0.02646779593264378,1.4776793888301571
2956_left.jpg,0.14900324337432178,0.03291873377049843,1.5059477395012506,3.558552288779121,8.83068962577474,1.0880367823462234,5.7592628143597615,20.0,1.0982097760856877,0.024729466207272836,1.4622863858494137
2957_left.jpg,0.0,0.0,,,,,0.0,0.0,,0.0,
2958_left.jpg,0.052449797633872974,0.017964858343711084,1.2970980774954186,2.154228970015427,5.411894024070676,1.0788231756430955,2.4809308841843087,46.0,1.1039547166441452,0.00791465597758406,1.2693664256459614
2960_left.jpg,0.05703368754239204,0.01558218403798327,1.3384352200058265,2.7046082576554493,6.5216762181668635,1.0758740289555997,1.2661089758082749,36.0,1.08001556652477,0.009052679177029165,1.2994531846709008
2961_left.jpg,0.04998013268349604,0.013288468405937058,1.2701844429929754,2.806070692613278,6.970258183958213,1.0829207729199182,1.5592071180319789,24.0,1.1001294326100433,0.007972075103486085,1.29036574649091
2962_left.jpg,0.10820202504343658,0.02716034589499331,1.445655831816027,3.0123572007576533,6.667575492874259,1.085917594277127,3.594751662572644,25.0,1.106244604718257,0.018353204321690332,1.4256653141502855
2963_left.jpg,0.05314947555573721,0.014995069764115035,1.265879953861973,2.583077626493187,5.902788764893693,1.0810295983235927,1.6859874010759666,34.0,1.0726641429072716,0.007827068783176912,1.216791021983599
2964_left.jpg,0.00014956774920479814,0.00013461097428431833,0.7224578103748528,1.0,1.0,,0.0,1.0,,0.0,
2965_left.jpg,0.11681091507690443,0.03198881022834001,1.4637870161500641,2.7475854867445375,7.085204083863599,1.0794419599919505,5.3020127450287315,23.0,1.0937958206431464,0.018395459457275876,1.3949469840720217
2966_left.jpg,0.12542631507146934,0.03075026399955537,1.4761097865578112,3.0806106182701156,6.644593957339233,1.0845712192553738,4.496834531647105,24.0,1.0899712664065773,0.023747328425552126,1.44587139978496
2967_left.jpg,0.14392842183880783,0.038070054147889845,1.518244643987658,2.907928614812051,6.330298476145447,1.0818843911116656,6.863106262079824,17.0,1.0805885055274405,0.028022668436271516,1.471013950422463
2968_left.jpg,0.12721827861579416,0.03314814067919658,1.4847544114564506,2.9237736322809376,6.681551679826647,1.0883387192973721,5.797773654916512,24.0,1.101719778106154,0.021028272969266758,1.427169956936706
2969_left.jpg,0.021559044122615376,0.005337958062118516,1.144837394472649,3.243429601393208,8.434192412641513,1.0816209641464363,1.0360593707065475,12.0,1.0665884439057738,0.002842406360503615,1.206348462296427
2970_left.jpg,0.08983633445886087,0.02530665141214051,1.402876363027161,2.6430260262037333,6.146242771947844,1.0868026871969703,3.0880290780967616,26.0,1.1043283889397875,0.016234933202387402,1.3474117548661952
2971_left.jpg,0.1110546223614105,0.031632570057347376,1.4773803801716079,2.6305599316217427,6.49968656212287,1.115373038325738,5.287346971977061,24.0,1.1076105268859187,0.018581974214015536,1.3997184154398568
2972_left.jpg,0.08316532021186102,0.02182525695433333,1.3940317694934237,2.8618612283938614,6.7792334069317715,1.0884395998923275,3.148777381439132,28.0,1.0916273560295437,0.013629036427124602,1.3907202355221584
2973_left.jpg,0.1460032381866155,0.037204165667226355,1.5253638928100561,2.936639747244168,6.596701124257739,1.107569520182324,6.19652994323179,30.0,1.1248794181033452,0.02517590149516271,1.4710582173118025
2974_left.jpg,0.11127605368212,0.026429818050512546,1.4396668139726385,3.3162931331138066,7.551577620296893,1.084866507737683,4.363176793917631,26.0,1.1047374939879087,0.017974282332644587,1.3989972689467802
2975_left.jpg,0.10884248466181103,0.03043675773898371,1.4553885225913301,2.645000884994548,5.845958087786808,1.0915999318539207,4.792404039597239,31.0,1.1090770147653795,0.01757714023273112,1.3873139799459526
2976_left.jpg,0.12172942169052081,0.03336381410434528,1.4791974821345835,2.699561119630316,5.733384210261127,1.0931036971325623,5.203623338503276,15.0,1.1050416676378865,0.02076902480056987,1.4163978694905512
2977_left.jpg,0.05610845324919718,0.015358904981696642,1.3184518595529893,2.7874588828108484,6.336109199289902,1.0793135814622807,2.3405828987651085,34.0,1.0845445035135348,0.009587027553341884,1.2823370074724256
2978_left.jpg,0.0981616476971341,0.02424361830572521,1.4138856891308524,3.1143733519797605,7.233285557537726,1.078874344435109,3.9404088931997636,26.0,1.0845450788010105,0.016979120884672315,1.3988322979028187
2979_left.jpg,0.14559398587407923,0.03896753463275637,1.5208531890407326,2.800555277391875,6.353336210793574,1.0732428619894347,7.6793274525852055,22.0,1.08945070509616,0.02576616447906878,1.4601805669092494
2980_left.jpg,0.099134157992407,0.027455845058798226,1.4165252498609922,2.692596196999742,5.63518576520773,1.080770534618629,5.202054811650602,18.0,1.081627938940147,0.018512312363383538,1.3838214380781995
2981_left.jpg,0.09114069167568944,0.02541239411502452,1.4204718119616135,2.6045401739878282,6.236741609123456,1.0896338273001598,3.086525601015124,32.0,1.0943309883010863,0.014325398186298766,1.3605228533856046
2982_left.jpg,0.1006253870597671,0.024279434308977756,1.4221589227584337,3.0890364337470158,7.003089924417539,1.1235847358167095,2.7919065168174297,27.0,1.1331259884890483,0.017523020538279577,1.3959219395189197
2983_left.jpg,0.07644204465851626,0.01986981843096951,1.3577260567683116,2.8589796777254675,6.267261637041408,1.0893251945007216,2.6077219248055714,31.0,1.0878296112903987,0.012471046616864292,1.3004910910800962
2984_left.jpg,0.09807355516637478,0.020413747810858144,1.4103128289753155,3.7354395176797297,7.658562731109565,1.0800267340494072,3.134453112561694,16.0,1.078122035107356,0.01654792230536539,1.38900752572334
2985_left.jpg,0.10331243411196804,0.026516622699278194,1.42396441154428,2.8958559247237967,6.9395635570106595,1.0893022492073368,3.1273171149995207,18.0,1.1096963210491702,0.017936676872481124,1.3700995340591724
2986_left.jpg,0.009741826517070817,0.0035840672377045885,1.06192425210514,1.8544848876190663,5.227669369299321,1.0736893287813494,0.40213938150963124,12.0,1.0667364080375108,0.0010857763300760044,1.0397964967045836
2987_left.jpg,0.058416857867407315,0.01524574326772129,1.299200728114062,2.842010605024937,7.049660094605726,1.0791041811578406,1.6604274846033087,31.0,1.0755840481172485,0.008110936682365254,1.2373987177353882
2988_left.jpg,0.11421633148652648,0.0278908649382187,1.4477338354860831,3.0831666304660934,6.295132400961946,1.0815191830611186,4.693542297999122,15.0,1.0911583756380328,0.01943228544899854,1.4083639458301085
2989_left.jpg,0.11090916373759525,0.027332992860075504,1.4440820773304084,3.0598994554149157,7.454556520233734,1.0838722602885613,5.157168464165189,27.0,1.0961325055497313,0.01743423358468271,1.3884654499878257
2990_left.jpg,0.14744877866526643,0.03770536498672133,1.523415094027514,2.997459978257858,7.291071027445962,1.0794721273314327,6.917025981763286,19.0,1.0961942967252831,0.025699023538084034,1.4710468538849857
2991_left.jpg,0.022434004121870858,0.008624424053873115,1.0962806750603704,1.7418806704247753,3.7795849994040163,1.0736804964684783,0.3281744312737106,31.0,1.0808519073718912,0.002907625461085076,1.0969567479021642
2992_left.jpg,4.468854319818028e-05,4.468854319818028e-05,0.1489258929086539,1.0,1.0,,0.0,0.0,,0.0,
2993_left.jpg,0.12293610728672684,0.032797919534954874,1.4750719758482225,2.8274370616116866,6.631250773981931,1.080675112573143,5.252154403141095,31.0,1.0909000226628134,0.018790474733567895,1.4055777126673132
2994_left.jpg,0.011555285540704738,0.003517618469015796,0.9922253561937745,2.376371332634587,4.981893301128165,1.0755279821965031,0.3037667071688943,7.0,1.0779856721757524,0.002168894289185905,1.1673430540162089
2995_left.jpg,0.09198308403480086,0.027347140636670098,1.4417421871633211,2.4424810427600674,5.69955965811103,1.0832371246689099,4.138153777831607,21.0,1.098969782548837,0.017062314540059347,1.387402549391844
2996_left.jpg,0.04692079442229625,0.012524347841916517,1.2771805882899676,2.7464181484657146,5.789551680679546,1.087621065400567,1.4563195165019205,19.0,1.1118168268863728,0.00862414213678481,1.3040978668793453
2997_left.jpg,0.13193606831222968,0.0332678943623233,1.4911297411943263,3.0062945109536257,6.919342438087208,1.0849988683954248,4.945773130321122,16.0,1.098528612984515,0.022775789935856352,1.43999408993354
2998_left.jpg,0.10515287841038147,0.0308574044564959,1.4795811355471469,2.4715860973598187,5.389148061643929,1.0796180689692942,4.8861225316277395,28.0,1.0919119452902644,0.01905587787334818,1.4151297530091251
2999_left.jpg,0.15389858921664665,0.03751148723023944,1.52872610548179,3.221713181416459,6.851227416930738,1.092792248456185,7.826464558738879,23.0,1.1009310847828175,0.0284428870060491,1.4932891390333989
3000_left.jpg,0.14390904658748788,0.03640448534622711,1.5167862419152267,3.050563436540673,6.683824199024703,1.0794557554590467,7.3381953065707,18.0,1.0908423012016895,0.02521122442312235,1.4597866449290995
3001_left.jpg,0.08620008381727834,0.025456504819493506,1.378985858697758,2.41702826025775,5.364871227224354,1.0767170217769295,3.77177752499551,21.0,1.083089980556122,0.015350535831886487,1.33390144080682
3002_left.jpg,0.08485048769252339,0.02739890644715496,1.399616496947931,2.2397401169243185,6.016849695956598,1.0887733034215776,2.703839452021871,52.0,1.0961583489261522,0.012107192212942378,1.3328459250851123
3003_left.jpg,0.049361725218523764,0.013552316826668716,1.2955959905737697,2.6813786332960325,5.700727705239652,1.0615962771410579,0.5426353083751237,15.0,1.0674446953775083,0.009591079075530314,1.2969463309471498
3004_left.jpg,0.11424020485006729,0.02682104350543629,1.447499790505605,3.2803000981467725,8.215854333123367,1.0825721455799757,5.343038172479321,14.0,1.088598846997723,0.018448603501202185,1.4030639289349611
3005_left.jpg,0.10882113353889825,0.027981149331081114,1.445369601076026,2.9220580709600044,6.814588614345395,1.07906625088949,4.297872553086222,27.0,1.0847697069736875,0.0174063838399992,1.384635215718407
3007_left.jpg,0.12098884003381505,0.03389008108608331,1.4744857673950509,2.7001927201663305,6.034281738491138,1.0800044113136578,5.452426329716724,20.0,1.0975388578611365,0.022014796584480092,1.415089712516031
3008_left.jpg,0.1336644167811818,0.03255092555169348,1.4915598583423086,3.119855540830667,6.632853612550464,1.0812490498625043,5.405787729367068,23.0,1.1010045604557759,0.02315394875111147,1.443203117417438
3009_left.jpg,0.022998459433339394,0.004880055881424211,1.4131182230821429,4.0287424614288145,9.17882923143322,1.0907791230565127,1.1482484426880497,3.0,1.0723751689346797,0.004100203814098577,1.4589529942897281
3010_left.jpg,0.11342524347526271,0.02914207762226231,1.4582206292970972,2.923228230734709,6.286929398141195,1.1005486524958357,5.996312267955208,18.0,1.079929344805692,0.0216067118721986,1.427011786168559
3011_left.jpg,0.14069201739894818,0.035853755879217755,1.5086916842703775,2.967164887260336,6.833052132838629,1.0821027250927335,6.163390470994175,18.0,1.094287498062558,0.023602754328266216,1.4533647620877417
3012_left.jpg,0.12263757501780083,0.03373003763604923,1.4770268544997491,2.7328473580847357,5.760646302801432,1.0770083421971264,5.238531176889431,30.0,1.0852309512901501,0.021732275455192757,1.4142600890217307
3013_left.jpg,0.11598730286693203,0.0319191817403134,1.4655249940869393,2.7196640115994883,5.924790890510198,1.086338506704819,5.088930316924472,23.0,1.108610712874079,0.02095026956215045,1.4055850087831223
3014_left.jpg,0.024369347446972462,0.005951656730340269,1.1736581760110714,3.053225340921825,6.758748813195363,1.0907741780674662,0.8618242284138379,8.0,1.0765030927410553,0.0039238350164253555,1.2242493493460422
3015_left.jpg,0.12591563013615242,0.03313008542499442,1.4819050027844247,2.8555275360840997,6.544833639224231,1.0810137272556455,5.68147231296796,30.0,1.0901709088517682,0.02135117586185906,1.4152516576420693
3016_left.jpg,0.08912350808013238,0.024029151850156673,1.448682091176153,2.78118793167704,5.530349867053815,1.0796260501278616,3.784811463577791,33.0,1.0849871773127473,0.01723849593352815,1.4078747072147348
3017_left.jpg,0.11865846104661618,0.029881911003656562,1.471875588323947,2.9396590255983357,6.135094357151594,1.0860307964642892,4.046196575219294,19.0,1.0984119791550233,0.021384898195696046,1.4277170090539981
3018_left.jpg,0.09305391043042618,0.02329343552825032,1.41873189630035,2.9935430587981373,7.302656911693274,1.0854879297511875,4.332376216176355,40.0,1.0975446855838864,0.01356402468532661,1.365919630390911
3019_left.jpg,0.11154898625447707,0.027179367980644274,1.4350766746054187,3.1645943910827032,6.91141584447466,1.0759974793425593,4.331794313727562,15.0,1.0834150346807667,0.020227366374710773,1.422897936771846
3020_left.jpg,0.07044050273442266,0.017144219996228383,1.3132824210182603,3.040915154884541,6.812183478002099,1.0794996983985423,2.5513882880184586,31.0,1.087944238641293,0.011165097008219908,1.2834083134238705
3021_left.jpg,0.05456765336299753,0.0148085845293974,1.3638481846129122,2.7579511046865934,6.192061380219167,1.072234078313686,2.279078601079849,13.0,1.0818041374196883,0.01005507773285943,1.3510867576114796
3023_left.jpg,0.10331784668215331,0.026285223714776287,1.4324157048628094,2.960490908700153,6.688298854268071,1.0840331459889705,4.191495808504191,26.0,1.0877311161149983,0.01748813251186749,1.3967293494661361
3025_left.jpg,0.1277420006566154,0.037088668333459605,1.5025700617217583,2.5292737742575713,6.435092146225181,1.0912552460929066,6.616662878500897,31.0,1.1020677538325458,0.019930802838598882,1.408329894868352
3026_left.jpg,0.15440305778310726,0.037208024182467714,1.5339066894562041,3.1935263455289404,6.674326251690614,1.0925759466797162,7.344675110544855,17.0,1.0981709707285592,0.028639236553498714,1.491008702148542
3027_left.jpg,0.14070381816369254,0.030754660552287906,1.4943617506366824,3.637298239338916,7.371913754498874,1.0994439859859377,5.582693649685973,24.0,1.1062247451570797,0.023576911574120226,1.463737964250391
3028_left.jpg,0.07801069620857606,0.02227103428516856,1.386858144349948,2.5314807795779193,5.446878185713486,1.0809340549452313,3.1515614554483813,43.0,1.0884333497394805,0.014253652946232452,1.3541117094507482
3029_left.jpg,0.0007117761085534286,0.0004644212906873435,0.7144088371688372,1.0180092853205693,1.1840949166102643,1.0785168470184974,0.0,4.0,,0.0,
3030_left.jpg,0.010612414174462006,0.004843094788258606,0.9997954975993072,1.6416353534812893,3.782879386049824,1.07301238280438,0.18432330307359107,9.0,1.0658293692266745,0.0014561540942813695,0.9349407487605573
3033_left.jpg,0.11252861441909515,0.028668432830062502,1.4549268336187127,2.9960835855117804,6.514637296823354,1.0789871103998776,6.327323233622264,26.0,1.0837005789617757,0.01840067902981044,1.4120589923316078
3034_left.jpg,0.028310584832323963,0.007027930940974419,1.2363664977998323,2.9145818942658095,6.844186845396492,1.0937045521215363,0.22597848684805208,21.0,1.1056294513302245,0.004668715538280755,1.29706664759577
3035_left.jpg,0.09383810094423312,0.023171564324429766,1.428147578105247,3.101897521808651,6.792811530370105,1.072658239575353,4.18007774944614,19.0,1.0859943061730057,0.01638126024699615,1.3827158022542347
3036_left.jpg,0.04649012444862136,0.014627639417319732,1.2666053164638935,2.4232358176370723,5.847246928407111,1.078264836567127,1.869508319312021,30.0,1.083920036390194,0.007402242399438137,1.3023740944913098
3038_left.jpg,0.10165378256627011,0.02458680715307727,1.4160295833792769,3.213004035130704,7.470649987024603,1.0934074351836134,4.7525393222069985,29.0,1.1110230686530518,0.017452942276870807,1.3708922078029409
3040_left.jpg,0.12078970893498386,0.03107622842770345,1.472125256767062,2.9066711248544403,6.616259164488218,1.087645122582389,4.747546680000202,24.0,1.0914665568622046,0.018914427996383782,1.4075549698217165
3041_left.jpg,0.07314111996581146,0.021382401647265646,1.3775550151925673,2.502059266222811,5.917289984761592,1.0927136370649027,2.4281628034596463,26.0,1.1014664810484651,0.012296216436719649,1.340197415176053
3042_left.jpg,0.061117718078924875,0.013104405666818903,1.3216449675142974,3.600588020892664,7.604963928850273,1.085961077102882,1.5826576892293363,17.0,1.1142417306301409,0.01078015980320782,1.3714465848072488
3043_left.jpg,0.003801770141268215,0.0012842564989406042,0.7543445777578008,1.9979454835649981,5.686245538692325,1.0668907782142656,0.50999355553598,10.0,,0.0005007209454353259,0.7901329828832748
3044_left.jpg,0.12112527007363641,0.03044911837186629,1.4765108329740328,3.051507202898442,7.279168951277511,1.0964491068479985,4.899294991450731,24.0,1.101206439076845,0.02058683755407597,1.42296910291851
3045_left.jpg,0.05411076193522892,0.013854650834572177,1.3152923230096472,2.8224563194225776,5.996468301748208,1.07156075527508,2.540411358461452,31.0,1.0750234497519884,0.0086468075497262,1.3019627865710073
3047_left.jpg,0.09021004593659047,0.027015925018660174,1.4065939344986693,2.4296617666078766,5.444461346040572,1.0811691780950754,4.057648667738688,14.0,1.0848765383573142,0.01586991478937798,1.3344182334940513
3048_left.jpg,0.09306047037562407,0.025563234173157593,1.4044655099241812,2.719819391059483,5.806751429988359,1.0878280041131303,3.1802601755705537,27.0,1.1000321672009075,0.015946733166075207,1.3511279998275574
3049_left.jpg,0.1328354128924946,0.026451251210437798,1.4967032870401071,4.04234226818116,9.29922205883107,1.079843268096865,6.301226422525031,20.0,1.0854478993304115,0.020756981156553042,1.4749522351823443
3050_left.jpg,0.14880801996907622,0.03837680514991966,1.5254755490231162,2.9370186649592482,6.504761618386013,1.0780934160811837,7.225652582539185,23.0,1.083165937947738,0.02584560346831324,1.464881805052622
3051_left.jpg,0.010873716712759936,0.0036261061234256577,1.0315352756062044,2.215231999168575,5.662949054528055,1.0983966488340309,0.7822817778963983,18.0,1.0822617556894445,0.0015553602407587213,1.1331301393983106
3052_left.jpg,0.02396153615665811,0.006260055040542846,1.1434499284791444,2.94183741447145,6.608771650535755,1.0681585372516773,0.7375617131714692,12.0,1.0626730961430229,0.0034204424448326886,1.2228374748150703
3054_left.jpg,0.0022436136606720893,0.0008158595129716688,0.9493773933572086,2.1068656086839144,3.0295084971874737,1.062806831898955,0.04974753127876029,2.0,1.0451339584017334,0.0004775763002760988,1.092174457349372
3056_left.jpg,0.11491427735074872,0.032239993136131705,1.4619230520301447,2.6416111407180973,5.963409132963902,1.084996789216199,5.248840460484812,30.0,1.0941977138958554,0.019395474893887623,1.4025573314132302
3057_left.jpg,0.07746560704884986,0.020997004036719495,1.3936199961290168,2.754817367942499,6.027423666329961,1.078016247095297,2.5261073191433465,13.0,1.0847650631233958,0.014181566489670748,1.3631533017976192
3058_left.jpg,0.0968867862936234,0.025542514777595306,1.4225630051788765,2.8501448104040947,6.7376652692037595,1.0828431482770913,3.5657069390665885,20.0,1.090008093880988,0.01661820318503006,1.3758904688518288
3059_left.jpg,0.08549631398870261,0.023365733952119647,1.3855285853025117,2.7058612932822115,6.1028882579047,1.078939851396408,3.224944949181922,39.0,1.0920340589806659,0.01278892231409956,1.3219400053570054
3061_left.jpg,0.08412190264929041,0.021728718711401276,1.38212239428679,2.902220226291443,7.653877310223179,1.0925198480340934,2.419903707998286,22.0,1.1100143693821614,0.014625293035214641,1.328369987981974
3062_left.jpg,0.09782422993819406,0.0255313803326466,1.4195202313280617,2.937770123180014,6.630095981323515,1.0927450912233165,3.4169137229284963,20.0,1.107842090157048,0.016813225466056982,1.3669105062380613
3063_left.jpg,0.14295459368778488,0.03680104294044527,1.5201238591938167,2.9060218063864944,6.686367516909676,1.0785390022942576,6.4678477226101805,20.0,1.0889618585620318,0.023248880759163627,1.450261345571707
3064_left.jpg,0.13797493293727173,0.03483725606090458,1.5037506598481623,3.0379816156703576,6.713815894483297,1.083617384214093,5.556986900666333,13.0,1.0960417740707424,0.023248412469878604,1.4507596774386038
3065_left.jpg,0.06854435901260685,0.014979952899484245,1.3423223158661977,3.5390125713384846,7.426434042016085,1.078555220156704,1.5368690361571042,30.0,1.0739609300600148,0.010495911476343517,1.3451408655230586
3066_left.jpg,0.09520779037113361,0.025112633088874074,1.419637707467032,2.818230284143405,6.585345513025162,1.1074581044407334,4.444713821039659,37.0,1.1043944698012256,0.015465583772753904,1.38124512388037
3067_left.jpg,0.11439453638035198,0.030465135075064154,1.4565800602370422,2.8253625446868584,6.147394845625896,1.0794038654982032,4.748338081671415,28.0,1.0863629406169435,0.020074356953789577,1.3961791062783528
3068_left.jpg,0.14827591363865222,0.03716867980398706,1.5212883976510887,3.099594491258442,8.065866407995157,1.0760624701647388,8.325066426053969,20.0,1.0817057354519959,0.025219467694255704,1.4715267649414934
3069_left.jpg,0.07153475200177375,0.01911322304471174,1.3557277135454942,2.8110284062697666,6.476242264905971,1.0743213192014365,2.418757464134362,32.0,1.076645483643907,0.011630192140046057,1.3385275357885507
3070_left.jpg,0.08050234184975978,0.021202283554787222,1.3744582098435163,2.8318808561618654,6.197762824975726,1.0920248693452468,2.311697187770117,21.0,1.1030366487133794,0.01450338713892295,1.3292859734484164
3071_left.jpg,0.06073630929122258,0.017210791777265765,1.3434580222616228,2.5240979674227675,5.83576065492137,1.1247162050305766,1.6168802295969926,32.0,1.1499848560718935,0.010954363555519625,1.2788284228341864
3072_left.jpg,0.08368228311655512,0.02264427326682662,1.3796786793757905,2.69735645766199,5.812105631213961,1.0879638857627858,2.7276171233741633,22.0,1.1050284394356529,0.016097992170728628,1.3477329935625277
3073_left.jpg,0.08686413817934714,0.02159305857713002,1.3940999827465133,3.0182606621245047,6.5752786452701795,1.0823593440526997,3.1441278341523278,22.0,1.0873788026550764,0.016121261910919758,1.3847821627129393
3074_left.jpg,0.04647155588872231,0.012899800099950025,1.2429502771583432,2.6477011335192318,6.096413488585516,1.0794790609964038,1.0932033983008496,35.0,1.0845323755031127,0.007532691987339663,1.2535569169635097
3075_left.jpg,0.07187962182434922,0.017374273758385534,1.363043598290235,3.1488551703258985,6.275360994268707,1.081069257210385,2.2209995507523637,21.0,1.0900321173826355,0.013300758673255633,1.3269231218038
3076_left.jpg,0.10385285403028484,0.02681562582201333,1.4456605455955847,2.8609766843897666,6.578755747256911,1.0806823773473242,3.6230625300887898,22.0,1.0925475460301184,0.01831383662469539,1.424759582120679
3077_left.jpg,0.009866448078691671,0.0031238754048542525,1.045496359890593,2.306239704600681,5.079540789260176,1.0777549883914952,0.09996401295533608,10.0,1.079838107591928,0.001634411611819745,1.085923041248981
3078_left.jpg,0.06503547711031993,0.019705577860263113,1.339991303194704,2.4998092478856266,5.621645963011389,1.076851640831707,3.7370906244476427,23.0,1.0828585062661322,0.010736560361588769,1.3007169876864328
3079_left.jpg,0.13368567621386115,0.033517489881371244,1.4929813610177542,3.0528219549144437,7.223992376688763,1.082220760584109,6.33817929561368,25.0,1.0930258261431227,0.020811187135991376,1.4311664144161593
3080_left.jpg,0.055598847429368804,0.014996103731356807,1.3478132704320154,2.6939749801840223,6.164478944531061,1.0851197236147834,1.5856907268806293,19.0,1.1049727389928365,0.009178884036171871,1.3262799371431466
3081_left.jpg,0.06809683015107952,0.01920156541677421,1.3452520424587049,2.5836151409967356,5.639428601639158,1.0888360193585354,3.0011824658915613,32.0,1.1025002444722432,0.011752630536431354,1.2973613948662042
3082_left.jpg,0.10581498588401951,0.027568559770952007,1.4437525060532679,2.937049792410798,6.880609768407055,1.0797459583224165,3.8906235971309147,16.0,1.0886576670156651,0.01831585878033938,1.4103006296747895
3083_left.jpg,0.09171961808443395,0.026341528327622342,1.3776865300883674,2.5374141750209063,5.868497425645053,1.0703638235740627,3.459862270867294,28.0,1.0754068706337765,0.01652084234339133,1.3418299654842503
3084_left.jpg,0.1110970766852258,0.03030425512565302,1.458044083639392,2.725314403495127,6.059566054653521,1.0812646155180425,4.193486454533512,27.0,1.0882665242705958,0.019002051271687397,1.3984568260102892
3085_left.jpg,0.13488278092158448,0.03468067906224737,1.4995957427156283,2.9079672525934166,5.95886712820319,1.0818594592767274,4.799919159256265,30.0,1.0965764475771618,0.02254951495553759,1.4349303804456826
3086_left.jpg,0.10192101915971816,0.027583735438412308,1.4298461298791745,2.7202958356684985,6.007570340143534,1.0798143878808786,4.391189356160788,27.0,1.0835847125476736,0.016822797843774606,1.3615219075502893
3087_left.jpg,0.13299743273565262,0.03547170955547919,1.500776393534003,2.8196111267621378,6.189000749473713,1.089851100487146,6.670844367179446,14.0,1.1066908689924109,0.02449513836948392,1.4399070418955937
3088_left.jpg,0.014904266226255953,0.004257640267276777,1.1076536644866233,2.7392282466056823,6.673053659842422,1.0851628231473436,0.757587236170245,17.0,1.073391726223455,0.0021464971691490275,1.2086148272172188
3089_left.jpg,0.1042660658170173,0.03192430093774511,1.453178134824542,2.3565604822560196,5.387020951082268,1.0880901438022863,4.696219543267669,23.0,1.0866384638794528,0.018285280349318797,1.3822736049355542
3090_left.jpg,0.09955407754515909,0.02594915980147633,1.4270410588706988,2.858432987602517,6.951577945115697,1.0867857627804578,4.182097599072884,38.0,1.0951471484892537,0.01520671151084574,1.3627513339129063
3091_left.jpg,0.1219398262092521,0.0329901049776483,1.4814684553360857,2.7690375307473882,5.973004253475344,1.0821849119149747,5.977196242905219,20.0,1.096337262718129,0.021985031895122808,1.4151235607015251
3092_left.jpg,0.11640158192204539,0.028724108148514803,1.4508660264836368,3.06534692869869,7.104212156496645,1.0801025188093598,4.596261370696056,28.0,1.083963478506437,0.018041588589149792,1.4067640651242648
3093_left.jpg,0.07328145593366694,0.022294489246633103,1.36123496596136,2.3747863387290225,5.181800336900865,1.0921705147464422,2.575354363710732,32.0,1.1100467962217229,0.012876771818553661,1.2927575298588103
3094_left.jpg,0.12167516713063621,0.02813281043626684,1.4585056998873658,3.355435478404557,6.872417055924871,1.0841604150175237,4.368764350882897,26.0,1.0901408146246963,0.0210361083453559,1.4261479520154912
3095_left.jpg,0.10174695017095227,0.024965101458657872,1.4287263896377087,3.0326765119685812,6.8929745469938135,1.0908385763250017,4.046207691840822,15.0,1.1001100158053645,0.01737340427684153,1.3875907850883213
3096_left.jpg,0.02817665826354686,0.0067867450506976955,1.2273674929234277,3.172785041245157,7.352641668518433,1.0988262889589815,1.115907257962252,21.0,1.099431507294097,0.0041440737716143625,1.2229974456960395
3097_left.jpg,0.13519584090450232,0.03523117302644862,1.5069724126524382,2.8404030059930077,6.675421483495406,1.0870256725644911,6.107409650716737,16.0,1.09978336969369,0.023324247930547142,1.4411461608935312
3098_left.jpg,0.14753369571806738,0.03832319599086629,1.5222761477567546,2.9058363190739747,6.293813538714262,1.0830553521850677,7.476711055428699,28.0,1.0897035106075648,0.025602683533049085,1.4668790131271612
3099_left.jpg,0.1311204742540787,0.03456469550732448,1.5032529150058147,2.839080580182469,6.370784981119353,1.0915216775775867,5.438244084072314,16.0,1.1026787341996895,0.024173239919651167,1.445175336231385
3100_left.jpg,0.08836247885406552,0.022422197975996237,1.4131192386076097,3.002261444039032,7.310084035660646,1.0764893936078908,3.553517982802975,15.0,1.0825360337765026,0.013313180048247766,1.3725013764878633
3101_left.jpg,0.13857016769638128,0.03742480039768289,1.5110725066566046,2.8352098705312327,6.30441686844668,1.081265953753063,6.340607278002658,29.0,1.0905377169032553,0.025078369905956112,1.4561422542018285
3102_left.jpg,0.09417799666343667,0.026482722795520615,1.41115310836029,2.5999863464830475,5.595882483569767,1.0863044486171098,3.8959871332527496,18.0,1.0945554198814773,0.016333176827867297,1.3575005733260717
3103_left.jpg,0.12343628524984097,0.036292317478267014,1.4933199643878343,2.5088980861822057,5.3713716182832965,1.0778604923279331,6.360873559968902,24.0,1.0963169075111687,0.023489797360742304,1.4208155148205999
3104_left.jpg,0.07183410877098628,0.02095964849081398,1.35701116699759,2.574364781585119,6.577152420959286,1.076877731712737,2.993510677700375,43.0,1.089134441667959,0.009766962804361392,1.299170803813863
3105_left.jpg,0.1439072074848318,0.03905590890490889,1.5224908365003744,2.7465641821408506,6.308889240468822,1.091220438101414,7.628304546166398,23.0,1.1066229538381158,0.02422365582706482,1.448489246224415
3106_left.jpg,0.15420596153943295,0.04060736782021428,1.5345937754012196,2.8981821953035576,6.939215770072059,1.0755664611430271,8.486177128742378,23.0,1.0798395320735457,0.026049533007693124,1.4654045530922803
3107_left.jpg,0.1088276266930062,0.029846295769988773,1.4678915527424996,2.706347379998328,5.8229699054129025,1.0780869933190889,4.286386529564419,29.0,1.0886979343030252,0.01850600792981508,1.398459160706768
3108_left.jpg,0.12716009621674937,0.03069676627180225,1.4811481259972636,3.1785261813498686,6.894674276114726,1.0820233331097073,5.082579333527914,21.0,1.0896526539190776,0.0219255427288922,1.443564232261608
3109_left.jpg,0.03744574081043784,0.01161209384017062,1.2124349637622858,2.3599968018513753,5.710970134546335,1.0833329674366508,1.2545477355413372,37.0,1.0909534642847143,0.005464809936018065,1.187035855195555
3110_left.jpg,0.10261587038189403,0.027850376823618888,1.4514082356818787,2.7582769644411447,6.408546007470927,1.0873429101179612,3.503192053285395,36.0,1.0962105907302204,0.01696743414229413,1.3846922579444172
3111_left.jpg,0.06845937179056974,0.018379549129068667,1.3610148338040162,2.7509044959929962,5.579205340614953,1.0797594217943658,2.3387531395218777,22.0,1.085700121519937,0.01209033688213701,1.3657067581806328
3112_left.jpg,0.09664482000619355,0.02446453682879901,1.4163312987827497,2.9771498435369255,7.240739501865286,1.077539536535341,3.9598129749871815,21.0,1.0832189427821788,0.014681768107260166,1.3800540632004206
3113_left.jpg,0.0,0.0,,,,,0.0,0.0,,0.0,
3114_left.jpg,0.15412992394572606,0.038219167698410696,1.5295796607782188,3.0653174203309925,6.359571578254459,1.0934154451442286,5.861990550066958,22.0,1.1039575651634692,0.02688430148823812,1.4717805374654993
3115_left.jpg,0.09943651465666707,0.030180234667956937,1.4284129544461508,2.425373992061641,5.978250147704702,1.0828446239033553,3.6792871255191324,36.0,1.0986479475756241,0.01651143099068586,1.3320651222595783
3116_left.jpg,0.044308950444175065,0.011402905682907853,1.260176529450146,2.928281560759446,6.212136733196101,1.0681375035094351,1.0855602395469595,14.0,1.076310542070698,0.008042192107977058,1.2998701705011348
3117_left.jpg,0.06823019094948964,0.0192769500659754,1.3351011726333517,2.642667010538314,6.410804576400867,1.0904462104585133,1.8200110211778504,41.0,1.0931260078288803,0.009757281307981255,1.2834094566185434
3120_left.jpg,0.09211949737871349,0.024543661185869037,1.4141893759180562,2.8383196563960205,6.008390184665617,1.0772559346477215,3.426518314740392,18.0,1.089395329560899,0.015874569849575845,1.375768557592513
3121_left.jpg,0.06855043198436189,0.01848727098374411,1.361537521733106,2.829734372116744,6.465429326183009,1.0868107071438968,2.443454768425032,48.0,1.169339472215468,0.010672826016799903,1.3475891644096358
3122_left.jpg,0.1626665867150374,0.03939116834315239,1.5462491407074606,3.1649707533482854,7.266427134135673,1.0766726379015465,7.445495475237482,10.0,1.081451995907639,0.02963706957290839,1.5006624643315016
3123_left.jpg,0.13916328303335151,0.035962466921196694,1.5043617167738155,2.9555571246694505,6.729371813547812,1.085960467398529,5.656222855180494,18.0,1.0956158151072355,0.023554128032644485,1.4472675216762048
3124_left.jpg,0.12734584450402145,0.032883068673953395,1.4772169279419116,2.9337919546222784,6.3355651939724105,1.0825452788626948,5.516601361105383,18.0,1.0891765743223765,0.02170035058775005,1.4161829723043238
3125_left.jpg,0.10279671560089575,0.023767106245334662,1.4222780134937207,3.249714545826285,7.105819465331263,1.0786042473899837,3.6327444637969646,22.0,1.0860679721609714,0.017258024384175168,1.3932522343738805
3126_left.jpg,0.1362928226352149,0.03058103975535168,1.47454969361883,3.507613354077401,7.7662925131693274,1.0943061329426047,5.455279819136492,16.0,1.1182053903645435,0.023782921826889285,1.4516777142928723
3127_left.jpg,0.09984852310022721,0.02592274678111588,1.432931706404611,2.947325894230758,6.742149077774174,1.0806339727433298,3.938399394092401,22.0,1.0821949766336139,0.017222923504165613,1.3953353600005172
3128_left.jpg,0.09276831139465395,0.030954736332068158,1.43300644831379,2.099996332571299,4.433845962442452,1.096650813248765,5.249131874343859,22.0,1.116776087679028,0.017695631107163046,1.3528062886147825
3129_left.jpg,0.1351615368652282,0.034352207560826235,1.498576551465308,3.014748326203751,6.525050092866075,1.082577523193802,4.70716856218777,21.0,1.095406529822541,0.023156232443020484,1.4472017716373975
3130_left.jpg,0.03662814535846077,0.010675616163763649,1.2439976127222314,2.4672639841442674,5.33001156099615,1.0984498092391832,1.2654831867903804,16.0,1.0995364977753093,0.0068487950069095384,1.2739657094695582
3131_left.jpg,0.11499454523415087,0.03229760124988215,1.4374121596610268,2.650930942743567,6.141230757363642,1.095247272410223,4.983366331299581,15.0,1.1181248690704244,0.020694438832545424,1.4177691953120053
3132_left.jpg,0.00025725483866086244,0.00019168007586495633,0.3659667998232892,1.0,1.0,,0.0,0.0,,0.0,
3134_left.jpg,0.06469704207970063,0.00940523109996417,1.3852523517913546,5.423061078045983,9.70034720324149,1.0908993419269903,1.0450256777737967,14.0,1.0886326610690256,0.008365181734941678,1.3930363111884176
3135_left.jpg,0.11744337254664772,0.03268616243787865,1.4645050035800216,2.7098897456846456,6.244083835345457,1.0860046944812587,5.594701666313847,22.0,1.096131890936176,0.021481638289936593,1.4012541796126985
3136_left.jpg,0.11614784618914006,0.024551326168669597,1.4687959665521095,3.685145104818807,7.619331987979983,1.0921504068411971,3.3970388409479946,19.0,1.0926891282452222,0.019363121393403567,1.4457160064155672
3138_left.jpg,0.04766507711474846,0.010595222752072862,1.2530123300584268,3.3725630008159646,5.821920534078117,1.1032662711280838,1.396228036258968,22.0,1.0808263023647218,0.008962709971216221,1.2760664156233157
3139_left.jpg,0.0470014193616218,0.011139838183217125,1.3407314105420092,3.255343674599098,6.634674563566897,1.067078193169477,1.7204383294543821,15.0,1.0717555456908756,0.00835846288393254,1.3450055262312706
3140_left.jpg,0.11037199787862717,0.03014369775488042,1.4480426854220187,2.7807688284848715,5.960545950549861,1.0839947598380488,4.747834431901406,22.0,1.0847607032714661,0.020718741318786777,1.4096031952024657
3141_left.jpg,0.10196883022376746,0.026970346263467487,1.429730409134135,2.8120225675801036,6.62997672760204,1.1055606878476705,4.194376503406036,27.0,1.1236203849110846,0.016580420852620726,1.3783230040761263
3142_left.jpg,0.14918221120416,0.035225887071580454,1.5228995681172297,3.2702737899712466,8.166948894818482,1.0840944465022275,6.85269724178936,20.0,1.0959220450153533,0.024437927663734114,1.4670409597456513
3143_left.jpg,0.013214500639090453,0.003879303913620833,1.1942132479497416,2.3844473992134443,4.6181369700700365,1.0939745058994959,0.1989386622369658,14.0,1.071628311131771,0.0025563618097450102,1.1281326087650319
3144_left.jpg,0.03515120319135247,0.008709303821901944,1.2292022923940686,3.098429154442014,7.566880816346721,1.077945488487153,2.3677776347960364,23.0,1.0873040848803985,0.005332647020975421,1.264908173076094
3145_left.jpg,0.15283229412398078,0.03962373116942865,1.5439625296427077,2.924686536479792,6.399580390604865,1.0978159210474845,7.683949843873886,23.0,1.1245964649025546,0.026242891122835524,1.487921017014219
3146_left.jpg,0.007270603399661645,0.003167042616611617,1.0538679298892568,1.49862354232524,3.442240526547199,1.0978328749519757,0.0,17.0,1.1332065186546263,0.0006646257955369371,0.9992365930771975
3147_left.jpg,0.003398317901803829,0.002024235493747464,0.8564100569584884,1.2422950623420206,2.9727541191801437,1.0412449550916767,0.0,16.0,1.0423642478214117,0.00023977276919104356,0.8475202294385803
3149_left.jpg,0.06002695940669409,0.010032679576011103,1.311291570748903,4.7603925017942545,9.680955303778997,1.08605245017071,2.3378083295613377,27.0,1.077254302607778,0.007257153942191471,1.3156160222476054
3150_left.jpg,0.06566388940818627,0.01861891601024672,1.3331392283640515,2.623933446233707,5.994130324880937,1.0944417788899785,2.4252590732478767,29.0,1.0821461690019998,0.010832823860507183,1.2971247689664323
3151_left.jpg,0.05596985673127805,0.015615506732258002,1.355409907861674,2.652684248051961,6.137175424760569,1.084219574487238,2.106892969837132,21.0,1.0932000855392723,0.010088587499755013,1.3545248502783878
3152_left.jpg,0.08487159146074334,0.02217104562084848,1.3961310835607663,2.8491842015023994,6.107090315506958,1.090577354740441,3.552103437252093,11.0,1.0937208335553819,0.015149721159880176,1.3755578479323187
3153_left.jpg,0.1350303321040586,0.03311546187749228,1.4964115250739654,3.1313682080536958,6.659528991512488,1.0805379846379908,5.496756913421081,19.0,1.0777001054782553,0.022536703345026433,1.44279346100224
3155_left.jpg,0.02299273719806255,0.005096057260961256,1.121589292638852,3.347834855999313,6.6670784156336635,1.0745354643019027,0.47331801185398664,17.0,1.0841417965009141,0.0035709214449872995,1.2234351756115052
3156_left.jpg,0.0003128737453510494,0.00020185402925874154,0.5163538779345476,1.0207106781186548,1.2071067811865475,,0.0,4.0,,0.0,
3157_left.jpg,0.13350747568226484,0.031783466427842876,1.492991266407777,3.2162672005554303,7.2176793066318226,1.0942178239678821,5.274025424782944,22.0,1.1108048864530133,0.021867303530114186,1.4445852573542275
3159_left.jpg,0.09253337290156209,0.02300926612874342,1.3904259352875055,3.076596513151522,7.045118009179176,1.096090865555403,2.404793213366557,24.0,1.1005654134341276,0.01685401881878604,1.351689880849162
3160_left.jpg,0.15902061855670102,0.03567313523347483,1.5262952487433188,3.4816092952084206,7.691928211997748,1.089868055478403,6.822316555488174,20.0,1.1103561229914425,0.02779462300384071,1.4891735064457725
3161_left.jpg,0.04829599132830136,0.013246218562606283,1.3715777740583068,2.6605588972702563,5.715587569071615,1.074258471565658,1.4419682369203537,14.0,1.085298491031425,0.008810923158009885,1.3464654220315095
3162_left.jpg,0.038620099757816266,0.007355025436751257,1.2195026285078054,4.045669076062761,7.756993719161933,1.0824583374774908,1.0443240985245192,21.0,1.0826161190587922,0.005127134026565616,1.2286426073324421
3163_left.jpg,0.1410105461031972,0.03839953914489143,1.515656606778835,2.753938819070951,5.7449348991279425,1.0766583453302139,7.074530175397816,17.0,1.0756298004969844,0.024745695906373648,1.4613620961113039
3165_left.jpg,0.04587891579034681,0.015391279503792522,1.3029050197819863,2.079995428058589,5.105868025017403,1.082766421745066,1.0598785287042756,37.0,1.0807682191732095,0.006566638710450402,1.2291840498763014
3166_left.jpg,0.07091029192632457,0.013907593361633271,1.3314487710757879,3.946023110117995,7.814106748061773,1.0891062437178811,1.8434218005110374,19.0,1.0817918460240388,0.011347285305367941,1.3492858093055637
3167_left.jpg,0.13120665308398163,0.031238438651249797,1.4721341074410739,3.231668098481261,7.191948690381396,1.0920895305704714,5.992361042358176,35.0,1.1084668822329686,0.021416177290514874,1.4526432145798016
3168_left.jpg,0.1265305298434393,0.03260419715949812,1.4908024473834591,2.901648497577801,6.469784394796093,1.0866207197547981,6.056507212290672,16.0,1.1004710384788183,0.02213148677157883,1.4350940104998564
3169_left.jpg,0.14718083198172935,0.03807733701171727,1.5242065224897794,2.9804735399138793,6.648206995061802,1.095101506450592,6.61906999540202,18.0,1.1000485309354024,0.026279223699302218,1.469526282857713
3170_left.jpg,0.020294288055704896,0.008241944660483034,1.1173434958566755,1.685426637893357,4.013764821346753,1.0923475540226826,0.7829586441244174,31.0,1.0887557611331355,0.002709036908670484,1.2369331229101588
3171_left.jpg,0.1147913182408506,0.025156733221837074,1.457879059549803,3.6715232387007894,8.234499184678471,1.082487545028093,4.3913331900699815,24.0,1.091357618273039,0.018593091591998432,1.4399502153560744
3172_left.jpg,0.0643824902232875,0.014875741137883184,1.411292038197178,3.233218986708602,6.470912575913822,1.08476926961567,1.7156553551154283,12.0,1.088690941336736,0.011237542576006055,1.378175124229731
3173_left.jpg,0.1418711122169694,0.03431699427718338,1.5093193595141716,3.1427987956345556,6.403446028844552,1.0867177388676577,5.822343866633491,11.0,1.1009682632511764,0.027340134361781537,1.4741592064447582
3174_left.jpg,0.03314592083655209,0.013030199162015461,1.196373416132644,1.7521800886197643,4.097363749659047,1.091746197314879,1.790565255871775,41.0,1.0997709604884849,0.004558267551376433,1.147975559929609
3175_left.jpg,0.13392884102460872,0.029938100749836445,1.4838256877504656,3.4582331503384123,7.718826134896111,1.1169280960043404,6.139600422726587,11.0,1.111339400539745,0.023466358009159076,1.4513397113812523
3176_left.jpg,0.09130709197832032,0.018303495396575734,1.4054172567251169,3.8625087572802608,7.17561057823837,1.083663188328894,2.4544917198473204,22.0,1.0915320185483723,0.01563861867217007,1.3931937158391905
3177_left.jpg,0.06568683761950642,0.01470206773882754,1.3450286251066548,3.50248079943227,8.19242128656382,1.0741989965924732,3.196101682353813,35.0,1.0918389484947189,0.008995405024827688,1.405211143012545
3178_left.jpg,0.08619275693564901,0.024379710102730587,1.4066606910854371,2.568744291389517,6.013947647356244,1.095535064578235,3.2512750336045966,42.0,1.0998816548276287,0.014960717803885032,1.3472159049596617
3179_left.jpg,0.034815014099383215,0.010073834932591995,1.218142369943623,2.469339999130073,5.414884047996086,1.076122091258783,0.7473171314979224,22.0,1.0797201212011536,0.0059536264809334485,1.2272663777197905
3180_left.jpg,0.12544359206001407,0.03190368998717264,1.4813803421525098,2.9610923711839674,6.835180853743949,1.0774536170954716,5.689957225496998,16.0,1.0835351221845375,0.02275982890198799,1.447440838053008
3182_left.jpg,0.13623628828301287,0.0354169926854016,1.5017777115838906,2.95328030187395,6.33805550195943,1.0822100540498374,6.158599070152501,25.0,1.0925540971258936,0.024987758522340066,1.452220951097396
3183_left.jpg,0.06694869268822076,0.020851662390618333,1.3376448072151659,2.2494971291468757,5.926649363989704,1.0935483111728332,3.2663038610872577,35.0,1.1005581388213588,0.00917199197121438,1.2951050624141665
3185_left.jpg,0.024612919917210634,0.007438106989332909,1.1667689778445582,2.3296151602472133,5.868120059190411,1.0818952087875013,0.7462983601337366,24.0,1.0840096900195029,0.0037265164782677917,1.2368537871059997
3186_left.jpg,0.09821112918051333,0.026242159170109393,1.4207121178907853,2.8228847870509703,6.043326592865866,1.08120714364915,3.232290582923405,15.0,1.0891786882531105,0.017040231916849325,1.379473676461171
3187_left.jpg,0.09085695982807075,0.0279953298065796,1.4078179096709962,2.3588061974775356,5.352077990862496,1.0763847559457698,3.9779302364027114,23.0,1.0883182902353241,0.01652132583898165,1.324269533940456
3188_left.jpg,0.12659885844403806,0.024997355177052004,1.462870062287311,4.076653962015358,9.356547675260986,1.0867401229240934,5.188890736066821,14.0,1.0956872862636131,0.019798388924992822,1.4495136202762227
3189_left.jpg,0.09904206622677163,0.021669714943968958,1.4078313522918677,3.5588023398071424,7.740092577098858,1.0799730818301578,3.031435991229045,18.0,1.0850992211047903,0.016248496912987683,1.3729115220185655
3190_left.jpg,0.12308051177550185,0.0349986136112566,1.5170203514065232,2.6652548332807964,6.247583960211829,1.0822190910673406,5.809629019977201,31.0,1.0996123057991243,0.021680479206369466,1.4441901174012148
3191_left.jpg,0.09621071670811666,0.02800813927198734,1.4424878001846584,2.5825831860488506,6.546997393718212,1.0837161957112422,3.798326927424825,30.0,1.0843740886195987,0.01558218403798327,1.3646610318913188
3192_left.jpg,0.0829344968936989,0.025546079368084573,1.4274841427988243,2.3397697878425094,5.437365121651243,1.089674760251954,3.346263412572264,35.0,1.1066901797866695,0.014983334727609755,1.3679276597208265
3193_left.jpg,0.15545112307031506,0.03949569215998383,1.5420469036923594,3.015922733047303,6.459567605649743,1.0798522165083804,6.973394982187524,20.0,1.086301225882963,0.028666717198514362,1.4919105577279674
3194_left.jpg,0.10680371025569688,0.02355392941695232,1.4107471038416108,3.503617700171651,7.239221915298041,1.0890661782085087,3.097129118788025,26.0,1.0957089125364017,0.018110331287828282,1.3925968150190589
3195_left.jpg,0.10584202909589459,0.027841673648665802,1.4381989678949756,2.9383185359285173,6.719692108332141,1.0838415843635163,4.366923096453144,21.0,1.0978514796790855,0.01820905374869881,1.415708551688863
3196_left.jpg,0.1371578246124031,0.03710432816537468,1.509732561793378,2.7535448534027993,6.110414207304328,1.0930781764810178,6.258074935400517,17.0,1.1116130206959143,0.025335109819121446,1.4501673380825182
3197_left.jpg,0.15680370233770696,0.04053473720374478,1.546693776279869,2.94191744049011,6.241980544652536,1.0797396544160465,7.174289770574297,28.0,1.0844198582903049,0.02688842968943409,1.476627881765296
3198_left.jpg,0.09360793681921095,0.02179416326457847,1.4288097768492944,3.2825316354944447,7.6624492007664395,1.0982965392223218,2.5849927798477528,18.0,1.1040074996591376,0.015710516463729878,1.4109047913774695
3199_left.jpg,0.1247139819783335,0.03357294725118963,1.480654688507156,2.8534709877633904,6.869083850396277,1.0809493650092104,6.125341702946239,21.0,1.0922082416098338,0.02151969221423509,1.4208573269287073
3200_left.jpg,0.14152384184625827,0.03780157914175342,1.518477471535302,2.786192320409374,6.398246843596086,1.0743234733987461,6.088978948103932,36.0,1.0892332381609255,0.023911719787185193,1.4671688027427512
3201_left.jpg,0.0800774976419303,0.019471282534988657,1.3770472178390547,2.9984497928655407,6.685981823887563,1.083243796082751,2.19236750197568,34.0,1.0964615730582494,0.01278201238942565,1.3623217026112935
3202_left.jpg,0.14371561069442165,0.031353602831168705,1.5022016868776553,3.5854810003970203,7.406395127884981,1.0858834000509243,5.61660925796142,17.0,1.0861829385732542,0.024091774401184957,1.4656058869487703
3203_left.jpg,0.07709916399100376,0.016359528949754308,1.3970850601231022,3.673500763473221,7.426035328706708,1.09036934138878,2.654791899378378,14.0,1.0879811062492857,0.013243905248974399,1.4075766281105897
3204_left.jpg,0.07230474992795201,0.020849380387225235,1.3637833820062446,2.5411677172633427,6.206288442795867,1.0857897811054875,2.148340276140323,30.0,1.1012682102369213,0.012208860593675496,1.3334531250121822
3205_left.jpg,0.01760530099144857,0.003770787835975704,1.1220114671214405,3.4787764495447684,7.277853096682642,1.1079878646545518,0.6964515792039558,11.0,1.1098259536267452,0.0028007302792273365,1.1134437548229448
3206_left.jpg,0.049701040709670616,0.017485729776947755,1.3384358201821145,1.9984633613754017,4.702426513920095,1.0865263502297289,1.5562952141412012,25.0,1.1090095346210482,0.008363831699223358,1.2528817655143756
3207_left.jpg,0.040656900179225436,0.010779500766253669,1.223612249063009,2.806919960849735,6.541976503170503,1.0831562455062718,1.688355541702382,21.0,1.0974616112034195,0.006409257383308657,1.246819247775591
3208_left.jpg,0.06781338999141087,0.02056869038470232,1.351162236058791,2.481935503015218,6.246576801575752,1.0662213435920578,1.8082365173364676,34.0,1.0776279428683289,0.011414493015686452,1.2852997353499287
3209_left.jpg,0.14581112015078856,0.029025786662489325,1.4959638666875261,4.011858195290591,9.410544667633841,1.0827321241375307,5.35642998994406,13.0,1.092536868455224,0.02340658840888763,1.482067366989711
3210_left.jpg,0.13689887095796893,0.034547878249277936,1.4990087090484534,3.010985351027746,6.297638928989698,1.097387037552738,5.655308921249823,21.0,1.1089127376410313,0.02490860616832623,1.4670556678354723
3211_left.jpg,0.13819741621911108,0.03691765145735549,1.5131190000827672,2.772990722803027,5.539180251453093,1.0843311478058102,5.709175605147352,24.0,1.0891775799359749,0.02515573923719351,1.4559238621669663
3212_left.jpg,0.031043449721023,0.016450806634855715,1.2423356489389497,1.2377013390688918,2.8195340557462827,1.0945923486518492,1.0603650685450277,73.0,1.1042166330843142,0.0018985584084425257,0.9750551054356834
3213_left.jpg,0.02110335826514733,0.005632247377139702,1.1636862881601087,2.8907239842476247,7.1183734776118275,1.0770142426892286,0.9537673811555645,7.0,1.0797481142327359,0.0034536418854475177,1.170049697474161
3214_left.jpg,0.12954279015240328,0.03232754610245818,1.503542053781485,3.0477907178816337,6.959781779504549,1.0913183922134746,6.280355049405459,20.0,1.0978256224617782,0.021618377714509016,1.4474357281406942
3215_left.jpg,0.1114104849856768,0.026232496644564195,1.4394330697993278,3.1943847921904793,6.732508958790806,1.0805113807390643,3.8562471203349427,7.0,1.081652150564668,0.020032452573168533,1.4106143380136904
3216_left.jpg,0.005913281077500552,0.002863490836829322,0.8106312909536635,1.2754802112500077,2.737709199559789,1.0929550487675772,0.06899977920070656,19.0,1.0889822181905735,0.0003104990064031795,1.0014848206731823
3217_left.jpg,0.10570870745670677,0.029458720167580155,1.4407598397812036,2.6829988823237123,5.583280647253136,1.0753064904500345,4.677601407347901,20.0,1.0801366589612353,0.018720574328103232,1.3766558759758862
3218_left.jpg,0.060217994733149635,0.017722239733200477,1.3779326136915713,2.489206015417821,5.839982969482828,1.0895327421347456,2.6435928460310523,22.0,1.0934438035719123,0.011270856422405466,1.3528779222980862
3219_left.jpg,0.12932076992844907,0.0317746649198831,1.4866104228075927,3.1215570603150757,6.318589469000488,1.0922711146725195,5.945782525445933,16.0,1.0910114011875818,0.024307165171823037,1.4570292757265881
3221_left.jpg,0.04479598269368578,0.011088541301852939,1.2555794254334318,3.08751343713171,6.928372437877845,1.0904841046986482,2.1552072501171895,16.0,1.1013289667546702,0.007839566372301276,1.3013910230970511
3222_left.jpg,0.08565500889152342,0.01938553042709453,1.3726728815192084,3.420863384876717,6.820627870899053,1.1399469978878434,3.1647795203600815,15.0,1.126308123109228,0.014648408065666663,1.398080526521982
3223_left.jpg,0.09143316188878672,0.023953396724028173,1.3992057571207324,2.859715333965541,6.778110857294747,1.0810398778967145,3.8398189222234573,24.0,1.0934917307224643,0.01502076533653992,1.3588301215089875
3224_left.jpg,0.04798423764777205,0.015757300191977366,1.2765800973102213,2.110105857814742,5.2773049533381915,1.0855694409920715,1.2630089926240275,26.0,1.0961508893014542,0.007037486106901081,1.2479250651824043
3225_left.jpg,0.0384679425402768,0.012225580374487238,1.2514127370568608,2.3004393707019983,5.3916648494348625,1.0838273871579356,0.9586711808306129,26.0,1.092404454361756,0.006402914360389725,1.2571197447973477
3226_left.jpg,0.13501540637470325,0.039440319240288936,1.5160787312934143,2.5608347609771767,6.028487575982488,1.081180576755851,6.970753144415821,27.0,1.099386050994711,0.024811840177804717,1.4302850873422495
3227_left.jpg,0.13683795624864192,0.035600406284267604,1.5026246872801425,2.9206379795632187,6.5144445568944205,1.0822458468209228,6.6198058527169,14.0,1.0921590618659551,0.025529205471699068,1.46028974524333
3228_left.jpg,0.09603300475798518,0.023388408182931482,1.3978854163349206,3.1274737069736678,6.186938300373542,1.1012607968479176,2.8608138764529922,23.0,1.1236740667937302,0.0176868563168778,1.3850082758717734
3229_left.jpg,0.0816712061770659,0.02454833953871911,1.3850608568098781,2.4111282685299367,5.617457433128799,1.08042809148107,3.7981958569679404,20.0,1.0892933465173806,0.014867937729578451,1.3107635952581325
3230_left.jpg,0.12797072216008948,0.029202947755232467,1.4748383351264513,3.433546899249073,7.303306750293314,1.078320387379858,4.743169835436971,23.0,1.0873818262152608,0.021718725035948235,1.4306334299787966
3231_left.jpg,0.13839064663143322,0.0365201750219788,1.5105595651991834,2.8674378617717924,6.254314815697796,1.0922324593687454,5.96206509766671,24.0,1.1041851082557539,0.023019634394041977,1.4476399090271206
3232_left.jpg,0.11608573108664355,0.0299085508039824,1.4620425009377715,2.989799694083818,6.753505129775391,1.0777447129893556,4.917168522010666,31.0,1.0831147885491024,0.018578786219761948,1.3999186925789568
3234_left.jpg,0.12947215780192908,0.03367539245853102,1.4935080190351022,2.8723408051403507,6.3481929221374225,1.0981808040779084,5.355726332489554,25.0,1.1060754668797887,0.021402695041911085,1.4388654081416683
3235_left.jpg,0.05698983179322485,0.013858482897564917,1.2862965268642208,3.0511933931066584,5.525268614750778,1.0851818157675885,1.5459264837154099,16.0,1.0935882732318598,0.010706787614635435,1.2882360219444915
3236_left.jpg,0.14218966157622476,0.03249126622275573,1.4874515900455347,3.4550996796928204,7.369355451293771,1.0762389237119616,5.70588836913868,12.0,1.0905967075201206,0.024944421417536455,1.4505080333729075
3237_left.jpg,0.12150126264535543,0.03223400019153901,1.4673817333452246,2.867148806489024,6.287014571364512,1.0841828501876045,4.788475399837696,18.0,1.0975538667421816,0.021265871275700253,1.4201868099919122
3240_left.jpg,0.10043538292532982,0.026072583977505216,1.4225714691093254,2.916634527669677,7.026378963022191,1.07675203580819,4.585630347802425,22.0,1.0825043182972585,0.01605474537153684,1.3761847133980385
3241_left.jpg,0.09517373543799486,0.02577537949467951,1.408978286989489,2.760118468738809,5.4820756764544685,1.0748406235460655,4.0849261183115635,17.0,1.0731345507506724,0.018649452821624894,1.3801480304060176
3242_left.jpg,0.08175262580341747,0.023537711055577584,1.4025590944578608,2.6150894102040003,6.401724415689447,1.085888180584628,3.273609177171417,25.0,1.0889020732486459,0.01310365814298756,1.3484199462565774
3243_left.jpg,0.14007744339741662,0.03380142270702522,1.5076891187168575,3.2465032169567687,6.488239657659026,1.089103031100565,5.386100948147861,16.0,1.1090164011789874,0.02365517308308182,1.4568979514905978
3244_left.jpg,0.07051655391783522,0.015277093320191748,1.3691159538828266,3.6463387149876634,7.518428701088851,1.0897427776246502,1.9264369875901617,17.0,1.0963143953863006,0.011388378656870212,1.3848946763224148
3245_left.jpg,0.1019095396067643,0.025629096205194594,1.433718105551804,3.018827234317923,6.324431923291429,1.0974742789558873,3.236507808075087,25.0,1.1116952379115503,0.018635205113682336,1.385595367511306
3246_left.jpg,0.17252560227706212,0.0424699472793607,1.567177696767899,3.162222184696168,6.808243686821492,1.087603358081913,9.879006621868795,15.0,1.1016218138786158,0.031319385349726614,1.5214345944921113
3247_left.jpg,0.03521518632289937,0.009305965861536999,1.2111962535289917,2.8572504152369143,7.325338874293294,1.0763956822834366,1.0857714179722313,20.0,1.0830125805586757,0.005189082568392289,1.2479755797675982
3248_left.jpg,0.03661536441101744,0.007369542926703607,1.319536269283991,4.067682247859917,9.516392274033787,1.068359118519211,1.7173712097869955,6.0,1.0737578325406707,0.0061269743455047805,1.3574844042312515
3249_left.jpg,0.15672435753352815,0.04009390374865763,1.5464411475928652,2.913467923970176,6.195096902303315,1.087863580626941,7.792013186483854,10.0,1.0962374490686697,0.028390899328188605,1.4884801110624954
3250_left.jpg,0.026395401603388293,0.00618665859930419,1.1535799184052027,3.171964564985753,6.672556132758078,1.082871465320326,0.45378913931326575,22.0,1.0943333715816357,0.0037261130439167046,1.1476026613468475
3251_left.jpg,0.08916740366392925,0.023530006317119392,1.3941435465152883,2.854876145971005,6.355729069209357,1.0701605679308412,3.2849020846493997,20.0,1.0790355855804556,0.015191408717624763,1.367018955892502
3252_left.jpg,0.056827532553024904,0.015464868665812218,1.2954211838953678,2.6320519878652617,5.887239131842881,1.0786099819307682,1.8950822615313263,32.0,1.0968460182879856,0.008981692507941891,1.3187185778229342
3253_left.jpg,0.0706745205014064,0.019409763335781413,1.354901501573715,2.635246240351415,5.682650166128963,1.1113459470309126,2.2482351354186965,49.0,1.1217586521406833,0.012435238337904745,1.3027283809097154
3254_left.jpg,0.12620059315996626,0.03449321200668947,1.4823385256969812,2.752230923424904,6.542481359417773,1.0880797801878368,5.608241588900734,27.0,1.1055705912192282,0.02111427171172628,1.412417417339518
3255_left.jpg,0.07790873375642188,0.02232799435881938,1.3644508231411883,2.545331944378325,5.619291739753829,1.0786867785464629,2.82059030925758,27.0,1.0835826791890595,0.01314596554850408,1.3282238317034385
3257_left.jpg,0.07089892739068211,0.020988436164536575,1.3764473371155441,2.4706244110852658,6.243310700900324,1.08794636811901,3.440727240087963,29.0,1.095706265178657,0.011533916096120953,1.3947146019382637
3258_left.jpg,0.010084422343009136,0.00369607956516711,0.9812015619018003,1.9668745939514396,5.141801290347024,1.0840255226837856,0.6476234532207702,13.0,1.0883283881300756,0.0015913033421996068,1.1398296610839196
3259_left.jpg,0.1360064283656689,0.03759482092048941,1.5160284905516914,2.714641833943232,6.130778736713755,1.0885424089064126,7.4795449606565825,20.0,1.099568189388662,0.023560566626068237,1.441477689628455
3260_left.jpg,0.10051538815783027,0.02589678519287863,1.4361935640394894,2.9304484739444616,6.602458893420945,1.0935190971273838,3.527371422412526,26.0,1.1048218400744096,0.01635818497143809,1.3935168295035116
3261_left.jpg,0.037641694578780145,0.009876129137527025,1.2490440550962294,2.924512703315999,6.877297056532384,1.0645102354144467,1.1331033888856155,12.0,1.0708887360257524,0.006522143106425603,1.3190740358173945
3262_left.jpg,0.10713196886242149,0.026462876770797342,1.4418960872267068,3.040738080411806,6.655179779376403,1.083583044616713,4.115770004674702,22.0,1.0869624066295176,0.018754700107721387,1.394150312598035
3263_left.jpg,0.14665153807362583,0.03374684820978316,1.5132046322745878,3.4310582069621627,8.000882464116806,1.0863023835229955,6.354009077155824,23.0,1.0969896478524794,0.02497730711043873,1.4681915315166834
3264_left.jpg,0.12168921854947098,0.030937680002425295,1.4674998487816218,2.9701688999735385,6.282466625006662,1.0881049454486256,4.9011186677041545,20.0,1.1058585751210694,0.021251654759137806,1.4228981722025584
3266_left.jpg,0.08964071131900479,0.026321625872010968,1.3987698583427515,2.5511043923899623,5.402773487349415,1.0804642055201124,3.3771523045284084,27.0,1.0950930426570034,0.01717307149481834,1.3284579442367592
3267_left.jpg,0.14521041652384264,0.03536486235027961,1.5173959768073892,3.187701674842549,7.108347429426763,1.0850328733532948,6.1699981392069105,12.0,1.0915605972170306,0.02467019890898763,1.474739015763787
3268_left.jpg,0.09492733753770222,0.023860208888999677,1.4120167813436277,2.9807264452360744,6.333726993928702,1.0787257221680224,3.0411047685519854,25.0,1.0820074289610069,0.01699528878031757,1.3817664213006648
3269_left.jpg,0.09189705487501595,0.027646585001914706,1.4437851380171598,2.400531333505841,5.676215587425529,1.080415613822002,3.8734269704959305,37.0,1.0868968393137677,0.015779813283213536,1.3567216771230384
3270_left.jpg,0.09665458463949843,0.02706210815047022,1.4260181155164249,2.7090192567916884,6.273451290441882,1.0772393262518458,4.1634012539184955,25.0,1.0900155055734764,0.017163009404388713,1.363889696709232
3271_left.jpg,0.13765010524402987,0.032224359071429655,1.5001680738925351,3.2868295774821688,7.2828488780421505,1.0807790980100875,5.199105551938055,12.0,1.089813145428668,0.023486833138997836,1.4724228403071788
3272_left.jpg,0.05420755580413891,0.012035389230691005,1.354508379283106,3.409861460663978,6.880658762469638,1.0858224299165264,1.2711648955102457,14.0,1.0857122525008558,0.009721869120862358,1.3536876964323157
3273_left.jpg,0.03954343063114001,0.010439909938107691,1.2816335412613113,2.721979491238788,6.238270317171601,1.0790992999223366,0.7572468523772503,17.0,1.0955965535540058,0.006234665751239361,1.266071302645281
3274_left.jpg,0.10466574779303404,0.027256208358570563,1.4497121082567561,2.847467938352949,6.381279777870159,1.0912912113800755,4.673855501557157,27.0,1.1028552480157514,0.019310654005923397,1.3991122018068918
3275_left.jpg,0.042028513533072805,0.012189716312056738,1.2522029727137585,2.546692431227303,6.227528476245535,1.0929477022053007,1.6735417571283833,31.0,1.1022744438889542,0.0060925966131133305,1.2571186398498038
3276_left.jpg,0.13113252890136853,0.03449444739571476,1.4946509512689161,2.8386850705307434,5.987650567137043,1.0807798724276805,5.0087273279198605,17.0,1.0938800154807697,0.024451696137208774,1.4416427943318728
3282_left.jpg,0.08552302776052946,0.018320233028921634,1.4198880331089765,3.7037021482511627,7.879854942799439,1.0748692929258372,2.8775235123960683,15.0,1.078343943612108,0.014205879234881643,1.4134071980551877
3283_left.jpg,0.1239323820868287,0.030382441645335427,1.4717825549636108,3.0964569884129474,7.24495621738103,1.0996848808491297,4.207111539143878,20.0,1.1040175638771252,0.01936285069822845,1.4397084788297208
3284_left.jpg,0.1316730819612664,0.032934644606114345,1.4903243776759123,3.111235994144651,7.819218637741823,1.084167948504194,6.146591161000383,18.0,1.0958956202975128,0.020515507547207837,1.4236496170748645
3285_left.jpg,0.10055039925465713,0.02743388373258799,1.4285298791864693,2.6810620497526507,6.24897002726023,1.0867886672007145,4.101411189257341,18.0,1.1054971838695584,0.016744897287498797,1.381432324352783
3286_left.jpg,0.12646612982016145,0.037614507949457865,1.5009227018987512,2.4230858995186724,5.910300045042847,1.0840979169478757,5.690774398565724,45.0,1.1054056694444736,0.020124189820060735,1.4047005101098404
3287_left.jpg,0.07005205309314524,0.02156341036114042,1.351974800136346,2.336990184908934,5.79329619936811,1.0839560909610781,3.079765937788728,36.0,1.0931871994901803,0.010678204849874032,1.3032154707280401
3288_left.jpg,0.07582648595656084,0.016115339134653284,1.3660094945916508,3.743015110126586,8.731251367562928,1.086169060575211,3.082582901266386,16.0,1.0908812876648952,0.012133248435968184,1.391891113908182
3289_left.jpg,0.12291907182232084,0.034334377858074576,1.4848708047402701,2.6517686971117693,6.147278945367736,1.091585618198266,5.1976350760404015,27.0,1.1054180172786245,0.021615165099879555,1.4108090416381887
3290_left.jpg,0.015855183285918784,0.005295631217496874,1.2296094368315245,2.0808195347723832,5.172957545502299,1.0803071762913996,0.27180314204432204,11.0,1.0878581946458326,0.0023737474405204125,1.1865996517900819
3291_left.jpg,0.07512563893303552,0.017596609538536433,1.3626498307715667,3.260983716683847,6.590101055853112,1.0917260187104165,2.3385784306706947,23.0,1.0977831722958427,0.013649661860649361,1.3770126722065001
3292_left.jpg,0.10175096194198517,0.02788494112055497,1.4283736348877185,2.720431564838021,6.282971546366013,1.0932228126438686,4.449455700106686,36.0,1.1064694934327128,0.017448945023941106,1.3593840568262223
3293_left.jpg,0.12690417006282687,0.03080591514071494,1.4755677663477835,3.148036971725736,7.472671351029697,1.0766897886411082,4.35383517190055,20.0,1.0867834832244774,0.022629817695808675,1.4434130170622226
3294_left.jpg,0.14954556994160956,0.032008123889312005,1.5080853115459616,3.6445181879801156,7.621101055537713,1.0897522851892318,5.635948210205636,16.0,1.0951224574212515,0.024503681137344503,1.477302142393903
3295_left.jpg,0.15232025714372352,0.03961772108396592,1.5308093265470601,2.953179186359851,6.575219286882604,1.07760034039799,7.9852021064761,12.0,1.0830216120657659,0.027917883820363275,1.4794367992110877
3296_left.jpg,0.07821993240376023,0.023444013439370567,1.391634991141087,2.469663610864066,6.214145570948021,1.1090982052784453,3.5445591017787694,35.0,1.0971111950696075,0.012351041151831938,1.3435811814920096
3297_left.jpg,0.06859550276635704,0.01937972691741536,1.3382884606241747,2.6239039182762856,6.017136329700747,1.0757958885064927,2.7409776153494745,20.0,1.0887307017684613,0.010842089234049033,1.3352941857264642
3298_left.jpg,0.0489675869794716,0.012944924142191325,1.319782967074628,2.8172159084183193,6.758185780729856,1.0828799811398306,1.8901064452629783,32.0,1.0869052237577865,0.00636643170953213,1.3497129156243435
3299_left.jpg,0.0425581754658772,0.011213947159880982,1.255829157854078,2.814316412607094,6.404340012658319,1.0982471760790529,2.791026848681489,43.0,1.1215781058320875,0.006249906550440334,1.23591592555612
3301_left.jpg,0.042318729479879566,0.010565813164145833,1.2209065961824537,2.883586597773978,6.321813002542795,1.0841706662127553,1.109536465924622,39.0,1.0803661054595395,0.006329401203342731,1.197485938681205
3302_left.jpg,0.12052308189829412,0.03365773304228313,1.4789193608401896,2.7360573310728302,6.5066208357284046,1.0891061890344869,5.507720915191204,17.0,1.099193450567288,0.021545799983830546,1.4216626888566675
3303_left.jpg,0.14028384279475983,0.03183123079411289,1.4942178373349084,3.3767603875755885,7.670967903333721,1.089623352645391,8.137231117580463,20.0,1.095161086312416,0.02374959566553453,1.4562435198194965
3304_left.jpg,0.12217304433597208,0.029884417916487518,1.4696061153240394,3.078705408637717,6.926014241269243,1.084333732406961,6.019373277017628,23.0,1.0953705315995648,0.0205316270011887,1.421917764070042
3305_left.jpg,0.09504691250272747,0.022501636482653284,1.3901861603594783,3.197735982622094,5.982096453159766,1.091980904895945,4.036657211433559,45.0,1.101590287621542,0.01675758236962688,1.408177400849278
3306_left.jpg,0.05635975858782956,0.01729818033307619,1.3181315822240585,2.4234772921679855,6.253871779342626,1.0795807605838972,1.6789944184780143,35.0,1.0832514793952746,0.008562871534237872,1.266550734000061
3307_left.jpg,0.08609617422188617,0.01756445523327248,1.3878953903319782,3.85060582369962,7.025669981784789,1.0790661354946238,2.885127169441529,12.0,1.0817749970474912,0.01495789206639772,1.3658607784180108
3308_left.jpg,0.11665337783964215,0.029843552216080833,1.4840298242480612,2.998432020992308,6.76425827968841,1.0784506797023525,4.549733998225153,21.0,1.089576607625096,0.019906212414016786,1.4345392710785259
3309_left.jpg,0.06461255346662688,0.012339600119367354,1.3235275819976762,4.049092099361668,7.805326652549538,1.0881641040800012,1.094200736098677,19.0,1.10093665462535,0.010379986073808814,1.3190795210319535
3310_left.jpg,0.127019011675786,0.034037113943748074,1.4919413526866343,2.818284694168723,6.378799536982682,1.088535629605242,6.012196169372155,29.0,1.1000805322430462,0.02423066624227635,1.4426575368704453
3311_left.jpg,0.0870522748051502,0.02602375071348113,1.4151476491077173,2.4666263060897706,6.051283760341125,1.0883363870791483,3.9399312027397677,25.0,1.0960067288023134,0.014148393972915499,1.328731451794007
3312_left.jpg,0.05583894125024569,0.013028462323221924,1.3582970745453653,3.280756826704617,7.0221548333407675,1.0783541719914929,2.0122984191758,31.0,1.0848356502572298,0.009425044223767585,1.3465228778533598
3313_left.jpg,0.09566885286474447,0.02317782452666749,1.4001952763991712,3.1029836464332923,8.044864054252336,1.0825237103312362,5.506744214824898,14.0,1.0916219038489994,0.016179928226704617,1.385842394614137
3315_left.jpg,0.052173739848328675,0.01597378864606207,1.2863915785419024,2.325653061918419,5.630563640607097,1.0843436264934216,1.1452529266191636,24.0,1.0880617076713541,0.007673194608348396,1.2200188709822057
3316_left.jpg,0.03982088364714272,0.012118977503723505,1.2418287368833765,2.4702942669939607,6.509106170885488,1.091270815201148,1.309897488392853,24.0,1.1042333276788694,0.0067386948569543425,1.2581479357476912
3317_left.jpg,0.06480041472265423,0.020237861561148943,1.3483701919768378,2.3567824680402505,5.434360648902054,1.0739838309171366,2.063547187284523,27.0,1.0838978082087725,0.010956932260288797,1.2881570730097227
3318_left.jpg,0.12396673220645542,0.029650403653970238,1.4666239721156118,3.18164183524977,6.575846441235544,1.0832955780781264,4.775767552215905,17.0,1.0942671467984018,0.022217480325361867,1.425814432825047
3319_left.jpg,0.05104308078728067,0.014256878028442574,1.3343096837700432,2.8140349163961256,8.424980604155262,1.0712222788583694,4.931944253776496,33.0,1.075573951923414,0.007469099081234715,1.3358043752811202
3321_left.jpg,0.037153890809964916,0.016204346399454807,1.224174498099915,1.5315082654248855,3.796486819604584,1.0947521396695632,0.8581741083823418,79.0,1.1028164506606606,0.0036194755041772885,1.08452016206551
3323_left.jpg,0.10199310775679651,0.02457628826504907,1.428115664716056,3.120613442023827,7.95644881608913,1.0867763935903372,6.146591161000383,17.0,1.0898966871025972,0.016605872513653492,1.385552490646626
3324_left.jpg,0.08126697821325878,0.02181157225083308,1.3786126989330207,2.7658243004951584,6.197700665331979,1.0824026579083668,2.6817506865778378,16.0,1.0854419274889242,0.014178515204036532,1.3375564038316408
3325_left.jpg,0.12436413181305102,0.03126755940985465,1.4763753218724538,3.077135241371166,6.639113016466795,1.0807651687235968,4.972576242025231,18.0,1.095444312073898,0.022466099461469994,1.4352717478633072
3326_left.jpg,0.12852257631091107,0.033873305955862666,1.4932828879634,2.85726654454616,6.334997756155421,1.090853421441166,4.899658034176378,18.0,1.09857310779284,0.022159587418486358,1.4356201652152238
3327_left.jpg,0.08856832949810942,0.02438492807688019,1.403954966501462,2.6881018787383533,6.324293165896789,1.0805372738395602,3.1425182722231795,20.0,1.0920956769080306,0.015611219803947408,1.3608943712810833
3328_left.jpg,0.10077729619641697,0.025191765470445857,1.4102666482988733,3.0625472922835586,6.762087880891954,1.0834017957687283,4.247240572916933,20.0,1.0901324695085246,0.018181259946474536,1.3849590648164427
3329_left.jpg,0.11476933862339787,0.0285551722911703,1.4579194756402392,3.032040936779597,6.356320084658669,1.0928820657314073,4.114870940375012,31.0,1.0911098180506427,0.019466895609280305,1.4096696529581845
3330_left.jpg,0.07372637696581502,0.019328169604944084,1.3618312402827153,2.83453312122531,6.565085439714798,1.0941727164315205,3.1719071347446617,26.0,1.1028207744868772,0.012549497099239765,1.3482307278495107
3331_left.jpg,0.1293378590607427,0.032980394143573635,1.4883687402508459,2.9401647673393128,6.626783028859498,1.0805612854019397,5.471401793403921,16.0,1.0843232239522669,0.022772176908657987,1.4384448622005777
3332_left.jpg,0.10547254616132166,0.030141520894071915,1.4407595618140838,2.5526768892969365,5.585176109570792,1.0714616160043922,4.656624554583738,27.0,1.0742518487180264,0.018176020408163265,1.3800342833893244
3333_left.jpg,0.049409341101490326,0.015520219740131543,1.2942599264090413,2.3488389184060106,5.472191742589579,1.078269142718226,2.0386047360006865,25.0,1.08685796106536,0.008154418944002748,1.2418677950936778
3334_left.jpg,0.10635340967666947,0.026971164050576618,1.4290225825901748,2.966582668693305,6.327323182410543,1.0837208756024683,4.447184628912765,25.0,1.0980620616132641,0.019092572190945935,1.3906651057459332
3335_left.jpg,0.118110432382338,0.022326633516357584,1.44687788516082,4.228602261201067,8.15276736307585,1.1011042490338678,3.2386324002750344,19.0,1.1054704266199138,0.019008280933921935,1.4313391536178246
3336_left.jpg,0.12386461227582723,0.033053801465016415,1.4762613152527362,2.8296420793146595,6.5684743332290765,1.084630620682401,5.152816367769638,26.0,1.0950260909678347,0.021035615054306643,1.4132199561844876
3337_left.jpg,0.06145826913086737,0.017262025305310243,1.3487324382753172,2.6458807850054873,5.51776213427321,1.0704646798610022,1.5408591830804856,28.0,1.069550153341463,0.010495452264182508,1.3210420431345173
3338_left.jpg,0.1078591388449547,0.026862458753796167,1.4388819912938946,3.028127921484973,6.967800591787647,1.0834542971940706,4.749945678812716,14.0,1.0845738605318778,0.017943677771770163,1.4011056923426937
3339_left.jpg,0.0634372724507572,0.01839289170729909,1.3278043762230325,2.6584573180513873,7.295011011169212,1.0900953212729225,2.3042961297042206,36.0,1.0654737812338286,0.009387702432414994,1.3059713253742933
3340_left.jpg,0.10255593799436956,0.02922371659767605,1.4390378181336982,2.587673294536869,5.960189211977821,1.08179894128643,4.245576261163591,30.0,1.0882665821696207,0.015597438502322432,1.3683068131572829
3341_left.jpg,0.06404065431193588,0.017166839430637373,1.3451064891923292,2.837892784866461,6.738817920749706,1.0876931411764776,2.730513488230981,37.0,1.0892529380261,0.011058579627335474,1.2929770379575465
3342_left.jpg,0.07727371281911648,0.02327539695745786,1.3858915301915953,2.377311856120042,5.868356906367608,1.0893105515335377,3.378361343478502,19.0,1.1070119267671443,0.013947085785166473,1.3087950151152576
3343_left.jpg,0.12836659906784786,0.030775251716654215,1.4829008351443498,3.2216337930953896,7.176901293232714,1.086825678544641,5.7433582889874915,28.0,1.106182494241188,0.02095563382787206,1.4317533450437645
3344_left.jpg,0.08777524300733981,0.025014878000396746,1.4174468121987422,2.623737791556491,5.536930953539642,1.0861901248921142,3.818686768498314,22.0,1.0920918796783003,0.016628645110097203,1.3671215408723412
3345_left.jpg,0.03243578203661068,0.0089875748022236,1.2346133181343493,2.6124379319705153,5.701983071418674,1.0726808326528097,0.6332463373484166,12.0,1.0706324300725534,0.005975131511694703,1.2169427212890715
3347_left.jpg,0.11024082242281044,0.028278277028208343,1.4554166607984758,2.946093660061129,6.476688949925603,1.0797115509140434,5.1950906393458185,13.0,1.0914459610232272,0.017973015500352168,1.3972820274220694
3348_left.jpg,0.04139207074751434,0.009877992370171049,1.272073960877566,3.0704745776152853,6.308254038365691,1.0805851008145295,1.094238832546642,26.0,1.09155263874163,0.007202081043306989,1.242929757571316
3350_left.jpg,0.10036670877594964,0.028216629245664194,1.4237783264993562,2.6204019636164277,5.765941888350676,1.0821947405825472,4.500749272464109,20.0,1.0945606473254428,0.0179927681142372,1.3865975706502258
3351_left.jpg,0.10621681658349022,0.026785803225452987,1.4566690407363692,2.96961000627757,6.255473965288405,1.099991539677238,3.9845002938568967,15.0,1.109101117585984,0.01976810208289753,1.415767057752943
3352_left.jpg,0.1518932154498953,0.03585677567842966,1.516210368907788,3.3052848808820854,7.474408263394506,1.0880576610515,5.9820437297535705,14.0,1.0825073897057873,0.026199323724886824,1.4690430168850899
3353_left.jpg,0.12400233599377068,0.034046610063740684,1.4869194382272497,2.7592167636358287,6.462344526564725,1.088844021866898,5.9897276171366105,29.0,1.0950527040551579,0.01954647779058914,1.4214539117541918
3354_left.jpg,0.16835581370978608,0.04097865736513022,1.5590207619198766,3.136535624863914,7.2035033073901165,1.0837551593460173,7.734646726248397,11.0,1.0860245979391938,0.028997440081438345,1.511378356027851
3355_left.jpg,0.02489445262641139,0.007064310260186549,1.1532022368267034,2.5818932856707812,5.271170942945821,1.0918039210608452,0.49091801669121254,21.0,1.076428672394269,0.004280805105547373,1.1410971611785212
3356_left.jpg,0.12635548834464444,0.03015269991147831,1.4884983697214464,3.269067897823932,7.734055283713839,1.0802507694962338,5.763130717025671,31.0,1.0905376402758582,0.019779064620832103,1.4432480554233909
3357_left.jpg,0.12884856288710217,0.03378300817998972,1.4919568421845657,2.943845727090354,6.77477963424108,1.0834405967389094,5.489925985816027,22.0,1.090341609581781,0.020756911068189873,1.426462806599347
3358_left.jpg,0.13887592810484034,0.03386314764474378,1.5013943629359685,3.122178279997383,7.099691342129267,1.0999026790309123,7.100255609201931,25.0,1.1010582941056861,0.024642958575080132,1.458959734213022
3359_left.jpg,0.031720738521681856,0.007717721545881403,1.1634321587049463,2.9954236303783284,6.143301069489241,1.0833098288490612,0.6905050247519493,27.0,1.1055478870639148,0.004971636178214035,1.2284712206826982
3360_left.jpg,0.13464900314265216,0.03616576226998514,1.5018886046094633,2.735651613815967,6.059307511614952,1.0840168934520575,6.164044421539798,19.0,1.0927741439752257,0.023246531461889028,1.437169740726467
3361_left.jpg,0.015527254811209484,0.0043346919681293145,1.1480000002653534,2.4782477314517948,4.925194684874148,1.0748522118050174,0.2488342117181007,20.0,1.0842292402797808,0.002881500171695606,1.1409659777684296
3362_left.jpg,0.10968249390419758,0.025169764820009963,1.4236042826080946,3.329891163492783,7.191616246890957,1.0884772498006012,3.4608426627513698,9.0,1.0973275480412286,0.019952282320862064,1.3968497186898126
3363_left.jpg,0.07690767793530372,0.021856296646100462,1.3713813857299515,2.5505103554822623,5.764415051753081,1.0858592444512074,2.9258076769087045,36.0,1.0874808759089702,0.014310792637230646,1.3205173476714476
3364_left.jpg,0.14623080032336297,0.037161479385610346,1.516891344483159,3.0582308645025034,6.945751288718495,1.0772054720936541,7.427243330638642,23.0,1.085167117558292,0.025474939369442198,1.4627704208433676
3365_left.jpg,0.10487542794312417,0.025334232950995825,1.435577894221142,3.1386591490716786,6.304262098941805,1.0821875044052283,3.3985556138641075,16.0,1.0870265602682838,0.018891970912362246,1.3955387783764286
3366_left.jpg,0.12058414600712802,0.030910977950103787,1.472347641267206,2.9440781934888784,6.6252232143389715,1.0992430501985364,4.65084400579642,29.0,1.11481210751332,0.021144205537931303,1.4185110662334108
3367_left.jpg,0.11695057330179924,0.030451356664571046,1.4675565621087503,2.947463179638331,7.377946988467388,1.086820642448543,4.490614615453702,36.0,1.0957582481275436,0.018027322895149137,1.4068158082331461
3368_left.jpg,0.08174499100362904,0.024137720716050137,1.3826896993718505,2.448856014522432,5.844474312251624,1.097149759652547,2.0330781820214896,48.0,1.1069631369856658,0.013367489046791295,1.310797119804422
3370_left.jpg,0.10588532713115582,0.028870462129638993,1.441924677365996,2.7801206413435904,7.063822542537157,1.1033159488046875,4.853878046314087,18.0,1.125005328526065,0.017332389523713215,1.4214258359541663
3371_left.jpg,0.1516179590588505,0.038098014105774194,1.5429267093006733,3.0133801168966423,6.873974428583208,1.104257173853968,7.263135763298228,18.0,1.1212217227616572,0.024307612913090845,1.468161879043694
3372_left.jpg,0.11828006344446314,0.02975361720140557,1.467346664257191,2.979057383096994,6.340082213264159,1.082351588369815,4.590033507244603,24.0,1.087239254518439,0.02018084732018544,1.4178822287016524
3373_left.jpg,0.12795379404068882,0.03145473722642543,1.475054272234001,3.065538728569268,7.118396772231649,1.0894986827167226,5.882233626092777,21.0,1.097335553013986,0.020927567392142146,1.429765372266173
3374_left.jpg,0.06954562155541948,0.019272504592774034,1.395487581630132,2.6680542593108143,6.322472613897527,1.0830406542752473,2.841396203306797,19.0,1.0998334333318491,0.011654623392529087,1.381574538743846
3375_left.jpg,0.03840389441397899,0.011786643740124546,1.24903672281507,2.300144083553751,5.355557569182894,1.0821218197795237,1.2199089134677945,19.0,1.0819771465168218,0.0063551445301607955,1.3064438837720562
3376_left.jpg,0.04199719596580887,0.014146804757812853,1.3116213440667759,2.178766732341444,5.807067937812393,1.0858619833304575,1.4020170955632942,32.0,1.0939925624924134,0.007322147347474108,1.2443373648252554
3377_left.jpg,0.07983204008970121,0.021888935998487954,1.3631405271473322,2.659555606790267,5.437105702593365,1.0847230438395783,3.0138791689866724,39.0,1.0911150469051267,0.012658292509744025,1.3105556111482903
3378_left.jpg,0.05587259729289849,0.012041863243989369,1.2984593595080134,3.386656208754804,6.730040179904984,1.076062208720111,1.802674138321762,25.0,1.0877034463585835,0.009070026164527494,1.2672185508729044
3379_left.jpg,0.12718359351333886,0.03359957186420825,1.4881758203228899,2.810542934083491,6.166972573664027,1.0975829278061557,4.493406304905386,28.0,1.1160357744147367,0.021598642890320496,1.4196246777211166
3380_left.jpg,0.12912009672890426,0.03380015688468975,1.4934145112748312,2.827549924907141,6.319745302748557,1.0855359871579746,5.9456299619779465,20.0,1.0963362826411858,0.02133431927533263,1.434902451654873
3381_left.jpg,0.1421396740064067,0.03487808082135026,1.5081119161980259,3.1694843135263238,6.863158701542987,1.0754639163443356,6.416798876302307,24.0,1.0941278643654224,0.02442425651027193,1.4592854699092768
3382_left.jpg,0.13793399620063862,0.03333030192797381,1.4983420706855428,3.198678589139653,7.179288847476368,1.082584829164462,5.304959379168182,13.0,1.0898608835841312,0.024407865486439514,1.455187586095487
3384_left.jpg,0.1487322546021588,0.03648818323578849,1.5148132192775932,3.1203505402811613,6.819272908212218,1.080926423764732,6.480487656696166,15.0,1.0895596176773588,0.02520808440835173,1.4610936345424208
3385_left.jpg,0.04063967431830549,0.010741852919244644,1.2852847354501833,2.7935278166988216,7.716216625353281,1.080024884066378,1.914589169471372,34.0,1.0876494775675256,0.005693383582901711,1.2528533635766324
3386_left.jpg,0.11391766228444937,0.028132136093580576,1.4575992467624592,3.0603084613936833,6.501046482455585,1.0754290354030789,4.247302962618737,15.0,1.084131857158821,0.020821778170861505,1.4269633316636865
3387_left.jpg,0.08148185560241421,0.01982878355514028,1.3731999297597102,3.11346914681857,6.835666384408945,1.0795617282496315,2.6263289477006997,26.0,1.0878360056950513,0.0140912649309326,1.3575327688557555
3388_left.jpg,0.08440447532966949,0.023295130530448693,1.396122977859757,2.701778730749022,5.423741296328291,1.0792680566814095,4.03728432070168,37.0,1.0820126062323754,0.015932133250569004,1.3578896471611224
3389_left.jpg,0.13145523557474667,0.03491212273466687,1.4988441119031501,2.8014598679794096,6.1822108243162255,1.0796706001499992,5.9198384232336245,23.0,1.09112173497979,0.023256508091274955,1.4353639496842931
3390_left.jpg,0.05830724508050089,0.017878923402179215,1.3021210719586611,2.293814436766465,5.521093222057016,1.0790223896019226,1.982029598308668,29.0,1.0856674411160234,0.009046186371767767,1.2302130324837188
3391_left.jpg,0.14222127913262703,0.03696742804310593,1.5146735911346552,2.901461051959174,5.8881788994671505,1.170411076619581,6.315332110685037,18.0,1.0835825282269,0.02550383719579045,1.4606660073516122
3392_left.jpg,0.10244918858904227,0.02509011452529544,1.4181330645838173,3.0460189211511604,6.860158253408068,1.0746900538496815,3.6502086195620764,26.0,1.085666976986232,0.017439885626796586,1.3798339050781632
3393_left.jpg,0.1394038623859742,0.03454079505354255,1.4992066357747929,3.0866922025283334,6.656518765618758,1.0947120407585325,6.152563229027895,21.0,1.104688951131656,0.02416279377218228,1.4423277907617633
3394_left.jpg,0.12074148296593186,0.03129997368474322,1.471046369725936,2.965863753448778,6.711609708399266,1.0819832439214496,5.060626303111273,19.0,1.0843893699810467,0.02131535798870468,1.4180993349549087
3395_left.jpg,0.10812544511397443,0.028507498118525328,1.4499717273488482,2.8035818206523277,5.915309500634202,1.0859988921369819,4.848901168282125,19.0,1.0827265411511404,0.01819853219720885,1.3935383063786988
3397_left.jpg,0.1399194446131115,0.03524804177545692,1.5100305825067293,3.0044304794406784,6.803459218088013,1.0894346256139298,6.375614791426316,26.0,1.109968349438293,0.024293116360029954,1.4525786207157905
3398_left.jpg,0.144514215490555,0.03142808252918026,1.4957411650247283,3.657023151278936,7.889096521778452,1.0884110482438505,4.977884710115995,12.0,1.1019033055041576,0.02489979414372605,1.4726534584878868
3399_left.jpg,0.12393501239855156,0.03016560020605332,1.4816206268216814,3.1025087067076407,6.456895920654836,1.1034447237004747,5.050326503608458,24.0,1.1033355743931905,0.02184771245461019,1.4534033187904776
3400_left.jpg,0.02945376755247527,0.006884009396293943,1.3561802473082736,3.6247497417700663,8.177860408284719,1.0643647142938104,2.681324574339724,9.0,1.0595453367330177,0.004919647697266797,1.4472040653545415
3401_left.jpg,0.059914803518765915,0.018803720414387617,1.3226484302160157,2.327959200931796,4.846656916487144,1.0791633026488041,1.8652484057167342,22.0,1.084484250167281,0.012522370377838833,1.2822183901795938
3403_left.jpg,0.0448019801980198,0.012097772277227723,1.233572679440826,2.7955802003521044,5.896093919627367,1.0841385479649601,1.186056105610561,22.0,1.104774940184211,0.008204414191419141,1.2317478539643791
3404_left.jpg,0.12703897350407922,0.03351266702028239,1.4761941028451384,2.9170829757313714,6.438501706636873,1.0772712720998372,6.769215225682605,31.0,1.0738285163396966,0.02250006314566442,1.428249847289777
3405_left.jpg,0.1287115206814496,0.028520039811853626,1.4810072036741186,3.4399128807103616,6.522533242792859,1.0824967316740342,4.597561776578707,15.0,1.0831006193807338,0.02309895872804159,1.4482041178469522
3406_left.jpg,0.08449210681616996,0.023753319563293008,1.4099512735323494,2.6289229291240126,6.46776671169925,1.0859208471548685,2.766302744172322,32.0,1.097542030629093,0.013697809088226615,1.3714356870864075
3407_left.jpg,0.088827273555216,0.020557371408911063,1.4337582535302618,3.353146342275593,7.380294450068354,1.081620726001692,2.8840023881563637,7.0,1.08821997003648,0.016418574999241053,1.4077058955195012
3408_left.jpg,0.05678430563199413,0.012170931939093745,1.3152126930371024,3.59963474038701,7.368122885440712,1.0899762652763922,2.121170427444506,10.0,1.076763938516857,0.009900706292423409,1.3537705372405981
3409_left.jpg,0.12351703707943959,0.03274801913839079,1.4934110208756624,2.810760309015239,6.301300447743455,1.0856399825315715,4.0070409433719245,28.0,1.0960181556184811,0.020908167208094224,1.4267799088274593
3410_left.jpg,0.0021580573412122786,0.0007278353768711222,0.9419643144448778,2.0964176089272666,4.711200469102864,1.1056236570725229,0.20359031520870552,4.0,,0.0003206547464537112,1.071194807481658
3411_left.jpg,0.06958725159127964,0.018368490391750078,1.3516778858610594,2.7964482777210184,7.18327025028313,1.0804140065911425,2.2209771289832467,29.0,1.0856852439642584,0.010413354129755541,1.2865469471437943
3412_left.jpg,0.08294309350714464,0.02339433441965405,1.3911107745251934,2.569264347739083,5.541623998711418,1.0788735763918904,3.0082727500626723,36.0,1.0839060915125935,0.014168964652795187,1.361598602838502
3414_left.jpg,0.13426042738194593,0.032097315761892745,1.499221827022356,3.2584173139796753,6.667263885416914,1.0765032837524973,5.4829881800361004,14.0,1.0935287928685629,0.02242687731692642,1.45262080991055
3415_left.jpg,0.1097194515290018,0.027862932754223378,1.4468272585911193,3.022224119472661,6.83734705605592,1.0797815044460795,4.595843539304563,20.0,1.083961269716571,0.018731850205802883,1.398579816595425
3416_left.jpg,0.05406032248631097,0.016356247542025068,1.3123327428126121,2.5048649820691673,5.4270641821598575,1.0706864503515707,1.6134399548236813,19.0,1.0782981921309083,0.009514253733600896,1.2538548505109914
3417_left.jpg,0.07310215557638237,0.021570880067720774,1.3266340386469153,2.4804962839853335,5.566699173613934,1.0753816974805879,3.627898539770838,22.0,1.0821633485423505,0.012463343108504398,1.3298458678889475
3418_left.jpg,0.09880125487366068,0.026400457046636797,1.4198723739559902,2.8108457625557715,6.290273145641358,1.0851356565952428,4.109410550159866,18.0,1.0907205218521445,0.01629732086478035,1.3750992392798318
3419_left.jpg,0.11800517349392721,0.033329628357213585,1.473723525043973,2.6673800436774546,6.485933137149928,1.0795751873358528,5.557464179617242,31.0,1.0871097749381646,0.0192540872622921,1.3899810395484093
3420_left.jpg,0.06670380850450344,0.020340043299563584,1.3605058010369873,2.3570310158182446,5.4430344455335735,1.0849352105544987,2.394671123687207,21.0,1.09747174936737,0.011108341763553105,1.3167446266242167
3421_left.jpg,0.08693367746693091,0.02711434760565977,1.4363700271060411,2.3223276897845113,5.648968278184396,1.0786784398348725,3.9175922938655114,29.0,1.1009855562888025,0.01368852836797714,1.3410606946890116
3422_left.jpg,0.03165759626202434,0.011503533958841357,1.2003958912900874,1.8308049378118976,5.232406100875774,1.0890240505135422,0.8612847138112387,31.0,1.1172039657718769,0.003628161856929843,1.1235382650286903
3423_left.jpg,0.14351613261789997,0.03925283697618254,1.5223741871953462,2.7589449140138735,6.526034682987735,1.0821923213582247,7.376643324137792,23.0,1.0925331038303219,0.025146269742625883,1.4587786390054454
3424_left.jpg,0.14265603003284844,0.03792545703245904,1.5194704990187522,2.809044185989038,6.17000514184686,1.0859075085069185,6.689497488942361,23.0,1.0914690988538653,0.0259342831754146,1.458864277854522
3425_left.jpg,0.1259487559226886,0.030960588791546378,1.474909368111815,3.1206108025979216,7.2543279672554934,1.0898734250776856,4.25282813070692,21.0,1.0971972165594694,0.02106901089224334,1.4276288281456992
3426_left.jpg,0.020757089121106773,0.006729002407578017,1.1003915018109887,2.127422563966003,5.234517668099054,1.0858061074599805,0.6108020339707732,22.0,1.0849051996985035,0.0029369397800094676,1.064113385437991
3427_left.jpg,0.10848539236214977,0.03220106136648165,1.4409769574377207,2.4693004864106975,5.87134754096341,1.082882259411137,4.708567376829417,26.0,1.0954396469445487,0.018723479686686386,1.3612558143112252
3428_left.jpg,0.15209724846659864,0.0391105766801734,1.5302374242662897,2.997795730119092,7.01061559233498,1.0798121669864162,7.427018178511161,22.0,1.0929045193622173,0.025489324292917555,1.4652413044064017
3429_left.jpg,0.07071703716992321,0.015971256721133385,1.386225277424945,3.4511801588343074,7.202261431652009,1.0783047416152123,2.2922864560753067,9.0,1.0788349204807848,0.012079352977231615,1.384425602936359
3430_left.jpg,0.06303685024644752,0.0157965154160263,1.3924607660603818,2.9654539925676207,6.124738342845844,1.0753674692136768,1.541851315796018,16.0,1.077746888059004,0.010952118056073651,1.3370167931185264
3431_left.jpg,0.13283409381458405,0.03222318229821982,1.4908251154748682,3.2308324791690506,6.95369531248453,1.084384207317287,5.406743775928368,17.0,1.095928390093695,0.023274263394323425,1.4620943380597105
3432_left.jpg,0.06669358939842651,0.01805817304336554,1.321172731911075,2.7737306376943613,6.106222788859131,1.0825179419469817,1.8447056946563363,26.0,1.0944168126274831,0.011387318396202897,1.2817456905567934
3433_left.jpg,0.1360369557965814,0.0328063560735477,1.5003483144458187,3.1430743102278935,6.840412527281531,1.0802852858671368,5.660625296930122,16.0,1.0938855865636599,0.02340062064713077,1.4515952581219862
3434_left.jpg,0.13629083192279515,0.034742187302629915,1.502969526179505,2.894517653715149,6.459504513403769,1.109863151112495,5.50741479928252,21.0,1.1361081382087663,0.024419574059571028,1.4523787139067257
3435_left.jpg,0.13259020833438603,0.03494136016129114,1.498301122945892,2.836863613842673,6.080716159752204,1.0906589597856342,6.063576600657898,24.0,1.1211081244300891,0.023551942113055387,1.4441854731286603
3436_left.jpg,0.09914597640429654,0.02877267124493749,1.4604703686499727,2.597455505080851,6.232599253645837,1.07540546344204,4.358161648177496,36.0,1.085171435444764,0.01712889593238246,1.4059548784263263
3437_left.jpg,0.09304379422065666,0.0224623272808018,1.4210912748694255,3.1405121784315115,6.6433058798776665,1.0964033527744508,3.5830717522734843,17.0,1.09098324499182,0.016335779242407422,1.408044706167612
3438_left.jpg,0.08742651337306126,0.023590962900539737,1.4029552845711606,2.7978313944305997,6.054131158432715,1.080312080385581,3.4109833664399365,17.0,1.0825640808121944,0.01662352775938522,1.3581186079454401
3439_left.jpg,0.1025234121910172,0.023925161851142435,1.4164960352524747,3.2587578694976966,6.682091486916308,1.0784888923698972,3.1334179019240196,12.0,1.0826767545047378,0.018851046409962248,1.4072025691332517
3440_left.jpg,0.10638942620922327,0.02818701104551033,1.4455721909634904,2.8600529126149024,6.435378623670688,1.0740162350884739,3.9394138354234114,23.0,1.0819272073740114,0.018848580043333552,1.3967788429902563
3441_left.jpg,0.08235028373600335,0.02136663485873128,1.4018914408885734,2.922109712957835,6.484013864769906,1.084107249068068,2.6737105109092,27.0,1.1057843026957521,0.013645143297053847,1.3671714691459063
3442_left.jpg,0.1467941898730402,0.034991002455683366,1.518332295085621,3.235896437645044,7.28718571781425,1.073333170682094,6.014932940954237,14.0,1.0750575819387775,0.025814501456508557,1.4748648235429138
3443_left.jpg,0.07742057733829989,0.02471315092674316,1.406695561375475,2.310231917354492,5.430019722933573,1.0803900134585158,2.9919068918575253,32.0,1.0926148470833676,0.014650370747129016,1.3355263423163084
3444_left.jpg,0.06986212219817474,0.015457650376603656,1.3318956173853462,3.2927197993268646,7.145325360128893,1.0758932353449517,1.8666222713261595,15.0,1.0761764275993464,0.011179553927726404,1.3073547065036903
3445_left.jpg,0.12452826527741397,0.032611542827206845,1.4848763629210153,2.9292892115547926,7.136337746130515,1.0768052410587805,5.287309487082473,21.0,1.0865834856315881,0.023002221640133106,1.4424018269339833
3446_left.jpg,0.11990453556755015,0.033966406187061954,1.4857242336713021,2.5986977901080115,6.447174638727915,1.0771256551427115,5.991702247643599,20.0,1.0810777894961092,0.018654837670184485,1.4079105647142287
3448_left.jpg,0.1254029527976798,0.0329436017664238,1.478350446909078,2.9127527424091877,6.921286438933663,1.0729221565269313,5.911658599189547,20.0,1.0782004044552662,0.02136786685125863,1.430487368967136
3450_left.jpg,0.13435781122762494,0.03277763067838355,1.4966063094222066,3.153601719774116,6.985401379234697,1.089139731954129,5.795161040531156,16.0,1.103992968620648,0.025019109043948305,1.4610996779475682
3485_left.jpg,0.11632132852131338,0.02608081164979936,1.4501073156031756,3.4496210206792823,7.127735422267198,1.0749545436545616,4.441864573606239,9.0,1.0833493958433658,0.020952477096635794,1.4253295722137875
3937_left.jpg,0.08416089878623734,0.020202628147256495,1.3879316557671622,3.1487603722874544,6.498233502208194,1.0765911367042813,3.4607282575985554,16.0,1.079114316891791,0.014133814825960477,1.3634091418155736
3940_left.jpg,0.11054670073407145,0.030503508131565073,1.4550615016831527,2.668978691570614,6.503049148949908,1.0892701306502117,4.106338970677698,32.0,1.1065732790384992,0.018397412499493046,1.3970726916998428
3949_left.jpg,0.07074962359131903,0.015188153645714518,1.3235926175075408,3.6803850931889466,8.790344810228936,1.0869376227623642,3.041686310890758,27.0,1.0888718302858928,0.01031131659391967,1.3608293775657843
3961_left.jpg,0.08948772841184648,0.025755623421028603,1.4023821646350918,2.4934392381769785,5.61181317252853,1.0793716947338134,3.043800286117227,25.0,1.0860126058486526,0.015634987469688822,1.3326493704531557
3970_left.jpg,0.13620851076681464,0.037500125839348454,1.5108697810035523,2.7145630104299676,6.262698081431752,1.076704407309276,5.6879385501293624,34.0,1.0806060151325307,0.022263497528515197,1.4338991747434313
3983_left.jpg,0.09498177030585375,0.025617784079400446,1.4125435320768107,2.8224990095243054,6.1241349864844645,1.0831099207931092,4.05104314360948,28.0,1.090442465800818,0.014836945513469719,1.3761127123605503
4023_left.jpg,0.10737507434550751,0.03177955422937731,1.4503687917286157,2.497776637198863,5.735266153835077,1.0793638118619784,4.5363360517747155,22.0,1.0914677552369465,0.018533452958195144,1.3888030107722769
4024_left.jpg,0.14017747053948618,0.035337456794615245,1.5119828233288037,2.979962005514043,6.366161191025363,1.0814907280184538,6.26604410486528,19.0,1.0859683386645105,0.024402199179350353,1.4646711929096559
4026_left.jpg,0.11903955173686792,0.032517282708188995,1.482454317758852,2.72611591487661,6.2585230241954966,1.0793041039299291,5.512260987857855,21.0,1.0779626781149583,0.019515426745085742,1.419104995281795
4027_left.jpg,0.13262583475285286,0.033370014722804264,1.490285109264806,3.0393449753796635,6.1481623207037535,1.0807034770724857,5.527332660003719,24.0,1.0884515204400804,0.023988623744416137,1.4422188076777238
4036_left.jpg,0.10922155809743418,0.028444430959677174,1.4451031346038827,3.007380111986022,7.7307101526285855,1.08021968856456,4.247701689978458,22.0,1.093360135850763,0.017324554749840713,1.3982402293069844
4038_left.jpg,0.0009136651678207128,0.0004568325839103564,0.6072342462482181,1.1469181606780272,1.9957946783538774,1.1288309188118226,0.06526179770147948,4.0,,0.0,
4056_left.jpg,0.12415547293515632,0.03017810026385224,1.472926736589565,3.1863333227892827,7.235197026720768,1.0850080448952848,4.49748141041017,14.0,1.0994464076695774,0.021827776445190693,1.4455765468131
4057_left.jpg,0.11136270382809295,0.02997330415533233,1.4614800000613102,2.7920638876434816,5.857474222959115,1.0824050952671094,4.711031411941705,12.0,1.0943366740994143,0.01937095066587643,1.400412351184034
4058_left.jpg,0.09929826865852612,0.026154522352846078,1.424863092229307,2.910575062405698,6.605995828834814,1.0898467756165422,3.738525505332451,24.0,1.1078402278992054,0.017045655479718497,1.3733862014901363
4059_left.jpg,0.15342495940061415,0.03772988354323655,1.540966585339541,3.13885931341609,7.389711622519357,1.083714867714012,7.952210091642035,24.0,1.094723200869905,0.027027933335568896,1.4883341765089022
4060_left.jpg,0.13288779213815088,0.029458349677015733,1.487419133305176,3.5192563373829695,7.870049483532093,1.0937906709635552,4.567955790132222,21.0,1.0942123875105922,0.0225567642984464,1.4558112095225304
4069_left.jpg,0.12067396848913925,0.03287311633364324,1.4790792033550197,2.7839999209881507,7.045893678764143,1.0889740564663137,7.0598646693547185,36.0,1.0927207543439665,0.018847849972904042,1.4224569852485818
4076_left.jpg,0.08517543449701162,0.022962005203059525,1.378406785289802,2.7552541467491762,6.612020433831053,1.0802952097666838,3.9464323732078785,31.0,1.0901957201902024,0.014388900139682935,1.316525764254707
4079_left.jpg,0.09527801626180496,0.02732690268168274,1.4150085141373772,2.539244097791763,6.011012522535014,1.0839600622946817,4.090702489773244,18.0,1.0981258227798605,0.01681733245795667,1.3567177205247214
4100_left.jpg,0.13284522528258222,0.034490947768396264,1.4952977503843399,2.893965435397763,6.622010279375529,1.0852667510273817,5.760281344267762,20.0,1.0862821380160521,0.022636895107297873,1.4367351396955872
4106_left.jpg,0.1327748839230229,0.036452465277953205,1.5043388484806879,2.699619762969093,5.804599999351183,1.0875641347412521,6.264872757402907,19.0,1.1008560241854881,0.022245350605520162,1.424856911710669
4111_left.jpg,0.10081241506115597,0.02228395555200256,1.4197663088360246,3.534695348692871,6.702689891891665,1.0884570402174805,3.297625709489168,10.0,1.0988118151747095,0.01812195219442002,1.4109722341373692
4117_left.jpg,0.12054928738093555,0.028060322623003807,1.4575119037548503,3.325278194571157,6.7053336833796084,1.0866504549117637,4.141372309370612,19.0,1.0881127150010295,0.021908869607377705,1.431572186597843
4118_left.jpg,0.13697812527977557,0.031081202065116834,1.4944205749352732,3.4378240995069627,7.63614364046451,1.0829764196258498,6.018283645189849,20.0,1.085093867064217,0.023307171207735237,1.4602172184096294
4126_left.jpg,0.1199117605957158,0.030629254756343455,1.4646183553823966,2.970152995549587,6.535764029263886,1.0812489453295988,3.942824060210417,18.0,1.0961998819944823,0.02092691301830668,1.417703857700106
4129_left.jpg,0.09798166467369641,0.026800920389897454,1.445559551089208,2.706089098849777,6.329777944519975,1.0806830912603578,3.5782874950175745,26.0,1.0933706881066174,0.015835054534913216,1.3810923028776425
4130_left.jpg,0.15468432697844997,0.039265904888915834,1.5372859954823972,2.9842283002251673,6.878979344751978,1.084203747239215,6.466018044231605,24.0,1.0939933985413512,0.026152012042958608,1.477232453668478
4141_left.jpg,0.07123893348209212,0.020485325564818545,1.3554853301140164,2.5427952728764542,5.684513332175114,1.0780316126693479,2.5309655891984586,22.0,1.0854438831055728,0.011880042561543786,1.3242595722725734
4146_left.jpg,0.11054161528823916,0.028435174042875606,1.4565031111303135,2.9308004576443296,6.621056577933326,1.0795548550777927,4.704530710681266,37.0,1.0806936360408264,0.01886269208103678,1.401245549691065
4152_left.jpg,0.08770647346575007,0.020413272382249416,1.4036745900530248,3.2508766505914672,6.474772563736029,1.0775322281021273,3.2044381468333643,18.0,1.0792829759564873,0.01666808529813792,1.4167251768629583
4153_left.jpg,0.14406387939310514,0.03144190866100137,1.5015853439375482,3.5061497657382015,7.410372627743786,1.097059151833248,3.961985259383048,26.0,1.111494275986133,0.023888739326767276,1.4676676038546608
4154_left.jpg,0.10746628298890289,0.027182706620930683,1.4510792562972326,2.985846579928625,6.500806310543413,1.1026526517184039,3.584532741221629,16.0,1.1061093513154188,0.01825124587405346,1.4079982858298445
4167_left.jpg,0.07235642143661929,0.017299656937293795,1.3452637033618084,3.1854580590983335,6.352318811625085,1.085775360425672,1.7178397659695943,18.0,1.0930036445847824,0.013414307584262567,1.3272621626263714
4176_left.jpg,0.14221566158102278,0.02947643330511799,1.4897678039537972,3.9023428117924204,8.35603063278717,1.0812447419265168,4.5935958048599215,11.0,1.0915963625126368,0.023184755455540187,1.4607372158171472
4186_left.jpg,0.16003534460994698,0.03866195405200707,1.5350878045680334,3.1622914898850496,6.253530354037624,1.0959743603400642,6.463014390305478,14.0,1.0986675181877437,0.029209795506185306,1.4945398066052373
4193_left.jpg,0.13916373599204807,0.03548092496632037,1.5029319687892402,2.982918623976678,5.996374017027677,1.0822363734249825,6.71069826581429,25.0,1.087802731024103,0.024975907079534388,1.4529866669437352
4197_left.jpg,0.1204820479552883,0.030489782679208564,1.4658013597729425,2.9499718780511457,7.041906189365009,1.0906716383949695,5.239651687916365,19.0,1.0986352193860975,0.019910676414082187,1.4004983373307296
4200_left.jpg,0.04995832203508983,0.013080855251925722,1.2812570411108168,2.8465890098229067,6.646009682865142,1.0831379361901763,0.9540738955339298,42.0,1.0924691890500977,0.007436754943609211,1.286958410589193
4202_left.jpg,0.10384819187970526,0.02792913488167485,1.4449222815923717,2.7423108471044078,6.257104681154561,1.1062089179385184,3.7992021675448155,37.0,1.1135875990513617,0.017911238639885623,1.4104669594902115
4203_left.jpg,0.11916975492522544,0.030101685330855995,1.4590998729507694,3.0423619419760577,6.498846632774526,1.082453466839153,4.64501014833739,23.0,1.0803816914560918,0.021079258010118045,1.4107729720130018
4208_left.jpg,0.04756271896267064,0.020381146055651753,1.2930757273979643,1.5146077238696114,4.04944868181249,1.0821195437769513,2.013449844964362,72.0,1.093355199496723,0.004459791406596062,1.1524290885115
4209_left.jpg,0.04193217589167734,0.011030218308529797,1.2094402681418341,2.7916412930613594,6.537732338208069,1.0819404208614376,0.969353135347207,29.0,1.0842458543118785,0.006591601320361008,1.2180445961348039
4218_left.jpg,0.1473687935017211,0.037283218002699195,1.5227689175201582,3.0437759258095083,6.730360771964847,1.081449208912516,6.874346052558419,23.0,1.0934437662348637,0.026077023003785945,1.4733319967194898
4219_left.jpg,0.10337389264696643,0.02589583027916815,1.4217500640063219,2.9920814036094407,6.328326707851693,1.0824877985141503,3.4032126327252925,20.0,1.0898540920327149,0.017932312718590967,1.3878110600240356
4224_left.jpg,0.08589094943427987,0.02047686907619767,1.3865670218780095,3.190804618355597,6.580597654256527,1.09316682406211,2.3432194879348107,23.0,1.1193073090857502,0.015369607008617309,1.371214511194398
4225_left.jpg,0.09943276106568506,0.029327459795431915,1.4255322655173934,2.482020811071472,6.158042955896873,1.0790235161292967,5.028713956692715,28.0,1.0891619463980031,0.01638857878486156,1.3450204453777863
4229_left.jpg,0.08405126802149417,0.020023022087783324,1.3820822887707969,3.255188341316803,7.4790955903154615,1.0934321761839685,2.4260944525027486,27.0,1.1046391185841757,0.013653233674191,1.3779133815549338
4230_left.jpg,0.1288152214572402,0.03274594845975756,1.487081347907773,3.0266744262559873,7.353663082004807,1.074294529785848,6.419783041662876,21.0,1.0824588805281004,0.02103869056645739,1.4313178830167106
4231_left.jpg,0.13150438634148312,0.033378619299902525,1.485567924618696,2.9748614947079055,6.780368393244209,1.0830826037551313,6.212089837930112,14.0,1.0860409816107155,0.022974631441255347,1.4359128205195832
4238_left.jpg,0.07347303238831031,0.01972221952616203,1.3753750615280245,2.721713284897469,6.771590466300495,1.1066665526950565,2.523512340945929,24.0,1.1024918140743136,0.01229726975376343,1.3483589776965708
4240_left.jpg,0.08012632642748863,0.018514401212733705,1.4033558461308682,3.3587762087654682,7.297464984726812,1.077572378378432,2.223345123799899,13.0,1.078416207429299,0.013223850429509854,1.399003474621888
4242_left.jpg,0.11786889638193647,0.028577494906805924,1.4518706503228755,3.2601177852571084,8.830057820740569,1.0800877612783517,6.875180094331515,19.0,1.0882587165451378,0.019665037181580584,1.4003984127787612
4245_left.jpg,0.11034029760250613,0.029780461309147868,1.4575392722049603,2.7683537317934666,6.763464910817681,1.092431098533761,4.648460197559558,29.0,1.1143294943417172,0.01884647449662734,1.4044592701099299
4253_left.jpg,0.0975817880596419,0.02716621090241322,1.4363709651508987,2.6751266195591685,6.138761562362624,1.1240297609642456,4.241601628775025,28.0,1.1304345722958948,0.017126090341124573,1.3801221604465295
4261_left.jpg,0.09805377500972355,0.028827163300045967,1.4316659825761233,2.486345782765442,5.683709938348128,1.080477811014657,5.051193849666369,23.0,1.088391371640382,0.016446687174513697,1.3627984594452727
4267_left.jpg,0.1403123215972759,0.03678948352253495,1.5136510393757105,2.851347670354338,5.904746953023065,1.078914079567861,6.668788553933828,28.0,1.0851929933672606,0.02459368384890142,1.4522847854384118
4271_left.jpg,0.12067597354886113,0.0334851824638746,1.4913253866344658,2.680438482313659,6.319676540998698,1.0783356744626342,4.947342640215528,20.0,1.0955897781026558,0.018466813617438158,1.402121062761191
4283_left.jpg,0.10644042232277526,0.026993464052287582,1.4376880397807654,2.9589282950553986,5.904121931104391,1.079592343440994,3.720462543991956,15.0,1.0863843324731288,0.02006033182503771,1.403468363682584
4287_left.jpg,0.14967337102323536,0.04066063426143454,1.5339085219678243,2.7426758822827364,6.207363556111364,1.0869492891149373,7.275262591509162,16.0,1.0950290529444089,0.026115161344104763,1.4622066440429826
4288_left.jpg,0.07140188048516921,0.018481674863912258,1.3504311345068458,2.882628165752663,6.594884309744337,1.0856305375466058,2.9287900057565874,24.0,1.0889490550849723,0.012957370956502418,1.371291305116657
4292_left.jpg,0.1663870811269655,0.040164315453332794,1.549612821608966,3.166264322449039,6.782900224341391,1.0755945787672423,7.528598569060997,17.0,1.0839767877108653,0.02914426613848579,1.5016044735606153
4297_left.jpg,0.12295190342035943,0.030445572246575063,1.4683952299214884,3.1095386269998118,6.872426911457786,1.0826425949006009,5.186985751045025,29.0,1.084956077224593,0.021286982699876937,1.4234731729487182
4298_left.jpg,0.13871249665317834,0.03455435490959793,1.5000649241925466,3.0505585430064817,6.437448832207836,1.087867856029157,6.769420406266261,22.0,1.1030964547612667,0.02307159925031195,1.44685806513558
4300_left.jpg,0.059834306558233685,0.017573854325735244,1.3246254781142053,2.4459907962075653,5.818690306472505,1.080447883581601,2.1307791041595854,39.0,1.0807268633640794,0.008502823282313011,1.2480911916840562
4308_left.jpg,0.14714800790501908,0.03658334213345,1.520960428726065,3.033362370792164,6.6715015215589535,1.0879923153812014,5.9337929508551195,16.0,1.1035683514325692,0.024157577403311863,1.4624721332539203
4309_left.jpg,0.09714268322993969,0.021659404594634352,1.3981432941229945,3.48910005862863,7.48454702272168,1.0881450453122194,3.4492728628457514,24.0,1.094276930384405,0.01571448136631785,1.3912489788905853
4316_left.jpg,0.06324226991814767,0.012494824997630721,1.31008894027824,3.9141097627231747,8.018133407735885,1.1055497788018431,1.246988522717637,19.0,1.1337776503259178,0.010424824049919445,1.3274612347749208
4325_left.jpg,0.1487671177662008,0.0388708068400528,1.5273121695739267,2.915106589617618,6.513988634285532,1.0818200376843596,7.154445328953335,17.0,1.0884432417516254,0.0252521690061367,1.4596034661193094
4329_left.jpg,0.07846091470159824,0.022409538444596835,1.4044138396417982,2.613936840253755,5.953803398604657,1.086083448768504,3.654001131238706,26.0,1.0846951282151192,0.013094338300438981,1.367302049697962
4330_left.jpg,0.07641376808308013,0.021561128495054396,1.3491412363922366,2.6652973376164226,6.780706818454381,1.076418234583039,2.11630613879945,19.0,1.0879790089394785,0.0126877591845167,1.2781416334437834
4333_left.jpg,0.10519547973596495,0.030372099825018786,1.4413261329984453,2.5807777299419756,5.701830179121743,1.0867597334105605,5.042686339866974,34.0,1.095943915206285,0.017306499518423453,1.3561690223467877
4336_left.jpg,0.10127261227071474,0.02632258064516129,1.4242836871583984,2.946119637119156,7.309891864953617,1.0813611882926721,4.807084123972169,19.0,1.0818702280882164,0.016237824161922834,1.3667609039425899
4343_left.jpg,0.12296494658129557,0.028618155873277675,1.481269659199985,3.2782414183600794,7.266848086870095,1.0831622888199541,5.559622316323978,19.0,1.0950157320296976,0.020464043142669176,1.441977917173596
4348_left.jpg,0.14681768447137938,0.03563274095317082,1.521326023594969,3.119107285284855,6.495688194329349,1.0835261669149636,5.196025040843755,17.0,1.0875795063952791,0.02562040039369882,1.4724895889687608
4352_left.jpg,0.09556474918626229,0.020858049665885885,1.4123507583186787,3.607573354983256,7.3919043928861585,1.067330309062392,2.6871089749439765,20.0,1.070166778566007,0.016720915847858932,1.3996977185349289
4355_left.jpg,0.09392425266732068,0.02312779249032953,1.4155419828594635,3.021400476988864,6.246972761495177,1.0855372391668676,2.59234597144353,24.0,1.0947009647999575,0.015350754575998942,1.3846270132834437
4360_left.jpg,0.12777905339975443,0.03513562080084657,1.4946628552524455,2.727840991363115,6.247955524693801,1.0798718583948712,5.390889396919206,38.0,1.0901250264213607,0.020680050714292846,1.4192340527045042
4361_left.jpg,0.11133903080653978,0.030521510375537936,1.472856591464879,2.698429392647215,6.0288234283313,1.0768265095116347,4.392256545163145,30.0,1.0860390029425424,0.019938041147033125,1.4079713292071303
4368_left.jpg,0.07677069706596898,0.022778118909683103,1.3531707044402614,2.4778992165301847,6.079846945299279,1.0827177023120376,3.6842245775155513,42.0,1.092000876728452,0.012109886002616333,1.2849840947856115
4373_left.jpg,0.14437828092951185,0.036493124016031546,1.5193886835448445,3.062576278206833,6.900789928136547,1.0834063121573534,6.853635158155081,27.0,1.100892609754251,0.02288518174549175,1.4580167820003385
4374_left.jpg,0.11463215093729799,0.030931843891402716,1.464459703581541,2.7700516925809846,5.914342771277571,1.0895094217902808,5.2015998707175175,16.0,1.1048561701732225,0.021089204912734326,1.411456003940263
4377_left.jpg,0.11738579000823636,0.031136465844378305,1.4699911589063048,2.8405964690938688,6.563165517758414,1.0916079875253517,5.1540401105592135,17.0,1.0988715593864713,0.01952471665411843,1.4057981059597926
4387_left.jpg,0.13490170313842423,0.03672613331985647,1.5055111121348643,2.7501085607401747,6.017233156587476,1.0794864821344798,6.367817253752464,34.0,1.0840444583455375,0.023262748269065547,1.4438091591974453
4392_left.jpg,0.12637462510224484,0.03337978531107678,1.483141349201337,2.8948292943510956,6.568217428035171,1.0776707833719916,4.544215214032537,17.0,1.0907796760004842,0.02328152927989336,1.4486393753387299
4410_left.jpg,0.04482295161485913,0.013031044100408262,1.268057827612124,2.4181449292705723,5.800600025161061,1.0909660186211405,1.4147702008973686,20.0,1.1017157658740984,0.00797829338291766,1.2289240141942077
4414_left.jpg,0.043120776557812546,0.012252401490894032,1.2362192589635943,2.512361015572477,5.009005482015512,1.0894857668580655,1.1110998878799203,22.0,1.1054942988762373,0.007868607387804163,1.233285903213485
4417_left.jpg,0.07804303661852252,0.019739435409696884,1.4081651057618123,2.8754920159610546,6.121000683495969,1.08021299744406,2.526809448245889,21.0,1.0842834353683262,0.013376929219013735,1.4106643631687943
4422_left.jpg,0.11204471891616213,0.027515060317011467,1.4388852983951992,3.1311371901565708,6.886668289496547,1.0858462983547148,3.888162313103107,16.0,1.0887843667764603,0.01851169225952726,1.4092623653694416
4438_left.jpg,0.05648101520797663,0.022691106858696748,1.3346576681812585,1.6079471915217005,3.928064014845647,1.0771302416173607,3.6257427736932217,82.0,1.091137258649183,0.006516265484943096,1.1101189435408718
4440_left.jpg,0.062083829905925904,0.017394832264117453,1.310088576364877,2.649462662965149,6.176912714447769,1.0952738323927045,1.9271242741587848,27.0,1.0947353853179436,0.010279686588736466,1.3154597182265229
4459_left.jpg,0.11941390093816201,0.032810450923030365,1.4748958445557507,2.6581714843525814,5.852650746652696,1.0785213153861424,4.035105417129023,28.0,1.0891376768730414,0.021098557449813378,1.4168950061033017
4464_left.jpg,0.12282749282567398,0.032648235722080754,1.475128399745869,2.84512290485193,6.539109109227233,1.086587948936148,4.900771997898226,22.0,1.0845531856646806,0.023422658744593993,1.434529709880023
4465_left.jpg,0.06185911725367811,0.018900070059231895,1.3387485576083054,2.3447856461468506,5.8157357565525105,1.0797986631412007,2.972209838014564,29.0,1.0906698978780367,0.008598178459970702,1.265416856081933
4468_left.jpg,0.12144875235654753,0.02877894194174463,1.4899129208666166,3.2301343620652436,6.9829797198040175,1.1159500502877038,4.801544581077871,31.0,1.1144261189465978,0.02114195892910393,1.45625514549369
4469_left.jpg,0.12866055416635094,0.03379555959687808,1.4923575909594005,2.87135452705372,6.151436603537746,1.0856899024827211,4.597004369679977,26.0,1.099082368296093,0.022414185042055012,1.4299470815162982
4475_left.jpg,0.10471881060116355,0.023513251454427925,1.4285281747928975,3.4215078550266362,6.671377876690208,1.0786119848801408,3.333063994828701,7.0,1.081554998544875,0.018660108274078862,1.4034210026147995
4478_left.jpg,0.12610639383119807,0.02746357026413434,1.4722456052125805,3.558936736880364,7.432602830139347,1.0745852815195176,4.100533069299009,10.0,1.0817292713588327,0.01983257823517057,1.4404546790135622
4486_left.jpg,0.09372798454137396,0.023716310058171132,1.4092182166256926,2.9383258120977187,6.727484207311934,1.0861559419851545,3.0192628972846762,29.0,1.094872252842371,0.01583100179142932,1.369727271339547
4487_left.jpg,0.08641825095057035,0.019929024081115337,1.3912378243647987,3.3424441612095266,6.933223254885449,1.086350478903713,3.193916349809886,14.0,1.0882196145919962,0.014884664131812421,1.3590771837669833
4489_left.jpg,0.09527750220595933,0.02456217315659071,1.4155316215797233,2.988818358618946,6.55151070924165,1.0808243943635851,3.9383228726824964,17.0,1.0930087873701306,0.018151181746122746,1.3794263585815796
4496_left.jpg,0.056612981942410934,0.016475302458195267,1.3054425378488013,2.483718252773928,5.578691734654278,1.0852651125898636,2.0035447329891345,28.0,1.0835876352014269,0.010207803549870283,1.2503257320927155
4500_left.jpg,0.07149157958938841,0.024366515951145994,1.3623578544493222,2.068184289113518,4.860346129198995,1.0922660053369047,2.369106846718787,28.0,1.1152090191931814,0.012410087354514156,1.2749396459096667
4512_left.jpg,0.1400468928437882,0.039171694509292664,1.5206685648291385,2.6823779255329723,6.399612487091741,1.0858916673912449,7.023820351898452,41.0,1.0871528496509197,0.02432566271513608,1.446405748048935
4523_left.jpg,0.10516009205798038,0.028263415028061532,1.4674947908161031,2.7321690135902017,6.741590613483977,1.1050639560219644,4.6432753260386805,20.0,1.1237443768678397,0.017689869584527798,1.404948086647455
4531_left.jpg,0.08974736222623902,0.0207472174347621,1.4427038039692526,3.2285287579215978,6.302981150907856,1.0775696439674076,2.5688810421249784,9.0,1.0829440149772858,0.015903708997155548,1.4095441609357184
4535_left.jpg,0.13566852290340334,0.033245654336071406,1.4932397481398387,3.0745307571958396,5.850672795208221,1.0881491681882725,5.250642446395484,17.0,1.0966543864674325,0.025440372391718123,1.4574275216745132
4542_left.jpg,0.0937801815723392,0.024013094354584548,1.4074099920056016,2.874936934961739,6.40923617599434,1.0832992090043638,3.253255797403495,12.0,1.095896779260303,0.01616969795553206,1.3808998304351725
4559_left.jpg,0.1191214966495184,0.034192094278408344,1.4759336423775997,2.579571233349466,5.876311116989874,1.0798776380289377,5.0535167423009675,31.0,1.0930296676223923,0.021709907924924957,1.4112846231584222
4562_left.jpg,0.10952394276866827,0.023807525136642603,1.4446758230190162,3.6939987992774728,9.78480041624263,1.1105432235946866,5.083291361202828,47.0,1.11891820666626,0.01640643945753353,1.4084911582303072
4570_left.jpg,0.10065228704672113,0.027738620344686462,1.432897071847369,2.683932408771953,5.743800841374351,1.0897175027780341,4.042057609426078,11.0,1.0989784134870837,0.01870967415963096,1.3896891872439197
4571_left.jpg,0.1150394193467651,0.033963208609685894,1.4729073465357243,2.4986266695700468,6.216977338175731,1.0780165358070528,5.155800275309724,20.0,1.0867093002463888,0.02093855587535978,1.40426901205575
4576_left.jpg,0.1348505953289574,0.03280033582659136,1.5060107002006065,3.1943074876235915,6.776876860343691,1.0846125741055381,6.439856510456419,19.0,1.0918010256844912,0.02468611662341627,1.467663702011506
4577_left.jpg,0.0995981372715216,0.025098969915140153,1.4273010936038195,3.0216855907047404,7.178963781210599,1.0878547947602215,3.3405462541008943,28.0,1.1099823247776381,0.01626397295653301,1.3626668093724899
4578_left.jpg,0.06560902255639098,0.017649122807017543,1.3474358737785332,2.820232504141257,6.898832961139473,1.080924917801709,2.2055137844611528,28.0,1.0946101468765508,0.010967418546365914,1.3460246261937237
4579_left.jpg,0.09352324643912927,0.022615142003823276,1.4038263875800645,3.098164943150633,6.7798506043971205,1.0845369492374484,3.1438089781099623,32.0,1.088549211628377,0.01580017544482362,1.3549546571584734
4581_left.jpg,0.1514390651759868,0.03905204075962029,1.5272601526331506,2.9550455511272014,6.73676680084813,1.0865877859447255,6.92125431315392,25.0,1.1029679971399329,0.026199726181033743,1.4725696296624005
4592_left.jpg,0.11632841747881838,0.031798960243721294,1.4656873306723301,2.713420538677521,5.897359327347745,1.0851555122203835,4.951220374777069,18.0,1.0890586041987425,0.021108366046753667,1.4058255997478553
4594_left.jpg,0.1336179512591802,0.03254809280577368,1.4939560191843144,3.138022450195222,6.891176098660776,1.0917348733860728,5.387410739244237,26.0,1.1081415800978047,0.022749104215903027,1.4443189702911268
4608_left.jpg,0.13508189766201495,0.03438540135662732,1.5008115928140031,2.9604145827174473,6.061085559978397,1.087876027359324,5.757837477461097,17.0,1.0944359968101562,0.024506164421615125,1.4494177124872896
4614_left.jpg,0.1248231251263392,0.03353042247826966,1.4783935875901584,2.749009258268507,6.255418763414948,1.0747788782557186,4.649282393369719,15.0,1.0826950312519665,0.021224984839296544,1.415419198982164
4618_left.jpg,0.08126405145731885,0.02262851727510107,1.3779630538155243,2.673598010973591,6.200991369198791,1.087053764030733,2.671667221163637,26.0,1.0995363242736984,0.014028773351883777,1.3852521385060446
4621_left.jpg,0.15633597756152914,0.032935093297363265,1.5058360440647078,3.8168692410941722,8.191310268161327,1.0973341924359623,6.637333932834463,12.0,1.0820839914870286,0.027143484172099646,1.4776368430775135
4625_left.jpg,0.05170449610977435,0.013537883083776507,1.2790813961296328,2.7330449132090955,5.49734527753137,1.0990681872058092,0.6130362151144079,21.0,1.1235410900296472,0.009660429023177878,1.2572356604589592
4637_left.jpg,0.134179606599113,0.037016457371467824,1.5065468095255747,2.7045724005554828,6.2870085958950215,1.0963378816015144,6.162674398634109,23.0,1.113111418873795,0.021225867068082396,1.4342106834638868
4639_left.jpg,0.08707344402566976,0.019929713761841703,1.3817274528752554,3.37528625831734,7.837656013901574,1.083295155978942,2.2410104920036673,18.0,1.096445107624765,0.014296628297850666,1.3662973917205816
4641_left.jpg,0.1530431267527349,0.03966549607134737,1.5340630972837623,2.9288598961835945,6.518692892017623,1.0865010451020467,6.568808266592557,34.0,1.0972207740968851,0.025987216088527325,1.4664301415517176
4672_left.jpg,0.1440147925107862,0.03859289272398428,1.5206836348789494,2.768348173241274,6.1933043919746575,1.0840511502804757,6.618233992462287,25.0,1.0880649007576393,0.026033404399357373,1.463590158085142
4683_left.jpg,0.06982046927899352,0.015950572981747888,1.368625258586497,3.396743101178577,7.095149438327373,1.0826288102653967,2.509798895688486,16.0,1.0889581006525593,0.012127134664060749,1.3978914686795907
