filename,patient,hypertension,age,femme,pli,densite,densite_longueur,dimension_fractale,calibre_moyen,calibre_principal,tortuosite,bifurcations,fragments,tortuosite_ponderee,densite_longueur_principale,dimension_fractale_principale,score_reseau,score_marqueurs,score_age_sexe
0_right.jpg,0,0,69.0,1,2,0.0675984397290475,0.0141212502119933,1.357603074815935,3.71001062095202,7.888331760688086,1.090486744949852,2.1448737517333574,20.0,1.1318072465010287,0.0107343449156515,1.4358410726616244,0.0008078869432210922,0.20298634930679324,0.40681025138487065
1_right.jpg,1,0,57.0,0,3,0.1303638187744263,0.0360574403410083,1.496194373466768,2.6876381858891936,6.087577277853715,1.079699599681362,6.488742032573485,29.0,1.0862702060791398,0.0216474416886701,1.430628429376799,0.00566964503377676,0.6594771722488534,0.5273290510232628
8_right.jpg,8,0,59.0,0,0,0.1434478988046422,0.0333556996943264,1.5072331873053668,3.424025031075807,7.318094002221151,1.0859268307557923,7.703968786500659,29.0,1.1047570694318505,0.0235791147891349,1.4696877446911416,0.003353348234668374,0.5999536301436826,0.5452497950476564
10_right.jpg,10,0,70.0,0,0,0.1011592800018437,0.029228606328793,1.4573292963131463,2.56244490476824,6.664659552064448,1.0791592845457372,5.439166609048376,28.0,1.0877232327151334,0.0161423402244808,1.3759881217355243,0.0025747225154191256,0.7288126238089032,0.540292305292595
23_right.jpg,23,1,47.0,0,0,0.1030789758311516,0.030031638852106,1.4373993086174153,2.563454967768423,7.022724257602402,1.0797024925404182,4.599258053755724,29.0,1.0825920006371033,0.014626651436889,1.3425910667786038,0.9915114045143127,0.829023829496262,0.5506477204506859
28_right.jpg,28,1,63.0,1,4,0.0906613745732735,0.0199738822851972,1.395454271845831,3.5013791172611533,7.31440662086045,1.0869123139951529,3.341833586969934,37.0,1.0861703377211906,0.0141488092789865,1.3823592518891408,0.10396648943424225,0.5240561945318696,0.4437980482672972
29_right.jpg,29,0,59.0,0,2,0.0622010537066812,0.0215039084225748,1.3618054227578178,2.0273499245325386,5.146128348156861,1.152424607702779,2.426963565209477,27.0,1.153086723144521,0.0092881918110204,1.2627709022904776,0.05424549803137779,0.8434518644173707,0.5515545284011917
31_right.jpg,31,0,62.0,0,2,0.0768251294876802,0.019845477189369,1.3568456787778391,2.86245557374842,6.155733222839944,1.0826034583740605,3.246703834661607,18.0,1.0883425018486677,0.0129107207175215,1.3154553391378807,0.007673484273254871,0.33495514029495305,0.549806838729863
32_right.jpg,32,1,64.0,1,4,0.1003013411222642,0.0232382343261477,1.4131606064965372,3.268804590363959,6.969201199914705,1.0953641847048237,3.702484778673688,35.0,1.0911919623189548,0.0158332647688003,1.3974687758542177,0.3278752565383911,0.5829579759262424,0.44164254306001766
35_right.jpg,35,0,68.0,1,0,0.0878485592714997,0.0218408578676611,1.3874643673986626,2.972311476668072,6.101035345451778,1.0787816693668466,2.829912171654387,16.0,1.0793306345041136,0.0157818137715654,1.3661823182947186,0.018521539866924286,0.170933412207798,0.4239419707331991
37_right.jpg,37,0,41.0,0,0,0.1526927800041439,0.0382603686053739,1.5346128588135488,3.040961193513376,6.581921184815754,1.0994644138695688,6.771746655818396,22.0,1.1039094170144303,0.0272082716380046,1.4807803695053687,0.004658779129385948,0.44633596652877805,0.5533422973280002
38_right.jpg,38,0,75.0,0,0,0.0621204199993159,0.0177556714077012,1.3212487819606042,2.5894694890733674,6.762650601465703,1.0804314149670295,2.9804511719036286,40.0,1.087394896361576,0.0085455886879663,1.3343005354626156,0.0063109672628343105,0.7961596983093959,0.53803620226169
45_right.jpg,45,1,54.0,0,2,0.1423742857287209,0.0378165907977102,1.5169913403990167,2.808548788977679,6.590250071765508,1.107383072028929,6.264872757402907,33.0,1.1330955426448028,0.0238216734283505,1.443040383482154,0.5463983416557312,0.7046531075491546,0.5544644962375241
47_right.jpg,47,0,60.0,1,0,0.0577984224047472,0.0152467706335709,1.3205750467355912,2.8145702233197736,6.224065246082548,1.0880860192713118,1.0402720989977206,31.0,1.0914429116993023,0.0093579259688099,1.32872011181895,0.011240161955356598,0.4361849382974415,0.4274938449530914
49_right.jpg,49,0,47.0,1,0,0.1305253261490404,0.0336839551352362,1.4918828859821722,2.904645443813136,6.971740388173164,1.0952834405809255,6.11608429076168,26.0,1.1092949024775982,0.0220735042130216,1.4353287578071103,0.7897230386734009,0.6288208050923846,0.43328146015341057
61_right.jpg,61,0,59.0,0,1,0.1297306503564111,0.0299856233312795,1.4777557732013642,3.318606639735823,7.234566212189127,1.082280189140799,4.708734702873831,10.0,1.0875125124180465,0.0228022982632783,1.4450899693812078,0.01687111146748066,0.17790896152913446,0.5324226954959468
62_right.jpg,62,1,50.0,0,1,0.0927645285919453,0.0214363735663571,1.3854791090937555,3.3524242490813747,9.11835701562878,1.0935315227946087,4.551247041689423,37.0,1.0969588806095436,0.0136031717134939,1.3490412862951946,0.07347426563501358,0.8766531862714463,0.5428723247515318
65_right.jpg,65,0,56.0,0,1,0.1151865794194184,0.0275687830019453,1.4461413468472066,3.211055534466346,7.149935360942569,1.0810128601430624,4.497107197897981,21.0,1.0792888012290118,0.0194285136808064,1.4037670324735538,0.026527654379606247,0.35468341000644055,0.5359095245750178
66_right.jpg,66,0,62.0,0,0,0.0328085622724868,0.0083486305134667,1.2251398649595124,2.787443398675232,5.717850650705501,1.0828658694025903,0.3629839353681175,15.0,1.107128019075088,0.0052788235172106,1.2449018615174483,0.002122998470440507,0.11039352738361648,0.5438985998086648
73_right.jpg,73,0,67.0,0,2,0.086465052665959,0.027118886257859,1.4097988971536777,2.228122700201134,5.200565105465368,1.0883009650847435,2.908875643014616,24.0,1.0819779036413673,0.0132991753082387,1.3234450535672988,0.003961316309869289,0.6247265495597222,0.5468913099522232
74_right.jpg,74,0,68.0,0,3,0.1267945709492476,0.0281696029601601,1.458940856908124,3.4441350654570426,7.049940040475665,1.0901317528051488,4.18101713694399,34.0,1.1096303060574826,0.0218510408119535,1.441665292426197,0.10483658313751221,0.4737951460367791,0.5261262215669399
78_right.jpg,78,0,46.0,0,2,0.0834090790367236,0.0172439011649166,1.3562667058092466,3.72708779930214,7.196074610618325,1.0783562013924497,2.664159222692368,19.0,1.0867916067968766,0.0142819829702763,1.357145142179922,0.025717131793498993,0.21512477531302943,0.5591126075239633
84_right.jpg,84,0,51.0,1,1,0.1244203947307773,0.0344398455000507,1.505713417129846,2.672069948884291,6.898979386722388,1.0801734374492304,5.577116308225556,39.0,1.0828968487643762,0.0211008582306252,1.4262112357331989,0.0011776626342907548,0.7970893627022408,0.4552766796093153
95_right.jpg,95,1,46.0,0,4,0.113681273974195,0.0322233396843366,1.461177601901125,2.601014661333489,5.83077990246154,1.075479729819814,5.104387246107273,23.0,1.0788583292539415,0.0195482869979633,1.3991049622180685,0.025347109884023666,0.48341298721174863,0.5523878826051483
98_right.jpg,98,0,69.0,0,2,0.1207024251583909,0.0334597792034911,1.4827767117340485,2.663328795949826,6.101037149273698,1.0758491512924668,5.504899360430783,35.0,1.081332124585341,0.0196374773548458,1.4131812419524516,0.0016458060126751661,0.6638456840057702,0.5457241856550207
99_right.jpg,99,0,62.0,1,1,0.0327872994057965,0.0091303205465055,1.2188703022133778,2.6475266228214966,6.664157503949572,1.0836903342271471,1.3642426937224623,18.0,1.0817451609010458,0.0053205465055176,1.2419333186398267,0.008515791036188602,0.3183767244328326,0.4425663818296201
100_right.jpg,100,0,59.0,0,3,0.1456039145248685,0.0389151002396545,1.5306243211426755,2.8171271816742025,6.312665046545346,1.0927104490342077,7.204646997313267,29.0,1.102136394624149,0.024195606165977,1.456473648333514,0.0008132472867146134,0.6946534634868028,0.5271103779439077
103_right.jpg,103,0,55.0,1,3,0.105777975384491,0.0269194236171459,1.452399780369663,3.0436151312367428,7.518724185626209,1.0778991238445494,6.012408803379075,19.0,1.091788853380901,0.0169408459812857,1.4215959822902149,0.0005510697374120355,0.570381351219368,0.46384419502000407
105_right.jpg,105,0,61.0,1,2,0.0551967057588663,0.0170111624714882,1.308356574612769,2.3370953925182354,5.457128502341972,1.0777482629502388,1.9176036010577096,28.0,1.0991836518008204,0.0083163440382713,1.234180627466676,0.21291927993297577,0.5443295999496579,0.4113634251714172
108_right.jpg,108,0,54.0,1,0,0.08575545163574,0.0257301253352743,1.3907544926620248,2.4946648743227424,6.412193553906501,1.0888665264313466,3.739119163234986,25.0,1.1081413262072828,0.0149664476373752,1.3305317038574551,0.0015894391108304262,0.5564669346774266,0.43016268567618426
110_right.jpg,110,0,69.0,0,3,0.0530032141422257,0.0166834069907593,1.3019376611684124,2.2801885618790445,5.478753270414908,1.1008658725899192,1.2555243069505826,29.0,1.130035631175926,0.0086279630373644,1.2777148038801789,0.0008764120866544545,0.4531928208375346,0.5260168581862011
114_right.jpg,114,0,48.0,0,4,0.0808441817746186,0.021903202619599,1.3904332012697844,2.858656570315508,7.0807746934708335,1.086748515846951,3.294465298298858,24.0,1.0969844726614864,0.0121595719191757,1.3411663476654532,0.45124828815460205,0.6153927653132799,0.5480636426814862
115_right.jpg,115,0,66.0,1,3,0.0795939126992478,0.0212013248948953,1.3943578420466125,2.8256310893884518,6.12139646650488,1.0880298899267682,3.106788332506526,21.0,1.106668937265298,0.0142461277892194,1.354995406849167,0.004267506767064333,0.274666244666246,0.4626444372965833
116_right.jpg,116,1,61.0,0,1,0.103477733407471,0.0287014103017742,1.4322214840764924,2.622196376902393,5.954289817170915,1.0868216828269688,4.599909012788758,19.0,1.1010695054791364,0.0173886670373553,1.3816778577782525,0.2914447784423828,0.4259481135728741,0.5300963609169413
121_right.jpg,121,0,47.0,1,1,0.1104972375690607,0.0308846350204465,1.453900374170742,2.682523649627349,6.06835645004755,1.080993168774074,5.105316099942881,31.0,1.087547851010607,0.0180505780127683,1.3884108973187224,0.544528603553772,0.6170804477800895,0.4599139835646433
122_right.jpg,122,0,50.0,1,3,0.0863584719872749,0.0208902466735678,1.389616818581676,3.1982002682099773,6.677501280160349,1.0727717509413623,2.878279092079683,23.0,1.0767876061743349,0.0156336001211906,1.3702347901743606,0.000314566888846457,0.24049456269608907,0.46438967867331876
125_right.jpg,125,0,71.0,0,3,0.0823039535149817,0.0221181925367268,1.3820443751609028,2.7430104377074858,5.743580182823964,1.0865923168430085,2.736168667386362,29.0,1.0950627110031317,0.0136410445199516,1.3160687371011717,0.00011790772987296805,0.4619389052834613,0.5257981239466177
129_right.jpg,129,0,62.0,1,1,0.1160358313128341,0.0282227384780822,1.4574395176635322,3.0675186482317054,6.311775979239305,1.1088530350779011,4.210077810353748,22.0,1.1219635561205052,0.0216286407028293,1.439266167068365,0.005872463341802359,0.34493987346291244,0.4425663818296201
141_right.jpg,141,0,32.0,0,1,0.0738830073568993,0.015087624857946,1.390834981354898,3.7961370055714023,7.12411795967656,1.1054474497212523,2.1432701317861915,20.0,1.114759835162281,0.0128247303467113,1.3893814880053414,0.09414971619844437,0.30480960415058894,0.5636498624023069
144_right.jpg,144,0,49.0,1,4,0.0536179782079272,0.0100086220371201,1.4133658496220525,4.350281341426692,9.712838046436746,1.081029517402845,2.0672720580449657,17.0,1.081478013783849,0.0085917843583137,1.3947685678322532,0.0004285961913410574,0.2323079346620881,0.47416100913688825
150_right.jpg,150,0,62.0,0,1,0.1254186395657697,0.0266039538472844,1.4654223506442492,3.646730384705988,8.224506203958622,1.0847824228502936,4.094531176180327,21.0,1.0977091178791918,0.0193230375122048,1.4410027559302288,0.05337678641080856,0.4527840062108218,0.5289326966664348
159_right.jpg,159,0,69.0,1,2,0.1194001509117166,0.0293678198254021,1.4677105793333196,3.0708338134229978,6.548561432118884,1.08481036692736,3.54792446418845,21.0,1.0882478919875376,0.0212975409385509,1.4304794642033911,0.01565101556479931,0.2968063561181103,0.40681025138487065
165_right.jpg,165,0,48.0,0,4,0.0868404898064682,0.0204775289974475,1.4034892205365674,3.2479613828827807,7.857777039838288,1.0888844092888086,5.169461406739686,18.0,1.109850073072457,0.014991438079545,1.3693238219200996,5.073399734101258e-05,0.4583217953225839,0.5480636426814862
170_right.jpg,170,0,59.0,0,2,0.1396429708352719,0.037059529348385,1.516165382635091,2.9060580433941223,6.917538797609748,1.100380798406341,7.689105468080418,22.0,1.1122759698525713,0.0230918040012733,1.443431117143695,0.005447793751955032,0.6280203748564959,0.5515545284011917
172_right.jpg,172,0,68.0,0,4,0.1011996894332156,0.0247802239086332,1.4267952656280416,3.034712023882595,6.382127288281388,1.0863099763418171,3.65667342900794,17.0,1.0930986446846955,0.0171362736995015,1.4176242156306196,0.0459817573428154,0.23799703252709767,0.5045289173013052
174_right.jpg,174,0,71.0,1,0,0.1101893732292857,0.0281972265023112,1.450856554990486,2.885823677373998,6.501833905951035,1.115826967037512,5.119538744470401,18.0,1.1290711657971202,0.0204980366817436,1.4312422693007585,0.0015918056014925241,0.3583554222809268,0.42261202064619974
179_right.jpg,179,1,65.0,1,2,0.1360648697804835,0.0345113294768484,1.500960127019433,3.007612973604659,6.324532601304995,1.0822983903709238,6.769899209336399,28.0,1.0794621913736104,0.0262156768636168,1.4630813712946542,0.003773568430915475,0.266931627882519,0.40908488903648915
180_right.jpg,180,0,45.0,1,2,0.1401423857957789,0.037875228004224,1.5205770973448045,2.7589001604941563,6.619992466903435,1.0841290044760232,7.174869766008297,30.0,1.0993719916664282,0.0235406466477694,1.4523349632655178,0.15006017684936523,0.622064415796863,0.4205147195285943
182_right.jpg,182,0,64.0,0,3,0.1282598040454161,0.0330414394930849,1.4894837885891332,2.9164305723347588,6.9039559444721785,1.0797544848167842,5.507748745597591,16.0,1.0904535710738597,0.0226221937009545,1.461001244571301,0.00030876341043040156,0.3015223784081823,0.5265636499193899
183_right.jpg,183,0,55.0,0,3,0.0994867765389244,0.0253975989894669,1.422738765232393,2.9738223359678795,7.457867000844634,1.0891047695215703,3.3817049760794102,33.0,1.1033002562114207,0.0160780179230363,1.378576782184722,0.004071338102221489,0.6920968343903913,0.5275477136172481
191_right.jpg,191,0,51.0,1,0,0.1203009418327337,0.0311603136747645,1.4619045979638483,2.9229286349722794,6.418925883720688,1.082734811126664,4.850640688790977,22.0,1.093767714981203,0.0208324912082137,1.4013881111084323,0.010648591443896294,0.383492049872377,0.43149863967798857
196_right.jpg,196,0,65.0,0,2,0.1312156858783657,0.0371185986958739,1.507249618778302,2.5981314484800637,6.117751297314461,1.0794024145628136,6.76812113926672,29.0,1.0883071420125712,0.0212943274053346,1.42180447903067,0.03571781516075134,0.6547456443226621,0.5480579189479594
200_right.jpg,200,0,64.0,1,4,0.090158122385308,0.0216519281611815,1.393516366072821,3.213105726599134,7.672985341327372,1.098794884001774,4.254413954477771,20.0,1.1070547626810725,0.0153513436857406,1.3796088539794562,0.08985212445259094,0.45069414424571547,0.44164254306001766
205_right.jpg,205,0,58.0,0,1,0.1228355811753316,0.0333458009724758,1.5117999076835842,2.7749434107868174,5.898055837029727,1.0819329718555273,5.852456491606345,30.0,1.0982678514804227,0.0227101713933686,1.4495411658210204,0.006456977222114801,0.4765608684012877,0.5335853407446928
208_right.jpg,208,0,68.0,1,3,0.1236453201970443,0.0269194407125441,1.4675850891162605,3.6262315598456514,7.565565921530807,1.0840693168529072,5.025625715280888,18.0,1.1040928167099096,0.0212618798825695,1.4458190923465255,0.0014573469525203109,0.27385719328636265,0.4624263455848636
215_right.jpg,215,0,53.0,0,4,0.120945042221468,0.0341864132713153,1.4853698390559071,2.644669014362974,6.183689315130213,1.0978299979626034,5.639510510450562,18.0,1.1007838832170775,0.0204170243347373,1.4138321014843374,0.2596051096916199,0.5937955230360342,0.5372226509821401
219_right.jpg,219,0,62.0,0,1,0.0839615205836583,0.0203512459327822,1.37026912932969,3.144993196834581,6.548692246584741,1.080683878902518,3.081991067278349,27.0,1.0911976746491727,0.0135759180291424,1.3338916326138268,0.45970970392227173,0.3883921657297791,0.5289326966664348
236_right.jpg,236,0,65.0,0,4,0.1021865216593154,0.0260130089852296,1.4362147412961457,2.924882680908348,5.810516797407115,1.0844549419948206,3.473031907240279,20.0,1.0892081006339152,0.0192654041368771,1.4166368131602969,0.0008250027312897146,0.1727411367213637,0.511079747746442
242_right.jpg,242,0,38.0,1,0,0.1426735933714066,0.0369620970311954,1.5187138456111902,2.883251110560165,6.533593668425935,1.0871735807599363,6.373647496825822,23.0,1.0923261703376963,0.0248218160848605,1.4537278705775476,0.0006447797641158104,0.49214194148518187,0.43729905957706766
244_right.jpg,244,0,58.0,0,0,0.0968663958305225,0.0249199234463149,1.417267917953918,2.934084684158947,6.503909466278524,1.0812625874758843,4.047551231504939,25.0,1.0853596531389882,0.0162451716711389,1.4031805217144195,0.004409667570143938,0.4195354368261501,0.545700046417307
253_right.jpg,253,0,55.0,1,3,0.1036249095301685,0.0202346609037808,1.4447045974715191,4.00435228488898,8.663238193905144,1.0806977789765173,5.198829753616245,29.0,1.0975827494553354,0.0160195312898194,1.4275857297956422,0.0017850181320682168,0.6448956210842035,0.46384419502000407
264_right.jpg,264,0,58.0,0,1,0.1042187374022414,0.0242733612835604,1.4254668025857418,3.3114510417989456,7.99845839477827,1.100966635591385,4.887930339434008,24.0,1.1046258591515874,0.0175360799806498,1.390581944828258,0.02084774151444435,0.6116151731271975,0.5335853407446928
271_right.jpg,271,0,46.0,0,3,0.113213244481466,0.0283683881715951,1.4454092051777363,3.0063490219396285,6.712979889082808,1.0788227229804404,5.206164098292378,27.0,1.0852570002466355,0.0197001249479383,1.411155822037344,0.0015036859549582005,0.485629073216813,0.5285315632983314
272_right.jpg,272,1,59.0,0,1,0.1084716835499475,0.031957581655792,1.4701740850913525,2.506118097779826,6.266565787441661,1.0952943969005813,5.704998825441418,21.0,1.1129442115946222,0.0189990843237179,1.395489941637171,0.9860661625862122,0.6263819033560056,0.5324226954959468
276_right.jpg,276,0,66.0,0,3,0.1314780878863067,0.031185638064966,1.4697297015837965,3.2771136350662307,7.2943993010531,1.0848412264925054,4.973268680840483,23.0,1.0982489343963917,0.0234986945169712,1.4289123750828867,0.0055416119284927845,0.3508924082604648,0.5263449407981334
279_right.jpg,279,0,56.0,1,3,0.1234979635974087,0.0317385723958807,1.4770659773510355,2.9850136767835163,6.575268092015339,1.097048592990921,5.204701411838422,15.0,1.093892754836428,0.0223347380974037,1.4337276208051273,0.10340049862861633,0.2408237139801883,0.4637351086285806
282_right.jpg,282,0,55.0,1,1,0.1244894880052442,0.0310963586512598,1.4671942744544682,3.0347715737793965,6.633031042241414,1.081515716115896,5.566856910966708,20.0,1.084056928525378,0.0219656727832723,1.4154254192553175,0.0027979440055787563,0.3113303838931184,0.4506471188101171
287_right.jpg,287,0,60.0,1,4,0.1250428631611948,0.0309251584712302,1.4781393907436198,3.0937259056127298,6.514916220668429,1.0759862013215913,5.290538753196367,14.0,1.0793054309232972,0.0205841146675288,1.4407385490676587,5.1943152357125655e-05,0.2935964942836213,0.45027695311047644
293_right.jpg,293,0,31.0,0,3,0.116846315979193,0.0291677722650832,1.4612430443916635,3.150291552789004,6.73826705202563,1.0896204412955777,7.1092064223169,25.0,1.0891068196035567,0.0211924442152587,1.44393349378641,0.000826583185698837,0.45936147925494764,0.5301708165502834
294_right.jpg,294,0,69.0,1,3,0.0191357092994736,0.0041601418787615,1.1190925048876408,3.709759040611031,8.007087054447064,1.0915026767121858,0.9905099711337094,13.0,1.0952941582242943,0.0026366432088749,1.274242822206279,0.14622335135936737,0.12594840751603573,0.4623173051154003
298_right.jpg,298,0,55.0,1,0,0.0462115168437466,0.014192080356819,1.2757470129380972,2.322065245243849,5.985486643680788,1.0792757399742487,1.4051564709721869,33.0,1.092898772116675,0.007188961816006,1.2544368819866245,0.013666916638612747,0.5643298104295359,0.4297175925803758
300_right.jpg,300,1,55.0,0,3,0.1040706876216014,0.0233222778914684,1.427717894233469,3.4254304027474696,8.508765119181275,1.0996742150514836,5.090879764509007,22.0,1.1110219554127805,0.0160438319707249,1.4184312811420914,0.21091562509536743,0.6462292357653775,0.5275477136172481
323_right.jpg,323,1,65.0,0,2,0.092652523073235,0.030952894642215,1.4457175436136038,2.081848340942982,5.700668099776723,1.0888844668287931,4.602660913340525,33.0,1.0961615368331388,0.0140668824163969,1.329636515126222,0.28583434224128723,0.8279072734446071,0.5480579189479594
325_right.jpg,325,0,39.0,0,0,0.1405958608141914,0.0373840750006317,1.5180452087595793,2.7651891774023976,5.470579583050736,1.0839268151039143,6.165820129886539,28.0,1.08587774388632,0.0260783867788643,1.4597798528575272,0.06615982949733734,0.3713132711678769,0.5542398015828033
329_right.jpg,329,0,71.0,0,4,0.1404542053916178,0.0358503923961016,1.5094130768419465,2.982194804053052,6.484582997609112,1.1656093624110588,5.573380330486391,22.0,1.1167058228813709,0.025471854429331,1.4672852486389127,0.00943402573466301,0.7465328778565735,0.4979765315502441
330_right.jpg,330,0,65.0,1,3,0.1054226467691985,0.0273011402828586,1.447252766528123,2.924170722460961,6.621193387221871,1.078749533629412,3.995984986513551,23.0,1.0849527834916473,0.0178106759398889,1.3838262325814772,0.4349295496940613,0.42739362482573345,0.46275348851821124
336_right.jpg,336,0,66.0,0,0,0.1373703112529928,0.0346536732893686,1.4972822768469944,3.002311356758511,6.179750358400916,1.0810385624936114,5.828117780484732,22.0,1.0824957024275126,0.0252709287184441,1.4520906500358377,0.0009020993020385504,0.29760635464904217,0.542096003932628
337_right.jpg,337,0,55.0,0,4,0.1121855504125578,0.026287985510163,1.4423186817622813,3.2613821344438225,6.34263837533704,1.077631073514916,3.924330851277923,17.0,1.0862048607335817,0.0211561682431072,1.4286483449129208,0.01831396482884884,0.10722826314336342,0.5328757970826702
340_right.jpg,340,0,66.0,0,2,0.1625571237407529,0.0399474840306006,1.5443854209923815,3.1396507124188204,7.428219074335854,1.085370184120851,7.523922538945136,17.0,1.087565621483548,0.028580806423107,1.5000490233447976,0.002442317781969905,0.3892294062737083,0.5474746796498166
350_right.jpg,350,0,55.0,1,1,0.0603572835938526,0.0210419424264163,1.338964363626786,2.014115046749652,4.882377857163323,1.0835440531048737,2.475522638401924,34.0,1.0933995997279895,0.0105588618658367,1.2597436062393357,0.0029212210793048143,0.6074214370116562,0.4506471188101171
351_right.jpg,351,0,68.0,1,2,0.052670949350774,0.0206771762589019,1.3056819641353488,1.673036652414177,3.309015101509825,1.085509035236201,1.7184649054086156,22.0,1.0978033690300677,0.0089410718166701,1.1854907582101788,0.1343957930803299,0.38970674786946663,0.40737854034809023
355_right.jpg,355,1,55.0,0,3,0.1162300542332789,0.0284358273228573,1.454398058133463,3.070050035830049,6.7326648156594375,1.117622360448277,4.346749288598881,15.0,1.1221817602956667,0.0200708621221234,1.4307015666167722,0.05098225176334381,0.26074299065934875,0.5275477136172481
363_right.jpg,363,0,65.0,1,2,0.1298078861428053,0.0281165584808289,1.4758648695475365,3.606180338291277,8.099449836154841,1.0857432339735196,5.140507196710075,21.0,1.0898088737757206,0.0208291335725517,1.443095114871631,0.0009996764129027724,0.5336452046612377,0.40908488903648915
364_right.jpg,364,0,45.0,0,0,0.0589419544452608,0.0159490570658829,1.3204003085885156,2.7769224270432806,6.475831297307388,1.0757729083133516,2.743081067842273,28.0,1.0781599280279637,0.010208180259613,1.297052369592212,0.0002140276919817552,0.4804720445785366,0.5515462510341876
366_right.jpg,366,0,74.0,0,3,0.0847506866680752,0.0214610183815761,1.3874349930624637,2.986528798578995,6.472751466689479,1.085959718869792,3.433340376082823,13.0,1.0907541378433032,0.0158567504753855,1.36428641154462,0.00026395483291707933,0.15369468754487964,0.5254700040485383
370_right.jpg,370,0,57.0,0,0,0.0270077749655203,0.007229353904912,1.228389720144197,2.808504596359161,6.432830048124278,1.083286223351541,0.606235128294509,18.0,1.092371310995604,0.004359840964318,1.234573177849951,0.004078816156834364,0.24718898512133866,0.5461502230581671
374_right.jpg,374,1,44.0,0,0,0.0667232496500789,0.018856031051153,1.3405716239447656,2.646420147029968,5.929748627395328,1.087344777439369,2.6802465826856072,29.0,1.0984441926865505,0.0106167545191935,1.2852165055387788,0.026101436465978622,0.5134109753309594,0.5519953905417821
379_right.jpg,379,0,77.0,1,2,0.1018583743405482,0.023225878382145,1.4179697837349656,3.45108795543325,7.950950074995289,1.0957808423984443,4.206301343482513,25.0,1.098847764927967,0.016490728399629,1.4280853983744866,0.014485562220215797,0.538269183347447,0.40227303332138475
381_right.jpg,381,0,43.0,1,3,0.0855462055912218,0.0215208328004706,1.373821297448265,2.9467513453630327,6.416360435115244,1.0846281031344225,2.711205463334782,30.0,1.1083680436064076,0.0141340767833849,1.3173233641187596,0.009508001618087292,0.4926683487619888,0.465153498656259
389_right.jpg,389,0,54.0,0,2,0.1306118749968532,0.0348204351043958,1.4935437681925965,2.777727853399352,6.199324648249502,1.081644537134279,4.93406975163504,22.0,1.090857327568206,0.0221882095871996,1.4320166385582676,0.0158252976834774,0.4208334087766133,0.5544644962375241
394_right.jpg,394,0,63.0,0,1,0.1179594689028651,0.0307077967455325,1.471226505369252,2.907025771836145,6.721445867030171,1.0886289929532855,4.492362982929021,23.0,1.0936448720325582,0.0199860237596086,1.4254750675329682,0.00423662131652236,0.4926579808427083,0.5277687178524473
399_right.jpg,399,0,69.0,1,3,0.0490631649709118,0.011094431555697,1.3127309909485283,3.435107978569774,8.227419017804175,1.0836656264581106,2.021764292609946,14.0,1.0941105208520694,0.0077029219548438,1.293569708778889,0.013145225122570992,0.30411621815290707,0.4623173051154003
403_right.jpg,403,0,47.0,1,4,0.1155805046636417,0.0310842082924906,1.4650297457715311,2.747990862045118,5.781062344309882,1.0977423871744452,3.6379437533474137,30.0,1.0999835972762586,0.0205695403053851,1.4157596507016,0.1397685408592224,0.45310911484065103,0.4785195470382837
408_right.jpg,408,0,47.0,1,0,0.1213534586872703,0.0326287438161026,1.4749007218138148,2.8029360187784893,6.143067867671651,1.091729586731515,5.912285932296746,22.0,1.0906624628572137,0.0212134840545143,1.4261661344320449,0.3254640996456146,0.4597872701317981,0.43328146015341057
417_right.jpg,417,0,69.0,1,2,0.1226180844237368,0.0318472226097145,1.4936883744232368,2.876213267256848,6.793256185882736,1.092304142157259,5.254396488389179,24.0,1.0930597038093912,0.0195156655413888,1.4362868938149906,0.09831986576318741,0.6350688502908355,0.40681025138487065
418_right.jpg,418,0,51.0,1,0,0.0499740929903033,0.0094798506910298,1.238078787805978,4.127214653142151,8.67841536613216,1.0828296221647042,1.374657657371866,27.0,1.082873569483594,0.0072645370047267,1.318709945002291,0.000858236278872937,0.4584493302348747,0.43149863967798857
422_right.jpg,422,0,47.0,0,4,0.1141236229302724,0.0276200480039783,1.4470426604046651,3.19369155767685,7.456290179519141,1.086003177902659,4.313253867973836,27.0,1.095918527446284,0.0177858291849979,1.4051316065357395,0.003289929125458002,0.5770382506262626,0.5502267114088591
427_right.jpg,427,0,56.0,1,3,0.1495793019565837,0.0404731038556062,1.5353709943059628,2.76978526601618,6.592128197214746,1.0864631815381038,7.357836095441645,28.0,1.0926380401799451,0.0255722344296675,1.4650406151615163,0.00918650347739458,0.6715310768934097,0.4637351086285806
433_right.jpg,433,0,45.0,1,2,0.1423677256029469,0.0385188703556792,1.5177313884820487,2.805518635121622,6.699707844297135,1.0911044795896356,6.872053480745618,23.0,1.099545460399726,0.0238601739235888,1.4448460561526515,0.11424402892589569,0.5886294598915764,0.4205147195285943
438_right.jpg,438,0,49.0,1,3,0.1066117862946009,0.0250959808499623,1.4240655123625972,3.171217974265353,6.630353328021537,1.0764023621144465,4.254424858143123,17.0,1.0763687534155757,0.0188014823851433,1.4009009747572636,0.012493457645177841,0.22443553672795055,0.4644987856708867
443_right.jpg,443,0,59.0,0,1,0.1297961585084422,0.0310808823156474,1.4813361076240004,3.195685184132064,6.437753218995879,1.0747758267369796,5.021226092116675,17.0,1.0807548863529917,0.0217840061269102,1.438105055395023,0.0016447736416012049,0.22030561757667136,0.5324226954959468
456_right.jpg,456,0,71.0,0,4,0.0704465845115085,0.0220560255246904,1.3778838874313724,2.287028942653356,5.14281712924417,1.084240044677974,2.975929124101123,19.0,1.1053557256361342,0.0137039096878689,1.3509657864472284,0.0029522140976041555,0.26012862420392907,0.4979765315502441
458_right.jpg,458,0,72.0,0,1,0.0628008058799388,0.0138044248778121,1.3332371573907726,3.425135697215905,7.402121584909802,1.0849577833782689,3.404469648919897,27.0,1.1191344048435614,0.0102367272320262,1.3467778163134354,0.0007465342059731483,0.4702840606825185,0.5172808321384049
463_right.jpg,463,0,45.0,0,3,0.1491811228871354,0.0363771381229982,1.5225046601470256,3.1330606329978807,7.380013259631085,1.1321174044413778,6.516665487941643,22.0,1.1242879704349145,0.0256776826939592,1.463942250347118,0.0005953017971478403,0.5669059718517698,0.5286408663886957
464_right.jpg,464,0,50.0,1,3,0.1152377136074745,0.0288411303126062,1.4556391841419032,2.9834973288880446,6.257607016038138,1.0885104642899843,4.463629031849008,21.0,1.097344443451788,0.0201218367833466,1.414113931888406,0.001833577174693346,0.3035725617154368,0.46438967867331876
470_right.jpg,470,0,45.0,0,2,0.112940712820461,0.0319526268454612,1.4707652873369634,2.6066618124886265,6.082553938450031,1.0822328901149385,4.547337786355966,30.0,1.087765491998171,0.0205185986115461,1.4116415197696934,0.0037101954221725464,0.45526481509334743,0.5596929106670745
478_right.jpg,478,0,62.0,0,1,0.119986172257074,0.0293026140534604,1.464677525425346,3.155454636821014,6.394436078593059,1.0830006372736063,4.372006954541295,23.0,1.091254202414658,0.0207111120148851,1.4213404856263394,0.002747903112322092,0.3051036751263406,0.5289326966664348
481_right.jpg,481,0,69.0,1,2,0.1206434995994605,0.0310849042254378,1.4652544427558358,2.912422538081681,6.068739127560327,1.0743913862285634,4.6138089781680645,19.0,1.0765300092559105,0.0223947189632619,1.422291240168852,0.0005392546881921589,0.2027276313468797,0.40681025138487065
482_right.jpg,482,0,73.0,1,3,0.148241345682568,0.0359310181044632,1.517396621510918,3.124074032853567,6.973065748204187,1.083651752347328,5.45710864193788,21.0,1.097445507911629,0.024850055834306,1.4668454600248175,0.0005498043028637767,0.4215853802997991,0.461881179387454
483_right.jpg,483,0,49.0,0,1,0.0768056633147226,0.0209230269930374,1.3644836209481177,2.6707724422234422,6.0720502542254495,1.0763719670055198,2.3833792260609843,36.0,1.091589282388305,0.0113793680495337,1.3141952046724912,0.1378009170293808,0.6253505480330931,0.5440312388910755
486_right.jpg,486,0,56.0,0,0,0.1124163712078559,0.0279379764748847,1.446488144650014,3.0368430044338672,7.207747854153966,1.0809280177482443,4.007080866949699,17.0,1.085790236897746,0.0179912858671779,1.411446568993398,0.011295276693999767,0.39447531947514625,0.5466003242466938
500_right.jpg,500,0,53.0,1,1,0.0746752134661023,0.0232133682382012,1.3835924791428391,2.301886806983177,5.647030258866007,1.0780494917271493,2.544467007560003,21.0,1.0846815938853498,0.0133388789665549,1.3232987477696263,8.39346248540096e-05,0.3976779864739222,0.4529608820255349
501_right.jpg,501,0,61.0,0,0,0.0824706885848251,0.0218845107529866,1.3839640708329166,2.810826742705176,6.150362160919789,1.0775852597515831,2.473111224391942,20.0,1.0848032942115022,0.0150153181480939,1.374094075209643,0.01466259453445673,0.22338962861620587,0.5443490710185849
503_right.jpg,503,0,37.0,0,4,0.1410596528462063,0.0367972914929634,1.516796432444896,2.8541557959875443,6.151189884913733,1.0912796923543973,6.973394982187524,18.0,1.1014487627300718,0.0246949139695292,1.447448376537645,0.009551601484417915,0.4709548257690359,0.5717399585006755
508_right.jpg,508,0,55.0,0,3,0.1313021906991369,0.0349493628554458,1.5011980685977593,2.787864078662067,5.961692436764067,1.0790232464933776,5.041253425307092,22.0,1.0797629878744317,0.0225159348530299,1.4390139837527005,0.00043452795944176614,0.37093502409111706,0.5275477136172481
512_right.jpg,512,0,67.0,1,1,0.1177423519108199,0.0319693418314914,1.4780130653231731,2.79732590048542,6.733024925895887,1.0896680171583235,5.163694167556813,30.0,1.0952719549242458,0.0195157264862073,1.4107697596677071,0.010225117206573486,0.6916124480376244,0.4368127308225485
527_right.jpg,527,0,48.0,0,3,0.122099146903344,0.033449974791468,1.4852561423806163,2.703723098581356,6.229592741257652,1.164941333913213,5.041706392983542,50.0,1.170964243921092,0.0189238702334659,1.415197792756542,0.7467966079711914,0.9332512269041078,0.528312948920174
530_right.jpg,530,0,50.0,0,1,0.1189022541190741,0.03169918123926,1.4681569806504433,2.8460221635799576,6.760252350943701,1.0811540622442657,5.4078641463661175,23.0,1.0960775113636392,0.0188112807035277,1.4110067741543455,0.07025998085737228,0.5800405967714678,0.5428723247515318
534_right.jpg,534,0,61.0,1,1,0.1493570470889367,0.0364949416974769,1.5221069133648175,3.076323378221666,6.676053245166814,1.0813158978261035,6.449843578596677,23.0,1.0877498128625178,0.0243875187908828,1.461209950255664,0.005676675587892532,0.4392072060167621,0.4437190149792415
543_right.jpg,543,1,48.0,0,2,0.1184320899067177,0.0338969347226292,1.4764980366809386,2.5291360702464942,5.6884273357704105,1.0822178326498204,5.305870819731775,26.0,1.0924067657832224,0.0205766723599502,1.402881585689925,0.027429236099123955,0.45304373760254535,0.5579515181220939
545_right.jpg,545,0,62.0,1,1,0.0050937226546308,0.0020863077419057,1.0102294012327018,1.622910250780012,3.196674438988616,1.049992345343234,0.0,6.0,1.097617433670451,0.0007553078800718,1.022346741907164,0.0009938253788277507,0.018778821975057963,0.4425663818296201
548_right.jpg,548,0,59.0,0,3,0.064147373522723,0.0197265406554076,1.340499534310047,2.3158620566047814,5.514176276258211,1.077571825836333,1.9106736755769305,22.0,1.086674191193207,0.0099541438317861,1.285148914691564,0.02329694852232933,0.4056603020859822,0.5271103779439077
549_right.jpg,549,0,70.0,1,0,0.0566879013018193,0.014233762565507,1.3014525554113523,3.0083927259692573,6.98112782636911,1.073638558943221,1.4627183359309193,25.0,1.0767627922966858,0.0090285028321253,1.308025766707427,0.010092024691402912,0.39333584561624513,0.423055213692908
552_right.jpg,552,0,35.0,0,1,0.0905919458050645,0.0246686340726317,1.395936560026217,2.736999128261861,6.801842680900743,1.1057393834943352,3.802975447990508,34.0,1.1219277605930709,0.0144665186041558,1.3397821032476418,0.27210623025894165,0.797121835109543,0.560200411366428
555_right.jpg,555,0,55.0,0,4,0.1196054797742239,0.028589487300094,1.4681695904379666,3.158517747840477,6.647959888253719,1.0828675143113708,4.409689557855127,18.0,1.0831592316854657,0.0206814440263405,1.4319157592429448,0.0002713327994570136,0.27565671450690743,0.5328757970826702
561_right.jpg,561,1,59.0,1,2,0.1289048403928491,0.0353057064554826,1.5023748663886312,2.7231174610525475,6.728464527756096,1.0850236401054498,6.680775945305414,21.0,1.0947960981431368,0.0214272478128992,1.4320128463925537,0.353325754404068,0.5580384574554446,0.412504126672809
584_right.jpg,584,0,56.0,0,0,0.1364950078822911,0.03626359189943,1.5124690051644505,2.809327866694154,6.390465936417541,1.0840628040648652,6.7201584542625,26.0,1.0895734349032442,0.0221866284005012,1.4535008026569824,0.01015379186719656,0.6043390711894949,0.5466003242466938
587_right.jpg,587,0,53.0,0,3,0.0876470943822036,0.027272910453776,1.4145109372882454,2.3089145761615915,6.006866303677218,1.0926777897672253,3.4758604013863144,53.0,1.104706980296067,0.0130470702023051,1.3574321251338628,0.02398880571126938,0.9301198871644138,0.5277663656424777
598_right.jpg,598,0,50.0,1,1,0.0819379639310664,0.0207289732265934,1.396197923308304,2.954456092584638,7.935936047368621,1.0695843652784074,6.398152338446653,21.0,1.0817576792169052,0.0131448219180932,1.3523485561543822,0.0011542360298335552,0.6172558113400071,0.45643531052261466
602_right.jpg,602,0,63.0,0,0,0.1032442863782407,0.0309626770667043,1.4403893680703117,2.481335727335096,6.274083907599629,1.0772660544029249,4.294057025077293,28.0,1.0816734516038276,0.0177773960838199,1.3606910353499282,0.007648298516869545,0.6297021002145919,0.5434480567689473
613_right.jpg,613,0,54.0,0,3,0.1021641244722564,0.0289318772125114,1.441574419625978,2.627719319675601,6.281429339595817,1.091850114835571,4.011352126518046,32.0,1.0968626359405689,0.0152331097004522,1.351773098542912,0.004052212927490473,0.7683085375919914,0.5276570409561684
614_right.jpg,614,0,44.0,0,2,0.1501580664384046,0.0420668828086335,1.5378383129344968,2.675572594438511,5.942485076885153,1.0793229493179457,7.221565716248018,18.0,1.0895456670784298,0.0269722954478885,1.4681811848845987,0.01712273806333542,0.2932583115405773,0.5602730507172918
618_right.jpg,618,0,63.0,0,2,0.1170467004511901,0.0304313337139565,1.46467021140378,2.8957046619189133,6.702370937257059,1.0803015735078083,5.860924308183568,16.0,1.0827381281457773,0.0195380985342636,1.4136550958421723,0.07260192930698395,0.40679445194451536,0.5492240000581153
623_right.jpg,623,0,43.0,1,2,0.1063030542031315,0.0290910193990687,1.4478891672732042,2.734081072497478,6.218130501217246,1.0804423776171694,4.853559023827941,23.0,1.0936519491312586,0.0182261252926038,1.4056772391788592,0.017478397116065025,0.38756697091921877,0.42166261933681665
628_right.jpg,628,0,66.0,1,3,0.1011720510894064,0.0254595542198847,1.4302419687885324,2.9991819140186213,6.038860767239012,1.1152569130240293,4.007012271475081,13.0,1.0970841005666474,0.020015026296018,1.4302041497437097,0.05518375337123871,0.10075947036048082,0.4626444372965833
638_right.jpg,638,0,52.0,0,0,0.1134203945540427,0.0296597539720629,1.452414832141039,2.9040371790283834,6.982122832107227,1.084199424561668,4.193083937457375,18.0,1.0905035924971227,0.0182575968071939,1.395400091386426,0.0009108060621656477,0.4544999424927765,0.5483999600239029
648_right.jpg,648,0,55.0,1,0,0.1032768553212463,0.0222961836268529,1.407334290464451,3.6004552660605245,7.789061824859725,1.0896085801734343,3.33886277274004,25.0,1.0938612951045072,0.0166413160419106,1.390252188470246,0.00275764474645257,0.4658841599524842,0.4297175925803758
652_right.jpg,652,0,78.0,0,3,0.1658193927725889,0.0372349559018653,1.536849553383285,3.5233171137299206,7.473609998383009,1.0843053352861198,7.2846476051721,11.0,1.0920672515080998,0.0275723911855763,1.4961777264846434,0.0006846142350696027,0.31779885846721956,0.5250324766839884
653_right.jpg,653,0,44.0,0,1,0.0602705281812811,0.0162125044810332,1.3454531971764612,2.751598264259199,6.11128913899276,1.0798057102168397,1.666187006770778,17.0,1.0863588460943994,0.0097951599791979,1.3196531912727545,0.07316002994775772,0.3005383358571124,0.549818414171437
655_right.jpg,655,0,50.0,1,1,0.015265505427459,0.0039332295743062,1.0901763023668214,2.7689384470739955,4.96116983982058,1.0580820332392171,0.0497247733793453,10.0,1.067677014233821,0.002958624016071,1.1312966550789278,0.05393476039171219,0.02724015015731939,0.45643531052261466
669_right.jpg,669,0,56.0,0,1,0.1343445907269605,0.0354607899255867,1.511119575458045,2.914750097200735,7.364583047686469,1.0872240204403476,6.153405838580424,35.0,1.0986389520666644,0.0214939896966227,1.4413954981164234,0.2869422435760498,0.8156538714992154,0.5359095245750178
677_right.jpg,677,0,49.0,0,3,0.139000736681703,0.0367785817363486,1.5132705677238132,2.8611962325638136,6.3168134348683225,1.0800569639323196,6.105375758126205,16.0,1.093493345259833,0.0250522236686748,1.4607735555596784,5.904609861318022e-05,0.2574220026526409,0.5282036376532085
679_right.jpg,679,0,51.0,0,4,0.1500876479532813,0.038398391521134,1.5313334214095196,2.935962601092159,6.086889660679572,1.0816771043606368,6.971422220650565,18.0,1.09757174724725,0.0273502028279725,1.4778847037115104,0.0018030256032943726,0.2860557945579188,0.5415638542622603
680_right.jpg,680,0,69.0,1,4,0.1057864832535885,0.0235596092503987,1.423473076457009,3.442118732342284,6.875281203498548,1.0889763926578235,3.3393141945773523,26.0,1.1083330920654064,0.0181120414673046,1.389015941429984,0.001338331145234406,0.2603393989616539,0.43089953838050493
685_right.jpg,685,0,59.0,0,1,0.0943229330055695,0.0242788597524286,1.3962882527543867,2.956539941981024,6.984426528911301,1.0890410758509717,3.908479858471887,17.0,1.097028090371284,0.0153767826010933,1.3749722750313382,0.02676926739513874,0.42287200180880924,0.5324226954959468
686_right.jpg,686,1,37.0,0,1,0.0715230450805189,0.0187692463021858,1.3512708858657403,2.826563893331826,5.851366475327152,1.0764894295730172,2.4736231006108333,28.0,1.0823134438777404,0.0119491140390731,1.3239053127300673,0.02232283540070057,0.35214410386037615,0.5578975214343485
689_right.jpg,689,0,28.0,1,0,0.109617425076575,0.0304398310344137,1.4536557596590334,2.664208891387594,5.9622073079087725,1.0891036421063591,4.454365277972413,26.0,1.1003432751434927,0.0200946927989429,1.413226476157637,0.0012108490336686373,0.41147279610024096,0.44177270405564467
693_right.jpg,693,0,60.0,1,2,0.0904966173030381,0.0232519363982235,1.3959447797588729,2.9532176567196,6.975392492703351,1.0918750633942442,2.6273374461269507,12.0,1.1097704000417794,0.0173555848604732,1.3666014532024766,0.048422280699014664,0.20455610045812678,0.41193365766143264
694_right.jpg,694,0,64.0,1,2,0.1216812602414725,0.0326168910156524,1.4808417123112392,2.827123843219225,6.308104600694326,1.0835717310791302,5.328078976204599,24.0,1.1022174937984346,0.0211012033416102,1.4193894926530026,0.0023949050810188055,0.4058783407593534,0.40965416114161035
695_right.jpg,695,0,52.0,1,4,0.1363623073999356,0.0378767944332368,1.52500607720104,2.6571411606622592,6.0896348872758495,1.0886348324125952,6.091083628141781,17.0,1.0968305250771542,0.024164546969564,1.4532479273299177,0.4707598388195038,0.45391777460157706,0.46763078410486913
696_right.jpg,696,0,43.0,0,0,0.1340850736914461,0.0356933465418595,1.506765717911804,2.806286561734192,6.6281747260361,1.0793622787977073,6.823282049208499,31.0,1.0912134222848795,0.0230778561753229,1.4448717295232247,0.013620643876492977,0.6626934268474945,0.5524444452373565
704_right.jpg,704,0,52.0,1,0,0.0960653403227803,0.0253229867503198,1.4074987279458442,2.844675973089926,5.826277153411689,1.078823352611472,3.198910306682627,22.0,1.0846695603391816,0.0164227927518883,1.358503179358468,0.0002713097492232919,0.2764712833878761,0.4310532099167913
705_right.jpg,705,0,61.0,0,3,0.0652324627556825,0.0182794845333545,1.3861015533686705,2.662652134853164,6.671098925261215,1.0915437478441927,3.228281866052764,14.0,1.0917270913195916,0.0119075970469159,1.3972573042898473,0.00016566492558922619,0.23739056691289304,0.5268916944625843
715_right.jpg,715,0,66.0,1,2,0.1227854697037367,0.0303381345838916,1.4969890075575794,2.945141086794424,6.809849066901469,1.0852837047796435,4.698898317701355,24.0,1.097228621053285,0.0200517344052404,1.4500515220116563,0.004227588884532452,0.5067583738015463,0.408515860589784
717_right.jpg,717,0,79.0,0,3,0.0268099776921516,0.0084871222875684,1.2162496779926542,2.351810271335167,5.848016980904757,1.0732363846770223,1.0646927600892313,18.0,1.075834355287453,0.0037467045224092,1.2000156447873505,0.010788719169795513,0.33522381129216194,0.5249230888111953
720_right.jpg,720,1,58.0,0,3,0.1006894832232142,0.0318034924866466,1.4578072059664628,2.281337114680563,5.562980825644504,1.079388808821975,5.322158398941322,40.0,1.085928501849456,0.0162301857481228,1.356374295331385,0.8073006868362427,0.8449968636318606,0.5272197157890441
723_right.jpg,723,1,53.0,1,3,0.1192722952971269,0.0336405353362137,1.486326662638252,2.63075423592534,6.608148916366747,1.0803185168612874,5.700161903758275,33.0,1.0906644208267977,0.0195961028136765,1.4060890679656566,0.9952238202095032,0.7705769490229133,0.464062378173087
728_right.jpg,728,0,59.0,0,4,0.0901501922799476,0.0232128909650811,1.4359037658755,2.937173629705703,7.266543191247406,1.0905323186198133,4.328164410548782,17.0,1.1036825131708836,0.0151087762239501,1.3985272936909536,0.0006524433265440166,0.47976475658439205,0.5241677555043437
738_right.jpg,738,0,48.0,0,0,0.1089826456304622,0.0285645835101046,1.448529712902448,2.8813473835172565,6.708935863175972,1.0951692128312691,3.89312862797163,15.0,1.1035549004546283,0.0185722200316441,1.394120302118148,0.0013085390673950315,0.3466830482378479,0.5501983308100123
741_right.jpg,741,0,64.0,1,3,0.0989028260847521,0.0211576097427421,1.4181803828665285,3.600671619526115,7.28266434314239,1.0862959419408706,3.954693409858341,27.0,1.078876245808241,0.0161686119026131,1.4031304594912557,0.0010059792548418045,0.43520650632250446,0.4628625433032637
742_right.jpg,742,0,45.0,1,0,0.1238498036897236,0.0315662881946023,1.4775984021481263,2.9385511942041345,6.438435926040585,1.1029920072722643,5.053031566288195,24.0,1.0971796028529297,0.0200858004759955,1.4207410744383775,0.09613482654094696,0.5650899022478962,0.4341735215220838
749_right.jpg,749,0,45.0,0,4,0.1208660781025879,0.0348138346229216,1.485482924427601,2.528273282681077,5.627087438661481,1.0773085762740615,6.313258853714216,21.0,1.0813228732068636,0.0223135820925675,1.4264712849048355,0.0015277714701369405,0.4306518428673202,0.5545470763963064
751_right.jpg,751,0,70.0,1,4,0.0819592604009277,0.0207892223496773,1.3808139219424875,3.0206356081195147,7.292829109960562,1.1072859265915982,3.436235099120222,22.0,1.1000865443231314,0.0138207397001379,1.3294480873690293,0.006390406750142574,0.610841887332886,0.4287583876917172
759_right.jpg,759,1,58.0,1,2,0.1228672378002886,0.0325757103614249,1.4910939226460882,2.846808578948353,6.9569274490199655,1.0900801068604475,5.561122004305076,28.0,1.0977823017462487,0.020513828496915,1.4241351174082768,0.43048667907714844,0.645398508103068,0.4130748307705809
771_right.jpg,771,0,45.0,1,0,0.1109562125275913,0.0283110834987549,1.4455601034632677,2.8943683250994257,6.1914812571826925,1.0853384453081678,3.7377701675430224,17.0,1.0971471927054548,0.0211436566504528,1.4065301490815332,0.23874953389167786,0.18735688039784953,0.4341735215220838
772_right.jpg,772,0,70.0,1,1,0.0563102475142368,0.0157743544096375,1.3377535688576103,2.6191015942302056,6.481920695888593,1.0867534098965572,2.124151603734461,21.0,1.0917238948423094,0.0101706401788333,1.3141513518530985,0.0002788345154840499,0.42981119107748855,0.4333685836770771
777_right.jpg,777,1,68.0,1,1,0.1129587416793445,0.0312659526613461,1.4606753261011876,2.6275460625328657,6.337173178054775,1.0824282094324609,4.953222374413069,32.0,1.09299582252769,0.0187009416176819,1.417177688135164,0.23989780247211456,0.6617494608950734,0.4356639876031127
780_right.jpg,780,0,37.0,0,1,0.1240041583204442,0.0294733639291057,1.4681108987204852,3.2231218091008818,6.974712686998665,1.0890674595694387,4.868277593245264,16.0,1.1070377977007184,0.02214052080428,1.4365089266165951,0.10191798210144043,0.2645160213840263,0.5578975214343485
782_right.jpg,782,0,44.0,0,3,0.121035425372267,0.028346361206413,1.4807071257373552,3.279912669722982,7.0972252269664375,1.082671553826098,4.951770763330622,16.0,1.09240874515761,0.0213481953827264,1.44568586817263,0.0013473627623170614,0.2474722308795926,0.5287501667326998
790_right.jpg,790,1,61.0,0,4,0.0967347756410256,0.0233974358974358,1.415030784636575,3.1098619609031664,6.421185482396519,1.0826006203656922,3.4555288461538463,15.0,1.0914869639470963,0.017793469551282,1.4022619956346072,0.19696044921875,0.1484211601273577,0.5198078840481443
795_right.jpg,795,0,56.0,1,4,0.112629340604556,0.0294240336972336,1.4488866726696878,2.889162725447915,6.58012042439531,1.0929143779107209,4.374942769644002,17.0,1.1012300117592675,0.0183594982042386,1.404554926284756,0.005564817227423191,0.436270317177277,0.45894141967186924
798_right.jpg,798,0,44.0,0,3,0.1528966285511612,0.0387399403539796,1.540241967533235,3.007273505829889,7.407251514569619,1.085238608514942,5.89466532787827,24.0,1.090939658876763,0.0254319840544307,1.4734773283588651,0.009275424294173717,0.6033163085123886,0.5287501667326998
805_right.jpg,805,0,70.0,0,3,0.0921315471404224,0.0219885809071553,1.3988138477725325,3.177660647004916,7.0040104483174135,1.0795935699038437,2.8320159402040064,25.0,1.0962219651172438,0.0157429743247412,1.3771629222621151,0.001040769973769784,0.3476089729876579,0.5259074923092817
807_right.jpg,807,0,72.0,1,0,0.1128172080113258,0.0284415261504736,1.4515473405109518,2.960221141284663,6.859221457911479,1.1038226231283514,3.602762456170619,31.0,1.11576191320941,0.0193990998168172,1.4029005027842996,0.014405581168830395,0.6080151711656933,0.42216895215350453
809_right.jpg,809,0,67.0,0,4,0.067570901364911,0.0179789649634228,1.3485966730601378,2.8660022483546825,6.962485093130894,1.075974654022142,2.9704814697338144,21.0,1.0901748561973552,0.0109706425805931,1.3688391820242023,0.0026859408244490623,0.3229425024682645,0.5067128113527685
818_right.jpg,818,1,52.0,0,4,0.0668581862679489,0.0175379055849792,1.3305502589931704,2.812890756690767,5.979120318832856,1.075332990322045,1.6252079310147034,26.0,1.0885912756376297,0.0118066576164891,1.2999032601735014,0.9876196384429932,0.26119061963740736,0.539393999680641
820_right.jpg,820,0,82.0,1,0,0.0014517129272922,0.0006953188130719,0.6353322847220243,1.3816444402256765,3.0674479935713683,1.069258470232847,0.0469810008832428,5.0,,0.0001033582019431,0.6853090296249256,0.007594540249556303,0.03495361442792309,0.4177452664165854
824_right.jpg,824,0,74.0,1,3,0.0854029447902189,0.0247245553608475,1.3990084225452384,2.531034957526131,5.808198157457808,1.101048580451216,3.474530183092634,19.0,1.1107560869117532,0.0158166656595564,1.336807517596725,0.00584494648501277,0.28396746182967986,0.4617721570444871
832_right.jpg,832,0,61.0,0,3,0.1376174496644295,0.0369175455417066,1.5177292468960006,2.796180314889961,6.996546112512677,1.1023841642299246,6.711409395973154,19.0,1.1113115169253274,0.022411313518696,1.4456519436053474,0.39823687076568604,0.625680473426362,0.5268916944625843
837_right.jpg,837,0,45.0,0,4,0.141230148905316,0.0364355695236747,1.508578339328824,2.9147216011975523,6.634053454497806,1.0958705186796591,6.063331497491297,21.0,1.101701037135686,0.0240310038350571,1.4564063470487685,0.004616690333932638,0.5260296260977569,0.5545470763963064
840_right.jpg,840,0,40.0,0,3,0.1451469054373403,0.0322834209240102,1.4994580778009567,3.559747114813115,8.190345040184718,1.0798676691869733,7.155058172638453,21.0,1.093925280686288,0.0230675044467174,1.4580723779272942,0.0004927912377752364,0.6401401931703409,0.529187340436906
841_right.jpg,841,0,64.0,1,4,0.1141192580353398,0.0283668591813326,1.4493138177924527,3.0872986729102547,7.063176659055924,1.0777260840265648,5.204464723329645,19.0,1.0854999880265404,0.0194030529491124,1.4167658044898943,0.0014613429084420204,0.37931029413743156,0.44164254306001766
845_right.jpg,845,0,64.0,1,2,0.0915589730117511,0.0227748082732977,1.393876770938155,3.0754989857648853,7.170521359412007,1.0866136698662496,2.627085248916327,23.0,1.105570940565937,0.0146662086107771,1.3656442678804124,0.0004150781314820051,0.4851308386945527,0.40965416114161035
846_right.jpg,846,0,54.0,0,4,0.1395939719763791,0.0348623028887191,1.5063073270777954,3.106010376193186,7.189477706287854,1.079825298773676,5.490912539746719,25.0,1.086690053338937,0.024234891254973,1.462228323757173,0.00018345314310863614,0.44096171404865275,0.5350498895753363
848_right.jpg,848,0,56.0,0,4,0.114518471362922,0.0298257305986034,1.4570972262213706,2.931103550994085,6.552264191015285,1.098218738924343,5.271848329918237,26.0,1.119345070653864,0.0194909184952354,1.4161503155455193,0.0010977931087836623,0.5258786821822735,0.5307004553282794
849_right.jpg,849,1,60.0,1,0,0.0994868928065166,0.0288448100305468,1.4322142732130168,2.567687450709921,7.022865016814545,1.0969492544457342,4.392357298300956,37.0,1.110392121032568,0.0131970371553496,1.3437248254447334,0.9980481863021851,0.9089743788624688,0.4274938449530914
856_right.jpg,856,0,46.0,0,4,0.1442220774564314,0.0368748769069947,1.5171697247591125,2.964521780718174,6.051319331875592,1.083617871409885,6.564960281990294,27.0,1.0976983296133138,0.025492245771913,1.4568011281001356,0.003968566190451384,0.4363853178129562,0.5523878826051483
862_right.jpg,862,0,65.0,1,4,0.1113513513513513,0.0272543571608992,1.4561325604311068,3.1891363397262777,6.809370410008143,1.0804980685830363,7.224046476382925,18.0,1.0883288701727196,0.0202980550644102,1.4544829378378117,0.04241682216525078,0.31202169338319197,0.4394892346927792
872_right.jpg,872,0,64.0,1,0,0.0803446152603793,0.0199208616390927,1.3764374748044084,3.0563029117764287,7.080612030904553,1.0896702686071371,3.734846114245914,30.0,1.106946224465082,0.0138542602481149,1.369809048509628,0.5036202669143677,0.5446061846942105,0.4257169495512218
875_right.jpg,875,0,63.0,1,1,0.0917510667121305,0.0189427799946549,1.4071953458288469,3.738961254930351,8.008562657132513,1.0866664455330226,2.6264618333625163,24.0,1.1056610764814792,0.014763480200164,1.4185366412138791,0.000619931670371443,0.40614434419999046,0.441414366943759
878_right.jpg,878,0,60.0,0,4,0.1392114065136771,0.0390810521316478,1.5254696213316632,2.6690490698510625,6.384827436842567,1.0803771751938045,6.871393781388628,28.0,1.0931112674904848,0.023216216489324,1.4432987961108044,0.025870950892567635,0.7157141589908546,0.5219882385490794
879_right.jpg,879,0,54.0,1,1,0.1392285460204535,0.0342525971138687,1.506759522654904,3.0856138739246086,6.646826332890853,1.086478498328891,5.20433323901532,24.0,1.0973409576769269,0.0247938477707263,1.458361392408077,0.00025111998547799885,0.35209911751358375,0.45180373997928125
883_right.jpg,883,0,63.0,0,1,0.0847570647726239,0.0150843125170494,1.373077054348358,4.382613341022858,8.378441910490013,1.073243516216933,1.464986815118664,17.0,1.069695318563874,0.0136294290592763,1.3715351627109722,0.11074505001306534,0.13700011881726668,0.5277687178524473
884_right.jpg,884,0,60.0,1,4,0.0713036180152486,0.0192276578963334,1.3444972024022788,2.689797217014847,5.392697425159464,1.0782214838960902,2.275163306166198,21.0,1.0824291285029757,0.0129279834974821,1.3146673719758764,0.005313394125550985,0.22320476761400748,0.45027695311047644
893_right.jpg,893,0,34.0,0,4,0.1579088770834178,0.0397775660002433,1.5340279859638302,3.04015109841698,6.564155059569677,1.0862288679937424,8.21201184151831,14.0,1.1093937173837225,0.0272365059410357,1.4787120890948453,0.00012687173148151487,0.39089315773858335,0.5781451753108579
897_right.jpg,897,0,65.0,0,1,0.1242294040724827,0.0301220331110112,1.4704622049350538,3.1539040724810854,6.8429035683233375,1.0885661543834828,4.846991583401073,20.0,1.0934714229830922,0.0209834343964738,1.417888481248545,0.020251961424946785,0.37156094315506494,0.5254398668475341
906_right.jpg,906,0,59.0,1,1,0.1300271752856435,0.0302666006647337,1.4833579901066567,3.2524855885836423,6.669002608448486,1.096012527304505,4.697586551769424,18.0,1.1083677941781216,0.0234879327588471,1.4648049883861358,0.02358977496623993,0.24747689646621754,0.446026087699713
909_right.jpg,909,0,48.0,0,4,0.1196484550497988,0.0297631968177206,1.4606321722715363,3.026221217740857,6.267969512878481,1.082214980125991,4.543228822243648,10.0,1.0923368166711525,0.0208281801339747,1.411332674779444,0.006467952858656645,0.1965488368939893,0.5480636426814862
912_right.jpg,912,0,74.0,0,2,0.1646961727007865,0.0336044626965107,1.5382222210534662,3.8908961898807046,7.638760394018554,1.086798320745721,5.916453707478596,19.0,1.099686668499311,0.0276979526087086,1.5110447356446626,0.0006712423055432737,0.29932943401089884,0.5428042032533757
918_right.jpg,918,0,60.0,1,2,0.0745214300355459,0.0213225479069906,1.361965681644986,2.6182570376673486,6.036725299490718,1.0836504018980928,2.6996895357033943,42.0,1.0921098102400988,0.0119536253330866,1.3602875975727438,0.2592712342739105,0.6422823666559854,0.41193365766143264
919_right.jpg,919,0,45.0,0,0,0.0941723163700049,0.0244739628549778,1.4111655857253391,2.82129585069229,5.7525656479513385,1.0854331296235118,2.6596678927902926,17.0,1.1001038885653611,0.017689300607709,1.3746138840819289,0.0007980350055731833,0.1488585869565041,0.5515462510341876
922_right.jpg,922,0,45.0,1,3,0.1146837938638835,0.03086350748468,1.4631704339916325,2.741568565342233,6.652163786803614,1.0772795524217929,4.674749240353249,20.0,1.0826256479852132,0.0188870031808619,1.4025411396123142,0.00017788585682865232,0.47489708058303265,0.46493524753960525
939_right.jpg,939,0,41.0,1,4,0.1292287010926145,0.0352547580783731,1.4917056529721326,2.7439851240322644,6.433164634554228,1.0944142713003202,6.165539686871443,25.0,1.109069726193326,0.023090451499439,1.425221091522329,0.019825652241706848,0.5761464207099728,0.4916121456321195
940_right.jpg,940,0,48.0,1,2,0.0831530881999519,0.0234344240081404,1.3814802982859968,2.6652132369434627,6.490081323087876,1.088326702228373,3.477069239697904,29.0,1.1056145969636038,0.0132435431335552,1.3255349980701605,0.0004078489146195352,0.6284684607438983,0.4187944840473071
942_right.jpg,942,0,46.0,1,2,0.0671284069958642,0.0162788380088694,1.3357357744377332,2.967933915259507,7.149254171853521,1.074658186341301,2.0927799093128705,44.0,1.075063654301578,0.0096118391549155,1.3181937572321054,0.003856394439935684,0.787355272643706,0.419941091002179
951_right.jpg,951,0,41.0,0,1,0.1307311748624214,0.0334130084341063,1.4892285506697194,2.9486765195825533,6.051831497930823,1.0944797519167095,4.598584040386685,16.0,1.1083783270239178,0.0223410330137906,1.4411200302959974,0.0003297249204479158,0.30514527865935576,0.5532843608879585
954_right.jpg,954,0,61.0,1,3,0.1535690639454396,0.0345863756534139,1.5404936655503525,3.482059514968584,7.381274879651736,1.0835215970347514,6.389450923923864,31.0,1.1040852752308223,0.0258680161680888,1.4999374263251637,0.0002897644299082458,0.5893793976937819,0.46318972893578597
957_right.jpg,957,1,45.0,0,1,0.131443585468142,0.0348491738669092,1.492363010357741,2.7875310529734048,6.493317890440886,1.09450541416642,5.052801778586226,30.0,1.1024868226909137,0.0229700368854529,1.4296914035534327,0.261709064245224,0.5945354426395106,0.5486620061818672
965_right.jpg,965,0,45.0,0,2,0.0220107562956862,0.0057492298776954,1.1527674635862362,2.8720694826130333,6.829646443355852,1.076316090878221,0.2541657770864469,20.0,1.077557886485445,0.0027399070769918,1.1772925616387786,0.026085155084729195,0.4063789692023036,0.5596929106670745
966_right.jpg,966,0,59.0,1,4,0.1245294649669299,0.0319534340846735,1.476702555798024,2.899074339154198,6.046476890290371,1.0873045366778613,4.699034424216701,23.0,1.091285129416787,0.0221511472212537,1.4339364624798756,0.03544843941926956,0.3365874610399355,0.452440452319039
968_right.jpg,968,1,68.0,1,0,0.0449769277811752,0.0106794300934513,1.3291967968148612,3.3646565938932107,8.073524144880212,1.074313707501526,2.5270776368791603,12.0,1.0779128019370994,0.0078440489848729,1.311824809836899,0.01877746358513832,0.3215531667424205,0.4239419707331991
974_right.jpg,974,0,64.0,0,1,0.1146035964571007,0.0288050041178878,1.45151923950445,2.974411598807842,6.076554112102373,1.0805975178214655,4.749465685110425,21.0,1.0889485221728412,0.019326283239944,1.403858038870091,0.009309563785791397,0.30994981775311153,0.5266044370500759
977_right.jpg,977,0,81.0,1,0,0.0425458756187962,0.0114581595141659,1.2721565931433043,2.795365011118166,6.722702343797439,1.1050845550636446,1.5169672790157915,25.0,1.0980459039220074,0.0064825068389941,1.2965843981167056,0.00533437030389905,0.5335540409739437,0.4181870522226761
983_right.jpg,983,1,63.0,0,4,0.1264232752648998,0.0295045796238807,1.4780700916893643,3.356213044680646,8.437363521986379,1.1001881824746371,5.90091592477615,33.0,1.1012886397564172,0.0207455678990173,1.4357204924023743,0.13682083785533905,0.7881578786770096,0.5154449936262118
987_right.jpg,987,0,64.0,1,3,0.1372123822233005,0.0348932427514254,1.5045067347412238,3.0108209744090404,6.667234338977489,1.0895876614702165,6.065752759917506,30.0,1.09524874497835,0.0242225726879372,1.455054452210153,0.006540441885590553,0.543649884926255,0.4628625433032637
996_right.jpg,996,0,56.0,0,0,0.1276506604883121,0.0364593586423772,1.4973253592108065,2.603345321555543,5.889255423615412,1.084449814598626,6.208640610566803,28.0,1.100500442934601,0.0226792050920948,1.4223481609475288,0.0020369705744087696,0.545452754456981,0.5466003242466938
1005_right.jpg,1005,0,78.0,1,0,0.0957628613918786,0.0251254001461951,1.4131839412663336,2.825730320485901,5.907749942673041,1.0862604402943887,2.621430191818113,26.0,1.1006690767530023,0.0165099689965467,1.363922908205133,0.00026168409385718405,0.32518312245661285,0.4195131947325827
1014_right.jpg,1014,0,70.0,1,2,0.1221080406201189,0.0323808464715189,1.4750797070632828,2.8404900098100008,6.913211083058383,1.0800078089049148,5.054768415785031,28.0,1.086087768216874,0.0205627979154135,1.4209548668506782,0.5934724807739258,0.582104583530178,0.40624221174357916
1018_right.jpg,1018,0,69.0,0,2,0.0754073590068199,0.0193010577040878,1.3462276956526469,2.877065580640544,6.374914019959609,1.0796086409285863,2.041899783558623,28.0,1.084504176172461,0.0120676277208314,1.350334176730586,0.00528288446366787,0.4360725778889643,0.5457241856550207
1019_right.jpg,1019,0,80.0,1,4,0.0553430401628892,0.0160167727563666,1.2823437165602136,2.498232136955393,5.857587656050165,1.098227493183734,1.562366127902347,26.0,1.1165654426976932,0.010447693494005,1.2480365308805548,0.03607536852359772,0.39840638017447605,0.4075058672279084
1028_right.jpg,1028,0,50.0,1,1,0.1201625430558995,0.0321315202953691,1.4526444577582414,2.870491000072662,6.598697977919709,1.0871276783170256,5.403093270897589,35.0,1.0893724259336883,0.020965127535514,1.4182424086355636,0.04756089299917221,0.6123900876882635,0.45643531052261466
1031_right.jpg,1031,1,53.0,0,2,0.1124077219175349,0.0288525643209257,1.4564937018432345,2.926996356551831,6.839487331208061,1.075868264378337,5.2556534772474,17.0,1.082168984722547,0.0202780629997128,1.413675308044427,0.06831836700439453,0.28978782994084246,0.5550460485269826
1034_right.jpg,1034,0,56.0,0,1,0.1508474661846602,0.0374934994774337,1.5245460362047067,3.0743491335210806,6.9423216107282135,1.08916348129674,8.17929829698931,18.0,1.0988744299804742,0.0266988453052342,1.4714861100530836,0.009719260036945343,0.38923553567875013,0.5359095245750178
1039_right.jpg,1039,0,82.0,1,0,0.1093120448459671,0.0285993142971545,1.4582452091079343,2.814383099419853,5.677042848327718,1.0845923009935834,3.603693786130784,22.0,1.0871089722355145,0.0197752696513926,1.4331092031911037,0.0001865298254415393,0.23159184863965016,0.4177452664165854
1040_right.jpg,1040,0,65.0,0,3,0.0864698104892023,0.0209588169041672,1.4022526185255988,3.116881273644613,7.039840507109645,1.0723388553014448,3.280936291072915,9.0,1.072686194426438,0.0148180794280397,1.3700063523198376,0.0006815931410528719,0.17677606074989868,0.5264542966277201
1045_right.jpg,1045,1,51.0,0,4,0.1433913825690577,0.03621423301226,1.5168633100155813,3.019009636162948,7.473015373176504,1.0784920314978863,6.36755980957964,27.0,1.0857402542281822,0.0245201588857781,1.4650366953307603,0.09387756139039993,0.607136558796769,0.5415638542622603
1046_right.jpg,1046,1,55.0,0,4,0.0506114989014407,0.0195164395014679,1.3011176116381222,1.8195731569558995,5.39533457836035,1.085473232902143,4.617837491007369,46.0,1.1308449177007334,0.0064309463164239,1.2725489761530382,0.9876773953437805,0.913467568225545,0.5328757970826702
1048_right.jpg,1048,1,60.0,1,2,0.1233965773433472,0.0322857807114193,1.4809411665056127,2.82259273172627,6.683704216172319,1.092324620345174,6.166038269870311,24.0,1.0972040803094705,0.0211869118256527,1.451381657094102,0.24332527816295624,0.48309206263861004,0.41193365766143264
1054_right.jpg,1054,0,59.0,0,1,0.1217110581197963,0.0332632770188343,1.4789246054622442,2.7181086084369035,6.089562811463999,1.084905158786333,4.749009780939294,28.0,1.1003961368059283,0.0220778433433028,1.4188685325220027,0.09334193170070648,0.4596048735597382,0.5324226954959468
1059_right.jpg,1059,0,43.0,0,4,0.0522079928779374,0.0149041437919866,1.296153607865946,2.5384897304326115,5.659537763202716,1.0912941518584165,1.586091512363839,19.0,1.1196026582015135,0.0086621062271999,1.2819037088446772,0.001694742008112371,0.2748850099061717,0.5588592137629921
1060_right.jpg,1060,0,54.0,0,1,0.1176072417207169,0.0315410882786769,1.4659327374399012,2.905746589702756,7.051556332899972,1.0893999567814676,5.051423491139803,28.0,1.1096850373557916,0.0182962558849083,1.4135353919547349,0.0012176984455436468,0.7219452352105546,0.5382321495884841
1061_right.jpg,1061,0,49.0,1,1,0.1313825022394744,0.0352192154500964,1.497555731981041,2.790856406054998,6.077397362917552,1.0826896409315436,6.224979882686965,16.0,1.087622832190286,0.0234626071025502,1.4482567214247724,0.023043619468808174,0.29548186006433,0.4575944130655827
1066_right.jpg,1066,0,62.0,0,4,0.121355616986653,0.0308581767093034,1.469238484671484,3.005792877434888,7.31859249605783,1.0874958963706036,3.992459810080203,36.0,1.1027064192813618,0.0207810059987972,1.4027125689166666,0.028021270409226418,0.6454092493620348,0.5176267747770391
1072_right.jpg,1072,0,54.0,1,1,0.1186069247590125,0.0250126338360104,1.4683364513693786,3.6674505983245824,6.968578250648405,1.0829793926088602,3.7783434797598874,7.0,1.0804393041850573,0.0216687998564229,1.453054442650024,0.015929898247122765,0.07826271461096729,0.45180373997928125
1074_right.jpg,1074,0,67.0,1,2,0.1069641683933896,0.0268307474604538,1.4379819731774508,2.995037302097979,6.268452950275141,1.0863550889381228,3.2344468590488704,18.0,1.0863794570613745,0.0189467832415222,1.392260816992813,0.018281754106283188,0.28660622647108475,0.4079470772212572
1075_right.jpg,1075,0,67.0,0,4,0.0967300962379702,0.0225284339457567,1.4175285141043226,3.3180184330239766,7.629506442380775,1.0835312820492875,3.4299689811500835,28.0,1.0965218600560869,0.0162600413584665,1.38675426320073,0.023059070110321045,0.4274985859665663,0.5067128113527685
1080_right.jpg,1080,0,60.0,1,1,0.1068843051221905,0.0273867102060934,1.4759748300551163,2.955320517073187,6.24993743958162,1.0902280913255258,4.973000567714224,23.0,1.0967922465563131,0.0191966623684685,1.4434671526102474,0.04769684746861458,0.41591789172878335,0.444872254306597
1081_right.jpg,1081,1,47.0,1,2,0.1212119706200988,0.033509586236371,1.479123719568589,2.670964552358617,6.180107041361908,1.0767233213943883,4.969536739785117,34.0,1.080269567556522,0.0194805840199576,1.4021763467034167,0.5981594324111938,0.6914665807087821,0.4193676786863463
1090_right.jpg,1090,0,55.0,0,1,0.1146199053579606,0.0306727980460998,1.4726073371937487,2.791550499441232,6.561406602786462,1.0844206325525418,4.388642955274004,23.0,1.0883890417064832,0.0188616241795145,1.409042783451684,0.08062524348497391,0.5306925271963779,0.5370710381700758
1093_right.jpg,1093,0,53.0,0,3,0.0562151402473526,0.0151109449519036,1.310433920426495,2.7218373972753107,6.275689983295726,1.0948296314184087,1.818769703338453,18.0,1.1029752012416147,0.0096495837038234,1.257439166035267,0.0003975322761107236,0.2956221790063678,0.5277663656424777
1114_right.jpg,1114,0,67.0,0,0,0.014305613254808,0.0050683023386525,1.1356041874009777,1.8951402312242984,5.052186272842327,1.2474541256945388,0.5864959311844774,11.0,1.2320368290515331,0.0019598739033747,1.1145396968543702,0.001265507540665567,0.7001411199743112,0.5416451808376389
1115_right.jpg,1115,0,81.0,1,2,0.0591169313718561,0.0135045082339637,1.3029170190906885,3.42629354144962,7.414080226801378,1.0859237929681411,1.7669450025746911,19.0,1.0951358319425966,0.0101321674861925,1.314820098881182,0.5357755422592163,0.29400259220381203,0.40001063211435983
1119_right.jpg,1119,0,65.0,0,0,0.097921109280726,0.026291853214347,1.4378487486392482,2.7992863280012514,7.136413458102604,1.0803873036381977,3.739375625334775,21.0,1.08892959736914,0.0155992602100114,1.3698290796319557,0.02325727976858616,0.5497831812703198,0.5425467581043051
1121_right.jpg,1121,0,47.0,1,1,0.114084663680757,0.027328150117785,1.4466416772579318,3.2769421477531946,7.038643671541545,1.0999347310902805,3.589157710622896,12.0,1.1068942460176578,0.0191286940521085,1.4053875363441286,0.0035718088038265705,0.30124184679600857,0.4599139835646433
1122_right.jpg,1122,0,65.0,1,4,0.1062894892346853,0.0285559882220437,1.4539820166551929,2.8230400686992128,6.329816846706333,1.0803885430285856,6.414238599574741,28.0,1.0879353638302445,0.0186517977545114,1.3968331673985743,0.8863622546195984,0.6100705920552659,0.4394892346927792
1124_right.jpg,1124,0,63.0,0,3,0.1408619699118913,0.0327013712002196,1.5029653750048135,3.279320209440849,6.333002746825689,1.0857028986760389,5.084168407994347,16.0,1.0902038040299078,0.0247039742944445,1.4657831895412898,0.001073779771104455,0.1841833673013856,0.5266730006627107
1129_right.jpg,1129,0,69.0,1,1,0.0683132977070153,0.017340258073572,1.3508056582332355,2.920577638760325,7.499853537245495,1.0724013527392544,2.957719648282016,22.0,1.078296068144126,0.011695525321088,1.3572079870376097,0.0011056051589548588,0.43270838934729816,0.4345159345910767
1130_right.jpg,1130,0,60.0,1,0,0.1362108390668809,0.0353798337989464,1.4934740698001685,2.9393205690279203,6.743660439448545,1.0840315299569456,5.729322469591494,24.0,1.0831592925947655,0.0240530139785327,1.4430105064142638,0.001111507648602128,0.49931037907401066,0.4274938449530914
1133_right.jpg,1133,0,56.0,0,1,0.1411040658787875,0.0330077069735379,1.4589845998174122,3.31351653569312,6.945502156637871,1.0721730576263275,5.713469504356521,13.0,1.0766824222457323,0.0254249392943865,1.4250578263018383,0.003682816168293357,0.11530708259894488,0.5359095245750178
1142_right.jpg,1142,0,60.0,1,2,0.1264657428045353,0.0256753992096564,1.4464368773706175,3.8745014033806338,8.118260440210271,1.0917423223083065,4.037858965662047,17.0,1.0964331512141474,0.0203669606227993,1.4248140592786227,0.0093081034719944,0.41984207894599646,0.41193365766143264
1143_right.jpg,1143,0,45.0,0,2,0.1032326173643736,0.0246261301152254,1.4267618762853842,3.190536185312115,6.884047751019949,1.0936431164849951,3.402228459641065,18.0,1.1055021549605029,0.0193626825570748,1.4094379258712664,0.0022853838745504618,0.22066446636669243,0.5596929106670745
1145_right.jpg,1145,0,40.0,1,3,0.0902940358506308,0.0228554091977852,1.394356393270007,2.898139045021888,8.158417292294164,1.0841557069155028,3.033903875812201,25.0,1.086347776982436,0.0139053927641392,1.345479896782282,0.0029407457914203405,0.6930341325913525,0.46548090032636313
1146_right.jpg,1146,0,59.0,1,2,0.125652981804158,0.0331111233540851,1.4881365400089228,2.7950774773273226,6.234137897757335,1.0888353607530004,4.80814981393462,21.0,1.0972384330599938,0.0215815807794211,1.427546904842681,0.007146644871681929,0.4123525052551099,0.412504126672809
1164_right.jpg,1164,0,67.0,1,1,0.0494489712618482,0.0120435179166225,1.2602756726050672,2.977821539757077,6.357874302427421,1.0810430909242728,1.2093909204976645,24.0,1.0801935936451206,0.0076141236702998,1.2786777438427794,0.018596194684505463,0.28608195853335877,0.4368127308225485
1169_right.jpg,1169,0,26.0,1,3,0.1266473406114435,0.0303203190855075,1.4778285157121112,3.2248353105386576,6.6855551894644965,1.0790261260068086,5.396903719237649,18.0,1.0799068980333406,0.0234020025082752,1.447591338318224,0.0012176729505881667,0.20771174954521834,0.46700916357459266
1171_right.jpg,1171,0,74.0,1,4,0.0848028351751538,0.0197694905670855,1.3841050673705926,3.362865063661328,7.550397492560443,1.0756490903998843,2.4737105152890453,16.0,1.0848155343611594,0.0148675050357678,1.3592676982162537,0.013088499195873737,0.18801557170774244,0.4202211848188958
1172_right.jpg,1172,0,65.0,1,3,0.1442675963821939,0.041139912081249,1.533428095456605,2.6173344336305155,6.228258332877805,1.0831393806447114,8.0339548279521,18.0,1.0958643705031987,0.0259966651508261,1.4525641374672484,0.008600015193223953,0.4466822951274963,0.46275348851821124
1173_right.jpg,1173,0,59.0,1,4,0.087453777607145,0.0210854937460849,1.384168371453634,3.1700608766451297,6.976865592086415,1.08466605152591,2.8794277516215723,18.0,1.084570610202078,0.0144678615449897,1.3537509427400296,0.015606551431119442,0.3051223761109872,0.452440452319039
1177_right.jpg,1177,0,63.0,1,3,0.1120659169672537,0.0322360643811948,1.4616804449548797,2.5523772067014265,6.2426755156278295,1.0867394598608415,4.799288694896588,29.0,1.0879097034686545,0.0199296777909126,1.415052889830001,0.03861287608742714,0.5347328761977374,0.46297160164142315
1186_right.jpg,1186,0,54.0,1,3,0.0962117374974913,0.0279341354561874,1.44120990102571,2.546614113082424,6.06546044172235,1.0937507611970056,3.9182331635432295,22.0,1.105002287014084,0.0156585976547941,1.39271725498924,0.021840134635567665,0.4674259884414685,0.4639532848716164
1191_right.jpg,1191,0,58.0,0,3,0.0625340819582735,0.016005897441076,1.3451969737030638,2.905487940084577,6.74087998198702,1.092344541132715,2.171146971502434,18.0,1.1046329801435666,0.0108001938884737,1.372684108367823,0.27185899019241333,0.23416673081887573,0.5272197157890441
1195_right.jpg,1195,0,62.0,1,1,0.1189161036305081,0.0274414426467636,1.4681451194759605,3.3441095229094717,6.966022829249792,1.084265310120605,4.10928794640724,14.0,1.088196625894042,0.0206658957769899,1.4400517903155363,0.005704286973923445,0.21148269651626173,0.4425663818296201
1198_right.jpg,1198,0,44.0,1,4,0.1525565885206143,0.0417087712206952,1.5343556262315006,2.7415266021996825,6.072641558495173,1.0853713193753791,7.02303961196443,21.0,1.0895130893397689,0.0268896523848019,1.467357393831968,0.002427315805107355,0.48971808352705065,0.48506328365437185
1207_right.jpg,1207,0,61.0,1,1,0.0941528095346221,0.0193586202890591,1.3919252215878453,3.7146688521511,7.5433111131859,1.075978614577386,2.0594276903254425,16.0,1.0772972647459875,0.0158787155507912,1.3786267215985577,0.0017159341368824244,0.15747718106214748,0.4437190149792415
1242_right.jpg,1242,0,1.0,1,2,0.0955557463225454,0.0264352550863248,1.4077425804052042,2.775514374349513,6.106241794853747,1.075867795443764,4.039771550918796,22.0,1.083358959625354,0.017769945109604,1.354110104463036,0.00880549754947424,0.28850333581933935,0.445945777506853
1253_right.jpg,1253,0,60.0,1,1,0.1105201005278722,0.0287453192971123,1.4426543868276964,2.890389872262744,5.443830939274346,1.0857516178267648,4.996114133451759,34.0,1.0944870239676123,0.0221645790647678,1.417879010270735,0.018313128501176834,0.28752774517727225,0.444872254306597
1280_right.jpg,1280,0,50.0,1,0,0.0786473646293736,0.0179666660176405,1.3818341090304254,3.330354562803101,6.335606618917797,1.0776254699868808,2.482524971280593,16.0,1.0800178083653995,0.0144667925777371,1.3755756935727308,0.016771024093031883,0.12503722777872966,0.43194418027618703
1299_right.jpg,1299,0,49.0,1,0,0.0855543943286363,0.0204387378435844,1.363887693600012,3.183167224281254,6.756591422322301,1.0852912154416663,2.934529111043611,25.0,1.0968904265247583,0.014543938138067,1.3335571836105204,0.6097502708435059,0.36803525863410896,0.43238983101780143
1303_right.jpg,1303,1,49.0,0,2,0.060076061302524,0.0147639316891174,1.2957434465537132,3.1588429398436784,7.872555853953644,1.0943592814814755,1.9582178156595589,26.0,1.0974807109316218,0.0086058519793459,1.3190595822244682,0.04691913723945618,0.6385782593197349,0.5573707349492208
1397_right.jpg,1397,0,56.0,1,2,0.0992738864340367,0.0297751600102086,1.4384299217449623,2.4757045943813294,5.370404417581343,1.0793001548237453,4.603890287292763,34.0,1.0780599691261663,0.0186857894921208,1.386898196196107,0.0021916255354881287,0.4091453083113828,0.4142169384730282
1404_right.jpg,1404,0,50.0,1,4,0.0700873611572748,0.014401444609256,1.3415595697517708,3.75530764690807,8.133921414284528,1.091399234480914,1.537873864577804,24.0,1.107901463014928,0.01155389751807,1.3374091627687743,0.01755240373313427,0.22777317594933874,0.47198317416046315
1406_right.jpg,1406,0,78.0,1,4,0.0284101285522585,0.0122597089113156,1.1257220506853491,1.6078713403635012,3.428221656226037,1.0732721228037083,0.9528271174597628,26.0,1.0989593121203525,0.0037001453061354,1.0687804843677025,0.0004266682080924511,0.454891220373981,0.41173144843403575
1414_right.jpg,1414,0,66.0,0,4,0.033248916091678,0.0083677269411812,1.1929446268897288,3.068399158914206,7.480334758725759,1.121785704957526,1.449741538266381,16.0,1.1151222015445033,0.0057083573069238,1.366889839039748,0.00829747412353754,0.1673725294557453,0.508896449259807
1418_right.jpg,1418,0,68.0,0,2,0.0167015844511559,0.0052059242329424,1.080705034650537,2.274473363614326,5.834951913592389,1.080763684196998,0.3174344044477095,23.0,1.089494098476904,0.002326340706881,1.155187627476647,0.0042419154196977615,0.34946564088793575,0.546307811428911
1421_right.jpg,1421,0,60.0,0,3,0.0236582910400514,0.0067773038162551,1.193566592910298,2.458105837212342,6.090532015868072,1.0740847639873232,0.7265103631513944,20.0,1.0782889615926396,0.0032122136770765,1.2797556905830023,0.0032561183907091618,0.26612560142359226,0.5270010374982788
1423_right.jpg,1423,0,75.0,0,2,0.0602673613214595,0.0170685163869873,1.2980193945392848,2.657913658751444,5.65398816850875,1.075560489767544,1.918378061832354,36.0,1.0778952523332428,0.0104551604369863,1.2642113671429571,0.04399164021015167,0.49532527309902125,0.5422198471307872
1424_right.jpg,1424,0,74.0,0,3,0.0401828039138078,0.0098489520530922,1.2315323222479926,3.246728243558846,6.874521533907026,1.0639979033082465,1.656833055660386,21.0,1.0944050563533891,0.0071704052797746,1.2333645493820595,0.00012713258911389858,0.22316962804681253,0.5254700040485383
1428_right.jpg,1428,0,71.0,1,1,0.0466092169351817,0.0115648807293618,1.2342025769179967,3.017238717733848,6.431820988683668,1.089557690054111,0.8492569002123143,28.0,1.0913956594158287,0.0070138628699887,1.2521678130372709,0.059751588851213455,0.3587211527914953,0.43222194672190284
1429_right.jpg,1429,0,62.0,1,3,0.0856582802662164,0.0231476967759481,1.3930618330209008,2.773853183208812,6.663424919350851,1.0925107098640476,2.9762057481822053,27.0,1.0929250704500972,0.0136700208847541,1.3492041038323073,0.0012886966578662395,0.5576812998305123,0.4630806635223706
1435_right.jpg,1435,0,79.0,0,3,0.0102753447515101,0.0033270612818315,0.9347690170200804,2.0371449915236512,4.765428669789197,1.0741969048482838,0.1014347951777898,21.0,1.072078122328896,0.0012577914602045,1.0073080672234904,0.0007882711361162364,0.26418252568772355,0.5249230888111953
1439_right.jpg,1439,0,60.0,1,4,0.1013695033025632,0.0273900660512654,1.4263356632937498,2.711859029162781,6.116795670957281,1.0881091780261951,3.7368452946048034,13.0,1.097494280462933,0.0178358615953299,1.3656216139334958,0.002917907666414976,0.30897866117925754,0.45027695311047644
1441_right.jpg,1441,0,50.0,0,2,0.0540128081588617,0.0145693959694411,1.3176151573020307,2.696838098423767,6.955630480023691,1.079322252315743,1.890333021351542,38.0,1.0878824518059422,0.0072800874163758,1.360200893812549,0.0004118916695006192,0.6723357009201969,0.556789794855192
1444_right.jpg,1444,0,73.0,1,2,0.0298383334347552,0.008149252520335,1.221514114860466,2.689921261227962,6.361906919143268,1.094229301109515,0.9635083875940688,16.0,1.0857948322734778,0.0045690581959066,1.2347635828666688,0.07564380019903183,0.37936898683983267,0.4045396028316979
1447_right.jpg,1447,0,56.0,0,2,0.004849914798794,0.0018703933371648,0.9704956197736282,1.740514642942127,4.644728485599879,1.090403721249675,0.5545640622321708,13.0,,0.0005192736219083,0.977924562752514,0.0038601092528551817,0.3626002547461355,0.5533009457094274
1450_right.jpg,1450,0,76.0,1,0,0.075561801648537,0.0182282155949942,1.363301441263334,3.0976196526433086,6.7534093680911536,1.0777074314980393,1.9416308774784687,28.0,1.1002338611958722,0.012578994327664,1.342257028089359,0.005472629331052303,0.3534493402750666,0.4203979372669321
1452_right.jpg,1452,0,57.0,0,4,0.0295472249935083,0.0116667349997494,1.2031311969522445,1.7578932631564677,4.083296137295504,1.0678504403916569,1.047773935940013,20.0,1.0762048461473557,0.0039223189514971,1.1138082706533547,0.003557608462870121,0.5024260708900651,0.5285239463257686
1468_right.jpg,1468,0,79.0,0,4,0.0005445317027356,0.0001798453330136,0.6854312873974618,1.8714077439220005,3.314757303333053,1.070401053804918,0.0499570369482245,1.0,,0.0001198968886757,0.8532495523311783,0.0005853817565366626,0.015709996145855717,0.48051300780404294
1478_right.jpg,1478,0,35.0,0,3,0.0848467920222502,0.0207050657284807,1.372516779338098,3.058787580510334,6.455956472523359,1.0769232879811623,2.971450305465092,17.0,1.0869169737385669,0.0148453657261035,1.361675096055509,0.01074592862278223,0.19727717609176254,0.529733744525016
1479_right.jpg,1479,0,76.0,1,4,0.0090930844699688,0.0022682858738135,1.1136183897981171,3.326547759676877,7.057863266783174,1.0604540485095089,0.5982292414453219,3.0,1.0624603867717215,0.0015055435909707,1.1998816183050158,0.012761607766151428,0.037196427964508276,0.4159700840987279
1486_right.jpg,1486,0,61.0,0,0,0.0764595292407189,0.0203243676835535,1.3574674727402751,2.8746169562314505,6.636725984671477,1.0754369761370386,3.258717068157321,21.0,1.0784573107876605,0.0134359411425563,1.3525014207303772,0.0009758882224559784,0.3417886265225177,0.5443490710185849
1489_right.jpg,1489,0,76.0,1,4,0.1043168340554679,0.0270800471217778,1.4345339606339964,2.9116464523354217,7.2022570694376045,1.0843735314022287,3.943453866581475,26.0,1.0915031014096397,0.0170317273326278,1.3773841368076751,0.002339357743039727,0.600396658922026,0.4159700840987279
1491_right.jpg,1491,0,60.0,1,3,0.0381400419964464,0.0106808270069455,1.220668148324071,2.68151050315454,6.627087674137652,1.0824033549038117,1.211435955419157,23.0,1.090950327039642,0.0059764173800678,1.2241527948561002,0.003902008756995201,0.3946314244435903,0.46329879787134787
1493_right.jpg,1493,0,49.0,0,3,0.071543897034311,0.0212899472490407,1.3535018375889976,2.5276314606906567,5.868171392781107,1.083066732074222,3.8566376656229777,26.0,1.0819484440098066,0.013517841851709,1.323505420352212,0.0037323888391256332,0.4004304351339782,0.5282036376532085
1494_right.jpg,1494,0,38.0,0,2,0.0786028419644218,0.0232822035668516,1.3926763249163412,2.4369798283766566,5.705567615267797,1.0923413344496775,3.613145073420237,26.0,1.0993391883340862,0.0131202330478572,1.3369324639046691,0.13306713104248047,0.522028284067318,0.5637503800348573
1498_right.jpg,1498,0,52.0,0,2,0.0847612784427199,0.0194817835065105,1.4128884902562595,3.2880005468410847,7.154966692047861,1.0826214286236049,3.104037879784296,20.0,1.0829383552351854,0.0151413915559647,1.384016031503751,0.0015972757246345282,0.30727019766046665,0.5556274500943088
1514_right.jpg,1514,0,33.0,0,2,0.1464182825071276,0.036705327422268,1.5193960841204093,3.041056200106816,6.866473404601225,1.0934603135117595,5.721990854765921,23.0,1.1050896135895432,0.0255648600102498,1.4661229459860317,0.0025168219581246376,0.43942782692915816,0.5666433884101691
1515_right.jpg,1515,0,78.0,0,2,0.0003211593853812,0.0002408695390359,0.5564786597790501,1.0,1.0,,0.0,3.0,,0.0,,0.04369064420461655,0.0005240005855745535,0.5404660879882749
1541_right.jpg,1541,0,50.0,0,0,0.143346520546284,0.0361309424562573,1.513397762470594,3.045399642403566,6.649562468359214,1.0967587192297767,6.719920775670856,19.0,1.1063284956666586,0.0251011777545359,1.4619899733813613,0.0067900377325713634,0.4094385080992148,0.549299306422937
1556_right.jpg,1556,0,66.0,1,3,0.0431322729813506,0.0089028914070836,1.301654067221331,3.750573449304504,8.63426461917125,1.0906121083028877,0.9654962142385284,13.0,1.1107438800886529,0.0067025763504243,1.2990460630136773,0.0016256108647212386,0.21563970892761103,0.4626444372965833
1610_right.jpg,1610,0,64.0,0,2,0.1239101062187833,0.0328574826300155,1.4813906823376746,2.874101555797615,6.371789763626063,1.0785124612310182,5.414678332683909,16.0,1.0851212639949608,0.0225442915627166,1.4398582920073126,0.01857680268585682,0.2327154841271771,0.5486410262743465
1611_right.jpg,1611,0,70.0,1,1,0.0965729256583829,0.0274610169662643,1.418570863642294,2.5491448800429986,5.067177183604462,1.0792196296726893,4.240304090379053,29.0,1.0841077792324858,0.019227759857445,1.3768619264687074,0.051270049065351486,0.27174042224347295,0.4333685836770771
1663_right.jpg,1663,0,77.0,0,3,0.0369533269143059,0.0088734607003496,1.2802401780410968,3.1774011525232018,7.231827014386011,1.0845652084590076,1.0135306339634116,16.0,1.098565707720386,0.0065474078954036,1.2582047236695528,0.0006513241096399724,0.21213476432059225,0.5251418621545627
1833_right.jpg,1833,1,65.0,1,4,0.0827488985003435,0.020413112898662,1.3831832092978724,3.097536129996257,7.154605050375838,1.084222138181679,3.3348154735437974,28.0,1.0904720449205216,0.0129047253324709,1.3691837849119357,0.9951344132423401,0.5043769816542305,0.4394892346927792
1867_right.jpg,1867,1,64.0,0,0,0.1221339719687553,0.0309819019613787,1.4741670787402643,2.970893580339552,6.241642209030405,1.0959182495110855,4.951445518941806,21.0,1.095054531404864,0.0219834076050161,1.431656507837742,0.03202934190630913,0.3466038501128562,0.5429974426253626
1890_right.jpg,1890,0,55.0,1,4,0.1235614472926412,0.0319032848005981,1.4754452048465905,2.936091635334916,6.428328265456318,1.085276614080118,4.950945226379445,18.0,1.093518467231956,0.0222337856543836,1.443731252329891,0.006373404525220394,0.2775648356129029,0.4611116295304609
1975_right.jpg,1975,0,55.0,0,3,0.1200829395697509,0.0256693980899974,1.451710230603923,3.763136853996007,8.01900263276146,1.0778732330486265,3.738261857766613,17.0,1.0837168795110108,0.020485674980561,1.430622637172449,0.0007922850199975073,0.23539044356724434,0.5275477136172481
1989_right.jpg,1989,1,62.0,0,3,0.0449301638800857,0.0124253549563304,1.262197291196117,2.6754515113940154,6.147675812157248,1.078937096408617,1.155146176215038,20.0,1.0812394463203858,0.0076340095123776,1.2342946385194362,0.015715396031737328,0.28129613654768604,0.5267823488472521
2004_right.jpg,2004,1,47.0,0,0,0.1021526023244062,0.0285093481556341,1.4306607802797593,2.6589939442268773,7.011347643448687,1.119050791911292,5.204648812531581,41.0,1.1308799557880558,0.0142294087923193,1.3472755653494697,0.9934717416763306,0.9412431064097818,0.5506477204506859
2020_right.jpg,2020,0,51.0,0,1,0.0739525160821223,0.0205002878119224,1.355664581111906,2.630024365169345,5.697117641089898,1.084450038888645,1.9692394696181692,25.0,1.0959857824308434,0.0131636084546014,1.3164770642882706,0.004205405246466398,0.34091079472709773,0.5417129463658781
2066_right.jpg,2066,1,52.0,0,0,0.1256762929503121,0.0339948231233822,1.4822165862514376,2.818012270472768,7.000557265693763,1.083986001945059,6.597980003045222,28.0,1.094845001397835,0.0196264528244429,1.4104735018115615,0.014340062625706196,0.7561088239872397,0.5483999600239029
2070_right.jpg,2070,1,50.0,0,1,0.1352279792746114,0.0281295336787564,1.4842378638295146,3.760190066433381,7.431011941939248,1.0853545728512015,4.974093264248705,24.0,1.091469165482294,0.0227772020725388,1.4602363575293165,0.03351350873708725,0.27831720778203756,0.5428723247515318
2121_right.jpg,2121,0,56.0,0,4,0.1120432757871768,0.0302294101603143,1.4600255168992808,2.777032707911731,5.643756943685686,1.0785017184080832,4.4447587203135575,17.0,1.080664652285474,0.0211429090945824,1.4097493834626438,0.0012435456737875938,0.21104420483226308,0.5307004553282794
2125_right.jpg,2125,0,83.0,1,2,0.0618479655008735,0.0151135663572921,1.393824120038459,3.109135691700119,6.6528940563793695,1.0964720272037494,3.02978276457578,20.0,1.0811007916561384,0.0112455436945171,1.38460578268858,0.2862882912158966,0.3209268320479192,0.3988810223282268
2132_right.jpg,2132,0,59.0,1,0,0.00358614706095,0.0015978598799797,0.7538290983550222,1.4836951973092938,4.2903168460670855,1.0545437487609657,0.072301352035283,7.0,,0.000397657436194,0.9435244603212326,0.0011054397327825427,0.031057611916553277,0.42793836313534545
2136_right.jpg,2136,0,76.0,1,1,0.0223942005280508,0.0054370049523694,1.1207403852302826,3.0154458319859567,5.261969133098488,1.1168576902216285,0.3533800804696926,12.0,1.1248797445159044,0.0040992089334484,1.2029500292951398,0.02462337538599968,0.1028981461008447,0.42649988430696295
2152_right.jpg,2152,0,58.0,1,2,0.1477076364959225,0.0357067068179751,1.5215264836680782,3.150469385648556,7.551516298227303,1.0897095180012644,5.75996119605089,17.0,1.09228046447028,0.0223931122990329,1.4701908510173027,0.13265401124954224,0.6625976135933845,0.4130748307705809
2154_right.jpg,2154,0,83.0,0,0,0.0824918714784821,0.0169941636205747,1.3744748675586391,3.90357092474812,7.629380620182242,1.0931282116801917,3.534139790375023,22.0,1.084224822906084,0.0138790718339156,1.391950477940919,0.0010408463422209024,0.34844003818315344,0.5344232329195656
2171_right.jpg,2171,0,87.0,1,3,0.1076919233555672,0.0303330085687876,1.449541004524937,2.6205520508045224,6.58434485886089,1.086712100702628,4.94641384995878,33.0,1.102242139184364,0.0165480026980439,1.3617391653122215,0.15328603982925415,0.8104068525605036,0.46035520305110056
2172_right.jpg,2172,0,73.0,0,1,0.0524087732032546,0.0132735052713327,1.3410556331373116,2.873139239543101,6.380511219518845,1.0859450153836476,1.9796049926653096,13.0,1.091164616098729,0.0086747305960641,1.3111604471526557,0.005600146949291229,0.2921164662657662,0.5161144013047746
2175_right.jpg,2175,0,63.0,0,0,0.0001237688568993,8.568613169958442e-05,0.4313785384972569,1.0460237291525665,1.8284271247461903,,0.0,1.0,,0.0,,0.0038061966188251972,0.0005196508811041431,0.5434480567689473
2215_right.jpg,2215,0,69.0,0,4,0.0680460278822748,0.0187088857148604,1.326465283213157,2.7358330251908014,5.796213451463517,1.0773026167002375,2.212878955521133,29.0,1.0781369284461564,0.0122110684181938,1.3046230282760232,0.0006832457147538662,0.3319687150463116,0.5023448504204872
2235_right.jpg,2235,0,64.0,0,2,0.0792724839013096,0.024631900730772,1.4075840361111016,2.324795038309143,5.4209877796491694,1.091071831650398,4.069893640112872,31.0,1.1050191629666783,0.0123815208740322,1.3225705189028385,0.08215085417032242,0.6585340932156795,0.5486410262743465
2329_right.jpg,2329,0,53.0,1,2,0.0389919921816568,0.0099673903287892,1.2397445049653253,2.87571600990472,6.392111528098484,1.0759454669979638,0.6980663561933445,24.0,1.0819002341256856,0.006053232545848,1.283241078238221,0.008855289779603481,0.30824535588005153,0.4159318271582714
2330_right.jpg,2330,0,32.0,1,2,0.143255018202797,0.0249865717070841,1.4892455880659066,4.517790982906048,7.99859163596356,1.0802750920585624,3.431674856267531,20.0,1.0821379025667963,0.0220920285674498,1.487703635445708,0.00018786672444548458,0.3029134024837108,0.42799089427702397
2331_right.jpg,2331,0,59.0,0,1,0.1485675306957708,0.038588247183063,1.5259538886376078,2.9553744138879385,6.524191315667985,1.0800161213919464,6.417058258804508,26.0,1.0945786758643905,0.027659036935981,1.4690936419160014,0.0019199829548597336,0.34742962454360443,0.5324226954959468
2332_right.jpg,2332,0,59.0,1,0,0.0238207153796,0.0069293869691134,1.195018380552925,2.60894688026416,6.585824922146976,1.0716835924549826,0.8592237671402506,18.0,1.07815387057337,0.0035986313070815,1.2150796390439604,0.004232407547533512,0.2878577149812035,0.42793836313534545
2333_right.jpg,2333,0,30.0,1,4,0.1255038254531412,0.0316776482513938,1.4761012880001665,3.0266730727685283,6.563473255681403,1.079275954431156,4.766731832114498,26.0,1.0822166680883338,0.0217761204836724,1.4373677267961102,0.03295312449336052,0.3876109100954545,0.5156321714826625
2334_right.jpg,2334,0,63.0,1,1,0.1524666809706054,0.0384010857687452,1.5304630966792443,3.01889837817261,6.812287525520432,1.089999992776014,6.187285129059783,20.0,1.0975186282130611,0.0247591200083827,1.4729679711167338,0.021543102338910103,0.49449723774938903,0.441414366943759
2335_right.jpg,2335,0,55.0,1,2,0.0754102657150921,0.0220606023950647,1.3740028650522007,2.463699905770033,5.379263027990532,1.0771244068702452,2.5704608685133663,22.0,1.081553819744912,0.0139913713156727,1.3036159799884042,0.003030017949640751,0.3061508732162578,0.41478833919539365
2336_right.jpg,2336,0,44.0,1,0,0.117243023603833,0.0292042266739038,1.462362767424081,3.013909752442624,6.748063573255885,1.08403418001342,4.869907522485276,19.0,1.088298477916352,0.0189672752360129,1.4277206552416437,0.7808358073234558,0.39209240828526665,0.43461971255242715
2337_right.jpg,2337,0,61.0,1,4,0.1244157912928482,0.0278216090848524,1.4680947743548003,3.492030099753788,7.635843801860002,1.0838776883739225,3.90724794493786,6.0,1.0947637124191716,0.0215399566195292,1.442588527527227,0.0007534500909969211,0.12867926624248383,0.4481153327870068
2338_right.jpg,2338,0,64.0,0,2,0.0724351705223824,0.0161205720879812,1.3381995132118285,3.447697316449132,7.342700942232714,1.0816815683351388,2.2479880506946284,20.0,1.086027208017461,0.0126536749609099,1.336538872428631,0.014074845239520073,0.29078352655917267,0.5486410262743465
2339_right.jpg,2339,0,35.0,0,4,0.1302567938422039,0.0367223786155066,1.4983035603653971,2.660988015671798,6.748319844010827,1.095207795738453,6.822902715515281,31.0,1.116639419847376,0.021034756371833,1.4194110095962262,0.004750415682792664,0.8312650253102071,0.576012911653298
2340_right.jpg,2340,0,61.0,0,2,0.1125530309710668,0.0289478067468132,1.4555491000706748,2.9253912290166992,6.762858590397605,1.0818336531995156,4.849945621821816,18.0,1.0997760502928613,0.0196545271058071,1.4108672730395766,0.0009208670235238969,0.3264278481714456,0.5503895407216627
2341_right.jpg,2341,0,69.0,1,2,0.0007561471536131,0.0005440570983314,0.5841351474483817,1.021061706561344,1.2259346703853244,,0.0922130675137973,3.0,,0.0,,0.005069195758551359,0.0006825088699173666,0.40681025138487065
2342_right.jpg,2342,0,76.0,0,3,0.0667991868534633,0.0157071470773791,1.3692762994006735,3.205160492118861,6.1397610872045085,1.0765398113009172,2.052894581359717,17.0,1.0897006095548076,0.0117615838332048,1.368238970129336,0.005310378968715668,0.13221502801915325,0.5252512452124745
2343_right.jpg,2343,0,53.0,0,4,0.0682635227314627,0.0191548984181999,1.3912180195382575,2.717015911173978,6.437884054140009,1.0745589042558554,2.581025773385937,22.0,1.0860660096951251,0.0110707569779875,1.3548042197574564,0.0006589975673705339,0.4080769810348239,0.5372226509821401
2345_right.jpg,2345,0,60.0,0,4,0.1110910883853173,0.0303644636662612,1.4618734009605918,2.709615713632544,5.771494471046002,1.0978508849513384,4.955624633959544,18.0,1.0979727451685724,0.0200227257937759,1.4067529814940236,0.012030004523694515,0.40296840841473736,0.5219882385490794
2346_right.jpg,2346,0,47.0,1,0,0.0446403544464035,0.013047606130476,1.263780111129084,2.430161182973535,5.592811261396024,1.0906929601605726,1.1754600117546,33.0,1.0927362234632003,0.0077128260771282,1.25360081107434,0.0017839837819337845,0.4904092222304988,0.43328146015341057
2347_right.jpg,2347,0,74.0,1,0,0.0806433472050388,0.0225304444739828,1.3639812192011718,2.572354605317765,5.957636943237108,1.0814630632444526,2.9140806331223605,22.0,1.0929318494438671,0.0132820727804419,1.3164528388947172,0.0009831814095377922,0.36967533693931826,0.42128319154056554
2348_right.jpg,2348,0,67.0,1,0,0.1075010230734642,0.0275497264225773,1.4388249692186126,2.964866720293543,6.638935426611207,1.0885189396243775,3.839683125097887,13.0,1.0942338389750812,0.0173897227849827,1.400067059931026,0.0002817827626131475,0.2850466869391432,0.4243855333672336
2349_right.jpg,2349,0,45.0,0,3,0.1165656882115444,0.0280499451734993,1.4595285349721223,3.2187334476725526,6.813174504271975,1.0873383082860113,5.81110375599428,33.0,1.0979503412527205,0.0201215783968428,1.4273862885808395,0.34961575269699097,0.5981583270570758,0.5286408663886957
2351_right.jpg,2351,0,51.0,0,0,0.0635972056321714,0.0148767510044521,1.306557247794314,3.174190993830849,7.263997214779708,1.082174825678336,2.352770840120172,21.0,1.089137864370483,0.009923866748712,1.313903879299228,0.018907925114035606,0.3789002362689062,0.5488496731149765
2352_right.jpg,2352,0,40.0,0,4,0.097784525983394,0.024011057192724,1.43696192746511,3.069975348484147,7.690775692973732,1.0825449732508028,5.246113336225421,29.0,1.092624093300469,0.0166261438040374,1.4390354342129887,0.0024404828436672688,0.5727435343517658,0.5653106101075531
2353_right.jpg,2353,0,51.0,1,0,0.0822659127772135,0.0221669774186865,1.3979075863014554,2.7572797665033417,5.920349264868186,1.0818852603688065,3.132784590742116,24.0,1.0868404386489157,0.0146432415225333,1.386872598642188,0.013966521248221397,0.30398673762883766,0.43149863967798857
2354_right.jpg,2354,0,33.0,1,2,0.1275512525594681,0.0297479713845142,1.479004871820612,3.2380631325741294,6.99368913946329,1.0914383494495856,4.449050784903561,18.0,1.0980509812824022,0.0226345458681968,1.4583524343199734,0.002445138990879059,0.2779419993387472,0.42741458946725513
2355_right.jpg,2355,0,35.0,0,4,0.0959363147118386,0.0246707765980062,1.4248958946086734,2.9906198907103074,6.733949520202863,1.0773618518436252,4.083824697629144,20.0,1.0926719292910076,0.0162178189019546,1.4143804207090578,0.004552713129669428,0.30093712504608167,0.576012911653298
2356_right.jpg,2356,0,51.0,0,4,0.0960915002765223,0.0243005892785628,1.4202709694363476,2.965711630525766,6.046292557240551,1.074486917634213,4.100158285180312,16.0,1.0746976769394625,0.0178309209146213,1.3903441392378115,0.0076890443451702595,0.18865358415412184,0.5415638542622603
2359_right.jpg,2359,0,46.0,0,3,0.099649846144518,0.0238033883575106,1.4203240556698755,3.242144175110746,7.58856543344318,1.0719039967983368,3.334798623637659,21.0,1.07652952682245,0.0171388438354226,1.40359089772153,0.0041557662189006805,0.334804704891601,0.5285315632983314
2360_right.jpg,2360,0,66.0,0,3,0.0030996032913627,0.0014559511368594,0.8687949364002236,1.3461191320410657,2.9500402199818407,1.1119454225684031,0.0,11.0,1.0647609186655056,0.0001166790109678,0.8274973214800823,0.009200159460306168,0.2429921499126982,0.5263449407981334
2361_right.jpg,2361,0,46.0,0,3,0.0837202329574879,0.022123692794127,1.3921574289152534,2.843221815315517,6.8277351081738775,1.0858546667194378,2.1351407830060967,28.0,1.0890827603705386,0.0132833013819358,1.3488663588538443,0.0018208399415016174,0.527774961692901,0.5285315632983314
2362_right.jpg,2362,0,56.0,0,0,0.106744914339851,0.026890181320561,1.4307120163693274,3.0127645406177925,6.900623596811382,1.0793414222254756,5.105397510460802,24.0,1.0892162117200526,0.01819521566357,1.3820694174056791,0.2928104102611542,0.4837505628444617,0.5466003242466938
2363_right.jpg,2363,0,66.0,1,0,0.115613561204655,0.0252139449170726,1.4606395494940851,3.607663572367359,7.492469377345869,1.0820966960572047,3.736147224396032,8.0,1.081388146500062,0.0201196576881326,1.4490830830369368,0.0010687154717743397,0.13751946105743332,0.4248292178361925
2364_right.jpg,2364,0,58.0,0,3,0.0765763230230878,0.0217415777771523,1.4031613234189118,2.5547771622996125,5.378325049820095,1.0829422462537523,3.2835176793973337,28.0,1.0883074257746428,0.0133779891737731,1.3844374059332365,0.30953559279441833,0.37690017737503784,0.5272197157890441
2365_right.jpg,2365,0,56.0,0,3,0.1089725914079303,0.0275940901320044,1.4446142889403455,2.990257568787776,6.47259402203491,1.083503565352279,4.41184580598908,17.0,1.097060847802222,0.0198232253600918,1.406376230291111,0.006360095459967852,0.22091351586941116,0.5274383836361386
2366_right.jpg,2366,0,59.0,0,3,0.1265024948990929,0.03133775075251,1.4793093108712978,3.1078175822833534,6.507761310993699,1.0785864945087933,4.898890931496333,23.0,1.08443709004157,0.0220854124159107,1.4473899824539092,0.01902025192975998,0.3248466179835486,0.5271103779439077
2367_right.jpg,2367,0,75.0,1,3,0.0440488468379594,0.0119077868954556,1.3388428411972586,2.7738069446000453,7.091895010473123,1.082004808700766,1.5445246600800164,9.0,1.0801977017387572,0.007877075766408,1.3311220119036733,0.0011960839619860053,0.17794125219026752,0.4616631383577404
2368_right.jpg,2368,0,57.0,0,4,0.1112674755356085,0.0288410860505425,1.4318816119657063,2.9585288370512663,7.398187355091459,1.09706109622832,4.183804871687594,22.0,1.1219683572051415,0.0189901273072053,1.377246505999462,0.0027444344013929367,0.5131848069181438,0.5285239463257686
2369_right.jpg,2369,0,55.0,0,4,0.1124707384549904,0.0224819870489161,1.4395913438981522,3.989989680733327,8.347885681412638,1.0885830043278313,2.786813810435857,20.0,1.1065704057057448,0.018702054135125,1.4495924455811016,0.004356919787824154,0.14381773869300415,0.5328757970826702
2371_right.jpg,2371,0,57.0,1,0,0.0818045902699208,0.0202339582996605,1.3826752279185397,3.137249294533856,7.799136985895261,1.084114289988094,3.333602715370939,18.0,1.0801336961136514,0.0142839825440439,1.3493228796300532,0.013014284893870354,0.4799674267116859,0.42882774789133576
2372_right.jpg,2372,0,80.0,1,4,0.0665188916876574,0.0158740554156171,1.314471193395105,3.074836259445486,7.8450229672028975,1.1024672041451646,1.6624685138539044,25.0,1.119369583441167,0.0101460957178841,1.320697434458594,0.0012870609061792493,0.485527031450166,0.4075058672279084
2373_right.jpg,2373,0,44.0,0,4,0.1222822106959055,0.0314139827576628,1.4737343672740568,2.884083018270516,6.060714519290601,1.0793526761819672,4.5454315887293495,26.0,1.0847172445943267,0.0209847425013005,1.4294676553613024,0.000923184968996793,0.38673836334318246,0.5567042132051743
2374_right.jpg,2374,0,47.0,1,0,0.1273858095332869,0.0294606428500348,1.4778483027424445,3.374392611195812,7.728167395663825,1.0819412618172923,6.368792914717883,24.0,1.082310796247563,0.0203900885660264,1.4379791136712747,0.009178312495350838,0.6087808284563858,0.43328146015341057
2375_right.jpg,2375,0,73.0,0,4,0.0266893752937549,0.0089503661513425,1.1764482116322137,2.1927925647879443,6.644719305206141,1.0851780728327949,0.9096927765339694,24.0,1.089924806613804,0.0036741480474455,1.2319977943487894,0.029393060132861137,0.4942884489379368,0.4936085215612129
2376_right.jpg,2376,0,65.0,1,3,0.0399198690592145,0.0104029642423207,1.2224347041503785,2.7987078886269448,6.363460820474419,1.0988020723071232,0.9539397712552844,23.0,1.0956646207308256,0.0061955877775211,1.2230341068778758,0.21385285258293152,0.3549659079040531,0.46275348851821124
2378_right.jpg,2378,0,80.0,1,2,0.0877039876913764,0.0224027038615784,1.3889797155101622,2.986036484952181,6.71811941627899,1.0694308475793826,3.077155900824778,21.0,1.0753090516523596,0.014699725073776,1.3638582329077618,0.0018074249383062124,0.344590367660433,0.400575836782338
2379_right.jpg,2379,0,66.0,0,0,0.0313449445950282,0.0080154574067878,1.1812964035419045,2.8572684214310446,6.715925970495856,1.087936933748422,1.5020448292106754,12.0,1.1201868277725036,0.0048065434534741,1.2277301953022943,0.005282428581267595,0.17547787556289413,0.542096003932628
2380_right.jpg,2380,0,67.0,0,1,0.1310632117244788,0.0343392876955508,1.4932775404190184,2.847982148825674,6.050309612823167,1.0909553629386026,5.648406846676013,23.0,1.1032435289035922,0.0227348375578709,1.4379305658859136,0.004122084937989712,0.4246666548962389,0.5231099086571211
2381_right.jpg,2381,0,35.0,0,0,0.1267539663557362,0.0276100215259507,1.4771836136585603,3.610916824852549,7.664114370093035,1.0898810857665588,4.63405883759866,22.0,1.1046550537547024,0.0204845332057721,1.4443349695052117,0.017622219398617744,0.3965874218054158,0.5560337437368715
2382_right.jpg,2382,0,47.0,1,0,0.1217895845947737,0.0303985277500989,1.483942283089323,3.047233663864161,6.243413028291123,1.084801010003436,4.100177833294397,23.0,1.1018458033003329,0.0217166395705302,1.4458425015341747,0.0013290345668792725,0.25813201710207545,0.43328146015341057
2383_right.jpg,2383,0,42.0,0,0,0.0815871689252382,0.0208445266949236,1.386755966162629,3.012361121435752,6.805408763800145,1.0778690286958597,3.830617077587408,16.0,1.0768808346468397,0.0143225280082781,1.3527083211246909,0.0025838776491582394,0.30995932924632535,0.552893414404661
2384_right.jpg,2384,0,65.0,1,4,0.0012087153790991,0.0005502361054108,0.6031898170851953,1.6813953475139212,4.602378596455089,1.082373847535961,0.0902026402312795,4.0,,0.0001262836963237,0.8692803572458798,0.01148182712495327,0.027548360469119775,0.4394892346927792
2385_right.jpg,2385,0,74.0,1,3,0.0619452910330642,0.0150297005308066,1.317931384292454,3.2215992357327705,7.791166612995686,1.0827422921426684,1.7675699127463216,20.0,1.082174297863413,0.0100912173200426,1.3298330522545665,0.00028586521511897445,0.3366635900759654,0.4617721570444871
2386_right.jpg,2386,0,62.0,0,4,0.1170010007392395,0.0257627493676233,1.450066951498531,3.5818043223516005,7.905158144465076,1.0833887293107916,4.777398379707623,20.0,1.1054874915265294,0.0195169295912055,1.4164272834848373,0.00107495894189924,0.3150340660254901,0.5176267747770391
2387_right.jpg,2387,0,64.0,1,2,0.1147719448424735,0.0321891806390382,1.4836681328974577,2.6500280643092395,6.519642689864258,1.0898175805149888,4.419673595474254,43.0,1.0978265057122476,0.0187905912127584,1.4062286848658063,0.13774758577346802,0.8112270331819633,0.40965416114161035
2388_right.jpg,2388,0,54.0,1,2,0.1146143524822801,0.0279527735795412,1.4523246938381444,3.0994378049302043,6.855637713205119,1.1413030981933094,3.7410028880542296,26.0,1.126120276281291,0.0207999760575815,1.4112326121370982,0.0005475186626426876,0.6150207199234622,0.4153599692395619
2389_right.jpg,2389,0,64.0,0,1,0.118350371676765,0.0310126486328055,1.4666396219713675,2.877637237801874,6.241983530966085,1.078939594688558,5.508194070353283,30.0,1.0761920986715463,0.018985582681025,1.392617070703067,0.19635850191116333,0.5621232379404233,0.5266044370500759
2390_right.jpg,2390,0,67.0,0,0,0.0433332322527822,0.0129231484570053,1.297794452444917,2.465437803850976,5.535748743358933,1.083633732283085,1.2635068886395568,14.0,1.0953722862800053,0.0085716307325307,1.3240485162113738,0.00010497502807993442,0.1243917310169822,0.5416451808376389
2391_right.jpg,2391,0,52.0,1,4,0.1126298927620129,0.0280212906412582,1.4728256870887086,3.0574014071158424,6.30649779490835,1.077197594743591,4.15472184137272,29.0,1.0833546395589804,0.0193471547079923,1.4367806445296083,0.001954530831426382,0.36836347624039867,0.46763078410486913
2392_right.jpg,2392,0,68.0,1,1,0.1423447148565201,0.0353452798966783,1.5125638493914757,3.0273845756336324,6.752663981504049,1.0873303762493085,5.650401582112443,14.0,1.0974284500928606,0.0254772571336319,1.4602047009139596,0.0012093620607629418,0.2617407983436687,0.4356639876031127
2393_right.jpg,2393,0,64.0,1,0,0.1048955649916239,0.0256342775587462,1.4286070791170482,3.013716557599014,6.83576319128708,1.0807692363306496,3.036637025715254,19.0,1.0877519855776334,0.0184475699312201,1.393306751198485,0.019309012219309807,0.2819744463864132,0.4257169495512218
2394_right.jpg,2394,0,73.0,1,3,0.0684134355979809,0.0172911970712373,1.3237010856668932,3.0256590895734137,6.204576781227624,1.0808474568470794,1.664069709392917,30.0,1.0914536909224477,0.0128183793978084,1.3089184577503976,0.13793085515499115,0.2814870783964095,0.461881179387454
2395_right.jpg,2395,0,70.0,0,3,0.0354402220498795,0.0099697946854973,1.210450768338552,2.551339438679348,5.431002611725378,1.0794919690929767,0.7143148699946936,26.0,1.095728146699044,0.0056532919711008,1.1646820529668112,0.0013044208753854036,0.35475145437976374,0.5259074923092817
2396_right.jpg,2396,0,62.0,1,3,0.1501919504643963,0.0335950464396284,1.5202772001507292,3.468552927313234,6.9923237054429865,1.0890826382683452,5.993808049535604,14.0,1.0967605217864589,0.0256445820433436,1.484919873792755,0.008193503133952618,0.2393444347381558,0.4630806635223706
2397_right.jpg,2397,0,58.0,0,2,0.1073834917168033,0.0285491005455337,1.456900194987652,2.761388054101878,5.767908771996839,1.0810813857051198,4.207974110940231,23.0,1.084688385433746,0.0192114056136378,1.4148547575227275,0.006207951810210943,0.2902914477663027,0.5521368109605976
2398_right.jpg,2398,0,55.0,0,1,0.1127764512269613,0.0293148098601147,1.454399591246576,2.9297202949365486,6.689368415106966,1.0827408261370586,4.29095718634365,21.0,1.0908983102150027,0.0193799819274979,1.414963781815501,0.0003993737627752125,0.39825859613126324,0.5370710381700758
2399_right.jpg,2399,0,66.0,0,4,0.1284450665936317,0.03049207266973,1.4749454887011446,3.2311352007372403,7.076101825181818,1.073779628974899,4.209650751143706,18.0,1.0888602279473625,0.0229958512116693,1.4386816384583605,0.0007065123063512146,0.18975100122724248,0.508896449259807
2400_right.jpg,2400,0,68.0,0,2,0.1471583131860351,0.0327199114742577,1.4980490325762437,3.5115390944385285,7.508257602313892,1.092160212198451,4.929751047572098,25.0,1.1057833497435643,0.0258182600076568,1.470362876440859,0.0018303171964362264,0.38069619697086793,0.546307811428911
2401_right.jpg,2401,0,57.0,1,3,0.1171398389681019,0.0288047955764244,1.455729921488276,3.1172478350042505,7.393250573347239,1.0909174811048945,4.296205692219824,36.0,1.1026926799226686,0.0179682485127546,1.4078206242917315,0.06781754642724991,0.7888978489847842,0.46362602570767564
2402_right.jpg,2402,0,57.0,0,0,0.1524980923841913,0.0378541722463376,1.5313251448293952,3.0697727393098253,6.577090841552619,1.079659987759493,7.83259471122992,24.0,1.0872909371809054,0.0252765411261755,1.4847352891831658,0.0073412139900028706,0.49766613627205697,0.5461502230581671
2403_right.jpg,2403,0,55.0,1,3,0.12679286618971,0.03236328249165,1.4858208478488708,2.9503675182804594,7.556518825970069,1.0915522071532011,5.330307935312557,20.0,1.1079679588496203,0.0199226371820764,1.418402853997857,0.0013262218562886119,0.6364042980425195,0.46384419502000407
2404_right.jpg,2404,0,36.0,0,3,0.1200483948351029,0.0301320428043972,1.4660508612734264,3.0294611928538684,6.893037035627986,1.0881443040056804,5.580007926740232,22.0,1.107770511177664,0.0208807025595027,1.4409898479377836,0.005014750175178051,0.4118360521621672,0.5296244693666351
2405_right.jpg,2405,0,62.0,1,4,0.059182169642767,0.0162364864182825,1.3528454111191166,2.711452850294092,5.794076239664437,1.0923125907616893,1.8169521636872017,13.0,1.0993866008502184,0.0113155743082964,1.3152036791018065,0.0004425167862791568,0.20462929253489348,0.4459556712901659
2406_right.jpg,2406,0,53.0,0,2,0.0199781742506915,0.0071212851813313,1.1342034424587744,1.999651020864675,5.035742594534834,1.0860920216041536,0.2030302261249143,27.0,1.102629914007092,0.0025835596274395,1.1660003348417818,0.0065203336998820305,0.42087977996173664,0.5550460485269826
2407_right.jpg,2407,0,56.0,1,0,0.1262060395429425,0.0319606793222941,1.4852020150441758,3.043835987831248,6.721878624611048,1.0791172183034332,5.354562996938807,16.0,1.0820437481195055,0.0235045109667511,1.4466013937922095,0.0018800802063196898,0.2560946225011398,0.4292726130887626
2408_right.jpg,2408,0,78.0,1,3,0.1169128195179726,0.0290482486815975,1.4597899951936226,3.017220042285435,6.328053324747316,1.0866245297712287,4.186215099984174,25.0,1.0916238307072514,0.0205992413761416,1.423912815050467,0.0018009566701948643,0.3343157873161047,0.4613361043378517
2409_right.jpg,2409,0,52.0,0,3,0.1191819784683314,0.0328229118777817,1.475222309515012,2.67558923872706,5.703961480637716,1.0823175847453002,4.7994099251797255,35.0,1.093030247570548,0.0219459333841902,1.4145441594802872,0.21133551001548767,0.49318046883966316,0.5278756876657557
2410_right.jpg,2410,0,61.0,1,4,0.0800149569986289,0.020874984419793,1.3907911632235452,2.81895236641406,6.352110785652867,1.082339939790196,2.5925464290165774,20.0,1.0825341809521352,0.0140296647139474,1.352728383942057,0.005594629794359207,0.3273635395054211,0.4481153327870068
2411_right.jpg,2411,0,75.0,1,0,0.1042385977080666,0.0269228219238164,1.4334399939811184,2.975757867917848,6.726503306875704,1.0787137914075045,5.813983139448895,27.0,1.090430570965968,0.018196747229433,1.390698543334298,0.010343204252421856,0.5277769624580454,0.420840500773534
2412_right.jpg,2412,0,60.0,1,0,0.1338545022551546,0.0340538418170103,1.4965033421026004,2.976871839425443,6.517837633226399,1.08634551481916,5.28551868556701,18.0,1.0982658676756831,0.0240918975515463,1.4522549394348023,0.0014790249988436699,0.28407823011569117,0.4274938449530914
2413_right.jpg,2413,0,53.0,1,4,0.1010581030260845,0.0266804208375689,1.4307833806801664,2.817718163431547,6.044351959694928,1.0886473298479251,4.30652438444243,13.0,1.0956641119560169,0.0193142611055749,1.3924344970905709,0.012580398470163345,0.20911383355708593,0.46545639331195343
2414_right.jpg,2414,0,60.0,1,3,0.1140862684916217,0.0291879879820029,1.4576216182279362,2.981015105649795,7.487850885531698,1.0954218211269815,4.384675558921569,16.0,1.1042204135207958,0.0199652215506803,1.409864635945836,0.0058419289998710155,0.3567138668228312,0.46329879787134787
2415_right.jpg,2415,0,66.0,1,0,0.0242434217088594,0.0067378857701438,1.1849894925602913,2.559467452280102,6.526446061196087,1.086998993070292,1.2967063658307898,29.0,1.0840491726164003,0.0033115885650447,1.2309242600248556,0.005191778764128685,0.5428591997690753,0.4248292178361925
2416_right.jpg,2416,0,72.0,1,0,0.0260239220650989,0.008720262389958,1.1701177132715803,2.1221294993533744,6.248596151420785,1.0778931426778022,0.8798471021258084,25.0,1.086672875635027,0.0036269252765408,1.1516322690259042,0.065326988697052,0.5207259231401555,0.42216895215350453
2417_right.jpg,2417,0,51.0,0,0,0.1316572756904262,0.0337114991030143,1.4951594561326984,2.889060481442748,6.322390996438298,1.0911928670453266,5.963059352654319,29.0,1.0974076014140004,0.0235894585238901,1.440536201759301,0.0076534138061106205,0.5265602988508916,0.5488496731149765
2418_right.jpg,2418,0,40.0,1,4,0.1226432335292863,0.0313626349080645,1.4748327554470502,2.925469072294758,6.533685123721583,1.0777910811027718,5.685683246525134,27.0,1.0820152803749272,0.0195648421715248,1.421826296773706,0.0028448053635656834,0.6087310062931741,0.49379585064252124
2419_right.jpg,2419,0,69.0,1,2,0.0632225910248992,0.0140229605042784,1.3577989465974516,3.50696102358403,7.646054482139502,1.0851872809845995,2.8421490707187598,6.0,1.0848164945632628,0.0111148329729894,1.3624359289055787,0.0069100032560527325,0.17875737723011778,0.40681025138487065
2420_right.jpg,2420,0,64.0,0,1,0.1493712201209561,0.0390101200972095,1.5279663511466255,2.882237055171725,6.245831409960681,1.0924071256964496,7.0734578598748,21.0,1.093293127684065,0.0258787508273419,1.4656800135791606,0.0035511355381458998,0.43418460528952135,0.5266044370500759
2421_right.jpg,2421,0,51.0,1,3,0.1081606675624071,0.0308777920332973,1.4564597157846404,2.557521217834539,5.783534653998365,1.0845113299782996,4.040934668188752,27.0,1.0942269993300455,0.0194571004273288,1.3861032590607028,0.11488354206085205,0.41115230900450234,0.4642805750842723
2422_right.jpg,2422,0,63.0,1,3,0.1201585957582733,0.0273182207665123,1.4523066629945531,3.382803361238146,6.79643316639446,1.087369196157954,4.208263406868089,14.0,1.1016933255804855,0.0206458416780323,1.4130357447018582,0.017556071281433105,0.18899695511564152,0.46297160164142315
2423_right.jpg,2423,0,32.0,1,1,0.1453654139298393,0.035049959232456,1.5200774822009455,3.209239942409934,6.78410694973516,1.0782072168450816,6.431649794136564,13.0,1.0853461588777804,0.0261216138883121,1.4813153964112211,0.0011552035575732589,0.18609548344151933,0.47735926419775965
2424_right.jpg,2424,0,58.0,1,3,0.0492262526745285,0.0147036871174802,1.2644481050318306,2.3807957401412323,5.389468647354617,1.0813999607417009,1.5425187838980945,34.0,1.0857236359731648,0.0077225456535801,1.1932090515825902,0.0012425362365320325,0.605024332926289,0.4635169462676175
2425_right.jpg,2425,0,68.0,0,0,0.1168447580645161,0.0248891129032258,1.4576313070617577,3.6642930162399288,8.298764901562846,1.0933103214885596,4.082661290322581,13.0,1.087904787449406,0.0195715725806451,1.4254139447697929,0.0015496041160076857,0.359387755835785,0.5411942895470953
2426_right.jpg,2426,0,54.0,1,2,0.1202776496118685,0.0294381600896429,1.4645084325069186,3.1112975095622115,6.406525067050558,1.071409789140581,4.613972731928184,22.0,1.0762666925985838,0.0209859704807151,1.421435267374315,0.003251290414482355,0.2870635029933872,0.4153599692395619
2427_right.jpg,2427,0,51.0,1,1,0.1051543786952347,0.0278437515791601,1.4374509410215808,2.8192359606708166,6.229924065441026,1.0859341270073168,3.941583708120673,20.0,1.0876783564430732,0.0178533528728081,1.4185833323910344,0.015629103407263756,0.37015006015644686,0.4552766796093153
2429_right.jpg,2429,0,68.0,1,1,0.1025897319400272,0.02959765763037,1.4357779865490885,2.5581432068783303,5.432904881800083,1.088438510042555,3.937604119339694,28.0,1.101583957902342,0.0185925589378565,1.357519115689236,0.013164824806153774,0.44718196492963974,0.4356639876031127
2430_right.jpg,2430,0,45.0,1,2,0.146311512689124,0.0313261170572956,1.5063335400341438,3.759039743993531,8.171846080353538,1.0896710487759491,6.36730238622237,32.0,1.0981394100809971,0.0238015827294502,1.4749034525705735,0.036223042756319046,0.6467681780507952,0.4205147195285943
2431_right.jpg,2431,0,51.0,1,3,0.1237360728102871,0.0326272513308484,1.4807049815430533,2.826239895920382,6.516964863329439,1.0899347490241231,4.798125195713001,31.0,1.0965176761857027,0.0219198561572572,1.418558581417359,0.07399189472198486,0.5438781274487854,0.4642805750842723
2432_right.jpg,2432,0,45.0,1,3,0.1367772483382718,0.0338652198286217,1.5000583423095497,3.082506845992616,6.778659600723612,1.090922014164006,5.105309521902779,27.0,1.0997167544931603,0.0238247777688796,1.4451889750139677,0.0030029662884771824,0.46034963010068075,0.46493524753960525
2433_right.jpg,2433,0,33.0,1,0,0.112915499893063,0.0241727305735303,1.4414303462197229,3.5461103805663527,6.723319498692997,1.0858363939314524,2.8848114676229653,28.0,1.0936361876161245,0.0198106966819694,1.424573249477306,0.0011558557162061334,0.25541340162635084,0.43953465373405975
2434_right.jpg,2434,0,54.0,0,1,0.1201716087562913,0.0344127099630101,1.4863677608094734,2.54407716481114,5.733939286375741,1.0831611664928769,5.103793988640269,30.0,1.0872690474891429,0.0206981585915549,1.4053492981392572,0.00940657127648592,0.574890416441145,0.5382321495884841
2435_right.jpg,2435,0,28.0,0,2,0.1642075370637992,0.0418591019797677,1.553215638339988,2.997312689197728,6.330794974783723,1.0805242764259624,8.640640316924538,38.0,1.089531388553705,0.0293175410051439,1.4966269897046298,0.01577003486454487,0.5144503817119719,0.5695318610286936
2436_right.jpg,2436,0,42.0,0,1,0.1300565484954506,0.0312938275794948,1.488307277977159,3.215317305365453,7.079207634470657,1.087322664320873,5.240593135322097,20.0,1.092922052199836,0.0230636008364984,1.4537621688912403,0.01708795316517353,0.33273637221475544,0.5521296037374803
2437_right.jpg,2437,0,74.0,0,2,0.1140089343467011,0.0241955045278137,1.4374362429507388,3.62404821475951,8.081533001988094,1.0791122716203203,5.154430789133247,16.0,1.094799341078124,0.017065208602846,1.4184778087362429,0.0013597573852166533,0.46770388161303816,0.5428042032533757
2438_right.jpg,2438,0,56.0,1,3,0.1175290814279984,0.0303055451816811,1.4900699794129255,2.941684083128995,6.863990972682948,1.082738148687889,4.702823077029476,28.0,1.0983702346587556,0.0191248138465865,1.4315700510913716,0.000236920386669226,0.6029750875305568,0.4637351086285806
2439_right.jpg,2439,0,58.0,0,2,0.1331483772103341,0.0362116712655305,1.505203076713102,2.7299038547818,6.275940113218429,1.2354863716173796,6.560266817569496,29.0,1.1067367524589091,0.0245133634137425,1.452238176385948,0.0038956422358751297,0.9568133170113406,0.5521368109605976
2440_right.jpg,2440,0,59.0,1,1,0.0901920282701255,0.0226049624600679,1.401742585636511,2.996473940508716,6.027965149665053,1.069890308541552,3.645145122340183,10.0,1.0741385123547276,0.0161044536585612,1.368084896754745,0.0018184547079727054,0.12116272539023001,0.446026087699713
2441_right.jpg,2441,0,60.0,1,2,0.1019962932475494,0.0263361226561355,1.4278875974917873,2.9342522484195053,6.245464056556922,1.094634681451053,3.3330471626173512,15.0,1.0972227430612436,0.0180338051783432,1.3877131565377296,0.014798471704125404,0.28081667748449307,0.41193365766143264
2442_right.jpg,2442,0,54.0,0,2,0.123896666885607,0.032426751817626,1.4786180012408043,2.93269343457326,7.216575702976851,1.0772939064233658,4.59774760891862,28.0,1.087794319695504,0.0196692653203518,1.4095768722398692,0.002933630719780922,0.6808485626805387,0.5544644962375241
2443_right.jpg,2443,0,46.0,0,3,0.1246355721958638,0.0316502705734337,1.4727398354689063,3.004435142878051,6.625191529604009,1.0892375496800342,5.103252439203084,19.0,1.0907975828842065,0.0214892402217135,1.4323217217809547,0.011160583235323429,0.34362213014897486,0.5285315632983314
2444_right.jpg,2444,0,65.0,1,3,0.0854720371712518,0.0230334680261707,1.401090181979252,2.7730330333034,6.452894304415122,1.0864664281583165,3.62379992653118,20.0,1.0952058759643504,0.0152249238009193,1.3913079793464735,0.003496614983305335,0.2991624931347328,0.46275348851821124
2445_right.jpg,2445,0,58.0,0,1,0.0723879286556455,0.0216491483330406,1.3866759156917927,2.399578656332264,5.540007685209886,1.0834080595463835,2.25773273461606,27.0,1.0972035261235478,0.011950931941901,1.3065504222603033,0.0022967893164604902,0.5299387049843415,0.5335853407446928
2446_right.jpg,2446,0,53.0,0,1,0.1284816812142102,0.0318159074483086,1.4796654060837036,3.075725213855009,6.317355230125388,1.0999298977259844,6.014444775772401,12.0,1.0954503402020546,0.02354730942044,1.4437333781827606,0.0009663089294917881,0.22294206186465818,0.5393928463794297
2447_right.jpg,2447,0,34.0,1,0,0.135217424454215,0.0329834549012631,1.4898946101487311,3.1420025722481717,7.464229046740849,1.084576697940608,6.099575571199837,33.0,1.0919436465871593,0.02220753805881,1.43815763290692,0.059951215982437134,0.7400436700543073,0.43908733558881363
2449_right.jpg,2449,0,48.0,1,1,0.0602658407536456,0.0156610069502055,1.3251674141382308,2.9183957587758296,6.958228786040944,1.0714909591234656,1.935733643050716,34.0,1.0735645325306624,0.0084066146783916,1.316253406158907,0.002059701131656766,0.6039664660251558,0.45875397487420494
2451_right.jpg,2451,0,67.0,0,1,0.0022575388341531,0.0006030070616612,0.8835786699768562,2.448397135406186,5.081138830084189,1.0833375093741058,0.2990117661129965,4.0,,0.0002491764717608,0.9795516928743978,0.0010278323898091912,0.02019603645993074,0.5231099086571211
2452_right.jpg,2452,0,58.0,0,1,0.1333572514995174,0.0346948159901362,1.4955890714822926,2.9313204957153864,6.789450780069443,1.114149726742511,6.619605148132615,29.0,1.1210880876971363,0.0231888305532676,1.4455005539185626,0.6446133852005005,0.7139755459595232,0.5335853407446928
2454_right.jpg,2454,0,65.0,1,0,0.126702793329541,0.0373691406444916,1.4995187022726475,2.5229432862709764,5.679325093711237,1.0823091281865012,5.838148558426394,38.0,1.0822700805909418,0.0214813927726714,1.407831782810853,0.0005622534663416445,0.766708262838207,0.4252730234583533
2456_right.jpg,2456,0,48.0,0,1,0.0572535792814573,0.0095265100637753,1.3014007548556872,4.662045114984006,7.961237334694207,1.0787082181762668,1.3431632988090618,17.0,1.0796665581772424,0.0075018157577928,1.313260120507764,0.000742934993468225,0.14235241559628248,0.5451896764286238
2457_right.jpg,2457,0,69.0,0,4,0.0417372120465856,0.0099840952234364,1.2247293752831514,3.0656133547170388,6.218364624641471,1.081453046131892,1.0774203478528552,25.0,1.1007898582153814,0.0069057513724283,1.2596076436146058,0.18805015087127686,0.1635974153285956,0.5023448504204872
2458_right.jpg,2458,0,52.0,1,2,0.1574537925462074,0.0379507120492879,1.5358735710917633,3.2248066610473702,7.587201069876199,1.0852242003308217,6.362993637006363,29.0,1.0908708293185807,0.0268609231390768,1.4806788768074546,0.06169593706727028,0.6043231085461248,0.41650391150184235
2459_right.jpg,2459,0,39.0,1,2,0.1507299251630899,0.0354932111148728,1.5173818702961477,3.269263130184615,6.628936998824144,1.0754058051431206,6.417479800098031,16.0,1.09005399603173,0.026867511887497,1.4760088840981478,0.0012017596745863557,0.18992937656302583,0.4239609487128796
2460_right.jpg,2460,0,66.0,1,4,0.0943576124558837,0.0238864234261667,1.418085986429822,3.063814268222439,6.8990252302724535,1.087899336639652,3.694034134872181,16.0,1.089882386529313,0.0161489194950155,1.4018467720873558,0.040929991751909256,0.2968564924168058,0.43733820186153094
2461_right.jpg,2461,0,66.0,0,1,0.0271418103512733,0.00734747997388,1.219415986440206,2.589676101629308,5.330833569404846,1.0779690540074702,1.9440415127633803,24.0,1.085126970271596,0.0047454551798736,1.173575743896453,0.001643341383896768,0.25169011489940035,0.5242750198456096
2462_right.jpg,2462,0,53.0,0,1,0.1099541175068525,0.0250367457196202,1.4690715962115302,3.443159825470082,7.967849758088642,1.1012705914157974,4.270448496404878,26.0,1.1088166410304956,0.0179309180471139,1.427786588432903,0.004399292171001434,0.6540844758950327,0.5393928463794297
2463_right.jpg,2463,0,41.0,1,0,0.1254026262066184,0.0315296015323739,1.477270383758832,3.002303242136754,6.825534158542074,1.0875573974393036,5.141517755878721,22.0,1.0963967692198324,0.0192605287698162,1.412385035830403,0.0010336643317714334,0.5346437994613081,0.4359589186523344
2465_right.jpg,2465,0,62.0,1,3,0.0919089920764733,0.0218753978903242,1.4297553317876288,3.099504250984148,6.698315946929868,1.093898432815496,2.5954691922703987,12.0,1.1034174339293743,0.0154993584783694,1.4009506286895856,0.00027277390472590923,0.17392676731134182,0.4630806635223706
2466_right.jpg,2466,0,70.0,0,4,0.0781002851184299,0.0241695799792457,1.3779462435464136,2.3596405420807067,6.048487939599328,1.083776070903789,4.432936719828325,24.0,1.0956690245138854,0.01164149631764,1.3140319369538285,0.0033147677313536406,0.7309685394278572,0.5001606940517636
2467_right.jpg,2467,0,69.0,1,2,0.1258606569808001,0.0321969122509023,1.484630271876223,2.930041247352439,6.617874094996223,1.088744633829708,5.813542014215374,25.0,1.0868583586599363,0.0220510176226151,1.4293926568194693,0.005734652280807495,0.4771123226989434,0.40681025138487065
2469_right.jpg,2469,0,74.0,1,0,0.1039285179453901,0.0259971047771177,1.425630658194562,3.0339574278250563,6.173527946582013,1.0760405375788642,3.843657964358808,23.0,1.079065231856908,0.0166375480457245,1.366956108059026,0.002744883531704545,0.34852238025774135,0.42128319154056554
2470_right.jpg,2470,0,46.0,1,0,0.0626107000483962,0.0182608305185377,1.3503043493791091,2.578011807503998,6.170085158675581,1.073863382993902,3.542401548678085,30.0,1.0768615698255928,0.0111261344416227,1.3389489131297283,0.019922837615013123,0.5169144920977828,0.43372743715672
2471_right.jpg,2471,0,56.0,1,2,0.1477569795054978,0.0375566242940671,1.5256366905807488,2.992371368809942,6.547117925226821,1.092297806771439,7.633054618746383,19.0,1.0995654234540624,0.0245904092913731,1.4668010929828117,0.2626987099647522,0.47069682001422386,0.4142169384730282
2472_right.jpg,2472,0,60.0,1,1,0.1094449440700059,0.0315521962753756,1.4654523435308928,2.5011441049856464,5.456026070869157,1.097623640031823,4.496630053656417,29.0,1.1255194176476162,0.020426826187565,1.3989971684851148,0.2188168168067932,0.5324816724564522,0.444872254306597
2473_right.jpg,2473,0,31.0,0,4,0.1649062688973997,0.0376234630114896,1.5429458589265908,3.4358192881473784,7.980655974580095,1.0840581929611777,7.558959887119532,25.0,1.1004096665942522,0.0285325539205805,1.49750286418181,0.0009928959188982844,0.5068008633643935,0.5845242090266344
2474_right.jpg,2474,0,58.0,1,2,0.1294402017795838,0.0365024872136201,1.500253012342789,2.6550448137250453,6.295180703361268,1.085322839717777,5.755122058632183,17.0,1.09721015697135,0.0244917976999529,1.4398785858069931,0.006828250829130411,0.2538296933892411,0.4130748307705809
2475_right.jpg,2475,0,53.0,0,2,0.1393213175885643,0.034486016159105,1.5161719237457567,3.0684652612419,6.636094241328921,1.0817761570337463,5.270354257302673,23.0,1.092442667191102,0.0252728402734617,1.475264214822791,0.00016884518845472485,0.2825421712255339,0.5550460485269826
2476_right.jpg,2476,0,70.0,1,1,0.0312977618540102,0.007419669380258,1.2143342765391167,3.2776651832926214,7.316794449418701,1.086118187621539,0.5895825302161046,12.0,1.089531880937754,0.0053606657747341,1.2407198213410318,0.026513447985053062,0.18736058614697199,0.4333685836770771
2479_right.jpg,2479,0,40.0,1,3,0.1482465939239193,0.0308491751610779,1.500918764685608,3.82282024765973,7.297379346963729,1.0797565648070215,5.086672916957571,16.0,1.0826350609496782,0.026670124274401,1.4848668310900124,0.003347162390127778,0.13573685572698688,0.46548090032636313
2480_right.jpg,2480,0,63.0,1,1,0.1064199218652549,0.0299416733608418,1.4498132271730966,2.6445032557631785,5.732947919229037,1.0878599766953778,4.540397060217639,14.0,1.0890752948086184,0.0199827365122765,1.400054419801664,0.025340013206005096,0.24611090258759474,0.441414366943759
2481_right.jpg,2481,0,55.0,0,3,0.076037773962226,0.0228209271790728,1.3747256334083542,2.4456416202153552,6.100869437706962,1.085644548871031,2.373497626502373,21.0,1.0934606133464189,0.0131249368750631,1.332890813194818,0.00037375729880295694,0.3522753553196174,0.5275477136172481
2482_right.jpg,2482,0,64.0,0,0,0.1587300785492385,0.0405728285302957,1.54504270136119,3.0017636486895287,6.476286951702256,1.0827889377719049,7.274013083120754,12.0,1.093510516129362,0.0291566691081756,1.4962093898978717,0.015395085327327251,0.21583837008250462,0.5429974426253626
2483_right.jpg,2483,0,33.0,0,3,0.1257925770364686,0.0351207544121804,1.4881152751825286,2.664717781168548,5.651756916997896,1.0824097990341963,5.704535358022697,21.0,1.0853784686247483,0.0225101974879851,1.4234490205247463,0.004244758281856775,0.334059649382854,0.5299522862801006
2484_right.jpg,2484,0,60.0,0,0,0.1091219696018088,0.0259314156513,1.4374783516436251,3.2052735815429414,7.557653772628367,1.0968941264263583,3.26592136666248,24.0,1.1130853966024956,0.0171084034669011,1.3901504368007898,0.02091691456735134,0.544908182971276,0.5447994696732451
2485_right.jpg,2485,0,56.0,1,2,0.1272123164329013,0.0317599614477388,1.4913851880669102,3.1085844062767114,6.948180739314209,1.086680372638957,5.224845917772085,27.0,1.094401804692156,0.0212493976209196,1.4394575572038566,0.041395559906959534,0.5376624500396752,0.4142169384730282
2486_right.jpg,2486,0,50.0,1,3,0.0929892916521378,0.0234886271180445,1.406315950347411,2.9912033199284047,6.231992809499143,1.088463380720989,3.5879787551229767,15.0,1.084697770799548,0.0163429905550249,1.3855568341335396,0.19426265358924866,0.19464802773684747,0.46438967867331876
2487_right.jpg,2487,0,63.0,0,4,0.0335849844831702,0.0103047664518182,1.320283442396165,2.336515889523847,5.974918928867482,1.0728444251759406,1.4920028646455,12.0,1.07359095281312,0.0050330229967374,1.3154884763948205,0.013873925432562828,0.32252213783598127,0.5154449936262118
2488_right.jpg,2488,0,48.0,1,1,0.090322548966655,0.0209762396947839,1.3930978499856153,3.24225098457193,6.524229051858339,1.0833397762618402,2.6023892879764703,15.0,1.0875034396076266,0.0153295459567217,1.367829943127633,0.04786526784300804,0.19199814933504508,0.45875397487420494
2489_right.jpg,2489,0,50.0,0,4,0.1195890376293747,0.0301136219854746,1.4624158350030838,2.960000982082646,6.312643193939487,1.090942777856029,4.808057291798466,20.0,1.1053385468118355,0.0216261355872156,1.4181271681293623,0.007669571787118912,0.3035499168207642,0.543732133544378
2490_right.jpg,2490,0,60.0,0,0,0.1139381992216475,0.0296200705191387,1.452023069836634,2.8887912456038563,7.128335225318475,1.0806378623875563,5.080629591618994,22.0,1.0861848047724765,0.01864082997165,1.3978618253619992,0.02286059409379959,0.5625243018817904,0.5447994696732451
2492_right.jpg,2492,0,43.0,0,0,0.107745393142941,0.0284511660915742,1.473355611531326,2.8302380348934366,6.420490518949099,1.0941997554890377,4.502850989893057,20.0,1.12365348176857,0.0182414409123167,1.4195145928491697,0.0017060700338333845,0.36115324964472667,0.5524444452373565
2493_right.jpg,2493,0,40.0,0,2,0.1394902560839507,0.0347084400139379,1.5010935049212164,3.105202857881346,6.9812571448080565,1.0882192834921365,6.312461809606052,22.0,1.1059818553759135,0.0247448502936557,1.4542573038931694,0.04496259614825249,0.3674408454378777,0.5625919492450863
2495_right.jpg,2495,0,68.0,1,4,0.1239490265199862,0.0341325796713871,1.4847623691122656,2.6660482547121043,6.044670732858969,1.082916411189953,4.963633785125307,34.0,1.08908554449863,0.0212068721003261,1.4211109030081854,0.057662997394800186,0.6334346796869622,0.4330432758809874
2496_right.jpg,2496,0,52.0,1,4,0.1198776461448825,0.03282190716644,1.4890274176012614,2.802316882244811,6.350566778406129,1.1120897038920614,5.7778209361040975,37.0,1.1179627634047504,0.0203243348222955,1.4232142145467277,0.04653584957122803,0.8068926543961178,0.46763078410486913
2497_right.jpg,2497,0,45.0,0,3,0.1270783589005549,0.028652732803454,1.4546479970349655,3.3806531980728973,6.206072072043277,1.0832173161270435,4.742746868151637,33.0,1.079667884861689,0.023893631635757,1.456963943344075,0.0033041161950677633,0.27339367547872384,0.5286408663886957
2498_right.jpg,2498,0,59.0,1,3,0.1340440422207096,0.0382900804340948,1.5223001160550305,2.575416208108981,5.979852512185618,1.0814096172281302,5.848009280119644,29.0,1.0939933855662185,0.0213116797208294,1.4404987044109918,0.17629018425941467,0.6989676377301628,0.46340787031873304
2499_right.jpg,2499,0,74.0,1,2,0.0316433628273865,0.008211508239301,1.2361749244057263,2.86938825554784,6.811993669177442,1.084470554370425,0.8590500927268776,19.0,1.1176855009813584,0.004992597009495,1.2302576734917283,0.17120115458965302,0.32746572188774653,0.4039725745453258
2500_right.jpg,2500,0,35.0,0,4,0.1009113703586925,0.0313849726488796,1.4531855386716184,2.299702468731124,5.712709026734191,1.146255000014102,4.604397199325356,31.0,1.145811265852633,0.0161003758589452,1.37904033839573,0.019926097244024277,0.9020049860723994,0.576012911653298
2501_right.jpg,2501,0,50.0,0,0,0.048794306953132,0.012967999274771,1.2758843906227093,2.936266883049876,6.775425843091422,1.0736961412710049,1.6770918321095096,22.0,1.074950243185586,0.0084715800924666,1.3649839913443698,0.01416168361902237,0.26123674464002083,0.549299306422937
2502_right.jpg,2502,0,40.0,0,4,0.0903915724102926,0.021850228155992,1.4097677757717666,3.1489083588976574,6.811165074796596,1.080214957442386,3.1349678292587044,17.0,1.0835802888044586,0.0159634552321617,1.3917183853171458,0.005613348912447691,0.21341842524214485,0.5653106101075531
2503_right.jpg,2503,0,64.0,1,4,0.0690010145014024,0.0183306478884446,1.391372816054666,2.751995468344929,6.290318057763359,1.0816600336922602,2.1384098187822005,17.0,1.0904136318317446,0.0114678442839808,1.3838782539325631,0.0016918635228648782,0.26636983267928754,0.44164254306001766
2504_right.jpg,2504,0,65.0,1,0,0.0990861184720948,0.0251392989208741,1.4187131397216155,2.9429673429839407,6.091492538932825,1.0856326825273055,4.937176942376092,21.0,1.0926791977692267,0.01773353350731,1.380360904764926,0.007528922986239195,0.3089834271696224,0.4252730234583533
2505_right.jpg,2505,0,55.0,1,4,0.1088546684679932,0.0296357696096109,1.4389397514333473,2.7559255777395477,5.913157966330395,1.074548115922537,4.844204985225175,27.0,1.072345263898279,0.0200657735387993,1.397948438172863,0.0024638741742819548,0.3807740184317046,0.4611116295304609
2506_right.jpg,2506,0,66.0,1,1,0.1179727579176432,0.0317671762905415,1.462469410871315,2.767970637075089,5.648786719487296,1.0933481160640437,4.779312694159578,25.0,1.1114333950411908,0.0217712946344588,1.4002413120469537,0.012075831182301044,0.3630321555777557,0.4379621523293782
2507_right.jpg,2507,0,43.0,0,1,0.1565292850303223,0.0358083306734759,1.5280971488249715,3.43506403681252,7.305435625164166,1.0875396971346984,7.031998084902649,28.0,1.097894005452324,0.0263575247366741,1.4885208009427844,0.0017793559236451983,0.4672795060607968,0.5509742840982469
2508_right.jpg,2508,0,74.0,0,0,0.067223571606928,0.0161532699248632,1.3564706520219838,3.137683292776225,7.156756521586728,1.0752668337639242,2.133793385240505,20.0,1.0778807201813236,0.0108051665039838,1.3634728405105545,0.06610792130231857,0.31979863266768965,0.5384875505071035
2509_right.jpg,2509,0,72.0,1,2,0.1243431689571544,0.0299060226354082,1.4687110915717383,3.229319145045112,7.155420397071674,1.072182557208743,5.002021018593371,15.0,1.0717642020517943,0.0216400565885206,1.4306061912822914,0.0008468024316243827,0.28327152050040383,0.4051068860615887
2510_right.jpg,2510,0,66.0,0,3,0.0251667035072207,0.0054293766578249,1.1606782036506704,3.5813092983853947,8.18368726373587,1.0851344739676547,0.6907603890362511,20.0,1.0786017380977668,0.0037899720011788,1.2641717146395346,0.00026038719806820154,0.2378914307289037,0.5263449407981334
2511_right.jpg,2511,0,53.0,0,3,0.0945137134109227,0.0218058911411549,1.4172716293036598,3.2938207798908654,7.294302867595552,1.0838334441418145,4.057767858789679,20.0,1.08977039545699,0.0158667945478355,1.394829125101985,0.00017490018217358738,0.3603790927703277,0.5277663656424777
2512_right.jpg,2512,0,50.0,0,3,0.0062633405920527,0.0023069791509454,0.8002047625480992,1.7112749134988392,4.544023935731162,1.0825126223461818,0.3234082921886117,9.0,,0.0007114982428149,0.9271539693510816,0.0013837326550856233,0.14666660774112528,0.5280943236815392
2513_right.jpg,2513,0,69.0,0,0,0.0959375406896966,0.0242635790907543,1.4171159757969385,2.997045667242193,6.441354973715989,1.0819332667038777,4.60732564777997,28.0,1.0756568317270876,0.0168618102783425,1.3932852747597737,0.010909662581980228,0.4803412254199083,0.5407433307891996
2514_right.jpg,2514,0,62.0,0,0,0.0344968932300909,0.0083830299879528,1.2356592025252724,3.2717681265209,8.145495471726523,1.0840212492003314,1.3996710772968353,21.0,1.0805641253621927,0.0052587641904152,1.2704736039285576,0.023294441401958466,0.5137050625657335,0.5438985998086648
2517_right.jpg,2517,0,69.0,0,1,0.0590251863350946,0.0164940143893483,1.314202053247275,2.7887263949367944,7.444105125885599,1.0898455812070378,1.8907165815844205,35.0,1.1024854553991674,0.0097421659651113,1.28988995585737,0.003276953473687172,0.7298695437660192,0.5207789442286177
2518_right.jpg,2518,0,56.0,0,4,0.0712242505104413,0.016986071522429,1.3843079037446848,3.21609683991534,7.2857451617974816,1.088309517165328,2.2237046920169004,27.0,1.0930615492584064,0.0119423049709907,1.3893674642450735,0.014547879807651043,0.3523238615831941,0.5307004553282794
2519_right.jpg,2519,0,61.0,1,1,0.10021782226682,0.0302063192931789,1.448410593226768,2.425798656508134,5.619164468084644,1.0810238813522777,4.4543429844098,34.0,1.0914677867319595,0.0178124770552387,1.37216589050369,0.001625609234906733,0.6204872352396176,0.4437190149792415
2521_right.jpg,2521,0,78.0,1,2,0.0775302133585318,0.0190978266275426,1.3553865534453284,3.0699813255700823,6.813211033194354,1.0726063100216725,3.133237181081216,31.0,1.0722067866673508,0.012905953150644,1.3425279339668068,0.0035313311964273453,0.48009074458295253,0.4017070387696757
2522_right.jpg,2522,0,60.0,0,1,0.0428324715146693,0.0125370699508083,1.2425414371056516,2.426183659735115,5.707576970088157,1.086228563269923,2.064336819209409,45.0,1.0942193347268052,0.0067317520177633,1.2109584677101315,0.08009527623653412,0.6850446535652379,0.5312596980425266
2523_right.jpg,2523,0,53.0,0,0,0.1346418145521302,0.0342636156616474,1.5006023065069816,2.973311932831967,6.460338432461693,1.08159423560138,6.169557497266334,25.0,1.0956061520887872,0.0227420924330126,1.439201335763673,0.0007521853549405932,0.46684048591339006,0.5479501678702431
2524_right.jpg,2524,0,59.0,0,1,0.1288943682609618,0.0313115797770748,1.4781856527903028,3.1611969214696587,7.024814039261719,1.077541954171095,4.648483684832806,10.0,1.081892089034474,0.0207009104964782,1.4240349267089143,0.06410113722085953,0.2572977930406869,0.5324226954959468
2525_right.jpg,2525,0,34.0,0,1,0.1206897346005187,0.0329250146266855,1.4965670605135255,2.6956171940292046,6.14855858073615,1.0846373881508764,8.660840562217544,32.0,1.0942537468827431,0.0209702905527735,1.442423391919354,0.004157789517194033,0.6912955402928868,0.5613508915539559
2526_right.jpg,2526,0,62.0,1,0,0.0591038510402177,0.0170331574110805,1.3064598341993412,2.481171768622681,5.798616985200253,1.0786074345808818,1.6571173188846091,47.0,1.09421632883963,0.0089534550896098,1.255745291785172,0.0022401537280529737,0.7540897768818603,0.4266051604152686
2527_right.jpg,2527,0,70.0,1,1,0.0576937683236198,0.0166387329042842,1.3267225221962198,2.5456186897878563,6.0944297329203865,1.0766625993494852,2.1266791904441216,15.0,1.0832084150987578,0.0099599475419133,1.3206006436573146,0.001411427278071642,0.27708150266004805,0.4333685836770771
2528_right.jpg,2528,0,37.0,0,4,0.1083312586058847,0.027112030201257,1.433308176358682,3.080512748089947,6.624954196911582,1.0742985722537337,5.08096518014562,20.0,1.0816483374723769,0.0189062714353218,1.4126920715541504,0.0011178964050486684,0.29069302124677815,0.5717399585006755
2529_right.jpg,2529,0,59.0,1,0,0.1215321778554154,0.028964361264395,1.464665704533932,3.171552568973629,6.353309005706751,1.0785838495435147,4.695286033795962,27.0,1.086029005934753,0.0214569523049815,1.4352011795902313,0.002787121804431081,0.3206214574297802,0.42793836313534545
2530_right.jpg,2530,0,55.0,0,4,0.1293251839840339,0.0330597480354247,1.4905101837328538,2.938327429997415,6.330897825608931,1.0778507146841367,5.638019209180492,20.0,1.083269786693698,0.0215641761257328,1.4429487916266186,0.0036396558862179518,0.41189784946693286,0.5328757970826702
2531_right.jpg,2531,0,44.0,0,2,0.1589768334966645,0.0383040746581236,1.5357597869541684,3.2581093638330603,7.726590179337738,1.080180285047704,7.810051586136909,16.0,1.0960485027609033,0.0266387428304223,1.4811280661904191,0.0007240248960442841,0.45006130186870347,0.5602730507172918
2532_right.jpg,2532,0,56.0,1,2,0.115853257930672,0.0312173082462816,1.467576284227055,2.763333230978077,6.341328611995199,1.0852653286651477,5.00325969950119,21.0,1.0863112047694452,0.0199625008212421,1.4087478944500853,0.1328294277191162,0.436612679510975,0.4142169384730282
2533_right.jpg,2533,0,56.0,1,1,0.0590216814339961,0.013974521252705,1.2888152776525277,3.187524803644848,6.83987689010421,1.0817693474984251,2.041566289657425,27.0,1.0946588006184752,0.0089114368543546,1.313527879503419,0.008112475275993347,0.38518586371690366,0.44949103077515556
2534_right.jpg,2534,0,76.0,0,2,0.0716126619635746,0.0249792807907663,1.3765340924196752,2.0258638730501755,4.250927290977213,1.0935465054692357,3.284752683390269,24.0,1.1118474174802624,0.013139010733561,1.2851106066380864,0.013444365933537483,0.3588761994563376,0.5416353748216581
2535_right.jpg,2535,0,60.0,1,4,0.1029249961464252,0.0287556408361991,1.4282899509324822,2.674918420885154,6.3068036453596505,1.0866138463249817,4.3585259677788,31.0,1.093349661188731,0.0177689662320543,1.3668906378510013,0.009553622454404831,0.6239658169897079,0.45027695311047644
2537_right.jpg,2537,0,56.0,0,0,0.1192985893416928,0.0314900078369905,1.4819175481709397,2.834451732286773,6.63613294647785,1.0905127500822192,5.094043887147335,27.0,1.099090062674991,0.0206553683385579,1.4262772599602358,0.002254556166008115,0.5653320263887133,0.5466003242466938
2538_right.jpg,2538,0,58.0,0,3,0.1220249377062768,0.030563094822924,1.471382685940963,2.9990414687655207,7.131258300234069,1.0893615704178472,3.992863388475282,30.0,1.0862560355293005,0.0199087201103849,1.4174609865311607,0.022356374189257622,0.6281017243728403,0.5272197157890441
2539_right.jpg,2539,0,52.0,1,3,0.1359661715956252,0.0322883767064289,1.4805200406232168,3.205341319369554,6.8310966154278425,1.0887350174992545,6.160110673174806,21.0,1.0944307379744955,0.0239200229699042,1.43989011522797,0.013715919107198715,0.37048467595689405,0.46417147491408345
2540_right.jpg,2540,0,64.0,0,2,0.1106390073358527,0.0252056261746458,1.4362855289731338,3.390443235831984,7.087438718900942,1.0822132894244485,3.6376129175676497,14.0,1.092052990906948,0.0192237738213123,1.4178203171763302,0.004932732786983252,0.21947622019723598,0.5486410262743465
2541_right.jpg,2541,0,58.0,0,4,0.1148277759436557,0.0318520964014526,1.4939295294908537,2.708722882566345,6.192352850523058,1.0807832745022503,5.4583470892483765,40.0,1.0954342283429588,0.0207461208319577,1.4289331564812109,0.0009870176436379552,0.6736531796804544,0.5263463522659199
2542_right.jpg,2542,0,73.0,0,4,0.038377695606556,0.0116890260672921,1.2009373628816973,2.3149335066435466,5.34375408988089,1.0986505333698184,1.0186515091322108,21.0,1.1456350091351313,0.006295266326437,1.2069870047572655,0.004125486593693495,0.26759758218250185,0.4936085215612129
2543_right.jpg,2543,0,49.0,0,3,0.0917553815129203,0.0248839281526989,1.4178870425666363,2.775728124326689,6.437858426888912,1.078019858324029,3.939408150823055,27.0,1.0860806266903036,0.0154574872203723,1.358828821494525,0.0030082419980317354,0.522042313057825,0.5282036376532085
2544_right.jpg,2544,0,57.0,0,4,0.1072217576904458,0.0295999647933811,1.4827568587453508,2.7501419147177724,5.914501712365476,1.0845741617688072,4.928926638207983,30.0,1.10149521804976,0.0188531443911455,1.4345311601363395,2.4774784833425656e-05,0.49410198453301307,0.5285239463257686
2545_right.jpg,2545,0,46.0,0,0,0.1611316297082704,0.0353484755596094,1.535130148391462,3.664796565142177,8.154281672069917,1.092351504186071,6.977984459031755,13.0,1.0984279374024113,0.0267555861257731,1.5005130587489286,0.0006863983580842614,0.3741692776286582,0.5510970274313736
2547_right.jpg,2547,0,59.0,0,0,0.0147414041609924,0.0033846582041928,1.1430445490235952,3.1137634064427018,5.753355450160156,1.0787976329725308,0.0994025904315066,10.0,1.1069375807309196,0.0024254232065287,1.1779264261278972,0.004507070407271385,0.057913523813105,0.5452497950476564
2548_right.jpg,2548,0,49.0,0,0,0.0861587656075525,0.0213430108618414,1.3864619155501443,3.098409775655002,6.6602511679602445,1.0915075722106908,3.5021825195411638,25.0,1.1002419343816143,0.0151304436097858,1.395989322483545,0.010672545991837978,0.3671153494001048,0.5497488592277772
2549_right.jpg,2549,0,46.0,0,3,0.1047890737421423,0.0275176087450455,1.436375067589832,2.927457170401351,6.540598661873486,1.0772624798534196,4.392719194163237,27.0,1.078613831954362,0.0185705990760142,1.4135938230566558,0.007913465611636639,0.4133549006172196,0.5285315632983314
2551_right.jpg,2551,0,63.0,1,4,0.1272198315049397,0.0337697234175808,1.4830602191426008,2.782279449466956,5.874041481092221,1.0895918088701433,5.909449057518637,19.0,1.092878127052222,0.0239004384104087,1.4327654910931622,0.011485096998512745,0.3244506296342297,0.4437980482672972
2552_right.jpg,2552,0,73.0,0,0,0.0086192931774615,0.0039147925159966,0.911097662419748,1.442221286072803,3.2381406153271928,1.0799010353186942,0.2699856907583898,22.0,1.0735156715661642,0.0010461945516887,0.9475112746895532,0.0022265403531491756,0.1655826889645408,0.5389388356634672
2553_right.jpg,2553,0,54.0,1,0,0.1000919801166386,0.0299131081451328,1.443939833060615,2.4843439445664988,6.263573763753182,1.0869664955801692,4.550080237974089,35.0,1.110000430666661,0.0158274296449958,1.357431794509252,0.0010454057483002543,0.767595014168643,0.43016268567618426
2554_right.jpg,2554,0,57.0,0,4,0.1314511769371845,0.0358967104365706,1.5004059078323353,2.7520967448464546,6.211540304209594,1.0815625201742325,6.113303255207676,25.0,1.0898168320706632,0.0230941398178134,1.4450743587566768,0.0028340977150946856,0.5044037778809728,0.5285239463257686
2555_right.jpg,2555,0,51.0,0,3,0.1386297243477645,0.0344388399761445,1.5023657353246296,3.000085645162862,6.39604426670073,1.1019092861164186,4.29601026999161,26.0,1.0986786962562074,0.022950803101214,1.453687650829604,0.16441033780574799,0.4599249228615252,0.5279850070155824
2556_right.jpg,2556,0,62.0,0,0,0.0525706778504838,0.0178873702028751,1.3144161968266035,2.0783489779444992,5.421490073488924,1.0858012976392697,1.7179960081857455,25.0,1.108230188094485,0.0083524923574442,1.2415251752950789,0.0010641544358804822,0.4565789606604752,0.5438985998086648
2557_right.jpg,2557,0,79.0,0,2,0.0723236242149918,0.020809452429239,1.362827964348002,2.538550375344116,5.729462798802603,1.075810112462532,2.106418207291146,21.0,1.0803432114111,0.0131185766491295,1.332966123108766,0.011936620809137821,0.27730739600254006,0.5398812766393953
2558_right.jpg,2558,0,65.0,0,2,0.0332078803085215,0.0097063469937738,1.2624451598894573,2.4676034673021325,5.399590684938297,1.0801658506238332,1.115137998327293,18.0,1.0939481612958253,0.0051900381005482,1.3158445346646817,0.04945601522922516,0.18551772612717474,0.5480579189479594
2559_right.jpg,2559,0,52.0,0,0,0.1205810088829269,0.0304195304541033,1.4885905325575326,3.004973135475795,6.854889666469488,1.083338329755407,4.609718207925949,16.0,1.093368187812132,0.0218823323330244,1.4451608342122846,0.002125286730006337,0.2731346848998822,0.5483999600239029
2560_right.jpg,2560,0,38.0,0,0,0.1586952061135939,0.0412227187876907,1.5484489059746889,2.9109823562467003,6.378826993626402,1.0840314078345117,8.107418287733276,20.0,1.0835985133358197,0.0270397413633474,1.4919342258700634,5.440851964522153e-05,0.4789622282657117,0.5546884214856912
2561_right.jpg,2561,0,32.0,0,3,0.1219573505383551,0.0328133655461989,1.4963909501344157,2.740988072480329,5.932970245944073,1.0834894163208295,5.679146824565569,26.0,1.098656604324453,0.0206869905642372,1.4382670967424065,0.027088122442364693,0.5010838439146702,0.5300615528560041
2562_right.jpg,2562,0,41.0,1,2,0.1058787272525185,0.0292168096436185,1.4474009508468215,2.62890774228804,5.46466799497956,1.083265369045746,3.8396637262926023,29.0,1.0893697183973063,0.0201279214283549,1.3975341195226243,0.00408126087859273,0.29280881058622393,0.4228113663354839
2563_right.jpg,2563,0,49.0,0,2,0.1042828186840682,0.023782204542123,1.441020918575369,3.381529633053724,7.833513082314223,1.0795695142725774,5.610679498779298,20.0,1.0880720422495995,0.0170089518138669,1.4418593101820762,0.0005073995562270284,0.4103795652644333,0.5573707349492208
2564_right.jpg,2564,0,60.0,1,2,0.1421725320284607,0.0352174198467885,1.504161325739401,3.1353877317650487,7.248569690982536,1.1634947530381186,7.978709973892449,20.0,1.1573227597087994,0.0248955950451201,1.456139375580726,0.09378078579902649,0.7128977526285645,0.41193365766143264
2565_right.jpg,2565,0,59.0,1,2,0.1148247222305711,0.0309679099916844,1.464040188081118,2.7220344861857044,5.4385103883403465,1.080876932985771,4.2579623896686805,27.0,1.0872550773595668,0.020678669111238,1.4110168729052164,0.04759799689054489,0.3079399815212433,0.412504126672809
2566_right.jpg,2566,0,62.0,1,3,0.1561950568882242,0.0391599135056484,1.5373298279793313,3.083515615332132,6.773570671114217,1.0865087221853147,7.4773154416668355,21.0,1.0967275791957296,0.0279085746620051,1.484423904267811,0.001212431350722909,0.40316134725392355,0.4630806635223706
2567_right.jpg,2567,0,47.0,0,2,0.1637043210344218,0.0398969618910523,1.5507977736711216,3.1805122933358976,7.345178073104359,1.100794172384406,8.485491325100387,21.0,1.1147286808682222,0.0268505189787105,1.4957266872156838,0.06020713970065117,0.6031057542463026,0.5585321428282785
2568_right.jpg,2568,0,65.0,1,3,0.0411365929591676,0.0108051373839499,1.2483880197742612,2.875528417991504,6.570433620808366,1.0817840913164103,1.8253634247874213,16.0,1.0895013736357386,0.0070682128170935,1.2920325013084215,0.09855757653713226,0.20321666410930242,0.46275348851821124
2569_right.jpg,2569,0,68.0,1,3,0.0076726087866317,0.0022669071415048,1.1127565681530092,2.3623091425472458,4.861915458456026,1.0992176193898224,0.0996442699562561,11.0,1.1396837638456865,0.0013352332174138,1.07764022728515,0.016340747475624084,0.1355402042878289,0.4624263455848636
2570_right.jpg,2570,0,53.0,0,2,0.0861279354474172,0.0158952804845408,1.353498528840804,4.244103164410952,7.742080752379986,1.0850358905301185,1.982573181732571,23.0,1.0926834201278532,0.0129164642789876,1.359697630614641,0.011483472771942616,0.3394015632139934,0.5550460485269826
2572_right.jpg,2572,0,48.0,1,4,0.1187622983575211,0.0313320417423326,1.468897224369631,2.8138751054095645,6.477501757311534,1.0813037275343014,5.210203906135394,15.0,1.085733315903309,0.0195610276747821,1.416902690391466,0.027170566841959953,0.43422181220110745,0.4763398276100809
2573_right.jpg,2573,0,61.0,0,3,0.1098604436043355,0.028469303625651,1.4485237032049516,2.953196741547025,7.036705806514228,1.079200070698663,4.97697520561443,13.0,1.0974871370582222,0.019143759174727,1.4106348187712103,0.07535702735185623,0.2823438798994014,0.5268916944625843
2574_right.jpg,2574,0,54.0,1,3,0.1004693554824661,0.0241599345226366,1.429468177741594,3.18010391532289,7.0363097268736245,1.0846173473582492,3.8902445801819834,18.0,1.0909628959545548,0.0177132435040493,1.399552674042985,0.0031691393814980984,0.268395594135588,0.4639532848716164
2575_right.jpg,2575,0,47.0,1,1,0.1245999829726711,0.0322317319297472,1.4793158258990773,2.9529861723237434,6.478433719681067,1.0912498877014063,5.70916320694715,21.0,1.1034843267225636,0.0221405355595731,1.4288116001517646,0.008784911595284939,0.4029311526228402,0.4599139835646433
2576_right.jpg,2576,0,67.0,0,3,0.0561139601139601,0.0143863247863247,1.3053814138050084,2.976114747519334,6.047733046397247,1.0983518098592924,1.9145299145299144,19.0,1.1071376138807378,0.0103339031339031,1.3017240442288875,0.04552685469388962,0.18143183437640234,0.5262355824410622
2577_right.jpg,2577,0,60.0,0,0,0.0898329204659252,0.0239023876034364,1.411520628125767,2.837027617473622,6.187064946731388,1.0792802359269562,3.689453433827017,17.0,1.0862713428243769,0.016744847941812,1.4186025581961097,0.0014434540644288063,0.19783646909715003,0.5447994696732451
2579_right.jpg,2579,0,41.0,0,0,0.1317582395658766,0.0355767696113638,1.4949848723174348,2.7569840604865528,5.991662931607742,1.0805618518861135,6.483919878700822,33.0,1.086608663524495,0.0243595882212113,1.4442273940686023,0.004462745506316423,0.5547272983657239,0.5533422973280002
2581_right.jpg,2581,0,54.0,1,1,0.0538080977722021,0.0147457558527751,1.2994250471973043,2.7563888050263774,6.271337484083801,1.1094927396065637,2.428117601829182,27.0,1.0974358566564557,0.0086299346431678,1.3337330241067034,0.003968521021306515,0.5752658808408484,0.45180373997928125
2583_right.jpg,2583,0,66.0,0,0,0.1305570988433759,0.0344865902318298,1.494367098520056,2.8719233696265567,6.997632387979742,1.078371399846602,6.869033789585332,15.0,1.083840636579266,0.0221172786504368,1.4445005582103054,0.002535364357754588,0.45025242849324065,0.542096003932628
2584_right.jpg,2584,0,62.0,1,1,0.0685576756165874,0.0161764774875791,1.3405909237395717,3.237675057631972,6.713068222203546,1.0904084383377672,2.486523511721847,9.0,1.08115442082928,0.0117054267202754,1.3269847817041296,0.016413599252700806,0.1783032051216797,0.4425663818296201
2585_right.jpg,2585,0,56.0,0,0,0.0214178853845449,0.0069306628400451,1.1690562732270726,2.165046406521568,4.81475498942533,1.0974665788588662,0.6106310872286508,7.0,1.1107640010414317,0.0035365717135326,1.1769487038639044,0.005928166210651398,0.09373793610021165,0.5466003242466938
2586_right.jpg,2586,0,53.0,1,0,0.0679813695372113,0.0156259853514833,1.3467409483857995,3.309307003434953,6.961722759188182,1.077931462762956,2.027008765686796,27.0,1.093147376546146,0.0110539544688786,1.333792904515612,0.0022377572022378445,0.35321895440757867,0.43060789168546976
2587_right.jpg,2587,0,46.0,0,0,0.1113100736390705,0.0280003921912654,1.4443145602250986,3.058468642986808,6.864099407861433,1.0989962479097848,3.767100313236971,36.0,1.103648829614123,0.018572320585397,1.3922193393635138,0.010807850398123264,0.7047753321092902,0.5510970274313736
2588_right.jpg,2588,0,75.0,0,3,0.0484930623431847,0.0153464797815419,1.301828043177159,2.262540546615357,4.522417240937415,1.0889177209931034,1.6626192803377635,19.0,1.0938843060901673,0.0103082395380941,1.2742732447743823,0.00011600780999287963,0.13444201783626222,0.5253606258472803
2590_right.jpg,2590,0,50.0,1,1,0.0729503751242881,0.0214046822742474,1.3855671644624874,2.44674667070586,5.962084464429874,1.0910701387251054,2.440567657958962,21.0,1.1214711102343065,0.0128129802042845,1.3032477057267045,0.0063592782244086266,0.49857088387903775,0.45643531052261466
2591_right.jpg,2591,0,41.0,0,2,0.1364565951731716,0.036308046070571,1.5028528164772217,2.8463260772783925,6.3222040243415885,1.078705746656201,5.850392739408245,22.0,1.0911719310208277,0.0232286028244678,1.4455227512555835,8.623691974207759e-05,0.4032976147211418,0.5620124769340171
2592_right.jpg,2592,0,38.0,0,2,0.0909986714448894,0.0228550698349356,1.4181412917018643,3.0495493982901114,7.142925628048084,1.0904434518820771,3.921933905608856,20.0,1.0965213681484132,0.0149523730151337,1.378167762051031,0.053179237991571426,0.48282935821221024,0.5637503800348573
2593_right.jpg,2593,0,66.0,1,1,0.0305275306206023,0.010066639365623,1.1734770134366372,2.1036264985688136,5.201673542559862,1.096924020080546,1.340233051636201,25.0,1.1097893698913328,0.0043780946353449,1.1098287147670425,0.0019361418671905994,0.43428513509509986,0.4379621523293782
2594_right.jpg,2594,0,61.0,0,3,0.1345046999985304,0.0344307344145697,1.509441892855765,2.9754138407265933,6.812269015005925,1.09065935761942,5.829075822071134,24.0,1.0963897148452548,0.0227333957060774,1.4495765721118972,0.00042724417289718986,0.530557282508613,0.5268916944625843
2595_right.jpg,2595,0,75.0,0,2,0.1794626198529338,0.0423638340966007,1.573181244975848,3.269540341722664,7.278438339236029,1.098014210728166,8.081654643958215,16.0,1.1028195216919954,0.0298023486685224,1.5226546674084405,0.004777556750923395,0.4912467804865855,0.5422198471307872
2596_right.jpg,2596,0,63.0,1,1,0.1237950817600525,0.0293881264690272,1.4693697011523856,3.2486796899596246,7.678348811102643,1.0884525431844123,4.852528622336796,13.0,1.121824849348955,0.0202896353021457,1.4178536400171469,0.0012871840735897422,0.40565409296830385,0.441414366943759
2597_right.jpg,2597,0,61.0,0,1,0.1261275692560295,0.0326782335332338,1.4806541534295503,2.9425403471163,6.587362860459182,1.0802265279181464,5.856852517445411,20.0,1.0936455276528612,0.0214951493247099,1.431893464999617,0.0034108057152479887,0.3962047491060006,0.5300963609169413
2599_right.jpg,2599,0,61.0,0,2,0.1052365355529513,0.0289321594198543,1.4449132924186232,2.696988049413081,5.967876090798287,1.0973490100251186,4.457265342508289,16.0,1.1077331000639363,0.0191061430131113,1.4113710651067948,0.02141488529741764,0.26306130445207165,0.5503895407216627
2600_right.jpg,2600,0,57.0,0,1,0.0576264864074684,0.0200119971166593,1.3326728531660508,2.112450512791885,5.501849338975693,1.075716262976479,3.226115404196974,31.0,1.0868855987595805,0.0091793064860042,1.3228922028106191,0.005255846306681633,0.632105133251148,0.5347476212715268
2601_right.jpg,2601,0,67.0,0,2,0.0911892974717375,0.0211213076427361,1.394063282742403,3.385699042466209,6.938090926687162,1.0878705228591206,3.39699366061036,25.0,1.097778358264746,0.0165303706219995,1.371963305850158,0.009065208956599236,0.30646771183063676,0.5468913099522232
2602_right.jpg,2602,0,52.0,1,0,0.1445370337616922,0.0361165715787292,1.5116743684272054,3.0106632257052213,6.278006417293285,1.080094501285787,6.064066866443981,16.0,1.0871064176424854,0.0257823909604976,1.4613242412023135,0.00019486459495965391,0.23224901519212718,0.4310532099167913
2603_right.jpg,2603,0,45.0,0,3,0.0353212118768771,0.0090306194440524,1.2044512979189648,3.052873723108777,7.073567183290757,1.0906266494547885,1.3102461246951158,16.0,1.081365861176245,0.0057650829486585,1.2591591076957245,0.03301273286342621,0.22459636618556364,0.5286408663886957
2604_right.jpg,2604,0,64.0,1,2,0.1271953834795667,0.0331724515471269,1.4890853009513854,2.880642461790015,5.681307205305711,1.0820505932373543,4.821431261959409,14.0,1.0878608332559876,0.0240619553917161,1.4403639775917907,0.003001011209562421,0.1342306694228943,0.40965416114161035
2605_right.jpg,2605,0,64.0,0,3,0.111549029824491,0.024480398313048,1.4660791001858977,3.600036684019376,8.007189871846808,1.082737457295749,4.765149389660071,26.0,1.0867573862923283,0.017604332277875,1.4350388346703946,0.0029259014409035444,0.5807224644276938,0.5265636499193899
2608_right.jpg,2608,0,54.0,1,2,0.142752606255012,0.0355503207698476,1.5057360670570852,3.080503656119373,6.659069694163183,1.0878558825650368,6.565757818765036,18.0,1.0996932889681688,0.0245489174017642,1.4492983776564368,0.025274908170104027,0.36354643449447344,0.4153599692395619
2609_right.jpg,2609,0,66.0,0,3,0.0784066346510387,0.0208101581789076,1.3822703621783443,2.925146126410965,7.40349470483626,1.0847853037530788,2.667968997295856,32.0,1.087819806850276,0.0132991471543171,1.3498241013812189,0.014583030715584755,0.6089287429595974,0.5263449407981334
2610_right.jpg,2610,0,46.0,1,3,0.0863838710864206,0.0192991953412835,1.379024273191382,3.4344702751037235,7.221532166094826,1.0932704927835393,2.7855592404358087,18.0,1.0937555294179278,0.0147634639743097,1.3694311603587108,0.004893372766673565,0.23231661177717122,0.4648261270113387
2612_right.jpg,2612,0,56.0,0,0,0.1174134079906206,0.0312004123669661,1.4639593761098455,2.7616305947190445,5.8128360741644025,1.078839650601078,4.548165068070871,28.0,1.0900661169512824,0.0208861846959299,1.4154902682051476,0.05475720390677452,0.3750570059437456,0.5466003242466938
2613_right.jpg,2613,0,64.0,0,2,0.0780542751546862,0.0192890660686848,1.3599323762436233,3.051730294823568,6.945834732929442,1.079743049837031,3.5816618911174785,30.0,1.0906955859776108,0.0123178024168431,1.3152147824389953,0.03101062774658203,0.5891613215216612,0.5486410262743465
2614_right.jpg,2614,0,56.0,0,3,0.119941962751006,0.0284018523386786,1.4546021557726465,3.24373571094863,8.471723082224328,1.0991795754539373,5.004954399304362,18.0,1.1198374005225369,0.018988493660391,1.4098353475735403,0.012489616870880127,0.6033444811138204,0.5274383836361386
2615_right.jpg,2615,0,72.0,1,3,0.1253754019903269,0.0299561925502013,1.4651486345664797,3.2900882922050467,7.516725088879757,1.086624146512123,5.570889569775392,18.0,1.0908920164663227,0.022734293889747,1.4366098378580372,0.00019986553525086492,0.3062923013999099,0.46199020537633595
2616_right.jpg,2616,0,52.0,1,1,0.0574933505931372,0.0130257582346456,1.3727550021592418,3.302926867779023,8.634576314868616,1.0961364512257652,3.185647394342695,26.0,1.08922643992932,0.0090664536159626,1.4023774095423274,0.0070396726951003075,0.7464731684931085,0.45411853266935387
2617_right.jpg,2617,0,65.0,0,3,0.1203069818670519,0.0334062558418002,1.4731713767429595,2.6516582248751406,5.821218918912259,1.0903307756065277,6.113365028520616,28.0,1.1081870506512652,0.021149211578006,1.4370252724309096,0.015501981601119041,0.5057251263597068,0.5264542966277201
2618_right.jpg,2618,0,58.0,0,1,0.1358901036719681,0.03372370308995,1.5007743498095287,3.099540100842335,7.061723871402216,1.0844214279369615,5.304852171452822,22.0,1.094956413994298,0.0233918719560253,1.4547827566240945,0.07757452130317688,0.4178199387141098,0.5335853407446928
2619_right.jpg,2619,0,73.0,1,1,0.060603027649193,0.0176804704116101,1.3339932427918075,2.4724234834010197,5.434856896210996,1.084760554848478,1.401226072813712,24.0,1.085349444959538,0.0093131490053797,1.272122945152775,0.0010734570678323507,0.4183731061633255,0.42993086197909647
2621_right.jpg,2621,0,72.0,0,1,0.1032146003775959,0.0294826935179358,1.4405068027247483,2.576420203924289,6.17138309190271,1.0962738164942605,5.13530522341095,35.0,1.108122262629954,0.0166947765890497,1.4022659518020446,0.13804692029953003,0.7806566162902753,0.5172808321384049
2622_right.jpg,2622,0,59.0,0,0,0.1414550820732595,0.0370188808926983,1.5126250750594472,2.870557261058036,6.15158940632906,1.080637626291001,5.912913398560685,24.0,1.089133289686697,0.02338380367106,1.4467837701660704,0.0007134423940442502,0.4506732697194923,0.5452497950476564
2623_right.jpg,2623,0,45.0,1,0,0.1535748572583497,0.037269465918852,1.530742460580566,3.176249370635676,6.412077721183015,1.076704400974254,7.073922490020716,20.0,1.0795447817553012,0.0284270628063261,1.4863126766055446,4.9018046411219984e-05,0.2554984757869019,0.4341735215220838
2624_right.jpg,2624,0,56.0,0,2,0.1344097146865994,0.0352793325695366,1.4972416750291888,2.8721422268248213,6.073575384483727,1.086412425420954,6.611720410027608,28.0,1.0955781983729316,0.0244684126319189,1.4353694371552552,0.0059244632720947266,0.379397949001094,0.5533009457094274
2625_right.jpg,2625,0,51.0,0,3,0.0292270192781654,0.0082982485495023,1.1518728107182945,2.545535651837342,5.378730140925403,1.074357642794342,0.3617765035205376,34.0,1.090327105641712,0.0051236597311096,1.1766719805130532,0.0007873481372371316,0.37417395568340717,0.5279850070155824
2626_right.jpg,2626,0,55.0,1,2,0.1378195739350902,0.0347225729552823,1.5058825477104931,3.0021206430240257,7.074492979781671,1.0859390321112112,5.4546005515207225,25.0,1.0928051285070377,0.0230406367741088,1.4584952394499948,0.01455414853990078,0.5479737206002331,0.41478833919539365
2627_right.jpg,2627,0,64.0,1,4,0.1537070250334705,0.0379973223532978,1.5267053828462516,3.1734033624795748,7.126958868267854,1.0864330763661278,6.870942481117539,18.0,1.0894211536094145,0.0264480763887134,1.4767764956403786,0.006363661028444767,0.43486337275941306,0.44164254306001766
2628_right.jpg,2628,0,48.0,0,4,0.1088570711761158,0.0304845574545438,1.4856335254497903,2.6594884339929377,5.7202052268316494,1.0830974147582393,4.577525231407105,27.0,1.096597603375398,0.0195689203642653,1.4182378464614374,0.00024164578644558787,0.4517632860368093,0.5480636426814862
2629_right.jpg,2629,0,34.0,0,1,0.1143187767188494,0.0296370784359303,1.4570696947208326,2.921222071246285,6.246117570297045,1.0814604214792995,4.194164552740356,24.0,1.08531886521582,0.0212538025407541,1.4159504877686586,0.017424410209059715,0.29164971028095454,0.5613508915539559
2630_right.jpg,2630,0,43.0,0,3,0.1392682210031348,0.0362803683385579,1.5162954085139508,2.889257717936851,6.553024312923922,1.0829190594309672,6.759404388714733,18.0,1.0955862403493806,0.0233640282131661,1.4546018798181082,0.00025296214153058827,0.4620720080328003,0.5288594643199328
2631_right.jpg,2631,0,52.0,0,0,0.1079221939928299,0.028745443407879,1.4405765621527402,2.815658748284576,6.101133212425524,1.0931596598782316,4.167461664373726,22.0,1.0999020470371204,0.0191703236561191,1.3997645320780605,0.002914717188104987,0.3577329402088655,0.5483999600239029
2632_right.jpg,2632,0,63.0,0,4,0.1255764993880049,0.0329057527539779,1.4874746233603275,2.9053769499667546,6.464826089163994,1.0826456400318991,4.993880048959609,18.0,1.1064789375134887,0.0228151774785801,1.4425330272100414,0.003802777733653784,0.2598719151700492,0.5154449936262118
2633_right.jpg,2633,0,62.0,1,1,0.0959946432919405,0.0264791818845872,1.4174958997879978,2.773902517018654,6.972514047730511,1.0865626757522464,3.855206557909261,30.0,1.0948352329527324,0.0150961772583394,1.364027749159466,0.004043948370963335,0.7085251832118248,0.4425663818296201
2634_right.jpg,2634,0,87.0,1,1,0.0170081967213114,0.0032287085165933,1.122992993202341,4.275099347391078,8.82245208901711,1.07825210443962,0.4998000799680128,7.0,1.0939380362579365,0.0025939624150339,1.189021966020568,0.014245045371353626,0.09547221342111303,0.41398240928349883
2635_right.jpg,2635,0,55.0,1,4,0.0809641595153962,0.0202725896012115,1.3789132577465817,2.9781835225299425,6.159618538110634,1.1065047511266075,3.53356890459364,24.0,1.118267796564339,0.0141342756183745,1.3694468795283308,0.15726107358932495,0.3675417675260616,0.4611116295304609
2636_right.jpg,2636,0,51.0,1,1,0.1005059483112265,0.0205955674299719,1.3841228192910835,3.980799680331579,8.644180043310792,1.1176520233319869,5.417118093174431,66.0,1.0752978075646142,0.0146893309070254,1.3777636333939425,0.007620665244758129,0.9544026721512856,0.4552766796093153
2637_right.jpg,2637,0,60.0,1,2,0.1038482532751091,0.0279294032023289,1.4389150563756556,2.76393388528861,6.514385584426838,1.0885956548341236,3.790635613779719,18.0,1.0979739954794108,0.0180535338832282,1.3851512473013214,0.12315833568572998,0.3872025575206704,0.41193365766143264
2638_right.jpg,2638,0,48.0,0,3,0.1335469491516857,0.0330632811591859,1.4962839645790855,3.103098076191725,7.187314140902517,1.0758257315247426,4.750761890803233,14.0,1.0844108815585811,0.022050610776143,1.4333258911440423,0.0004485755052883178,0.336521158983528,0.528312948920174
2639_right.jpg,2639,0,65.0,1,4,0.0616547042318645,0.0131148919177376,1.3111190265550423,3.7254620802506975,7.627504569135794,1.1131144147990395,2.522094599564938,50.0,1.0896828307308022,0.0092108996521611,1.3394909023631665,0.028696594759821892,0.7163974763019726,0.4394892346927792
2640_right.jpg,2640,0,49.0,0,1,0.0803690927731958,0.0248587114076333,1.4024611036836767,2.362567186779964,5.155388879652704,1.10762370116078,4.141435057752817,44.0,1.097958369677784,0.0155455330582477,1.3571872960578246,0.008647074922919273,0.7516278150666856,0.5440312388910755
2641_right.jpg,2641,0,32.0,1,0,0.0693931953700456,0.0183374254647492,1.2941399973038838,2.8295547226193607,5.7089257912093565,1.0713607838871253,1.9642230796211853,25.0,1.0818034200104152,0.0113714486145212,1.2903993241716325,0.001034143497236073,0.24354172215839076,0.4399820701271572
2642_right.jpg,2642,0,25.0,0,2,0.0934030306355556,0.0164001476412318,1.3972629063262847,4.5550374009103765,8.788263035020812,1.0917973341218288,2.942848877228335,19.0,1.089484601344538,0.0138064503257085,1.4019019307656526,0.003921068739145994,0.41845961655067404,0.5712626887561669
2643_right.jpg,2643,0,28.0,0,1,0.1518276561655183,0.0370590832204844,1.5303073448818705,3.1709181798946333,6.894944557155358,1.0835175859398982,6.79573604765944,30.0,1.0896706498784994,0.0274656864933505,1.4836019434764938,0.0015736529603600502,0.42276236991683874,0.5682395119575201
2644_right.jpg,2644,0,41.0,0,2,0.1020909719562005,0.024491684369201,1.4233851126107226,3.08126854796122,6.161403084665995,1.0763847853722768,2.835722139029984,24.0,1.0806082385778766,0.01881526514002,1.3937146807049057,0.0017250839155167341,0.22497889815062894,0.5620124769340171
2645_right.jpg,2645,0,51.0,1,3,0.1321839951883469,0.0298302274921279,1.4763818538297768,3.417930463125243,7.84961605044047,1.083933519549197,5.660768348218122,21.0,1.082285256158746,0.021010548235306,1.4501782948781523,0.0011809207499027252,0.5533693238068156,0.4642805750842723
2646_right.jpg,2646,0,50.0,1,4,0.0738035971126914,0.0183774252011631,1.3672228967907416,2.9717556085389467,7.593548715005827,1.0986310039628244,2.5381953876091536,36.0,1.1036331641116537,0.0107227622690576,1.328759730044372,0.0062836878933012486,0.7826401155384736,0.47198317416046315
2647_right.jpg,2647,0,43.0,0,2,0.1186880801376706,0.0312487621529076,1.4991546206446869,2.8325915550329204,5.810008945619218,1.0843973414451378,5.281480927252002,28.0,1.0939398357134955,0.0210158928563569,1.4386770055671214,0.0014782759826630354,0.37036870489002915,0.5608530261360647
2649_right.jpg,2649,0,66.0,0,3,0.0841964854131509,0.0208571226467526,1.413311761489529,3.031386583559497,6.321610059406315,1.0812126382841092,2.5262987701977586,14.0,1.091813892496292,0.0152487393769136,1.381935782296858,0.0047303601168096066,0.1376195476000039,0.5263449407981334
2650_right.jpg,2650,0,51.0,1,3,0.1467791616445694,0.0304450694165439,1.5019887704278876,3.906550976045859,8.201643919785916,1.0868317379476653,4.761692186360728,23.0,1.1006495924058413,0.0249096022498995,1.4750858107112044,0.0008037202060222626,0.3507181469481631,0.4642805750842723
2651_right.jpg,2651,0,55.0,1,4,0.1411407955244867,0.0342468838037859,1.5066605026303213,3.177206617914551,7.545927668028074,1.076073175349168,5.954674419419244,30.0,1.0859600497238926,0.022837927773302,1.4492663946366569,0.006067311856895685,0.6476887963122638,0.4611116295304609
2652_right.jpg,2652,0,49.0,1,1,0.0622972030446077,0.0202215730473369,1.3487628614314848,2.201750837119589,5.541339438804292,1.1057915674466297,2.527064864700947,19.0,1.1337635450251191,0.0109270284749668,1.2874663023284616,0.00937163271009922,0.5582440575727632,0.4575944130655827
2653_right.jpg,2653,0,31.0,0,0,0.083336696803358,0.0213412173070713,1.426652416534821,2.9654839131893977,6.445604132759399,1.0915793955008002,2.926218921536971,18.0,1.0826221415085917,0.0157057232805941,1.3938716016044803,0.0007733112433925271,0.28077968655180996,0.5578262260960143
2654_right.jpg,2654,0,76.0,0,3,0.0794741199789246,0.0195047294076322,1.366309698894463,3.0374852148404705,6.755290519269733,1.0783117460228349,2.508969566199162,18.0,1.086461952800695,0.0136839200140502,1.346872058135216,0.015101756900548935,0.2424337364374976,0.5252512452124745
2655_right.jpg,2655,0,64.0,0,3,0.0617396978265157,0.0161051284515505,1.327763940486775,2.919556711277373,7.076179169763571,1.0906359133397423,2.175001643896591,26.0,1.1147229258352092,0.0109660547999251,1.317638403673761,0.0004199390241410583,0.40085624324706215,0.5265636499193899
2657_right.jpg,2657,0,56.0,1,4,0.0904121046611813,0.0199728924920264,1.3720339024411137,3.4785817077406853,8.428624972014516,1.1212615840644382,3.375842071053918,35.0,1.1344362991591168,0.0143548866573621,1.3420392306543572,0.04289119318127632,0.740010124938347,0.45894141967186924
2658_right.jpg,2658,0,48.0,0,1,0.137640183067732,0.0348617259673692,1.50334912716721,2.99901567575374,6.774072467530221,1.0878292558939229,6.188767387192246,26.0,1.0924134046449248,0.0227686748551379,1.4562388228380756,0.004169567488133907,0.5534510383605066,0.5451896764286238
2659_right.jpg,2659,0,56.0,0,3,0.1169817784293278,0.0287555226422033,1.454812805149,3.1157966117184284,7.288056422086749,1.1054641813637849,5.642288955723145,17.0,1.122525371077908,0.0189772343716152,1.4038476337321864,0.08108252286911011,0.4975968526605829,0.5274383836361386
2660_right.jpg,2660,0,66.0,1,3,0.0721391938162206,0.0165420015968885,1.3545738152867766,3.3138586337554194,6.755005462859453,1.0791384306971934,2.400231205944736,12.0,1.1008117819013463,0.0120011560297236,1.3489161952907784,0.0011746734380722046,0.14351142574847447,0.4626444372965833
2661_right.jpg,2661,0,45.0,1,1,0.1289927285248425,0.0327064471045755,1.4868443395480029,2.98504962609771,6.666258026989933,1.0865126106007283,5.266249417674343,16.0,1.0993132149583646,0.022315731907395,1.4276093731156096,0.009164264425635338,0.33547131065954194,0.4622352919596382
2662_right.jpg,2662,0,49.0,1,1,0.0346915110961634,0.0076802216722804,1.2804120347912815,3.438471304504121,7.131901595504534,1.0792290332947276,1.4055307635545873,10.0,1.0795959325924482,0.0058028341523896,1.2985952555067992,0.004220639355480671,0.16969528531356046,0.4575944130655827
2663_right.jpg,2663,0,61.0,0,3,0.1245112402121747,0.0341449861076029,1.4883800656826651,2.659877373327648,5.82758690578323,1.0795996756489357,5.152816367769638,29.0,1.0871317540823933,0.0220409194240969,1.423816483024935,0.006708621513098478,0.4750639247253433,0.5268916944625843
2665_right.jpg,2665,0,63.0,0,4,0.0555432856519171,0.0148899560851588,1.3749940750940133,2.812585232734017,7.843388140986742,1.090126095620499,3.030380852102006,22.0,1.108459451479513,0.0085569737281388,1.337438533646638,0.12445877492427826,0.6616988360476768,0.5154449936262118
2666_right.jpg,2666,0,61.0,0,3,0.1302158418436785,0.0264484389019386,1.4672537984516962,3.9068159504981774,8.805329227656578,1.0835738613196553,3.881322270724749,20.0,1.090783264015342,0.0199913300333692,1.436841030071893,0.0001902790245367214,0.48250468651503736,0.5268916944625843
2667_right.jpg,2667,0,68.0,1,3,0.0150939568381812,0.0036872670098648,1.1260586088052156,2.7868581854431005,5.597508105652356,1.099803679554664,0.3043136459310729,17.0,1.0755640588706048,0.0021758425684071,1.1021259177903129,0.0007552904426120222,0.22566894385979894,0.4624263455848636
2668_right.jpg,2668,0,45.0,0,1,0.1135878478968484,0.0278923065277182,1.4631411268326084,3.066083549652947,7.156288455167265,1.086479516919304,3.8858469380030782,19.0,1.09062537555107,0.0200600539981327,1.4195998930344629,0.022927897050976753,0.36714221714451223,0.5486620061818672
2669_right.jpg,2669,0,50.0,0,3,0.1675156145776484,0.0391274028257837,1.5484541943150625,3.315243380522789,7.431307765983178,1.0862869545826075,7.226163766094637,23.0,1.099210341726664,0.0277373516867786,1.501473547333195,0.010226898826658726,0.572275867214158,0.5280943236815392
2670_right.jpg,2670,0,75.0,0,1,0.0586780642657405,0.0147777368667217,1.3022878012807362,2.906743650072668,6.073532428380345,1.0813404510962752,1.4429440038213135,19.0,1.0874278447911114,0.0103742698205773,1.300452650210371,0.0054472931660711765,0.20373706853745355,0.5137810255095064
2671_right.jpg,2671,0,67.0,0,1,0.0455707050630101,0.0125039365200646,1.2412379272074368,2.641123043439176,5.905584755818443,1.084210762469812,1.548794779529063,29.0,1.1001279069237362,0.0069489259108203,1.273709119785386,0.005847090855240822,0.402060514748046,0.5231099086571211
2672_right.jpg,2672,0,28.0,1,3,0.0656682684581849,0.0137163118361507,1.312052444479893,3.613308620153106,7.341174912451886,1.0887087374563604,1.4514615699630395,7.0,1.0937109680850663,0.0110000051837913,1.3726483532076053,0.03218837454915047,0.07303426744767832,0.46679080166933645
2673_right.jpg,2673,0,65.0,0,4,0.1195423354856992,0.0307825435702285,1.4689241337813954,2.942786459117115,6.853322283755444,1.0828171262582484,4.908608788939943,28.0,1.090835955437355,0.0209197821994615,1.4160715010374951,0.004687067121267319,0.5160820806961643,0.511079747746442
2675_right.jpg,2675,0,49.0,0,3,0.0998983929916439,0.0280051157359431,1.426640811334048,2.591900158328085,6.352741908524827,1.088475610041362,5.307828794718458,20.0,1.114963963391837,0.0166969128656714,1.3699403008991495,0.010503423400223255,0.5033627646763001,0.5282036376532085
2676_right.jpg,2676,0,58.0,1,0,0.118810780210671,0.0293008633064434,1.4609442830779624,3.116389763698115,7.069747782148701,1.0774952354356593,4.549038636501486,21.0,1.0782348401733268,0.0201067507733365,1.4270699034436427,0.001371394726447761,0.4017834902102289,0.4283829976773552
2677_right.jpg,2677,0,89.0,1,3,0.0223895097125832,0.0054802983275125,1.3489121852189607,3.252167409297615,7.079534121223894,1.0815253931067643,1.1957014532754746,4.0,1.099819540245224,0.0040604028517479,1.3567567469099724,0.02845078520476818,0.08006146349822328,0.4601372664139263
2678_right.jpg,2678,0,67.0,1,2,0.0605862602786545,0.0184211584470938,1.3309667380496149,2.346146431944193,5.120406516571571,1.071756186072721,2.060757152335189,40.0,1.0784018344172657,0.0106355174008323,1.315448125520095,0.026491230353713036,0.46509443971877307,0.4079470772212572
2679_right.jpg,2679,0,51.0,1,1,0.1018063310006821,0.029568248995781,1.4377681265950624,2.5874988340642644,6.655128527578524,1.0788446186402096,4.345299749892631,17.0,1.0870890891244975,0.0156885531667635,1.3460206153708376,0.00413365988060832,0.5656237893655097,0.4552766796093153
2680_right.jpg,2680,0,51.0,1,2,0.0810317321258956,0.0236446296996468,1.3965045906253175,2.5237085906810544,5.652791802216169,1.0820458706126392,2.8587500806905264,27.0,1.0819103394944642,0.0138418834552144,1.333760153998001,0.0007854137220419943,0.4760478622484014,0.41707622081819135
2681_right.jpg,2681,0,66.0,1,2,0.1166140989625062,0.0281938683407198,1.4475274536042004,3.145890273306259,7.163430413497518,1.1035338779391892,4.208796892589475,22.0,1.1202630938031748,0.0185389896859121,1.4103321317305444,0.05584783852100372,0.5690271341071613,0.408515860589784
2682_right.jpg,2682,0,54.0,0,0,0.1327917755287946,0.0279888284933481,1.4723746705940643,3.793846897418846,8.446925646876075,1.083174222501072,4.85500065067019,17.0,1.0872647143587726,0.0217724255983663,1.445733119826754,0.009739032946527004,0.38549672863489165,0.5475002973750372
2683_right.jpg,2683,0,57.0,0,2,0.0092906598841316,0.0029320333474636,1.0740376276418782,2.295822878024329,5.701439429894388,1.0786323137414984,0.4541876097620057,11.0,1.095776888738201,0.0016098427501564,1.1011987723939392,0.11766254156827927,0.2141941771004045,0.5527189505834421
2684_right.jpg,2684,0,59.0,1,4,0.0867645512842975,0.0205898107219199,1.3914890030443798,3.298725554612711,7.347021536357248,1.0744647096266922,2.5030161344420025,21.0,1.0767370933292055,0.013766588739431,1.3606283373079846,0.004142302088439465,0.3117209397314419,0.452440452319039
2685_right.jpg,2685,0,57.0,0,1,0.1167161176512214,0.0325618305794105,1.4703697515957097,2.609257684693528,6.0833215854896,1.0830410501579706,4.700792058188729,17.0,1.0908218206684015,0.0190356805281061,1.3904618771739408,0.07817856967449188,0.44731841028881597,0.5347476212715268
2687_right.jpg,2687,0,52.0,0,1,0.0476727298579161,0.0129642606867554,1.3046566541034297,2.785367082614715,6.407699388389427,1.0707585945638662,1.6757563754913014,27.0,1.086457669870407,0.0080487086519809,1.3174479658007956,0.03800591453909874,0.3820643717211008,0.5405531161100336
2688_right.jpg,2688,0,47.0,0,0,0.0750893921334922,0.0204218012078535,1.36411091163124,2.669434708304353,6.443257354493184,1.0835495203022532,2.144413802045671,22.0,1.090336372541685,0.0124675221049166,1.3030414896828917,0.0009140439215116203,0.420726587654566,0.5506477204506859
2689_right.jpg,2689,0,41.0,1,2,0.1299884764677341,0.0334384602943554,1.4950204368170823,2.876008223430333,6.310657265044107,1.0818312606007376,5.812307941128902,39.0,1.0884591688255858,0.0223495875788452,1.4503809480453491,0.5721930265426636,0.5945916807089646,0.4228113663354839
2690_right.jpg,2690,0,34.0,1,0,0.1211628588166373,0.0279779339972661,1.4750743630135226,3.334757567756609,7.222938888177512,1.086224422621083,4.100761570005858,14.0,1.0852086653906003,0.0221343487600078,1.4496134894348665,0.00436809379607439,0.21409127483478899,0.43908733558881363
2691_right.jpg,2691,0,54.0,1,4,0.107534488857446,0.0278285916418212,1.4362516411109982,2.890883945161771,6.528116152212924,1.0943402835921676,3.941583708120673,21.0,1.1130163712008798,0.018555763302845,1.388280374627803,0.3844059407711029,0.3927183095746785,0.4632833145636475
2692_right.jpg,2692,0,88.0,1,1,0.0247949903086327,0.0067740171959644,1.135461742484798,2.662713793183069,5.641529328212967,1.0757093522544738,0.5466925103126087,17.0,1.0852154974150092,0.0045524576313304,1.2119942651234876,9.632783621782437e-05,0.103431650771357,0.4128496931444893
2693_right.jpg,2693,0,35.0,1,3,0.1511679756777299,0.040466176843172,1.5346368407201931,2.846071993177279,6.050482649190184,1.0880175033327293,7.19533823156828,37.0,1.0975058477842188,0.0258778819356473,1.4565232317527133,0.00023351181880570948,0.7347248916535937,0.46602663574029063
2695_right.jpg,2695,0,63.0,0,4,0.0685520739288199,0.0154344238255979,1.3495358540884457,3.3077345582027524,6.560454373729129,1.0912943862853224,1.322622011880596,19.0,1.0971362171272725,0.0118345917410881,1.3659662842065745,0.06938087195158005,0.134891322022964,0.5154449936262118
2696_right.jpg,2696,0,50.0,0,1,0.1466751575616979,0.0336047387280841,1.5115280709237526,3.433567247885632,7.689544266002472,1.0774814370044743,5.812219813099227,31.0,1.088306816025594,0.0244214314233873,1.46609863205109,0.008329060859978199,0.5090933778988916,0.5428723247515318
2697_right.jpg,2697,0,53.0,1,4,0.1480426834410672,0.0343293133641238,1.5170329091150776,3.3526961863239384,7.711564004363988,1.0900884522994625,5.556189446216583,21.0,1.110281275914848,0.0256626500047128,1.475178111232809,0.0017180542927235365,0.36644731620577026,0.46545639331195343
2698_right.jpg,2698,0,74.0,1,2,0.0007883163222969,0.0003503628099097,0.7661021017271673,1.4201050010225695,3.0674479935713683,1.0,0.0,4.0,,6.454051761495127e-05,0.7569501062556417,0.024680810049176216,0.0342406462262247,0.4039725745453258
2699_right.jpg,2699,0,65.0,1,0,0.0852350428413007,0.0200804610847825,1.3776619701668529,3.2298935390381023,6.380283623343419,1.0784089414949256,2.188064110278431,22.0,1.088060170965263,0.0153512588827943,1.3537521407577076,0.0062196096405386925,0.1966244951353551,0.4252730234583533
2701_right.jpg,2701,0,56.0,1,0,0.1474423421830399,0.0369616288175411,1.5204436293569,3.056149007673828,6.744820648693769,1.0922404232458487,6.668855937555258,17.0,1.102325928606258,0.0266400586050976,1.4679621203839108,0.006105424370616674,0.3392038721501154,0.4292726130887626
2702_right.jpg,2702,0,53.0,1,1,0.1280832767594478,0.0310376907797138,1.4762647684072376,3.2013716104246708,7.014036468131636,1.0928564548877224,5.531668803902341,20.0,1.095250260312864,0.021648940182545,1.441431076761766,0.006041666492819786,0.41053939466028094,0.4529608820255349
2703_right.jpg,2703,0,70.0,0,3,0.003541507575506,0.0018260898436203,0.7145982171971921,1.3398587176428227,3.0143071501515024,1.0317404894787623,0.055336055867282,14.0,1.0317404894787623,0.000365217968724,1.039323699413322,0.0006425204337574542,0.05731461722781308,0.5259074923092817
2704_right.jpg,2704,0,67.0,0,4,0.1231468100372911,0.0302371881032025,1.4647926405700489,3.107924278285682,6.268325584007241,1.0742215541163114,4.547705429960283,12.0,1.0793607959148943,0.022976018433366,1.430490806992574,0.001695179147645831,0.1202867206303221,0.5067128113527685
2705_right.jpg,2705,0,42.0,1,2,0.1041162471765085,0.0256584785414649,1.4272084947377202,3.087437853315836,7.365795577066069,1.0740927920398784,3.83188125201678,24.0,1.0821421677863623,0.0162451597289448,1.3778804888691538,0.01471171248704195,0.5819679930791217,0.4222368876747342
2706_right.jpg,2706,0,56.0,0,2,0.1283444604926924,0.0323411475956245,1.4888115740801269,2.982441251712444,6.675147348106984,1.0940140478545335,4.494631692708596,19.0,1.1034738178068506,0.0220590463300574,1.4439899977843085,0.2568435072898865,0.3877815060414137,0.5533009457094274
2707_right.jpg,2707,0,60.0,1,4,0.0967795711146472,0.0217776767447147,1.4098847862955637,3.3615727232095582,6.780878859427784,1.083628664789113,2.576343108282185,12.0,1.0882392892402886,0.0163774595236291,1.3931444103971236,0.026943964883685112,0.13320103889503088,0.45027695311047644
2708_right.jpg,2708,0,59.0,1,4,0.1330484941245681,0.0299330445057109,1.4834677882070046,3.437829609709802,7.5433908043515805,1.0773950463862805,5.334503268006442,19.0,1.0842805851967614,0.0225843923402515,1.4541789103811409,0.0030182464979588985,0.30123073737007583,0.452440452319039
2709_right.jpg,2709,0,47.0,0,2,0.1372884694047601,0.0380919195438867,1.5094718508168938,2.700546058503124,6.179704325397281,1.09427843690247,7.372955393619868,15.0,1.122746164225611,0.0248104998964756,1.4440765626853505,0.0038086564745754004,0.280768190056707,0.5585321428282785
2710_right.jpg,2710,0,52.0,0,3,0.0653748657735842,0.0161687820163008,1.331769106711033,2.9496346426961986,5.424591825852088,1.0669218737309616,0.968190539898252,27.0,1.065672746304114,0.0119967609625574,1.317243022951562,0.0001622616546228528,0.17606361642255805,0.5278756876657557
2711_right.jpg,2711,0,53.0,1,4,0.0059302192640165,0.0017348252499092,1.043119576239642,2.175564255424082,6.056150442241202,1.07288774897986,0.1491253796483623,14.0,1.078154415048898,0.0005517639046989,1.044629526255872,0.002898359438404441,0.32110243087186036,0.46545639331195343
2712_right.jpg,2712,0,60.0,0,0,0.1155933074376917,0.0311755311377456,1.469714961366721,2.7652955123357845,6.996394032762324,1.102298944125257,4.987681937034294,17.0,1.1205182871631478,0.0193612744283058,1.404293203153075,0.0005427604774013162,0.5180112339449098,0.5447994696732451
2713_right.jpg,2713,0,57.0,0,1,0.1161308629455792,0.0295851106883189,1.4787355135750748,2.941531620185992,6.534902597438022,1.078470551795487,4.65174696357217,20.0,1.081368945402429,0.0200955468826317,1.423287405139502,0.0011011227034032345,0.3533188354234931,0.5347476212715268
2714_right.jpg,2714,0,55.0,0,2,0.0908733022767535,0.0269732957155042,1.4016902036933545,2.4563563228493304,5.696268441569778,1.0788388807158236,4.5272619906830265,18.0,1.0873421943743615,0.0158454169673905,1.3759654549231106,0.2400960922241211,0.29468813329863075,0.5538827947798316
2715_right.jpg,2715,0,57.0,1,4,0.0938722876627402,0.0275610663360198,1.422137989276531,2.4926684220488804,5.759670483241108,1.0830929559498528,3.273403595784253,22.0,1.093595755709157,0.0160595164290142,1.3489282808927574,0.012272016145288944,0.4629332724504975,0.45677276622420065
2716_right.jpg,2716,0,62.0,1,0,0.0897271413995494,0.022689389730172,1.3917976084066508,2.9920555003263765,7.07022434649237,1.0764343620747785,2.879107779652285,29.0,1.0850723561094542,0.014814777399509,1.348578332974249,0.16333843767642975,0.5401541182027182,0.4266051604152686
2717_right.jpg,2717,0,59.0,0,4,0.1310419392812574,0.0349872934233993,1.4966887980478136,2.8529258023399384,6.631136898418897,1.0737676575741852,6.4164422595981385,23.0,1.077931933079937,0.021866426850032,1.428131565824008,0.0023336445447057486,0.5858528290482404,0.5241677555043437
2718_right.jpg,2718,0,45.0,0,0,0.0892324551201534,0.0183706276717271,1.372876678119172,3.755096257629911,8.145517929503612,1.092572215793426,2.326050211670569,20.0,1.1064512274205134,0.0136823442450933,1.3688011675113434,0.01655750162899494,0.37074138571683485,0.5515462510341876
2720_right.jpg,2720,0,65.0,1,4,0.0397767482947444,0.0139180975421232,1.2699310553781622,2.0190902533939394,4.221967599530839,1.0830325659459423,1.0540210904601053,21.0,1.0876512101472051,0.0072677263761249,1.234464947268256,0.007651231251657009,0.31090371593444327,0.4394892346927792
2722_right.jpg,2722,0,64.0,1,0,0.1464227297510147,0.0333747299125623,1.516151740857169,3.4112750025136656,7.034545428405467,1.0933775230343852,5.805617818703176,9.0,1.104235023403526,0.027089517578401,1.494944701351777,0.027944276109337807,0.13327025653159597,0.4257169495512218
2723_right.jpg,2723,0,48.0,0,0,0.1257069123680682,0.0312503150233369,1.4752615197771404,3.042571000307865,7.29572151325902,1.0844547027649134,4.838758455226364,27.0,1.0983986724658137,0.0202118972973517,1.4068808869975633,7.683642616029829e-05,0.6235117442190554,0.5501983308100123
2725_right.jpg,2725,0,47.0,0,4,0.1519393540144528,0.0398750349343234,1.5372528483933905,2.870083942698524,6.568723945616272,1.1156164670453192,7.935082045753982,33.0,1.1215126955736576,0.0257366151634926,1.4749098486994323,0.16500824689865112,0.8275474491178113,0.5502267114088591
2726_right.jpg,2726,0,48.0,1,0,0.0890166333998669,0.0186294078509647,1.3669008463524812,3.750745291199473,7.146256504543479,1.0734666059282845,2.767797737857618,18.0,1.0759009521991607,0.01583499667332,1.405622232083625,0.0043608578853309155,0.13617013058906463,0.4328355912085405
2728_right.jpg,2728,0,36.0,1,0,0.0581012187606635,0.0142197232450712,1.3315540379358075,3.043306903431099,6.83257904011381,1.07614795362878,2.037209633964359,15.0,1.092997420086155,0.0099313969655762,1.3221671579317105,0.003920822869986296,0.20208207733457767,0.43819299686130203
2730_right.jpg,2730,0,50.0,1,4,0.1104525563618235,0.0304658505511549,1.4547337604647712,2.7036837726703244,6.629534896212471,1.1028905219184266,4.38103966603385,40.0,1.1178175846415344,0.0178816917863059,1.388792500892184,0.036276642233133316,0.8228675800770985,0.47198317416046315
2731_right.jpg,2731,0,69.0,1,1,0.1066091200613113,0.0288959925781013,1.440825506618843,2.729635129926934,6.520972966962339,1.090063710520859,4.789948167718775,30.0,1.0901307648229055,0.0179144061472682,1.3738404936521913,0.0195162333548069,0.6414396523787337,0.4345159345910767
2732_right.jpg,2732,0,43.0,1,2,0.1284676139010061,0.0316874427176977,1.4877836755232117,3.082973427465763,6.964957868340186,1.0822190632135582,5.308786040897686,15.0,1.096788137508781,0.0220815449569036,1.4563091949423694,0.0001920153881656006,0.29127765508958914,0.42166261933681665
2733_right.jpg,2733,0,56.0,0,0,0.1323613363443011,0.0348585198769342,1.493036282871843,2.855648502507185,5.857152710394753,1.0729595300257957,6.618066817215057,18.0,1.0821418951680517,0.0235320268966318,1.4312901642862117,0.008249292150139809,0.26777789311277,0.5466003242466938
2735_right.jpg,2735,0,51.0,0,3,0.0918145145104965,0.0271745674948821,1.4113611449543984,2.461871195138257,5.380087091806068,1.0741418084175125,3.7630955725926234,12.0,1.081007175732387,0.0165124633725364,1.3595038761364135,0.0002638237492647022,0.17196652216056196,0.5279850070155824
2736_right.jpg,2736,0,70.0,0,2,0.1075004169425225,0.0278921912982832,1.4449326583071618,2.816230271051744,5.872331084665925,1.0898246520079562,4.144155981988083,18.0,1.0959331978812674,0.0200890488151251,1.399716265808274,0.020366432145237923,0.22129069466788637,0.545140434207086
2737_right.jpg,2737,0,56.0,0,2,0.0822328101816439,0.0190813665225925,1.3888065484326928,3.3285460085667684,6.982898909199937,1.0854855243129298,2.350035480927849,21.0,1.0943042287958058,0.0133675547650425,1.3925962655211153,0.006038695108145475,0.3216670900428671,0.5533009457094274
2738_right.jpg,2738,0,55.0,0,4,0.0748884009864416,0.0204832315328345,1.346089830792691,2.701595500776616,7.521418559516852,1.0849237034880648,5.358833751287681,33.0,1.0890954880927943,0.011851867267411,1.3551218889148688,0.010187610983848572,0.7912713368234717,0.5328757970826702
2739_right.jpg,2739,0,46.0,0,1,0.1436920667794812,0.0385472179425656,1.5183952431993706,2.763027934981109,5.7922093087095865,1.090472987949468,5.253453893364989,29.0,1.109182371920488,0.0259793397822847,1.4510589900418895,0.04366502910852432,0.43375427272772427,0.5475050723774824
2740_right.jpg,2740,0,55.0,0,3,0.1450026614664431,0.03389763054866,1.5141652209003746,3.2566664724753385,7.468464980647438,1.0806071725210225,6.019391394757657,22.0,1.0828913917580338,0.0248983916783157,1.470339461069016,0.001318058930337429,0.46101310637179427,0.5275477136172481
2742_right.jpg,2742,0,53.0,1,4,0.1178836300222394,0.0338685816735409,1.4818701851667189,2.6123533527004086,6.257569984170449,1.0777702454516422,6.025217740592333,18.0,1.0859185658213442,0.0202408127675833,1.4058865368008873,2.1840538465767168e-05,0.541101762787181,0.46545639331195343
2743_right.jpg,2743,0,55.0,0,4,0.0315994215254997,0.0104810710848412,1.224038695603345,2.0838698613959616,5.407199904098984,1.0944939707977834,0.5542874131406429,23.0,1.0972657162297978,0.0041319607161393,1.2025414395447187,0.003828213084489107,0.5552293905854058,0.5328757970826702
2744_right.jpg,2744,0,40.0,0,1,0.0855687351729304,0.0189486827319265,1.457142176685938,3.5052377653811537,7.278223454251337,1.0790911892060309,2.946684979398177,15.0,1.0931706004368993,0.0141590710450742,1.4618225066991273,0.008446441031992435,0.29519698085762414,0.5544385433726462
2745_right.jpg,2745,0,48.0,0,1,0.0927191108821999,0.0230661637354258,1.432348825181888,3.030175565715104,7.156842593126606,1.084902253072335,4.948520240962639,22.0,1.0878604628305402,0.0153808088305838,1.3866643873790492,0.10437826067209244,0.5348305079520337,0.5451896764286238
2746_right.jpg,2746,0,62.0,0,4,0.0949124657458201,0.0259852334835554,1.4185728414384478,2.70978898652973,6.036230817775127,1.089789434374726,3.5831259998687868,44.0,1.101616219918378,0.0165782660698154,1.3876891654738237,0.0006683834362775087,0.6478542577973795,0.5176267747770391
2748_right.jpg,2748,0,55.0,1,3,0.142258976237831,0.0335920403961856,1.5034205618072891,3.2731804959194872,7.240354964363901,1.0758127078043187,6.380443939325966,21.0,1.0826780434086958,0.0233932995369193,1.4499635019746815,0.003127682488411665,0.5112921094388149,0.46384419502000407
2749_right.jpg,2749,0,54.0,1,3,0.0849465325137364,0.0239405894165978,1.4088414145426125,2.628295035582744,6.109248986020385,1.097105155050496,4.536326289285095,14.0,1.0985168420913178,0.0150055557254554,1.3993830186333096,0.0003605120291467756,0.2661315555002271,0.4639532848716164
2750_right.jpg,2750,0,59.0,0,3,0.0770653699619009,0.0232303990374974,1.3778498388089016,2.4731067190228115,6.254433309073096,1.0818177734283538,3.358732705033086,30.0,1.0902527160238602,0.0129035492279927,1.3269230399391896,0.0071660783141851425,0.6079393046890076,0.5271103779439077
2751_right.jpg,2751,0,69.0,1,0,0.0731195458525832,0.0212931928214109,1.3802601286323553,2.522331403693388,6.787072745394284,1.0844041223742529,4.177109440267335,34.0,1.0920013260292794,0.0111121176435063,1.326165134438385,0.010164777748286724,0.8020452458498122,0.4234985306150351
2753_right.jpg,2753,0,70.0,0,0,0.0963721544837527,0.0206819228382085,1.4082798573790427,3.591090459686127,6.730922422880197,1.0723808303125713,2.8530242056579973,15.0,1.0766353579164518,0.0167677738402706,1.3828869119194045,0.0007605524151585996,0.12169459580499278,0.540292305292595
2754_right.jpg,2754,0,51.0,0,3,0.1152975035341686,0.0282581488556387,1.4586212584216427,3.105944465131696,6.889547885952893,1.0761613912432129,4.661555844932331,22.0,1.0802810181425182,0.0194822632867008,1.4148941544921048,0.019389711320400238,0.40646064993909714,0.5279850070155824
2755_right.jpg,2755,0,61.0,0,2,0.1272592657114237,0.0282816514960149,1.44922321560099,3.500642832235295,6.323152567601159,1.0893864242950273,5.49845390009146,16.0,1.098976807252173,0.0243782936283262,1.4365040956271853,0.0160804595798254,0.10170267866380464,0.5503895407216627
2756_right.jpg,2756,0,66.0,0,4,0.1566330114595456,0.0336237536564652,1.5122833125344368,3.61172682958055,7.723070412376582,1.0837235805915564,6.290692919825119,18.0,1.1053802716084686,0.026798351838455,1.48931444073625,0.0019778285641223192,0.2465614165313374,0.508896449259807
2758_right.jpg,2758,0,57.0,0,0,0.1203450420431504,0.0306715274582475,1.4723992869994544,2.908691661089029,6.683375539425251,1.0796117294330851,3.8933524798632777,28.0,1.0887084011365589,0.0198813791569122,1.4050186436541954,0.0017962834099307656,0.5199679716084613,0.5461502230581671
2760_right.jpg,2760,0,62.0,0,2,0.1178259917157878,0.0323651824119802,1.4687476701386608,2.747776304392992,6.132559497493702,1.0775727525179226,4.331288832244703,25.0,1.079866928128725,0.0211088099410546,1.4043612648223318,0.0031140195205807686,0.3880625634656288,0.549806838729863
2761_right.jpg,2761,0,53.0,1,2,0.0999628278931452,0.0255131257723258,1.4222246937586138,2.9467076600835176,6.774165572324336,1.083197426251015,3.666978108643017,25.0,1.0950556905847513,0.0167073550538995,1.3820569422774638,0.09208501130342484,0.4715983232618369,0.4159318271582714
2762_right.jpg,2762,0,53.0,0,0,0.1454811895196948,0.0393440966168927,1.5314517003218209,2.7757978447144067,6.185198899144798,1.136026022942231,6.973394982187524,33.0,1.092099381264968,0.0256449127062331,1.4597001317838163,0.014421403408050537,0.866461215454482,0.5479501678702431
2763_right.jpg,2763,0,47.0,0,0,0.048623979662159,0.0133135263998856,1.2794441907135223,2.64339807319488,5.753219264170715,1.0736207011227556,1.1741223435481978,23.0,1.0796539596138108,0.0084179467152651,1.3133014317108378,0.00010422326886327937,0.21012408393473242,0.5506477204506859
2764_right.jpg,2764,0,48.0,1,4,0.1267029295360076,0.0345458523100177,1.4901025053209718,2.732234097763212,6.397742665210583,1.081756747997764,5.220659891410274,16.0,1.0946013751922197,0.0216682245778723,1.4239387525111276,0.003577938536182046,0.41589461866335725,0.4763398276100809
2765_right.jpg,2765,0,65.0,0,2,0.0625146982137197,0.0161092422367869,1.3004366807446968,2.844328029507892,6.700870319691612,1.0966931178275368,2.044968865349025,35.0,1.103859739395047,0.0096113536671404,1.2716089678562943,0.035100147128105164,0.7054351041405063,0.5480579189479594
2766_right.jpg,2766,0,37.0,1,1,0.1506422536347321,0.0349710632977758,1.5179995465366167,3.3754603941796835,8.005854881615042,1.079635208577623,5.494948680204069,18.0,1.091919140734641,0.0248482587566292,1.4706179225475358,0.0002201247843913734,0.39854143441019135,0.4715359114031214
2767_right.jpg,2767,0,59.0,0,0,0.1127611066609156,0.0321426370782461,1.4961032134282213,2.579806231990193,5.55359268467725,1.09373931694029,4.621356830365396,40.0,1.1053390056550771,0.0197441968962087,1.424212440135041,0.0019902768544852734,0.6851231371816445,0.5452497950476564
2768_right.jpg,2768,0,67.0,0,3,0.035848746981738,0.0107180533089528,1.2645950835547328,2.5379147909220388,6.437285138719954,1.072469504893849,0.797055582905502,20.0,1.088920400761318,0.0053777809034859,1.3134804259435862,0.0061063505709171295,0.2827294039513303,0.5262355824410622
2769_right.jpg,2769,0,55.0,1,2,0.0950991511324063,0.0251112920873948,1.413596067893023,2.8115604704527,5.589507281179605,1.080126374037597,3.847133885255485,25.0,1.086492267787925,0.0165226905955063,1.3638337072011713,0.24362428486347198,0.3281240767732554,0.41478833919539365
2770_right.jpg,2770,0,59.0,1,1,0.1269302750094497,0.0289944592464206,1.4963470766017142,3.4040956825491717,7.486545423321909,1.077438827246762,6.361264508753653,22.0,1.079476659053764,0.021231872700956,1.4624566674257995,0.0009265622356906533,0.41121858953195917,0.446026087699713
2771_right.jpg,2771,0,48.0,1,0,0.1346873820478031,0.0344445917961378,1.4984686745608269,3.004483164818009,6.455736655230771,1.0804133645960374,5.355667316147592,11.0,1.090359830710182,0.0224478970079671,1.4476694777902803,0.00021546836069319397,0.22337605155631152,0.4328355912085405
2772_right.jpg,2772,0,41.0,0,3,0.1350933348995193,0.035767773764426,1.5150230446621384,2.8761463807032515,6.317400814039843,1.0914444613676522,6.215800859444592,35.0,1.1005376997336338,0.0230816668134966,1.4497796756486558,0.00059611996402964,0.6900138111617159,0.5290780511824446
2773_right.jpg,2773,0,71.0,1,1,0.0425049938146317,0.0131900969844321,1.225257769870694,2.3354471853039,5.995791551701769,1.0928190625163796,1.553036185743128,23.0,1.0968049757273843,0.0067101873818487,1.238471401526511,0.01557827927172184,0.4344604085476944,0.43222194672190284
2774_right.jpg,2774,0,71.0,1,0,0.0684149937391444,0.0191561982469604,1.3532378036998314,2.574453861024398,5.375285331378644,1.0802239287635682,2.1711031223492347,14.0,1.0839005477419796,0.0126782324191137,1.309336956798011,0.001772232004441321,0.14835950167328446,0.42261202064619974
2775_right.jpg,2775,0,66.0,0,2,0.1127110554413539,0.0281878652275585,1.453365058827586,3.066577019717341,6.952974104690496,1.0756454310324584,4.141560560221826,13.0,1.0796161563532494,0.0188238978145692,1.4133032623698605,0.0027346950955688953,0.31660812271245714,0.5474746796498166
2776_right.jpg,2776,0,54.0,0,1,0.1258887136515486,0.0265291417457334,1.4626779276744026,3.7443198042390295,8.319698009275026,1.0882121635880406,4.837222426572475,18.0,1.0980448785763006,0.020553156539572,1.4290383043480588,0.002232225611805916,0.370907993198024,0.5382321495884841
2777_right.jpg,2777,0,78.0,1,1,0.0284042320466161,0.0072390271065767,1.2522583299969732,2.899970478395108,6.07958084792187,1.058034218609596,0.8452160770041565,7.0,1.060667265411524,0.0054093828928266,1.329286654164055,0.012697906233370304,0.07058243492139604,0.4242164687024748
2778_right.jpg,2778,0,56.0,1,4,0.1062201251771582,0.0319589080889796,1.4877093023772316,2.4299156675365543,5.22948124585015,1.0871172862853833,4.313418251921232,17.0,1.0926815320677472,0.0193047474009454,1.4243107367990753,7.238385296659544e-05,0.3465960343056413,0.45894141967186924
2779_right.jpg,2779,0,44.0,0,4,0.118087720004833,0.0328043819726932,1.470164920525346,2.68681769030734,6.4707108647020375,1.0831111844595211,4.78271376213299,27.0,1.0957298138578704,0.0188892021426557,1.3976492218181298,0.0190951656550169,0.6601215936975964,0.5567042132051743
2780_right.jpg,2780,0,57.0,0,3,0.0277775216457201,0.0071783570460392,1.2492293294063266,2.945309835118211,6.340636534437936,1.065712473190708,0.5993490147624273,20.0,1.066810231649088,0.0043752478077657,1.2611233892879616,0.00026684041949920356,0.2176057370075956,0.5273290510232628
2781_right.jpg,2781,0,56.0,1,0,0.1028896382992792,0.0266532383175906,1.425604841230459,2.965578907005035,7.200178650574268,1.0792610934135856,4.170926606951205,23.0,1.0986264691924643,0.0170957125926378,1.3771404341215194,0.004768019076436758,0.49243379345935023,0.4292726130887626
2782_right.jpg,2782,0,64.0,1,0,0.1341676529096265,0.03566590285297,1.4992994445530177,2.7767581719496777,6.104399514399922,1.0929569031182873,4.834688892805882,28.0,1.105628887375767,0.0230654949260947,1.4451446329221562,0.00247677112929523,0.48751001186476856,0.4257169495512218
2783_right.jpg,2783,0,51.0,1,4,0.1219756491627197,0.0289814222942535,1.4691710260979798,3.253017841629457,7.329115153723036,1.0900047486639948,4.680917459822125,18.0,1.105364450733248,0.0202940421483901,1.4225034917303785,6.177942850627005e-05,0.3801735167635127,0.4698064050730303
2784_right.jpg,2784,0,74.0,1,2,0.037397078621093,0.0088337173714648,1.2201794905797756,3.169318564737114,7.101599449720458,1.0833246928169875,0.907573702547761,11.0,1.09645057262172,0.006347973841709,1.2462546596654347,0.5423406362533569,0.2095337827220273,0.4039725745453258
2785_right.jpg,2785,0,52.0,0,3,0.1366443617838515,0.0358630170217927,1.5014578623633912,2.8478827307715644,6.100979092712589,1.084442063781549,7.025027291472931,21.0,1.100847616656876,0.0252547204140217,1.44995750467489,0.00024278476485051215,0.32956625490384345,0.5278756876657557
2786_right.jpg,2786,0,61.0,0,4,0.0597079529341525,0.0128361402024926,1.314875723896387,3.468716914194474,6.836583002193975,1.0837418033064812,1.343316997935272,21.0,1.0982032541640854,0.0098310903256299,1.3097974789322533,0.004977296106517315,0.1544838588559115,0.5198078840481443
2787_right.jpg,2787,0,41.0,1,2,0.1343743382375185,0.030423427148144,1.4868563190527817,3.4044998365910386,7.997091388830116,1.0869598905739717,7.462159791059526,12.0,1.0904947152407212,0.0221898413786844,1.446593168718715,0.004403487779200077,0.44155426110954155,0.4228113663354839
2788_right.jpg,2788,0,58.0,1,1,0.1356424050952328,0.0292410646694861,1.4782466316319114,3.6761924984713183,7.563603348662692,1.0803026144399133,4.643040989977088,21.0,1.0867846768591627,0.024078204959979,1.456052393257607,0.021713947877287865,0.20253446862518418,0.4471805030211666
2789_right.jpg,2789,0,54.0,1,1,0.1246431729190349,0.0348414803587217,1.4844629003220682,2.6542969840160664,6.004488855153416,1.0751343258171902,5.001894657067071,20.0,1.0816177890509595,0.0218517115068839,1.4244296875724145,0.22249335050582886,0.34804999638362677,0.45180373997928125
2790_right.jpg,2790,0,61.0,0,1,0.1317503220754288,0.0305504332230277,1.4845916656008962,3.277540944588942,7.162711096279195,1.0821009913206452,5.254250132619294,29.0,1.0884227708123748,0.0221032157021244,1.439711637844868,0.012935672886669636,0.4664336212245541,0.5300963609169413
2791_right.jpg,2791,0,77.0,0,4,0.0806251889119645,0.0212263920983609,1.3920830390442671,2.853357478495273,6.440845196126475,1.08139106650387,4.53388715008629,29.0,1.1004139049654384,0.013674788662357,1.3513747482966365,0.0022592763416469097,0.5377820064033254,0.4848760941537237
2792_right.jpg,2792,0,54.0,0,1,0.1279968067744885,0.0350951651938419,1.4945008041741998,2.6862764426589543,6.00210391722623,1.0865920911535671,5.002046291664772,32.0,1.0931847900036995,0.0225698391766328,1.425870921887268,0.06900587677955627,0.557579780050487,0.5382321495884841
2793_right.jpg,2793,0,70.0,0,4,0.110153213013223,0.0276928846923829,1.448346642084056,3.0271045337689326,6.777057365809302,1.0850837138765748,4.257324879502502,23.0,1.0966701072460308,0.0195279437627656,1.4140168315010366,0.004295894876122475,0.3468246381322315,0.5001606940517636
2794_right.jpg,2794,0,56.0,0,2,0.1164483994013816,0.0238792282459172,1.4459424008221389,3.871439260498593,8.26418775963729,1.094522458016256,3.879933688406053,13.0,1.1075050352585334,0.0184271655824687,1.430564963965808,0.06250910460948944,0.37741399141451837,0.5533009457094274
2795_right.jpg,2795,0,78.0,1,4,0.120009591787797,0.0288416895832164,1.4579473135007437,3.1978266421626627,6.51297626809969,1.0794249091589114,4.846914046356907,13.0,1.0855321545712842,0.0211580553160443,1.439653873722748,0.00035129726165905595,0.16813526325582967,0.41173144843403575
2796_right.jpg,2796,0,48.0,0,2,0.1351313109874727,0.0362981267276099,1.5090552311588696,2.7522077456362424,5.872852041527152,1.0821905849519629,6.165072338533218,22.0,1.093717704338501,0.0252818499259686,1.453927094396538,0.011634280905127525,0.23855451269668895,0.5579515181220939
2797_right.jpg,2797,0,59.0,0,1,0.0701277590104391,0.0145487795585583,1.3687217772078273,3.7170124203231385,7.743890386552039,1.0906207592836312,1.4731655279266465,19.0,1.0964122430228094,0.0118158035101978,1.3539854530911004,0.02903672866523266,0.3038228666058302,0.5324226954959468
2798_right.jpg,2798,0,60.0,0,0,0.005226175011661,0.0024525907684282,0.9269641682084312,1.4538193665018937,4.155559931887365,1.089741363582857,0.6018627652584749,18.0,1.1098710510096137,0.0004664436430753,1.1730670396011345,0.00245260214433074,0.0886877151993469,0.5447994696732451
2799_right.jpg,2799,0,53.0,0,3,0.1013952486680784,0.0272947764064014,1.428632118424832,2.806959193858233,7.456888252328561,1.0970235022561896,5.332813725842097,19.0,1.1075802142821658,0.0176598177613463,1.3717825794298184,0.0003046234487555921,0.5357845274960955,0.5277663656424777
2800_right.jpg,2800,0,63.0,1,4,0.0507648523657061,0.0154698378817909,1.2834429365419453,2.4510247226986785,6.6199394834987615,1.0796248351528377,1.7279056766783554,31.0,1.0852437576802554,0.0070844132743812,1.2524682541398724,0.006637775804847479,0.6820625498094147,0.4437980482672972
2801_right.jpg,2801,0,70.0,1,0,0.0806889158433531,0.0206604291128346,1.3621854983191628,2.928618289746894,6.829217899429491,1.0986900580609518,2.6674853665779183,26.0,1.1134426628273737,0.013428020675528,1.324746986701842,0.008134359493851662,0.5105505242026557,0.423055213692908
2802_right.jpg,2802,0,65.0,0,2,0.1274695069575674,0.0357529027759531,1.498795652012474,2.634474671810173,6.177184111946462,1.0764639725516525,6.265347575209434,31.0,1.0820569223911989,0.0210343886738684,1.425261486914799,0.003947562072426081,0.6289863394884044,0.5480579189479594
2803_right.jpg,2803,0,71.0,0,4,0.069948238909782,0.0164280803914432,1.3600716731147455,3.3109850528577573,7.619143775308369,1.08088231544619,2.57794492296494,18.0,1.0914467988968022,0.0110649439928828,1.372443259847095,0.021691083908081055,0.2599113259380523,0.4979765315502441
2804_right.jpg,2804,0,60.0,0,3,0.1332619261744288,0.0361145074421753,1.502009077359089,2.751016322848422,6.380072282947777,1.0807164836487766,6.820730980265352,17.0,1.0803709580807572,0.0213261521982963,1.4216701954158255,0.00016280205454677343,0.5618227234710147,0.5270010374982788
2805_right.jpg,2805,0,49.0,0,2,0.045574323255425,0.0126738473081634,1.3012431498215742,2.6519585758146973,6.284199933849431,1.0848845510329714,1.0847800834376682,17.0,1.0965178175711934,0.007738097928522,1.3488477644535446,0.003978349268436432,0.2237365668444236,0.5573707349492208
2806_right.jpg,2806,0,75.0,1,1,0.0743287393065733,0.0215677995918654,1.3651033731233273,2.508550243067144,6.088465446507578,1.0839110067510471,2.814720990781789,23.0,1.0897960394946309,0.0118218281612835,1.3334790966269952,0.011895411647856236,0.5030966645599766,0.4276427746340011
2807_right.jpg,2807,0,54.0,0,0,0.1262676024313713,0.0347122220369556,1.4856440296425637,2.663122677155416,5.747043587181398,1.087940248428917,6.012742972922446,17.0,1.104132225488761,0.0222218853738764,1.4210787521680317,0.05873963236808777,0.30488447184077644,0.5475002973750372
2808_right.jpg,2808,0,25.0,0,1,0.1307281913578065,0.0288207711449063,1.481324347231861,3.5460654358288326,7.408970961750715,1.0791076431568625,5.249317336375245,14.0,1.08065921645397,0.0228547200952952,1.4888622474428157,0.0305995624512434,0.17862215788890698,0.5716741200464645
2809_right.jpg,2809,0,60.0,1,0,0.0795185836415449,0.0177196386345722,1.398144296367804,3.450616748416807,6.858861114776719,1.0784481407536688,2.374744841245781,16.0,1.0837749659601483,0.0136724671072576,1.388415253114894,0.011959322728216648,0.16480575693532512,0.4274938449530914
2810_right.jpg,2810,0,48.0,1,3,0.1614727876396443,0.0381114329252908,1.5387041419238454,3.264848151280761,7.367184162965022,1.0803014505192892,7.77063507281186,16.0,1.0900471202283606,0.0256531874741399,1.4908514384331573,0.007363702170550823,0.5587643636656114,0.46460789606663866
2811_right.jpg,2811,0,47.0,1,4,0.1249899775497113,0.0347578576010263,1.4925126342540134,2.626848537638954,6.043907986040758,1.0830638143257962,5.762908915971777,23.0,1.0881302148534893,0.0226407152020526,1.42443380660838,0.0039063203148543835,0.4929709882533857,0.4785195470382837
2812_right.jpg,2812,0,63.0,1,4,0.1109401291473113,0.0304363875186362,1.4654663998968758,2.7515919376920346,6.488832287163708,1.0886435899702591,5.512969860833465,40.0,1.096078659579074,0.0186769831111366,1.401800736725872,0.24135370552539825,0.7945267477719334,0.4437980482672972
2813_right.jpg,2813,0,65.0,1,0,0.1479565571599218,0.0363256513677097,1.5269509320298604,3.1776760037380374,7.291682057636709,1.0882558111600091,7.0971966073401,18.0,1.0993285496045897,0.0258747794621124,1.477523046964455,0.0026778611354529858,0.43444119703971457,0.4252730234583533
2814_right.jpg,2814,0,62.0,0,4,0.1133173657556351,0.0297514538276516,1.4601681765409191,2.8721893438851382,6.2698046001366645,1.0842228552861866,5.175930906396841,29.0,1.0937493029778431,0.019029157744106,1.3948140703619436,0.005155874881893396,0.583212715861205,0.5176267747770391
2815_right.jpg,2815,0,74.0,0,2,0.0003680969388262,0.0002039456012415,0.5928652600883709,1.1010276981397793,1.8284271247461903,,0.0,3.0,,0.0,,0.01821759343147278,0.00089246174205837,0.5428042032533757
2816_right.jpg,2816,0,55.0,0,0,0.1067446813719489,0.0285259627390016,1.454270331372957,2.7928410734318923,5.980878518031531,1.0869243636222916,4.161872352926776,17.0,1.0845118854698887,0.0198105123999314,1.422710990169018,0.0003370491904206574,0.2409568622624288,0.5470503492598359
2817_right.jpg,2817,0,57.0,0,0,0.0602900975456731,0.0158144491084454,1.3046141139422094,2.7561391597294183,5.879299796512686,1.0781349994708167,1.8423634036916976,32.0,1.082874246481659,0.0102973176184714,1.293715151534074,0.008660811930894852,0.406754543148222,0.5461502230581671
2818_right.jpg,2818,0,49.0,0,0,0.0525535032653725,0.0165937008158908,1.30231217713724,2.3589821667785595,6.043952166910636,1.076741484115225,1.899524214411057,39.0,1.0975173445182491,0.0072679414584727,1.2922698745884973,0.0015578786842525005,0.6846478511853124,0.5497488592277772
2819_right.jpg,2819,0,74.0,1,3,0.0199894306398567,0.0057618405052769,1.1538469263143722,2.606082572064761,5.2419471430404405,1.0765866355282854,0.4617681615983335,16.0,1.0792450376380915,0.0035863993884137,1.2506791826053585,0.0003666846314445138,0.10372791668841402,0.4617721570444871
2820_right.jpg,2820,0,59.0,1,0,0.13047246848436,0.0351119964720731,1.4937713342947117,2.787698948933538,6.653530233731312,1.084890929492922,5.271614888256971,25.0,1.0960301185015435,0.0212993516927459,1.422500974540386,0.00010810748062795028,0.5867329999812518,0.42793836313534545
2821_right.jpg,2821,0,47.0,1,1,0.0806229299100989,0.0232261515357238,1.378857051531554,2.568437177795176,5.631619006652519,1.0762491186532963,3.3944331296673456,23.0,1.0841254153461517,0.0144006253985887,1.3315029464267245,9.226007387042046e-05,0.32783525250795925,0.4599139835646433
2822_right.jpg,2822,0,64.0,1,2,0.0990291554103159,0.0256218768325506,1.4419207696793566,2.838528233873757,6.0512616497080485,1.079446160680445,3.358109835252134,17.0,1.088027607379506,0.0173268443290546,1.4067602548027118,0.0008980064303614199,0.23989956744341082,0.40965416114161035
2823_right.jpg,2823,0,59.0,0,3,0.1301183766640405,0.0347706199624265,1.4962995047873209,2.812678220036433,6.814420229139812,1.0802825703421612,6.46425469163485,27.0,1.0823874005088632,0.0228673009716582,1.4260677745429258,0.008935404010117054,0.6069074775065764,0.5271103779439077
2824_right.jpg,2824,0,60.0,0,1,0.0823521663356705,0.0186387954444129,1.401805776100362,3.3873086875539804,7.190084323406436,1.0872554764418785,2.8371093908320835,19.0,1.0970520120794418,0.0137295829449195,1.376123921479626,0.018701985478401184,0.3430899912213605,0.5312596980425266
2825_right.jpg,2825,0,64.0,1,0,0.0520609237544061,0.0133169711844377,1.3151215740682358,2.941867374582721,6.069535949129408,1.074862708243097,1.767516084396368,10.0,1.0751428227005355,0.0097162884182246,1.2820307669587772,0.004315534140914679,0.12028132444287164,0.4257169495512218
2826_right.jpg,2826,0,54.0,0,1,0.0795685795685795,0.0249461468973664,1.3921336064093828,2.276071341075997,5.11967572645323,1.075734162681659,2.829149170612585,26.0,1.0876337491088564,0.0141953800490385,1.3139166452207154,0.0026145034935325384,0.4062584435095359,0.5382321495884841
2827_right.jpg,2827,0,66.0,0,2,0.0959538856023743,0.0262674392779987,1.4183014650879051,2.7062098927664144,6.611114972904294,1.0922055741103829,3.7351854469098913,24.0,1.0923675877556096,0.016732621292576,1.3635164995789586,0.016792967915534973,0.5276346903251672,0.5474746796498166
2828_right.jpg,2828,0,60.0,0,0,0.144838843351088,0.0390838984849556,1.5179193201474388,2.843350938237233,6.805314911999062,1.0751712758174656,7.479204778605432,18.0,1.0816981671208168,0.0248986769893168,1.4438034012251308,0.00045708994730375707,0.5045484159058138,0.5447994696732451
2829_right.jpg,2829,0,47.0,0,4,0.1191705386336258,0.0276352151598894,1.45294341497693,3.264265049546047,6.718052350353158,1.0916078745014506,5.061394717928472,20.0,1.100144482929777,0.0205948151072509,1.4164926955993342,0.0011257656151428819,0.3213094176840944,0.5502267114088591
2830_right.jpg,2830,0,60.0,1,4,0.1095941649523097,0.0283563908026223,1.445106912065397,2.926051704375295,6.1898997246733085,1.0901325177695813,4.549153604698771,19.0,1.0825907134030954,0.0201931873897462,1.4319767858058388,0.012007939629256725,0.2701481613877915,0.45027695311047644
2832_right.jpg,2832,0,63.0,0,3,0.0963125276446035,0.0244340164622025,1.4092754563525434,2.982972115309911,6.536982112853736,1.0699434877407763,3.914730061568027,19.0,1.0741362635445688,0.0166198085341115,1.3748660462733326,0.01074148342013359,0.29448919568257653,0.5266730006627107
2833_right.jpg,2833,0,84.0,1,1,0.0015395331933451,0.0007420045226942,0.9078142761170288,1.396879194079382,3.1857947256779675,1.0641821714589832,0.1009529962849297,3.0,1.064482222689367,0.0001312388951704,0.8979473654381768,0.002456794958561659,0.013954660351040836,0.41738597598351196
2834_right.jpg,2834,0,59.0,1,4,0.0185118913723645,0.0043761886259994,1.2721700493889403,3.241435048169998,7.311688598391838,1.0757821359523572,0.971350279135396,8.0,1.0719232379611876,0.002801578699822,1.3214803433028397,0.0004695555835496634,0.12079721515441237,0.452440452319039
2835_right.jpg,2835,0,56.0,1,1,0.0715537929118144,0.0169601131684643,1.345596291676776,3.2801245010903517,6.754063646935992,1.1087378000095414,3.0818197893247783,26.0,1.0943802163074503,0.0129486952787531,1.3494442458279683,0.13707146048545837,0.4243713469103484,0.44949103077515556
2836_right.jpg,2836,0,53.0,0,2,0.1586623438273288,0.040587219343696,1.540038297659179,2.977994550804206,6.36599778357141,1.0785929315120668,8.534577664656748,17.0,1.085358990362572,0.0279015039036855,1.484374869110003,0.02176261693239212,0.2926528716867446,0.5550460485269826
2837_right.jpg,2837,0,49.0,0,4,0.113559254579283,0.0281522680012337,1.4683235182099006,3.011587865666751,6.591130305405298,1.083626808535927,4.825534539882794,21.0,1.0889987306280942,0.0196354482772344,1.431976696528913,0.023886846378445625,0.37321803005289383,0.5458987565823558
2838_right.jpg,2838,0,52.0,0,3,0.1295932442221626,0.0286386234408025,1.4752957283386845,3.5753955500241417,7.36649743087813,1.0762185393513342,5.358578190586765,8.0,1.078708974877569,0.0227193791987933,1.444927076366931,0.0019093034788966179,0.1465044799504482,0.5278756876657557
2839_right.jpg,2839,0,47.0,0,3,0.1290071552734769,0.0314458099203622,1.4762290546380168,3.174380445197308,6.932628552510813,1.082834154592165,5.103690827505356,16.0,1.0895304194186135,0.0234971904434652,1.4342619337471625,0.0023028466384857893,0.22014983932525148,0.5284222574720198
2841_right.jpg,2841,0,78.0,0,0,0.1088239828523401,0.0272830806109102,1.4437009963447576,3.089031752705045,7.449757110228816,1.0798505914784355,4.873754830239162,31.0,1.088423988074995,0.0178737498570199,1.3914425773368817,0.013174442574381828,0.6928427298399532,0.5366817863050625
2842_right.jpg,2842,0,45.0,1,3,0.0926604820056209,0.0187181336583182,1.3910017453353003,3.887313491663698,8.051752942377615,1.0755369471667442,2.735842017559132,29.0,1.074479835395632,0.0144054517870022,1.3936678781919345,0.00022809571237303317,0.4498467289903389,0.46493524753960525
2843_right.jpg,2843,0,60.0,0,4,0.1061789111714165,0.0282102025021308,1.4480686788784756,2.8437503989338584,6.122874999389323,1.0728916339595256,4.506578625101643,23.0,1.0815698655975283,0.0187071997491991,1.4052061758476129,0.005018154159188271,0.3365344489423379,0.5219882385490794
2844_right.jpg,2844,0,50.0,0,4,0.090010029622373,0.0213654281249271,1.3816816064212054,3.3087100325407577,6.2467425430847605,1.0905118054496463,3.0905231730926226,19.0,1.0870027681479186,0.0173827350546964,1.3901887513624602,0.007295742630958557,0.11542339058110526,0.543732133544378
2845_right.jpg,2845,0,50.0,0,1,0.0928623765127971,0.0247707117410748,1.407138263030916,2.7660029398695016,6.9777025609281385,1.0848176536369625,2.678187927941585,20.0,1.0922232868198327,0.0155941281992976,1.341340500885512,0.002946241060271859,0.46932653778095945,0.5428723247515318
2846_right.jpg,2846,0,87.0,0,2,0.0797551584758463,0.0197760497353269,1.359857336306115,3.0365450743373827,6.653701380183084,1.0785592497689265,3.179104703561102,24.0,1.0903608540620553,0.0134329789220311,1.345941055782445,0.03160670027136803,0.3608821124133694,0.5351989655281765
2847_right.jpg,2847,0,57.0,0,4,0.1358426496445611,0.0341231415659463,1.4941494313769852,3.079462018602638,7.40671577872855,1.0766495520029624,5.743449193146151,22.0,1.0817778220577037,0.0239663050980668,1.438422630556767,0.0036476897075772285,0.45209974601704056,0.5285239463257686
2848_right.jpg,2848,0,61.0,1,2,0.0865317708645343,0.0208288211900998,1.4245021525823642,3.2393921117355258,7.781301673636344,1.084445906186981,3.686517024796435,22.0,1.111644455073261,0.0140225891330694,1.396842291287543,0.00577492406591773,0.45949773064826477,0.4113634251714172
2849_right.jpg,2849,0,50.0,1,4,0.0751611799958141,0.019545786349088,1.36249116331601,2.8993912951987064,6.314589824746648,1.0791107699512843,2.1950086524178274,19.0,1.0911856469920331,0.0128433529522866,1.366351915450304,0.0005487561575137079,0.19933228946595952,0.47198317416046315
2850_right.jpg,2850,0,44.0,0,0,0.0197321290931019,0.0064882069697217,1.145455973710304,2.24384437751122,6.142026613140219,1.0799842548068148,0.7707862926992936,23.0,1.0995137739955303,0.0025798670620346,1.214622569053116,0.013361639343202114,0.3309266501097004,0.5519953905417821
2851_right.jpg,2851,0,40.0,0,0,0.08969159671791,0.0241788570265615,1.4191028923116211,2.7609455427723137,6.444236737179862,1.0820121507857616,3.0775798309316627,28.0,1.092687915577342,0.0157651508758692,1.3716096477186646,0.0007650002953596413,0.4705573124283837,0.5537910932922383
2852_right.jpg,2852,0,64.0,0,4,0.0805285741338617,0.0187568993150336,1.3948574654183266,3.220650147162132,6.813755031010684,1.079389182194959,2.5865214519622923,21.0,1.0839762377248117,0.0147385534878779,1.4142406039984288,0.007521824911236763,0.1584486738690469,0.5132626235884833
2853_right.jpg,2853,0,69.0,1,3,0.0375904283164407,0.0088110450265214,1.1991626308264065,3.206807425121523,6.918806208003766,1.1037894446062686,1.1983525805576754,18.0,1.1177283219147518,0.0060232984970135,1.2266671417589925,0.14668205380439758,0.23268828043740172,0.4623173051154003
2854_right.jpg,2854,0,28.0,0,1,0.1211182630803688,0.0340856353033757,1.4808562987746885,2.598186321327089,5.8583963533539904,1.0943805321895728,5.195827195867552,22.0,1.111249210179012,0.0209649105107044,1.408474236095011,0.13609716296195984,0.5111905213982868,0.5682395119575201
2855_right.jpg,2855,0,45.0,1,2,0.0901920334920972,0.0219741326133341,1.38655928739198,3.049638426204838,6.882113486217783,1.0801713655016294,2.8820192336862545,27.0,1.082198196261168,0.0156336902992243,1.342128102265398,0.005702140275388956,0.4679930582481877,0.4205147195285943
2856_right.jpg,2856,0,59.0,0,2,0.0343399372836194,0.0084558357048342,1.2436474612234496,3.0958568294597355,6.95287623180112,1.0721337499610075,0.7703601660352735,15.0,1.08946611463236,0.0061583497978937,1.271173690717522,0.0057036541402339935,0.18255212091314854,0.5515545284011917
2857_right.jpg,2857,0,55.0,1,0,0.1436944431952751,0.0373151854017078,1.521461058944532,2.874983660288332,6.551304290375637,1.0832057950868712,5.746178791103916,20.0,1.0876839086398145,0.0242238911124102,1.4572886880155378,0.0009430714999325573,0.4331364427806749,0.4297175925803758
2858_right.jpg,2858,0,50.0,1,1,0.0887385086823289,0.0212057371467483,1.3758844008465985,3.232213064608805,7.493095329680412,1.0740270094947606,2.9260299625468167,16.0,1.07939074554488,0.0160027238678924,1.358560418620667,0.0030794937629252672,0.22143126357193246,0.45643531052261466
2859_right.jpg,2859,0,69.0,0,0,0.0743722602722208,0.0179127686020163,1.3341839884043198,3.1039243908769336,6.914456029174547,1.08825487190396,2.6086556216528645,25.0,1.1005210693761822,0.011902630650169,1.326747733749036,0.00781798642128706,0.4208758531904587,0.5407433307891996
2860_right.jpg,2860,0,66.0,1,2,0.1295891040629933,0.0356286348102404,1.4997232800065765,2.6640157496538315,5.999614252755228,1.0912905634108885,5.495933009572916,27.0,1.0998037777804317,0.0246617503047744,1.4446644138817937,0.03988315910100937,0.331042806640397,0.408515860589784
2861_right.jpg,2861,0,78.0,0,3,0.0770094974565956,0.0206020950577857,1.3577991756814334,2.7857290715271024,6.348146106810611,1.0819915418145605,3.120741488177591,22.0,1.0893215511615906,0.0129354734684961,1.3288062052562033,0.02068176493048668,0.3753689054992016,0.5250324766839884
2862_right.jpg,2862,0,51.0,1,2,0.062580827675396,0.0161806902683478,1.31355231015546,2.890400653243584,6.381650145681066,1.0881699529362103,1.7681053992887164,23.0,1.0967635511140676,0.0104368735855156,1.3355784600003398,0.003301793010905385,0.3294506678866992,0.41707622081819135
2864_right.jpg,2864,0,65.0,0,0,0.0739458717395567,0.0198568346734653,1.3812930677784137,2.791982173035504,7.158091031736951,1.0912828797353342,5.000980584428319,20.0,1.1063931136309286,0.0131986664051774,1.362158648446783,0.00328224990516901,0.5177636788940221,0.5425467581043051
2865_right.jpg,2865,0,63.0,1,2,0.0699443321440038,0.017618356373766,1.3574839692536187,2.9497661748866597,6.09015691442773,1.0784719107521932,1.7636445035340722,17.0,1.078614058046358,0.0122279352245029,1.3733616918369953,0.035447005182504654,0.1881070703698364,0.410223675482818
2866_right.jpg,2866,0,58.0,0,3,0.1036237493191135,0.0306566134380703,1.4591881772634043,2.495218525202991,6.1084686612611865,1.0836976889085492,4.7303689687795645,19.0,1.0964145984210183,0.0169098745257685,1.3792513912268722,0.1783594936132431,0.4895968983606881,0.5272197157890441
2867_right.jpg,2867,0,51.0,0,2,0.1290223192371562,0.0317503420472704,1.4674916270745728,3.156520716079773,7.307028445171963,1.0742092512052623,6.579840621638276,21.0,1.0761962259204791,0.0227735594848924,1.4276755020923584,0.005195838864892721,0.38411090002536785,0.5562086993872454
2868_right.jpg,2868,0,53.0,1,1,0.1192014092777451,0.0298526030832926,1.474702836171114,2.900580650882433,6.153036900141362,1.0790772329317215,3.732197418314639,23.0,1.0868122940359797,0.0216168874468783,1.4267776489041095,0.0011352990986779332,0.26970604444503843,0.4529608820255349
2869_right.jpg,2869,0,47.0,0,1,0.1204220227989328,0.0287513137682916,1.4641576602346678,3.1966711183851864,7.283787089301501,1.0899354617133603,4.800307219662058,28.0,1.1035095358328584,0.020272455331878,1.4231195412952098,0.001222912222146988,0.5458911281404597,0.5463476250288453
2871_right.jpg,2871,0,57.0,0,0,0.1259854472589639,0.0286045358404258,1.4662989082041034,3.4425727556534174,7.591749730918779,1.0856591891491678,4.705858540880248,15.0,1.0912791937255837,0.0217430904840456,1.438618264442294,0.002190204570069909,0.2874611643178756,0.5461502230581671
2872_right.jpg,2872,0,72.0,0,4,0.039792967793983,0.0096899049138423,1.280147981594712,3.1894663491005195,6.996450126182334,1.0911955705791532,1.359668603439055,19.0,1.0942423874676634,0.0066759728428857,1.3887938677030265,0.005080418195575476,0.12856305614670335,0.4957924462719746
2873_right.jpg,2873,0,35.0,0,0,0.0952048840641235,0.0231720136656761,1.4059951692719057,3.15746163728485,7.305719550920259,1.0883700008069122,2.729092122020741,25.0,1.0932892981977502,0.0167434855560272,1.3727030147691075,0.007830571383237839,0.4554268103211972,0.5560337437368715
2874_right.jpg,2874,0,45.0,0,2,0.1191040297444342,0.0294867973710931,1.4708181013557151,3.0647050406952943,6.265189270234057,1.0825331762469603,4.74860194086475,25.0,1.0917203516360243,0.0216010871267422,1.4471045790128751,0.005087945610284805,0.25976192193856795,0.5596929106670745
2876_right.jpg,2876,0,67.0,1,4,0.1091528296556703,0.0255186917354593,1.427317680060043,3.3514781337870616,7.399425774387978,1.0962508560896036,3.871224248511671,30.0,1.0954461873883254,0.0186812726911286,1.39584757833026,0.16688662767410278,0.4841249511370847,0.4351895229224846
2877_right.jpg,2877,0,43.0,1,0,0.054593235314107,0.0130581545501914,1.3971639415090027,3.091906624801917,6.786898384881328,1.0728869948750577,1.767064633787182,18.0,1.069629074338186,0.0095965202419519,1.3930011368824655,0.010772156529128551,0.2273249491391218,0.43506600954999014
2878_right.jpg,2878,0,56.0,1,3,0.0616163747626081,0.0152533687034636,1.3689880896177102,3.0838909629924216,7.179188309792494,1.0848666136827223,2.763291431786895,13.0,1.08805679480164,0.0103698791185602,1.3918620865494618,0.0011168986093252897,0.21478439341732292,0.4637351086285806
2879_right.jpg,2879,0,53.0,0,1,0.1472863918866469,0.0323354621475989,1.5122622352752315,3.567252039860324,8.597430993742886,1.0835227578400748,6.552782664361431,20.0,1.1022043117534552,0.0228843333047699,1.4649058514768425,0.012269916944205761,0.5695556577019345,0.5393928463794297
2880_right.jpg,2880,0,49.0,0,1,0.1253549736738385,0.0344766601651322,1.4845046210532853,2.6986170366505338,6.033153020354888,1.0830577770967231,5.659366757283908,19.0,1.076271664707564,0.0221574314559731,1.4218382960818388,0.2447439283132553,0.3577810031390458,0.5440312388910755
2881_right.jpg,2881,0,66.0,0,2,0.1182208467968264,0.0291519389958383,1.4585457737537746,3.0655979827241904,7.49942703085109,1.0830769452455795,4.85444257346137,22.0,1.0925336515815338,0.0201611068129067,1.4035536536629842,0.016066620126366615,0.5138771542884336,0.5474746796498166
2882_right.jpg,2882,0,48.0,0,4,0.1545027289266222,0.0399130786335152,1.538234998427821,3.007030446289056,7.267223125170409,1.0841741054567784,7.529816050131393,19.0,1.083307922208777,0.0258591065292096,1.4749798159611116,0.00026324583450332284,0.6253173280422464,0.5480636426814862
2883_right.jpg,2883,0,72.0,0,2,0.0310454581736909,0.0102570242656449,1.192868499574233,2.1347297553558024,5.059996933270032,1.0755560109740936,0.5986590038314177,30.0,1.083297527176082,0.0044999201787994,1.2008107934276735,0.12950322031974792,0.44472440775590766,0.5439725606020803
2884_right.jpg,2884,0,82.0,1,1,0.0011552179023462,0.0006961575132042,0.7652412142804078,1.1144854338639374,2.215306913324872,1.0511293326570594,0.0,4.0,,0.0,,0.029810667037963867,0.002390884387868243,0.4196594223903464
2885_right.jpg,2885,0,56.0,1,0,0.0643050256462086,0.0166510852262677,1.3368330978047205,2.9261587186007603,6.699270654711376,1.0843023912652996,3.284736084089244,26.0,1.0959383278456427,0.010971018520858,1.3290597699416098,0.031165722757577896,0.4512384636674916,0.4292726130887626
2886_right.jpg,2886,0,66.0,0,4,0.1440137786128452,0.0361638079075499,1.511045212934008,3.075176630275133,6.712782569985262,1.091608058855107,6.818595066367658,17.0,1.0934036207254365,0.0235064751399074,1.4483806030207014,0.007594924885779619,0.5411142712580546,0.508896449259807
2887_right.jpg,2887,0,49.0,1,0,0.1184778815112119,0.0271136899048948,1.4390769985420533,3.333733460696027,6.442455082505627,1.072822012759192,4.635284879155397,20.0,1.0841600534792482,0.0228819474740424,1.4391873273832052,0.00034264865098521113,0.13382875639847944,0.43238983101780143
2888_right.jpg,2888,0,14.0,1,1,0.0610758677600701,0.0193924390118108,1.2787487586362385,2.365506812343901,6.808406173783681,1.0738877720549171,5.776471195007479,22.0,1.0729776582318131,0.0090257362421991,1.357323151982419,6.587607640540227e-05,0.5850163326086981,0.49836298277953267
2889_right.jpg,2889,0,61.0,1,1,0.0879141171655869,0.01766267730054,1.3775095468190146,3.937478557161767,7.589951583208749,1.0777779570353276,2.146072686982821,22.0,1.083061026499121,0.014483495203777,1.375142780449977,0.0017480113310739398,0.20170470242375516,0.4437190149792415
2890_right.jpg,2890,0,53.0,1,1,0.1184113555369347,0.0303776765973771,1.4686301806439774,2.929145876738941,6.38615829528133,1.0901534199614855,5.350670852977699,24.0,1.1079405362783106,0.0191766024249644,1.4285033076250135,0.27194133400917053,0.5310805060094219,0.4529608820255349
2892_right.jpg,2892,0,72.0,0,2,0.0816836289903907,0.0232199355464349,1.398389172468118,2.563480211606526,6.151984847748557,1.0859505171907782,2.6447511485076745,25.0,1.1039674986303485,0.0132041649932901,1.334046938496565,0.0018310011364519596,0.5278517355391316,0.5439725606020803
2895_right.jpg,2895,0,33.0,0,2,0.1477979810203814,0.0378735162718462,1.5201577653937537,2.978444105570206,6.857628951265428,1.0870180436727883,7.815730291753648,21.0,1.1076364250932451,0.0254893655643965,1.465083728714886,0.018772318959236145,0.42608838735562654,0.5666433884101691
2896_right.jpg,2896,0,62.0,1,3,0.0934070100757832,0.0236904767923316,1.408018876837975,2.917534155525214,7.93770485290989,1.0901970169242952,3.8928013508526247,27.0,1.0952129636578758,0.0146409775481418,1.3493426616906212,0.0014823686797171831,0.7339052022852163,0.4630806635223706
2897_right.jpg,2897,0,66.0,0,1,0.0979685419357422,0.0277135333753842,1.427205222726205,2.589795039587879,6.331324767819609,1.0789816471950484,3.754542997026402,26.0,1.084787601500889,0.015323541485197,1.368725898579355,0.0020098083186894655,0.5950467875806938,0.5242750198456096
2898_right.jpg,2898,0,54.0,0,0,0.0564586705844476,0.0165825522710886,1.330343377819137,2.620683125355923,6.558914306834551,1.089760520596896,1.9951662562972436,34.0,1.1100567634641312,0.0084205084953272,1.345786460332582,0.01413283497095108,0.6205843073348509,0.5475002973750372
2899_right.jpg,2899,0,55.0,1,1,0.1304614058206008,0.034065358068356,1.4944225128309223,2.9440274725959577,7.092482408874093,1.092619996393513,6.613205837256352,15.0,1.101977595060937,0.021867667301861,1.4357994026909489,0.001558473682962358,0.5064891134958225,0.4506471188101171
2900_right.jpg,2900,0,65.0,0,0,0.1391914558241047,0.0329803572872039,1.4965213948603295,3.274164136159176,7.325303815796585,1.0882437951963162,5.254223587422197,22.0,1.1020513625662716,0.0225072750788133,1.4570114124495868,0.011554494500160217,0.4578274519373599,0.5425467581043051
2901_right.jpg,2901,0,59.0,0,3,0.1390211359432331,0.0346504129140512,1.5012886827975804,3.035734140547554,6.784193058596686,1.0843232089796182,5.812131687741962,21.0,1.0990724488856545,0.0239712526912696,1.4463094296511925,0.06403910368680954,0.409480816309832,0.5271103779439077
2902_right.jpg,2902,0,60.0,0,1,0.1036755044638619,0.0290912905981624,1.4521534982605466,2.629166208181566,5.938540406302564,1.0777851521344168,5.2956840175257165,20.0,1.093333577150834,0.0177055699604822,1.3801708364815677,0.39355745911598206,0.4271442513237766,0.5312596980425266
2903_right.jpg,2903,0,19.0,0,3,0.1495641818527525,0.0393487245689353,1.5374925003131956,2.8600425050212137,6.615639975205299,1.0929666758190006,9.10664785293264,33.0,1.103930988036553,0.0243227556115964,1.4734736066909595,0.002108244691044092,0.8508228885488766,0.531481752331437
2904_right.jpg,2904,0,26.0,0,2,0.1326395746296999,0.0318723889099886,1.4908342850339409,3.133732271088133,6.650578263820265,1.0866415299266037,5.570325357640208,29.0,1.0970351101075857,0.0225547537662995,1.4378604628854423,0.018926216289401054,0.48928018561195397,0.5706859376838148
2905_right.jpg,2905,0,38.0,1,3,0.1387858676556705,0.0378534212225408,1.51562131083494,2.697380657430536,6.035348300440584,1.0935945661122082,6.106197790757619,27.0,1.1074581997049466,0.0241595219147434,1.4576906635779951,0.00037188426358625293,0.5134784895648761,0.46569918464912535
2906_right.jpg,2906,0,58.0,0,1,0.0902708074035411,0.0226241618822017,1.3911982890904948,3.052712924047215,6.10154375194089,1.0738096354522368,2.609708114184768,8.0,1.082629988229462,0.0180270606656763,1.3750642211816335,0.008114439435303211,0.06872928545470426,0.5335853407446928
2907_right.jpg,2907,0,58.0,0,0,0.1391550836710843,0.0252380833975681,1.482921615973477,4.480343906656124,8.415067190272758,1.0840875052101573,5.66924434940448,18.0,1.081518901248354,0.021269612352985,1.4693438767429796,0.0039792489260435104,0.2980614782284351,0.545700046417307
2908_right.jpg,2908,0,55.0,1,2,0.0769442861606896,0.0169567854713894,1.3846257569881797,3.515643298694527,7.866800761914932,1.078973344652667,4.319614727129019,25.0,1.0795564313264705,0.0115940297410069,1.3681895906628727,0.2269076704978943,0.5468157182087567,0.41478833919539365
2909_right.jpg,2909,0,70.0,1,1,0.0536569865298968,0.0110024874757334,1.2700786106242348,3.8057083285995055,7.810015505962019,1.0797420245212055,2.0356587838676523,17.0,1.0926135475204293,0.0087831228991753,1.3252548433717863,0.0033142336178570986,0.19350738244385152,0.4333685836770771
2910_right.jpg,2910,0,75.0,0,2,0.0483729156139464,0.0122081859525012,1.2696120858838382,2.9127548556497183,7.767474472738984,1.0776178721234002,0.9600808489135928,22.0,1.0853225961225947,0.0080293077311773,1.2339404569741723,0.0630435198545456,0.5517161343207109,0.5422198471307872
2911_right.jpg,2911,0,66.0,1,3,0.0095157859845869,0.0035448259352355,1.075007893788449,1.8541882109045449,4.52495294329642,1.059950875968538,0.1381101013728144,16.0,1.065470964405743,0.0013995156939111,1.0176951188114025,0.001008058781735599,0.26308594823524656,0.4626444372965833
2912_right.jpg,2912,0,40.0,0,3,0.1328403736011106,0.0326826331215198,1.506449667308961,3.117758111454756,6.969263499474595,1.0746677075319753,6.170290053392913,23.0,1.0817296451102896,0.0223623254031836,1.4494844118073096,0.007144249510020018,0.5087581410837202,0.529187340436906
2913_right.jpg,2913,0,68.0,0,1,0.0991604799831795,0.0237538609410433,1.415703667213523,3.2034539634372075,6.877961855723165,1.0744019422312254,3.754561792577982,15.0,1.080001633787344,0.0184273892779727,1.384143518527265,0.00044268686906434596,0.16847492779722523,0.5219445459063747
2914_right.jpg,2914,0,44.0,1,1,0.0831901865287068,0.0203251621769092,1.431873350280745,3.1139123836797205,6.687061291239968,1.0826040546429194,2.627164884909969,14.0,1.0852626002432453,0.0151264070488854,1.3891315509322726,0.00532606290653348,0.24421374081111075,0.4633965668021172
2915_right.jpg,2915,0,61.0,1,0,0.1152379750031561,0.0309758868829693,1.4557470619509951,2.8219820770722577,6.753924396693254,1.0796320728517863,5.251862138618861,18.0,1.1012714473179102,0.019361191768716,1.403219167208771,0.0004761083982884884,0.3996541793791914,0.42704944381763454
2916_right.jpg,2916,0,61.0,0,0,0.0731514872567812,0.0213086645794661,1.3596521194125684,2.5587716918756818,6.727921939453389,1.0844145717028728,2.3266047250307262,33.0,1.098770141191367,0.012113518079236,1.2948439045867772,0.0005276151932775974,0.6935283810418893,0.5443490710185849
2917_right.jpg,2917,0,48.0,0,4,0.0502675698463409,0.0115000544890362,1.264511119408103,3.256898221595937,6.043360582135242,1.0788888754377195,1.835420167826232,19.0,1.0955356481382628,0.0080930558025087,1.295708421358584,0.00023345326189883053,0.11071934640069041,0.5480636426814862
2918_right.jpg,2918,0,75.0,0,3,0.0576677925727419,0.0174282816440089,1.3140936271896788,2.3304527088201588,5.606514997207402,1.0866539616389668,1.1631261107854358,36.0,1.0867272660467364,0.0089653760619341,1.278182793244173,0.006995141971856356,0.617305509817689,0.5253606258472803
2919_right.jpg,2919,0,63.0,0,0,0.1501946743560091,0.0398135570110542,1.5375357906301312,2.8444363790921185,6.243723190718215,1.0835297387689549,6.8678890835913,22.0,1.086037455394518,0.0275473051110224,1.475333086492665,0.059708211570978165,0.4043894221204318,0.5434480567689473
2920_right.jpg,2920,0,74.0,1,3,0.1200194271810783,0.0317106293086375,1.4884655937988571,2.8514819345066664,6.544749437565498,1.087978421399913,4.809641917443911,34.0,1.1017508980187842,0.0212284391297377,1.4545208750341554,0.00024712044978514314,0.5638656780069292,0.4617721570444871
2921_right.jpg,2921,0,60.0,0,2,0.1101282640653495,0.0290930583831352,1.4466070068247994,2.8172813834794828,6.313757621583974,1.0810956083588132,4.09192173820794,23.0,1.0832600076354493,0.0205454885299897,1.4045873721912407,0.04837512969970703,0.29830474476818575,0.5509721044670804
2923_right.jpg,2923,0,46.0,0,0,0.0414798375151262,0.0132709369994526,1.2446253570219987,2.1640280670711536,5.26112489357554,1.1118629280839436,1.1548677676406052,15.0,1.1339148011167248,0.0060956933474595,1.256974257450389,0.01072730589658022,0.24113067704904328,0.5510970274313736
2924_right.jpg,2924,0,57.0,0,4,0.1007445707342197,0.028352693505883,1.4322753825180592,2.6984069112626514,6.903981759586582,1.079945204715823,4.050384786554723,29.0,1.0893624269463915,0.0169716123031688,1.372531213314826,0.0013600741513073444,0.6354511831160279,0.5285239463257686
2925_right.jpg,2925,0,65.0,0,2,0.1207869497988873,0.0299207978879436,1.4762280238411238,3.032537631019049,6.642187501165177,1.088774802961195,4.325539076522267,15.0,1.1037526723979447,0.0207427000313228,1.432730675016952,0.00028462291811592877,0.29482443106690454,0.5480579189479594
2926_right.jpg,2926,0,52.0,1,1,0.0719685324170359,0.021661090514513,1.373652802143478,2.4442239652444835,5.776346243833993,1.0930211673136565,2.7127226693191067,27.0,1.1047282063514985,0.0117867799981915,1.308545616367509,0.014715486206114292,0.601382836661822,0.45411853266935387
2927_right.jpg,2927,0,56.0,0,1,0.101746841124617,0.0244776960694769,1.4354996998253666,3.1305837069137907,6.595782688617875,1.0867119389907995,3.705578722671357,17.0,1.0951557744840057,0.0179798854923983,1.3951613156704818,0.014794647693634033,0.2652396469024366,0.5359095245750178
2929_right.jpg,2929,0,65.0,1,2,0.1128195842324194,0.0284589035928234,1.4500120776380026,2.9786892135847305,6.127101600236618,1.0804856755365158,3.5208965208512524,24.0,1.0868069235131923,0.0210650208990357,1.414879278509006,0.00012617981701623648,0.23427113264028457,0.40908488903648915
2930_right.jpg,2930,0,66.0,1,4,0.0704344599432427,0.0179052058889626,1.3609572432553163,3.006551736999247,7.3269968238326735,1.0912172637528772,2.665398424801793,16.0,1.085953881290885,0.0124542047966719,1.362509528915317,0.0028168887365609407,0.31912947157444493,0.43733820186153094
2931_right.jpg,2931,0,67.0,0,3,0.0735835654335757,0.0179402583322429,1.353037422797622,3.117255426173103,7.3627932546797314,1.0877741292590668,2.430042806138662,21.0,1.0975621427671414,0.0121128287567527,1.3460146558665669,0.0011585750617086887,0.3623719737410828,0.5262355824410622
2932_right.jpg,2932,0,56.0,0,3,0.1287030675342521,0.0323374287677322,1.478823882754689,3.024393385098454,6.799543229320541,1.0821482979601675,4.950895202683587,18.0,1.0938286342594437,0.0224710018995271,1.4391561335381948,0.003979210741817951,0.3004137237366685,0.5274383836361386
2933_right.jpg,2933,0,50.0,1,0,0.0993213504267457,0.0266608722895706,1.417566452895103,2.8292959531668167,6.3836358218588165,1.0854977029239177,4.295250463634388,38.0,1.0915576062753989,0.0159833849605594,1.3567749946317404,0.007046869024634361,0.7369932113043686,0.43194418027618703
2934_right.jpg,2934,0,43.0,0,3,0.1658902822266907,0.042485575417075,1.5540485489322582,2.989046632672732,7.125484441768465,1.0857004228853928,8.336448975879874,20.0,1.0867204130026211,0.0284298172044097,1.4913384282284745,0.0017391638830304146,0.5752900301712475,0.5288594643199328
2935_right.jpg,2935,0,61.0,1,2,0.0430565641075119,0.0113087590833151,1.2410630700108405,2.8268322580917262,6.317079275349942,1.0876120683343269,1.218725720698533,19.0,1.118484568136452,0.0076728940165645,1.2549374313148998,0.028896842151880264,0.23608865618235644,0.4113634251714172
2936_right.jpg,2936,0,42.0,0,3,0.1536607792417751,0.0404777301754102,1.5325823215951255,2.887248812657096,6.558361797269575,1.086052943289542,8.184463665023038,21.0,1.089478946501784,0.0261852315900088,1.467593319879198,0.0005669721867889166,0.568788312264255,0.5289687591399841
2937_right.jpg,2937,0,85.0,1,4,0.059866591573093,0.0186824597838713,1.3448284700175503,2.3120667605765,5.030048460497334,1.076777265843731,1.8920060544193744,43.0,1.090961225559205,0.0104940335809074,1.290544069966682,0.0029328998643904924,0.6054729183678658,0.3970028260576987
2938_right.jpg,2938,0,56.0,1,0,0.0801388875070886,0.0215693492384069,1.375694514159504,2.79329823205726,6.724167530846949,1.073409354472408,3.4323918299125484,41.0,1.0792699968071635,0.012247172007601,1.3517883905931498,0.0028522955253720284,0.7648747946134157,0.4292726130887626
2939_right.jpg,2939,0,53.0,0,3,0.0727466252847493,0.0135635202482915,1.3295706669879963,4.237396124789668,8.619925541948348,1.0796773130274595,2.5863698309906797,18.0,1.0785442330156914,0.0108279367732052,1.3301689343531882,0.0009847460314631462,0.2918189402883075,0.5277663656424777
2940_right.jpg,2940,0,35.0,1,1,0.0958377626952326,0.0248829926933566,1.4234676383612996,2.9153241093213955,5.680145179884978,1.0780544977234154,3.800031747100672,25.0,1.081122748681681,0.0188895248998282,1.3948042604633375,0.0017343995859846473,0.20464447338557293,0.47386441215397457
2941_right.jpg,2941,0,55.0,0,1,0.1183209160458022,0.0337366868343417,1.4769428681536232,2.5616575522804723,5.567289361571335,1.0799652452318425,5.650282514125706,14.0,1.0854620944873226,0.0222061103055152,1.431121262964934,0.0043529337272048,0.2306304717538032,0.5370710381700758
2942_right.jpg,2942,0,73.0,0,1,0.0745070422535211,0.0230853873239436,1.3931741075896875,2.39056800577425,5.514552092557861,1.0777813766100004,3.2130281690140845,40.0,1.0807506115843828,0.0118617957746478,1.3064538982192142,0.052927467972040176,0.7255066303364052,0.5161144013047746
2943_right.jpg,2943,0,45.0,1,2,0.046417947446703,0.0152505784167906,1.2678737061016268,2.179723829124583,5.90890101059366,1.0842120868877907,2.427284746322922,41.0,1.0909676633248395,0.005923607668154,1.2146607720239313,0.0038179168477654457,0.8377772341090405,0.4205147195285943
2944_right.jpg,2944,0,64.0,1,1,0.0945841745888416,0.0251869362742611,1.4048739289193135,2.736498539872226,6.259943922683242,1.087002041941982,3.3988413502024084,29.0,1.0969316923010166,0.0163753132514229,1.3647104978437907,0.004544400610029697,0.4974279305252013,0.4402629823812401
2945_right.jpg,2945,0,65.0,0,4,0.0516088538845836,0.0137373900983483,1.2986474604016869,2.792184102224623,5.9587268445557,1.0903995345817454,1.5691197238349286,23.0,1.092933344594121,0.0084074447138381,1.3451332154179148,0.003533610375598073,0.23907585459502959,0.511079747746442
2946_right.jpg,2946,0,64.0,1,2,0.1305789112042423,0.0270231994586967,1.4584176972630272,3.841714930971648,7.48746682889212,1.1014480187052271,3.828985948146089,11.0,1.1051475992940032,0.0233673046561518,1.4469530004635076,0.02060513384640217,0.17807222705231784,0.40965416114161035
2948_right.jpg,2948,0,60.0,0,1,0.1302708902846344,0.0364875721944589,1.4961784336169488,2.6212556445176105,5.686845391717765,1.0793987683876616,6.164636210668864,24.0,1.086230837779938,0.022313961890421,1.4189815635240588,0.003987024072557688,0.44909810983475607,0.5312596980425266
2949_right.jpg,2949,0,33.0,0,4,0.0354012777001397,0.010895388301058,1.224507293590534,2.212652428866135,4.971161807190124,1.0856429767547822,0.6488321022160112,22.0,1.0870349725773747,0.0057845877420642,1.1923641490119403,0.23124131560325623,0.37721119018015126,0.5802745294504705
2950_right.jpg,2950,0,45.0,0,1,0.1285770251651781,0.0328903639861078,1.5190518075373352,3.021096078307405,6.532472263560942,1.0778274820898868,6.646741116036253,30.0,1.0877920668943366,0.0235409082705707,1.4705263831004538,0.001990287331864238,0.46658532297654565,0.5486620061818672
2951_right.jpg,2951,0,54.0,0,4,0.109968669750922,0.0349072453092916,1.4640291593022308,2.290825132227716,5.297937823645813,1.0901326500317534,5.297385109807226,44.0,1.104930791450991,0.0199181680128751,1.371397944084492,0.0017416775226593018,0.8007602408461229,0.5350498895753363
2952_right.jpg,2952,0,69.0,1,3,0.1124206571632,0.0311109764534193,1.462482749726717,2.690025210977099,6.27071808984326,1.0890731496368855,4.64569036473719,21.0,1.0981124741884796,0.0197795316942125,1.40372012291266,0.0075317067094147205,0.381325395069248,0.4623173051154003
2953_right.jpg,2953,0,47.0,0,0,0.1215949127782074,0.0316384352142506,1.4715729021969153,2.859181206844089,6.365924026379791,1.0823271099040386,5.054870620586466,36.0,1.1023384506193403,0.0218016569865894,1.4147064424573246,0.06509226560592651,0.5843783747474752,0.5506477204506859
2955_right.jpg,2955,0,53.0,1,2,0.1324712917102778,0.0315202748383671,1.4925354159458857,3.217438574486475,6.183917197689076,1.0763407396579494,5.108147495254932,17.0,1.0827780456329734,0.0247845313274673,1.4635124896303615,0.0003159024636261165,0.12771723828466838,0.4159318271582714
2956_right.jpg,2956,0,49.0,0,1,0.1441270384882702,0.0330791623437452,1.5098731556005731,3.4359144675288644,9.063227612877728,1.078368145929935,5.137141533285655,27.0,1.0896735240080953,0.0232883749508949,1.4597524388181036,0.0009223787928931415,0.6673013746122964,0.5440312388910755
2957_right.jpg,2957,0,62.0,1,0,0.0006160826919879,0.0004253904301821,0.7205260471305501,1.0554991623534045,1.6035533905932735,1.0174051428055986,0.0,3.0,1.0174051428055986,0.0,,0.00046451689559035003,0.0006224119665043417,0.4266051604152686
2958_right.jpg,2958,0,61.0,1,2,0.0415099846763797,0.0143506919952326,1.2375064199008623,2.0987655510511654,5.191088769524651,1.0868806420101602,1.7026244740106535,25.0,1.1024266691364275,0.0063483569673825,1.2380459291723889,0.023601854220032692,0.4356728670684399,0.4113634251714172
2960_right.jpg,2960,0,40.0,0,3,0.0274918289558265,0.0068537179382712,1.208350658586084,3.0432556521312133,6.8213717318005385,1.0685164359196395,0.9506477985713122,13.0,1.0816403834295318,0.0040742048510199,1.3500236766625169,0.0008251018007285893,0.11452705481537313,0.529187340436906
2961_right.jpg,2961,0,64.0,1,2,0.0355817111815301,0.0081836929731904,1.2347850612240894,3.3072932581305508,7.206589981303023,1.085627594244641,1.358080579447714,8.0,1.0830699846237373,0.0062572305216035,1.2734783483232106,0.03359483927488327,0.1779990948487872,0.40965416114161035
2962_right.jpg,2962,0,67.0,1,3,0.0821767019243277,0.0211095656002641,1.380985083373781,2.9594775988206337,6.6309684598038166,1.0813700195337144,2.601795238714713,33.0,1.0916046944423985,0.0134843041698772,1.3687322122868464,0.016574101522564888,0.5254487047322467,0.4625353896486957
2963_right.jpg,2963,0,72.0,0,2,0.0821017810925463,0.0203123165433838,1.3675561100561024,2.979539696982246,6.266358058692604,1.0749355288048366,2.705586269915412,23.0,1.0752612266817765,0.013931216850187,1.3376184203981816,0.0017783278599381447,0.34026110402767745,0.5439725606020803
2964_right.jpg,2964,0,48.0,0,0,0.0016613278685262,0.0006217544418137,0.8928772013228985,1.5657753545364423,3.039344662916632,1.0666846086154746,0.0,4.0,1.062518457846304,0.000273571954398,0.9874591739583244,0.01901061087846756,0.02329962256875225,0.5501983308100123
2965_right.jpg,2965,0,59.0,0,2,0.091663051264718,0.0286945203959117,1.416921932748231,2.3457732569664023,6.364660328599331,1.0794246975430444,4.742062090744907,24.0,1.0818738625392956,0.0145490500741577,1.357249443284564,0.005566671956330538,0.6455844665828567,0.5515545284011917
2966_right.jpg,2966,0,52.0,0,0,0.1203594206414182,0.0314189837977703,1.4722322007697335,2.8822017953549657,6.325968909182942,1.0837642522244564,5.963390844678937,17.0,1.0875325291601805,0.0215541202987759,1.421953399673124,0.17583246529102325,0.3264157543442793,0.5483999600239029
2967_right.jpg,2967,0,62.0,0,0,0.1158785505593597,0.0329711918374349,1.4837849518971322,2.573412651236976,5.512963275227072,1.0851538242594632,5.09655704863932,15.0,1.0929709452390466,0.0225711878005581,1.4195786677895823,0.00048390438314527273,0.20458583833891908,0.5438985998086648
2969_right.jpg,2969,0,69.0,1,1,0.0134202190775989,0.0030547301736734,1.0667047124157725,3.335231006089844,6.4343689173066325,1.1055219203240898,0.0,6.0,1.2209267485166826,0.0024418228354564,1.1493538117031172,0.0009701484232209623,0.09274441547201777,0.4345159345910767
2970_right.jpg,2970,0,70.0,1,4,0.0870291700633427,0.0244763211593087,1.396747419668562,2.62755007843191,6.459468437069343,1.08528459477843,2.8861197891613544,18.0,1.0913643258824404,0.0150787100563552,1.3531001591390472,0.015332918614149094,0.39159052853880727,0.4287583876917172
2971_right.jpg,2971,0,39.0,0,3,0.1087392135874555,0.0311379189643014,1.4525364514457415,2.653580860661243,6.219598414124536,1.090276204006026,4.819326004575824,35.0,1.0995025014642896,0.0190033633822537,1.418789598850318,0.0007681864080950618,0.6286857411604971,0.5292966268929612
2972_right.jpg,2972,0,54.0,1,3,0.0934331808059833,0.0255522460983378,1.4212103479267175,2.734960675391417,6.472644302448234,1.0853215596949188,4.228170893271571,32.0,1.0956349351999737,0.0156207424668088,1.359611111213612,0.018888335675001144,0.6516000560118428,0.4639532848716164
2973_right.jpg,2973,0,63.0,1,0,0.1585665488104512,0.0393519905715027,1.5452752686069149,3.0382877155418333,6.526324941132679,1.0859241972831823,6.991470406104552,20.0,1.091824290744508,0.0301881704320728,1.5025566068490692,0.042891331017017365,0.2847600907505726,0.4261609954315357
2974_right.jpg,2974,0,35.0,1,0,0.1167705663746107,0.0275789779879733,1.4515160069336277,3.2894947753429,7.592130615034776,1.0872053683716063,4.714355211619381,31.0,1.0744472570762456,0.0182455577232673,1.421402374216357,0.00015319544763769954,0.7236907740782712,0.4386401163964351
2975_right.jpg,2975,0,71.0,1,4,0.1046113451670227,0.0292714094602959,1.4462946152743263,2.62140203119384,5.873519104033164,1.0739577549737485,4.292873829443124,24.0,1.0807871727305092,0.0178353932472096,1.378799797216555,0.004161817021667957,0.4690136198405855,0.42661990070173106
2976_right.jpg,2976,0,54.0,1,0,0.1096812332317766,0.0289310273394671,1.442807154563235,2.906273934503274,6.038419003122739,1.0847019511142697,4.547314810604338,13.0,1.083606183796779,0.020382075495531,1.405098453321774,0.0026312172412872314,0.18875757445966812,0.43016268567618426
2977_right.jpg,2977,0,64.0,0,3,0.0123199279014777,0.003688545533097,1.0454827648126583,2.441055618823303,5.75762853351731,1.0708384999878964,0.6503732678004841,12.0,1.0852902493057677,0.0024667728943004,1.1274314347109444,0.0007694227388128638,0.12932233222132775,0.5265636499193899
2978_right.jpg,2978,0,70.0,0,1,0.0532865960219409,0.0124806804521531,1.340828176616218,3.27966643163006,7.989741053381477,1.1171436386059568,1.868819007404564,8.0,1.1246500330490892,0.0092279252068328,1.3574354589489868,0.06984949111938477,0.4555245317513981,0.5196131162694931
2979_right.jpg,2979,0,53.0,0,1,0.1468896016972697,0.0396534740989568,1.526279034414967,2.845527889435168,6.500972735790818,1.077621894418752,7.47606900209633,25.0,1.0871400939017166,0.0265349935594675,1.4616426392936683,0.043365247547626495,0.43746752632349334,0.5393928463794297
2980_right.jpg,2980,0,54.0,0,4,0.0614074137060026,0.0179865650962601,1.312338630672496,2.448042369433926,5.5417160125880365,1.0760544253991111,1.9006937532199253,28.0,1.0744037111060454,0.0109890109890109,1.2777874971017815,0.00813843123614788,0.40492924864334684,0.5350498895753363
2981_right.jpg,2981,0,68.0,1,3,0.0687568298647013,0.0194298931233369,1.351027919574585,2.645630800047338,6.538376228309211,1.067470284491742,3.0382178402191435,28.0,1.074863682728221,0.0107170684138052,1.3129295030735624,0.009636841714382172,0.5894166149573602,0.4624263455848636
2982_right.jpg,2982,0,64.0,1,0,0.10514505205701,0.0269331850803598,1.436023771960717,2.952438439576396,6.375478523510484,1.0990037990399606,4.3970484180733855,22.0,1.1019399340142646,0.0191397958152228,1.4085639809294184,0.3117344081401825,0.3712084815983087,0.4257169495512218
2983_right.jpg,2983,0,42.0,0,1,0.0896456262577765,0.0244200181834898,1.399786060024401,2.7018440614782038,5.726487340007057,1.092624263807169,3.4732508606511323,29.0,1.0887502132595888,0.0155734439325372,1.362764901059155,0.000679141259752214,0.47111183364472903,0.5521296037374803
2984_right.jpg,2984,0,53.0,0,0,0.1345129309701585,0.0259514796372662,1.4759642016056995,4.122383048838117,8.132045090731383,1.0771247529677896,4.327733809549866,21.0,1.082798645510452,0.0215391809141964,1.4583316885419726,0.0009073386900126934,0.2775981288116472,0.5479501678702431
2985_right.jpg,2985,0,61.0,1,4,0.091937793734998,0.0239173407023418,1.3914364433063455,2.880912127334707,6.576517553060658,1.099396326607111,2.8238901103334206,16.0,1.1178591738221857,0.0160860883070778,1.3431165657201785,0.0018803378334268928,0.3123400676814147,0.4481153327870068
2986_right.jpg,2986,0,75.0,0,0,0.0063075152410677,0.0017741457211927,1.022864405331417,2.4701265564834545,4.990959705213267,1.0706862736486478,0.2512954279309842,6.0,1.0566673866021077,0.0011006739743377,0.975900589375036,0.004983806516975164,0.09459647285498218,0.53803620226169
2987_right.jpg,2987,0,66.0,0,3,0.0385364209424821,0.0116816670272119,1.205663810343124,2.3608533499954687,5.487901179322927,1.0819910699960844,1.2577160882011138,24.0,1.081096791651083,0.0060923767312461,1.1979219918036097,0.0033317902125418186,0.3751920087754246,0.5263449407981334
2988_right.jpg,2988,0,58.0,1,2,0.117409402546523,0.028612675481554,1.4584806158130414,3.054587062516017,6.878423727689428,1.0933221576456744,3.519833496571988,30.0,1.0981943748942602,0.0204354391119817,1.421133683900032,0.0012706829002127051,0.5141060325103822,0.4130748307705809
2989_right.jpg,2989,0,44.0,0,0,0.1104507703418391,0.0279198764243299,1.4420167362165246,3.027592884333686,6.797753471358824,1.075148232605999,4.563874177499598,14.0,1.0779583064660865,0.0186366554325148,1.3994869857161971,0.024502865970134735,0.28203667394768206,0.5519953905417821
2990_right.jpg,2990,0,58.0,1,2,0.1558259147358103,0.0390196336004365,1.537501054334029,3.0898868630999097,7.0552409476527815,1.0875746188823971,7.477542111698312,22.0,1.1035532810916395,0.0286420177237957,1.4963182663741716,0.01976565271615982,0.30760253301207796,0.4130748307705809
2991_right.jpg,2991,0,30.0,1,4,0.0265665589147939,0.0085963968983008,1.198886237618629,2.0439434166858064,4.738254414980697,1.0762758294355574,0.647806849909631,16.0,1.074901250056857,0.0036924990444848,1.170788901430359,0.014477395452558994,0.3428206568651247,0.5156321714826625
2992_right.jpg,2992,0,74.0,0,4,0.0099842852498103,0.0036848379755066,1.031919801453005,2.1033452789391367,5.539381588818539,1.0857016547983986,0.4064159531808822,11.0,1.0899572007067913,0.0015127704923955,1.1829940550191589,0.0027678522747009993,0.11234428621276002,0.49142484073770804
2993_right.jpg,2993,0,49.0,1,3,0.1337898891415866,0.0356541870213048,1.4989361367675973,2.8320606831742774,6.257153813425544,1.084767279904827,6.06814681855731,23.0,1.0991642507953203,0.0219881084719488,1.428660988295412,0.0012519252486526966,0.5383439572954583,0.4644987856708867
2994_right.jpg,2994,0,54.0,0,0,0.0264312119092816,0.0077130582475771,1.194160928067948,2.4896760177135127,5.409015226488948,1.0727378694453935,0.89919072834449,15.0,1.0847982960220623,0.0043261065041462,1.1946579749679116,0.004895502235740423,0.13929191672661193,0.5475002973750372
2995_right.jpg,2995,0,53.0,0,1,0.1182419468847823,0.0325557911743916,1.4763897846106733,2.688794343057259,6.2724235297570266,1.086072458652153,5.45289306270827,20.0,1.1073988270692583,0.0205947692618398,1.4104869275212866,0.0015295728808268905,0.466503163482834,0.5393928463794297
2996_right.jpg,2996,0,32.0,1,3,0.0448214455181345,0.0133029648361831,1.284130436921645,2.467426122127198,5.715926809504738,1.082615910691992,2.121328845048093,24.0,1.0810453064150871,0.0071231989638983,1.3520768124265297,0.022355159744620323,0.3281737187278141,0.46635411611137906
2997_right.jpg,2997,0,55.0,1,1,0.1306115654117207,0.0314989229628359,1.4822594412056929,3.185281438009543,6.465635320202511,1.07807483196475,5.1960106745229,19.0,1.0877906007743476,0.0232004398952726,1.4416060635329404,0.002961421851068735,0.21440260953550386,0.4506471188101171
2998_right.jpg,2998,0,49.0,0,1,0.0329859047015152,0.01254530002598,1.2214062630748117,1.8001649585634014,4.768297101723982,1.0882276250130711,0.572442612628084,44.0,1.0888155403521966,0.0043109332135607,1.155384297046327,0.004352602642029524,0.7316439347012796,0.5440312388910755
2999_right.jpg,2999,0,63.0,0,2,0.1514147966781937,0.0360855188429209,1.5220123723289083,3.219294386910328,6.572276552168005,1.0899878287679103,6.20945553676452,21.0,1.098052896021216,0.0277910997803973,1.4887522878053,0.027629386633634567,0.2318485091309186,0.5492240000581153
3000_right.jpg,3000,0,59.0,1,3,0.1528486736334405,0.0392132234726688,1.531084718003654,2.9619401149257114,6.163067494104026,1.0840253857394448,7.636655948553055,17.0,1.088833026990326,0.0278737942122186,1.4831962125632905,0.00026836636243388057,0.2756338491472496,0.46340787031873304
3001_right.jpg,3001,0,46.0,1,0,0.1264412148888683,0.0329743795447766,1.484090987703404,2.844784738967344,6.0116035914044295,1.0787455929784964,4.988326287965277,21.0,1.08582905635063,0.02259146121962,1.4378801538677477,0.00017580055282451212,0.2835283201435751,0.43372743715672
3002_right.jpg,3002,0,61.0,1,1,0.0994760901946684,0.0301967229955313,1.433389594816415,2.431783633060533,6.390630848623732,1.0800168459929536,4.109096512404335,43.0,1.098173354882924,0.0148543838923416,1.3618285791687252,0.00012356883962638676,0.8746565852870992,0.4437190149792415
3003_right.jpg,3003,0,59.0,0,2,0.0331665287929951,0.0082136544659768,1.245394406269425,3.097151747604744,6.592633430259629,1.0650295574993414,0.8136806845766826,6.0,1.0806431349172232,0.0060619211000962,1.290466201851964,0.009147468023002148,0.0830393072296603,0.5515545284011917
3004_right.jpg,3004,0,66.0,0,3,0.1063694203089123,0.0263647674053993,1.4302141528696424,3.03622724165346,7.836721285216529,1.0799242140375238,4.652903512942152,22.0,1.0940533552816565,0.0171348229367913,1.377936478912405,0.012817955575883389,0.6078919230802441,0.5263449407981334
3005_right.jpg,3005,0,67.0,1,3,0.1031028280203857,0.0278155291296092,1.4379129131902249,2.748898726653112,6.3368561024078405,1.080304017167558,4.197062056560408,19.0,1.0899790467455237,0.0169231537923453,1.371133578864589,0.0002476778463460505,0.41435649767787036,0.4625353896486957
3007_right.jpg,3007,0,59.0,1,1,0.1064956118844379,0.0282100291206756,1.4426115413440057,2.7565590648217584,5.775431748437766,1.0799743151495185,3.8527354421639366,24.0,1.0858151213478446,0.0207647429675069,1.403527104137699,0.004227741621434689,0.2349193743995338,0.446026087699713
3008_right.jpg,3008,0,54.0,0,2,0.1233670741506258,0.0297451498627963,1.4758196788166495,3.1339837507780004,6.337832179883711,1.077827097136664,4.95247143485226,20.0,1.085748680200998,0.0207245768921725,1.4310342678371517,0.01025877334177494,0.31330236038538517,0.5544644962375241
3009_right.jpg,3009,0,74.0,1,4,0.0165124001339087,0.0043158437610271,1.1311933790469575,3.057957424800463,7.508703994230256,1.0792927015552864,0.6785917863250184,7.0,1.0849388583323347,0.002524361445129,1.3031151599160034,0.0055126347579061985,0.05548036363426355,0.4202211848188958
3010_right.jpg,3010,0,65.0,1,3,0.075452655981454,0.0190405291978096,1.363196801084521,2.9953893168604475,6.020754373041456,1.0772427692460114,2.298253327471122,9.0,1.0847103744621784,0.0158379631480075,1.3446355876309388,0.001703303656540811,0.05175515899748671,0.46275348851821124
3011_right.jpg,3011,0,62.0,0,4,0.1421989846177161,0.0359778737591876,1.5077414839404326,3.049972929598327,6.96968629464266,1.084699870170606,6.415599504937991,19.0,1.0947334512441838,0.024712687226895,1.4497722621928817,0.0017649804940447211,0.44227764968452477,0.5176267747770391
3012_right.jpg,3012,0,72.0,0,3,0.1313647019338828,0.0354028202246619,1.4942495708405636,2.792584315810949,6.156442296212437,1.0853762572330508,5.339408393549995,19.0,1.0984066871980778,0.0238900386979979,1.4371417160488549,0.0005033802008256316,0.27161315721555446,0.5256887531086468
3013_right.jpg,3013,0,44.0,0,1,0.1251150000251366,0.0335372750901147,1.487670963286025,2.816981068214165,5.965036319046003,1.0817332255999812,5.580329088596522,23.0,1.0930722559584851,0.0216275457109389,1.4233665434657925,0.00449592899531126,0.3994048419296111,0.549818414171437
3014_right.jpg,3014,0,55.0,1,1,0.039355337931723,0.0093021707838618,1.248217761467686,3.5446048068523166,9.034216248262585,1.1252014241313832,2.3297028796791666,6.0,1.118718296140965,0.0062735570402788,1.3042814560475522,0.07302527874708176,0.5090093209936187,0.4506471188101171
3015_right.jpg,3015,0,35.0,0,4,0.1207378508774155,0.0316468218737475,1.4714147309146417,2.8636209306324654,6.438870162913664,1.0810360202898028,4.616641215952271,20.0,1.0800181537115632,0.0213278677712784,1.412006864413918,0.0014238788280636072,0.3844053939450368,0.576012911653298
3016_right.jpg,3016,0,46.0,1,2,0.0667144906743185,0.016318842365616,1.3526857466677829,3.0610786795157274,6.039264215906912,1.0784086031125577,2.332520618602072,30.0,1.0840238978090846,0.0118914541725713,1.3527235025082698,0.0005246323416940868,0.2896124143315569,0.419941091002179
3017_right.jpg,3017,0,60.0,0,3,0.1161546859506615,0.0290662152822988,1.462547598755874,2.986078326468804,6.426012834321306,1.089009918244903,4.35692751474845,16.0,1.1014345384759805,0.0214440961128193,1.4249700358349042,0.0025217432994395494,0.18373060594783955,0.5270010374982788
3018_right.jpg,3018,0,45.0,0,1,0.1221544687343003,0.0298530164129367,1.4919204285031635,3.0707765352800718,7.24628078733497,1.0780278508306242,5.57698778132677,28.0,1.0841351774434131,0.0188741859211017,1.438781686894656,0.003416567575186491,0.6503700691744159,0.5486620061818672
3020_right.jpg,3020,0,45.0,1,3,0.0622954378918229,0.0148017477677965,1.3266778544075253,3.097846396310615,7.153559985630673,1.0854076825839722,1.9540261079599424,24.0,1.0895987658238877,0.0091839227074117,1.3096715061873634,0.26336947083473206,0.4633134332906724,0.46493524753960525
3023_right.jpg,3023,0,64.0,1,1,0.1298630441481811,0.031937841947592,1.479541566398057,3.1092770842355324,7.559350079695341,1.0823793853366184,5.203413034802245,21.0,1.0894709062827272,0.0215714307365102,1.4245910686261103,0.01657281257212162,0.48610793131286584,0.4402629823812401
3025_right.jpg,3025,0,58.0,1,1,0.1294676229922214,0.0355136882513385,1.4978194849027224,2.735472469986445,6.779428537786294,1.0929429725832205,5.707647237094656,34.0,1.1043999858550229,0.0214567127992726,1.4191622353937194,0.09719285368919373,0.7792565954304203,0.4471805030211666
3026_right.jpg,3026,0,66.0,1,4,0.138424332062499,0.0348671620088841,1.5034370665025183,3.039092368620988,6.3925344240078665,1.0784043000735184,5.996072572465035,16.0,1.08380698431745,0.0242341266470461,1.456715691469915,0.0009011676884256303,0.28704900855861604,0.43733820186153094
3027_right.jpg,3027,0,62.0,0,0,0.0913345327864358,0.0226915926976231,1.407430233013766,3.096698736276016,6.822721394806529,1.0974756224706208,3.4887140101770773,21.0,1.1117814407386348,0.0168803919320996,1.386160160833275,0.0029660603031516075,0.3270091150050247,0.5438985998086648
3028_right.jpg,3028,0,51.0,0,3,0.0312786358214609,0.0077607875458813,1.247653604873158,3.081147533534754,6.468668069286244,1.0872042315495347,1.279813249650611,8.0,1.0983575172957714,0.0058103521534137,1.3731207429958334,0.0006419842829927802,0.06113698713705335,0.5279850070155824
3029_right.jpg,3029,0,43.0,1,3,0.0158835909937464,0.004946272378097,1.0773236883873871,2.202763925231191,4.833928782682722,1.127032921000403,0.1009443342468795,20.0,1.1542795146274678,0.0022762947372671,1.165261633840612,0.008450672030448914,0.2076783414760955,0.465153498656259
3030_right.jpg,3030,0,66.0,0,0,0.0208052052181205,0.0064604424619723,1.1492584058219133,2.332324200114764,4.864299232151093,1.068551337814704,0.2764811324667185,15.0,1.0718279962804007,0.0034191500048384,1.180994213237209,0.005009984597563744,0.09894940445216384,0.542096003932628
3033_right.jpg,3033,0,15.0,0,4,0.1103380333723293,0.0283900827124766,1.4526399536623782,2.955219480132875,7.198327426881535,1.1028713731179198,5.592841163310962,27.0,1.1155294980426271,0.0182767891960675,1.4181858957120197,0.01298427488654852,0.6849637596799505,0.6180219806064994
3034_right.jpg,3034,0,48.0,0,4,0.0436638956480836,0.0111127192466688,1.2901609636306857,2.974999160447868,7.270804061247516,1.0753904887698091,1.0402626889433644,17.0,1.0764951389001636,0.0067843218844132,1.385113553604892,0.003246926236897707,0.15548042018276523,0.5480636426814862
3035_right.jpg,3035,0,80.0,1,1,0.0846330659420424,0.020445197193322,1.4100827038104675,3.196399776443558,6.779505972856515,1.0796806994152093,3.2105566826108807,18.0,1.0879509878139684,0.015461854864226,1.4033237432941166,0.06590878963470459,0.24620891138237466,0.4219362839203333
3036_right.jpg,3036,0,58.0,1,2,0.0570924727270889,0.0167603975604703,1.318544223478642,2.503142737030524,5.848501577123096,1.0749138744565976,1.9706225651442344,26.0,1.0847832007810758,0.009206344394084,1.344732268548648,0.017881477251648903,0.3410846209227978,0.4130748307705809
3037_right.jpg,3037,0,80.0,1,1,0.0023642258848959,0.0008885332446532,0.7543006876292077,1.7612590611220644,3.6256584828513,1.098235049123793,0.0,5.0,1.1010816484053003,0.0004364724710577,0.9749765881386924,0.0029186306055635214,0.010119175860031634,0.4219362839203333
3038_right.jpg,3038,0,66.0,0,1,0.1541878044343836,0.0330961861066758,1.517787663125851,3.68240028992156,8.870971799740795,1.0836300701895751,7.073993976999414,17.0,1.0909063476620908,0.0250722557956222,1.486092172389867,0.0037858332507312298,0.45326551167429746,0.5242750198456096
3040_right.jpg,3040,0,54.0,1,0,0.1147944236791595,0.0289726234973229,1.4547174346869365,3.0084053329369027,6.429350393920656,1.0834104301040437,3.7882614405495514,22.0,1.0910661510465631,0.0203151833518537,1.4068946212975402,0.0020496996585279703,0.30939250691984843,0.43016268567618426
3041_right.jpg,3041,0,53.0,0,1,0.1005803083646958,0.0286269272793492,1.4441914885316098,2.604849558814577,5.575702849159194,1.0861777157479378,4.273400509894379,21.0,1.088847434977781,0.0180308364695884,1.3815529878682205,0.18316848576068878,0.36737203127045304,0.5393928463794297
3042_right.jpg,3042,0,66.0,1,2,0.0567042946561018,0.0114421650566228,1.3971036801137058,3.909830776983891,7.728709992508121,1.0993634099937126,2.44220123738196,13.0,1.0792435203197588,0.00956981077463,1.4403037584496023,0.022029895335435867,0.21059190252314394,0.408515860589784
3043_right.jpg,3043,0,68.0,1,4,0.0297024363939408,0.0071130937791068,1.1757119556204876,3.044471334947276,5.485387107821844,1.077447633840988,0.3431540761802049,14.0,1.0961558069488058,0.0051914309524976,1.2247560274491636,0.005518822930753231,0.05245393750280343,0.4330432758809874
3044_right.jpg,3044,0,60.0,1,4,0.1257777516485885,0.0292287643179791,1.480240367288376,3.3306340214621364,7.33699091012319,1.0882379901150767,4.507285144576071,20.0,1.1007368866092329,0.0217182554846801,1.4463647194750473,0.0017670498928055167,0.3038588221116166,0.45027695311047644
3045_right.jpg,3045,0,32.0,1,1,0.0615464413717692,0.0169017901785505,1.3292675905672695,2.5750172282586274,5.085816428341302,1.0758858590178637,1.7756926369502946,38.0,1.0869922573171191,0.0105466796884126,1.3013028999262877,0.004165579564869404,0.4249559366605497,0.47735926419775965
3047_right.jpg,3047,0,62.0,1,3,0.0720274313713677,0.0207392011566961,1.3509819594310857,2.5001610821751994,5.842406736578331,1.0858300894016684,2.45998754945077,20.0,1.0988300994862654,0.0122848765989919,1.3046642852277714,0.0022320395801216364,0.3234751762180593,0.4630806635223706
3048_right.jpg,3048,0,61.0,0,3,0.0885016929310666,0.0238423227720673,1.4016268589763046,2.7968087800479977,5.635319697357834,1.0976731414241003,3.4817360238574606,27.0,1.1190345824069718,0.0153448684761602,1.3768104758436093,0.0008186533232219517,0.35096412600972754,0.5268916944625843
3050_right.jpg,3050,0,52.0,0,4,0.1551724137931034,0.0383787443909932,1.5338537052896746,3.1094003053619907,7.059850196675909,1.083403261664705,7.529207260379189,12.0,1.0959880610863788,0.026544245462263,1.4803723714505928,0.008989442139863968,0.3902774191949831,0.539393999680641
3051_right.jpg,3051,0,56.0,0,2,0.0250585558830451,0.0059900707153343,1.177388807245844,3.320027858059366,8.388354504836379,1.0871396716190624,1.400858446055743,13.0,1.0768435990313066,0.0037879212381347,1.2533523550965169,0.0347268171608448,0.3702084566755994,0.5533009457094274
3052_right.jpg,3052,0,71.0,1,0,0.0635710005991611,0.0146794487717195,1.3286422218787528,3.319333170896822,7.104658388589764,1.103994906191725,1.1522330276075032,36.0,1.0918988295066503,0.0091210766465409,1.342371345377154,0.001968825701624155,0.6700002684873133,0.42261202064619974
3054_right.jpg,3054,0,65.0,0,1,0.0299824509945265,0.007074287475578,1.2784678835177357,3.068210352016453,6.059719211212555,1.0737674597640443,0.3977111722039662,10.0,1.0799988318950555,0.0056524700349488,1.3139427020514851,0.003976996522396803,0.10699797055882691,0.5254398668475341
3056_right.jpg,3056,0,52.0,0,1,0.1283516772283031,0.0353637953164953,1.4934829995566152,2.6767095645731644,6.378392117727655,1.0866685801295444,6.46837067806717,22.0,1.0924323766794426,0.021754949819593,1.4196117034207016,0.15040549635887146,0.5542438317110528,0.5405531161100336
3057_right.jpg,3057,0,55.0,1,0,0.1208381968762158,0.0321271746984603,1.4709934534131548,2.7865462060685355,6.389829725184592,1.0998716379977638,4.598258725322257,20.0,1.107206856581573,0.0206871112323838,1.4079969005322246,0.6213170886039734,0.4439578897431073,0.4297175925803758
3058_right.jpg,3058,0,66.0,0,2,0.0900635637477742,0.0238339185707606,1.4035577227563938,2.845266375510384,6.525565900859908,1.0798971730239306,2.28789702473913,18.0,1.0895584347945997,0.0157168578221209,1.3708843145562848,0.0009707022691145539,0.3036562997356323,0.5474746796498166
3059_right.jpg,3059,0,61.0,0,4,0.106981244267962,0.0268032613406165,1.44370168510983,2.9720567499747563,6.613901472150267,1.0716542376882543,3.477016417564476,33.0,1.0682840488327927,0.0158884532820011,1.4001368455295993,0.00037207629065960646,0.6085493397704103,0.5198078840481443
3061_right.jpg,3061,0,45.0,0,1,0.127664738481453,0.0331651227701144,1.4857860919903167,2.862636290175478,6.709372627595723,1.0920959929559004,4.955301160956272,23.0,1.1002046447116105,0.0213735285789409,1.420477832697535,0.0014076679944992065,0.5381676342339141,0.5486620061818672
3062_right.jpg,3062,0,83.0,1,4,0.0326977949405632,0.0106925721660398,1.1597429825235086,2.20673272253106,6.2132962586229405,1.0918260382070433,0.9578447484901342,39.0,1.0991923995768935,0.0040582369607082,1.176743848763394,0.024308370426297188,0.734014561052802,0.4011932430761032
3063_right.jpg,3063,0,53.0,0,0,0.1430858990225545,0.0364104765993988,1.5171517329765836,3.000234412460978,6.532045973147784,1.0837011066503377,5.607051751572247,24.0,1.0871205959210104,0.0234334352031924,1.4570121442627544,0.0010477084433659911,0.4847150728573852,0.5479501678702431
3064_right.jpg,3064,0,62.0,1,4,0.1284985349095685,0.0313125189451348,1.474950832552317,3.166958460279626,6.850168594569027,1.082364764751228,5.607759927250682,17.0,1.089615765567692,0.0222643225219763,1.4345823977978718,0.019994646310806274,0.31628636253751646,0.4459556712901659
3065_right.jpg,3065,0,60.0,0,4,0.0306843257105831,0.0093294487061563,1.1926260486582718,2.3180922228341454,6.411585650245977,1.0652643369935155,0.589037557940906,34.0,1.0747569609964065,0.0044993407310409,1.1472282426038665,0.008556420914828777,0.6255322939310376,0.5219882385490794
3066_right.jpg,3066,0,65.0,1,4,0.0849322542511594,0.0244915279924828,1.394047752899472,2.4905780525314607,5.706297499162033,1.0900668792889905,3.2837238438766128,22.0,1.1057257627618688,0.0153122568781384,1.3534991000188632,0.1154581606388092,0.3835971990828337,0.4394892346927792
3067_right.jpg,3067,0,62.0,1,4,0.1018708083303918,0.0277393979123594,1.4290050851429217,2.7183075402880035,5.606752368541786,1.0860377288176777,4.639201250567294,20.0,1.0931107824180275,0.0188240633351822,1.406167584327644,0.00776387844234705,0.2712113876283562,0.4459556712901659
3068_right.jpg,3068,0,58.0,0,0,0.1242985759533132,0.0314387610045639,1.4784485688275872,2.973759492234361,7.185032036391567,1.082565234748634,5.436815721874455,14.0,1.090015170237773,0.0193730204254682,1.4375210869335453,0.011495452374219894,0.42624989661558405,0.545700046417307
3069_right.jpg,3069,0,65.0,1,0,0.0890598316432166,0.0228405043650853,1.3844034289384912,2.9715781108868,6.437402512470936,1.0854756581104683,3.7278282377951406,22.0,1.1026111603578628,0.0159238717022573,1.3679316707317484,0.38600969314575195,0.30275857643200244,0.4252730234583533
3070_right.jpg,3070,0,66.0,1,4,0.1095543791326923,0.0311701350857977,1.4505167257953946,2.6266346605420776,6.213494701275547,1.080234211686988,4.969372439251957,21.0,1.0925602064616258,0.0195529593119954,1.3888691815245,0.0020094583742320538,0.44940115682311965,0.43733820186153094
3071_right.jpg,3071,0,67.0,0,2,0.137293821261614,0.0316548636402419,1.5213905757094668,3.405594819212317,7.797111508371881,1.0876361585023469,5.119384955295195,17.0,1.0927892619268882,0.0227543189197199,1.477808719955796,0.0020395012106746435,0.4497605496171133,0.5468913099522232
3072_right.jpg,3072,0,59.0,1,3,0.056012680592434,0.0189906006118183,1.3366573613632098,2.0360692560138927,5.329355568281327,1.0859678806208255,1.7163222243536027,25.0,1.0880769112614692,0.0086270431806479,1.2630073435728402,0.029020480811595917,0.5263617672269084,0.46340787031873304
3073_right.jpg,3073,0,63.0,1,3,0.1038983385375284,0.0281836262696296,1.435432527101188,2.7379573245260094,5.851114652238867,1.0776909672947237,3.6437800169030905,20.0,1.0840509722570606,0.0182695081403057,1.3764497628859615,0.014965379610657692,0.27129225850507616,0.46297160164142315
3074_right.jpg,3074,0,74.0,0,3,0.0613314972723902,0.0178380382395,1.2970955784202645,2.4067534807146345,5.254805469355223,1.0778927434219372,1.6418621895026746,35.0,1.0907340168665698,0.0104284730681637,1.270358729511567,0.004434165079146624,0.48798882352476436,0.5254700040485383
3075_right.jpg,3075,0,35.0,0,3,0.1109280726045256,0.0288336179975138,1.4522974742486692,2.9416730722700946,6.503161765913109,1.0965731549966986,4.396292964920614,26.0,1.10645593444389,0.0194144339899137,1.395188903126199,0.00038438060437329113,0.44225627280838653,0.529733744525016
3076_right.jpg,3076,0,59.0,1,0,0.066106707089784,0.0156208841728585,1.3600808754142333,3.297949659883959,7.373933578479207,1.0712196140916574,2.186824383091872,15.0,1.083704719385605,0.0118784324445217,1.3651273999260916,0.014574256725609303,0.19591847944603694,0.42793836313534545
3077_right.jpg,3077,0,52.0,0,4,0.0927899529670769,0.0233113179225457,1.4125578497954872,3.0448369745926103,7.301724894575053,1.0821826833804449,2.851996397478235,28.0,1.083974233740844,0.0144401080756529,1.372282893540988,0.0006130642723292112,0.5566731432895317,0.539393999680641
3078_right.jpg,3078,0,53.0,0,0,0.0700368668249078,0.0196202212009494,1.3452469764323032,2.6195310533622527,5.999985698614082,1.0964567805912346,3.030149992424625,23.0,1.0995414243738744,0.0115802232210494,1.283740933468393,0.1273779422044754,0.4774157722162265,0.5479501678702431
3079_right.jpg,3079,0,66.0,1,0,0.0689639680115014,0.0180010183604396,1.3410170213803816,2.7968038675180384,6.326173864336624,1.0906718321397406,1.6473477700901549,19.0,1.1017703584215572,0.0124000359421331,1.34066234566096,0.0011406660778447986,0.24015064066777647,0.4248292178361925
3080_right.jpg,3080,0,76.0,0,2,0.0432844888558422,0.0108902631435773,1.305342486788052,2.936288311336769,6.373557799414349,1.0840348405981863,1.088119548067681,15.0,1.0947947882935052,0.006882356141528,1.3293812845374922,0.022263899445533752,0.217888735812045,0.5416353748216581
3081_right.jpg,3081,0,67.0,1,1,0.1024861367837338,0.0236783733826247,1.4424390425260536,3.379591970036526,6.5362257146399045,1.0992568686895103,4.5286506469500925,41.0,1.118391784420232,0.0189371534195933,1.416745879261377,0.03235131874680519,0.567609139174215,0.4368127308225485
3082_right.jpg,3082,0,64.0,0,1,0.128972093116036,0.0314825158085815,1.483554311962178,3.179503424867132,7.102631889891717,1.0758826202307938,5.036803574634458,14.0,1.0789065863401557,0.0223913347030779,1.4344944497963577,0.0028890916146337986,0.2426691424538085,0.5266044370500759
3083_right.jpg,3083,0,66.0,0,4,0.1139641580695039,0.0320093280271729,1.4630223832474534,2.630489814240978,5.778884399729773,1.0833289582090009,4.866796785886289,20.0,1.0919076776455412,0.0194519784035892,1.3950805796137886,0.0001816865842556581,0.45081524171087123,0.508896449259807
3084_right.jpg,3084,0,46.0,0,1,0.1209479774627959,0.0332499557846332,1.4800806616968925,2.682381380147022,6.398142573544657,1.093281146536458,5.30584400818616,27.0,1.0931189067881693,0.0195558250587432,1.4059736572932031,0.04710385948419571,0.6777738268562705,0.5475050723774824
3085_right.jpg,3085,0,60.0,1,3,0.1424536548148971,0.0372024636590085,1.5182210507636338,2.9012666525236264,5.949666216210608,1.0857514371109729,6.214726375197684,27.0,1.089513252707213,0.0253641678077173,1.4658130742102156,0.002558179199695587,0.41483126924312047,0.46329879787134787
3086_right.jpg,3086,0,45.0,0,4,0.1087735591919966,0.0307796363783199,1.4519033060981077,2.611032479710049,5.991058556322247,1.1187281221834096,4.79512209895113,36.0,1.1137684352717336,0.0193268658072461,1.376684208746348,0.46876800060272217,0.7979581232484615,0.5545470763963064
3087_right.jpg,3087,0,54.0,1,0,0.1321052152911812,0.0362624925474186,1.4996323456968028,2.725617466522825,5.847024045804281,1.0849786656961091,6.265220950090441,22.0,1.10192708970281,0.0245505714487818,1.43002087250516,9.849862544797361e-05,0.34636703450373063,0.43016268567618426
3088_right.jpg,3088,0,63.0,1,2,0.0008791919518566,0.0005052827309521,0.5581142130890091,1.0331370849898476,1.331370849898476,1.077009575212728,0.0,3.0,,0.0,,0.0337846502661705,0.0005375185744353536,0.410223675482818
3089_right.jpg,3089,0,56.0,0,0,0.0626323782120449,0.0159852935299524,1.2993129930396856,2.842435998710276,6.757593982634143,1.0966332424348575,1.4986212684330416,32.0,1.1312805405193056,0.0099408544139391,1.2826605531887776,0.0029286013450473547,0.527950802932489,0.5466003242466938
3090_right.jpg,3090,0,50.0,0,1,0.1295586867747543,0.0326032021994905,1.4845358315450237,3.0239377154274307,7.934320953162034,1.0949313838376078,5.660453644927829,48.0,1.1028291337370535,0.0195386730279383,1.4192877333007594,0.0033148983493447304,0.9323601418835231,0.5428723247515318
3091_right.jpg,3091,0,24.0,0,2,0.1467329502571172,0.0377725895885117,1.523237841337767,3.006299723910192,6.663120439767515,1.084866869550889,6.943675720280565,23.0,1.0933327182036312,0.0238600799025872,1.4555149044020308,0.0005740082124248147,0.5587779008754661,0.5718392463217566
3092_right.jpg,3092,0,44.0,1,2,0.1104578332727199,0.0299985856871539,1.4520766143869288,2.731506218610531,6.185842407700463,1.0797508890808305,3.990382672647189,20.0,1.0903770816896123,0.0180981533115125,1.4122936684097998,0.0826650857925415,0.3977550049217887,0.42108856279707574
3093_right.jpg,3093,0,73.0,1,3,0.0919210744889897,0.0273230962461762,1.4253100846404372,2.396212430481892,5.2811875004639885,1.087324271457418,4.456779369163138,28.0,1.093853336301715,0.0147782752263841,1.3440709089840317,0.008088750764727592,0.5990098830414914,0.461881179387454
3094_right.jpg,3094,0,47.0,0,3,0.0644229108896811,0.0168814943474418,1.3168082704574977,2.726107762083822,6.346699568514179,1.0768607395882264,1.9298940589734996,29.0,1.0895667918784593,0.0105128439528293,1.2896767122225867,0.0071725682355463505,0.47449459401658506,0.5284222574720198
3095_right.jpg,3095,0,74.0,0,4,0.105363255990871,0.0246481551920882,1.43120103254165,3.225869502740821,7.14944510655818,1.0877638708463022,4.05730949664004,13.0,1.0812290586751918,0.0172739951819449,1.4082009967671192,0.20690779387950897,0.31089121670060765,0.49142484073770804
3096_right.jpg,3096,0,71.0,1,0,0.004754342027569,0.0017917862887626,0.9840001814694193,1.896505760534191,5.152131787277599,1.0642884103249823,0.2036120782684828,7.0,1.0672127612181332,0.0005701138191517,0.974588900187512,0.0074376813136041164,0.11894238830833738,0.42261202064619974
3097_right.jpg,3097,0,58.0,0,1,0.1249747637890656,0.0337458612614067,1.4841048347280297,2.767397383241361,6.949488355656636,1.0871794571116515,5.703383671162077,22.0,1.100293721988201,0.0217283776144714,1.4207854263821766,0.16148100793361664,0.5551508177498947,0.5335853407446928
3098_right.jpg,3098,0,22.0,1,3,0.1353633882543212,0.0348832507833821,1.4979018153866346,2.9426390098974538,6.861130507164381,1.0859255172957274,6.6208430203173965,28.0,1.1012153247945784,0.0239462246032548,1.452952123421914,0.1734321415424347,0.5638588192904301,0.4674459252230325
3099_right.jpg,3099,0,61.0,1,4,0.1347409675443968,0.0361347213717085,1.5082890367388675,2.840311189267608,6.140305722991128,1.0794652760484384,7.152480097979179,22.0,1.0928497550818763,0.0221971830985915,1.4297245239551772,0.007699340581893921,0.5922484114203035,0.4481153327870068
3100_right.jpg,3100,0,57.0,0,0,0.1032477314928353,0.026896762278467,1.4435823597504247,2.8892485593020223,6.716863833134574,1.086004576600967,4.65463135820141,25.0,1.0795896680299069,0.0179378481589181,1.3947371876562284,0.0003777221718337387,0.5434280237068703,0.5461502230581671
3101_right.jpg,3101,0,59.0,0,4,0.1284139840845577,0.0361774536306785,1.4958920617340143,2.6311557703115933,6.006741025344805,1.0880486629476958,6.593395446499668,28.0,1.1017924242773316,0.0240912525929795,1.4404084619976516,0.0016706897877156734,0.5201872487494558,0.5241677555043437
3102_right.jpg,3102,0,43.0,0,4,0.0949206765703213,0.0277127401905377,1.4160425131154164,2.5538895549389515,6.206385587160299,1.093481758165555,3.380833198772808,28.0,1.10114182539282,0.0154912804779589,1.3427257591021384,0.001200387952849269,0.6637822983801172,0.5588592137629921
3103_right.jpg,3103,0,78.0,0,2,0.1252852210084203,0.0376188841548371,1.4973571811477993,2.407043014505452,5.589617986325723,1.0778872614752493,5.805383357227955,23.0,1.0883611459410527,0.0232770631827635,1.4197202764598462,0.0010447964305058122,0.3249964442600026,0.5404660879882749
3104_right.jpg,3104,0,63.0,0,1,0.1058555928451387,0.0292144985961402,1.446220513679381,2.717590455849975,6.763241740061104,1.0755176584465038,3.757165269576608,36.0,1.0900786261533055,0.0161253471569936,1.4046059342821056,0.005683233495801687,0.7490670476688304,0.5277687178524473
3105_right.jpg,3105,0,60.0,1,2,0.1422270945317867,0.0381875682011073,1.519644865424288,2.7839756302653984,6.185545093018336,1.0969754448280669,6.1633593339530375,27.0,1.0971362153808422,0.0254314351533767,1.459597753102164,0.017434950917959213,0.4760392702332491,0.41193365766143264
3106_right.jpg,3106,0,48.0,0,4,0.130871109718692,0.0326634562423887,1.4880708577111526,3.069857891929168,6.51159359549147,1.0782190576960693,5.81110375599428,17.0,1.0897094741780686,0.0227087828516854,1.439857616330151,0.016978908330202103,0.30465133198034083,0.5480636426814862
3107_right.jpg,3107,0,44.0,0,0,0.1035125574979144,0.0284704972200603,1.4520674160559004,2.679693917910285,5.885876463094734,1.1247721443378011,4.101168366942718,22.0,1.113198198678392,0.0177328927684284,1.3979412550654688,0.01621183566749096,0.5440170867842645,0.5519953905417821
3108_right.jpg,3108,0,62.0,1,4,0.1071988782802988,0.0253647858695597,1.4280394116071966,3.3079178994949867,7.901752243972131,1.0935063701047325,4.186274064771243,21.0,1.1053679107430687,0.0179454977378988,1.3774620259691637,0.0018268106505274773,0.4836457047570626,0.4459556712901659
3109_right.jpg,3109,0,69.0,0,2,0.0484479929120143,0.0138386879171994,1.282200606851987,2.5991298738065924,5.554991067583318,1.105604854345965,1.661246639751115,35.0,1.1396437366048169,0.0074051327487087,1.303203387445501,0.0984809398651123,0.48124591759697394,0.5457241856550207
3110_right.jpg,3110,0,52.0,0,4,0.0925242302321401,0.0272696687728418,1.4330843076257602,2.5298786343490813,6.5297927192264735,1.0776726120627935,3.4104368585267832,40.0,1.085499715310983,0.0136417474341071,1.3524682815626483,0.011100787669420242,0.8425028224109098,0.539393999680641
3111_right.jpg,3111,0,60.0,0,4,0.027826285453404,0.0077726416709467,1.2201302988982023,2.5509520574772635,5.878595940867168,1.0834062541753542,1.369628488272556,17.0,1.0860791143804744,0.0041944872453347,1.2167362170729263,0.00013803396723233163,0.32141560852841033,0.5219882385490794
3112_right.jpg,3112,0,62.0,0,2,0.0913045906116585,0.0244379127768555,1.405538917634361,2.791282944031665,6.539758767520275,1.0810468718305868,2.7920340729685416,17.0,1.0925694596989262,0.0142596794744884,1.3430893931128225,0.0017979891272261739,0.46662608409155365,0.549806838729863
3113_right.jpg,3113,0,63.0,0,1,0.0046194880532229,0.0014755993671656,0.9116250641304972,2.2523641107350447,6.235128133666959,1.1381627309414633,0.1014157640663664,10.0,1.0901363425610555,0.0006946979838546,1.0738498488057031,0.0004163496196269989,0.1618373037873361,0.5277687178524473
3114_right.jpg,3114,0,35.0,0,2,0.1577894220906201,0.0394789366507834,1.5376322909132183,3.042294322273784,6.654721429202781,1.0921707481841176,7.023642895762065,21.0,1.1000553725094095,0.027862134480023,1.4854907401080704,0.0012689873110502958,0.37549107200806864,0.5654867187246828
3115_right.jpg,3115,0,62.0,1,0,0.0897085886468887,0.0236101842302169,1.388991553531277,2.762471653028735,6.861658269154012,1.080238811237592,3.083985520435196,21.0,1.0947112037009552,0.014110497684483,1.3222096345530745,0.00037253627669997513,0.4743308629681308,0.4266051604152686
3116_right.jpg,3116,0,68.0,1,0,0.0361817861196142,0.0097169030706137,1.1938445144003411,2.668020090439686,5.113187214210459,1.071577116689462,0.2260796433367546,13.0,1.089883264089064,0.0063935323135634,1.1830027690463945,0.013278746977448463,0.07278047647611993,0.4239419707331991
3117_right.jpg,3117,0,55.0,0,1,0.0894173687031624,0.0253643341862276,1.4091703691547823,2.5752010315283416,5.757935745579177,1.0945023037617112,3.1351449751716745,44.0,1.0955046530321542,0.0136479940128844,1.3361239562953031,0.0006098240846768022,0.8114595603334479,0.5370710381700758
3120_right.jpg,3120,0,67.0,0,2,0.0996602768694562,0.0262379824166356,1.4371530959093202,2.7941645868744733,6.265982053358294,1.0804877306088412,5.04200035245051,21.0,1.0859207676294964,0.017323921599342,1.3881678050167872,0.0011538205435499549,0.3657584023981555,0.5468913099522232
3121_right.jpg,3121,0,69.0,0,1,0.0898716843333164,0.017871057278675,1.4087704531394667,3.9456859769915007,8.18275965664002,1.0947160447680602,2.259240987242205,20.0,1.0909533336541055,0.013205033035636,1.405282227559513,0.0006515939021483064,0.41658223087168716,0.5207789442286177
3122_right.jpg,3122,0,49.0,1,1,0.1613053472963024,0.0385584286150717,1.5460903008970603,3.176288906328584,6.685662167888058,1.0983788758025743,6.560792503668535,20.0,1.1092096156553644,0.0280311111778876,1.4922239575405196,0.01566559076309204,0.36393760831865657,0.4575944130655827
3123_right.jpg,3123,0,66.0,1,3,0.1490583766089434,0.0376093677382852,1.5241212510985138,2.9984587952800887,6.348678556543835,1.0875409296635896,5.960920608620097,15.0,1.1023372606403423,0.0245559619309341,1.4567296647211831,0.0016933719161897898,0.34930756855756623,0.4626444372965833
3124_right.jpg,3124,0,39.0,1,4,0.1164679355873961,0.0312208159411391,1.4537552413694734,2.7890310426002567,5.7969148823751775,1.0810821738366414,4.385670723842054,13.0,1.0886351021596865,0.0205971735642087,1.3917357211932535,0.00029767851810902357,0.24065551709604904,0.4959797923942758
3125_right.jpg,3125,0,52.0,0,2,0.0602907809887747,0.0171761802404267,1.3340773342133712,2.484356294941232,5.497480876888909,1.084921312135491,1.6419871029376645,27.0,1.0935187570424088,0.0108818963458323,1.2776090407535414,0.00032982396078296006,0.39824393342215314,0.5556274500943088
3126_right.jpg,3126,0,41.0,0,2,0.1182949664059918,0.0266549179425046,1.4457782051428487,3.39200266266466,6.907250951041775,1.090456460031663,3.5665769777456084,22.0,1.104847669398343,0.0200987102628252,1.4293693896658766,0.003683608490973711,0.3168766941442789,0.5620124769340171
3127_right.jpg,3127,0,58.0,1,1,0.1029057585014263,0.0268157834944838,1.4331516319911626,2.859262213768818,7.08375482905628,1.0917432473900015,3.786826891520033,19.0,1.0931649912246957,0.0160561460200449,1.4212337329126494,0.08561212569475174,0.5584492352864302,0.4471805030211666
3128_right.jpg,3128,0,43.0,1,0,0.1504524772752494,0.0394719585153499,1.5330893081077408,2.8893827828069103,6.647052813503572,1.1031248951696222,7.3142926322373665,19.0,1.1187592503067203,0.027577405393408,1.4729123784616152,0.0014800610952079296,0.44853150675955067,0.43506600954999014
3129_right.jpg,3129,0,59.0,0,2,0.1373806607068733,0.0337895983720247,1.4995894512754877,3.05551842696127,6.736197566887168,1.0754383979107325,6.023913417634374,17.0,1.0823769414917006,0.0250270822998187,1.4530802217069283,0.00023005003458820283,0.2356366809702411,0.5515545284011917
3130_right.jpg,3130,0,75.0,0,0,0.0243995674370646,0.0059653446671528,1.157137812636198,2.9723613276233958,6.077627889734981,1.0921809792163408,1.0562583306088575,13.0,1.109541580618194,0.0041194074893745,1.209253408059071,0.007454039994627237,0.12825714834315613,0.53803620226169
3131_right.jpg,3131,0,37.0,0,2,0.0283105975638383,0.0101724092960171,1.1579174486802846,1.91720752460634,5.59679657836915,1.0764986620824466,1.0433240303607292,30.0,1.0894019890312232,0.0037142335480841,1.115583642142641,0.0005085759330540895,0.6728875794054493,0.5643293354564938
3132_right.jpg,3132,0,54.0,1,1,0.0233862433862433,0.006938775510204,1.1802759701144003,2.465534805320647,5.617443053351883,1.1548135729651463,1.1589821113630638,18.0,1.144223834583301,0.004021164021164,1.2274600175169064,0.05965010076761246,0.5494879996642308,0.45180373997928125
3134_right.jpg,3134,0,33.0,0,2,0.0250411286704222,0.0047659404755969,1.0942362214269536,3.703499939972333,7.038383366710981,1.079472992765435,0.1994117353806271,23.0,1.10354240195703,0.0034897053691609,1.1202914230599492,0.00848291628062725,0.2843818313429375,0.5666433884101691
3135_right.jpg,3135,0,45.0,0,3,0.1031150931089751,0.0289464503309249,1.4310079024431146,2.6307089271254576,5.725436560290357,1.086124179965854,4.2977262500063205,26.0,1.1091130686182202,0.0182173031514973,1.361364733164568,0.0009435302927158773,0.4140461905220296,0.5286408663886957
3136_right.jpg,3136,0,45.0,0,4,0.0373966812352481,0.0109084871709729,1.2379321034281632,2.423441995776576,5.64853294185726,1.0849563222422327,0.80770369838549,33.0,1.0969657872668848,0.0058289283566819,1.2217287294351742,0.014009403064846992,0.4940413754899307,0.5545470763963064
3137_right.jpg,3137,0,46.0,1,2,0.1112216655218392,0.0296274596953412,1.4537096436007924,2.770786936016505,5.919128805371659,1.089213845387316,3.687017657279082,22.0,1.1056519980717423,0.0205664875348498,1.4248849133704151,0.016225354745984077,0.23760111436596376,0.419941091002179
3138_right.jpg,3138,0,55.0,0,4,0.1247255608221634,0.0269044334340728,1.4548157477441408,3.591431320046035,7.119405885631859,1.076595390457981,4.133362678419016,10.0,1.077444378903573,0.0226207666582567,1.4384858497063335,0.0025946255773305893,0.0861860723374828,0.5328757970826702
3139_right.jpg,3139,0,54.0,1,2,0.0401259640839888,0.0130025900050653,1.286135939626623,2.160155763660633,5.931648240136006,1.0804112833656256,1.4335821394779849,26.0,1.0927876734804804,0.0058490151290701,1.236548708142505,0.1542719155550003,0.5884562833968363,0.4153599692395619
3140_right.jpg,3140,0,59.0,0,4,0.1152410536151728,0.0292294870823547,1.4542720302400969,3.016571100968829,6.291134029531952,1.0964529922390942,4.798343308836528,15.0,1.0991646699990902,0.0218147839482789,1.4227940323561208,0.00854075700044632,0.21977228656411915,0.5241677555043437
3141_right.jpg,3141,0,47.0,0,3,0.1264001535244982,0.0361994606441968,1.494104645687354,2.5912255698552755,6.044514186638891,1.0999849787290132,5.807670164735827,33.0,1.1131182620757425,0.0210944680679143,1.417854768375292,0.7663365602493286,0.7196234716550102,0.5284222574720198
3142_right.jpg,3142,0,61.0,0,0,0.1436201840224938,0.0330807139185907,1.5061229325135872,3.40311611437537,8.368054764626866,1.0835222099376816,6.147520332167656,17.0,1.1020482379570238,0.0233101877513176,1.4585963126335808,0.00018902405281551182,0.5135016255940307,0.5443490710185849
3143_right.jpg,3143,0,66.0,1,2,0.0686798423692381,0.0186788472255393,1.3749045672907851,2.670866908788152,6.167313901367365,1.0712279525078536,2.3385876920627338,26.0,1.0978270617491512,0.010687843324576,1.3486753947563188,0.00015618537145201117,0.39641373993632006,0.408515860589784
3144_right.jpg,3144,0,56.0,1,1,0.0653761775712995,0.0163943734675441,1.3093003875214415,2.929904948019645,6.5644549783100254,1.0873773540574945,2.890695573622403,35.0,1.102250589024355,0.0099212801651826,1.2883633731409243,0.008048237301409245,0.6024416289757075,0.44949103077515556
3145_right.jpg,3145,0,57.0,1,3,0.1594309181578175,0.0395326097584824,1.5524871222623915,3.0896655536668303,7.053729221573102,1.0860636452756662,7.969101398259509,17.0,1.0957764613936378,0.0276669600078224,1.4933788966588584,0.0007306961924768984,0.44522404553090533,0.46362602570767564
3146_right.jpg,3146,0,51.0,1,4,0.0231988146957635,0.0087139951281986,1.1399716079085809,1.8011959130617528,4.703768826700547,1.0867206453844886,0.6026970693855002,30.0,1.1061381216650634,0.0030235302980839,1.0433446232536268,0.006208334118127823,0.712430525636472,0.4698064050730303
3147_right.jpg,3147,0,55.0,0,4,0.0838621083723866,0.025800535456728,1.4189925212990249,2.3597103954347367,5.659109753053632,1.0669205667608823,2.810917418932681,34.0,1.0761845326282269,0.0132896489118063,1.321217339690811,0.0004656534001696855,0.685022915440227,0.5328757970826702
3149_right.jpg,3149,0,56.0,0,0,0.039235202197649,0.0058275522290014,1.2331239976019994,5.155518087450365,8.696967543393194,1.0736606213625726,0.547421644056494,11.0,1.0750234248045858,0.0050263260045187,1.2835474355801224,0.004682000260800123,0.10548574216853333,0.5466003242466938
3150_right.jpg,3150,0,44.0,1,2,0.1268904463297676,0.0331475520835965,1.487172004183949,2.8537779326309747,6.280838536525524,1.093595405138028,5.507748745597591,20.0,1.0995635560759671,0.0230820149265044,1.4462215092571726,0.016120638698339462,0.30646593046726345,0.42108856279707574
3151_right.jpg,3151,0,67.0,1,0,0.0592867749033367,0.0168333668203803,1.3182890153027684,2.7159547582772494,6.479000274594484,1.0791436409524766,2.303255431027301,25.0,1.0680462749399062,0.00959036357132,1.3185903060967823,0.0016514041926711798,0.480929524153604,0.4243855333672336
3152_right.jpg,3152,0,62.0,0,0,0.1139699940431387,0.0282235162105127,1.4737500208749277,2.99966899377363,5.989920097125685,1.078677378750461,4.017418046980702,20.0,1.0855996960617982,0.0211630194359914,1.4398878070923145,7.816065044607967e-05,0.1823764326740062,0.5438985998086648
3153_right.jpg,3153,0,58.0,1,1,0.1429845079664013,0.0345853514382597,1.5092394946700205,3.1400753158419548,6.468388859218674,1.0761373965598513,6.210837912156713,12.0,1.0810247205770396,0.0265363058537147,1.4778024565716692,0.034699901938438416,0.12761343363975833,0.4471805030211666
3155_right.jpg,3155,0,48.0,1,2,0.1188040414278022,0.0248682946399349,1.448441450483519,3.791702117223151,7.551572815669404,1.0965790125160797,6.2817386163282976,54.0,1.107806274183139,0.019167220937721,1.4258080723447693,0.012859201058745384,0.8054499745041822,0.4187944840473071
3156_right.jpg,3156,0,67.0,0,3,0.0230258525299265,0.0064581028065586,1.1723111780133293,2.762463023138812,8.122247681366447,1.0807672282506768,0.8550447641082386,13.0,1.093102129445937,0.0033145558796901,1.288032235480572,0.02492719516158104,0.2722247934064312,0.5262355824410622
3157_right.jpg,3157,0,62.0,1,2,0.1003592790533345,0.0251694383901113,1.4182209233555425,3.0546860149181096,7.1727173782765705,1.07980439758187,5.075687457080584,24.0,1.078695423956143,0.0166751261457618,1.385693688701773,0.000100304554507602,0.5140978251522209,0.4107934306352285
3159_right.jpg,3159,0,62.0,0,1,0.067464886023486,0.0190958630746795,1.3352839652486446,2.583701534409078,6.146853361523253,1.0941338890879668,1.944380484560084,17.0,1.0938913324789383,0.0108424795967968,1.302956517996536,0.0017890844028443098,0.4014396411551886,0.5289326966664348
3160_right.jpg,3160,0,37.0,0,3,0.1562193680083268,0.0396940085087462,1.5335306969348972,2.958617249250569,6.366422214293585,1.0907968248674782,7.376941499843366,17.0,1.1095648216651837,0.0271986822559293,1.476133521409461,0.024707553908228874,0.3616377700226976,0.5295151913682302
3161_right.jpg,3161,0,64.0,0,1,0.0395100790002586,0.0110391419417746,1.214780061113326,2.5607233567410947,5.280204164951326,1.097411111396022,0.4477344636141125,32.0,1.14401023347902,0.0066065707519949,1.20025239686343,0.004782295785844326,0.40372151891694763,0.5266044370500759
3162_right.jpg,3162,0,33.0,0,0,0.0187749051056399,0.0040047161128882,1.066135081190193,3.584975615765711,6.888892179963856,1.0935417470553097,0.2984881574823519,12.0,1.0816491508709205,0.003009755587947,1.1970298463736382,0.028913216665387154,0.12873647201851648,0.5569301702351789
3163_right.jpg,3163,0,45.0,0,3,0.1406730764372723,0.0388021846438333,1.5134329396381838,2.7023188380147785,6.042652319184676,1.0851778018944835,6.365983418128906,30.0,1.0893212614678336,0.0241806322533055,1.444518218577027,0.001744888024404645,0.6090267559311326,0.5286408663886957
3164_right.jpg,3164,0,54.0,0,2,0.1225696686447539,0.0269347846139655,1.4588358288252272,3.536963361447328,7.100478601099285,1.0765302225038789,4.612120653076285,16.0,1.0814429795701794,0.0224405292664678,1.439504849743342,0.07870016992092133,0.1634555256298639,0.5544644962375241
3165_right.jpg,3165,0,40.0,0,2,0.0042816189958243,0.0020371104371952,0.8950482467912804,1.6504989484383372,3.369675027586497,1.0736397552829309,0.1382654142892697,5.0,1.0138366165065258,0.0007097624600182,1.0560197868169146,0.0070859771221876144,0.0991208543872647,0.5625919492450863
3166_right.jpg,3166,0,43.0,0,2,0.0753347322399864,0.0151783090415083,1.3267255007532064,3.825668494375534,8.419213657446795,1.080449273170277,1.5982594439088271,18.0,1.0880642977457706,0.0116054258330282,1.3446592508321054,0.12030019611120224,0.3794693826141706,0.5608530261360647
3167_right.jpg,3167,0,57.0,1,1,0.1438291329564412,0.0354787592893788,1.5112874830113678,3.152729613572228,7.354854272158642,1.0899954918903252,6.798700925146303,26.0,1.101301227032214,0.0251081254935595,1.471180880110588,0.04691337049007416,0.5332339282484777,0.4483354881085865
3168_right.jpg,3168,0,53.0,0,4,0.0640098013125323,0.0174184186345446,1.3666274746962177,2.754261464147529,6.487488526917127,1.106665426474479,2.711428671851856,23.0,1.1193611577836955,0.0105544871633937,1.3525778282247662,0.1656554639339447,0.4967617008763198,0.5372226509821401
3169_right.jpg,3169,0,63.0,0,2,0.1547898760528935,0.0383058709393806,1.5312009449330846,3.122308250323888,6.770702297810948,1.0972952520745212,7.528788774525409,22.0,1.119295105154298,0.0262800204136286,1.475928795223694,0.0019057210301980376,0.4524297464802757,0.5492240000581153
3170_right.jpg,3170,0,69.0,0,3,0.0250972701763902,0.0120844503322311,1.1441494656241764,1.4005415028455412,3.901521593670083,1.088001874530125,0.5737114961352707,70.0,1.089755533269313,0.0017315656065173,1.080049746363162,0.0007401059265248477,0.9762977119578846,0.5260168581862011
3171_right.jpg,3171,0,65.0,0,3,0.0707609772510608,0.0173607865861637,1.3475281614377594,3.101997114982884,7.251318281734373,1.1093941214562213,2.523505990990149,27.0,1.1493438848045958,0.0109211731498962,1.3669633007207829,5.535162199521437e-05,0.48721351350670183,0.5264542966277201
3172_right.jpg,3172,0,68.0,1,2,0.0684177049047917,0.0165781556044666,1.4028447240916233,3.043008424255567,5.877070930112537,1.1079541544380636,2.5240797205338934,24.0,1.1030886180378174,0.0131958887789511,1.422729109534944,0.00896598119288683,0.2164393018419489,0.40737854034809023
3173_right.jpg,3173,0,46.0,0,3,0.1506412968281065,0.0364322295827713,1.526754128816196,3.185551227156713,7.0786911091552565,1.086155484068754,6.3706630964408895,22.0,1.0956836847389622,0.0263287560782596,1.4874854649653937,0.0058371154591441154,0.4068121368040008,0.5285315632983314
3174_right.jpg,3174,0,66.0,1,0,0.08248324551082,0.0164680002046349,1.3741223898121664,3.985932460747653,9.3949060346351,1.0915470586213962,2.148667314677444,21.0,1.0963672222802654,0.0128357292679183,1.3931767631117045,0.0004514334723353386,0.5347035659157265,0.4248292178361925
3175_right.jpg,3175,0,70.0,1,1,0.1421255834114575,0.0316277053658733,1.4990722877042542,3.50310161197722,7.538776284422732,1.0889499601113708,5.544298948599309,23.0,1.0915841681186091,0.0238908881966915,1.4690641897215069,0.025814957916736603,0.3805957361736055,0.4333685836770771
3176_right.jpg,3176,0,64.0,1,0,0.1064898764739473,0.0248454672049851,1.4470902089328068,3.3003945885154877,6.883416491002266,1.0804153672674102,3.4563250748870438,15.0,1.088266968624992,0.0189697145776771,1.4439397786992718,0.0003758495149668306,0.16650139558475252,0.4257169495512218
3177_right.jpg,3177,0,66.0,1,0,0.0717823389198564,0.017552564946809,1.3500998693913506,3.341178081087528,8.445009413731148,1.072616003377247,3.5707992097867725,27.0,1.0788636477833469,0.0101605468423932,1.354462533345007,0.004969289992004633,0.6996031369147274,0.4248292178361925
3178_right.jpg,3178,0,61.0,1,3,0.0453665594540957,0.01196609606116,1.2772631443284843,2.722297710651912,6.1159151808631815,1.072908368115524,1.3197900067455934,20.0,1.073981676149886,0.0078796351513848,1.25425736414677,0.02185310237109661,0.2576620616165755,0.46318972893578597
3179_right.jpg,3179,0,75.0,0,1,0.038440652634201,0.009007348362187,1.35305200002555,3.178334187147143,7.707077591858401,1.070604993026664,1.046207497820401,10.0,1.0805753751874327,0.0062025158799352,1.358091023346384,0.013432442210614681,0.3064941989307223,0.5137810255095064
3180_right.jpg,3180,0,61.0,1,4,0.1110362484840318,0.0305040251139159,1.4613705196976172,2.7168511611223325,6.598885971346216,1.0836796827108046,4.491757624758568,32.0,1.0925530058652009,0.0194143746225675,1.4072194636253024,0.10411912202835083,0.6090039676321578,0.4481153327870068
3182_right.jpg,3182,0,53.0,1,4,0.1184825992400886,0.0297556274314893,1.4674918028574533,2.926305191539834,6.330975477771514,1.0884729848517376,3.9357960652131134,12.0,1.0960018998876957,0.0207184341586731,1.417987156556781,0.008563320152461529,0.2375986195983527,0.46545639331195343
3183_right.jpg,3183,0,52.0,0,4,0.0908079961631908,0.025076288203393,1.4063835965110585,2.679502690341113,6.857623627110209,1.0844608126599184,4.901418249086913,37.0,1.1035454707461505,0.0139453254699827,1.3781776407000972,0.014774013310670853,0.7868527262537841,0.539393999680641
3184_right.jpg,3184,0,46.0,0,0,0.1308326142318944,0.030444299454886,1.4709116600382248,3.311374132983175,6.980993580359161,1.08468844196592,4.840780417990866,17.0,1.0924235431878668,0.0238145349693768,1.445923214105112,0.0006143744685687125,0.22220250518193005,0.5510970274313736
3185_right.jpg,3185,0,63.0,0,0,0.0335747038403771,0.0103046639545639,1.3202197397500266,2.336515889523847,5.974918928867482,1.0728444251759406,1.4919880243094583,12.0,1.07359095281312,0.0050329729353372,1.315390613480081,0.00122175388969481,0.2123331122551788,0.5434480567689473
3186_right.jpg,3186,0,53.0,0,0,0.1175330066418273,0.0308956342135104,1.4730631831159218,2.846779011098406,6.08173110492601,1.0775608821553733,4.657378908148388,17.0,1.0851179138185492,0.0211961364004535,1.4186975785206373,0.0003556713054422289,0.23535863907722607,0.5479501678702431
3187_right.jpg,3187,0,43.0,1,0,0.0600986459740504,0.0198024986124637,1.3216370494060858,2.1327010288195907,5.204459161205142,1.082009974284741,2.460913365377567,32.0,1.0863405447111891,0.0092676950142942,1.24069616021365,0.0005403287359513342,0.614647923458104,0.43506600954999014
3188_right.jpg,3188,0,60.0,1,4,0.1149880005052418,0.0242010862700517,1.440792328824699,3.739351096604163,8.63953385505703,1.1019019718785652,4.446128584059618,13.0,1.1148539660487775,0.0183554376657824,1.4333784827221172,0.0005196207785047591,0.3310644931659422,0.45027695311047644
3189_right.jpg,3189,0,62.0,1,4,0.092422289808753,0.0213567709675756,1.3870922485114334,3.34424059984039,7.048031774693155,1.076289608173478,3.60843342440332,19.0,1.0891736153639275,0.0159389659260786,1.3507579347614684,0.008927278220653534,0.2338072512972193,0.4459556712901659
3190_right.jpg,3190,0,51.0,0,1,0.1274846388140636,0.0355331960069719,1.5225711494900849,2.71980301064868,6.36504742616859,1.0883663683628038,6.162080318315463,28.0,1.095600680124415,0.0227336748886424,1.461549099262896,0.007327830884605646,0.6141480698481557,0.5417129463658781
3191_right.jpg,3191,0,57.0,0,2,0.0543401584487935,0.0160483666751076,1.307524411759076,2.4850890398824017,5.924284908531504,1.0777808187076832,1.4922403501790689,20.0,1.0809364692040453,0.0090755344933617,1.3270439331746875,0.039726026356220245,0.2962408212196872,0.5527189505834421
3192_right.jpg,3192,0,58.0,0,4,0.0329702251270878,0.0115094298100834,1.204248364887885,1.992781944881636,4.560394414594812,1.0841267787627729,0.7922360863537334,34.0,1.0920762696900983,0.0055940670319755,1.2040939425479913,0.00025065065710805357,0.47059113510703954,0.5263463522659199
3193_right.jpg,3193,0,54.0,1,2,0.1412332087667912,0.0376881123118876,1.5161591564792156,2.7894070188427103,6.131467221788681,1.0807856545907353,6.564993435006565,18.0,1.0832889121879554,0.0251792748207251,1.453713128527688,0.0027627083472907543,0.3096137911569393,0.4153599692395619
3194_right.jpg,3194,0,47.0,0,3,0.1131736809786972,0.0255800649735749,1.4368931828171054,3.442911528365155,6.792917824174544,1.082467635615564,3.8312366497147567,20.0,1.08416956473753,0.0199224305785167,1.4192156910300988,0.029076628386974335,0.20779136904720802,0.5284222574720198
3195_right.jpg,3195,0,66.0,0,4,0.080823573626954,0.0253735436622007,1.3898273446974645,2.3382370632002525,5.520196142402991,1.0792230277964516,3.4535647898912125,21.0,1.0951488277035073,0.0142307184430517,1.3209770412085955,0.0006906539783813059,0.4470726099083035,0.508896449259807
3196_right.jpg,3196,0,56.0,0,3,0.113972375243033,0.0292044718081659,1.458351453325398,2.903174977012265,6.608230912701536,1.0794739032529683,4.506237848347375,20.0,1.0836984807472907,0.0201919961114711,1.4109380091344097,0.05303134396672249,0.325229880966319,0.5274383836361386
3197_right.jpg,3197,0,45.0,0,4,0.1754416095449287,0.0451585854350933,1.5711943894412217,2.9781515951269117,6.4429681619966885,1.080107993359518,9.14284559703792,33.0,1.0889407896076966,0.030479519520733,1.5083097905943863,0.006172217428684235,0.673527052365216,0.5545470763963064
3198_right.jpg,3198,0,56.0,0,2,0.1242104230839525,0.0272323239527658,1.4961147557009224,3.573686352305281,7.4478107176023585,1.0928226660846905,3.967387185785164,30.0,1.0988475505044528,0.0191682751672766,1.4805524023031735,0.057289786636829376,0.5896396436318226,0.5533009457094274
3199_right.jpg,3199,0,36.0,0,0,0.1218515893905649,0.0313271917392184,1.4766321739081951,2.9442777739175914,6.776538720686614,1.0843631220010967,5.821016400080988,20.0,1.0875523524429165,0.0224235675237902,1.4318479773274737,0.007932892069220543,0.3991116211751738,0.5555853932752884
3200_right.jpg,3200,0,57.0,0,3,0.1381710932119651,0.038341767224601,1.516776922359682,2.7197943280342085,6.494331884634662,1.0785511000193644,6.836941441846074,39.0,1.0937863542093582,0.0231358106017506,1.4407575486603483,0.0017874721670523286,0.8244964867198907,0.5273290510232628
3201_right.jpg,3201,0,46.0,0,0,0.0137171698670004,0.0046961972504604,1.0481494011492232,1.949332138658621,4.083841511759058,1.0752739982808217,0.3052782611350246,20.0,1.082657014675723,0.0022488831903613,1.0420479995469538,0.37773746252059937,0.14259260460023512,0.5510970274313736
3202_right.jpg,3202,0,62.0,0,2,0.1204959644634818,0.025859162750114,1.4734610245716264,3.6655299260589462,7.79331526156336,1.092058277948997,4.164435718960081,23.0,1.1071493259842429,0.0204602693001764,1.4464332433584786,0.0017068743472918868,0.3936944184946419,0.549806838729863
3203_right.jpg,3203,0,74.0,1,1,0.0592281066285731,0.0155287724328077,1.3260235059193417,2.7103299076268947,5.20526412787514,1.094098698351293,0.8491126772522714,41.0,1.1168324595771166,0.0110984021697326,1.2841055808570183,0.0062270499765872955,0.4819939196755604,0.4287864377595346
3205_right.jpg,3205,0,60.0,0,2,0.0295778501952784,0.0055026244433941,1.1826484084162614,4.037265354604318,8.125813577272446,1.08605929852103,0.9950496281002016,12.0,1.0866997596842058,0.0042787134008308,1.197485227164446,0.005286022555083036,0.27944098389242844,0.5509721044670804
3206_right.jpg,3206,0,71.0,0,4,0.0598601272209698,0.0201926890617076,1.3579448645212555,2.029670837543774,4.543980434006687,1.0976568477845483,1.7571957164588992,26.0,1.1079427493160272,0.0105984004498421,1.2539960613616254,0.01795286312699318,0.5944049840412021,0.4979765315502441
3207_right.jpg,3207,0,47.0,1,0,0.0381974962586407,0.0082309903318526,1.304822176715406,3.875726339818708,9.546422848192924,1.0724362440028867,2.2566928759769103,16.0,1.067386071454931,0.0054101242368814,1.4134394215246529,0.004329001996666193,0.45678165954866556,0.43328146015341057
3208_right.jpg,3208,0,67.0,0,3,0.0649855562537578,0.0205467376120577,1.3551852905803403,2.2594351709778446,5.918438052066357,1.0787894963101985,1.6274643653115013,33.0,1.0808771131551942,0.0100089058466657,1.287216273113326,0.000533288111910224,0.6608937983605327,0.5262355824410622
3209_right.jpg,3209,0,62.0,0,1,0.1081759224597577,0.0286577160837321,1.444628487169423,2.7951864550159957,6.983596997594065,1.089511072293892,4.401096733070954,22.0,1.094032487524439,0.0185098999382834,1.3883288251456576,0.0005773492157459259,0.5380913005774278,0.5289326966664348
3210_right.jpg,3210,0,60.0,1,4,0.1382342986749915,0.0361687403074342,1.5120277020405866,2.842116472142301,6.091033795248174,1.085346276617031,5.203045044225883,20.0,1.0953070905222542,0.0244543117078616,1.4599593063530645,0.0033641846384853125,0.32626018842679344,0.45027695311047644
3211_right.jpg,3211,0,35.0,1,0,0.1304912498799796,0.0344041681195453,1.4920573614441834,2.852918531483155,6.047523206442124,1.0847668585236911,6.013654533234285,20.0,1.0870229288917583,0.024534699797355,1.4450132604220631,0.0036475672386586666,0.3017271089601617,0.4386401163964351
3212_right.jpg,3212,0,64.0,0,1,0.0047540859373026,0.003283906332887,0.7608649634008122,1.0490293931917996,1.4902939319179933,1.060924405698366,0.0,24.0,1.0677383551400434,0.0,,0.050294529646635056,0.007091637538022279,0.5266044370500759
3213_right.jpg,3213,0,65.0,0,0,0.0440403209728867,0.0108029306220095,1.2403134188510976,3.216274219683462,6.45749079539239,1.0788854802047914,1.5575159489633177,18.0,1.0946613591110417,0.0070960426634768,1.2931637086638494,0.003722371533513069,0.16270178537270064,0.5425467581043051
3214_right.jpg,3214,0,47.0,0,4,0.14012395580706,0.034394484245347,1.5263833568470766,3.1381482981744595,7.22953417812298,1.078506608897896,6.318586866631357,22.0,1.0855970423930092,0.0229420455495776,1.4624282003563702,0.129682257771492,0.5613590429984431,0.5502267114088591
3215_right.jpg,3215,0,64.0,0,0,0.1111912453359377,0.0262389502416547,1.440970196545447,3.2175962708541563,6.552755613547761,1.0768435768999074,3.956627350812611,11.0,1.0803580332232352,0.0199333884256129,1.4147052796298492,0.0295608751475811,0.13081027291364086,0.5429974426253626
3216_right.jpg,3216,0,81.0,0,2,0.0048005000307395,0.0018290058815091,0.8480373389812701,1.5780009313389187,4.097580235965897,1.1127018256445826,0.0,11.0,1.0819081215588946,0.0006096686271697,0.9361252713282172,0.0023428236600011587,0.3683861391522549,0.5387113260248965
3217_right.jpg,3217,0,47.0,0,2,0.1007495916176014,0.0281262245110861,1.4293040902069931,2.6255647666115176,5.996042048578584,1.0744600335654195,3.71488038594045,22.0,1.0744894585144775,0.0171291607932541,1.3998617696733546,0.005790290422737598,0.3659020812930889,0.5585321428282785
3218_right.jpg,3218,0,60.0,0,2,0.0550542483026682,0.0165014818177644,1.343912343511542,2.5117259349286214,6.429964441372331,1.0713516280833244,3.0095438245690995,23.0,1.0657725189984826,0.0098090724994006,1.332175429776965,0.02559509314596653,0.38972459135764626,0.5509721044670804
3219_right.jpg,3219,0,69.0,0,3,0.1221591768037652,0.0294286606935891,1.4690894132792531,3.107618904113465,6.469883755987171,1.1062030306009534,4.484847263235339,15.0,1.1213554968261583,0.0227366638783346,1.4316085107013492,0.009370229206979275,0.15937551008970316,0.5260168581862011
3221_right.jpg,3221,0,53.0,0,3,0.0499164525394894,0.0156039396035155,1.2727451050859695,2.252064117660696,5.419485341917948,1.0977423495705796,1.9183102715418672,31.0,1.1298137995710482,0.0079559394419736,1.2615697481540928,0.000845108472276479,0.5288262727220643,0.5277663656424777
3222_right.jpg,3222,0,60.0,0,0,0.0680255972868491,0.0245122283568681,1.364752947282242,1.9039505855539391,5.123845008267495,1.0904120599388687,2.1701169844458126,38.0,1.1023892771281585,0.0088671989341192,1.2505601875977526,0.00013415853027254343,0.8166612591729457,0.5447994696732451
3223_right.jpg,3223,0,56.0,0,0,0.1169137313568158,0.0271343014441069,1.4549258622445638,3.27962756791634,6.946030387292703,1.0828269416562597,3.677007620976069,25.0,1.0915734899149103,0.0193672524693876,1.413108530600163,0.008734594099223614,0.3798706420240688,0.5466003242466938
3224_right.jpg,3224,0,53.0,0,1,0.0484750749445183,0.0135633148478613,1.280752298898275,2.6554833463782264,6.090895622787949,1.0872534074834022,1.8704534080166624,14.0,1.091833440040352,0.0078306279162643,1.3003357902008577,0.0037083784118294716,0.2728341090244746,0.5393928463794297
3225_right.jpg,3225,0,67.0,0,1,0.0776039387858762,0.0209662899875781,1.3694576108014989,2.851758647775282,6.374856502655405,1.082159417175618,3.01745598286085,32.0,1.0885864472513198,0.0131209044321399,1.3831433424805648,0.009564479812979698,0.5127366253695492,0.5231099086571211
3226_right.jpg,3226,0,63.0,0,1,0.1509313851796838,0.0369522712460402,1.5307123392023667,3.120103741098198,7.030980344626277,1.08792069382709,6.416377424455997,21.0,1.1060929071251369,0.0257564504802178,1.4778035444585411,0.01374729722738266,0.43798006638744563,0.5277687178524473
3227_right.jpg,3227,0,52.0,0,3,0.1402192204484468,0.0371785347907602,1.5066555728508293,2.8447386772381744,6.985811943089174,1.0806038181268072,5.912584709146314,30.0,1.087282266082493,0.0239484948176447,1.449256640161868,0.002849951386451721,0.6531443239462374,0.5278756876657557
3228_right.jpg,3228,0,56.0,1,0,0.0973569033708767,0.0260043365656809,1.4148352331691478,2.809801121065606,6.374708230897295,1.0876100445222072,3.2624626071593488,23.0,1.1034436736470803,0.0159007408299704,1.3692504148946427,0.0004995724302716553,0.40676363620189415,0.4292726130887626
3229_right.jpg,3229,0,70.0,0,2,0.0835582748485393,0.0207895947053766,1.3772454411732045,3.03210555373276,5.953567123971816,1.0735916901477391,3.5490772399176214,14.0,1.0758833000308894,0.0160758202867254,1.3748568113489716,0.09916731715202332,0.10971129563086257,0.545140434207086
3230_right.jpg,3230,0,57.0,1,1,0.1282478280933368,0.0313547079713488,1.474978374610751,3.156498270568063,7.015344857846127,1.0824308673795766,4.965791216067093,24.0,1.0957213117192957,0.0214181095884914,1.4276012473612454,0.12707333266735077,0.43213892249804886,0.4483354881085865
3231_right.jpg,3231,0,58.0,1,4,0.1440090943539219,0.0393836049008462,1.527820435298108,2.74773092312629,6.125351374718008,1.0887623638412256,7.022862195275988,24.0,1.1001032628832146,0.0255046103321965,1.4558460728699112,0.001594341592863202,0.5525177268070552,0.45460575018859534
3232_right.jpg,3232,0,59.0,1,4,0.1118882892387599,0.0303572877779581,1.45316591425037,2.768670777052278,6.55985148352714,1.0936421986545406,5.630173673105015,28.0,1.108070993451438,0.0183817562084077,1.4042486148303484,0.001945508411154151,0.6783907705948364,0.452440452319039
3234_right.jpg,3234,0,60.0,0,3,0.1416603121859582,0.0365513096963484,1.5121328862782095,2.97312786476154,6.504010689631396,1.09695992461401,5.958903763704217,13.0,1.104549524701706,0.0258808320245628,1.4621430206970445,0.01900683529675007,0.2036713071129157,0.5270010374982788
3235_right.jpg,3235,0,53.0,1,1,0.0925151144039854,0.0207140759294457,1.3884706795031725,3.437530826681213,7.233433082019817,1.117515784252401,2.826158032107372,25.0,1.129305192143957,0.0162476379414486,1.3692424539826933,0.0011865705018863082,0.4797745401803509,0.4529608820255349
3236_right.jpg,3236,0,63.0,0,3,0.1422116195726344,0.0309321555795547,1.486401288088605,3.5828674030403533,7.09732155469806,1.0784298294597046,5.7490718204140405,12.0,1.0825780559092646,0.0250648785441415,1.459377523846962,0.013009244576096535,0.1638031019206063,0.5266730006627107
3237_right.jpg,3237,0,55.0,1,2,0.1271946878077107,0.0326305956017875,1.481204360609483,2.9525996394770866,6.172690176656841,1.0830961140652888,5.756558184159366,19.0,1.1009315095791714,0.0228141490140631,1.4320683836429604,0.010351769626140594,0.247410958659756,0.41478833919539365
3238_right.jpg,3238,0,55.0,0,2,0.0784345494161685,0.0185652829767026,1.341930165921766,3.251530315274204,6.623696367140501,1.1013982964980098,2.178892675568468,14.0,1.127414114360554,0.0147606011509022,1.3324270687076865,0.0445520244538784,0.17007593910568616,0.5538827947798316
3240_right.jpg,3240,0,57.0,1,4,0.0615477013611656,0.0195317428673809,1.319399639344053,2.278138568402598,5.983465829406927,1.0804271186173289,3.734751866114193,31.0,1.0865231035346603,0.009135001186036,1.2680903040132707,0.16996356844902039,0.7731450579751308,0.45677276622420065
3241_right.jpg,3241,0,42.0,1,1,0.0779389336107548,0.021947943074732,1.3770634363388852,2.591892764966348,5.588745559295856,1.0802649997741722,2.777581383134526,13.0,1.080967325423539,0.0142111163857101,1.314839808158634,0.11917383223772049,0.2001309942544261,0.4657202954881499
3242_right.jpg,3242,0,46.0,0,2,0.1104353880131128,0.0280745272884036,1.4660866493694438,3.0361324005940244,6.930189314109827,1.0795665979607596,4.65680285125434,14.0,1.0867854393446024,0.0181753632075689,1.4142935952515407,0.0028796072583645582,0.36878681668035396,0.5591126075239633
3243_right.jpg,3243,0,56.0,1,4,0.1358333618427162,0.0294265704189901,1.489802229943073,3.7159957534466,7.476710460159655,1.0849683518217916,5.278308595334562,13.0,1.0898836105806435,0.0238305858433808,1.4685460169207016,0.0007764449692331254,0.15388100316473058,0.45894141967186924
3244_right.jpg,3244,0,45.0,1,4,0.0556274719712613,0.0159146797579427,1.3123335556961453,2.6281608035609048,6.657985338297563,1.080060054681254,1.7021047869457522,32.0,1.0883502322158278,0.0086269837359408,1.3213969047172862,0.05133235082030296,0.5160408803720308,0.48288135791983605
3245_right.jpg,3245,0,72.0,1,2,0.0610578647683236,0.0171729981255715,1.320496338043251,2.6368373024212013,5.691728441983775,1.0932394428654346,2.475660218161241,24.0,1.10195617236107,0.0113021467510748,1.3690253837955562,0.0021046444308012724,0.2271587975305357,0.4051068860615887
3246_right.jpg,3246,0,42.0,0,1,0.1553961965521789,0.0394120434372694,1.5400486291664106,3.048708976843012,6.744197154520561,1.0815399667058354,7.425174271771148,17.0,1.0865505590880176,0.0269016017859498,1.4865726668254975,0.002274716505780816,0.3408345593705768,0.5521296037374803
3247_right.jpg,3247,0,64.0,1,3,0.0367591593002299,0.0108452619169147,1.2145765714855945,2.536093334943034,6.503077291687965,1.064951678456442,1.0389047234029098,35.0,1.068614742972939,0.0054519913093361,1.2355245115003972,0.0045433309860527515,0.6063384073793199,0.4628625433032637
3248_right.jpg,3248,0,82.0,1,4,0.019030303030303,0.0043383838383838,1.140223238077648,3.308391790245469,7.086543014784702,1.0660023320841563,0.4545454545454545,11.0,1.0778219753710534,0.003050505050505,1.1589280086812686,0.026333365589380264,0.08789830731158864,0.4032939222857028
3249_right.jpg,3249,0,56.0,0,2,0.1412171009885946,0.0375995841704901,1.5230992722633525,2.800434039701479,5.934570143331063,1.094696652154078,6.597295109005308,27.0,1.111786576851102,0.026609090272988,1.4628976853647702,0.0029641364235430956,0.30431504129691805,0.5533009457094274
3250_right.jpg,3250,0,44.0,0,1,0.0235327887840301,0.0055697120468943,1.1226647766621929,3.080489653960828,6.606966549538933,1.0921699179514197,0.7553859014775348,19.0,1.1058162048419722,0.0037567858833482,1.132579109313026,0.10593225061893463,0.19717310709518576,0.549818414171437
3251_right.jpg,3251,0,66.0,1,0,0.0861547946313066,0.0238569291720569,1.4103750971910147,2.6978400903777797,6.739662144484053,1.0757670527093883,3.8910899094437257,10.0,1.0867202754933938,0.0145183133893919,1.3637602090006573,0.03759024292230606,0.27596783019114823,0.4248292178361925
3252_right.jpg,3252,0,70.0,1,3,0.046586065062944,0.0137006107441106,1.2557762578962173,2.36255053406186,5.723364127058177,1.089702196530654,1.246416552411816,45.0,1.1023679370301298,0.0070347750218122,1.2619705204789304,0.0016590725863352418,0.7468580944561855,0.4622082682506176
3253_right.jpg,3253,0,64.0,1,1,0.0869580424821741,0.0244240022785075,1.3991633592814152,2.6504872478955277,5.832530449464556,1.0807287081841097,2.698232657609266,20.0,1.0834618464228465,0.0153299588769356,1.358405933258471,0.005934711080044508,0.30587728730644176,0.4402629823812401
3254_right.jpg,3254,0,46.0,0,2,0.1391524798876841,0.0338311120987005,1.5019442672365666,3.1347794267058604,7.355615954555103,1.0871415242097602,6.8682359239039865,19.0,1.0993715662472927,0.0239277219172478,1.451050129646216,0.25166255235671997,0.4383392370401444,0.5591126075239633
3255_right.jpg,3255,0,63.0,0,3,0.0931644220033996,0.0261815914142887,1.4221347372249866,2.6256987714918423,5.612104104931462,1.0881049945322998,3.319218273805333,30.0,1.089002647942366,0.0156707335472385,1.3749251481380036,0.002094978466629982,0.47764103459653645,0.5266730006627107
3256_right.jpg,3256,0,68.0,0,2,0.1336809475909921,0.0322963069406523,1.488380467068284,3.127101961503526,6.813048379905073,1.0773097653736603,4.259643216389875,20.0,1.0848746224411907,0.0246443454519327,1.4694387553464474,0.0005252903210930526,0.2090008991209738,0.546307811428911
3257_right.jpg,3257,0,56.0,0,4,0.0759899165022618,0.020799705067655,1.3870173340739549,2.773815241732351,6.372000870863716,1.0844316532253218,3.1884577828261693,30.0,1.0887062487543042,0.012434985353022,1.38322173077642,0.028005748987197876,0.496064525047444,0.5307004553282794
3258_right.jpg,3258,0,64.0,1,2,0.0100907755297542,0.0034173233423448,0.982740574354894,2.0409582790877083,5.010101048465227,1.0739113464495635,0.3684445652123853,15.0,1.080657849397779,0.0013862726766115,1.0442146423670955,0.0014198154676705599,0.23982537747855007,0.40965416114161035
3259_right.jpg,3259,0,54.0,1,3,0.1379240680226068,0.0360012727722697,1.5060717825554577,2.8572375022679366,6.062674154007829,1.090770892206149,6.161834004232473,20.0,1.0921197844836412,0.023733162283515,1.4475220130530235,0.03494492173194885,0.38929093701511397,0.4639532848716164
3260_right.jpg,3260,0,57.0,1,2,0.1197915646365114,0.0325092561756812,1.4890940086205275,2.741319212475279,6.318571187996462,1.0852556765106331,5.191294297412189,19.0,1.093559121084464,0.0200991243363958,1.4132314417165894,0.005519262980669737,0.4565438573494501,0.4136457685172957
3261_right.jpg,3261,0,53.0,0,2,0.0416177636796193,0.0101280163135833,1.2759109724947504,3.1686662490896764,7.591522735882124,1.079125515697836,0.9063101846607,20.0,1.0811177908235063,0.0065299648804803,1.304046055314367,0.0026721784379333258,0.3764135408279489,0.5550460485269826
3262_right.jpg,3262,0,57.0,0,0,0.1084695243116103,0.0272365059410357,1.4335704073704827,2.9825429874256533,6.974437567188475,1.0783250885447735,4.156697351879639,18.0,1.0917361858091963,0.0179853197615475,1.386565246745468,0.007876691408455372,0.35956451221735025,0.5461502230581671
3264_right.jpg,3264,0,63.0,0,0,0.1236286642646709,0.0321085850291322,1.4808719047841767,2.874739117460414,6.662069035761217,1.0913177367737947,5.204885517785043,17.0,1.0912858124317235,0.0206881566114679,1.4204340319674609,0.019367655739188194,0.4344904592994467,0.5434480567689473
3266_right.jpg,3266,0,57.0,1,3,0.0922976810819263,0.0221046312784063,1.414177475447804,3.1912875532237805,7.54829630756832,1.0869524074417054,4.842639440271592,19.0,1.0971109190254644,0.0162682418696623,1.4032861105889547,0.009186291135847569,0.3767510847548517,0.46362602570767564
3267_right.jpg,3267,0,37.0,0,2,0.1513499213709381,0.0352189611165816,1.5284138060835668,3.3299783913163847,7.30258964411875,1.0876900057814252,6.662649480950211,18.0,1.0890788803719955,0.0249947335675058,1.4830295264643223,0.008475443348288536,0.457867588723656,0.5643293354564938
3268_right.jpg,3268,0,55.0,1,2,0.1009976739205148,0.0227228578401828,1.4591262717525206,3.541594346546092,7.805332588570756,1.0909974907434148,3.93490962160116,20.0,1.1075708908972326,0.0170844810153063,1.4566596796297824,0.006118882913142443,0.3352092151894784,0.41478833919539365
3269_right.jpg,3269,0,61.0,0,3,0.1087020629492207,0.0304050634025677,1.4851404218799131,2.6592279558681176,5.4690240508156345,1.0775209258706142,4.973613440200001,26.0,1.081095623380379,0.0195027266845364,1.4364726903153255,0.0015000433195382357,0.3601409850288745,0.5268916944625843
3270_right.jpg,3270,0,46.0,0,2,0.0364791519711576,0.012373618622149,1.251867351829315,2.1634075960204644,5.753817830226442,1.073217297522811,1.3225958147190218,25.0,1.0810521203163854,0.005290383258876,1.1849417421662245,0.12931202352046967,0.5780074567557137,0.5591126075239633
3271_right.jpg,3271,0,42.0,1,3,0.1309487754154299,0.0300442183051668,1.4832155602522463,3.3266447485430133,7.2568298498066435,1.0805262664682251,3.987723867789287,24.0,1.0854181378757584,0.0222757283905748,1.4490241557602832,7.10303065716289e-05,0.3647073302379033,0.46526262922395684
3272_right.jpg,3272,0,55.0,1,0,0.0098668435283914,0.0026937401153002,1.0014650432503431,2.498059485947381,4.670052162973442,1.0811297937085365,0.0510178052140196,7.0,1.0821931525543955,0.0016835875720626,1.079166919032091,0.0003485470952000469,0.04776643173511268,0.4297175925803758
3273_right.jpg,3273,0,53.0,0,2,0.0664628445814488,0.0165500164236804,1.3216603133724256,3.0176440152440382,7.159852633938545,1.0863380651813896,1.9203072491598656,18.0,1.0857190111625905,0.011203476766809,1.2838182302535883,0.00607416732236743,0.4438502970227135,0.5550460485269826
3274_right.jpg,3274,0,39.0,1,3,0.0644357865047685,0.0153643903721586,1.3258045895771982,3.2848787715763925,7.472936395331245,1.081086042551109,2.820469918971245,15.0,1.0852475316872077,0.010842077586825,1.371483518681814,0.025202296674251556,0.21904360937072695,0.46559004084037464
3275_right.jpg,3275,0,59.0,1,2,0.0079854218572662,0.0035088829905088,0.9732187573820712,1.601505394862517,3.644559758746306,1.0731384438208824,0.0452175643106808,11.0,1.0785143364314178,0.0007958291318679,0.9998165985522348,0.007384927943348885,0.19544689930870757,0.412504126672809
3276_right.jpg,3276,0,50.0,0,2,0.1195868641915096,0.0311731593814139,1.465459858889304,2.9375206088545,6.652834812407164,1.0830970942218576,4.978764047227133,21.0,1.1025305717923208,0.021870999207462,1.407987244511766,0.009598658420145512,0.3076735853033054,0.556789794855192
3281_right.jpg,3281,0,58.0,0,4,0.1131536263227002,0.0282279035040292,1.454988427550348,3.044404174948909,6.76975777729459,1.070814790714363,5.149198012409567,15.0,1.072633111735689,0.0202517957828068,1.4130290531580574,0.005270002875477076,0.2691461311903223,0.5263463522659199
3282_right.jpg,3282,0,54.0,1,1,0.1137906458347023,0.0265925989577278,1.486634752153143,3.356054844106666,7.235478340854967,1.0822923096713128,4.296466282849012,13.0,1.0898403535108556,0.0199002208889136,1.4626557305057153,0.0013410411775112152,0.25428514243176875,0.45180373997928125
3284_right.jpg,3284,0,61.0,0,2,0.1340593580625012,0.0325854808486631,1.4922401637233738,3.125501830389676,7.564990289672096,1.0877272167883467,5.440148294412766,31.0,1.0938994175992065,0.0207531583083153,1.4303732643784708,0.0006591929704882205,0.7782318887535389,0.5503895407216627
3285_right.jpg,3285,0,54.0,1,4,0.0341149550972471,0.0112029077949559,1.235360812516641,2.1737290355471104,5.103778296319518,1.0909535867369085,1.9743036782796224,23.0,1.1031073545129964,0.005133189563527,1.2554912331435044,0.07377795875072479,0.4201966260604857,0.4632833145636475
3286_right.jpg,3286,0,56.0,0,4,0.110745707911343,0.0358173476428136,1.4808702030370018,2.2475274105477525,5.585769226612072,1.0850434268210598,5.338356088495843,40.0,1.0868435363554576,0.0186187759048765,1.3911492291435053,0.007935279048979282,0.8507099100731731,0.5307004553282794
3287_right.jpg,3287,0,56.0,0,1,0.10203916614024,0.0281389766266582,1.435364453283065,2.643438480550724,5.930142281647267,1.077220752804274,4.699936828806065,37.0,1.0817286768519414,0.0178749210360075,1.3818723240735336,0.7541852593421936,0.5850988512869182,0.5359095245750178
3288_right.jpg,3288,0,60.0,0,0,0.1293150491127369,0.0322314968268725,1.480560708864223,3.0816905521776725,6.83828266058436,1.091123492703633,5.810663325114192,19.0,1.0980525329937103,0.0212973442742228,1.425212696643425,0.136930450797081,0.4483696044283437,0.5447994696732451
3289_right.jpg,3289,0,60.0,1,1,0.1223916331907476,0.0343157388577782,1.4902527868338888,2.644110942361476,5.697619736446433,1.087671908701876,5.259308976889094,33.0,1.0984189674560494,0.0213427767147851,1.4154748713978067,0.003484952263534069,0.595082426031837,0.444872254306597
3290_right.jpg,3290,0,72.0,0,2,0.0533017820148418,0.0137855688983784,1.304678063930495,2.960929000682589,8.216268835336393,1.0703705335042843,1.586632395406926,25.0,1.07200594551176,0.0074435725521662,1.3595907535863316,0.019260376691818237,0.567867117405853,0.5439725606020803
3291_right.jpg,3291,0,61.0,1,3,0.0687085550861752,0.0173407785224085,1.3353887624542722,2.919064541462399,6.468898060426609,1.0870458687668296,3.5245484801643445,21.0,1.089285929798192,0.012280533918744,1.3178620251950404,0.020391609519720078,0.3274390752751153,0.46318972893578597
3293_right.jpg,3293,0,46.0,0,4,0.1252298490573662,0.0306532764856836,1.4673381300405317,3.174519930232788,7.488652694796179,1.126538629763177,5.506274121521955,10.0,1.1214906585087765,0.0233334680434035,1.4336349150465504,0.001088790944777429,0.39000961250825583,0.5523878826051483
3294_right.jpg,3294,0,43.0,1,4,0.1466636891016043,0.0339391663156185,1.510562541227512,3.272835282694793,6.72775502841728,1.082479185745489,5.379918692172218,25.0,1.084126776950925,0.0243568205695608,1.4705388740856755,0.0032511341851204634,0.3900398459521283,0.4872457789314176
3295_right.jpg,3295,0,54.0,0,0,0.1564759926621083,0.039216280820914,1.533807947379986,3.0631622893412143,6.096522875428457,1.0745861642161116,7.984758208381975,16.0,1.0851240733948144,0.0291292065272871,1.496571678201713,0.0010856036096811295,0.19273313225393493,0.5475002973750372
3296_right.jpg,3296,0,61.0,0,1,0.075354056738934,0.0213107961721437,1.3623370349047188,2.6415321446362428,6.859534082788033,1.0807445340261543,3.743990894614144,32.0,1.0909026055447604,0.0122553301950369,1.3300856519965758,0.0542888380587101,0.6798947901529051,0.5300963609169413
3297_right.jpg,3297,0,65.0,1,1,0.0605622914801855,0.0143014077630401,1.3164860636555409,3.242189744349081,7.385571666991032,1.0898925838110536,1.5766132313451051,15.0,1.1167146631373974,0.0099479209048742,1.3432584182872114,0.0005399938090704381,0.3134639594494185,0.43911224017470796
3298_right.jpg,3298,0,65.0,0,4,0.049090523755114,0.0125594338579484,1.2746851908215004,2.945612551103047,5.953762231672154,1.079810470533804,1.2439644686889535,27.0,1.0837333731528118,0.0079199071173196,1.304274005745185,0.0005305790691636503,0.2198560822496634,0.511079747746442
3299_right.jpg,3299,0,57.0,0,3,0.1154187216659193,0.0211677377571862,1.4534288762101106,4.354305283874293,8.112314512633171,1.1164385189436417,3.487271459174015,25.0,1.120772237891503,0.0183480296916255,1.4441227285711653,0.00946174655109644,0.3384035982419154,0.5273290510232628
3300_right.jpg,3300,0,60.0,1,4,0.0686310834077981,0.0158664429091384,1.3013686407200022,3.176287555830688,6.531461638113682,1.0804288760817873,1.1987010439596364,24.0,1.0898812502464337,0.0116382974086262,1.3130970146793632,0.03396596387028694,0.16684656622917396,0.45027695311047644
3301_right.jpg,3301,0,46.0,0,3,0.0036144882845082,0.0012435861790056,0.8132482089984491,1.9630393138749256,3.5678521083188848,1.0733971926159382,0.0,7.0,1.0723913975136583,0.0006774006015721,0.9572855733103928,0.0036781998351216316,0.05351939750774269,0.5285315632983314
3302_right.jpg,3302,0,56.0,0,1,0.0911369505126611,0.0277933589032235,1.4163535591076026,2.356848136312365,5.711296836628517,1.0911526196668029,3.992137006099379,20.0,1.0990132898473508,0.0159988680522919,1.334229322035654,0.0008135875687003136,0.4944314208280702,0.5359095245750178
3303_right.jpg,3303,0,29.0,1,2,0.1575033628728758,0.0346514451536845,1.5270889178083495,3.6316008113130898,8.684271720686487,1.0835957932289308,7.355497226574505,22.0,1.0980227629927557,0.0255225677738537,1.4816056813185108,0.016250628978013992,0.6219577103148409,0.4297209753964692
3304_right.jpg,3304,0,64.0,1,1,0.0825413364220791,0.0217139504418154,1.3738779786702784,2.7976220353446988,6.2551246725783605,1.0877034334587612,2.7818944195197943,26.0,1.0999396030503628,0.0141016757120385,1.3436880798749749,0.4463258981704712,0.43423407300038525,0.4402629823812401
3305_right.jpg,3305,0,86.0,1,0,0.0657283587893452,0.0166670267234116,1.3258861240986908,3.0469764917469933,6.153181748347447,1.0914227762163444,3.186502192745577,43.0,1.0847471240619226,0.0113309857633563,1.3579829416077394,0.0006551091792061925,0.6533872965297965,0.4159794495303923
3306_right.jpg,3306,0,62.0,0,4,0.0446563379898526,0.013030999632738,1.2590942847629838,2.507234870900552,6.667973898348856,1.0790806937597617,1.1335246722980172,24.0,1.0857101747522928,0.0069371709944638,1.2499012369079263,0.02241113968193531,0.46123291883900064,0.5176267747770391
3307_right.jpg,3307,0,78.0,1,0,0.1111033776460879,0.0227247869706581,1.4597079397171877,3.8979674404602447,7.932305692897605,1.0843127044134018,4.524077038569,32.0,1.0916158045584023,0.0178377894663577,1.4563362762890435,0.007646051701158285,0.5302728866000611,0.4195131947325827
3308_right.jpg,3308,0,62.0,1,4,0.1104253018561903,0.0293476302036402,1.4695731824507747,2.823829060197516,5.962343969763484,1.0758022745949836,4.8657415750585695,19.0,1.0924192911146589,0.0195215354117859,1.4145597794455678,0.004429528024047613,0.30273239685795816,0.4459556712901659
3309_right.jpg,3309,0,56.0,0,0,0.0343705693604954,0.0073278113573613,1.1866916731074442,3.460716111530091,6.342451532798919,1.0854009080793208,0.5472228440663632,16.0,1.1057801907017135,0.0058254359127428,1.2600043818045243,0.0030431037303060293,0.09134916699835943,0.5466003242466938
3310_right.jpg,3310,0,56.0,0,4,0.1196629554042312,0.0326688759118187,1.4725355241309706,2.707455108090821,6.257702643744282,1.0852934895888766,5.35472529248924,22.0,1.0860815623401308,0.022277677867809,1.4365875189001818,0.019320383667945862,0.38980932921234746,0.5307004553282794
3311_right.jpg,3311,0,49.0,0,0,0.1075338348143695,0.0293361354301909,1.4439934661084586,2.718725525298518,6.051407110669071,1.0815642851489289,3.940448705966749,22.0,1.0903652807307835,0.0184392792009982,1.382113381056717,0.010426375083625317,0.3695468865368919,0.5497488592277772
3312_right.jpg,3312,0,74.0,0,4,0.0386338212318454,0.0099074393116241,1.2549745736359466,2.906563891556809,7.181121315127105,1.063235962546374,1.604825805598954,28.0,1.0693609430754245,0.0061266585166689,1.342615008377273,0.016914667561650276,0.2449859782508937,0.49142484073770804
3313_right.jpg,3313,0,60.0,0,3,0.1365755691910221,0.0307605360891328,1.4915740523929475,3.430166252381816,7.457575312395926,1.0820089220336315,4.339576941708381,17.0,1.089232383372172,0.0227928709833683,1.4462383251099098,0.0002345643879380077,0.30238191262470077,0.5270010374982788
3315_right.jpg,3315,0,57.0,0,4,0.0331506276983069,0.0105345880667687,1.2121408279400074,2.2600366723384395,5.503448777799336,1.0764263962500078,0.3979070091319658,40.0,1.0843567712151183,0.0046256689811591,1.1110821332709635,0.004315716214478016,0.7499792860998613,0.5285239463257686
3316_right.jpg,3316,0,70.0,1,1,0.0025564405809474,0.0010089936258768,0.9010577696704885,1.4648947733797602,3.142517487724388,1.043046290537934,0.0,6.0,1.0483287065076368,0.0003686707479165,0.9210113801417712,0.020045680925250053,0.00879641995338123,0.4333685836770771
3317_right.jpg,3317,0,47.0,0,4,0.0912995860295004,0.0241449298661629,1.3916355032023622,2.8337138772852724,6.461604961397203,1.0784392716592692,3.265543989389494,18.0,1.0888333510417083,0.0160463807724769,1.3658026923789115,0.0006050870288163424,0.26785410479300115,0.5502267114088591
3318_right.jpg,3318,0,57.0,0,4,0.0837860936450766,0.0221598193028508,1.37967157510177,2.80477315698488,6.041542198290717,1.0873375051952048,3.0523167083816616,27.0,1.085460251263695,0.0133386240156278,1.3296374254029293,0.0021111208479851484,0.5221184900818212,0.5285239463257686
3319_right.jpg,3319,0,71.0,1,2,0.07583730356254,0.0203167379445556,1.3728375182208046,2.746176054659255,7.198370722590751,1.0806644359607969,5.079184486138906,40.0,1.081894302232462,0.0120122713097185,1.3174687055432337,0.2571161985397339,0.8118484395132083,0.4056744228335761
3320_right.jpg,3320,0,49.0,0,0,0.0608213363443423,0.0138631872784869,1.2978925282812124,3.2802594666647398,6.551573048020549,1.079825387129144,1.3068615458603854,21.0,1.0813269413703286,0.0108730880615584,1.286443172201772,0.019565246999263763,0.2118637026540811,0.5497488592277772
3321_right.jpg,3321,0,58.0,0,0,0.1105040047179559,0.0334238952371831,1.4649501501188196,2.434057657721125,5.743867835482039,1.0875037239728544,3.830818938359099,43.0,1.10478997499038,0.0191792974479689,1.4095785155633835,0.004454342648386955,0.7448713438981421,0.545700046417307
3323_right.jpg,3323,0,53.0,1,4,0.1258884271502329,0.0301674852033748,1.4713633083731723,3.2786840890425166,8.043905455472121,1.0816010065402923,5.994207278680267,29.0,1.0920176003357014,0.0196650295932502,1.4137648944366323,0.000824158894829452,0.7303116510624982,0.46545639331195343
3324_right.jpg,3324,0,41.0,1,3,0.0604623772114088,0.0145707104435567,1.271169661019115,3.100674678795733,7.25080216154415,1.0907389129696297,1.5784936313853104,21.0,1.1063941123089176,0.010065932464757,1.3031301649593474,0.0025017631705850363,0.28933402332131536,0.4653717631174409
3326_right.jpg,3326,0,52.0,0,2,0.1140403606698153,0.0247215416866617,1.4704576817397603,3.662583964211296,8.312587090606181,1.0890827949786823,5.000883994645518,13.0,1.0915510692107273,0.0192104664966029,1.4493327530007485,0.004186808131635189,0.35883132277823965,0.5556274500943088
3327_right.jpg,3327,0,68.0,0,1,0.0999568932728148,0.0267464563734564,1.4237295483300847,2.7732470455691844,6.264903718192278,1.0819567731344226,3.8035347516291806,21.0,1.0902812775671602,0.0171919770773638,1.3696454520019214,0.0037481938488781452,0.377469553878721,0.5219445459063747
3328_right.jpg,3328,0,51.0,0,0,0.1092501906121592,0.0272537009461527,1.4307064279307362,3.068683204017008,6.740770025263276,1.0846850576970413,4.298368155232495,19.0,1.088481715692237,0.0182117765053243,1.3866937329388267,0.00014262579497881234,0.3655462878925198,0.5488496731149765
3329_right.jpg,3329,0,44.0,0,3,0.1038147000558744,0.0268400467313455,1.4306473627156455,2.867285390951252,6.254569610861887,1.0863791967030585,3.60644079849647,28.0,1.0870350227763546,0.017102656575405,1.3658864881876338,0.00019850741955451667,0.5122037567511137,0.5287501667326998
3330_right.jpg,3330,0,49.0,0,2,0.1014511925059282,0.0295627804887608,1.4470767970255465,2.468541107179362,5.86559522963038,1.0880437758522457,4.11546828149803,30.0,1.1023867101372968,0.0172506712132792,1.392735952139939,0.0013535459293052554,0.5377372255947165,0.5573707349492208
3331_right.jpg,3331,0,60.0,1,2,0.1488482552928606,0.0392590754647235,1.5251481724038378,2.871616846874926,6.567849261096527,1.147412747861297,6.734756915785156,25.0,1.1591132538990303,0.025931345989275,1.4592013360063452,0.004585890099406242,0.6830204307197739,0.41193365766143264
3332_right.jpg,3332,0,80.0,0,3,0.1244751778072296,0.0331181773114939,1.4821856262257198,2.8344181834602864,6.213387996023975,1.076355103355104,5.918476776301812,25.0,1.080558748922135,0.0222878706635775,1.42533591554079,0.0016802120953798294,0.42890091471566044,0.5248136985466285
3333_right.jpg,3333,0,71.0,0,3,0.0648129433878367,0.0194080077611819,1.3251002846289333,2.4040108857971325,5.814246026840709,1.077104162390716,2.6780120055783496,28.0,1.0901741445863211,0.0095145218990642,1.2683051711362372,0.017362089827656746,0.6100486143227527,0.5257981239466177
3334_right.jpg,3334,0,66.0,1,2,0.0905625417653848,0.0214952514023044,1.3922707046646818,3.2070848760950743,7.2133495151334195,1.0914813566965875,2.8856084077516555,24.0,1.1060289738878657,0.0150304760747625,1.3722188652586846,0.021390512585639954,0.45031350880520965,0.408515860589784
3335_right.jpg,3335,0,65.0,1,1,0.1501754455919295,0.0289734439172215,1.5038188354874709,4.138945788784494,7.963107741919667,1.1076150869113366,4.236612305115834,13.0,1.118918631348766,0.0252900833366561,1.4879173304170104,0.010068538598716259,0.18392263241765955,0.43911224017470796
3336_right.jpg,3336,0,62.0,0,0,0.1197659396610684,0.0316032119968589,1.4673091196813348,2.862471134885155,6.311786680225889,1.083526554821567,4.812929047293361,17.0,1.090499036421719,0.0214757960331332,1.4150538946930278,0.02238142117857933,0.28703665988797317,0.5438985998086648
3337_right.jpg,3337,0,49.0,0,3,0.0719681628484389,0.0232175245205937,1.4141110961437524,2.1854987481536634,4.698634080393457,1.0799500202068553,3.081582700875169,23.0,1.0755351493734246,0.0133432530947894,1.3559505893453865,0.000909331371076405,0.28676113078804816,0.5282036376532085
3338_right.jpg,3338,0,54.0,0,4,0.122134319460863,0.0306901882331544,1.4693775172923376,3.0826511073034726,6.956104269635795,1.0757351502561223,4.84980752326392,19.0,1.0842509509295872,0.0210663514291776,1.420599780179925,0.002299915300682187,0.33916648339167843,0.5350498895753363
3339_right.jpg,3339,0,55.0,1,0,0.1126104543486072,0.0271816749440241,1.4678167099254331,3.1561099186843427,7.490299928692328,1.0824222718207932,3.593509568870993,23.0,1.090712327760701,0.0173087377567286,1.4243999989364664,0.00011714801075868309,0.5188568152542192,0.4297175925803758
3340_right.jpg,3340,0,53.0,1,3,0.0993439739611236,0.0282778558360035,1.4306229493711755,2.5328179673051765,5.54876638041145,1.084024453349258,4.245468972697592,28.0,1.096750023426326,0.0170677960961901,1.3634804057234944,0.0420956090092659,0.4882206156962839,0.464062378173087
3341_right.jpg,3341,0,66.0,1,3,0.0853415629144416,0.015440549848973,1.4231939982953616,4.508552398428835,9.39529180239998,1.09916501441974,4.538371934707956,11.0,1.1192262980615555,0.0129394026494006,1.437307728242987,0.0005729530239477754,0.27196504146659284,0.4626444372965833
3342_right.jpg,3342,0,60.0,0,1,0.1294657754497375,0.0314083182493856,1.4847097795068904,3.172879742736092,8.176590323080092,1.0838200395666902,4.853828963201909,26.0,1.094454507788883,0.0215692024552284,1.427645206957328,0.0007717644912190735,0.6254133001404277,0.5312596980425266
3343_right.jpg,3343,0,60.0,1,3,0.1286769174668773,0.0303978769093634,1.4766876255575936,3.2204162583586795,6.794675037894639,1.09148067593599,4.152992180219602,27.0,1.112507058388267,0.0220665694258741,1.4325095015961269,6.65469269733876e-05,0.3980105069876972,0.46329879787134787
3344_right.jpg,3344,0,55.0,0,0,0.1103539326679207,0.0276257078901523,1.4466385542741431,3.0447938679573943,6.211414671899108,1.08666284799184,4.119536031050383,18.0,1.096252305849004,0.0192476635282088,1.4067077146196594,0.0015730948653072119,0.23636046271007688,0.5470503492598359
3345_right.jpg,3345,0,65.0,1,4,0.0145004880629829,0.0037722251110685,1.17169333866312,2.8355623147235383,6.182451177372829,1.0723380495685777,0.1824534515631699,8.0,1.0720446896488935,0.0025269803041499,1.198867852614894,0.01440049521625042,0.09997305944161328,0.4394892346927792
3346_right.jpg,3346,0,65.0,1,3,0.0826885055511261,0.0190706184355456,1.385965818401821,3.216485198051562,6.6443740692651545,1.0771978905343602,2.5347607877114795,18.0,1.0844053027751137,0.01333745039934,1.3680333820426698,0.00037844106554985046,0.24217161644249424,0.46275348851821124
3347_right.jpg,3347,0,63.0,1,2,0.1136738302910409,0.0279751021590784,1.4574505683534127,3.108289060346496,6.686015993577163,1.0846465654214716,4.096354244722197,19.0,1.0888380719902109,0.0203019312811597,1.414086147413162,0.02580023743212223,0.2952739778466136,0.410223675482818
3348_right.jpg,3348,0,33.0,0,1,0.0185932946781107,0.0044058997284851,1.1580940074872144,2.997005193421974,5.131219059195941,1.1029933954299254,0.14918396371846,14.0,1.1349228344877442,0.0029787064755785,1.142015804678986,0.026357585564255714,0.12855696025279648,0.5625007125545556
3350_right.jpg,3350,0,30.0,0,4,0.0966728252580722,0.0265058267781013,1.410325982850592,2.6960578991799222,5.543116890719254,1.0800705110276685,3.4290218075551078,25.0,1.0891152516584173,0.0179383902022099,1.368549773085997,1.998686093429569e-05,0.27747244694192325,0.58664438549358
3351_right.jpg,3351,0,55.0,1,1,0.1639629142766093,0.0368218212237093,1.540764773002674,3.434139708776116,7.090133933464752,1.093753356262898,6.7718291905672405,14.0,1.103087287918831,0.0292184512428298,1.5100806813579049,0.001968436874449253,0.1986552911573822,0.4506471188101171
3352_right.jpg,3352,0,57.0,1,4,0.1611712698219572,0.0363689824390639,1.5298285690859972,3.431396198436756,7.070856909350822,1.0862846221960465,5.677900798961756,14.0,1.0898839270677445,0.0286531208176177,1.491447185419686,0.0006408258923329413,0.18243881801464182,0.45677276622420065
3353_right.jpg,3353,0,42.0,1,2,0.1273224643830556,0.0328115172269201,1.4828598065124612,2.9014638410911027,6.174092258501354,1.1081009043336905,6.090073180715434,17.0,1.118476697940558,0.0226730429400077,1.4510827546650495,0.12966100871562958,0.3069622701155039,0.4222368876747342
3354_right.jpg,3354,0,76.0,0,3,0.1795073950619748,0.0403135665954771,1.5656210320900037,3.4615860346405936,7.309322956424824,1.0893991256211673,7.584678948523981,11.0,1.093459152381213,0.0320602383185964,1.5415969548164132,0.0021285719703882933,0.19488715849014318,0.5252512452124745
3355_right.jpg,3355,0,63.0,1,2,0.0199668723230444,0.004630653481791,1.1122479027158811,3.0831703102516315,5.430800847472165,1.0991361733632865,0.0902661497425158,13.0,1.1249749807966378,0.0033624140779087,1.136956182222491,0.0021601994521915913,0.1435656997304324,0.410223675482818
3356_right.jpg,3356,0,47.0,0,4,0.1303397722557742,0.0312018809644553,1.5029626704859511,3.263982961252427,7.838702825539524,1.0880244251129934,5.4861463279701255,28.0,1.0932152962687132,0.0211193582591858,1.4543290849433363,0.0007719366112723947,0.6548543739019526,0.5502267114088591
3357_right.jpg,3357,0,69.0,0,2,0.1285071215402888,0.0334617572787431,1.4901332071264215,2.92867488084018,6.824535668218426,1.0802129486776797,6.188304105241095,17.0,1.0904919742971009,0.0226571779337052,1.4438184346445355,0.002720242366194725,0.3268296506130092,0.5457241856550207
3358_right.jpg,3358,0,71.0,1,0,0.1161577653112234,0.0296201291651728,1.4633509261085462,3.001747677387076,7.218503743583976,1.095732833532648,5.2514378335799154,29.0,1.110171048880786,0.0190768578223701,1.407460112967984,0.013000693172216415,0.6904417018380271,0.42261202064619974
3359_right.jpg,3359,0,72.0,1,4,0.0590733183755213,0.011840764555005,1.312627288807741,3.886011702694992,7.671122750839603,1.0762775504551143,1.6062079938964096,10.0,1.0776306909272648,0.0096071315634929,1.357370214528292,0.0180337093770504,0.06106354156048061,0.42448415390341276
3360_right.jpg,3360,0,49.0,0,4,0.1459926316374644,0.0393029872696123,1.527380281039187,2.759472780801144,6.205586087903446,1.092230812620216,7.075245233053524,21.0,1.0951819359021384,0.0261986223486781,1.462477543279519,0.08126948773860931,0.5193278664604262,0.5458987565823558
3361_right.jpg,3361,0,64.0,0,1,0.0,0.0,,,,,0.0,0.0,,0.0,,0.005586075130850077,0.3507999580502657,0.5266044370500759
3362_right.jpg,3362,0,55.0,1,2,0.1247072794468552,0.0295273187352252,1.445435298535506,3.2066408201996826,6.788014092396954,1.0789345066010618,4.82780817508851,16.0,1.0882554953838732,0.0222412128342008,1.425100545243516,0.0020913511980324984,0.21546383532270863,0.41478833919539365
3363_right.jpg,3363,0,62.0,1,2,0.0958654697180427,0.0256467315716272,1.4066636485928428,2.7447542547037984,5.783810096179335,1.0842045597039514,3.4391199898849414,20.0,1.0899439310466403,0.0170236439499304,1.3645291147079814,0.0331774465739727,0.2880439376783608,0.4107934306352285
3364_right.jpg,3364,0,56.0,0,2,0.1440907483199434,0.035192764387853,1.5077138892550186,3.153653859168237,7.414434797968125,1.077720912970201,6.164418169875196,9.0,1.090375471739738,0.0240968116820777,1.4564207939860292,0.0025543314404785633,0.3295512698907486,0.5533009457094274
3365_right.jpg,3365,0,60.0,0,4,0.1248284429128139,0.0335250097674837,1.4883746127349378,2.8236218771227906,6.4157034655358105,1.0926121239122677,5.0590557097204,29.0,1.1027902125065372,0.0222999168511635,1.4445431410687777,0.001356518710963428,0.5029693207461331,0.5219882385490794
3366_right.jpg,3366,0,54.0,1,3,0.0962945607021346,0.0242164199139904,1.4308322606353372,2.966002547670634,6.497499400739152,1.0938890209326155,3.5633917631955327,11.0,1.099112772844394,0.0177388570787021,1.3921436909538445,0.0007214379729703069,0.14786443142556827,0.4639532848716164
3367_right.jpg,3367,0,40.0,0,3,0.1359210183943476,0.0339815055743479,1.5046700251279157,3.1112305166551635,7.306241787973137,1.078680087003353,5.454254318368327,24.0,1.08398863481383,0.0230179540041232,1.4517623392338574,0.009767291136085987,0.5140970276089238,0.529187340436906
3368_right.jpg,3368,0,55.0,1,4,0.0863429546424001,0.0266549531799069,1.4072350399808276,2.3161623563502647,5.554693844176994,1.0848957899519776,3.757794885336475,39.0,1.0977426506285424,0.0140054030996729,1.3273142991385372,0.012483172118663788,0.7854671592076299,0.4611116295304609
3370_right.jpg,3370,0,50.0,1,4,0.1061039749165571,0.0289015879437645,1.4510590445890832,2.7520118130590183,6.80886293933346,1.0945010251815164,4.9560028320016185,23.0,1.1154844341403662,0.0178517244866997,1.383586139087584,0.12263797223567963,0.6221384488145373,0.47198317416046315
3371_right.jpg,3371,0,36.0,0,2,0.1447715185477656,0.0361108204020664,1.5344936309212185,3.085004796525852,7.312169876334421,1.0948094170234914,6.659879931878942,29.0,1.1014315305819362,0.0236520878723586,1.4722321372718932,0.11300032585859299,0.7006354258801795,0.5649081155277105
3372_right.jpg,3372,0,74.0,1,4,0.11821948261924,0.0310580032336297,1.471520016677322,2.884534233939792,7.007458117069187,1.0876015512028692,5.557801131770412,33.0,1.1007078233162946,0.0178506467259498,1.4200533295172082,0.0026707910001277924,0.7890847887680263,0.4202211848188958
3373_right.jpg,3373,0,38.0,0,2,0.0699202703523079,0.020357366898031,1.434145001856248,2.5102788386864816,6.561637974849174,1.0837529775305517,3.338931946496145,36.0,1.0937377729286164,0.0103709249853289,1.346293498952808,0.0366411954164505,0.7843044189158181,0.5637503800348573
3374_right.jpg,3374,0,55.0,1,4,0.0427539465747311,0.0126525788211523,1.2973887761835068,2.462032275329587,6.153876662636425,1.0865455422531125,1.5693121018483551,16.0,1.0912662412062326,0.007336534076141,1.2651606709602774,0.001349493395537138,0.3847460724000254,0.4611116295304609
3375_right.jpg,3375,0,54.0,0,3,0.040422007594098,0.0122983614077113,1.2431692497307447,2.318930678467402,5.779786294027527,1.080805171537878,1.8348156265130855,22.0,1.0857648958223542,0.0067531408475828,1.281810293607242,0.0002727595856413245,0.33162653842932577,0.5276570409561684
3376_right.jpg,3376,0,53.0,1,2,0.0422679153646834,0.0103193947643316,1.2901402594994251,3.199269259483932,7.160519538321645,1.080857384334342,1.537508422380696,13.0,1.0755245171210726,0.0069956633218321,1.3584491494601023,0.01766047067940235,0.19577657193096543,0.4159318271582714
3377_right.jpg,3377,0,72.0,0,4,0.086318004023816,0.0238671527926713,1.3903639726606698,2.6843080487413897,6.25961822655769,1.0896143244571874,3.2170103250712336,30.0,1.0895597113912605,0.0144714400972252,1.347656806005371,0.0010952511802315712,0.5834822682905674,0.4957924462719746
3378_right.jpg,3378,0,55.0,0,0,0.0668270214943705,0.0153633572159672,1.3471646906554289,3.344920955379008,6.785920179864462,1.0740298045621346,2.968270214943705,29.0,1.0756145845927445,0.0108700102354145,1.3336929218826905,0.0008749882108531892,0.4130213737335947,0.5470503492598359
3379_right.jpg,3379,0,45.0,1,1,0.1237355381912896,0.0333404001857572,1.48440960302991,2.7500191720545057,6.101048538928186,1.089727977164188,5.098229248692633,16.0,1.0958234451640665,0.0226745007773537,1.4324115859844182,0.011655822396278381,0.3001236271210997,0.4622352919596382
3380_right.jpg,3380,0,60.0,1,3,0.1245958977690059,0.0339720688535238,1.4903124303739177,2.7290171441768054,6.302253477748459,1.083153867357251,6.245784095735378,23.0,1.0878136294140992,0.0209508581707347,1.4194930822879763,0.0026521196123212576,0.5569459895616257,0.46329879787134787
3381_right.jpg,3381,0,65.0,1,4,0.1451698473571721,0.0366777321348269,1.513228384034183,3.033195894319538,7.207779006072313,1.0893785672344274,6.518015491655424,21.0,1.0979858180660331,0.0245865607615467,1.4593138390147842,0.005762071348726749,0.5543118558538913,0.4394892346927792
3382_right.jpg,3382,0,59.0,1,0,0.137942875611037,0.0332787944895568,1.5005588521604292,3.154491275435838,6.884982530730468,1.0772748202824471,5.201389730537713,17.0,1.0854744411581578,0.0238758938310507,1.451777661294303,0.004093687981367111,0.27627548535762586,0.42793836313534545
3383_right.jpg,3383,0,68.0,0,1,0.0875150228659726,0.0218358332422856,1.3895494958825056,2.992332630328949,6.156081431570128,1.0886780226509734,2.705416556108778,13.0,1.0953115032864231,0.0167787853720207,1.394532725686332,0.0036694814916700125,0.1506348715873444,0.5219445459063747
3384_right.jpg,3384,0,67.0,0,1,0.1454196579552243,0.0347411375165807,1.5053859388281772,3.2372350765440623,6.932350367373462,1.0711227219027568,6.632306928988751,17.0,1.0808362179021047,0.024736985996213,1.4565812989742868,0.002474976470693946,0.24891726106843454,0.5231099086571211
3385_right.jpg,3385,0,43.0,0,0,0.0255333386600615,0.0059476249450681,1.2091968465550906,3.2095146971839523,6.930121883508657,1.0826971548533089,0.8489473053413767,19.0,1.072061175065647,0.0040000399504614,1.229068916878837,0.004884170368313789,0.30350949225407403,0.5524444452373565
3386_right.jpg,3386,0,49.0,0,0,0.1134471616985362,0.0297538490733758,1.4903940439845331,2.833100546770221,6.49055301086689,1.0889063088207398,4.8441144010027815,22.0,1.0936369718227157,0.0200606263389981,1.434067864598898,0.013845959678292274,0.43193331995166845,0.5497488592277772
3387_right.jpg,3387,0,56.0,0,1,0.0897418419949812,0.0227459771681889,1.399618697804938,2.9817178585440254,6.610120409286735,1.0780899854482269,3.1809024674714856,13.0,1.0953117877951652,0.0153491166684338,1.403925418732234,0.006207969505339861,0.23389995312818365,0.5359095245750178
3388_right.jpg,3388,0,82.0,1,2,0.0104018411410229,0.003043333434273,1.1652314634271286,2.522389710046046,7.309275592784181,1.079116787115563,1.5140962359567574,16.0,1.102518186718829,0.0015292371983163,1.1729030030439698,0.06669283658266068,0.4081926391916744,0.39944569350401665
3389_right.jpg,3389,0,49.0,0,1,0.1404622670545368,0.0355040160443204,1.509674754619259,3.00002203217244,6.042121533027078,1.07972848590077,5.262060543481498,21.0,1.0777002072785993,0.027397464282523,1.4691665211686635,0.009995104745030403,0.15577891770574348,0.5440312388910755
3390_right.jpg,3390,0,62.0,1,2,0.050620233858668,0.0164158617183528,1.2656769086743824,2.1377314445217177,5.377792306892501,1.0824351143483035,1.626842907981698,38.0,1.0804079605354062,0.007061514997458,1.236605301034884,0.403291255235672,0.7334288164124044,0.4107934306352285
3391_right.jpg,3391,0,46.0,0,4,0.1311096967125335,0.0350164676405811,1.4985406830742534,2.7727813553965857,5.815760273891773,1.074182216543653,5.859651249722171,23.0,1.0796057604795128,0.0232112909417873,1.4333012585928866,0.01691264659166336,0.397703764256003,0.5523878826051483
3392_right.jpg,3392,0,56.0,0,3,0.0975570082246373,0.0219899759055742,1.4012772245528982,3.2916042180196574,7.028490350861536,1.073461388426581,2.490773969887051,42.0,1.078350942139411,0.0151174730335593,1.37526906314764,0.00014012398605700582,0.7017424699609655,0.5274383836361386
3393_right.jpg,3393,0,67.0,1,4,0.1173690828702389,0.0318723887559323,1.4597497334090217,2.804108175043213,6.6120807824698415,1.094993373332558,5.323895671926338,25.0,1.10323707343809,0.0198403845373788,1.3940346144121645,0.02044861577451229,0.6310813124397502,0.4351895229224846
3394_right.jpg,3394,0,62.0,1,4,0.120979191173488,0.0300419827201557,1.4659346599566507,3.161745232224724,7.4975269590192655,1.0744614559743746,5.374599440230398,18.0,1.0866789334042604,0.0214933273840911,1.4252293372390996,0.0006052652606740594,0.3347857727413456,0.4459556712901659
3395_right.jpg,3395,0,45.0,0,1,0.1020771812927488,0.0263698543701572,1.4356684363841945,2.9224008283348204,6.624231017642841,1.083261557360108,4.442088791297544,17.0,1.0875867851735503,0.0178844552131445,1.401195777885461,0.009104778990149498,0.33283174435642443,0.5486620061818672
3397_right.jpg,3397,0,51.0,0,1,0.1423814584282172,0.0359900814736096,1.5126011958008525,2.9631381948185385,6.196784107158878,1.0895274839951472,5.971357724811497,16.0,1.0950812194311148,0.0257831081423004,1.4672568922353573,0.03615167364478111,0.24375772204181856,0.5417129463658781
3399_right.jpg,3399,0,60.0,1,0,0.1261167985696897,0.0322981429199137,1.4826377938399076,2.922243530259577,6.724780293421917,1.0956785833157296,5.303057086146899,30.0,1.102628384366105,0.0215051591169652,1.4312483556551183,0.010417547076940536,0.630798244187271,0.4274938449530914
3400_right.jpg,3400,0,53.0,1,4,0.0593824467361569,0.0186606076788602,1.3217770729548906,2.3486497727411173,5.477775637510611,1.0947841022155698,2.518980518204672,32.0,1.1089260047224068,0.00991974528069,1.2758455218254483,0.13727858662605286,0.6210673851654527,0.46545639331195343
3401_right.jpg,3401,0,66.0,0,0,0.117981474275723,0.0305426834506561,1.4601020826333917,2.9629638382793724,7.395309996349334,1.097726569577017,5.457660179799583,22.0,1.1207861809938326,0.0194403876960083,1.399187229179142,0.008152577094733715,0.6135462080959802,0.542096003932628
3403_right.jpg,3403,0,59.0,0,3,0.0488015061447853,0.0123609258618891,1.3006903401396803,2.934331429841539,6.306749149137935,1.0931971403541652,1.4271051172696183,13.0,1.0935507174150267,0.0091773836772107,1.3420131398870765,0.01130815502256155,0.11139561635302796,0.5271103779439077
3404_right.jpg,3404,0,63.0,1,2,0.1230942542206775,0.0325681724036897,1.4772788231517944,2.886599035774606,6.017598405004666,1.074033404328308,4.7485779524536005,17.0,1.0757604892312589,0.0234903058286268,1.4524987888443672,0.012659195810556412,0.14280802088797528,0.410223675482818
3405_right.jpg,3405,0,52.0,0,2,0.1350807776076487,0.0309820151701206,1.4991009789905403,3.342381804083031,6.707498876070642,1.0933627476796703,4.042670385923421,16.0,1.101920426993037,0.0256507435986841,1.4729383879454734,0.0017475254135206342,0.14464604950611695,0.5556274500943088
3406_right.jpg,3406,0,46.0,1,4,0.0629464141616751,0.017019647987015,1.3509652325761587,2.7145632696749527,6.0188084551892445,1.0782323883801856,2.0288932848243397,25.0,1.0926685242227372,0.0099692438222505,1.306192261551835,0.00032254625693894923,0.40575733279734183,0.4807000847426675
3407_right.jpg,3407,0,52.0,0,1,0.120917395018729,0.029592409299316,1.4702219288960667,3.0865518688803832,6.404257849516878,1.0809172582397375,5.055075042589007,14.0,1.0842321979521758,0.0219491358349214,1.4376606351151917,0.000880897045135498,0.1838496135162119,0.5405531161100336
3408_right.jpg,3408,0,72.0,0,3,0.0137895050685748,0.0038874363561304,1.0668282277387429,2.5441913631075934,4.147356008176174,1.0679052451947029,0.0573368194119535,8.0,1.0836061330843008,0.002906976744186,1.092485873792853,0.0012866380857303739,0.04599178993922607,0.5256887531086468
3409_right.jpg,3409,0,57.0,1,4,0.1162700835782162,0.0316471396404991,1.481642430061865,2.715709510669792,6.1304652930362735,1.0827315630783485,5.00896843872839,27.0,1.083726055197901,0.0198498263557607,1.4221455549989996,0.003825083142146468,0.5639917667109992,0.45677276622420065
3410_right.jpg,3410,0,72.0,0,3,0.0016500761055509,0.0006802354557577,0.6533639031914398,1.5272755841182086,3.165685424949238,1.0734296693625116,0.0,5.0,,0.0,,0.0005095539381727576,0.005476954316342612,0.5256887531086468
3411_right.jpg,3411,0,61.0,0,1,0.0401122963498664,0.012465095723096,1.2829974235456962,2.389119166781704,6.300180992074517,1.0738516692886655,2.2097671708953577,29.0,1.0800180161452138,0.0054239739649249,1.2110211286716883,0.003340591210871935,0.6156617872418008,0.5300963609169413
3412_right.jpg,3412,0,70.0,1,0,0.0756592169788568,0.0197564112870809,1.359694150188139,2.811294964456984,6.206523806906739,1.0820424080957465,2.8137310073157007,37.0,1.0887717692220134,0.0122347053621673,1.3730044654392313,0.005495942663401365,0.5631814335211146,0.423055213692908
3414_right.jpg,3414,0,62.0,0,4,0.1350625424221856,0.0325463007854164,1.5042400720596036,3.2026910630842167,7.050586436160724,1.0788443121621965,5.478522253466498,20.0,1.09349596883372,0.0235285561912149,1.4626996754944683,0.009978994727134705,0.3130600089959783,0.5176267747770391
3415_right.jpg,3415,0,70.0,1,2,0.1066156424806639,0.0261212867788121,1.438983062036188,3.104761015892925,6.724702902685808,1.0834863578239795,3.9883681011328975,16.0,1.0825681352357517,0.0176548395565338,1.4166646052845149,0.0005081623094156384,0.3318945641638609,0.40624221174357916
3416_right.jpg,3416,0,65.0,0,3,0.0373044711533484,0.0102177086244914,1.2311587458374895,2.638358538121497,5.03671576427376,1.086792634991087,1.0869902792012174,12.0,1.107617951986897,0.0077176309823286,1.2579928128923783,0.0007422135095112026,0.0698400948538497,0.5264542966277201
3417_right.jpg,3417,0,66.0,0,1,0.0994227205271491,0.0316474121832241,1.38200932866201,2.290957563721102,5.47526344623591,1.0808101771861434,5.325456391612761,32.0,1.081334080837948,0.0173893902707462,1.352809709897543,0.004768894985318184,0.5607059273668774,0.5242750198456096
3418_right.jpg,3418,0,50.0,0,4,0.0895134387866523,0.0257505785239874,1.403002619160436,2.559322354373755,5.740503747012519,1.0788106375809323,3.355940013824469,29.0,1.093038417936558,0.0141750899091391,1.363918295934812,0.21084673702716827,0.5154660927556842,0.543732133544378
3419_right.jpg,3419,0,64.0,0,1,0.1201491632306572,0.0337385803217721,1.4786256038694765,2.680606315304788,6.345283904306299,1.0825129836056375,5.507720915191204,15.0,1.0914015691123593,0.0206817446842913,1.4175535087418,0.009182767011225224,0.3998085236930995,0.5266044370500759
3420_right.jpg,3420,0,55.0,1,0,0.0930575640814108,0.0237011442935758,1.4078123150264887,2.9877974389245283,5.708992161237482,1.0859063639737851,2.717575922277329,25.0,1.094934055772944,0.0170091135849679,1.3636706987209195,0.00037556173629127443,0.23604658043521728,0.4297175925803758
3421_right.jpg,3421,0,40.0,0,0,0.1378464489415757,0.0348673684404668,1.5230544592972295,3.051167628714589,6.749672624375555,1.0770361174735477,6.224669055095237,29.0,1.085606700328667,0.0237551814606301,1.4720102104818544,4.376874130684882e-06,0.5371657507487613,0.5537910932922383
3422_right.jpg,3422,0,75.0,0,3,0.0762495495175396,0.0213135307165589,1.364024300507746,2.6008411263457454,6.633611696351628,1.08160751539522,3.603859682961865,27.0,1.1002298269195818,0.0117201577576886,1.3420072219559758,0.002458996372297406,0.6220081691521765,0.5253606258472803
3423_right.jpg,3423,0,50.0,0,2,0.1392363496746554,0.0380865295235016,1.5135538246838736,2.719594987109556,6.593904478421662,1.084567007865908,6.264398011558825,20.0,1.1063736266916089,0.0236632582952754,1.4377733084534017,0.05811339244246483,0.4750337555414111,0.556789794855192
3424_right.jpg,3424,0,24.0,1,4,0.1287273017679414,0.0352040969123416,1.4963509912120634,2.7204690815128734,6.199445938213279,1.089359180684362,5.690156030067983,12.0,1.0960573276642804,0.0229153564333702,1.451341913591497,0.005885720252990723,0.32701042153585264,0.5287106913808219
3425_right.jpg,3425,0,58.0,0,4,0.1195043744903931,0.0297285264795481,1.4631829496065656,3.0591797437626247,6.73200988050062,1.0780621677125344,4.402002911324653,16.0,1.081602540513228,0.0207994637560089,1.4178714604461602,0.11534677445888519,0.2740583066599223,0.5263463522659199
3426_right.jpg,3426,0,73.0,1,2,0.0024933097035957,0.001416768650312,0.7615847812783272,1.274243930455661,3.0974742816007708,1.097343673892765,0.1523407150873166,10.0,1.097343673892765,0.0001320286197423,0.8808762039085828,0.0076613170094788074,0.19659094436407923,0.4045396028316979
3427_right.jpg,3427,0,55.0,1,1,0.1133768437814281,0.0307471505196111,1.4545832226291264,2.784038175267288,6.194933597167246,1.088536797004878,5.604676500167616,25.0,1.092789081154486,0.0214653871940999,1.4231518070247429,0.0005819504731334746,0.3916021226784656,0.4506471188101171
3428_right.jpg,3428,0,60.0,0,3,0.1523719999393544,0.0381157420743817,1.5240112118051523,3.079211693988192,7.2735448914206575,1.0791631595364202,6.873164839718807,7.0,1.0866437002855966,0.0266941593260255,1.4730899031507996,0.0020440230146050453,0.24015625742036428,0.5270010374982788
3429_right.jpg,3429,0,79.0,0,0,0.0335729488775551,0.0081322035259628,1.244239813706445,3.1478234753009127,7.30289058737393,1.093432938788741,0.5521866591703144,24.0,1.094555048440798,0.0061593911891088,1.263407553514209,0.006883558351546526,0.41028040890742296,0.5362301930193817
3430_right.jpg,3430,0,53.0,0,3,0.0419447898532703,0.0114896791842825,1.2765740841226154,2.675388390016129,5.279170630466468,1.0682897945048897,0.6466053220591893,15.0,1.0693823591050582,0.0078985327033076,1.2463694941568564,0.009411496110260487,0.11269305888223746,0.5277663656424777
3431_right.jpg,3431,0,51.0,1,4,0.1476972504407478,0.0364166317267717,1.518956497015547,3.0940759787562784,7.207768465307407,1.084179526807241,6.314438848448416,19.0,1.092190435372396,0.0243333215463808,1.4688237010399046,0.0014812737936154008,0.5043751648102118,0.4698064050730303
3432_right.jpg,3432,0,76.0,1,1,0.0170808613655722,0.0038156721510727,1.1595656937384762,3.4123619867795734,6.207087280552557,1.1195232916881963,0.3985036189109892,5.0,1.0628151743711671,0.0031830476560515,1.261734194109028,0.010021652095019817,0.09410094391449049,0.42649988430696295
3433_right.jpg,3433,0,34.0,0,4,0.1237538256416472,0.0291809339110936,1.465112560204214,3.262175499302694,6.488034667421256,1.0874860336034105,4.141288647818753,23.0,1.0842614748659245,0.0222518509540114,1.4291712652885016,0.0032238035928457975,0.24634284835691422,0.5781451753108579
3434_right.jpg,3434,0,56.0,0,2,0.1339093090817228,0.0335025893646583,1.4934339140406765,3.003895235506108,6.514301856099783,1.0880694022594817,5.911330049261084,21.0,1.0936619352982198,0.0247720095995958,1.44458956640929,0.011920856311917305,0.2843378845946373,0.5533009457094274
3435_right.jpg,3435,0,52.0,1,2,0.129373137344042,0.0351467394049603,1.4938078782017068,2.749353963920771,6.368280793599201,1.0798521537898165,6.465626104965399,31.0,1.0813906949992595,0.0230388442693337,1.4408210695243115,0.05036550015211105,0.5019739342137746,0.41650391150184235
3436_right.jpg,3436,0,58.0,1,1,0.0344378093677887,0.0100274797865031,1.1997181042591187,2.417939041008321,4.825239317305573,1.0795119067598389,0.440381193961493,20.0,1.0816231313978053,0.0064031425602001,1.1744018560272262,0.0019109686836600304,0.13581021081506062,0.4471805030211666
3437_right.jpg,3437,0,42.0,1,2,0.0947248377688294,0.0246651932140442,1.4120845932892532,2.8702403440913127,5.955957363769193,1.104159552936599,4.793767093564242,29.0,1.0984514298399457,0.0179387810711798,1.3763083679362764,0.005519349128007889,0.40204157812747393,0.4222368876747342
3438_right.jpg,3438,0,67.0,0,2,0.1293737357513213,0.0347238604821587,1.493627421788037,2.783173325273041,5.916650140575636,1.0803989405961028,5.019349592679781,18.0,1.084301412172346,0.024655045199243,1.4491403593782053,0.0009927578503265977,0.1789776054067744,0.5468913099522232
3439_right.jpg,3439,0,61.0,1,1,0.1073435478654592,0.0259793418499353,1.429350316368668,3.180149436687909,7.096351167468413,1.0928241495967748,4.548027166882277,20.0,1.1008852483023304,0.0192937419146183,1.3979470874069662,0.14023131132125854,0.35612975122889107,0.4437190149792415
3440_right.jpg,3440,0,63.0,0,2,0.1187604529308628,0.0321558680416955,1.465012807508315,2.767796781953444,6.230999330552215,1.0722025686161032,5.052776247909414,21.0,1.0827342722106186,0.0205647993289913,1.423532653351428,0.00033099163556471467,0.327332411316479,0.5492240000581153
3441_right.jpg,3441,0,44.0,0,3,0.0535693784298868,0.0152556772519574,1.317163502476854,2.5759462335605527,6.131232693855511,1.0739458168755105,2.250235356248996,32.0,1.0740126420329572,0.0086335560607104,1.3614525362552885,0.0001748421782394871,0.49495440939080393,0.5287501667326998
3442_right.jpg,3442,0,49.0,0,0,0.110437586640366,0.0261150832492807,1.4368179269187422,3.272634776210586,6.75616868038746,1.0752714962739969,3.527722432836637,17.0,1.0758073211321348,0.0203465117781211,1.3949340776415746,0.0008303543436340988,0.19387254114900593,0.5497488592277772
3443_right.jpg,3443,0,65.0,0,4,0.0903706362738939,0.0276356855823785,1.4231225325492045,2.3722140572639043,5.7428446141243095,1.0819481797049666,3.689411389312673,33.0,1.095596247557633,0.0140845772632544,1.340278440433477,0.0003591451677493751,0.7425983030267549,0.511079747746442
3444_right.jpg,3444,0,34.0,0,3,0.1238232871659348,0.0326018301895373,1.487994245330198,2.8400382820634147,5.739457835562323,1.0757057475625158,5.760397770625003,18.0,1.0849058157088107,0.0240774520851124,1.4429024134308135,0.0025024404749274254,0.16246184183256002,0.5298430168329715
3445_right.jpg,3445,0,51.0,0,3,0.1023927392739273,0.0281401669578722,1.44074642594672,2.740345998130284,6.080349600469711,1.080817507998788,4.8534265191225,22.0,1.0900805110767589,0.0181226946224034,1.3845761134213337,0.011431830003857613,0.3784174018189736,0.5279850070155824
3446_right.jpg,3446,0,56.0,1,0,0.0853586576626101,0.026644005224908,1.401112321774152,2.3327138636728253,5.675280913284496,1.072871173830405,3.5303433006692524,62.0,1.0775594765258252,0.0124671551989348,1.3187109717413774,0.0012827097671106458,0.9469413702644803,0.4292726130887626
3448_right.jpg,3448,0,63.0,0,4,0.1209636265340871,0.0313613144771345,1.4657702816738287,2.9220942540509425,6.427969638164066,1.0801093233858026,5.456777772725205,24.0,1.0817880765427172,0.0208620698366503,1.4110131621023931,0.04106997326016426,0.47448922159542567,0.5154449936262118
3450_right.jpg,3450,0,59.0,0,0,0.1148854542366446,0.0294232248653725,1.4576202736808734,2.951948044337614,6.234617141468811,1.0775695460136816,4.595817805796725,20.0,1.0913640453194189,0.0216003436872446,1.413553816245856,0.00016748624329920858,0.22953111917796132,0.5452497950476564
3485_right.jpg,3485,0,70.0,0,3,0.093735805634343,0.0241291598954285,1.416611268818476,2.8956686661699864,6.350202511316701,1.077825826565884,3.7346953195183255,13.0,1.0818806249713124,0.0175530680017361,1.3782145316267165,0.0016373697435483336,0.15724949921717557,0.5259074923092817
3941_right.jpg,3941,0,61.0,0,4,0.1022688097367461,0.0269099520856961,1.4306901343646488,2.818862819056511,6.325099113371498,1.076370563782752,3.797171107524894,19.0,1.0968321774406458,0.0177817525943172,1.391084507764675,0.0010076473699882627,0.28238531793705035,0.5198078840481443
3943_right.jpg,3943,0,54.0,0,3,0.1542767927969805,0.0374045685817792,1.5316269084219023,3.200372813562771,7.010713259155413,1.078774592228379,6.669462451431661,24.0,1.0905165622037625,0.0250559578004921,1.465894168208366,0.0007559172809123993,0.5912951106216463,0.5276570409561684
3951_right.jpg,3951,1,54.0,0,0,0.1129619147731867,0.0293371472467049,1.4539846508885792,2.848625874511191,6.332995696528859,1.079978835264445,4.2957063151936605,20.0,1.0839521105131558,0.0196136896579607,1.4089028749564392,0.0017036005156114697,0.328728488733937,0.5475002973750372
3954_right.jpg,3954,0,58.0,1,4,0.122703664032659,0.0320577595440674,1.480125224775564,2.848521043975745,5.979407406767263,1.0969617918112105,5.204017703765081,16.0,1.0953447914685557,0.0233523978900992,1.4400520302090192,0.0019238806562498212,0.26270157185455856,0.45460575018859534
3960_right.jpg,3960,0,55.0,0,4,0.0888369581127256,0.0245549571739338,1.4258851589435106,2.64497205390635,5.574009352954505,1.0761018480400335,3.0788332736073327,21.0,1.0887482368671764,0.0154698753829614,1.3824200900261494,0.002265146467834711,0.2852966705004796,0.5328757970826702
3977_right.jpg,3977,0,43.0,1,4,0.11787485938739,0.0308563999483652,1.4834966231461488,2.867729906605006,6.475438158549821,1.081528224148178,4.932966972172534,24.0,1.0926825991092008,0.0191832481973924,1.4336597790913173,0.0008663701009936631,0.5137144620928683,0.4872457789314176
3984_right.jpg,3984,0,55.0,0,0,0.1153811730543566,0.0321953499472941,1.4798745952755314,2.6743908877735394,6.120206485412542,1.0910562765980938,5.171145010839515,28.0,1.1066479146341572,0.0195757672189184,1.4027569290916029,4.4815580622525886e-05,0.5797919287359267,0.5470503492598359
3998_right.jpg,3998,0,35.0,0,3,0.1305607220172576,0.0290321269221778,1.494296570728487,3.5600866434639578,8.819290534097922,1.0881862119991983,9.452084032076105,28.0,1.101195534581203,0.0225833663648097,1.4810550678745538,0.12808628380298615,0.7913975487471206,0.529733744525016
3999_right.jpg,3999,0,54.0,1,3,0.1295488574962567,0.0338269243288447,1.4900281334694794,2.890787404720637,6.45538255183089,1.0812686314292,5.358224875183407,15.0,1.0824816181645227,0.0245677114370558,1.4399963691370246,0.006696570664644241,0.18416339283161662,0.4639532848716164
4016_right.jpg,4016,0,35.0,1,3,0.0892067528073383,0.0229500225397484,1.4065554978398458,3.041846500615492,6.627416976760189,1.0865628330508614,3.950787371662724,24.0,1.0932377239502042,0.0169276043539702,1.3680885267102465,0.013387689366936684,0.30333831773933434,0.46602663574029063
4020_right.jpg,4020,0,41.0,1,0,0.1396333363753435,0.0348056662509252,1.5063387592996378,3.090484824910529,7.088524590743443,1.07749415692948,5.374217949887953,19.0,1.0878663639429724,0.0232713777264016,1.446469552521429,0.0022531652357429266,0.40295895203080595,0.4359589186523344
4052_right.jpg,4052,0,55.0,0,4,0.0952302795185516,0.0255943499452899,1.4107563120197495,2.8092406725559624,6.457114475189039,1.0949715216137204,3.332338605391425,32.0,1.1096810988959898,0.0166716403063762,1.3509055860700834,0.0005477013764902949,0.5620796594400035,0.5328757970826702
4063_right.jpg,4063,0,51.0,1,1,0.1400382018838177,0.0361098758944091,1.513929730701768,2.903802179944292,6.160213803504429,1.090065840511496,6.063791082184582,22.0,1.0992015679459113,0.0254830820228807,1.4658360236529973,0.01166467647999525,0.3414001271785987,0.4552766796093153
4067_right.jpg,4067,0,54.0,1,3,0.1408128306577531,0.0373166381170383,1.5126833449598267,2.873192419184664,6.275291439771548,1.0821580688358154,6.922653245814827,21.0,1.0884087627278285,0.0253005290524049,1.4496149630602089,0.0037409074138849974,0.387696632683212,0.4639532848716164
4074_right.jpg,4074,0,67.0,0,0,0.1408304568322384,0.0365779590845134,1.509646921224812,2.866163634000503,6.402733090050697,1.091337510823212,6.12416362145583,17.0,1.1021545844688725,0.0253469515836783,1.4555113342638966,0.0004972191527485847,0.3265115943390928,0.5416451808376389
4077_right.jpg,4077,1,45.0,1,3,0.1316623131217695,0.0362969437609575,1.4987896219178256,2.720153662398747,6.1435170799466245,1.080136475772512,5.810340384897157,41.0,1.0853668702415198,0.0215386791833187,1.4131756504777,0.20375755429267883,0.8231985965083453,0.46493524753960525
4082_right.jpg,4082,0,71.0,1,1,0.1455023026774856,0.0381835762275962,1.526024778293067,2.844754184524185,6.302560270865378,1.1013468745785846,6.3797125142048285,23.0,1.1188145427175569,0.0242179868019697,1.4532792421501075,0.036049626767635345,0.5914205352039815,0.43222194672190284
4101_right.jpg,4101,0,51.0,0,2,0.1307042623480799,0.0333087499873715,1.490597771540088,3.0094777925296534,7.144667923957821,1.07770106749755,5.607023428265459,18.0,1.0849109921805706,0.0215895658850509,1.4426341673351626,0.0007851084228605032,0.45650754574460894,0.5562086993872454
4114_right.jpg,4114,0,66.0,1,3,0.0542956497339332,0.0136490725244771,1.2953644884283566,3.0247351656683668,6.802645698778987,1.0741936092982158,1.6535220018639702,29.0,1.0839022592195338,0.0086935171916181,1.3065605859400031,0.019516276195645332,0.42127778744357,0.4626444372965833
4115_right.jpg,4115,0,60.0,0,4,0.1187232366486224,0.0301264442110366,1.4608475846740383,2.9965317841808483,6.425200720606233,1.0797160060070128,5.201179607336188,23.0,1.0851821626906617,0.0198604265977215,1.4016924675601117,0.09956344962120056,0.458022732696669,0.5219882385490794
4123_right.jpg,4123,0,67.0,1,4,0.1289359826936944,0.0296801137729348,1.4840613440302337,3.3039549783173423,7.050290049149573,1.0865884414816207,5.608524957936063,22.0,1.087368900644893,0.0235507972117618,1.456808769331694,0.4238646924495697,0.3030455881638522,0.4351895229224846
4128_right.jpg,4128,0,59.0,1,4,0.1092225528883319,0.0293911083939227,1.4441798922873448,2.7173424293592072,6.046214739756173,1.0787670000818206,4.698939454417761,21.0,1.0868231331981135,0.0177650227115406,1.3801195559368884,0.0039605675265192986,0.4927395736932584,0.452440452319039
4139_right.jpg,4139,0,61.0,0,4,0.0498535210696509,0.0144907703068454,1.3531062256207345,2.4826962494123497,5.835090929231445,1.091970776744056,1.875335786475281,14.0,1.0982331443851,0.0091840768786302,1.2969661061620683,0.0107468506321311,0.3536425636034975,0.5198078840481443
4156_right.jpg,4156,0,36.0,0,0,0.1547507198060312,0.0392635247764812,1.5340935113124892,2.9619561008497226,6.222670498443041,1.156057813945503,7.829469111481537,19.0,1.09522387085947,0.0269384250138909,1.4727553852741644,0.0005754538578912616,0.7596398379173995,0.5555853932752884
4159_right.jpg,4159,0,57.0,0,0,0.1603625359327873,0.040941906344884,1.5451783730749329,3.012830329133716,6.822495385830356,1.0825402423110395,6.719241786611026,18.0,1.097168544400655,0.027649932554979,1.4856288992822235,0.0009238969068974257,0.3797306358267553,0.5461502230581671
4163_right.jpg,4163,0,46.0,0,4,0.1122960536891175,0.0293662594438193,1.4550566491663934,2.8800566912219745,6.15922344404944,1.0733144254266305,5.374939720302202,31.0,1.0772136508030643,0.0195456920109307,1.407068674356751,0.0010501777287572622,0.5054975393512735,0.5523878826051483
4172_right.jpg,4172,0,59.0,1,4,0.1341802562976646,0.0343866874611995,1.5023633048845395,2.9663213955950534,7.091787956533816,1.0889868726004313,6.006187887689333,24.0,1.1073469688302555,0.0215617097951334,1.4419381086269023,0.11258089542388916,0.641630142300841,0.452440452319039
4182_right.jpg,4182,0,53.0,0,4,0.1386184656132795,0.0323446456191429,1.4959310701821813,3.358367568144637,7.944744091656236,1.0793128674954513,5.560104732154591,21.0,1.0860572827050892,0.0226953365885219,1.448856916451733,0.00401719193905592,0.48509308131726997,0.5372226509821401
4194_right.jpg,4194,0,50.0,1,3,0.1259770694216958,0.0286355045987148,1.4663984401244663,3.395314693431086,8.060294181095381,1.0785228114692818,7.005165679727857,16.0,1.0866463203335386,0.0207735920372936,1.429574210828776,0.0033439774997532368,0.5236705560074453,0.46438967867331876
4199_right.jpg,4199,1,67.0,1,0,0.1152125675409289,0.0315452151453425,1.4707776313531784,2.693118937192837,5.568387806441014,1.0953814727691904,4.751242146550547,19.0,1.106169086145365,0.0209054654448224,1.4133394776942845,0.012105071917176247,0.27561242033658995,0.4243855333672336
4206_right.jpg,4206,0,55.0,1,2,0.1408410138248848,0.0337486862317083,1.5057571894628088,3.216951676910152,7.062543079701596,1.0923084746563545,5.154014067426632,20.0,1.09339296266549,0.0241632306572883,1.4610222240168864,0.10635016113519669,0.4197664389508455,0.41478833919539365
4207_right.jpg,4207,1,66.0,1,0,0.1394956369718007,0.0356116071203003,1.5082350505418165,2.980184349920379,7.246423108359835,1.0767452965380304,5.91168846917585,22.0,1.0862761244645522,0.0237831774567613,1.4478819688368645,0.06284026801586151,0.5194412811442513,0.4248292178361925
4214_right.jpg,4214,1,45.0,0,4,0.1307060755336617,0.0342149804218769,1.482516600606849,2.89633433807294,6.393638628566685,1.1029350888651288,7.6796766451938865,31.0,1.085338709948699,0.0226196791714033,1.4364343831576232,0.06645199656486511,0.7722941866418211,0.5545470763963064
4215_right.jpg,4215,1,66.0,0,1,0.0087911874887929,0.0032130966400604,0.9611978899871112,1.883522381006728,4.512232456188693,1.055909616511741,0.3877039686347489,19.0,1.0487799205759052,0.001104956310609,0.9299895282450482,0.24132901430130005,0.05168836594601336,0.5242750198456096
4237_right.jpg,4237,0,46.0,0,0,0.0778111856985838,0.0205246759381216,1.3808856822321487,2.827350766351767,6.471658542125414,1.0788866995492612,3.133885018212868,19.0,1.0899358392017782,0.0126082098703752,1.389065163499727,0.001741752028465271,0.29258881753824006,0.5510970274313736
4239_right.jpg,4239,0,62.0,0,2,0.1289123132745394,0.0318375332524792,1.4872374264959796,3.075405436462625,7.177140981728028,1.0863806467904151,5.090811085989788,18.0,1.095046948858675,0.0219204336173207,1.441393124148202,0.07285231351852417,0.41726312761970435,0.549806838729863
4248_right.jpg,4248,0,62.0,1,2,0.0649159282210694,0.021245029369613,1.3452398938726535,2.2098735001830114,5.577662268483661,1.0834994787086012,2.7250156436083244,45.0,1.097594315357927,0.0103903837225732,1.312321779025604,0.040744341909885406,0.7324398467652318,0.4107934306352285
4251_right.jpg,4251,0,49.0,0,3,0.0359239557701928,0.0148249492051499,1.2253933916103803,1.693732775611747,4.677135166999356,1.0998873233312092,1.1231022125113586,60.0,1.1298531704715642,0.0041197431158939,1.192994428600857,0.0012864775490015745,0.9415177234025607,0.5282036376532085
4256_right.jpg,4256,0,66.0,1,1,0.0347450821191234,0.010343214692307,1.199141488926295,2.4224653643646885,5.602837467020867,1.0849654576764265,0.5736424530716348,36.0,1.094133343324933,0.0053922390588733,1.2155139055597275,0.005750066135078669,0.4608330790819005,0.4379621523293782
4269_right.jpg,4269,0,61.0,1,2,0.127587060029386,0.0348745032895235,1.4908009993309244,2.734141636964176,5.947146270281081,1.102855209755209,6.664882632426673,16.0,1.0971889975997815,0.0211105108228605,1.4277269359455482,0.01708598993718624,0.48625582614082397,0.4113634251714172
4272_right.jpg,4272,0,40.0,1,4,0.1073441728902545,0.0289829266803687,1.440255256879734,2.737986934213456,6.017867587781563,1.079349745216996,3.6629291223214833,31.0,1.094234831413117,0.018299383406931,1.372502578557327,0.0011251319665461779,0.4966319092004612,0.49379585064252124
4274_right.jpg,4274,0,54.0,1,4,0.0621881778741865,0.0198029645697758,1.341401977426193,2.329743662636521,5.773830440658535,1.1247423020194247,2.3499638467100508,31.0,1.1136818028494873,0.0097568691250903,1.360663527776166,0.00522948894649744,0.7130285641121579,0.4632833145636475
4275_right.jpg,4275,0,69.0,1,4,0.127035419454192,0.0329706394688344,1.4857542339924898,2.975191276133548,6.906850940116627,1.0815468791066023,7.018252505617126,28.0,1.091460917423155,0.020999217389109,1.430233521388884,0.002791948849335313,0.6831103796226473,0.43089953838050493
4276_right.jpg,4276,0,65.0,1,3,0.1230907593510476,0.0323920391675382,1.473608362867904,2.859012808644288,5.96823874786388,1.0882675625239946,5.15362345201825,18.0,1.0978626627202173,0.0234843547107655,1.433060185534076,0.0020644962787628174,0.17929736959518028,0.46275348851821124
4290_right.jpg,4290,0,51.0,0,4,0.1112093486179666,0.0302274001808692,1.4483960793300854,2.76867258955555,6.444823719564096,1.0946506167474637,4.648037467223758,25.0,1.10238428245132,0.0203048506312742,1.391865049356902,0.00035180081613361835,0.4912677500346586,0.5415638542622603
4302_right.jpg,4302,0,44.0,0,3,0.1493929867478039,0.0359558057961931,1.5225684819657197,3.1856593501722834,7.048656439796919,1.0802067399860924,6.570501480889949,19.0,1.0861656944571778,0.0252408341504341,1.4704233962161175,0.03244057297706604,0.43302225613210976,0.5287501667326998
4322_right.jpg,4322,0,45.0,0,1,0.0435091835273797,0.0132361023234763,1.2963595340398222,2.4060423361990124,6.753018892454034,1.0992447474670335,1.6164116584845447,20.0,1.1143913073506992,0.0063363337012594,1.2887706486445534,0.06967870146036148,0.6442770833326451,0.5486620061818672
4327_right.jpg,4327,1,49.0,0,4,0.0758430245838811,0.0191777623236666,1.3516191728557736,3.020000591032198,7.333954930360108,1.089870737776013,2.7411306656378964,21.0,1.0915440621747277,0.0117005670079543,1.3479253107878446,0.008473340421915054,0.448681379844131,0.5458987565823558
4328_right.jpg,4328,0,47.0,0,0,0.0403943170764896,0.0110826080163694,1.2455836742122852,2.599390491972724,6.657283813218077,1.0915852107055308,0.7559759902025511,27.0,1.0917203294321245,0.0061133258407712,1.2223100574096069,0.0018978762673214078,0.5587624406166407,0.5506477204506859
4335_right.jpg,4335,0,66.0,1,0,0.1143997574777688,0.0288449878738884,1.4656458401181776,2.9404736823118283,6.370291269002665,1.0861315621299787,3.890460792239288,17.0,1.08878320608074,0.0203920776071139,1.4274463637205246,0.010346041060984135,0.24685485699561763,0.4248292178361925
4338_right.jpg,4338,0,54.0,0,0,0.146642002264273,0.035247857027333,1.5203042188565934,3.201106871698598,7.481309878200127,1.0803946113873335,6.267184214782468,22.0,1.086929524946786,0.0234513989972505,1.4624299354935564,0.374876469373703,0.5591276895045806,0.5475002973750372
4339_right.jpg,4339,0,52.0,0,0,0.1532472388112488,0.0388637948282656,1.534435718724936,2.9912721944168523,6.446456023920027,1.0837473440019687,6.113519467264882,18.0,1.0944877628660503,0.0291680561029092,1.490995086234824,0.0006038478459231555,0.23062341995787297,0.5483999600239029
4351_right.jpg,4351,0,38.0,0,4,0.1408415816558655,0.0362252171187657,1.5106658081027375,2.960698746543219,6.495245567830048,1.085738041326867,6.875006318939631,17.0,1.0967502057240397,0.024032191206058,1.452293920458532,0.06151368096470833,0.44774298330713885,0.569599421397427
4354_right.jpg,4354,0,39.0,0,1,0.1347026075876401,0.035147065515829,1.5018235856293547,2.903969669040064,6.338989148981935,1.084654606869431,6.067685026470276,15.0,1.0895684962890253,0.0239066790042928,1.4465328135714155,5.937370588071644e-05,0.2879689413969972,0.5555921390391564
4362_right.jpg,4362,0,50.0,1,2,0.1083315548238259,0.0252649979166031,1.4279335254765493,3.263695584418272,7.154037281789401,1.0826140635655932,3.4045753427441894,33.0,1.0903264999072328,0.0182373446344908,1.3949531120309822,0.002915042918175459,0.5430787509779005,0.4176487536528449
4389_right.jpg,4389,0,54.0,0,1,0.0950717267476199,0.0229295346020241,1.4355805125695582,3.2098754087931907,7.268738518663312,1.0904563830492982,3.603856126054879,15.0,1.1063892010153742,0.017548777191595,1.4334621797872942,0.03191673755645752,0.30379034720764425,0.5382321495884841
4395_right.jpg,4395,0,60.0,1,1,0.1326426493170613,0.0345762951588135,1.496854751015615,2.9656529014738893,6.579316236270985,1.081733106843337,5.809019639537703,27.0,1.1004567214809955,0.0224177644871898,1.432002172877311,0.002295882673934102,0.5166905890688099,0.444872254306597
4408_right.jpg,4408,0,59.0,1,0,0.1274532533642457,0.0296557633183811,1.4771609229004017,3.2705631729673934,6.747108533054366,1.1110209334900725,4.6872637467869565,18.0,1.134188711497663,0.0237185625724509,1.4427985856822043,0.08685797452926636,0.2353486380233414,0.42793836313534545
4409_right.jpg,4409,0,60.0,0,4,0.0997670254542495,0.0268225934441573,1.425631533536985,2.752627358562843,5.878289231144165,1.079390419134144,3.662481941929314,37.0,1.088623324648979,0.0163743463487089,1.3825415509638854,0.003926965873688459,0.5699931729474758,0.5219882385490794
4411_right.jpg,4411,0,52.0,1,3,0.1293209737883802,0.0338839221089097,1.4898967955689744,2.904536131605973,6.331858066871621,1.0834840710350158,6.189755953896301,17.0,1.1008363062032689,0.0232265600431286,1.43986519621092,0.0041544148698449135,0.2891743047040901,0.46417147491408345
4415_right.jpg,4415,0,31.0,0,2,0.1447841045149361,0.0373036682277221,1.5136399393782771,2.989765275165071,6.595714660587968,1.085608974565314,6.314949253067803,20.0,1.1036711818812013,0.0260580065978589,1.455889163563513,0.0015018085250630975,0.3058552072323305,0.5677993323608642
4426_right.jpg,4426,0,58.0,1,4,0.0954942939848142,0.0262239263648717,1.4222661509303882,2.7188410627855126,6.000665615829848,1.0774329161367748,3.5867824540664515,16.0,1.0800424035646723,0.0173883171928122,1.3836297150751258,0.004065734799951315,0.24839800899297995,0.45460575018859534
4428_right.jpg,4428,0,57.0,1,4,0.1069073378779227,0.0250643030759357,1.4325222814857774,3.274411856386342,7.317870167102622,1.0895289074624162,4.345826743004988,24.0,1.0901558664016913,0.0169638841584508,1.3929228988033269,0.010000169277191162,0.5190913608187248,0.45677276622420065
4437_right.jpg,4437,0,50.0,0,2,0.1134287553768206,0.0291258059399289,1.4706131133028977,2.9676667501388336,6.996948090722535,1.093611872164587,4.432086439681636,30.0,1.1054040641070455,0.0192212590857772,1.4196275210097804,0.013450325466692448,0.595910896754263,0.556789794855192
4452_right.jpg,4452,0,48.0,1,3,0.1135669964782827,0.0315133801298483,1.4750271083691302,2.659268824231242,6.214695032185188,1.0908350052122882,4.7435375290481785,27.0,1.116342458374219,0.0184854220071392,1.409584939725914,0.10246308892965317,0.5881522890378189,0.46460789606663866
4453_right.jpg,4453,0,42.0,1,2,0.1517299799320311,0.0346853160957211,1.5220542234306285,3.365516980801148,7.995433510887772,1.0836617898306886,8.06752518580519,29.0,1.097210656618136,0.0241219003055575,1.4739392661788098,0.0019743351731449366,0.7104667272897126,0.4222368876747342
4455_right.jpg,4455,0,65.0,0,2,0.0817363090545212,0.0215699355125639,1.4088329029702489,2.801263518224954,6.465622718361751,1.0977828704676318,3.638789496027655,21.0,1.098922462317459,0.0137364303475043,1.381266434999222,0.4982679486274719,0.44564626391218143,0.5480579189479594
4458_right.jpg,4458,0,65.0,0,3,0.145158845640839,0.0374883796127884,1.5195308868648365,2.9236748320259967,6.681400988688585,1.0975765466106115,7.022755749565499,27.0,1.1114563221271223,0.0249989895315468,1.4601836908348902,0.10865388065576553,0.6065957714531987,0.5264542966277201
4476_right.jpg,4476,0,61.0,0,4,0.1172521872800866,0.0323612643052859,1.473127095192278,2.6740663394174544,6.026471437455799,1.0813756603690972,4.242300225091459,29.0,1.085162134390564,0.018800876409317,1.4114408383232018,0.001534828799776733,0.6008348227737346,0.5198078840481443
4506_right.jpg,4506,0,56.0,0,4,0.137401610605341,0.0333690347482545,1.49661083912001,3.164771383170105,6.867151572249663,1.0905341307506091,5.809900069718801,18.0,1.099406552282141,0.0245834554254362,1.4562881313016105,0.00617122882977128,0.3121153477296731,0.5307004553282794
4527_right.jpg,4527,0,49.0,0,1,0.0969594696097184,0.0266497080650168,1.4156893348918145,2.674248934335787,5.6193109338336,1.0855254502963128,4.056043504822185,12.0,1.092457783286959,0.017726412354408,1.3816721231509026,0.006601471919566393,0.1995968716674159,0.5440312388910755
4528_right.jpg,4528,0,62.0,0,2,0.0621970597935259,0.0142313188954737,1.3199533208281142,3.3335409322160205,6.096214179612288,1.0745025440999725,1.249237964841447,18.0,1.083954977384885,0.0114829953728225,1.3145969471427617,0.00420768465846777,0.133535469849928,0.549806838729863
4543_right.jpg,4543,0,67.0,0,3,0.0729067442663791,0.0225000785069033,1.353132848984078,2.28036016894786,5.411861769231788,1.077059443729842,2.1981932944636933,25.0,1.0851207608733613,0.011299760292255,1.2994315800537493,0.0004988866858184338,0.4678482414908697,0.5262355824410622
4544_right.jpg,4544,0,42.0,1,1,0.1194895240402083,0.0309131645876226,1.4706206952230385,2.8911694672779618,6.26798052768799,1.0816186717056884,4.7434500020184895,19.0,1.086928919441391,0.0220570425093859,1.4247764245420882,0.0015864636516198516,0.2586239840046774,0.4657202954881499
4548_right.jpg,4548,0,53.0,0,4,0.1007076035588745,0.0269866058938136,1.4239661897277074,2.737124351200235,6.038857477430216,1.073113970827425,3.5609093545088744,19.0,1.0748472633686137,0.0168939713804628,1.3578702503049362,8.519850234733894e-05,0.37094351341142057,0.5372226509821401
4556_right.jpg,4556,0,68.0,0,1,0.1046431711828261,0.0280217503360588,1.4364480629576972,2.863202947522302,6.646519593692672,1.0821638931358104,4.194418896109803,21.0,1.0893615230626614,0.0174599003446498,1.3848710745282669,0.01744568906724453,0.44824310195899525,0.5219445459063747
4559_right.jpg,4559,1,44.0,0,3,0.1133691839602138,0.0304915646574816,1.4584379751481298,2.773162605023094,6.452416729279152,1.1796090124499654,4.75088194563778,18.0,1.0955868183355644,0.0218439486904749,1.40912741178693,0.02927100658416748,0.3461804725092523,0.5287501667326998
4562_right.jpg,4562,1,70.0,1,1,0.0781474445113757,0.020837773967842,1.3793251950815952,2.778324512613325,6.6865823730382905,1.1371952127865788,2.7338862888652056,41.0,1.1143564498538854,0.0125712432232055,1.3382343908079497,0.3259193003177643,0.8935027725991442,0.4333685836770771
4563_right.jpg,4563,0,54.0,0,0,0.1123650514053833,0.0299296929809065,1.4614974132839134,2.78138273362704,6.146605020463151,1.0796952197149858,4.088204268892803,24.0,1.089943060033421,0.0202694177084858,1.4006842487332956,0.002721091266721487,0.3535302030178938,0.5475002973750372
4571_right.jpg,4571,0,51.0,0,1,0.1236825511215205,0.0367534456355283,1.4886251983721608,2.4650847881101288,5.863028056096566,1.0756071244497978,6.606011470438099,20.0,1.0929640592513934,0.0223353251458827,1.4149222934903838,0.0003445554757490754,0.42832829209308937,0.5417129463658781
4579_right.jpg,4579,1,58.0,0,3,0.0931222724024147,0.0227331478186822,1.3994508066871127,3.076745955809496,6.746518049051927,1.0770740287288003,3.902903861847341,28.0,1.0863290975990734,0.0159056004136064,1.363543877729359,0.0016603225376456976,0.469249399920213,0.5272197157890441
4581_right.jpg,4581,1,43.0,0,3,0.1423151151393899,0.0362444047005567,1.509033484321049,2.960075079677129,6.24523199355301,1.0908050088434529,5.860539371709762,19.0,1.1000356154376547,0.0253973546737801,1.459029188704449,0.021262802183628082,0.28411041061213455,0.5288594643199328
4583_right.jpg,4583,0,28.0,0,1,0.154285108295501,0.0414800300975139,1.5441890061292414,2.8064168867157178,5.97071531971274,1.081449536673062,7.877872772354727,29.0,1.0867988114461389,0.0276634532352302,1.4782331573308631,0.00037972055724821985,0.46429439087299423,0.5682395119575201
4586_right.jpg,4586,0,49.0,1,0,0.0118209064216275,0.0031644125298565,1.0286654751097235,2.6546829960495684,6.553203849965781,1.0805841666056828,0.2535586963026071,14.0,1.081107432618048,0.0019929713529384,1.0560136965502374,0.5780141949653625,0.2457325079008974,0.43238983101780143
4589_right.jpg,4589,0,56.0,0,1,0.1524754275554837,0.0375531603244673,1.5223662074749629,3.162467808531905,7.5567634157161425,1.0814321240661573,7.020698433222552,16.0,1.0925571824113127,0.0253553281545159,1.4610402331195018,0.005650705192238092,0.42821504581219283,0.5359095245750178
4590_right.jpg,4590,0,40.0,0,3,0.1232779434739383,0.0313826895670187,1.4823814129118549,2.9747632776574906,6.295421553349932,1.0912788902351969,4.701526526894201,16.0,1.1030019016762234,0.0239239136290397,1.44220785626965,3.479869701550342e-05,0.13770642885211887,0.529187340436906
4591_right.jpg,4591,1,65.0,0,3,0.1436961846324773,0.0373911067343383,1.517995386198966,2.8866193420972435,7.026910483173902,1.1017882552243523,6.615660429765422,26.0,1.1185426535158147,0.022801302931596,1.4407055441722485,0.013760506175458431,0.7476192409363872,0.5264542966277201
4592_right.jpg,4592,1,58.0,0,2,0.1261569863788852,0.0351390404591568,1.489892672312884,2.6529347608853517,5.9130079919528,1.0862930115850191,6.1638575643668405,34.0,1.09208326286899,0.0227961683036255,1.432557862422985,0.03058258816599846,0.4993052317027283,0.5521368109605976
4602_right.jpg,4602,0,59.0,0,4,0.1191123005453443,0.0324530397899414,1.4761704443694297,2.721784054126893,5.843326340180002,1.0821390666772697,5.251464350636235,24.0,1.088922947717713,0.0230054534437487,1.423734267381707,0.009086973033845425,0.3204943445396035,0.5241677555043437
4626_right.jpg,4626,0,68.0,0,2,0.0629683278783838,0.0170264594287089,1.3160821164256185,2.7380523508486445,6.460893858375463,1.0909112846307478,1.9547598402109136,33.0,1.1133337067117897,0.0105456787277019,1.3154648327059273,0.012271692045032978,0.510115488919473,0.546307811428911
4637_right.jpg,4637,0,45.0,0,2,0.1385525431776966,0.0366637873116421,1.5062656485876658,2.7911438154511554,5.958020326007754,1.0926995958687906,6.112315051954678,25.0,1.10173912726556,0.0243936937073463,1.439218727610173,0.012504045851528645,0.4231829215338457,0.5596929106670745
4638_right.jpg,4638,0,32.0,1,2,0.13279613858029,0.031418912180625,1.4933960355752234,3.228998399329754,6.671903311917481,1.0802971631678802,4.6372938149470455,21.0,1.0861789244192164,0.0233211001854917,1.4601285747575017,0.00012602974311448634,0.27682635487561313,0.42799089427702397
4642_right.jpg,4642,0,52.0,0,3,0.1244632953310845,0.0359289675818519,1.5059173448111125,2.5398263068284304,5.954306260867086,1.0798037111129617,7.02163898338054,28.0,1.0870912860580475,0.021335344938015,1.428347391086862,0.08308723568916321,0.6581271931146808,0.5278756876657557
4644_right.jpg,4644,0,60.0,1,3,0.1468050278878021,0.0365875838654918,1.5198133905751343,3.073266890108982,6.608877590211566,1.0993104161889091,6.163608439091424,17.0,1.1095477903644513,0.0255789750222294,1.4704624998811384,0.01049486268311739,0.31668047072885563,0.46329879787134787
4660_right.jpg,4660,0,51.0,0,2,0.1295533462387982,0.0372657936102785,1.5058071089992078,2.616552619868924,5.904153009973339,1.0840293425540732,6.671754722035492,28.0,1.086785605079521,0.0242811437004988,1.4327915194665073,0.0007872044807299972,0.39608110125312984,0.5562086993872454
4671_right.jpg,4671,0,48.0,0,1,0.1340237956905044,0.0370576199257332,1.513824924504226,2.666330953894704,6.005070236702479,1.0795110138332076,6.719377573445828,21.0,1.0861683859808045,0.0235026650162932,1.4435823620821482,0.006043651141226292,0.42753514067632425,0.5451896764286238
4689_right.jpg,4689,0,54.0,0,1,0.0959438298732131,0.0222912562509471,1.4242333652583177,3.379784794974977,7.519936763490299,1.094935567633871,3.687427387988079,12.0,1.1096645759135957,0.0159064504722937,1.400851476989725,0.047779686748981476,0.34849777478482535,0.5382321495884841
1_left.jpg,1,0,57.0,0,3,0.1338746949226139,0.0373828976986309,1.5081102090098235,2.666672805612249,5.998840776486307,1.0778223081526743,6.987457513762796,31.0,1.0870415831115734,0.0213766289510328,1.426907280790437,0.005441579036414623,0.7618349173350988,0.5273290510232628
3_left.jpg,3,0,66.0,0,3,0.1226397630507219,0.0292538711152732,1.4498258775959822,3.231631961478296,6.238377142053336,1.0826126271170893,4.736807718274277,44.0,1.0979333317266542,0.0232321362458348,1.419392745569853,0.03859187290072441,0.5108207345883393,0.5263449407981334
8_left.jpg,8,0,59.0,0,0,0.1364193883175505,0.0304003893156684,1.4878742780117675,3.509023738119652,7.752165648186621,1.082403850102508,6.753435065225272,27.0,1.091884402229929,0.023070925965468,1.4613756548394836,0.005947411525994539,0.5514348018714044,0.5452497950476564
9_left.jpg,9,0,54.0,0,0,0.1347570590531818,0.0333166015139761,1.5014699821367543,3.07641387698111,6.600022160289332,1.077723206979302,5.070248290058764,20.0,1.0849758173699735,0.023044278478317,1.455423998789631,0.0013023311039432883,0.3107207850871463,0.5475002973750372
14_left.jpg,14,0,55.0,0,4,0.097122502084228,0.029381300053053,1.434128596007234,2.419017051923708,5.850245543684688,1.077794692714522,3.991612560947882,33.0,1.0869682082224514,0.0159715029179193,1.3417162631479431,0.0019651963375508785,0.7219354974522225,0.5328757970826702
15_left.jpg,15,0,50.0,0,0,0.1210727317319772,0.0343562458393605,1.4871448270837888,2.6591837217648404,6.739069787396728,1.083763847150394,6.657023159433202,24.0,1.0938792458595996,0.0190601084143771,1.397242486355836,0.00028948773979209363,0.7229795322237043,0.549299306422937
16_left.jpg,16,0,54.0,1,4,0.1244308102835714,0.0325215167610894,1.474482147375431,2.912386598400689,6.266791944487334,1.0933950123689642,5.559233634374258,15.0,1.0944396753282288,0.0234448043907838,1.4281771703751331,0.0022205135319381952,0.2786714485206882,0.4632833145636475
23_left.jpg,23,1,47.0,0,0,0.0886095773110984,0.0229556396409139,1.3970222967728656,2.8893737356635305,6.815804847611438,1.0906612485568283,3.3847444012791303,31.0,1.0919392614088166,0.0151101052301878,1.3406833906466933,0.9381702542304993,0.6404693454060171,0.5506477204506859
24_left.jpg,24,0,75.0,1,2,0.0503924513614793,0.0104886555858827,1.3031968051300444,3.6570074875928817,7.095587875890147,1.0975002027305616,1.2973598726591389,24.0,1.1012589930718724,0.0073749918915007,1.3131440207087468,0.025728978216648102,0.39178947896937527,0.4034058026012223
25_left.jpg,25,0,63.0,0,0,0.10913529825058,0.0305049106082279,1.4460685710919543,2.71948395183129,6.908049911081267,1.094437846816951,5.155759539418814,21.0,1.1344347638549117,0.0178985730677274,1.3715966051252095,0.002696830313652754,0.5527062553272636,0.5434480567689473
27_left.jpg,27,0,33.0,0,3,0.11483908783596,0.0313133201618974,1.465426584059225,2.7336783863222887,6.582912585670515,1.077595492846947,4.749801670515353,19.0,1.08592312070341,0.0203534054562083,1.4213605734322377,0.0952199399471283,0.34131985474437915,0.5299522862801006
28_left.jpg,28,1,63.0,1,4,0.0787048465399489,0.0175728215255492,1.3537360601434871,3.4584367911947345,8.45377653612001,1.0819126522653997,2.262815765654571,27.0,1.087332922187271,0.01180264132313,1.3516669292406356,0.2734150290489197,0.45919909276781734,0.4437980482672972
32_left.jpg,32,1,64.0,1,4,0.1097110413068988,0.0255497081717046,1.4321064585567989,3.2860472850043414,7.847147405683689,1.095056812651316,4.253160405638768,40.0,1.108466273270698,0.0171766188912062,1.3987190330136967,0.1827298402786255,0.7486417545368321,0.44164254306001766
33_left.jpg,33,0,60.0,1,0,0.1024290698439865,0.0255161203749183,1.4301841149764836,3.073292076572814,6.85159106996595,1.0869239927748229,3.949707063392798,28.0,1.0958869304043253,0.0175204954350501,1.401675827989915,0.005338283721357584,0.4906454502034629,0.4274938449530914
42_left.jpg,42,0,89.0,0,0,0.0358966809150074,0.0101176757267161,1.2309882989237857,2.54085245917583,6.5882746877829135,1.0899651938554684,1.4722157354479088,24.0,1.0968030805103586,0.0058431734879329,1.2333966400169,0.0008062353590503335,0.4751289130431299,0.5317111126623577
45_left.jpg,45,1,54.0,0,2,0.1286048521170531,0.0329723638531933,1.488835833180179,2.978464136252985,7.06992880334019,1.1051343905990083,6.063883007483843,27.0,1.116770457915074,0.0204150727918622,1.445839905761678,0.5048002004623413,0.6977153975278362,0.5544644962375241
51_left.jpg,51,0,60.0,0,0,0.1133183117946023,0.030635855671978,1.462023300155845,2.732920713474462,5.898425995903703,1.0863574810874714,4.395315704917701,18.0,1.0891331619965767,0.0202942335478786,1.4046439502990025,0.5501174330711365,0.2869021388897083,0.5447994696732451
52_left.jpg,52,0,67.0,0,2,0.1078967825305644,0.0273288037717181,1.4467683046946798,2.9611725668167046,6.117019850001048,1.08544211254535,3.937286099360948,13.0,1.1099906041765988,0.021064480631581,1.4069213666774274,0.0004605655267369002,0.11255759582927678,0.5468913099522232
54_left.jpg,54,0,66.0,1,3,0.109257954087797,0.0300694724124043,1.447187565301657,2.694693316084562,6.122782730295603,1.080529560801568,4.4301248489730165,10.0,1.0927053778335325,0.0193868304470398,1.4022723024642625,0.0011130976490676403,0.18048841416624187,0.4626444372965833
56_left.jpg,56,0,63.0,1,4,0.1072462321588981,0.0290597864058289,1.4459952375413667,2.774677840682424,7.222076079793899,1.0755577310010904,4.3417506737199325,26.0,1.0777514086691735,0.0163339654656153,1.3848043188829178,0.04801308363676071,0.7093774917695096,0.4437980482672972
58_left.jpg,58,0,74.0,0,0,0.0063737503306663,0.0024506745594026,1.0022727338208992,1.6804877586493168,3.7286364059875168,1.0692929054384028,0.2994714329208946,13.0,1.076808539055316,0.0008235464405324,0.8517000533186391,0.005540626589208841,0.14720799085286732,0.5384875505071035
59_left.jpg,59,0,62.0,1,0,0.0900708811156572,0.0266092318331124,1.3544082585261903,2.462807753248917,6.080379976015342,1.086878336027014,2.8813461649282543,31.0,1.098740621028772,0.0143779173629919,1.3088146812861632,0.003425224218517542,0.6215188507059639,0.4266051604152686
60_left.jpg,60,0,54.0,1,0,0.149684359829794,0.03907545398246,1.533109999369765,2.9126664260466373,6.911624607845313,1.0793218219762368,6.9920290868410016,19.0,1.0886208597476663,0.0259803823641049,1.4725546207104911,0.0018202151404693723,0.4628522549067361,0.43016268567618426
62_left.jpg,62,1,50.0,0,1,0.0930048536104713,0.0246359792146525,1.412117045292838,2.915022864785004,8.204966680107741,1.09059267377052,6.854527768397603,36.0,1.110790615567789,0.0158712558402088,1.3578249332579846,0.08480758219957352,0.8674122701209457,0.5428723247515318
63_left.jpg,63,0,76.0,0,0,0.1075442302747344,0.0255121333891306,1.4351171159331657,3.274761834989452,8.090533356414683,1.0937763905870073,4.638569707114659,23.0,1.1076559678764912,0.016759354028749,1.4017548608154338,0.008832214400172234,0.6417579601657033,0.5375847916584144
68_left.jpg,68,0,72.0,1,1,0.0160660203669239,0.006396471462856,1.1203992938928478,1.7112216097689965,4.744675778966453,1.0890977119538134,0.3492613123244338,27.0,1.0872217449037889,0.0018111693767681,1.0125630500506753,0.024091225117444992,0.40363390696823415,0.43107603555601975
69_left.jpg,69,0,43.0,0,2,0.0534638439942332,0.0168854490730202,1.2903371683391238,2.348759669262879,5.515539800326635,1.090121078971123,1.7704934618205732,32.0,1.0955837197664842,0.0081392113716265,1.262660045131207,0.6176218390464783,0.6034191827229684,0.5608530261360647
82_left.jpg,82,0,33.0,0,1,0.1384820172286388,0.0378635273157942,1.5068499449153483,2.7156177564431734,5.8361644074110695,1.085688605875747,7.288260838757352,23.0,1.0964803402057657,0.0257569162558584,1.4466626601044743,0.0066510699689388275,0.36255893514347576,0.5625007125545556
83_left.jpg,83,0,61.0,1,1,0.0921729155775272,0.025438912603225,1.416934467725076,2.680350556328291,6.07787230161694,1.0783457076447032,3.146872668395755,33.0,1.0869987505773695,0.0153283152557341,1.4011368191667974,0.011281285434961319,0.5546965884940511,0.4437190149792415
84_left.jpg,84,0,51.0,1,1,0.1279215003064954,0.0316819453470311,1.5026954877023104,3.0469634133210644,6.772526822644613,1.0803730786178605,4.655042886310947,29.0,1.0891453721549698,0.0218925284257198,1.459905089188708,0.0012375718215480447,0.48722523533728734,0.4552766796093153
85_left.jpg,85,0,67.0,1,4,0.0870230462831973,0.0184761560766135,1.370563603756627,3.628293361775757,7.343758990130754,1.0836523705101355,2.809298778958352,16.0,1.1094686605590744,0.014934432973141,1.3552381196938517,0.03311840444803238,0.12982119171910395,0.4351895229224846
88_left.jpg,88,0,71.0,1,2,0.0481416469510799,0.0178839451525096,1.277942343915503,1.9004374553245695,5.470559874370645,1.0848042817323953,2.136915210257193,48.0,1.095400415876131,0.0062530209366811,1.2400360344275616,0.037640027701854706,0.8672965786105815,0.4056744228335761
91_left.jpg,91,0,28.0,0,2,0.0075689881734559,0.0021550591327201,0.8654988762872363,2.270157239089039,6.194572274277389,1.062517774449512,0.2102496714848883,19.0,1.0625940085795038,0.0006517739816031,1.082770380809074,0.4140598773956299,0.20406957185351335,0.5695318610286936
92_left.jpg,92,0,53.0,0,4,0.0933646282064125,0.0234806959292812,1.4226598118417026,2.9633897021148763,5.983485898956879,1.0859483366673222,3.625625539669591,22.0,1.0971284510690211,0.0180995043388242,1.410480222304774,0.014897999353706837,0.18302062778318262,0.5372226509821401
97_left.jpg,97,0,64.0,1,2,0.0805539712847471,0.0223733478810722,1.366195141796472,2.6003920204641435,5.676333702748734,1.0932980266851566,3.0996602772336157,21.0,1.0928756087233693,0.0134897215265206,1.3268966484058229,0.0009220268111675978,0.41640435269799286,0.40965416114161035
107_left.jpg,107,0,68.0,1,0,0.1236209777993204,0.0356210585841449,1.4936051395380057,2.5538611781984324,6.041521457751386,1.0799376009012172,6.008371327446139,36.0,1.093389580129839,0.0214079785112366,1.412599006871362,0.0037846090272068977,0.7225328707491514,0.4239419707331991
112_left.jpg,112,0,57.0,1,1,0.108691601492665,0.0289015012262616,1.4519945801609826,2.806683647239616,5.670835851327902,1.0850926573279966,4.079145494558621,23.0,1.0988498888802791,0.0206878144341318,1.4133981259971424,0.0009122673072852194,0.2585002924659046,0.4483354881085865
116_left.jpg,116,1,61.0,0,1,0.110756295727394,0.0304630340757508,1.4532862834807148,2.69281109686154,5.9579951891833325,1.0805039847769011,4.395893124216824,22.0,1.088946813917659,0.0186395973968228,1.3905017575097758,0.018375365063548088,0.4139368241700764,0.5300963609169413
117_left.jpg,117,0,65.0,1,3,0.0491866260906489,0.0119554337825678,1.3177254662270097,3.2223859541805933,7.511646702779261,1.078170692359116,1.516545511530801,25.0,1.09403921080568,0.0082398972793173,1.3132204466318522,0.0005013470072299242,0.36862333803517733,0.46275348851821124
124_left.jpg,124,0,68.0,1,3,0.1570763260025873,0.0327037516170763,1.5153820891871326,3.856743307730069,8.013197429639357,1.0763849224397528,5.899094437257439,12.0,1.0879319351963297,0.027156532988357,1.4913034874713191,0.0004888616967946291,0.1958457015552366,0.4624263455848636
128_left.jpg,128,0,67.0,0,3,0.1219297185113542,0.0252574099820669,1.4558564917657448,3.789952656468109,8.595602875659486,1.0799862522430748,3.8284067782949487,19.0,1.0887753823550987,0.0189808378165991,1.4347900770641662,0.000409086758736521,0.4316414693163848,0.5262355824410622
132_left.jpg,132,0,63.0,1,3,0.0461550102146334,0.0171202300184115,1.270834568298777,1.7824913400398743,5.028110266877906,1.0800560560371864,1.4628363893162502,66.0,1.0921760586034517,0.0056495750208075,1.1607052099450783,0.0033060419373214245,0.9748870150007686,0.46297160164142315
137_left.jpg,137,0,44.0,0,2,0.1394074111495617,0.0362423905630351,1.5094690631790575,2.915508868016965,6.267522396869225,1.0807756997254077,6.365404531561797,20.0,1.0864481161218449,0.0249917906489176,1.451561388109842,0.007434045895934105,0.3010128146542371,0.5602730507172918
140_left.jpg,140,0,44.0,0,1,0.1084229917494659,0.0295970760577733,1.4556357401937277,2.6977286270218874,5.932453414371042,1.0850269003014117,3.7725125913731943,25.0,1.0958851163612895,0.0197052540811727,1.4017725023280596,0.00031763623701408505,0.38910975747024323,0.549818414171437
143_left.jpg,143,0,54.0,0,0,0.0857365195025695,0.0207026887724422,1.3999551899452378,3.1790803849501974,6.993629031618136,1.0849001078993163,3.436130916587922,23.0,1.0922537091794644,0.0144216435822675,1.3770180885102363,0.009080098010599613,0.3949803660601939,0.5475002973750372
146_left.jpg,146,0,57.0,1,1,0.1192906717033173,0.0355363683150704,1.48586546816525,2.4847097213618663,6.0271290044729255,1.0893428374325622,6.195879739972918,21.0,1.095620450350539,0.0204513998191202,1.399942028362195,0.1632734090089798,0.591957152763831,0.4483354881085865
147_left.jpg,147,0,46.0,0,2,0.1095812217385477,0.030059513468707,1.4529395632072413,2.6874731903016724,6.1965629390883645,1.1069715969667884,3.722694039222304,24.0,1.1279440151101523,0.0193530454119036,1.40346021734254,0.0026015588082373142,0.44489526410434704,0.5591126075239633
149_left.jpg,149,0,57.0,1,3,0.0992337531968987,0.0237743330020833,1.4190746629365238,3.206224492630228,7.760036813665467,1.0790687990391874,4.640862796926942,22.0,1.0776307478800695,0.0158545997508058,1.383287365483541,4.55568588222377e-05,0.565656019014046,0.46362602570767564
151_left.jpg,151,0,48.0,0,4,0.1332625887465575,0.0374137800348669,1.5065138156839204,2.652271231348808,6.150381937674595,1.0927129342490642,6.114353571338336,30.0,1.107760365540516,0.0218449177594178,1.4263699072827758,0.7239004373550415,0.7368658853092028,0.5480636426814862
155_left.jpg,155,0,40.0,0,1,0.0361087014970044,0.0106834680180797,1.1900800579370032,2.349718165742464,4.936632218833666,1.078120209939358,0.8116594885530648,38.0,1.084820734917835,0.0065490774982625,1.1697085406779382,0.005126204341650009,0.3293282957196723,0.5544385433726462
160_left.jpg,160,0,40.0,1,0,0.1164380485711576,0.0320198396263603,1.471744126371808,2.701504299136224,5.917699923740623,1.0776590459399955,4.840150294151402,33.0,1.081035241024166,0.0192608042633241,1.4121299151318412,0.00021324408589862287,0.5971199924860529,0.43640552935820753
166_left.jpg,166,0,65.0,1,3,0.1327234704598723,0.034056009051968,1.4958040345085628,2.9757677816278507,6.50782353018136,1.0840748261919635,5.960559282308252,28.0,1.0957341693579332,0.023761415986422,1.4442501423322698,0.008453081361949444,0.46939841629933726,0.46275348851821124
173_left.jpg,173,0,87.0,0,0,0.1233917362699364,0.030039394275236,1.473939603211314,3.180524181417004,8.45913464788081,1.0823001899216436,4.130857505566582,14.0,1.093610966218261,0.0215006095533636,1.431735496340411,0.0017687625950202346,0.4434412522440026,0.5326153689219276
179_left.jpg,179,1,65.0,1,2,0.1182819060515266,0.0299266864392649,1.4671397409890368,2.9669702999411625,6.793015767829351,1.0883347303844195,5.103149299959074,32.0,1.0921976471839527,0.0200942819464725,1.418701526181525,0.03269078582525253,0.5978244363833574,0.40908488903648915
187_left.jpg,187,0,56.0,1,3,0.1112901596282077,0.02577288341079,1.446249198350886,3.261592663417299,6.900330481383015,1.0794219339891356,3.7381289149323096,12.0,1.0857021349716331,0.0196302283289553,1.4342117278417443,0.016766801476478577,0.14473441578324364,0.4637351086285806
189_left.jpg,189,0,62.0,0,3,0.0854640400908967,0.0257490707158873,1.3985682757127282,2.389302103348821,5.381232198457566,1.0829100848152011,3.61179250252073,40.0,1.094104378021006,0.0138803192423261,1.3174544822263556,0.010113450698554516,0.7477180399780825,0.5267823488472521
190_left.jpg,190,0,51.0,0,4,0.1231224635474644,0.0349624867093631,1.4894357953319393,2.5707141084980125,5.933419911831225,1.0859134310390763,5.940228324406352,24.0,1.0960090861760332,0.0208057745009459,1.4186253139670004,0.0018134716665372252,0.6142900830665622,0.5415638542622603
191_left.jpg,191,0,51.0,1,0,0.1151037692467065,0.0285055914619664,1.4541930542649888,3.036286696824675,6.667011910062595,1.0759158884736026,4.042629528376732,19.0,1.0845700803015033,0.0199554300094496,1.411553403937359,0.0002192216197727248,0.2793920514679472,0.43149863967798857
194_left.jpg,194,0,57.0,0,2,0.0919779086368694,0.0248146774447588,1.4129524873321138,2.738535768566466,6.076977905663465,1.0833357394338157,3.5057590984610227,27.0,1.090192481196575,0.0146479760592219,1.3569115044426243,0.005202712491154671,0.5391411460838427,0.5527189505834421
197_left.jpg,197,0,66.0,0,3,0.1342788204338759,0.0344731584291376,1.480711861336955,2.9636300557186064,6.180442907279154,1.0781509810392895,6.49612961689212,22.0,1.0810576683428477,0.0256460646555959,1.4559314075097642,0.0033834343776106834,0.24570817349660018,0.5263449407981334
202_left.jpg,202,0,63.0,1,4,0.0859147767720939,0.0229838299603376,1.388777915191815,2.8546306933631733,6.596951024881732,1.1035515620483491,3.203498423675379,30.0,1.1124337968053952,0.0135513068239601,1.3685133087455998,0.002337775891646743,0.6036886519837661,0.4437980482672972
213_left.jpg,213,0,44.0,1,4,0.1233302346260331,0.033582240365378,1.4781270154324202,2.786351944938614,6.298674917951313,1.0840369065630218,5.9616433926803145,21.0,1.0907445494020591,0.0206737667481761,1.404523868947052,0.019548911601305008,0.5642865659718841,0.48506328365437185
214_left.jpg,214,0,70.0,0,1,0.0645657109053862,0.0137575019086574,1.3361858872601893,3.593593919254177,7.866810690979685,1.0778286669375132,1.7696161955274214,28.0,1.085807408193206,0.0103193904430613,1.3732830449274314,0.012430221773684025,0.4083348528120016,0.5196131162694931
226_left.jpg,226,0,50.0,0,1,0.0710760071291027,0.0200828543168819,1.354890481521786,2.654158580762501,5.967024177647175,1.0811008743672226,2.628020431664301,28.0,1.0910019126181023,0.0124042564374555,1.3221373222060726,0.0896218940615654,0.4349080500533605,0.5428723247515318
227_left.jpg,227,0,58.0,1,2,0.1199364257475722,0.0328766849425982,1.4752939890464525,2.6969996006022483,6.1849080035175215,1.0837246187422724,5.347834127178492,21.0,1.0855703425187493,0.020906532854194,1.409744004382214,0.008259808644652367,0.42191951620564716,0.4130748307705809
228_left.jpg,228,0,54.0,0,4,0.1275264774840326,0.0340265987549519,1.4933988026748457,2.818436016818142,6.569904495659906,1.080000489553438,6.467782359123616,29.0,1.0923245310242269,0.0218439243269463,1.439147963979322,0.03446272015571594,0.6218688979970084,0.5350498895753363
233_left.jpg,233,0,56.0,0,4,0.0974684375647288,0.0249569316109345,1.4304961224646846,2.942141194713256,6.405924995457988,1.0773699421450882,4.142648566997236,23.0,1.0761643733357291,0.0173435518664652,1.4104097760301535,0.015739865601062775,0.3248866080662344,0.5307004553282794
237_left.jpg,237,0,55.0,1,1,0.1102709199258851,0.0285893134358255,1.448539295549054,2.880651094569744,6.349474719981936,1.0887322293843176,4.156442485853073,28.0,1.097347519141461,0.0198056988331914,1.4030563963720195,0.0025536995381116867,0.4463222825763008,0.4506471188101171
241_left.jpg,241,0,58.0,0,4,0.1358410220014194,0.0352884517895163,1.5050663860312603,2.940286442433844,6.12530562617955,1.1023586439299131,5.779174693298185,22.0,1.1160062551929328,0.0237554496603467,1.441134428849501,0.01041148230433464,0.4536485643988702,0.5263463522659199
245_left.jpg,245,0,65.0,0,4,0.0922724047293043,0.0224472050930969,1.4096659341882332,3.101668307461353,6.938542072755652,1.0887932686891226,2.9982909741447377,28.0,1.1122624502311271,0.0161807769571344,1.4169563885376553,0.0055321757681667805,0.292212778001034,0.511079747746442
252_left.jpg,252,0,77.0,1,1,0.0611730675226898,0.0169071292148137,1.3017048708250751,2.682306728068689,5.472475576712485,1.080840634877983,2.2173284216149205,19.0,1.0884273602587171,0.0113789263091056,1.2746501969521238,0.00490631302818656,0.18718167049947737,0.4253577784502259
255_left.jpg,255,0,75.0,1,2,0.0170780990090926,0.004597360982131,1.0929591105084433,2.6003375098023502,5.644146384925564,1.0770631259164918,0.3571756589890908,21.0,1.0930013791454012,0.0026686124235899,1.1531630669298698,0.02442951127886772,0.22716371089864992,0.4034058026012223
258_left.jpg,258,0,58.0,1,2,0.0682946168244935,0.0206002940748435,1.3454532631132954,2.438478101414049,5.648082649935508,1.0902679693899575,2.5091710200783863,30.0,1.1111419945568155,0.0118332505306896,1.2990716167736347,0.18737971782684326,0.4819243425174946,0.4130748307705809
259_left.jpg,259,0,50.0,1,0,0.1487330389080953,0.037294418576767,1.526798501693843,3.002330715108976,6.99788838798352,1.0857629510771163,6.394756299834136,22.0,1.1045159545336665,0.0267730461021961,1.4755814678061991,3.2398900657426566e-05,0.41871658958607455,0.43194418027618703
272_left.jpg,272,1,59.0,0,1,0.1194574431360515,0.0359307276283993,1.4976552802596077,2.443939572319949,6.256068290182712,1.1031402411028255,5.897357216830962,38.0,1.1173432453263363,0.0196962141843427,1.4098800963292746,0.597939670085907,0.8872497211543704,0.5324226954959468
273_left.jpg,273,0,57.0,0,1,0.0769747203489076,0.0244164681177563,1.3772092630970807,2.2292263168254958,5.2923090030242825,1.079394359551363,2.4229697532609134,20.0,1.0867916892126703,0.0140128417396922,1.3152477925987305,0.09549614787101746,0.3380744703709756,0.5347476212715268
275_left.jpg,275,0,61.0,1,3,0.1449566408032861,0.0351336274658958,1.506381576790367,3.1863348454819613,6.739835676011071,1.0889947518232772,6.440488868603884,22.0,1.1011444327794595,0.0253714691414371,1.455541873489508,0.002455097623169422,0.39421697792530075,0.46318972893578597
277_left.jpg,277,0,75.0,0,4,0.0525796532417191,0.0117739560692715,1.3101588027899531,3.376074737686379,7.55409875898637,1.0899102567044296,1.402257634792015,12.0,1.094813054573875,0.0085687957611754,1.3191923650518669,0.765334963798523,0.17716553066511026,0.4892414870839881
278_left.jpg,278,0,73.0,1,1,0.126570662148807,0.0351697222726447,1.4863397718617284,2.732808009279569,5.976197365649146,1.0766279183405507,6.403662693370444,23.0,1.083855613477759,0.0233607631955789,1.4156781450567804,0.04413486644625664,0.3464068140784183,0.42993086197909647
285_left.jpg,285,0,62.0,0,3,0.0417254476397178,0.0103047567372038,1.3278376590072916,2.9928336289356463,6.024577556507217,1.078475587919468,1.266051727256285,9.0,1.080771159158949,0.0075827455236028,1.3141494325484346,0.029983455315232277,0.09089431681832844,0.5267823488472521
290_left.jpg,290,0,55.0,1,4,0.1284238499262106,0.0330454450941511,1.483481010315101,2.957378899119274,6.251187001845599,1.0801448286157562,5.426431284644214,21.0,1.10154982856878,0.0237850118925059,1.430122960768501,0.0008213369292207062,0.2612043606319798,0.4611116295304609
291_left.jpg,291,0,67.0,0,4,0.0726757833204609,0.0185058985658685,1.3800444796125602,2.993834099285438,7.252081584897613,1.0805666677619377,3.634546363182045,19.0,1.0830184078031253,0.0121959222408997,1.3824799986122378,0.04892626032233238,0.3796561438273779,0.5067128113527685
295_left.jpg,295,0,45.0,0,2,0.1351987711958608,0.036737807958932,1.5029691140833834,2.80427385814998,5.914127550063257,1.093077509143441,7.174761009721296,42.0,1.100535430569596,0.0253188221265587,1.445821669659244,0.016329064965248108,0.5304024311389844,0.5596929106670745
300_left.jpg,300,1,55.0,0,3,0.0570682581126445,0.0159430224704376,1.280478933706344,2.70553078096394,6.51941394506019,1.087234310815731,1.7641662550278738,31.0,1.0934605663581607,0.0092593526013891,1.2897340042585366,0.0017646669875830412,0.5139594905893676,0.5275477136172481
302_left.jpg,302,0,67.0,1,0,0.1329004547751389,0.0326275896917635,1.4868989527127765,3.093659276565398,6.749307628701289,1.0768194848791848,5.558362809499747,23.0,1.0870558366346157,0.0248913592723597,1.448357873230735,0.003864426165819168,0.31295654582540017,0.4243855333672336
303_left.jpg,303,0,47.0,1,1,0.1291139723596395,0.0329356314491391,1.499514975716189,2.984174418082408,6.94252358812332,1.0753237326238514,6.392489302121448,22.0,1.0867301298254344,0.0206420158285667,1.4443751936118692,0.0656697005033493,0.5311964406357602,0.4599139835646433
306_left.jpg,306,0,62.0,1,0,0.0476650157411943,0.0140579295357196,1.2979251534192642,2.516835826105702,5.763569175569359,1.077463431482594,2.32843553386661,23.0,1.0818003746453293,0.0084551315323531,1.2949075492738444,0.0004943258827552199,0.31243282139341827,0.4266051604152686
307_left.jpg,307,0,61.0,0,1,0.1054751629009054,0.0269329497052269,1.4244335606581664,3.0109143447890947,6.814779216926844,1.0873440075896093,4.5696877380045695,17.0,1.1097349704369943,0.0176412513046176,1.4172811029376209,0.0038669544737786055,0.3799520906790892,0.5300963609169413
310_left.jpg,310,0,33.0,0,3,0.0558948479751062,0.01638706613929,1.293709296798048,2.505839667757144,5.742502513799293,1.0762871408366317,2.0711150176044777,27.0,1.0862069988268948,0.0094816655805941,1.252378910167322,0.00017607164045330137,0.42679712577216206,0.5299522862801006
313_left.jpg,313,0,82.0,0,0,0.0669583316493553,0.0167269530776381,1.331849384758591,2.9528870139901287,6.599015267673579,1.0709089980702158,2.0207735521157497,24.0,1.0816297846571228,0.0108717617103827,1.3317149821130427,0.0033725486136972904,0.31107682906342293,0.5348750595209592
315_left.jpg,315,1,57.0,1,1,0.1141562244654557,0.0317909834193577,1.4596587793681548,2.685103250276476,6.820891628514214,1.0834853318770674,5.633459705537539,33.0,1.091670823710354,0.018306206448535,1.3864419443847114,0.06301821768283844,0.7648299692064546,0.4483354881085865
317_left.jpg,317,0,24.0,1,4,0.1059555250902199,0.0279933872300961,1.4368235131489109,2.826296588807978,6.100111799676172,1.089485759846508,4.687405495856939,27.0,1.088943669340093,0.018210318340356,1.4065902300315145,0.010431152768433094,0.48676418277722233,0.5287106913808219
326_left.jpg,326,0,55.0,0,0,0.1292752803027623,0.0340001313721824,1.4999137389027744,2.815871131858247,6.344406578539579,1.0857273709930233,5.558053872700355,13.0,1.0966705446757616,0.0224141154357261,1.4536176837268904,0.0005880365497432649,0.2654225038043854,0.5470503492598359
332_left.jpg,332,0,57.0,1,1,0.0968569595894804,0.0269807518447621,1.4272116905960182,2.695131655065665,6.294482733701724,1.0877518635547423,4.444601576823423,25.0,1.1003544979180675,0.0163945189981464,1.3720622133698224,0.03325730934739113,0.5517881151880545,0.4483354881085865
333_left.jpg,333,0,45.0,0,4,0.1540982465213888,0.0311060939100683,1.5171958152875196,3.949461355917793,8.308370465833352,1.0845559648816776,5.321106392289866,15.0,1.097143498513359,0.0266502889311041,1.4986814789157232,0.008310195989906788,0.15992795268309978,0.5545470763963064
335_left.jpg,335,0,50.0,1,4,0.1231931518742479,0.0322097492371508,1.4725231072152216,2.8547734738478727,6.52990058746774,1.0883610793607488,4.16330302245645,23.0,1.105940208169772,0.0218116460786255,1.4161956249018233,0.0044538648799061775,0.37867565754718274,0.47198317416046315
339_left.jpg,339,0,63.0,1,3,0.1327674073638913,0.0360753327752402,1.5112327750660524,2.796145888365982,6.633908561075518,1.0789801865866575,6.4131749132263165,22.0,1.0796294936614967,0.0225831876906206,1.4357172583579758,0.0015101380413398147,0.5463945108175571,0.46297160164142315
343_left.jpg,343,0,66.0,0,2,0.1174374892917972,0.0303709825342914,1.4611440518521912,2.9598612220641853,8.006286474917106,1.0793575802239883,6.147768158592262,25.0,1.0925358724260827,0.019299960694597,1.403126660017642,0.02507830783724785,0.6819587420567763,0.5474746796498166
345_left.jpg,345,1,64.0,1,2,0.0978978065170533,0.0284468112083174,1.430425366133086,2.530251090436071,5.798886173898815,1.0999430731075623,4.564473183720046,40.0,1.1230720045389386,0.0159655128692785,1.3786845216398194,0.2394026666879654,0.7064688103613921,0.40965416114161035
346_left.jpg,346,0,54.0,0,4,0.1241490840176879,0.0360277953253316,1.4951405976687675,2.5540349803739515,6.288273415052839,1.096570625861797,6.0644346178142765,31.0,1.1066457607206677,0.0203613392293114,1.4074568724861891,0.9352162480354309,0.8163343735090718,0.5350498895753363
347_left.jpg,347,0,67.0,1,2,0.0721263329116211,0.0173775528646304,1.354705662488339,3.102427748475628,6.377792684666455,1.0889694335801727,1.5814205675040665,26.0,1.0888511933855618,0.0121950117476956,1.3165201213621438,0.030874911695718765,0.4185740412156201,0.4079470772212572
349_left.jpg,349,0,72.0,0,1,2.0212739078804412e-05,2.0212739078804412e-05,0.0889366069883234,1.0,1.0,,0.0,0.0,,0.0,,0.006405040621757507,2.534567545641875e-05,0.5172808321384049
353_left.jpg,353,0,55.0,1,0,0.1311793508744448,0.0336740829825616,1.492228477917327,2.9427603489364462,6.199066080704268,1.0838184660572123,5.103665037873237,23.0,1.089039537724692,0.0227441547875915,1.4390709122318417,0.0038966599386185408,0.36407292305131395,0.4297175925803758
354_left.jpg,354,0,65.0,0,0,0.1147347264445364,0.0272242478108493,1.4438918175885025,3.267470783995257,7.477275758444671,1.084624791267056,4.140954035410207,12.0,1.0990334282662586,0.019528133237721,1.408555239912974,0.0006368448957800865,0.2592408323767961,0.5425467581043051
355_left.jpg,355,1,55.0,0,3,0.1000252550762703,0.0258056369330235,1.461255272273687,2.9388394053928675,6.417092595395429,1.0923843945181184,3.990302050712193,15.0,1.0986171969331997,0.0166026871401151,1.4094901242698572,0.00042198036680929363,0.29066725063381876,0.5275477136172481
356_left.jpg,356,0,54.0,1,2,0.0026922727226807,0.0011415640437633,0.8004376958394592,1.4705862067613704,3.0643821756817613,1.0853772525345262,0.0,4.0,1.1023408115127311,0.000343479446796,1.0353425928367477,0.041044291108846664,0.040360778603642795,0.4153599692395619
362_left.jpg,362,0,62.0,0,0,0.107586367172896,0.0284185637636788,1.435989930233912,2.827924945313945,6.8502734584597365,1.0828377468117965,4.395404528782321,27.0,1.0930426752227755,0.0169753554215041,1.3988027110476748,0.0005925817531533539,0.59799210720414,0.5438985998086648
373_left.jpg,373,0,60.0,1,4,0.0769200019987008,0.0172737720481686,1.3519493491786498,3.3881415281509915,6.995632099119573,1.0858450055560578,2.298505971118773,16.0,1.117727842298076,0.0129315944635986,1.3556629130891733,0.002769333543255925,0.12903224192884738,0.45027695311047644
374_left.jpg,374,1,44.0,0,0,0.0916592383807498,0.0260396695367239,1.40935719352827,2.6203098095271096,6.520672436544076,1.0883251851514246,3.88428805481826,41.0,1.0986387882115325,0.0136497866131498,1.3389851605803826,0.19222791492938995,0.8466721815040161,0.5519953905417821
376_left.jpg,376,0,58.0,1,0,0.0837300561242338,0.0221201474338499,1.387021729421687,2.7956978332356903,5.9081111189490345,1.084733653044556,3.244761484681177,20.0,1.0927932998871674,0.0149563224684522,1.378882969658045,0.0035209080670028925,0.23677329251515317,0.4283829976773552
384_left.jpg,384,0,59.0,0,3,0.1074155100720987,0.0278087943291077,1.4484401820093773,2.923167535828656,7.297254725093778,1.0899393659883143,4.395648812922197,24.0,1.098421874095207,0.016551891392107,1.3860863379503892,0.00859049055725336,0.6570476905684386,0.5271103779439077
385_left.jpg,385,0,58.0,0,3,0.1089663525226145,0.03279588206351,1.4749762067038297,2.4273839025032307,6.052982030321673,1.0769405461475383,6.1977215094053975,27.0,1.086800494610673,0.0182761818250633,1.4095960694624317,0.3271808922290802,0.6610770034075869,0.5272197157890441
390_left.jpg,390,0,59.0,1,1,0.1051344866521493,0.0280718203080893,1.435707559864586,2.820431773351042,6.282666514319391,1.076918579102241,3.528510363739011,27.0,1.090130326973512,0.019265666586015,1.392010843287358,0.003970432560890913,0.3563072675960887,0.446026087699713
391_left.jpg,391,0,56.0,0,2,0.0990253352301964,0.0278929684898749,1.46191981305325,2.653889443461274,5.975526070506152,1.0809069380314578,4.843054756787844,16.0,1.0876408422131247,0.0180201995742147,1.4067645303027054,0.012817279435694218,0.2555130612076604,0.5533009457094274
394_left.jpg,394,0,63.0,0,1,0.1100007986263626,0.0285309268058938,1.4412752537391953,2.902100861734134,6.409432699101521,1.0814638472856628,4.1428742562792,25.0,1.0873505644796555,0.0188176336700874,1.3940288318466123,0.0021708181593567133,0.40833256223203507,0.5277687178524473
396_left.jpg,396,0,55.0,0,4,0.1485989001277629,0.0321730304055589,1.5023987757283896,3.701411065057025,9.601296363863488,1.0802477748917647,8.180867878983754,19.0,1.1024082626583651,0.0242749579594289,1.4706769943439428,0.0006528180674649775,0.6294933785528973,0.5328757970826702
400_left.jpg,400,0,64.0,0,2,0.1044257267155438,0.0282248081208219,1.4384695782600456,2.7739480325649315,5.681620849004315,1.079322722053062,3.991693235848437,19.0,1.0840660206514474,0.0195845607368968,1.4020192485296687,0.010483856312930584,0.1896273710677138,0.5486410262743465
405_left.jpg,405,0,61.0,0,0,0.1189971323559109,0.0304636697766468,1.468992164597869,2.9305833944078725,6.630521939861593,1.083181960967827,4.947695787390444,26.0,1.088680785030987,0.0199371945555151,1.4181317483297058,0.00036533045931719244,0.5126638886557627,0.5443490710185849
416_left.jpg,416,0,60.0,1,0,0.1300815472761997,0.0347763260274249,1.4940983571192126,2.7786148801393136,5.907059205106825,1.1014525792944996,6.770343872838796,19.0,1.1313483665045143,0.0231505340487666,1.4356270560470157,0.04353351145982742,0.3430293930496312,0.4274938449530914
423_left.jpg,423,0,70.0,1,4,0.0845174592078134,0.0247969889008779,1.388864140638168,2.491492639484245,6.305318470513535,1.0931752229248737,3.4953876080910624,29.0,1.108728905248607,0.0117880680638085,1.333974035956145,0.0026310146786272526,0.7667010711087139,0.4287583876917172
425_left.jpg,425,0,81.0,1,0,0.0693462290826935,0.020560889314116,1.3811883101443192,2.489022610558624,6.0053478190664125,1.0745040069434617,3.5523305656731194,39.0,1.074709952878257,0.0112632561135609,1.293681302313897,0.00041030059219338,0.7607388468377541,0.4181870522226761
426_left.jpg,426,0,56.0,0,2,0.1388888888888889,0.0331210191082802,1.5029871539701978,3.244060915262984,7.633869595788461,1.0887875956144035,5.7628146800121325,18.0,1.0998297416857044,0.0227530077848549,1.4478805201568543,0.0016340758884325624,0.52370148966925,0.5533009457094274
429_left.jpg,429,0,54.0,1,2,0.1318252611393233,0.0342639143249948,1.4950953989226514,2.864040939783071,6.209483698732826,1.0814587989085431,5.935561113450388,21.0,1.086774577332063,0.0219108448281984,1.4337647843163777,0.002056403551250696,0.43776743699372417,0.4153599692395619
432_left.jpg,432,0,42.0,0,3,0.1097195362308112,0.0251686391353832,1.44981339646451,3.396184184284698,7.059767440100102,1.0743703783971936,3.9788657456672,14.0,1.0795093873036703,0.0201071517798484,1.4212679242702273,0.000660945544950664,0.14519920416557308,0.5289687591399841
434_left.jpg,434,0,70.0,1,0,0.0822135106189504,0.0233293592256552,1.386286534604666,2.6890186078378373,6.803257581943124,1.0834437323521011,3.536282255946006,27.0,1.08367466286646,0.0123820397276052,1.3335086095942317,0.0041777207516133785,0.6780071835471252,0.423055213692908
436_left.jpg,436,0,64.0,0,1,0.0511061856512502,0.0136051642425232,1.264601476277282,2.7120477134370176,6.2140896510305,1.0894485162084435,1.1235495996077791,27.0,1.095027928813394,0.0083653374734433,1.2597141303992705,0.008601556532084942,0.4008198585143144,0.5266044370500759
437_left.jpg,437,0,53.0,1,4,0.0679581299665201,0.0205316445484248,1.3342631445060054,2.3143702060251945,5.332263308228263,1.0826698688104917,2.6219192448872577,20.0,1.0910902335502737,0.010139768464362,1.226682799418317,0.007780929561704397,0.606452269624085,0.46545639331195343
439_left.jpg,439,0,79.0,0,4,0.0238541751601301,0.0073927105699453,1.2224709678952532,2.3219763653597494,5.345174492139961,1.0960502464795314,0.634178602813941,24.0,1.104510436454137,0.0039817356562389,1.2053817975498278,0.06427115201950073,0.41886835596568955,0.48051300780404294
440_left.jpg,440,0,51.0,1,3,0.0972134444125251,0.0293384868506959,1.4206229808633717,2.413583002886267,5.598234774834941,1.380635753715852,3.8129064270977513,15.0,1.1402410909874583,0.0182392729361991,1.3579193366327291,0.012486718595027924,0.5997498606415491,0.4642805750842723
457_left.jpg,457,0,64.0,1,2,0.1184948483792966,0.0316517999121624,1.466269231276483,2.824694122446446,7.304884311179134,1.07929057377347,5.55294735301096,14.0,1.082460246006531,0.0199855623368821,1.3988269329627483,0.12166356295347214,0.4846060732500447,0.40965416114161035
461_left.jpg,461,0,62.0,1,3,0.1354230158175041,0.0330988519069934,1.499117906102197,3.1602029632430244,6.761461107504521,1.0782549112600075,5.5955794922011615,21.0,1.0874900181499334,0.0244257036940816,1.453802896920641,0.1173207238316536,0.29585993520239023,0.4630806635223706
467_left.jpg,467,0,70.0,1,4,0.0260772803509224,0.0077946931578721,1.1524644755700486,2.4407458232107,6.257351628570294,1.0743343900225768,0.7525910635186858,26.0,1.0840144477527842,0.0038758439771212,1.177385867131171,0.00824783369898796,0.3677754410884249,0.4287583876917172
468_left.jpg,468,0,60.0,1,0,0.1381343566988467,0.033399292438688,1.5107931002356707,3.138966188387793,6.615159270219477,1.0811139025683345,5.346685055265735,19.0,1.0844244586587806,0.0238152345545761,1.4593276403741646,0.005307397339493036,0.3003692462100336,0.4274938449530914
476_left.jpg,476,0,61.0,1,1,0.1040983524862208,0.0275283306589058,1.4368318620382772,2.8694065976942587,6.797555983420323,1.094786855282954,4.136226366200552,20.0,1.1118735907354946,0.018164512174459,1.395390320754027,0.0032054989133030176,0.47882843387884844,0.4437190149792415
488_left.jpg,488,0,54.0,0,2,0.1036028758381129,0.0296015429356167,1.4605334497894968,2.589892784950297,5.762372417600743,1.083508938783987,4.443008320542855,28.0,1.0949850318394765,0.0184132401647952,1.383177133256533,0.004931007977575064,0.4433405417430663,0.5544644962375241
496_left.jpg,496,0,66.0,1,2,0.0967585510463221,0.0282102042652749,1.430578768119489,2.51967198308728,5.8024024503167855,1.087438711596321,3.5993881040223163,31.0,1.0925650987186712,0.0159422898107321,1.3486595784175923,0.0014342354843392968,0.6325926500823844,0.408515860589784
499_left.jpg,499,1,62.0,1,1,0.0960041357499087,0.0256051575234156,1.415439611033514,2.770533026170826,7.212626243144027,1.0778405625517324,3.750557515306329,27.0,1.094516052527272,0.0136439200421684,1.335806321875082,0.8633137345314026,0.7203750342100599,0.4425663818296201
509_left.jpg,509,0,43.0,1,1,0.1188060787325196,0.027215867755234,1.4589646067771231,3.333769996370508,6.3031691828886425,1.0716143178446207,3.4354538840837443,24.0,1.0739051985331756,0.0217393500929593,1.429948502028522,0.0013634481001645327,0.14859968018067693,0.4645582388033126
511_left.jpg,511,0,68.0,1,2,0.0248405404048013,0.0055145397016724,1.209522659260678,3.404815549977716,6.826246017726223,1.0813275242821505,0.8537994073627643,13.0,1.0608785257368962,0.0034202199789061,1.2678938557394082,0.13087505102157593,0.21687142339567791,0.40737854034809023
513_left.jpg,513,0,55.0,1,3,0.0859614098380591,0.0210837268692109,1.3850962239392994,3.039326903144893,6.845752203457053,1.075514840039933,2.5334927744786078,31.0,1.075543212823129,0.0135643203145584,1.3883181487217042,0.052547406405210495,0.5118063545206734,0.46384419502000407
515_left.jpg,515,0,54.0,1,3,0.0226064031273201,0.0071566740910215,1.1333589998714668,2.398035388538872,6.455446968206622,1.0859656065280527,0.707081420425562,28.0,1.102773171107906,0.0035101541942554,1.1453029626605615,0.0007786174537613988,0.512029971784022,0.4639532848716164
521_left.jpg,521,0,73.0,1,3,0.087381234406109,0.0191083444643262,1.392383660837111,3.5256496644285718,8.80713723878939,1.085552953626444,3.729932709997732,19.0,1.0994416735255943,0.0145215353209506,1.4271746836951544,0.0006417349795810878,0.4003675703713811,0.461881179387454
522_left.jpg,522,0,62.0,1,1,0.0554010035204143,0.0165702261967385,1.3185035117501993,2.475208713246721,5.992387861330608,1.0791308291998067,2.7313559664953666,20.0,1.1128318861777982,0.0095445716829199,1.2869524972288524,0.0019404866034165025,0.39601513697239354,0.4425663818296201
523_left.jpg,523,0,61.0,1,3,0.1224963980600255,0.0304237098967105,1.4694595516168716,3.030702810947947,6.716320018342181,1.0845473997071198,4.667302502079994,26.0,1.091347528842877,0.019917206112137,1.4141682501105346,0.00032714111148379743,0.5380488288215797,0.46318972893578597
524_left.jpg,524,0,44.0,0,0,0.0742396369602654,0.0191282888046175,1.3737540090446847,2.866619919305582,7.219284523672714,1.0981060989850489,1.853165975872683,29.0,1.1118453815613778,0.0122986941959745,1.355175113716629,0.008201327174901962,0.591374770693787,0.5519953905417821
529_left.jpg,529,0,63.0,0,2,0.0930561334730361,0.0256879446135027,1.412455775273794,2.7632185976752144,6.366224209801841,1.070066690546701,4.461801464874593,29.0,1.0736521910482713,0.0151651117205007,1.374075675990448,0.008263626135885715,0.5177153020216924,0.5492240000581153
530_left.jpg,530,0,50.0,0,1,0.1228579081155655,0.033667038948044,1.4789482207360745,2.749723732142296,6.612009549428749,1.0822735564968975,5.609488626888149,22.0,1.0938261478339404,0.0189459214974807,1.397233683345989,0.013347440399229527,0.6246764724679472,0.5428723247515318
536_left.jpg,536,0,50.0,0,1,0.1371913938940709,0.0342586884682627,1.5029871933584793,3.062524327780723,7.331954821840005,1.0851419147322572,6.215071801764474,26.0,1.0946569313415129,0.0229401837235859,1.4435858048218344,0.03305511176586151,0.5869370891602028,0.5428723247515318
540_left.jpg,540,0,82.0,0,3,0.1130995234666941,0.0325394376613136,1.4687211466386922,2.546252186394977,5.62737008639902,1.1024604344625506,6.024007875288344,15.0,1.1309796324043797,0.019732298967103,1.3912710704850213,0.0003172718279529363,0.3426747402313545,0.5245949108839573
544_left.jpg,544,0,57.0,0,2,0.0786020819120139,0.024428354497238,1.4066578069623714,2.289938873549999,5.091171776309503,1.0876431033804923,2.5528730825942474,40.0,1.102617565787672,0.0134289927155087,1.3166026698780362,0.04090313985943794,0.6415701368595152,0.5527189505834421
554_left.jpg,554,0,33.0,0,2,0.091099080450619,0.0219537438796226,1.3958961822460505,3.1582558405437187,6.645421372379064,1.0787620927232466,3.980733251064846,23.0,1.0876363090693657,0.0165399466581744,1.3829272775482644,0.0034184434916824102,0.2584693719017869,0.5666433884101691
559_left.jpg,559,0,48.0,0,1,0.1370966925498851,0.0329074582139566,1.4936421175739238,3.215881550045999,7.330929102398846,1.0812759947106267,6.074288548953704,22.0,1.0877237458277749,0.022687467730342,1.4354640607041578,0.0023270936217159033,0.4490863851457741,0.5451896764286238
561_left.jpg,561,1,59.0,1,2,0.117408591252826,0.0346632104155297,1.484900639909518,2.518163016047988,6.885459168692519,1.090322643685657,5.700865362126764,32.0,1.1069326460909952,0.0183694550557417,1.4130950446137696,0.9263458251953125,0.8013361762917205,0.412504126672809
570_left.jpg,570,0,65.0,1,1,0.1261704202648826,0.032516586743743,1.4848494023658263,2.873710826203233,5.944563670873613,1.080259177377087,4.850959327737886,14.0,1.0813495044219312,0.0229511013193598,1.4354399607296615,0.012839344330132008,0.1825543918856946,0.43911224017470796
571_left.jpg,571,1,52.0,1,0,0.1013132263893572,0.0251672362851145,1.4245030965848888,3.0520914274372686,7.290887838855731,1.090894291483837,3.1207372993542086,31.0,1.099930049449639,0.0158704592013932,1.3982126662584902,0.017215987667441368,0.6450954936888624,0.4310532099167913
573_left.jpg,573,0,53.0,1,4,0.0909722152840914,0.0226094254228651,1.4338284835925024,3.091754718855011,6.486798768523131,1.0805560711168394,3.546772437082255,19.0,1.077250763171896,0.0166548440918763,1.4177091410757896,0.0033436757512390614,0.22225842614620844,0.46545639331195343
575_left.jpg,575,0,65.0,0,0,0.1444771804991939,0.0377907711278104,1.517236835970084,2.894367055679359,6.984801994660523,1.0810710443836071,6.822351032701802,22.0,1.085443911499126,0.0241157475022614,1.4470709666656378,0.000494857900775969,0.5938033048210883,0.5425467581043051
580_left.jpg,580,0,64.0,1,4,0.1197508870158839,0.0318527279169224,1.4712578063520518,2.801706640018814,6.36078345448538,1.0787007388653818,6.138000209590251,19.0,1.0891853922422503,0.0212883812147252,1.4168159208476812,0.018407613039016724,0.4227807303524659,0.44164254306001766
588_left.jpg,588,0,65.0,1,1,0.0999947524341549,0.0283988722503947,1.4487794949069572,2.6041518432504893,5.8928233923162106,1.08270512679246,3.530180659380501,31.0,1.0889501816373834,0.0167063414447979,1.384323148499432,0.4979005753993988,0.5888993498346733,0.43911224017470796
589_left.jpg,589,0,67.0,0,2,0.0721977916563587,0.0208010420716222,1.3474531214598344,2.6076634476815843,6.6034352135026335,1.0752329617068133,2.3729344110831185,36.0,1.0853371666655505,0.0113244508171477,1.2930867817542684,0.003997887019068003,0.707968188781336,0.5468913099522232
591_left.jpg,591,0,62.0,0,3,0.0984471066112337,0.0256436036778789,1.4209592822522803,2.85695150588156,6.089797493261996,1.092319243289211,3.1671182742724424,20.0,1.0960339863728843,0.0153429285286976,1.3769471271868745,0.0004525157855823636,0.374038512087846,0.5267823488472521
599_left.jpg,599,0,65.0,0,0,0.1160622704144792,0.0304581352223979,1.463267400559259,2.864149825242269,6.027438908307168,1.075054238679637,4.345387573202096,22.0,1.0785213815586532,0.0205294298952559,1.419142976448618,0.004214675165712833,0.29139235774228156,0.5425467581043051
606_left.jpg,606,0,54.0,0,1,0.0790096014022649,0.0231980846157235,1.3940921092104348,2.5147317046729984,5.679198993401182,1.085328738321586,3.3783618372412985,20.0,1.095172644309042,0.0135379282318437,1.326060052567531,0.001416986109688878,0.41709377934699965,0.5382321495884841
610_left.jpg,610,0,59.0,1,4,0.1140693624110252,0.0250946539451764,1.472650635963946,3.5057665580055546,6.850320308905079,1.079147364371125,3.281336766116412,17.0,1.0853593032527182,0.0206825180473522,1.4493809812488958,0.004365100059658289,0.11377364390773992,0.452440452319039
617_left.jpg,617,0,62.0,0,4,0.1330198731824328,0.0356847623006828,1.5185994156994571,2.761801446873703,6.122045125895683,1.0924847252899046,5.638460031441582,24.0,1.104643118690379,0.0223197006837827,1.4445810804794512,0.14874155819416046,0.5770909778013538,0.5176267747770391
620_left.jpg,620,0,55.0,0,0,0.0679914187886853,0.0164899435970051,1.3428999649851234,3.03242722127897,6.628087237314162,1.0817701985077437,1.704876420138379,31.0,1.100587426784367,0.0108827944818833,1.3369381622762124,0.008179952390491962,0.41771588340142857,0.5470503492598359
633_left.jpg,633,0,38.0,0,0,0.1289867514094512,0.0333047175826217,1.482058731946623,2.98503517620219,5.981999669815478,1.0818911701849312,5.823556285173527,17.0,1.0905574318837767,0.0212559804408833,1.4329311227827035,0.000497830449603498,0.28051309577010597,0.5546884214856912
641_left.jpg,641,0,47.0,0,2,0.127235556901643,0.0361374018828399,1.4953685452095742,2.6500445974155187,6.064090399210807,1.0869625805472218,5.552610989121931,23.0,1.0850569336109286,0.0202215996567476,1.408839837205514,0.004245977848768234,0.6368145900153108,0.5585321428282785
643_left.jpg,643,0,73.0,1,1,0.0749875247614583,0.0220017843371489,1.3463602819413514,2.55729562228317,6.39822823595171,1.0775520820468862,3.629160303034885,33.0,1.0970070009141082,0.0126314940547297,1.2873771993565672,0.019434049725532532,0.6163516535799152,0.42993086197909647
649_left.jpg,649,0,62.0,0,3,0.1395172424256216,0.0354760568223769,1.5031127135227271,3.0298415533694314,6.552309919404536,1.0792049995034656,5.866318733279727,13.0,1.0805406413951273,0.023950763380011,1.446684229219258,0.0017013757023960352,0.2704408755242276,0.5267823488472521
650_left.jpg,650,0,59.0,0,1,0.0388715869126621,0.0096801622081234,1.2607917774511617,2.8881965972102184,5.569706899085702,1.0819190248718449,1.0062538677883044,18.0,1.084486842007056,0.0064551185618619,1.249284317021346,0.010500915348529816,0.1765264845998012,0.5324226954959468
658_left.jpg,658,0,64.0,0,2,0.1281219860986397,0.0313944594100236,1.3977169718501337,3.223026257781244,8.4950363712898,1.089056440327297,4.90538428281619,22.0,1.091610947442765,0.0203698160896604,1.3623267879380296,0.0009152574348263443,0.7423741692223009,0.5486410262743465
662_left.jpg,662,0,70.0,0,4,0.0752760577784753,0.0176545341319305,1.374181546284444,3.273364078266381,7.163604279305746,1.072940557958361,2.480849361814159,18.0,1.0813241707364756,0.0123586801881395,1.341337353895344,0.011634298600256443,0.2469016163821325,0.5001606940517636
671_left.jpg,671,0,65.0,0,2,0.0955918545469307,0.0290307357396215,1.4260953425922716,2.375696569723399,5.379018526269415,1.0832639048490769,3.755068073294869,28.0,1.0874514365478596,0.0153348861047258,1.3473874701754365,0.00888572633266449,0.5875290068771485,0.5480579189479594
675_left.jpg,675,1,56.0,0,1,0.0936942725575375,0.0271449390752096,1.4411690699938589,2.5062549144152237,5.816775011781903,1.1012905050414632,4.469835593859563,32.0,1.1234633984596831,0.0158027312557909,1.3860817883486345,0.06600317358970642,0.7383458086364079,0.5359095245750178
683_left.jpg,683,0,46.0,1,4,0.1322755537411443,0.0358257700598921,1.4949934984753888,2.774770181078495,6.34492972587566,1.0920049334315232,5.376852649344571,17.0,1.1074563376199351,0.0223288741965837,1.4348230909119386,0.0016195456264540553,0.44467117774415077,0.4807000847426675
686_left.jpg,686,1,37.0,0,1,0.0782034906322416,0.0221988862692037,1.3599985123896203,2.648680018409536,5.754701438964184,1.0858399712365032,3.0796726459436674,38.0,1.0882849719892451,0.0135455109984702,1.3081757268516294,0.3332633972167969,0.577348979554509,0.5578975214343485
695_left.jpg,695,0,52.0,1,4,0.1423102904751182,0.039338466034581,1.534562430119796,2.6849518026262813,6.524130408930536,1.084563016826502,6.994782658688143,30.0,1.092276070732157,0.0239786898676261,1.4511576654668104,0.27290087938308716,0.7614225795211883,0.46763078410486913
701_left.jpg,701,0,60.0,0,1,0.1158037802961787,0.030896165641847,1.463499336482064,2.8077987243468123,6.373638053398841,1.077137538263916,3.991491554711223,19.0,1.0810708322145752,0.0203717644918932,1.4074016520816104,0.0025702801067382097,0.3121054304550583,0.5312596980425266
702_left.jpg,702,0,65.0,1,0,0.1187011106238462,0.0332881196903715,1.4754470216418192,2.674799456053292,6.462255719030267,1.0896061902577423,6.017153988149266,19.0,1.092925223921796,0.0198668067269741,1.400641299343359,2.4757731807767414e-05,0.5512663783227123,0.4252730234583533
710_left.jpg,710,0,56.0,1,4,0.0089254291635709,0.0025515191803855,1.04792647574487,2.3947814389680624,4.767248972718828,1.085116038047656,0.048879677785164,15.0,1.0793928235952024,0.0014566143979978,1.0686634292435924,0.06825917214155197,0.16482875906028868,0.45894141967186924
716_left.jpg,716,0,49.0,1,3,0.0834732467246504,0.0254458879224925,1.3738811681785033,2.3768751540212425,5.535246806717095,1.0817565170055947,4.541451062424309,12.0,1.1020454335977363,0.014477595508092,1.3602365051912302,0.003441361477598548,0.23549091487491117,0.4644987856708867
723_left.jpg,723,1,53.0,1,3,0.1195344915148669,0.0308646115811765,1.4842343511286171,2.900998114238135,6.740577068077937,1.0764433322690037,5.078622830805202,22.0,1.080835990444392,0.0194137544437949,1.4288584991423203,0.9797918200492859,0.5144139277380135,0.464062378173087
724_left.jpg,724,0,60.0,0,2,0.1186151210910064,0.0306908730780308,1.4663875311750183,2.90300201721716,6.381858090232188,1.0872309714417752,4.951770763330622,22.0,1.0992481850030578,0.0211056596718693,1.4108779388756936,0.021400226280093193,0.3545956151100922,0.5509721044670804
732_left.jpg,732,0,54.0,0,1,0.1192495995877142,0.0294157770019351,1.4626426499271707,3.079282674369035,6.602837831182932,1.0823984406363414,5.103046164883969,16.0,1.0881014892941745,0.0211195375932821,1.4342325226490904,0.02018590457737446,0.24914188893640116,0.5382321495884841
734_left.jpg,734,0,74.0,0,3,0.1145965502305791,0.0301612779943438,1.454620230285231,2.8618273942889703,6.207120238848867,1.08066635602293,4.891844378200719,26.0,1.0861917664290346,0.0201024229916685,1.4068759729820883,0.0005734149017371237,0.4241340452744648,0.5254700040485383
736_left.jpg,736,0,29.0,0,4,0.1467197141929198,0.037101128613186,1.516071435108873,2.9985647779825717,6.376052738842493,1.0784237500011362,7.459808379343943,23.0,1.0827997152500035,0.0256627557648587,1.4598502470057069,0.0013973615132272243,0.4721077289377847,0.5887613545232188
737_left.jpg,737,0,41.0,0,2,0.1122314972753483,0.0267232226868134,1.4418975731820691,3.1958318233498653,6.28661808505787,1.091033367427308,3.622805561006536,15.0,1.099138558066994,0.0196436568196798,1.401192509061275,0.0002185985940741375,0.22879183745370246,0.5620124769340171
740_left.jpg,740,0,56.0,0,3,0.1271928938113909,0.0355208375439589,1.4918699830077278,2.703106084427638,6.120380386712451,1.085782984349742,6.113828368163628,23.0,1.0965397257235645,0.0213983992885727,1.4331761730318415,0.0020787003450095654,0.5146469923610796,0.5274383836361386
756_left.jpg,756,0,65.0,1,4,0.0746294989414255,0.0171993144470208,1.341099068734381,3.263532325459899,5.594143740107709,1.0799542868928749,2.117148906139732,23.0,1.0761675562126136,0.0140084685956245,1.346566131589696,0.008360295556485653,0.10171761066351628,0.4394892346927792
758_left.jpg,758,0,51.0,1,2,0.1277546279787678,0.0279971065581286,1.467467408965209,3.573864656991447,7.677670274769127,1.0843469522995202,4.07527024135788,20.0,1.09121345563664,0.0216702495084205,1.443845725290726,0.004685499239712954,0.3597864890966059,0.41707622081819135
759_left.jpg,759,1,58.0,1,2,0.1336794569406891,0.0345068937084124,1.5079577046638504,2.9285646282881634,7.018115284169287,1.0831738609412358,5.656867821051218,22.0,1.0974594410843197,0.0226514410631076,1.4520365744749748,0.5205588936805725,0.4809616264409402,0.4130748307705809
766_left.jpg,766,0,64.0,0,1,0.0556007457219508,0.0181125555123301,1.3213422321782264,2.24271500730716,5.527747509210842,1.0876205165391677,2.9303437091078117,29.0,1.08023634281583,0.0088061880775429,1.255643793329037,0.00275718723423779,0.6096380301128063,0.5266044370500759
770_left.jpg,770,0,53.0,0,1,0.1272592525371689,0.0336222151640274,1.4912495011360845,2.885378172155098,6.692254924170668,1.0896976849059188,5.0415677259000455,20.0,1.0975274810186866,0.0230802970491704,1.4489098494280988,0.0037211498711258173,0.39339749963464676,0.5393928463794297
777_left.jpg,777,1,68.0,1,1,0.1199649204627254,0.0343749049506757,1.4816408686157336,2.514828966814826,6.0910407669358815,1.092687951606446,4.258209726967648,33.0,1.1011768219490043,0.0196232498251092,1.4161078276490937,0.005502383224666119,0.735022092666616,0.4356639876031127
781_left.jpg,781,0,65.0,1,4,0.0913919857812247,0.021297867183713,1.3957883689490551,3.266995322879461,6.441067618684059,1.0875417511270382,3.3325254483761517,14.0,1.086346753488223,0.0168645984811762,1.411035343075834,0.00375503022223711,0.1154186399567904,0.4394892346927792
785_left.jpg,785,0,76.0,1,0,0.0638541518879588,0.0147043920630738,1.3400351589159083,3.3812859885635724,7.78266252958227,1.0790140898924796,2.2801434970307466,12.0,1.0766097299048945,0.0120340906787733,1.3482309636463763,0.030248025432229042,0.22824083426756928,0.4203979372669321
789_left.jpg,789,0,65.0,1,1,0.115008243500317,0.0312086239695624,1.468121655453512,2.761826367502726,6.9177735598783405,1.082003766041355,4.717818642993024,42.0,1.0892909074439403,0.0185263157894736,1.398353606436614,0.0006846184842288494,0.8200271083057211,0.43911224017470796
790_left.jpg,790,1,61.0,0,4,0.0953503824306703,0.0234554147287015,1.4221752883785843,3.0628185981147675,6.567415840450781,1.0828845036539991,3.0974136595942388,18.0,1.0964732688553214,0.017330529008278,1.3925329320006197,0.019611669704318047,0.20004230484120178,0.5198078840481443
800_left.jpg,800,0,62.0,0,1,0.0915009864926392,0.0220266100065766,1.3965544791654527,3.111386818897114,7.282083307739684,1.0960156253334887,3.4906662619517377,19.0,1.1088873650004734,0.0155258764607679,1.3624533383847777,0.1011197566986084,0.4438988863926296,0.5289326966664348
803_left.jpg,803,0,59.0,0,1,0.128623536187368,0.0338432470117509,1.486115395362518,2.892254179531299,6.8029025554552165,1.0855934687174544,5.355104020369604,19.0,1.0970968934328396,0.0199957563326631,1.414107344265536,0.12042031437158585,0.5534607868342969,0.5324226954959468
804_left.jpg,804,0,62.0,1,2,0.0924954968967472,0.0266924894760344,1.4200786963401533,2.524021805060948,6.361821568587574,1.083344915477212,2.910083439116539,29.0,1.0952222075269986,0.0136623400081281,1.382906119059914,0.0041761137545108795,0.6712373018876139,0.4107934306352285
810_left.jpg,810,0,57.0,1,2,0.1382200910519481,0.0364814131747419,1.5102317742163345,2.891543443190412,6.711706332116168,1.0803187154854748,6.214977590710882,21.0,1.098158722495253,0.0233592206519157,1.446866229269974,0.023820701986551285,0.4457377489563379,0.4136457685172957
816_left.jpg,816,1,64.0,0,2,0.0388627225211584,0.0122032484575946,1.2982205105590154,2.3029931934806576,5.752892259433583,1.091497101676037,1.2239513683322982,26.0,1.0979605842936673,0.0059882953983961,1.2737649775468225,0.055775947868824005,0.511017617133526,0.5486410262743465
822_left.jpg,822,0,59.0,0,3,0.0844591020528317,0.0195853859351354,1.3891790648823654,3.3085854505610537,7.103593558005925,1.07966628853972,2.0238538777500263,28.0,1.0768089998581871,0.0142497711665217,1.371365676269983,0.0010858068708330393,0.36494739239989127,0.5271103779439077
826_left.jpg,826,1,60.0,1,1,0.1230109485398611,0.0305838554072176,1.47609500722637,3.083208224409668,7.325865447681538,1.1009048993833823,5.15402013570585,21.0,1.115093429131873,0.0206210844458677,1.4599726778729687,0.0088075902312994,0.5702099228550688,0.444872254306597
827_left.jpg,827,0,49.0,1,3,0.1414777135959996,0.0344299457864014,1.5048191758138283,3.162157339866793,6.569320170817666,1.0756169824564472,5.933574395358626,24.0,1.0782579116179278,0.0248702981494347,1.4606769382862852,0.0002720015763770789,0.37085443042523875,0.4644987856708867
828_left.jpg,828,0,63.0,1,2,0.0446464874079662,0.01451476214503,1.2447883306506533,2.2547634207349376,5.494296411315178,1.0881959747485526,0.9797341981120522,36.0,1.1045261225031624,0.0065250297594262,1.2236544756408334,0.010436281561851501,0.6409345325353827,0.410223675482818
832_left.jpg,832,0,61.0,0,3,0.1318043052074087,0.0350541808499224,1.5070439444721755,2.8267885914558644,6.84358492659327,1.0937136477188092,5.559511153159655,22.0,1.098380993399822,0.0217064773181698,1.4482828128872185,0.17860405147075653,0.5590001113427708,0.5268916944625843
834_left.jpg,834,0,47.0,1,2,0.0616719140267189,0.0149061731979197,1.3185158403925232,3.1732217960590563,7.376755624633346,1.083806991004412,1.9020637391569848,26.0,1.1004435313128884,0.0095553675738175,1.30250351551885,0.0031167531851679087,0.5112021578720903,0.4193676786863463
835_left.jpg,835,0,58.0,1,2,0.0684421446203741,0.0180336504198556,1.3333116357917811,2.811617043100732,6.336558806755154,1.0824990022438796,2.014067486753633,30.0,1.0977853617768176,0.0114491990208533,1.328985464780151,0.0002728196850512177,0.43144006984214184,0.4130748307705809
849_left.jpg,849,1,60.0,1,0,0.0983322601095187,0.0291317868926925,1.4354248597132095,2.4730575879017183,6.229798148723471,1.0968265886097768,4.442647418522346,44.0,1.1110163027666835,0.0146307860490887,1.3505058200943545,0.9977516531944275,0.893965606628226,0.4274938449530914
854_left.jpg,854,0,74.0,0,3,0.0828983010388882,0.0215042603759094,1.3728653721647257,2.895077613133176,7.092363359448456,1.0852015793991103,2.9578736520917874,24.0,1.091657229034512,0.0132014571419675,1.319870615075091,0.0030586235225200653,0.532568473978407,0.5254700040485383
859_left.jpg,859,0,61.0,0,0,0.0744888550043014,0.017092255940821,1.3648703339549977,3.31337870741681,6.979253228428173,1.0833638890918014,2.16357670136975,15.0,1.0898822701981568,0.0134038728022954,1.3490832201969811,0.0480693019926548,0.18761457611920296,0.5443490710185849
861_left.jpg,861,1,55.0,0,2,0.0727804464109829,0.0177948166219649,1.38998040129916,3.10279469173599,6.5352983660269794,1.0921504694691408,2.6265411988140155,39.0,1.13213449848625,0.0119911707807393,1.3585750210619627,0.9971518516540527,0.5238868537314484,0.5538827947798316
866_left.jpg,866,0,51.0,0,3,0.1369023119069891,0.0301643725778431,1.4677613767527022,3.5870553957808937,7.819502365410871,1.0801354158369012,4.703995723640252,15.0,1.0883151117327083,0.02390485099559,1.4363829750258588,0.0042554354295134544,0.2304137753031244,0.5279850070155824
869_left.jpg,869,0,40.0,0,3,0.1111344936790075,0.0287485820753796,1.4426842876158137,2.9588075106431027,6.620001102108815,1.0787699361731078,5.338069158792159,23.0,1.0819304262735858,0.0190887300014885,1.3999069188859288,0.0026993821375072002,0.4514255173220625,0.529187340436906
877_left.jpg,877,0,75.0,1,4,0.012569135235509,0.0030549288181618,1.0386537854926197,3.073006346269022,6.039979017477237,1.076646797260242,0.4492542379649781,5.0,1.0678412326288227,0.002071561208394,1.1529928264198883,0.013335101306438446,0.037375191936646804,0.4180941134529504
885_left.jpg,885,0,54.0,0,0,0.0236741524752923,0.0071330031435873,1.1526068842363288,2.573274012154985,6.892105575263137,1.0706214600270272,0.7237035529321302,17.0,1.0692678256528447,0.0030757400999615,1.169022100898484,0.007560350000858307,0.3645054764337744,0.5475002973750372
892_left.jpg,892,0,68.0,0,3,0.0895083408715339,0.0232665086592447,1.4071878538838123,2.8247004675332144,6.413487153745336,1.0843535699330702,3.486944173518428,25.0,1.0893380738571434,0.0151960016373477,1.3608851185007358,0.277415931224823,0.43813251074161647,0.5261262215669399
894_left.jpg,894,0,54.0,0,1,0.1308662937303235,0.0335491108651819,1.4922935079325328,2.853093362066968,6.533268821007996,1.0870670779069336,5.053337982404277,23.0,1.1005560192204735,0.02269959421696,1.4340767001964945,0.01323170866817236,0.44146386496007145,0.5382321495884841
896_left.jpg,896,0,57.0,1,1,0.0960791838402767,0.0213758491280706,1.4364148092401074,3.510823663344772,7.509823463345936,1.0752847771628546,3.68806909647291,16.0,1.0930400062700285,0.0156344226427507,1.4161051678548466,0.019126031547784805,0.294339495234129,0.4483354881085865
900_left.jpg,900,0,64.0,0,2,0.1352303866440688,0.0411591402277731,1.457483828420438,2.431568077112669,5.982091777680566,1.0969698280100586,6.652622241933695,21.0,1.1148220230979389,0.0244246273739565,1.3957598543499663,0.0021521449089050293,0.44198284251251796,0.5486410262743465
901_left.jpg,901,0,57.0,0,3,0.0998537959922901,0.0253099879090803,1.419570431636613,2.857152191356215,6.515008723980367,1.0830343201565404,4.300117873819365,30.0,1.0890128334034728,0.0157333724559743,1.3550949569616126,0.0031199150253087282,0.6633108728017386,0.5273290510232628
903_left.jpg,903,0,72.0,0,0,0.0793917974014086,0.0244145541457957,1.4044694589230955,2.285205355559648,5.108601801546603,1.094421975438168,3.10203666505632,32.0,1.1057275136744915,0.0141066388669938,1.3182176151971476,0.0031392883975058794,0.5379458280045852,0.5393900570000055
915_left.jpg,915,0,50.0,0,0,0.0984818094856049,0.0258020386542002,1.4198409404396364,2.8989955261757627,6.488596036809813,1.0835110569189732,3.857191347548369,26.0,1.0910062700526568,0.0162670616430606,1.3728871719581102,0.0030902030412107706,0.4807783776972225,0.549299306422937
917_left.jpg,917,0,60.0,0,2,0.140459203266164,0.0353901812963599,1.511597809704342,2.9942839469479474,6.326436821255395,1.0882058588775867,6.113951937263779,22.0,1.096397101384018,0.0260727206580835,1.468499013298035,0.000537490239366889,0.25377314013410385,0.5509721044670804
924_left.jpg,924,0,72.0,1,2,0.0749749431637617,0.0183929400836042,1.399318272029899,3.129126569893445,6.716575702741527,1.0848700426130025,2.5912435524482365,22.0,1.086606219926026,0.01331312489305,1.406839870975682,0.03552806004881859,0.26943006012886583,0.4051068860615887
925_left.jpg,925,0,43.0,1,4,0.0885282500429332,0.0245577880817448,1.411658063706521,2.6035975114070142,5.829088004729319,1.088409823021222,3.005323716297441,25.0,1.106538456979103,0.0144923388097009,1.3748815287523222,0.02958964742720127,0.43810658906213523,0.4872457789314176
933_left.jpg,933,0,69.0,0,3,0.0423909651833435,0.0119226162316681,1.2461150356201918,2.531536245122368,5.891934883354335,1.0827469593093226,1.560156619593554,37.0,1.090865358831696,0.0065627233288709,1.215233185845272,0.055710237473249435,0.6476233247807969,0.5260168581862011
939_left.jpg,939,0,41.0,1,4,0.1097656427529023,0.0310860420843201,1.4568717738632933,2.692380735630791,6.281957316563978,1.0800787756789556,4.948720149875524,27.0,1.0792534660153186,0.0191131691502845,1.4038910372262503,0.0031182619277387857,0.554976779862439,0.4916121456321195
945_left.jpg,945,0,44.0,0,0,0.0423652634130575,0.0106658047834518,1.262407932109662,2.930763287880401,6.601417367051652,1.0871586455700806,1.262524240465417,13.0,1.0914071473373468,0.0079640029088558,1.2628001690765107,0.018352171406149864,0.19093519890526012,0.5519953905417821
946_left.jpg,946,0,60.0,0,3,0.1148066529724986,0.0313303950700995,1.4608521393083185,2.7482164237486044,6.345835428263039,1.0826819608413203,5.185170412619907,23.0,1.0941663871912934,0.0210647548012683,1.4070070240524537,0.016693811863660812,0.37054332737168,0.5270010374982788
950_left.jpg,950,0,48.0,1,1,0.0187920866809437,0.0048833053702718,1.2689727536759032,2.9356729638789,5.888575954211602,1.0803458639889898,0.6820258897027731,9.0,1.0876003914057064,0.0033601142166023,1.3168430329677587,0.1322019100189209,0.14711126080684533,0.45875397487420494
951_left.jpg,951,0,41.0,0,1,0.1173822084773512,0.0309209063529602,1.4587492916007518,2.858468626935038,6.433681632621302,1.0777763304988688,4.901663533644614,24.0,1.0875924721885883,0.0186061083823499,1.4005451673571272,0.009739032946527004,0.4963413192885438,0.5532843608879585
957_left.jpg,957,1,45.0,0,1,0.1344874107535357,0.0344454718630467,1.5015032898709064,2.9295770029614907,6.85420420870732,1.0953599125360554,5.911867695432703,17.0,1.105915964617527,0.0234655671603328,1.4425716138192348,0.5855348706245422,0.4393998268699663,0.5486620061818672
968_left.jpg,968,1,68.0,1,0,0.0819694496798936,0.0238096441185833,1.3821983970150824,2.483810239923554,5.514978883570091,1.0870880553017734,2.8296690803070192,35.0,1.0986891580140383,0.0135723056244725,1.337900934079031,0.0060913753695786,0.5591968355651576,0.4239419707331991
975_left.jpg,975,0,66.0,1,1,0.0874537555064969,0.0237447203153194,1.3907093990259884,2.7613128876032897,6.391766537713268,1.0882645744223332,4.183425570306751,29.0,1.0996813500213496,0.0145059021582443,1.367495910113196,0.04020249843597412,0.5812629541754444,0.4379621523293782
979_left.jpg,979,0,56.0,0,0,0.1044239232745681,0.0258872014042585,1.4220324221328071,3.037511796889701,6.722030408965518,1.0812319618945605,4.426467221247043,19.0,1.0913389713300894,0.0179449998728026,1.385953209779067,0.019117634743452072,0.32406122519154,0.5466003242466938
982_left.jpg,982,0,65.0,0,2,0.1108697141403168,0.0279498546724993,1.450015264269107,3.013337134024753,6.478967730876378,1.0866098618880815,4.110272745955785,23.0,1.0936004084126296,0.0191568069052582,1.412567235716849,0.00299563305452466,0.37142968157826844,0.5480579189479594
983_left.jpg,983,1,63.0,0,4,0.0628014874339461,0.0159795535395632,1.295174778993521,3.0196024089365143,7.953357591043807,1.092052683295935,2.129839628832272,32.0,1.0968398500999932,0.0086575102750371,1.2944586885671256,0.06379099935293198,0.6845435265569678,0.5154449936262118
984_left.jpg,984,0,69.0,1,1,0.1099519060294756,0.0259347859743398,1.4443817082903054,3.223459795851205,7.124488711158135,1.0922665836030876,3.396043609195288,27.0,1.093568401277147,0.0191776580283969,1.410544212234159,0.05048444867134094,0.4408752263805231,0.4345159345910767
990_left.jpg,990,0,41.0,1,1,0.1166752577319587,0.0313865979381443,1.4587941209910598,2.748933987763115,5.958110987843058,1.0936830595563898,4.948453608247423,30.0,1.1065975002110802,0.021340206185567,1.401168796654199,0.013997900299727917,0.48934809999538575,0.4668827243648956
994_left.jpg,994,0,65.0,1,2,0.0411926245586504,0.0126354618312248,1.2314911883761903,2.33139585261224,5.131738111985944,1.0782380317658282,1.069938300224687,36.0,1.0860890017211575,0.0066947567928344,1.238075278012961,0.002646699082106352,0.46487302474375053,0.40908488903648915
1006_left.jpg,1006,0,64.0,0,3,0.0370707818461363,0.0138537505999495,1.1893985500839377,1.8867230958136507,5.071159715262188,1.08663329655631,1.1388873071009624,24.0,1.1428626241160955,0.0055154685301032,1.1582204773686398,0.0038419761694967747,0.4451510052576869,0.5265636499193899
1008_left.jpg,1008,0,65.0,0,1,0.1163955705188009,0.0306504279398044,1.46124740588249,2.8967198041240576,6.030840910051303,1.0848419403073073,4.715450452277613,19.0,1.094655768158176,0.0213158641950269,1.404413579321247,0.0007135742343962193,0.2644959977817279,0.5254398668475341
1010_left.jpg,1010,0,63.0,1,2,0.1046712453287546,0.0265629734370265,1.4475834749195515,2.918901110456148,6.025113625292504,1.0861237993262982,3.787496212503787,13.0,1.0895050570872875,0.0195838804161195,1.4186977912179664,0.006334253121167421,0.15539324499501958,0.410223675482818
1011_left.jpg,1011,0,36.0,0,4,0.1422897739330793,0.0405495538285852,1.529662743592075,2.605490269936271,5.982448540068432,1.0832398235964529,7.276181621577921,26.0,1.0855600936397518,0.0236475902701282,1.4475877597597564,0.017398761585354805,0.7207836100604584,0.5738778140524722
1013_left.jpg,1013,0,66.0,1,3,0.0855980569520934,0.0215444432228208,1.3936897513728022,3.051219458071596,6.837568450760189,1.0850927272124993,3.748163399934033,28.0,1.1032402779199573,0.0156823156653239,1.3819627555222984,0.026364972814917564,0.3890992592975077,0.4626444372965833
1016_left.jpg,1016,0,62.0,1,0,0.1093522287552138,0.0288155183677571,1.4495003260853052,2.790510603800852,5.707009347291445,1.0771190625684546,4.020302527765215,15.0,1.0842040657913004,0.0203326800341725,1.4093150088614228,0.0009368828614242375,0.15070376156503115,0.4266051604152686
1021_left.jpg,1021,0,64.0,1,4,0.0577933273000288,0.0132715846524867,1.2920463235239523,3.3757531208140903,8.828169723989435,1.0873255349831252,2.275128797569151,44.0,1.0975288176118323,0.0081550727788423,1.280145768221986,0.07660375535488129,0.7869799191518874,0.44164254306001766
1023_left.jpg,1023,0,67.0,1,0,0.0893444569649868,0.0265441113306416,1.416204501631867,2.4280554104464427,5.789293948273498,1.081774233217057,3.0318802205187545,22.0,1.1008903681060638,0.0138102144044629,1.3568579312968123,0.006564399227499962,0.4098297880091769,0.4243855333672336
1024_left.jpg,1024,1,60.0,0,3,0.1163003663003663,0.0353019580768271,1.4888200472997235,2.42763852899014,6.172401745626217,1.089944905001569,5.513683524154728,29.0,1.1004534570450768,0.0189335097712061,1.3931270354568486,0.07404424995183945,0.7317837012637143,0.5270010374982788
1032_left.jpg,1032,0,67.0,1,2,0.0771754326639176,0.0184572988850923,1.3644944227978049,3.164376011277629,6.3038240314222085,1.085858696034962,2.220730519398586,24.0,1.0878679018125232,0.0134101840682773,1.3514190040742775,0.06503257155418396,0.30044705561704255,0.4079470772212572
1034_left.jpg,1034,0,56.0,0,1,0.1413589036668989,0.0357297946900152,1.5130343927570122,2.972340173128941,6.645574936259484,1.0846266530345152,6.412781127235637,24.0,1.1082519635382666,0.0230203694165884,1.44656259985567,0.00077740044798702,0.5389291134597336,0.5359095245750178
1035_left.jpg,1035,0,53.0,0,0,0.1261237754109637,0.0363877885048746,1.5103023632502164,2.5277008308264137,5.973156598553397,1.0787672529560994,5.503237896434756,37.0,1.0856450148267964,0.0206371421116303,1.4079009688693742,0.007788325194269419,0.771552997638643,0.5479501678702431
1038_left.jpg,1038,0,54.0,1,4,0.0929696620525493,0.0232222003224322,1.4069183119926167,3.002099576777813,6.297396001435413,1.0808631639931792,3.386044443096765,18.0,1.085444836623805,0.0172536652667647,1.3825591986431656,0.09786505997180939,0.19585399313017615,0.4632833145636475
1041_left.jpg,1041,0,71.0,1,1,0.0867215452748517,0.0234943828658643,1.3928967915695296,2.844069434780307,6.712839325365407,1.0841597162436614,3.0525183276202865,24.0,1.087445060331533,0.0137413366026972,1.3566456655594716,0.009820387698709965,0.5208740382914196,0.43222194672190284
1045_left.jpg,1045,1,51.0,0,4,0.1291808046534173,0.0333908951365325,1.4935799459244303,2.935579918490182,7.214643581013115,1.0844899852215255,6.816529326223946,38.0,1.086032899398278,0.0205505735983195,1.4423350220352855,0.6263768672943115,0.8482383761287413,0.5415638542622603
1046_left.jpg,1046,1,55.0,0,4,0.0448486106170204,0.0167793193406854,1.283362014690567,1.919060574073996,5.783637753048327,1.092946003701695,3.3104075259891697,51.0,1.1132521462668878,0.0058500335981659,1.2151350060883612,0.8256499171257019,0.9517779408925856,0.5328757970826702
1048_left.jpg,1048,1,60.0,1,2,0.1145436998186016,0.0302970587194995,1.4686510415727818,2.8159968952811485,6.652195700724155,1.088357784121827,5.204464723329645,26.0,1.095692774622014,0.0184682704502619,1.4181868132714657,0.020056942477822304,0.5988169048060222,0.41193365766143264
1053_left.jpg,1053,0,33.0,1,0,0.1172842321863897,0.0282250503023207,1.4581093847225202,3.1870699130960487,6.726597835738388,1.084026612833869,4.865514148002858,18.0,1.084462621397707,0.0214944223975834,1.4264602578249954,0.001206064596772194,0.2629349160530703,0.43953465373405975
1054_left.jpg,1054,0,59.0,0,1,0.1252627217978254,0.0333454589547714,1.477941805774374,2.880750848067491,6.486313774327545,1.0860217347675896,4.799725152580736,33.0,1.0968939369523687,0.0222454629966452,1.4220057700032775,0.0333472304046154,0.5499159974922098,0.5324226954959468
1056_left.jpg,1056,1,62.0,0,3,0.0635087311884412,0.0164325055658486,1.341489209774055,2.9067593916421446,6.5268472855567685,1.094043854453067,2.524194403356169,18.0,1.1127358091970057,0.0108489875456248,1.312540495125663,0.07040003687143326,0.28137477533872285,0.5267823488472521
1058_left.jpg,1058,0,28.0,1,0,0.1239177243594592,0.0313651927043149,1.4742463049839547,3.018733007651026,6.7849851449618965,1.094012018835043,5.395619966819458,15.0,1.0907121361605083,0.0210681310480109,1.4267482470685615,0.02328197844326496,0.38333195371873247,0.44177270405564467
1060_left.jpg,1060,0,54.0,0,1,0.1143034719029019,0.0307372803848349,1.461220389313054,2.8016414287996487,6.499628831159636,1.0952090035100248,5.1540401105592135,24.0,1.1022880685686087,0.0180239814454556,1.417778793944822,0.0009134645224548876,0.6382368250403363,0.5382321495884841
1072_left.jpg,1072,0,54.0,1,1,0.1360771892392007,0.029677638628607,1.5008307591800407,3.569198552497735,6.905389002192655,1.0814159843755415,4.767681726561651,18.0,1.0884355735451032,0.0243482201441633,1.470728494171016,0.0012573482235893607,0.1588616292550651,0.45180373997928125
1081_left.jpg,1081,1,47.0,1,2,0.1140318179784997,0.0302275765753676,1.4584021477004618,2.8325809829696325,6.123552563021425,1.0790471340814856,4.67180565288484,34.0,1.0847905309476868,0.0190351230324988,1.4040255533819177,0.33790281414985657,0.5644081933262323,0.4193676786863463
1086_left.jpg,1086,0,62.0,0,1,0.0465243202331364,0.010740342187508,1.3204844619266234,3.3817873788513886,8.208165501350173,1.080329848210019,1.3901689312690182,9.0,1.091608411582654,0.0081865503730286,1.3228656224438862,0.04129820317029953,0.2751312776710865,0.5289326966664348
1089_left.jpg,1089,0,56.0,1,4,0.1210057198294156,0.0324948966186308,1.4701946024597143,2.7660815973593844,6.1751090005215445,1.084634735358889,4.244396386199648,25.0,1.0893132836519928,0.0202114113628554,1.413628998847314,0.017992351204156876,0.4855286195927349,0.45894141967186924
1092_left.jpg,1092,0,68.0,1,1,0.1360905177567858,0.0325391605883056,1.4944092476635005,3.219506628111698,7.475282325820667,1.082788963055252,5.580134720395392,29.0,1.0995260643489293,0.0229134281956235,1.442330316558781,0.012038355693221092,0.5506886840899259,0.4356639876031127
1096_left.jpg,1096,0,59.0,1,0,0.1122107254952019,0.0303553639990589,1.4537756518465592,2.7360453045429445,6.504961152616244,1.0799776062929705,4.6053652505168525,26.0,1.0913844102170822,0.0179358953180455,1.3929791453052875,0.0064873965457081795,0.5608343122097885,0.42793836313534545
1097_left.jpg,1097,0,59.0,0,3,0.0954592545799115,0.0291446620341124,1.4241211141745462,2.3378253988157804,6.376550557262886,1.0938657450859512,4.801010739102969,36.0,1.107287154327094,0.0137915350600126,1.3460286966084636,0.4625665843486786,0.884346327258201,0.5271103779439077
1109_left.jpg,1109,0,60.0,0,1,0.1476228253235171,0.03649767815546,1.5175174991283715,3.1407895783118183,7.0988601546663945,1.0854306533428066,6.72046406572917,16.0,1.0926485483525037,0.0249617236727083,1.4606899250678371,0.00240461272187531,0.3732422275222674,0.5312596980425266
1113_left.jpg,1113,0,56.0,1,1,0.1393629698450849,0.0384914463452566,1.5155926233145205,2.7640651795140108,6.630536725546732,1.085370354576611,7.574074448102442,21.0,1.1042716082803552,0.0252368160610773,1.4490828385003411,0.02533431351184845,0.4924248422632072,0.44949103077515556
1117_left.jpg,1117,0,65.0,0,0,0.1352930491644466,0.0324079680310002,1.4917653415334506,3.263886148526724,7.437417807167137,1.086603478062325,4.8437878420925164,21.0,1.0989346169026408,0.0221199644788891,1.4439179442903196,0.00987155083566904,0.45284866227771853,0.5425467581043051
1118_left.jpg,1118,0,47.0,1,1,0.1182611939546091,0.0293195406470867,1.4583491152225838,3.120039511408464,7.075734844045943,1.0892731864896883,4.285008519605174,24.0,1.092841173185567,0.0184557837532641,1.4251837042310875,0.005445203278213739,0.5475655793783665,0.4599139835646433
1120_left.jpg,1120,0,55.0,0,2,0.1311837853519943,0.0311327644334177,1.478991135821134,3.291729049465389,7.617385306722476,1.1091314528029528,5.152112366070089,30.0,1.1389599928928515,0.0217739273101971,1.4333209573140302,0.5694901943206787,0.6506614778393982,0.5538827947798316
1123_left.jpg,1123,0,51.0,1,0,0.03470274068153,0.0111348142415648,1.229912066235857,2.29109400318483,6.217382665938897,1.0909320610509154,1.425582070250648,31.0,1.0950605039932828,0.0050760904429996,1.3194649442636863,0.0004432101850397885,0.5416339965882186,0.43149863967798857
1126_left.jpg,1126,0,64.0,1,1,0.0816058379405492,0.0213970224077461,1.3760886337566889,2.8620568308150225,6.019346347956395,1.0865176014822282,3.3859246606494917,23.0,1.0877180548357486,0.0143169023337612,1.3734679729573305,0.0037016812711954117,0.3308385310058124,0.4402629823812401
1132_left.jpg,1132,0,56.0,0,2,0.1252494934335855,0.0325010990343656,1.480647332117973,2.8797275819503163,6.557470899986609,1.08438294288017,4.345607147007847,24.0,1.0998279983677277,0.0211317780102172,1.4301557848985864,0.015185418538749218,0.451027365800414,0.5533009457094274
1151_left.jpg,1151,0,60.0,0,1,0.0925420216322717,0.0270428919254151,1.4158633527691131,2.491459027742374,5.924144439423457,1.0815553443765895,3.062615167091179,28.0,1.09506600982286,0.0162063385925241,1.3506939923340002,0.0006839265115559101,0.5105481770857082,0.5312596980425266
1160_left.jpg,1160,0,69.0,1,2,0.0816702440972395,0.0230369889682024,1.392214401837763,2.6033934381755164,6.092699399439566,1.0812906139931195,3.094893425847352,23.0,1.0999826411716749,0.0140767733240153,1.3422590678432138,0.01115190889686346,0.3886110114497467,0.40681025138487065
1162_left.jpg,1162,0,67.0,0,0,0.146568997306764,0.0374104961250381,1.5185250236740182,3.05270087720136,6.791636924067968,1.0858099515766362,7.245254358395251,25.0,1.099302088505102,0.0259629942387736,1.464820141327044,0.00024049563216976821,0.5094693799467077,0.5416451808376389
1165_left.jpg,1165,0,44.0,0,1,0.1359354399693786,0.0308924850082932,1.4777149729516814,3.405646746223823,6.976558200449326,1.081175773177585,5.369370135669629,17.0,1.0903171950466275,0.0232318292008676,1.4536753706493926,0.0020944729913026094,0.21555091979299001,0.549818414171437
1166_left.jpg,1166,0,59.0,1,1,0.1480624346270647,0.0364673602724567,1.5193181452795883,3.125282982013473,6.891616652074359,1.0813468418118335,6.770993870734653,16.0,1.0947496278985704,0.0249263528092045,1.4600792520243782,0.0014912382466718554,0.33982058845304086,0.446026087699713
1168_left.jpg,1168,0,67.0,1,2,0.0903980200020204,0.0246439034245883,1.4140419278557252,2.6829999713671038,5.871399426941269,1.0840523395295052,2.7275482371956765,19.0,1.0937822803114818,0.0165117688655419,1.3668993669640552,0.09924806654453278,0.261336445880843,0.4079470772212572
1176_left.jpg,1176,0,65.0,1,2,0.0404113491855322,0.0100621365194504,1.3297255029640718,3.177596877205955,7.81027629440261,1.0774229005132794,1.4471387353816376,19.0,1.07784077993908,0.0065256912348615,1.3938448770410643,0.010090438649058342,0.29732824710117683,0.40908488903648915
1200_left.jpg,1200,0,55.0,1,1,0.0860480404551201,0.0214260429835651,1.4063017223569048,3.125433947605706,6.942540359344689,1.0714650938796642,3.59039190897598,18.0,1.0761823951922622,0.0151150442477876,1.385658394599057,0.1216464638710022,0.27289150025737324,0.4506471188101171
1240_left.jpg,1240,0,69.0,1,2,0.0532351606233294,0.01599172928539,1.320888830049175,2.426237025398462,5.800380521353266,1.0919746421286085,1.7650915326037622,22.0,1.0957112156485054,0.0093600282414645,1.255645402133228,0.09300608932971954,0.46129162008131513,0.40681025138487065
1245_left.jpg,1245,0,65.0,1,4,0.0479531878581006,0.0148921126417164,1.2597406501258048,2.376342380365972,5.953067010045444,1.0812136864874522,1.2678288431061806,38.0,1.1028968920288702,0.0074216749969523,1.227301456536658,0.0641334280371666,0.6219585990775989,0.4394892346927792
1253_left.jpg,1253,0,60.0,1,1,0.0482773588524474,0.012845361032878,1.2686312455759587,2.7429149413456733,5.202383832203644,1.0932337822465237,1.46371500964033,17.0,1.1080549683448273,0.0094232962862017,1.2752244346137316,0.09738052636384964,0.154712237107156,0.444872254306597
1262_left.jpg,1262,0,70.0,1,4,0.0593285675834728,0.0153054474619416,1.341229884989627,2.964935344283695,8.12219762163949,1.0859476081449788,2.144131239079757,31.0,1.0979186492042516,0.0080154012490704,1.3266300544743148,0.0022322998847812414,0.7090660060031251,0.4287583876917172
1274_left.jpg,1274,0,48.0,1,3,0.1238927351331741,0.0280809424474206,1.464805522751396,3.387232017132633,7.166679234301773,1.0812048940752814,3.9302234180850735,16.0,1.088317858821309,0.0204220455301266,1.4284456671705574,0.005173558834940195,0.2659152530999154,0.46460789606663866
1296_left.jpg,1296,0,60.0,1,1,0.0749796716072982,0.0227582894668017,1.4059099301758624,2.441453806023061,6.256005583805615,1.087672937417119,3.1384185223754977,26.0,1.0914817160457302,0.0116359244306861,1.3684158080642863,0.011352762579917908,0.6886732553711477,0.444872254306597
1311_left.jpg,1311,0,67.0,1,2,0.0286434221012239,0.0083009724391131,1.196344753400007,2.606473805667471,6.981450267305642,1.0820136851173985,1.2898292358222432,24.0,1.0908295655694529,0.0044038455337359,1.2536811371102687,0.09114536643028259,0.43345659542828274,0.4079470772212572
1364_left.jpg,1364,0,53.0,1,4,0.066059465035,0.0192274953183051,1.3295966641372552,2.510327931896845,5.927519122098914,1.0872096603572177,1.7024344813082708,46.0,1.10510411073234,0.0105901439057852,1.293540875173041,0.000970533408690244,0.7013471649501677,0.46545639331195343
1373_left.jpg,1373,1,68.0,0,4,0.114942810257415,0.031482524676088,1.4740578687890138,2.738165854448783,6.911220592892947,1.0950223891419233,5.290357344044674,37.0,1.115879164084854,0.0187758700923363,1.410928187427919,0.10562069714069366,0.8072086741958141,0.5045289173013052
1377_left.jpg,1377,1,64.0,1,0,0.0095805801489978,0.0046123148807315,1.0209757246354858,1.4698505140605471,3.5299766910620507,1.088855282576023,0.3509370017947921,25.0,1.1241980503575273,0.0009324897476261,1.072918186724534,0.006692629307508469,0.16127092187430958,0.4257169495512218
1393_left.jpg,1393,0,31.0,1,3,0.0490145385972382,0.0164395644503923,1.2952892123078406,2.05388475858285,5.07783621635229,1.1025067106251527,1.3180039337348175,33.0,1.0966805097104866,0.0074669992091976,1.217768301309613,0.009891808964312077,0.6496963079432962,0.4664632826933917
1416_left.jpg,1416,0,66.0,1,2,0.0698721629544561,0.0164002135654346,1.3611078581570346,3.226588369041855,6.290798375947256,1.089229872730132,2.0147682512818963,14.0,1.1002329513893172,0.0121137941108324,1.3537322594412398,0.004134651273488998,0.17896085740729326,0.408515860589784
1417_left.jpg,1417,0,83.0,0,0,0.0027379413530926,0.0011857627049639,0.8647800117526148,1.4138308945472786,3.0311726497715,1.0915191240732678,0.0,7.0,1.086506522759279,0.0004732872599212,0.890427186427407,0.0036181099712848663,0.05980923490654615,0.5344232329195656
1425_left.jpg,1425,0,70.0,1,2,0.0374650478793069,0.0109671484054581,1.2285727729393945,2.598379474088736,6.582747699363207,1.082141023999102,2.311258548257719,35.0,1.10487971399929,0.0059141027558359,1.253688693078734,0.011047694832086563,0.5493389527024473,0.40624221174357916
1427_left.jpg,1427,0,70.0,0,1,0.0118571809219291,0.002255666730983,1.087442203685625,4.519500023760668,9.54208883645454,1.095274598142777,0.551283111441881,5.0,1.12304815833799,0.0018513924492589,1.231975210005702,0.06037558615207672,0.12198491212743238,0.5196131162694931
1453_left.jpg,1453,0,77.0,0,1,0.0060801719117144,0.0034492800192798,0.9908901301824936,1.1650619356379104,2.4117732376996224,1.0809335925459913,0.1506235816279396,18.0,1.0833817354293065,0.0002510393027132,0.8375591629576242,0.010315468534827232,0.07819277567793191,0.5114470488411315
1460_left.jpg,1460,0,62.0,1,1,0.0363504655737045,0.0101415082475212,1.2339054119246484,2.570509625133312,5.681742125017536,1.0888864084787475,0.6036612052095962,40.0,1.0920120213764215,0.0052920965656707,1.2225654935253685,0.1576990932226181,0.5734278569412604,0.4425663818296201
1465_left.jpg,1465,0,54.0,0,0,0.0213496345947485,0.0039566497652964,1.245621435403718,4.013534023979847,7.380478729715931,1.078831919826853,0.3051400847272302,7.0,1.0893338844333875,0.003224313561951,1.255199990727264,0.003983456175774336,0.08678776372469092,0.5475002973750372
1476_left.jpg,1476,0,68.0,0,0,0.1117402548031953,0.0291818186365478,1.454138720705879,2.8433374568979763,6.025594736294489,1.08673971944978,4.051640914570401,13.0,1.091355190229824,0.0190727244534036,1.4041917426097497,0.00028504058718681335,0.21528895135819032,0.5411942895470953
1485_left.jpg,1485,0,69.0,1,0,0.0067277583809361,0.0032963515041166,0.8956546221462329,1.340123476985624,2.931669899826611,1.078164767592656,0.0500205084084474,19.0,1.095310568382914,0.0008403445412619,0.9948510747681166,0.0040525454096496105,0.07241234681094498,0.4234985306150351
1490_left.jpg,1490,0,79.0,1,3,0.0208410297548052,0.0067552590747406,1.116923433772027,2.0729050556692674,5.038063660290133,1.165229948448646,0.369428230649877,23.0,1.1082018596305991,0.0029501482990468,1.09678636836078,0.0005450256867334247,0.49496667652558674,0.46122710037900894
1503_left.jpg,1503,0,49.0,0,4,0.1335290094892952,0.0355910967349037,1.5063378757108812,2.883900349113273,6.9116074943236665,1.0836228000304164,6.838681981320914,14.0,1.0961540914951116,0.0236708247849808,1.4493771396015194,0.004588796757161617,0.4306521857035098,0.5458987565823558
1507_left.jpg,1507,0,62.0,0,3,0.1203485422697024,0.0256085066595048,1.4614629529085503,3.676164157501332,7.88465893310292,1.0824140054897304,4.127997771875902,19.0,1.1049555169171708,0.0198690977092099,1.4295979953158038,0.0025643103290349245,0.32504256753210137,0.5267823488472521
1510_left.jpg,1510,0,56.0,0,0,0.0360038906779959,0.0116417955579746,1.2449867218684687,2.13442977652011,5.282149199510917,1.1330250533853876,0.7559607505178331,19.0,1.1544116531869923,0.005967050190754,1.2203250452999066,0.028650159016251564,0.3618516912069649,0.5466003242466938
1513_left.jpg,1513,0,79.0,1,0,0.0166268652251731,0.0042925730011616,1.0849423695330436,2.8770733001722606,7.329254173302121,1.0676274830501824,0.6481236819407814,13.0,1.0797843461186387,0.0025924947277631,1.1511641398185353,0.016569338738918304,0.2206787709008762,0.41907101705158495
1519_left.jpg,1519,0,68.0,1,3,0.0699828813853673,0.0167911280918947,1.364216576608425,3.2560620274527547,7.063596851422899,1.0940430160817332,3.473342099387203,19.0,1.1313877321742052,0.0122509737762671,1.375602163580968,0.003707730211317539,0.25621921911312817,0.4624263455848636
1569_left.jpg,1569,0,50.0,0,2,0.1487117335487925,0.0379647085814605,1.5251341974120858,3.0054152641033727,6.610434670773764,1.074981479189493,8.27921915990863,35.0,1.07938651804937,0.0265932509401402,1.4722501464327409,0.00833300780504942,0.4984018179819966,0.556789794855192
1590_left.jpg,1590,0,1.0,1,4,0.1060428226809375,0.0262459981720199,1.4411789403184057,3.040975293681986,5.899460892130695,1.083106576739146,3.596026390838124,23.0,1.0886669574993597,0.020816997218074,1.4182427890338614,0.0023632070515304804,0.15087084668094566,0.5783279468538143
1619_left.jpg,1619,0,70.0,1,4,0.0734485394180042,0.0186883656767891,1.3670306324398098,2.9782161696538005,6.594758662053375,1.0707649786168567,2.7962641910407697,25.0,1.075720790026501,0.0121917118729377,1.352207855475292,0.0071174888871610165,0.3297755263658618,0.4287583876917172
1620_left.jpg,1620,0,62.0,0,2,0.1456740849268699,0.0342486169702174,1.5143451043892062,3.25835492752514,6.184122215558673,1.0923350745483842,6.163639578649557,20.0,1.1061771952143955,0.0266147977871523,1.4815616923087784,0.012627570889890194,0.18647438745485484,0.549806838729863
1666_left.jpg,1666,0,47.0,0,3,0.1172180328251581,0.0286741531062498,1.4718410437040683,3.1322123671996427,6.825466323410489,1.0944151588611952,3.922209511358065,22.0,1.107148019075455,0.0192515116849158,1.4191499647185748,0.18213272094726562,0.404459381309055,0.5284222574720198
1833_left.jpg,1833,1,65.0,1,4,0.0602023080498797,0.0141575213727035,1.2899157672190502,3.2905637086487665,7.177755126858932,1.0956868715979264,1.7179005234543947,26.0,1.1130641538095285,0.0086198185088623,1.30731805332318,0.6063460111618042,0.3373608154543949,0.4394892346927792
1837_left.jpg,1837,0,49.0,0,1,0.089005052797494,0.0258824937775272,1.405327428813302,2.5001594596954853,5.837673719554675,1.0979933006666478,3.591326945426794,31.0,1.1074884699210277,0.0150536454462473,1.341642093136959,0.00020358804613351822,0.6596094265721051,0.5440312388910755
1853_left.jpg,1853,1,48.0,0,4,0.1081460745127565,0.0328147186190935,1.4583511442912367,2.3843515705042018,5.851324747005526,1.082716931002112,4.143527759109444,36.0,1.1046981476116926,0.0164124123921798,1.3545663914869637,0.08855856209993362,0.8147755930435227,0.5480636426814862
1867_left.jpg,1867,1,64.0,0,0,0.1251000050635475,0.0323712593042685,1.4824731505559,2.8817418393024776,6.249750833686264,1.0927056601440783,5.215453947035293,35.0,1.09678079251179,0.0207251000050635,1.410397542417426,0.8550439476966858,0.6844916968618633,0.5429974426253626
1868_left.jpg,1868,0,63.0,0,0,0.1197194005375119,0.0286748963695166,1.4840111783799148,3.142101152158573,7.1035978459174105,1.0874766741924462,4.646289800938368,34.0,1.0969048873774436,0.018721814786134,1.4330618386039533,0.03803185746073723,0.686064585110554,0.5434480567689473
1873_left.jpg,1873,0,66.0,0,2,0.0797853255239259,0.0211136996477681,1.378744305198066,2.755344196781348,6.029139785356883,1.080750455362362,2.880519099863049,23.0,1.0833323476560193,0.0138365987639035,1.3611476872792587,0.0008889066521078348,0.3275910881342389,0.5474746796498166
1876_left.jpg,1876,0,62.0,0,0,0.1190438684302795,0.0277347263368107,1.4586968609167537,3.3472447203210454,7.047487552618025,1.0841552639959522,4.776592663356928,18.0,1.0845515405842914,0.0207832595671594,1.428826019521234,5.019257150706835e-05,0.29320978955333254,0.5438985998086648
1989_left.jpg,1989,1,62.0,0,3,0.0892376930489755,0.0243994732619916,1.3923550458650684,2.7149591508093733,6.271473998175099,1.082243918066206,3.2794990943537115,20.0,1.092321455853207,0.01502010585214,1.3351087122113348,0.017049863934516907,0.3652732987601885,0.5267823488472521
1990_left.jpg,1990,0,56.0,1,0,0.1267815551884242,0.0332792740904658,1.4846179503447212,2.850367599723439,6.19682841671514,1.089931748337539,5.15331100231899,30.0,1.1045789904049197,0.0228412931779256,1.4340747953049422,0.09251075983047485,0.4826819451972342,0.4292726130887626
2004_left.jpg,2004,1,47.0,0,0,0.104161404714036,0.029677412836807,1.4416954258185528,2.5993456122409078,6.342133764528866,1.0805065192793255,5.405077742192946,42.0,1.0908172706380097,0.0154878208949192,1.359753068679176,0.99918133020401,0.8678168892175857,0.5506477204506859
2048_left.jpg,2048,1,63.0,0,3,0.0596008926873692,0.0147663701049808,1.3211190357159592,3.14669674857882,7.313749641055855,1.1046447060030058,2.1516567757173024,23.0,1.114742222493093,0.0102478908759745,1.3401417641233957,1.68695787579054e-05,0.34331196715671264,0.5266730006627107
2066_left.jpg,2066,1,52.0,0,0,0.1067149383673821,0.0297337450625453,1.454552578803457,2.670089123636022,6.61818233207458,1.0841543819549002,5.019851229863551,32.0,1.1039453955726894,0.0161193000603396,1.3749688666041249,0.00044401385821402073,0.7487751252304093,0.5483999600239029
2070_left.jpg,2070,1,50.0,0,1,0.1391231641704231,0.0297939300774839,1.4806086034183437,3.696869671802299,7.937359773712648,1.091640198692578,6.024221525166705,24.0,1.0942880058742053,0.0232140260495648,1.454099822259624,0.014660432003438473,0.40969178462347516,0.5428723247515318
2095_left.jpg,2095,0,76.0,1,2,0.0224538052287332,0.0044621574722068,1.2337055161803858,3.810483610123074,8.201784221697528,1.0954856995686058,0.619744093362064,10.0,1.1063892305132,0.0034610323983142,1.23812474878318,0.005672242026776075,0.274102463915126,0.4028392883954527
2097_left.jpg,2097,0,74.0,1,0,0.0652899975189419,0.0117993396568505,1.411329555521067,4.548141203911868,8.900211672558337,1.1465491177357587,3.48302383724259,13.0,1.0979729973301262,0.0097238391510964,1.4480005458411689,0.001711298362351954,0.5720129545904526,0.42128319154056554
2106_left.jpg,2106,0,81.0,1,3,0.1120729829395793,0.0300127649228026,1.4553164775049925,2.7778994792911216,6.063187927297085,1.092607004646525,4.457592089800219,21.0,1.0877857446496988,0.0202719131174778,1.4008999420113073,0.0013339612632989883,0.3073983908917963,0.46100910359479436
2119_left.jpg,2119,0,91.0,0,4,0.0132839937300343,0.0050695450306553,1.145090667142023,1.7584662926256205,3.196766240141922,1.076604601462352,0.0496041588126748,14.0,1.1032618967241898,0.0025347725153276,1.0851001504582198,0.013582187704741955,0.1905574575530915,0.45441994202520286
2143_left.jpg,2143,0,83.0,1,0,0.0162973213203506,0.0054947274857581,1.057768079254226,2.080496122352073,4.795723331881868,1.073319592959463,0.2020120399175791,23.0,1.0777274823331295,0.0024594965859965,1.054817260042663,0.012132073752582073,0.23322107998768057,0.4173036125759013
2149_left.jpg,2149,0,73.0,1,0,0.0059062776304155,0.0011923708475432,0.9942214649030384,3.330745124621928,6.369711781308792,1.0555602787099008,0.0505241884552229,8.0,1.0555602787099008,0.000697233800682,1.107788965078241,0.0018489038338884711,0.05659404174691687,0.42172600889262446
2160_left.jpg,2160,0,76.0,1,3,0.0507694009828417,0.0148394353730834,1.279047050872539,2.598729362545239,5.876795216207273,1.0734597096219956,0.9219903928601064,33.0,1.072281677823886,0.0080581960335973,1.25146855415247,0.0009385519078932703,0.4966163325028327,0.46155412333751766
2162_left.jpg,2162,0,63.0,0,1,0.0604084477872798,0.0128605993867726,1.3288097311213332,3.617045690542984,7.479510734586766,1.0746811154214997,1.5153887729897104,10.0,1.0850975082161032,0.0105622597477382,1.3251983612390943,0.014736752957105637,0.13402206330832003,0.5277687178524473
2174_left.jpg,2174,0,65.0,1,3,0.022969300736388,0.0054255234269032,1.1394399852846426,3.1705818253526026,5.717380275673701,1.077613299686073,0.2346679682916641,13.0,1.085128502471853,0.0041348496012991,1.1733828259236196,0.00033163061016239226,0.07767792649549378,0.46275348851821124
2187_left.jpg,2187,0,63.0,1,3,0.0507365885296025,0.0115815806541276,1.362852898751656,3.3554932911384348,6.403215232542439,1.090309329120625,1.3434633558788105,12.0,1.0950354240749418,0.0094088761234133,1.378663775630101,0.021620068699121475,0.07840500746501794,0.46297160164142315
2190_left.jpg,2190,0,84.0,1,2,0.0024870543254329,0.0014384082852317,0.8267566805241149,1.2108246101326277,2.5470535329498234,1.0464266859216151,0.0,7.0,1.0288462166107364,0.0002366413630542,0.8361786504018266,0.02532833442091942,0.14599888586296259,0.39831661996112305
2191_left.jpg,2191,0,80.0,1,1,0.0129574977342969,0.003257964817698,1.0691223080954684,3.028988205967176,8.432859679326171,1.086957732677042,0.7900913252620082,17.0,1.075502503687826,0.0015197639021216,1.1063422366674982,0.0003363067808095366,0.32954028478373193,0.4219362839203333
2193_left.jpg,2193,0,50.0,1,2,0.0133997091849099,0.0046096211325632,1.0513136715627118,2.0711623812258178,5.343813073803084,1.0854474657073152,0.4543985782373374,18.0,1.103211792546361,0.0016206882623798,1.2013178503576862,0.05186198651790619,0.19352239090469317,0.4176487536528449
2196_left.jpg,2196,0,69.0,1,0,0.0300460615365967,0.0061213357845613,1.1885949118806876,3.830620214046576,8.24759482216756,1.0914150558717488,1.111133558253702,14.0,1.0800109886723088,0.004394028162185,1.3356211078199287,0.005417207721620798,0.24664828775389583,0.4234985306150351
2197_left.jpg,2197,0,52.0,0,0,0.0126776467367748,0.0038780026005429,1.1212887264044742,2.3976883962134448,5.214427497261981,1.0774429724530363,0.5132650500718571,9.0,1.0743158596989593,0.0019903278052786,1.2019303257748488,0.0011358378687873483,0.082139971602319,0.5483999600239029
2205_left.jpg,2205,0,51.0,1,1,0.0057192209005136,0.0018628893363393,1.017256751720764,2.2105495393419723,4.488363612778762,1.068221781280846,0.4519138551766732,9.0,1.0784651544082122,0.0010494443970213,1.03235592842259,0.04759882017970085,0.035978669092421915,0.4552766796093153
2218_left.jpg,2218,0,48.0,0,2,0.0580857489740425,0.0190993648595767,1.325098600350988,2.211648788741818,5.531718699133201,1.0789192240341507,1.956593720839228,53.0,1.0891023336486862,0.0086641983484342,1.3096830558696886,0.0026157782413065434,0.8016606202401464,0.5579515181220939
2237_left.jpg,2237,0,76.0,0,0,0.0169920298856619,0.0055854271128963,1.093731327978032,2.198688630544104,5.485942049184273,1.072119744861809,0.4080263312992465,14.0,1.064534359512615,0.0024753597432154,1.2458169722713022,0.01737913303077221,0.12123508452877507,0.5375847916584144
2329_left.jpg,2329,0,53.0,1,2,0.1051954976008131,0.0243306941447883,1.4350596713749255,3.3036816490297607,7.043251208982631,1.080499124872644,3.88653316259162,21.0,1.083247004504022,0.0181521029632324,1.421942248806444,0.005316923838108778,0.30821175428985137,0.4159318271582714
2330_left.jpg,2330,0,32.0,1,2,0.1291509246371047,0.0229021674289123,1.463069175866128,4.42553435585178,7.881123732254238,1.0896469994383793,3.2312586995426527,18.0,1.0899741993955498,0.0199045535891827,1.448196669898579,0.0007749393116682768,0.326300603455392,0.42799089427702397
2331_left.jpg,2331,0,59.0,0,1,0.1286242685773767,0.0337490272963385,1.48975300245906,2.911691963837157,6.8016070553041965,1.072494632542263,5.507776576285232,20.0,1.0763315848454462,0.0224252407757374,1.426283499310429,0.002741718664765358,0.3620886524494677,0.5324226954959468
2332_left.jpg,2332,0,59.0,1,0,0.0254135626367201,0.007313581790139,1.181056014733701,2.475168704233309,5.391945381668927,1.0756101922466563,0.3024224034516477,21.0,1.0782236386907664,0.0039365316182622,1.1940652920736654,0.003742578439414501,0.2024157236681826,0.42793836313534545
2333_left.jpg,2333,0,30.0,1,4,0.1363753310631857,0.0349400933282885,1.5022512905362089,2.9958994083651924,6.819759318500871,1.0800407511876833,5.952831378484046,23.0,1.0870584523032147,0.0229991171648379,1.4515665405537752,0.007608846761286259,0.4933877586189656,0.5156321714826625
2334_left.jpg,2334,0,63.0,1,1,0.1233245840776854,0.0301500014970209,1.4796211052540655,3.141290484073324,6.682202051514217,1.0808192341858247,4.041956506551962,20.0,1.0906876846027307,0.0216469226239782,1.4512182574336527,0.037323348224163055,0.27587392095323504,0.441414366943759
2335_left.jpg,2335,0,55.0,1,2,0.1282588548172623,0.0290677761212072,1.4741914532445763,3.371744306632693,7.938615753436635,1.0923746110409227,4.180602006688964,19.0,1.0976324876390993,0.021603134947818,1.4371272599418168,0.001820510602556169,0.48601140723732394,0.41478833919539365
2336_left.jpg,2336,0,44.0,1,0,0.1118285763367842,0.026167270449022,1.4613178105719806,3.341501901500717,7.799206472438544,1.0917589188411954,3.9410061691904255,18.0,1.0970498076925297,0.0177294751893451,1.4246934280864911,0.024327687919139862,0.4634030106963229,0.43461971255242715
2337_left.jpg,2337,0,61.0,1,4,0.1353625612950728,0.0309242720975311,1.4948500762130548,3.4127051331149367,6.958920065330105,1.0872631759298257,4.307559767391773,17.0,1.0954376449676,0.0238668863856067,1.4631425713839818,0.0018619151087477803,0.18061983877903037,0.4481153327870068
2338_left.jpg,2338,0,64.0,0,2,0.1093675083906025,0.0284231660540194,1.4533906545799429,2.869820008464817,6.328384887381225,1.0805527107192017,4.694741889084225,23.0,1.083996011668198,0.0193982739331948,1.4011885043382704,0.08312954008579254,0.36351066421607375,0.5486410262743465
2339_left.jpg,2339,0,35.0,0,4,0.1028639847227204,0.0290035919794282,1.4413255071244837,2.6388229764046374,6.331751406210821,1.081880145824764,4.748889820704149,19.0,1.0869899761720805,0.0175102682112346,1.367434133742623,0.15452253818511963,0.5335318884548712,0.576012911653298
2340_left.jpg,2340,0,61.0,0,2,0.0769665085404013,0.0189751518381518,1.4003339471846066,3.0207797957993767,7.352918595216113,1.0817502986166978,2.7439040477861445,25.0,1.1015132399379963,0.0129385629330223,1.389999020358638,0.005615382920950651,0.4250378764368257,0.5503895407216627
2341_left.jpg,2341,0,69.0,1,2,0.0064811829195264,0.0025335114468653,0.9142517606604786,1.9110853305481488,5.067579920840231,1.1064698445152683,0.322446911419227,13.0,1.09838576755906,0.0008936385830761,1.0885553862342363,0.022053731605410576,0.23062342539898592,0.40681025138487065
2342_left.jpg,2342,0,76.0,0,3,0.1152814341231039,0.031881659771844,1.47227613742163,2.659832030377136,6.2367427731066645,1.0812930530087217,4.312398144665915,21.0,1.0854993039858858,0.0192754168233671,1.3927063513057027,0.0011573899537324905,0.4438577019233949,0.5252512452124745
2343_left.jpg,2343,0,53.0,0,4,0.0260675524901105,0.0084694188051526,1.1786750663757877,2.258253925818852,5.351835731491375,1.0631785874505768,0.5993600678660015,22.0,1.067410681227384,0.0036975905725271,1.2235376386878634,0.0005110664060339332,0.22996162913701348,0.5372226509821401
2345_left.jpg,2345,0,60.0,0,4,0.1209656428943258,0.0323849757738357,1.4736570074260145,2.78435785019718,6.008682326889396,1.0785690898991735,4.805189604773155,25.0,1.0896495572594271,0.0204420774436391,1.4083136665369589,0.005568847991526127,0.4584007317902453,0.5219882385490794
2346_left.jpg,2346,0,47.0,1,0,0.0793727054344377,0.0196256175497439,1.4273204066107683,2.957471387620087,6.401134252455058,1.068201608619744,3.49000589221774,19.0,1.0738251692391605,0.0143452839595703,1.430651250414784,0.006836314219981432,0.20334469874770017,0.43328146015341057
2347_left.jpg,2347,0,74.0,1,0,0.0630882039609414,0.0167386412650899,1.3278519391912118,2.70235089393423,6.293027791332904,1.0855518096529797,1.4031149151115476,33.0,1.0983203154135175,0.0108091815682667,1.287128944916492,0.001190217793919146,0.5141371508082678,0.42128319154056554
2348_left.jpg,2348,0,67.0,1,0,0.1031683078275543,0.0253171591833435,1.4201482811426318,3.1305799918530264,6.619573214106242,1.0964125389250436,3.132436378701453,17.0,1.093179290251706,0.0173294464176548,1.384992826819312,0.0002226900978712365,0.30130496691803677,0.4243855333672336
2349_left.jpg,2349,0,45.0,0,3,0.1189102920231517,0.0281315972888615,1.4633243735320212,3.234662475311211,6.491311053218929,1.1000269645978913,5.656622794169638,21.0,1.101546905741022,0.0212931443751957,1.44013087947218,0.0018579148454591632,0.2984912672567732,0.5286408663886957
2351_left.jpg,2351,0,51.0,0,0,0.0436448769258939,0.0094234743257736,1.2361799955393051,3.405333480494508,7.009941454093633,1.075976736697922,1.373302989876795,16.0,1.0807522185334772,0.00608177038374,1.333780908162775,0.00590010080486536,0.16316115242774448,0.5488496731149765
2352_left.jpg,2352,0,40.0,0,4,0.0612551482857531,0.0208653657110305,1.3207866067100775,2.137151698413396,5.000468213421551,1.0752004642158275,2.3189340969011982,21.0,1.0914799126663703,0.0105763559463015,1.2411344124979349,0.0003908366779796779,0.4379359232227365,0.5653106101075531
2353_left.jpg,2353,0,51.0,1,0,0.06905650077336,0.017226215388348,1.3486638222752856,3.00527575463789,6.43216378732189,1.0812937956911632,2.527320332797541,19.0,1.0828385940646648,0.012444525318695,1.3259346980172184,0.06844694167375565,0.2540477365552725,0.43149863967798857
2354_left.jpg,2354,0,33.0,1,2,0.1106482370903649,0.0259861070384938,1.4469727015184564,3.225801526018384,7.158115894741471,1.0786235373462991,3.235624222691837,20.0,1.0870189178079643,0.018609894943326,1.415064285851665,0.0005035328213125467,0.3602560191067739,0.42741458946725513
2355_left.jpg,2355,0,35.0,0,4,0.1419901364148253,0.0365696026273306,1.4934301041868412,2.9050468724613725,6.328172949510464,1.1208116404435846,6.435184928353092,14.0,1.139065480014706,0.024070920175969,1.4385842332431658,0.008210539817810059,0.4974682151527118,0.576012911653298
2356_left.jpg,2356,0,51.0,0,4,0.0969513503205968,0.0232545944270969,1.419540746819944,3.179288541734268,6.182419978029295,1.0877781287404509,2.860343717970109,30.0,1.110114957117425,0.0178247086024837,1.394035567856647,0.008608647622168064,0.22010036250784618,0.5415638542622603
2359_left.jpg,2359,0,46.0,0,3,0.1105823393603209,0.0271744896258013,1.4493331900730495,3.1394621348431064,6.94071412198356,1.0718500147231058,4.79936143233153,33.0,1.078782849089086,0.0194045760648267,1.4346894635649536,0.005219459533691406,0.5287620254567154,0.5285315632983314
2360_left.jpg,2360,0,66.0,0,3,0.0163004710036779,0.0039764649934484,1.016101954277246,2.899806757518368,6.635457463047628,1.0694498769869034,0.6576850498069947,16.0,1.110040478654738,0.0023879026423761,1.0966314244284974,0.03779049962759018,0.18486248090226093,0.5263449407981334
2361_left.jpg,2361,0,46.0,0,3,0.0771386779082022,0.02042373805284,1.3780756035822914,2.900439225015625,7.126284505086836,1.0763761919538315,3.4978377003307046,33.0,1.0839527758580287,0.0121697496093324,1.3562389234533188,0.0005172788514755666,0.6835912406524615,0.5285315632983314
2362_left.jpg,2362,0,56.0,0,0,0.0982555938761776,0.0257717866756393,1.4133257707739524,2.792342828120736,6.410240960660753,1.0806194904268065,3.785329744279946,28.0,1.0871315451586858,0.015435733512786,1.369008262601147,0.0033256078604608774,0.5387284828973683,0.5466003242466938
2363_left.jpg,2363,0,66.0,1,0,0.1292780471526875,0.0284554284240809,1.4819997234377076,3.5081419840565284,7.722089651884025,1.0685042131758646,4.499881182912586,19.0,1.0784479219394842,0.0218471759453542,1.4595331749095497,0.002390580950304866,0.28135221813121253,0.4248292178361925
2364_left.jpg,2364,0,58.0,0,3,0.0721549015226785,0.0207460792097093,1.4058486873164724,2.566941889338308,5.826767483540926,1.0759251915015111,2.899887332246272,22.0,1.077460326697299,0.0123934529101082,1.3569052605222849,0.5394542813301086,0.34639904441852243,0.5272197157890441
2365_left.jpg,2365,0,56.0,0,3,0.0806937708320859,0.0231972137396962,1.3731539438662554,2.515833616704712,5.5482722970837335,1.07167113138133,3.1435243398598884,23.0,1.0777118490963469,0.0148244616090852,1.3198654006478778,0.01963897980749607,0.2960463463404114,0.5274383836361386
2366_left.jpg,2366,0,59.0,0,3,0.134588855931561,0.0338404943936048,1.4944807796008583,3.0313770843180947,6.229692044107513,1.0935002947641002,5.912106680680549,15.0,1.1163083789005597,0.0243760706218828,1.44976407971981,0.0017153461230918765,0.20468753192442896,0.5271103779439077
2367_left.jpg,2367,0,75.0,1,3,0.0344692089988012,0.0106342234977542,1.2852769701503035,2.353365530956954,5.480817276940871,1.0893022261577752,1.293217076434103,14.0,1.0961202645645067,0.0056254942824883,1.2411879060227684,0.010859429836273193,0.23618516856052837,0.4616631383577404
2368_left.jpg,2368,0,57.0,0,4,0.1080946607494166,0.0308310838632932,1.4261771291620096,2.522489188807383,5.2714171364484805,1.0871606812715198,4.232053804273231,18.0,1.0989343128389728,0.0205540559088621,1.3700644424091073,0.010124728083610535,0.2543902397632992,0.5285239463257686
2369_left.jpg,2369,0,55.0,0,4,0.1419827214917281,0.0300372425324922,1.496709657906522,3.6372691027434407,7.1279165358542445,1.085382403397836,5.371031896835651,22.0,1.093829308732311,0.0241595095133135,1.4714971259844911,0.003325807163491845,0.2425095670228723,0.5328757970826702
2370_left.jpg,2370,0,46.0,1,2,0.0850445394679429,0.0215413945183226,1.3289934192888402,2.953302407682592,6.380205470022428,1.0832665696768935,2.550866287616887,23.0,1.0957113620652144,0.0145667890634964,1.3492273015190732,0.019896529614925385,0.29593272186846253,0.419941091002179
2371_left.jpg,2371,0,57.0,1,0,0.1161622542157898,0.0317504434348896,1.4648133933623932,2.768499962143149,6.4708099293250285,1.086086834664257,5.508194070353283,14.0,1.0983178519000814,0.0207542688504045,1.4074140875216383,0.02825162746012211,0.32351092646799223,0.42882774789133576
2372_left.jpg,2372,0,80.0,1,4,0.0658473936036262,0.0185595567867036,1.3271533495602248,2.6442163472562523,6.58560176208514,1.08714558380363,2.21606648199446,29.0,1.1049715186713644,0.0114983631327121,1.2673560333229534,0.17732049524784088,0.5484923400543096,0.4075058672279084
2373_left.jpg,2373,0,44.0,0,4,0.1101190776782377,0.0280019391784751,1.440902373568792,2.969235041812417,6.428236868353128,1.0820062539146842,4.241952914322651,18.0,1.0895532169655908,0.0195331831816666,1.409876363827965,0.0011641201563179493,0.2622726212062954,0.5567042132051743
2374_left.jpg,2374,0,47.0,1,0,0.1024990296479861,0.0253535564645348,1.4494157093669915,3.173134338046933,7.51152976192288,1.0751968817201942,4.876640890136248,38.0,1.07196861307842,0.0163616278028244,1.4301972951372734,0.0007867668755352497,0.7804340462344994,0.43328146015341057
2375_left.jpg,2375,0,73.0,0,4,0.0080517840227344,0.0028723631807857,0.9412324359934084,1.847079625647683,4.242558958561086,1.0689212410494957,0.1018568503824724,12.0,1.0681813421891453,0.0011051468266498,0.994559259798236,0.007431769743561745,0.13879464454393517,0.4936085215612129
2376_left.jpg,2376,0,65.0,1,3,0.0397825574572862,0.010230230330627,1.2454480923534117,2.820279781236121,6.132347787902128,1.0949773389638926,0.8525191942189169,31.0,1.102357246795559,0.0062434493929561,1.2468503925897925,0.3741806447505951,0.43572399573413323,0.46275348851821124
2377_left.jpg,2377,0,51.0,0,4,0.0490228963438449,0.0134308675614451,1.28595283940768,2.6764819803491617,5.788205163784904,1.0946218816804716,1.6082119899096186,38.0,1.109406717013639,0.0077791511397628,1.291582281464972,0.03275425359606743,0.5109036762552578,0.5415638542622603
2378_left.jpg,2378,0,80.0,1,2,0.0854930539740378,0.0226220299096637,1.385650166525548,2.7806038805815825,6.004434141377722,1.0759479578501503,3.0365140818340546,21.0,1.0792823397323728,0.0149143449986082,1.3630915147585216,0.009600543417036533,0.2863794187643419,0.400575836782338
2379_left.jpg,2379,0,66.0,0,0,0.0357163046215356,0.0101598754297519,1.2158105905538692,2.537427332981135,5.422421486176765,1.091035389584136,1.336149525409967,15.0,1.10424744091612,0.0052520954421884,1.246266123954343,0.0003756285004783422,0.16520900924444296,0.542096003932628
2380_left.jpg,2380,0,67.0,0,1,0.059250874147863,0.0179910950116972,1.3095001902631698,2.430770608399748,5.6396907172876745,1.082957299001047,1.9621160667119464,18.0,1.091947076095316,0.0109878499735869,1.2493785822887231,0.0021414479706436396,0.27363484585627007,0.5231099086571211
2381_left.jpg,2381,0,35.0,0,0,0.0726871148515246,0.0206658955387591,1.3736300471078422,2.623232729700289,5.495238939321438,1.0977919479864586,2.5427277984963004,26.0,1.1284487422529084,0.0121352930618431,1.318450097105734,0.007627079263329506,0.3480959789010604,0.5560337437368715
2382_left.jpg,2382,0,47.0,1,0,0.114145813816482,0.0278241889842867,1.4623769083322782,3.0918377422198264,6.384976122384988,1.0873470007544008,3.669972861516472,29.0,1.0944650450850455,0.0204069806746955,1.4415130703212662,0.002057042671367526,0.3605787905289766,0.43328146015341057
2383_left.jpg,2383,0,42.0,0,0,0.1015418360105799,0.0285589515316629,1.4305203325178475,2.6186299493850784,5.7752041675624,1.0810529903679085,4.019591788122851,24.0,1.088363486957465,0.0189615558301449,1.3776692152851298,0.0003800354024861008,0.3417313148349056,0.552893414404661
2384_left.jpg,2384,0,65.0,1,4,0.0311299659170829,0.0078174309775846,1.1684528802202525,3.012958199277472,7.919778300010145,1.090944003409404,1.532829603447965,25.0,1.1051012681227472,0.0044226642381836,1.309718077942378,0.0028110004495829344,0.26207938344517245,0.4394892346927792
2385_left.jpg,2385,0,74.0,1,3,0.078928265690785,0.0207007724617148,1.3715823586460578,2.816805844246247,6.305042110865433,1.0881663112530482,3.00373965587156,19.0,1.0921546442586632,0.0135118222186622,1.344835941052115,0.0014745381195098162,0.2962705010561165,0.4617721570444871
2386_left.jpg,2386,0,62.0,0,4,0.0858372122279532,0.0220908290350987,1.388247782785522,2.9737703346320474,6.912276924124993,1.0779544179067408,2.9186061139766006,29.0,1.0853183453972748,0.0144420681846773,1.3816110209631662,0.001986006973311305,0.3989329678040207,0.5176267747770391
2387_left.jpg,2387,0,64.0,1,2,0.1161485219026517,0.0316658676112587,1.4849945710325116,2.696300175524471,5.905157348521972,1.080824936787425,4.933973198285211,29.0,1.0954876986458957,0.0198010584768917,1.428753844305451,0.2578932046890259,0.45114933314015226,0.40965416114161035
2388_left.jpg,2388,0,54.0,1,2,0.1206180271209771,0.02728057094694,1.4592209782670815,3.4236833460199145,7.920470806240109,1.085117308271076,3.740480477185563,22.0,1.0922545862794408,0.0208668937553925,1.4339066777175182,0.0019220007816329598,0.4206578228806347,0.4153599692395619
2389_left.jpg,2389,0,64.0,0,1,0.1076472936574914,0.0290620404574327,1.4463799371694503,2.775576933225385,6.162960337880505,1.0802955108949777,4.851253493155185,40.0,1.0773454587454367,0.0182680014351624,1.3878015338929732,0.07796193659305573,0.6606785977750576,0.5266044370500759
2390_left.jpg,2390,0,67.0,0,0,0.0350547178375107,0.0112864995713349,1.2709071211068037,2.1900342853622434,4.852740235550167,1.094266176932371,0.9581925462706138,18.0,1.0989901678975955,0.005986181854859,1.2505263592334812,0.0005527188768610358,0.20878169902119356,0.5416451808376389
2391_left.jpg,2391,0,52.0,1,4,0.1012853779584738,0.025453166266576,1.4402862805174832,2.936626266993294,5.896506044043724,1.080099234224447,3.7465136608988856,19.0,1.0815248952387988,0.0178306298305743,1.4035167054861548,0.12363728880882263,0.24601873322877751,0.46763078410486913
2392_left.jpg,2392,0,68.0,1,1,0.1233340737450022,0.0336466620895763,1.484048828907005,2.7447816376815988,6.184216829365436,1.1380105942201673,5.80550058559832,22.0,1.1751555979688058,0.0216570413149711,1.4124351964643158,0.0003273363981861621,0.7369377440799909,0.4356639876031127
2393_left.jpg,2393,0,64.0,1,0,0.0736321421360791,0.0174994952554007,1.3870123540070225,3.1455762561240928,6.883796782514531,1.0770624245552838,2.4227740763173835,7.0,1.0785418360492258,0.012255198869372,1.3627684689668242,0.02333545871078968,0.14595413346007713,0.4257169495512218
2394_left.jpg,2394,0,73.0,1,3,0.0384549373555037,0.0105349769310759,1.2238119978055473,2.620060263184937,6.2236666581975095,1.0771680748608643,0.9086228306629918,30.0,1.0868992347313624,0.0058707130670058,1.3078233356126168,0.05964589864015579,0.38743414782653596,0.461881179387454
2395_left.jpg,2395,0,70.0,0,3,0.0312399454564954,0.0102549959909502,1.167364972802949,2.153357661142832,5.246719960985222,1.083500335708576,0.5617776688269571,34.0,1.079048817805227,0.0040243709366876,1.144988880288757,0.007747760973870754,0.6215819343983127,0.5259074923092817
2396_left.jpg,2396,0,62.0,1,3,0.1550265493739102,0.0329489618006023,1.5240486732065135,3.735387638034744,7.362228275731045,1.0869241581668938,5.696227611348867,23.0,1.0928352684803733,0.026524607703281,1.4939346853447584,0.024284163489937782,0.3304836746225985,0.4630806635223706
2397_left.jpg,2397,0,58.0,0,2,0.1055766895181122,0.0262523963906091,1.4399993616718076,3.0794074052717884,6.443146794728842,1.0727607303790785,5.420108602916821,12.0,1.0815918963979805,0.0205713195957,1.419353152092647,0.0010642420966178179,0.10630149414183024,0.5521368109605976
2398_left.jpg,2398,0,55.0,0,1,0.1066347116463914,0.0277078340361415,1.4471999777494071,2.90551619060091,6.044475435709667,1.0745127284228415,3.640445347814216,23.0,1.0828770282787672,0.0176763846332756,1.396627378371306,0.0017026105197146535,0.33716027768873214,0.5370710381700758
2399_left.jpg,2399,0,66.0,0,4,0.1167477731583931,0.0267929936144462,1.449227568550167,3.352844718927645,7.379098507564894,1.0767910275582004,3.494077791337725,15.0,1.0838569169927283,0.0200377765511933,1.4060228572566775,0.0032483465038239956,0.21168787519549406,0.508896449259807
2401_left.jpg,2401,0,57.0,1,3,0.1128190899001109,0.02669256381798,1.4459717755272292,3.211304809939366,7.367969808870664,1.083261687994843,3.783674704873373,17.0,1.0917131773927184,0.01961961456967,1.4034854129783263,0.0017667027423158288,0.28239487481088266,0.46362602570767564
2402_left.jpg,2402,0,57.0,0,0,0.1573621243659438,0.0402107794596123,1.5410998991128748,3.008088190108551,7.022223464208391,1.086876988121959,7.275225835135299,35.0,1.093260081674827,0.0269991714326132,1.476239377058259,0.051367007195949554,0.7589340992808394,0.5461502230581671
2403_left.jpg,2403,0,55.0,1,3,0.1539513930285055,0.0339877456489235,1.5281608100583046,3.5319201165542897,7.758321889435798,1.0862408969709203,6.547380559165844,14.0,1.1006149267405814,0.0249435654884639,1.4858409877600554,0.010050713084638119,0.4068491096554634,0.46384419502000407
2404_left.jpg,2404,0,36.0,0,3,0.1545103515838731,0.0327821868339734,1.505215895322617,3.6915652759703175,7.661455136794487,1.092697005027732,5.784172212002939,25.0,1.1034658680499745,0.0258828679072239,1.4790825712188655,0.08070151507854462,0.4511503333299334,0.5296244693666351
2405_left.jpg,2405,0,62.0,1,4,0.0676029745106849,0.0167051185614111,1.3739966227689209,3.117851398754481,7.13734876062605,1.0928443388142794,2.4737105152890453,8.0,1.125579292143549,0.0115406168121444,1.3429203657300737,0.005710096564143896,0.19232521773782385,0.4459556712901659
2406_left.jpg,2406,0,53.0,0,2,0.0215965729715463,0.0076945721797565,1.1538525712321657,1.904228790634228,5.696361137530234,1.0852614961706748,0.4060460253169697,30.0,1.0937542679265415,0.0023093867689902,1.1578165570421586,0.012150815688073635,0.6572177481779033,0.5550460485269826
2407_left.jpg,2407,0,56.0,1,0,0.1339703006815988,0.0359039395302071,1.4988986146839938,2.817141424476345,6.237435113955919,1.07986401855256,6.770514912816989,18.0,1.0908912925141592,0.0246770110702971,1.45351657235996,0.0038887024857103825,0.3142793250510586,0.4292726130887626
2408_left.jpg,2408,0,78.0,1,3,0.143052731393916,0.036342523338421,1.51261933777681,2.9991882106454795,6.927793344148492,1.091256285627676,5.476479029649049,21.0,1.10341689040971,0.0248317757483253,1.461609093428294,0.001678334316238761,0.4000266361834854,0.4613361043378517
2409_left.jpg,2409,0,52.0,0,3,0.1041306698192326,0.02909050491578,1.4474073119606798,2.6209792453770624,6.176416498456587,1.0976897618250356,4.49644831105318,16.0,1.1112339235128774,0.0196580678407954,1.4021674204900252,0.06024264544248581,0.23106529178038496,0.5278756876657557
2410_left.jpg,2410,0,61.0,1,4,0.1064337485956312,0.0264369301742908,1.4330238507212982,3.0204929705777963,6.081556507328747,1.0732159060513051,4.1261098241183545,15.0,1.0779012663506489,0.0194275146899452,1.3990514516736003,0.0010064077796414495,0.16295364143905117,0.4481153327870068
2411_left.jpg,2411,0,75.0,1,0,0.1170429330456201,0.0304847016672434,1.462978406724102,2.862939799873893,5.966966675192669,1.088583567678202,4.325875862630539,32.0,1.0957436717490436,0.0197209046678745,1.402915842877032,0.00023009322467260063,0.5247971583288753,0.420840500773534
2412_left.jpg,2412,0,60.0,1,0,0.1041475398258658,0.024480674744499,1.4211951154264872,3.2293292370911937,6.318974969150343,1.0868975535137608,3.934664393305017,10.0,1.1026465368473202,0.0191133889567086,1.388284449494357,0.02341092750430107,0.10689736535653285,0.4274938449530914
2413_left.jpg,2413,0,53.0,1,4,0.1045115449380655,0.0280516261848489,1.4525154100303532,2.7633687095555657,6.023731915903039,1.0774380792368063,4.0473489864138985,12.0,1.085065792992169,0.0191824355047443,1.3973459262607493,0.005742438603192568,0.2158213209243847,0.46545639331195343
2414_left.jpg,2414,0,60.0,1,3,0.1222488527024401,0.0309832626601358,1.4750669328946724,2.995623552543792,7.446084509526821,1.093417871836515,4.933005795036101,18.0,1.1090659442014388,0.0203299632765124,1.427567794534932,0.0014719485770910978,0.4643925187855767,0.46329879787134787
2415_left.jpg,2415,0,66.0,1,0,0.030867520542797,0.0072166414431251,1.2518317296542714,3.10145167235774,6.723445568945886,1.0864873622092937,1.0664987354372135,22.0,1.0954685202366916,0.0046011802586005,1.2313672626098475,0.0030813550110906363,0.34201297686418436,0.4248292178361925
2416_left.jpg,2416,0,72.0,1,0,0.0946838336573309,0.0238406908476364,1.41675343054981,3.0596044497859416,6.812577984634189,1.0772084641556838,4.249416315804898,26.0,1.0902249240244084,0.0167143708421659,1.3894270054444684,0.09940707683563232,0.41517517767505635,0.42216895215350453
2417_left.jpg,2417,0,51.0,0,0,0.1209503021483861,0.0328220052951757,1.4815171955954831,2.735789697419852,6.141662298846942,1.0887126006191206,5.456860486266901,22.0,1.1032617290399511,0.0213322823824248,1.4254885582785206,0.03125309944152832,0.40690066654367996,0.5488496731149765
2418_left.jpg,2418,0,40.0,1,4,0.1318686340418185,0.0325723802463619,1.489849467844353,3.0971744449990064,6.306447001361937,1.078943593434445,6.042265392544149,21.0,1.0894359252028143,0.0225747159119758,1.4315400620358756,0.0008105383603833616,0.37062604736416843,0.49379585064252124
2419_left.jpg,2419,0,69.0,1,2,0.0315047356079139,0.0093037184419697,1.1784878308908964,2.5140144144484884,6.087067182900349,1.1020313196163014,0.9136221055944128,14.0,1.1194862646648278,0.0048421971596503,1.3092062205380874,0.008289579302072525,0.19133111959835955,0.40681025138487065
2420_left.jpg,2420,0,64.0,0,1,0.1595331525334707,0.0426798781873551,1.549871086853675,2.7960655932156184,6.105348707912093,1.0955539127339404,7.474407728941614,30.0,1.1059193271750956,0.0274987500568156,1.4905381057283,0.0007086606929078698,0.6114462835393633,0.5266044370500759
2421_left.jpg,2421,0,51.0,1,3,0.103629299150654,0.031578894182915,1.4514158210144423,2.421844572833781,5.950027067077828,1.1196900065332769,4.5473607623397685,29.0,1.1101326708089103,0.0173001813891681,1.3773359458131698,0.05617915093898773,0.6669499376533029,0.4642805750842723
2422_left.jpg,2422,0,63.0,1,3,0.1295249298981304,0.0323355965377536,1.4833325014951566,3.037617797279444,6.588986161009327,1.0855096007824712,5.729845395587512,16.0,1.099945783772829,0.0232946103958664,1.4409634874657138,0.0007853208808228374,0.2510028858408585,0.46297160164142315
2423_left.jpg,2423,0,32.0,1,1,0.1690690918277125,0.039439181508147,1.54953952352908,3.350807121939885,6.833017075462086,1.0824733065448986,7.427055702917772,9.0,1.092805276780075,0.0297991663508904,1.509960555293736,0.00026038222131319344,0.14212042772533945,0.47735926419775965
2424_left.jpg,2424,0,58.0,1,3,0.0997984871647243,0.0239234449760765,1.4186434756970645,3.1824177815570827,7.187605345426789,1.076142039830308,3.3750918223510493,14.0,1.0847389385396031,0.0176745617344001,1.391541460200633,0.0003749101597350091,0.19779202660543102,0.4635169462676175
2425_left.jpg,2425,0,68.0,0,0,0.0966688175512179,0.0283967172124536,1.4237603792314832,2.475092625574236,5.569977991901276,1.1049675690538066,3.8312631069527354,26.0,1.117909473624225,0.016973503790934,1.3442726291447913,0.0037388517521321774,0.5089096734269217,0.5411942895470953
2426_left.jpg,2426,0,54.0,1,2,0.12956146007342,0.0322164621297899,1.4794252649696158,3.046396472422356,6.21309467237618,1.077626084838251,4.772809204413325,23.0,1.078993954565372,0.022772392852972,1.4297180870793798,0.007450322154909372,0.3145589905275638,0.4153599692395619
2427_left.jpg,2427,0,51.0,1,1,0.1060836521115159,0.0287532025205795,1.439350997354293,2.77219847858408,6.317948957594736,1.078371697328259,3.9920966592720233,16.0,1.085612425140411,0.0192125968336104,1.3865935401857246,0.006177879869937897,0.26706850487187245,0.4552766796093153
2429_left.jpg,2429,0,68.0,1,1,0.0805523590333717,0.024352451900753,1.384869945767908,2.451651550812083,5.136649364752451,1.0869115814337846,2.87686996547756,21.0,1.103712180931702,0.013642420204712,1.298348757454738,0.0484691858291626,0.38064028527822646,0.4356639876031127
2430_left.jpg,2430,0,45.0,1,2,0.1299232891664898,0.0309521643774698,1.4821322887894102,3.2300455105827863,8.016226434329361,1.0943941086646514,4.497538987093579,29.0,1.1140638679538764,0.0213456232376216,1.4292281690155064,0.032218221575021744,0.6904644023568011,0.4205147195285943
2431_left.jpg,2431,0,51.0,1,3,0.1179181404749873,0.0318342597271349,1.4694780554342477,2.7686937221368835,6.342542982170882,1.0832292452280674,5.204648812531581,25.0,1.0909929680021129,0.0209651339060131,1.4041836029399113,0.13454599678516388,0.4535171149765855,0.4642805750842723
2432_left.jpg,2432,0,45.0,1,3,0.1402837007227661,0.0341562055779125,1.50638971379707,3.1581605695575163,6.852321418040678,1.1048651914334142,4.955252567721785,31.0,1.1152590591071947,0.0231695597333173,1.4606174519340058,0.0026884034741669893,0.5970973110933304,0.46493524753960525
2433_left.jpg,2433,0,33.0,1,0,0.0400151169324561,0.0092392304287937,1.235885478742743,3.117120332229606,5.447326886512492,1.069750391747467,0.4475407635045425,19.0,1.072303280970646,0.0071109254645721,1.2317211464630609,0.00670595932751894,0.09842429933776976,0.43953465373405975
2434_left.jpg,2434,0,54.0,0,1,0.1179944728771857,0.0350067952286885,1.4767095081036588,2.425041059644927,5.605792770747367,1.0915182364028837,5.254303223818161,28.0,1.1157173227757602,0.0206635578705925,1.3979181829303229,0.005423698574304581,0.6112741889163394,0.5382321495884841
2435_left.jpg,2435,0,28.0,0,2,0.1515293903659017,0.0388183223694182,1.529402744674615,2.952394236754977,6.343572286665456,1.0841489847207513,6.770343872838796,18.0,1.0957567891453153,0.0266973858388658,1.4769395504497311,0.03444681689143181,0.29438702225154695,0.5695318610286936
2436_left.jpg,2436,0,42.0,0,1,0.1415773739712832,0.0348253988850682,1.5092097786340222,3.13938778340648,7.159250230833376,1.0866463297637026,6.388149981783792,20.0,1.0972631928008882,0.0246143403985606,1.464142845923586,0.02748815342783928,0.40603847944047017,0.5521296037374803
2437_left.jpg,2437,0,74.0,0,2,0.0420070690822892,0.0086670335252285,1.2712954554069056,3.7222521588735713,7.942028639054389,1.0821670658722486,1.3757196071791398,21.0,1.0768901471097667,0.006217194378598,1.2767568605194342,0.012911931611597538,0.41759838762608603,0.5428042032533757
2438_left.jpg,2438,0,56.0,1,3,0.0955770817868718,0.0259805526227218,1.4372146967900343,2.772935210689669,7.102278591848712,1.0799558880510185,3.0429751075415066,36.0,1.0975936267714532,0.0142328244802736,1.3928368269255655,0.00011567266483325511,0.7751587273511492,0.4637351086285806
2439_left.jpg,2439,0,58.0,0,2,0.1379253493472689,0.0360963034387661,1.5085113628679416,2.9009910764337588,6.378019241113421,1.0829800898906088,6.045194070713783,28.0,1.0926141463122456,0.0258094814622375,1.4596484740887157,0.016020748764276505,0.32401280604132077,0.5521368109605976
2440_left.jpg,2440,0,59.0,1,1,0.1057813504497618,0.0261909703415355,1.433722183492227,3.028783833290752,6.030532801788487,1.0862479786935286,3.340943259646973,15.0,1.0905593368951114,0.0200304734521561,1.3971694239153358,0.002472028136253357,0.1495361823090258,0.446026087699713
2441_left.jpg,2441,0,60.0,1,2,0.1155803014303542,0.0308908009680532,1.4602274384456706,2.808408492246381,6.406156881391677,1.0971254508527222,4.496698210920409,23.0,1.1274712985855224,0.0197298949591507,1.4297400920475118,0.0008670873939990997,0.3966267667336627,0.41193365766143264
2442_left.jpg,2442,0,54.0,0,2,0.1358707154591173,0.0299728893502514,1.489606894028971,3.5201002631067824,7.781919781466257,1.0761991871981678,5.291111939772029,13.0,1.0814303915868038,0.0218346552714592,1.4487119904327297,0.0011789926793426275,0.3869946970278901,0.5544644962375241
2443_left.jpg,2443,0,46.0,0,3,0.1164149704530531,0.0317238244355775,1.4697300158166766,2.7414440711804064,6.337424104740685,1.0772290662599284,5.05076013940098,21.0,1.0896504143592247,0.0191474316884691,1.417308124428038,0.000995671027339995,0.46274136103081764,0.5285315632983314
2444_left.jpg,2444,0,65.0,1,3,0.0686831750069557,0.0175583290273858,1.401036699883215,2.984411479791301,6.880965421743936,1.09847341520137,2.633252514010891,23.0,1.1017471630588245,0.0120533407528121,1.3907553122747045,0.0006311057368293405,0.34366069436872854,0.46275348851821124
2445_left.jpg,2445,0,58.0,0,1,0.0388771606083551,0.0118341414982223,1.286498576248763,2.3417150876049355,5.154919323386935,1.0872754122559063,1.1533273494030278,9.0,1.0952523192719903,0.0067444577606394,1.2322799516057483,0.005994030740112066,0.197204307029671,0.5335853407446928
2446_left.jpg,2446,0,53.0,0,1,0.1203234621154341,0.0294823292908987,1.4738577752900917,3.1267272015831824,6.260431721889762,1.081167620812173,4.444826070925282,23.0,1.0859236618115249,0.022264537864362,1.4379490873332412,0.006824555806815624,0.23200377687387883,0.5393928463794297
2447_left.jpg,2447,0,34.0,1,0,0.141225020837145,0.0354942977373909,1.5029748046011175,3.119287697913361,7.530632880361002,1.0815020069473176,7.064300380150841,32.0,1.0903383404909706,0.0228700372019271,1.4481831666393865,0.014426168985664845,0.7760485182362027,0.43908733558881363
2448_left.jpg,2448,0,56.0,0,4,0.0747832804912308,0.0194796725127423,1.3574953281045767,2.905992909120705,6.780701160578959,1.0908747433674788,2.458161094834852,23.0,1.0926742094970354,0.0118794397399365,1.3032709943155871,0.010004980489611626,0.5134367179767859,0.5307004553282794
2449_left.jpg,2449,0,48.0,1,1,0.0517329620117759,0.0119695872889991,1.2993921818931349,3.2433982986971506,6.794992662188665,1.0742334599703076,0.922156185593154,22.0,1.091673772410336,0.0079213216342451,1.3238687699754006,0.000686603831127286,0.26893886449186855,0.45875397487420494
2451_left.jpg,2451,0,67.0,0,1,0.0044563052900163,0.0014260176928052,1.1329981559650644,2.1816819583105898,4.337327967424626,1.094664750119994,0.3565044232013079,6.0,,0.0007231946870655,1.0392923530246367,0.000442138611106202,0.0989330432911266,0.5231099086571211
2452_left.jpg,2452,0,58.0,0,1,0.1275681903164192,0.0331174015421774,1.4844988626616047,2.937172891757581,6.603747396516294,1.081475358333072,6.164667360612828,19.0,1.096280778014321,0.0221321664258067,1.436921134336406,0.015082563273608685,0.3813750800681219,0.5335853407446928
2454_left.jpg,2454,0,65.0,1,0,0.1204005868087781,0.0328433280440705,1.4789260898551106,2.6794335268990066,6.000397454438628,1.083668171865095,5.438958913405786,24.0,1.0948578719314814,0.0197099887228925,1.4057983771057867,0.0034737493842840195,0.4937000026132863,0.4252730234583533
2456_left.jpg,2456,0,48.0,0,1,0.032076410307432,0.0045567605213411,1.2402865321629126,5.460057234459032,8.53478485015062,1.0963684243767746,0.3979703512088349,5.0,1.1038849900895165,0.0039448811063575,1.2942225890241812,0.0020131117198616266,0.0663860171027456,0.5451896764286238
2457_left.jpg,2457,0,69.0,0,4,0.1342369961754965,0.0266894974827999,1.4671904779970542,3.976744412692083,8.14497060614615,1.0913397243964342,4.050077412872069,9.0,1.0993779278747615,0.022495873022383,1.4521840378972355,0.12682735919952393,0.12222079192095565,0.5023448504204872
2458_left.jpg,2458,0,52.0,1,2,0.1696371737746658,0.0392632334070908,1.5503082106643558,3.413786559956625,8.529032305064323,1.0887080170796608,8.032493710405868,11.0,1.1061052086510548,0.0283612702454204,1.4997100688938585,0.0036538438871502876,0.48080461076068876,0.41650391150184235
2459_left.jpg,2459,0,39.0,1,2,0.1437710454657559,0.0335368462378634,1.5114624329226602,3.321214394848817,6.995875231728959,1.07949261854058,6.392284965043764,15.0,1.0953658133946738,0.025337608278764,1.4813409626563183,0.0030418219976127148,0.21333181595594294,0.4239609487128796
2460_left.jpg,2460,0,66.0,1,4,0.0995981530013727,0.023616622987645,1.4281591450947255,3.234965129282079,7.065152132586545,1.090960825715367,3.045051790839885,14.0,1.0932762385205304,0.01683763883689,1.383150274566467,0.04386338219046593,0.27000216850893577,0.43733820186153094
2461_left.jpg,2461,0,66.0,0,1,0.000530644733351,0.000245298037115,0.5281822577679064,1.274609063728892,2.7071067811865475,,0.1501824717031193,2.0,,0.0,,0.13626602292060852,0.0009790883103582765,0.5242750198456096
2462_left.jpg,2462,0,53.0,0,1,0.1241343335486114,0.0230662228625366,1.4576358842562636,4.230975956743413,7.770414490460971,1.0790125144800875,3.0801331412390085,15.0,1.0923449403994296,0.0203139748621392,1.4452589230373534,0.0019897494930773973,0.11653433899547547,0.5393928463794297
2463_left.jpg,2463,0,41.0,1,0,0.1328108045362094,0.033683424262765,1.4924785061181711,3.05887820399766,7.449935096046589,1.0928435203168505,5.7030670387959965,33.0,1.090808159804035,0.021934096770449,1.437751212659913,0.0007062729564495385,0.7910192317807381,0.4359589186523344
2465_left.jpg,2465,0,62.0,1,3,0.1064265287734555,0.0283964038077329,1.4482081503233637,2.8235862835557497,5.994268511058754,1.0993031508793405,3.7215497316566775,17.0,1.109279585524249,0.017662670897481,1.4171818321837204,0.0015239756321534514,0.2720113999030727,0.4630806635223706
2466_left.jpg,2466,0,70.0,0,4,0.0732020806871106,0.0193350672392588,1.3737843376523602,2.797844081747859,6.285499018362992,1.088556715997599,2.5202121010504244,20.0,1.0918159924701412,0.0122784733563176,1.359018267167591,0.010210861451923847,0.33777770908187116,0.5001606940517636
2467_left.jpg,2467,0,69.0,1,2,0.1101838369598213,0.0309790745895439,1.4565473919176406,2.591762562540765,5.717814319057421,1.0860404977236264,5.042267579763013,24.0,1.0833979903627973,0.0192892460780934,1.4294316978385493,0.0026163170114159584,0.37318648939238713,0.40681025138487065
2469_left.jpg,2469,0,74.0,1,0,0.1057003094738943,0.0253968253968253,1.4311966836041912,3.1576895950908184,6.671018284552543,1.085703876866927,3.593890386343217,27.0,1.0986059625372682,0.0171408605370869,1.389144701463331,0.004446118138730526,0.4264062532760209,0.42128319154056554
2470_left.jpg,2470,0,46.0,1,0,0.0765045309234904,0.0224626080364668,1.3687007079108735,2.543518889132996,5.794069563088846,1.0764046633234805,3.939933469984191,40.0,1.0790275660415376,0.0137149582815905,1.350212293916889,0.005056681577116251,0.656902043432926,0.43372743715672
2471_left.jpg,2471,0,56.0,1,2,0.1286780851998243,0.0334171757096658,1.489509262858051,2.9088570563810827,6.252431367793122,1.0921994975451397,5.589491755499661,22.0,1.1040368929102928,0.0225176667864414,1.4444798716054343,0.002972703892737627,0.3608422143880238,0.4142169384730282
2472_left.jpg,2472,0,60.0,1,1,0.1120805063981773,0.032513753681541,1.4648305065879506,2.5260126282659634,5.551041930861596,1.0993838669895424,5.0518573153419855,39.0,1.1071850511923025,0.0197780213895638,1.3925489351297229,0.01617141254246235,0.7306211773937018,0.444872254306597
2473_left.jpg,2473,0,31.0,0,4,0.1657309758303729,0.0386016685784742,1.5439590691028908,3.4223640219448286,8.34164026939786,1.0945260802969503,9.045292152830063,36.0,1.1060245362110377,0.026691191704608,1.4925649567497103,0.00123290391638875,0.8667456980577809,0.5845242090266344
2474_left.jpg,2474,0,58.0,1,2,0.1302471793126232,0.0364812237828746,1.5044944991784706,2.6549058755692254,6.146893647500672,1.0933579767652952,5.706448286563817,26.0,1.1052410482245132,0.0234765284771792,1.4382578262587016,0.003955388441681862,0.44626724491431696,0.4130748307705809
2475_left.jpg,2475,0,53.0,0,2,0.157116855474772,0.0396397561242453,1.5447764086426492,3.069719837254353,6.806302985802675,1.0824843593619424,7.011925245914683,21.0,1.09168121711605,0.028714082531852,1.4948583058189235,0.0002704505459405482,0.2890326036079541,0.5550460485269826
2476_left.jpg,2476,0,70.0,1,1,0.0208450550846688,0.0053224313483492,1.2408743187884423,2.7869786872028994,5.598369754250305,1.0913134166766063,0.4537452129880029,10.0,1.079963131868492,0.0034439261665789,1.2463969324601845,0.3620295822620392,0.16091710453574862,0.4333685836770771
2479_left.jpg,2479,0,40.0,1,3,0.136225471143401,0.0260113014620145,1.4741635709330605,4.210073674574128,7.6894994454481775,1.0789789158121297,3.4881055600402626,16.0,1.0797732935797586,0.022886955481807,1.4704869417257374,0.003296494949609041,0.12980440048332018,0.46548090032636313
2480_left.jpg,2480,0,63.0,1,1,0.0484151863462208,0.0142857863997294,1.3031238510817325,2.484199058704195,6.040265054428839,1.0868406000525708,1.7163135603915214,20.0,1.096912656740246,0.0079758100747606,1.2966854055199908,0.02916950359940529,0.4103232357675467,0.441414366943759
2481_left.jpg,2481,0,55.0,0,3,0.0139562126353207,0.0044181208595895,1.1122345063752093,2.367740011357164,7.125183237330512,1.0715609152966403,0.4039424785910486,16.0,1.105609070862878,0.0022317821942155,1.1360628698154642,0.0018712807213887572,0.33368166144669237,0.5275477136172481
2482_left.jpg,2482,0,64.0,0,0,0.1583445725802785,0.0399258462268964,1.540738638627573,3.0325652826783487,6.45393702054978,1.08594347076045,7.475993473659751,22.0,1.0945066735942126,0.0297675875272141,1.5017359074511314,0.0037698436062783003,0.3347166228542381,0.5429974426253626
2484_left.jpg,2484,0,60.0,0,0,0.0908208624989942,0.0220653310805374,1.399709171379676,3.121512870948336,7.312321112699715,1.1055896854147316,2.966851717756859,21.0,1.1054974594648777,0.0148744870866521,1.3834499132306444,0.0030409793835133314,0.4958574430061057,0.5447994696732451
2485_left.jpg,2485,0,56.0,1,2,0.1013461451298554,0.0258250363857035,1.419962102010751,2.940420019436563,6.644458560176158,1.0732812014849118,4.331031843156215,18.0,1.0786492691126457,0.0172284417853923,1.3862695974627246,0.018832236528396606,0.32808035518829237,0.4142169384730282
2487_left.jpg,2487,0,63.0,0,4,0.0245681420156026,0.0074032797325266,1.165857010891867,2.3345171499666293,5.873985735266022,1.080270054413438,0.7462983601337366,24.0,1.0840096900195029,0.0037265164782677,1.2367275523348629,0.0013552014715969563,0.28911049008116935,0.5154449936262118
2488_left.jpg,2488,0,48.0,1,1,0.069174292772887,0.0170002932799133,1.3514322352162496,3.011814738753353,6.3081457108918775,1.0979893281638915,1.739796095897561,13.0,1.1215663740575923,0.012501677660521,1.3162038749209417,0.003979055676609278,0.23563100019717817,0.45875397487420494
2489_left.jpg,2489,0,50.0,0,4,0.1394756155184027,0.0363982748393972,1.5096966348093497,2.8896035734268923,6.78741390187477,1.1127687488742852,6.635233087695664,29.0,1.1211801207414147,0.0220772300917873,1.4385528808729438,0.27815043926239014,0.8263151280882601,0.543732133544378
2490_left.jpg,2490,0,60.0,0,0,0.1076191008779734,0.0293386476057813,1.4365868619354725,2.7081417020881005,6.179246190143607,1.0800975616395307,5.083806550993121,16.0,1.0949004910530038,0.0181085189346375,1.3711838427482743,0.009267465211451054,0.33221437601431064,0.5447994696732451
2492_left.jpg,2492,0,43.0,0,0,0.0782797105197663,0.0198810261615565,1.3989120333416114,2.934907330533992,6.309638576368663,1.0991090311342089,3.4647836462211896,21.0,1.1100486582803757,0.0135077762432961,1.3844007742693742,0.0008772245491854846,0.33277323276139653,0.5524444452373565
2493_left.jpg,2493,0,40.0,0,2,0.1369151130343349,0.0343248271120637,1.5008902796814514,3.057929181642823,6.799786718897151,1.0903101169790064,6.066243377684312,29.0,1.1060536461524262,0.0244722368261414,1.4612835799920332,0.05544300749897957,0.42704969417484984,0.5625919492450863
2497_left.jpg,2497,0,45.0,0,3,0.1096094538904505,0.0262110750252449,1.4189410280139705,3.165125363247917,5.614518185675631,1.0834156237601884,4.202942059441609,37.0,1.0689195630968695,0.0208564176741901,1.4044669238778122,0.007517942227423191,0.33491215239044947,0.5286408663886957
2498_left.jpg,2498,0,59.0,1,3,0.1381941947700199,0.0367584669590853,1.5220359163971346,2.8176840636166243,6.659738466968626,1.0868911276521218,6.088061168236619,22.0,1.0945337648414184,0.0222621701301502,1.4474016343451537,0.008359923958778381,0.604650647946344,0.46340787031873304
2499_left.jpg,2499,0,74.0,1,2,0.05209159472416,0.0140130026924767,1.3081117820407029,2.834970562370532,7.197678570650697,1.0962565661602213,1.51546532362762,21.0,1.1002986083227375,0.0084663996079996,1.2756419968400692,0.0049657803028821945,0.5539793307313376,0.4039725745453258
2500_left.jpg,2500,0,35.0,0,4,0.0882242541627254,0.0241680805168936,1.4018817015991032,2.7154123779583705,5.962921907385197,1.0928704501807602,3.503345695138857,28.0,1.1100450218971285,0.014764099715228,1.3403431108994837,0.021110303699970245,0.535473040463236,0.576012911653298
2501_left.jpg,2501,0,50.0,0,0,0.054951679872355,0.0163953003463093,1.3096212577634463,2.458071832484647,6.553953927207084,1.0838722893302817,1.6318241981397203,33.0,1.091704493494363,0.008499084365311,1.3202805408132483,0.010606781579554081,0.6323416149009697,0.549299306422937
2502_left.jpg,2502,0,40.0,0,4,0.0828845226195626,0.0225176167529477,1.3810380871067185,2.7957911716458765,6.771773014836767,1.0756527749231628,3.7297289233018542,26.0,1.0778695191130252,0.0143122131216836,1.3628452658028154,0.01110839657485485,0.46110856155849334,0.5653106101075531
2503_left.jpg,2503,0,64.0,1,4,0.0737224280705244,0.0175515380598314,1.366709440721624,3.1467925612126595,6.379358578350248,1.0792617403373073,2.039141571133713,20.0,1.083566953226898,0.0134881754656454,1.3514958214738118,0.003899498376995325,0.16291737142901902,0.44164254306001766
2504_left.jpg,2504,0,65.0,1,0,0.1014554794520548,0.0284951651893634,1.432435195569835,2.581826618684663,5.867928340719984,1.1001335301010045,3.676470588235294,30.0,1.115025544856396,0.0175564061240934,1.3697844918731752,0.00661022774875164,0.5494262276351708,0.4252730234583533
2505_left.jpg,2505,0,55.0,1,4,0.1144456730614392,0.0309396772912215,1.4546094939819023,2.8195599594894327,6.192947909665877,1.071458179604445,4.777292295140044,23.0,1.075543307958282,0.0213421507477267,1.4061462362502335,0.0036923724692314863,0.3033983928291726,0.4611116295304609
2506_left.jpg,2506,0,66.0,1,1,0.1213280684032773,0.0325027804136439,1.4684438736586214,2.808233430902028,5.483116730018546,1.084589612430087,5.356760231412042,22.0,1.104472619590331,0.0225085963247523,1.4121648478554432,0.00187978136818856,0.2586052768907838,0.4379621523293782
2507_left.jpg,2507,0,43.0,0,1,0.1641668993577725,0.0346094778411584,1.532117700753136,3.7614351335531815,7.889898755811329,1.089451538353308,6.432246998284734,23.0,1.1015342626514717,0.0280874785591766,1.5034547089771078,0.003958335146307945,0.31223597024317734,0.5509742840982469
2508_left.jpg,2508,0,74.0,0,0,0.0765035751878334,0.0203032557801894,1.378413247132387,2.800600250255847,6.485769180002481,1.0788761586878766,2.495372218794236,36.0,1.0917168031961542,0.0123407498820369,1.3565766973652975,0.024455009028315544,0.5930963610398176,0.5384875505071035
2510_left.jpg,2510,0,66.0,0,3,0.0317848861598602,0.0083115518123608,1.2425787104084745,2.8758081071730057,6.442489458437112,1.0821150336189214,1.3368552554546,19.0,1.0706923060040838,0.0052967127190252,1.2636861232477383,0.006073281168937683,0.2524810082296426,0.5263449407981334
2511_left.jpg,2511,0,53.0,0,3,0.101978263073959,0.0266964112869772,1.449818218575905,2.883961238584191,7.403469619395415,1.099207459601142,5.945851270752865,44.0,1.1266824804849145,0.0155560062316208,1.3949521209719749,0.020154431462287903,0.9261866589886,0.5277663656424777
2512_left.jpg,2512,0,50.0,0,3,0.000729818658618,0.0002968753865564,0.5362563958956749,1.6143025743009372,3.47213595499958,,0.0,1.0,,0.0,,0.002819197718054056,0.003021289010474041,0.5280943236815392
2513_left.jpg,2513,0,69.0,0,0,0.1093819653491878,0.028990878992632,1.4486778889453424,2.832017870545572,5.940187968224147,1.1081148880029257,5.4094936613757145,24.0,1.0869665780841509,0.0214075702858516,1.4081727107397657,0.010271428152918816,0.4606735801004024,0.5407433307891996
2514_left.jpg,2514,0,62.0,0,0,0.0256489422000212,0.0072532222462869,1.2021141748460893,2.660194320528617,6.801527045111612,1.0813241198964323,1.4285253471086186,18.0,1.0888503281540232,0.0038017206818213,1.317656240186133,0.00374416122213006,0.2693522214604996,0.5438985998086648
2515_left.jpg,2515,0,39.0,0,1,0.1128557213930348,0.0260248756218905,1.4476395863545346,3.303648955005712,7.2508620869271585,1.101352571731072,3.681592039800995,24.0,1.1221262305094313,0.0191691542288557,1.4280435231557358,0.001187519053928554,0.47640545954495084,0.5555921390391564
2517_left.jpg,2517,0,69.0,0,1,0.1203734462464487,0.0293570794639271,1.468127761377842,3.2343822472713204,7.6590127069724545,1.0847496224193465,5.057291176018524,21.0,1.107780053720626,0.020397741076608,1.4210943525351731,0.01064403634518385,0.4824362118761751,0.5207789442286177
2518_left.jpg,2518,0,56.0,0,4,0.1161212967459932,0.030050995628946,1.455985869532127,2.9633184897332727,7.106254973200906,1.1090950484004949,4.654362959365388,31.0,1.1260728815522365,0.0200947061680427,1.4045279547077678,0.0061185783706605434,0.6562160892521098,0.5307004553282794
2519_left.jpg,2519,0,61.0,1,1,0.1207398669649106,0.0323973236355093,1.484059692826602,2.730776010963742,6.06471915405284,1.081633749788331,4.747757051887601,22.0,1.0958791737732745,0.0210614418497653,1.4246571096009684,0.0007629061583429575,0.3967921336334384,0.4437190149792415
2520_left.jpg,2520,0,69.0,0,2,0.0914277875440753,0.0226041804269847,1.395024090543384,3.091513852604555,6.56452073038359,1.0861811460423865,3.4548983345357733,19.0,1.0942439457618154,0.0164361707532694,1.3654865467568804,0.004545082338154316,0.27249042744585594,0.5457241856550207
2521_left.jpg,2521,0,78.0,1,2,0.0758860416428383,0.0183548741614492,1.3455542265056863,3.085718477722664,5.958684973199331,1.0741559763555155,2.287521569836542,18.0,1.074129392889217,0.0133074080888751,1.3269545633221032,0.004267000127583742,0.20124617773765882,0.4017070387696757
2522_left.jpg,2522,0,60.0,0,1,0.0090552491201887,0.0035797477034153,1.0012862661966864,1.834976964084269,4.20138517884658,1.084135555367348,0.7562847260736723,13.0,1.0819253343183486,0.0015075275539735,1.1662619506537448,0.006224902346730232,0.060758333569121005,0.5312596980425266
2523_left.jpg,2523,0,53.0,0,0,0.0988579818499792,0.028678235509298,1.4351044017941146,2.540181392017658,5.984376244032361,1.0929664380638882,4.0589499847163,19.0,1.105356943284804,0.0164813413576937,1.3740510413147449,0.13101954758167267,0.4166323476078628,0.5479501678702431
2524_left.jpg,2524,0,59.0,0,1,0.1091915981587497,0.0292457644675077,1.4494806460487235,2.786639803354348,5.956115139529269,1.075490145256516,4.901242490235411,20.0,1.0783558405602016,0.0190744230934419,1.3929449996376766,0.014340177178382874,0.3037840998532245,0.5324226954959468
2525_left.jpg,2525,0,34.0,0,1,0.1101279130891887,0.0305395958794831,1.4769512560799003,2.6666628709215394,6.010147533880884,1.087313849445836,5.5794822609353245,33.0,1.100388128815838,0.0173793955714588,1.3996581981213403,0.000642366532701999,0.7389994052442701,0.5613508915539559
2526_left.jpg,2526,0,62.0,1,0,0.0442299281803763,0.0137474246631643,1.2424876231382769,2.2541856302702508,5.390262139698403,1.0901779775641394,1.001153961671611,23.0,1.1077213057207798,0.0072715393005622,1.2051551464774646,0.0014596780529245734,0.327036254143289,0.4266051604152686
2527_left.jpg,2527,0,70.0,1,1,0.0489637999222155,0.0120565907173848,1.3424460504041815,3.0929438175036097,6.793054617749493,1.0761519485078284,1.7678285509361915,6.0,1.0765514273404937,0.0089199577741523,1.3128209942190474,0.0013410513056442142,0.16064464878099607,0.4333685836770771
2528_left.jpg,2528,0,37.0,0,4,0.0924392334257996,0.0250419648154815,1.4057307664165597,2.7361624611378046,6.067922332212715,1.078982660643084,3.702032060611901,24.0,1.0862431031633826,0.015168188894918,1.3880863178631369,0.0042048608884215355,0.3957303637234024,0.5717399585006755
2529_left.jpg,2529,0,59.0,1,0,0.1125483424717013,0.0318429210465198,1.4638795797281492,2.597792632104972,6.147496921244445,1.07342766809457,4.594428119919622,27.0,1.0789292735499685,0.0200741167085718,1.3967914837882318,0.0020905162673443556,0.49483667650595364,0.42793836313534545
2530_left.jpg,2530,0,55.0,0,4,0.1230294619769775,0.0318480876171839,1.4842361899455154,2.9041047966545004,6.212502622216249,1.0827030311770702,4.792188732366243,18.0,1.1004249783701836,0.0210407036530455,1.4241604711920242,0.009402080439031124,0.3301687944645914,0.5328757970826702
2531_left.jpg,2531,0,44.0,0,2,0.1565424976376386,0.0376087929576764,1.5344326891775697,3.225267240442837,7.1166441516248335,1.081395443960128,7.211418908837718,19.0,1.095776341377103,0.0249714029939821,1.4818964511875832,0.0019357685232535005,0.5017391335749491,0.5602730507172918
2532_left.jpg,2532,0,56.0,1,2,0.1314774857627958,0.0331081320080648,1.4918714263068025,2.9623805227466504,6.377568383701462,1.0856685761350444,5.204727711890529,21.0,1.0889701200855917,0.0233454776979944,1.4455978900496076,0.09132105112075806,0.3258111660499851,0.4142169384730282
2533_left.jpg,2533,0,56.0,1,1,0.0090160881300929,0.002372654771077,0.98550895011075,2.6760057953585723,5.7914380745128975,1.073884654019766,0.0,12.0,1.0766390692960446,0.0013776705122383,1.065836262508449,0.0015705222031101584,0.04708141735058094,0.44949103077515556
2534_left.jpg,2534,0,76.0,0,2,0.0904736158623163,0.0298631147582401,1.4142240838825766,2.183154856568662,4.785786903315962,1.1134850927193414,3.537086350383774,33.0,1.1277433312267513,0.0185848622810164,1.3264735747758654,0.030975259840488434,0.43016184168075317,0.5416353748216581
2535_left.jpg,2535,0,60.0,1,4,0.0978969250290218,0.0249723279609081,1.425572706480996,2.980453198493709,6.572232657509554,1.0822497505371138,3.77959558327259,15.0,1.0968943607404047,0.0168569963013957,1.4196467200298395,0.009540545754134655,0.21689283944205576,0.45027695311047644
2537_left.jpg,2537,0,56.0,0,0,0.1179193299537139,0.031954546567727,1.480616937507016,2.7319952526561653,6.366046365211885,1.0948392504980504,5.387799084074156,17.0,1.099726999752893,0.0204393505253104,1.4183516842828967,0.0018832235364243388,0.419231070063068,0.5466003242466938
2538_left.jpg,2538,0,58.0,0,3,0.1191345045791804,0.0295271212825748,1.4643267081165705,3.109030801286796,7.292682781928856,1.0802481296977475,4.751026019448881,20.0,1.0917799903539536,0.0198127893577017,1.4293205135216631,0.009424084797501564,0.42765479204146645,0.5272197157890441
2539_left.jpg,2539,0,52.0,1,3,0.1478119496003251,0.0363823955478202,1.5068260792486312,3.176165342156244,7.438935091825922,1.0817424480072495,7.191020603837296,15.0,1.0828823866727162,0.0267891571915416,1.4635292780814246,0.006313159596174955,0.32683640929813024,0.46417147491408345
2540_left.jpg,2540,0,64.0,0,2,0.1124267824681882,0.0258584124419309,1.4457096751817862,3.3636984230437057,6.907591732236587,1.081756740759468,3.686124015350434,20.0,1.0772315812609488,0.0191223995152494,1.4380624073508923,0.01801196113228798,0.2973365668667866,0.5486410262743465
2541_left.jpg,2541,0,58.0,0,4,0.0661577608142493,0.0214524067372795,1.3745895305294842,2.2314464057077843,5.57405060146427,1.0703745697962408,2.905517842520933,40.0,1.0765844929720136,0.0099007721633781,1.2865926220528332,0.00044071738375350833,0.8138708852005959,0.5263463522659199
2542_left.jpg,2542,0,73.0,0,4,0.0374311664892235,0.009057241973032,1.2376515940332864,3.0065422935611177,6.596129449845412,1.0797748861895038,0.6622280407728711,25.0,1.084797974024403,0.005353859006556,1.2391886430618513,0.020889461040496826,0.29707581951138257,0.4936085215612129
2543_left.jpg,2543,0,49.0,0,3,0.1158799704752351,0.0317060014762382,1.4828616690039325,2.740907368342343,6.596344065305071,1.080614664162315,5.062740125290989,37.0,1.0881442252231062,0.0184198572969699,1.40123837327049,0.0019021736225113273,0.8089115922801998,0.5282036376532085
2544_left.jpg,2544,0,57.0,0,4,0.0887221023902804,0.0271910903728485,1.4382112276004977,2.390930901482511,5.427244629913529,1.0818276550783772,3.653651450455606,37.0,1.1026963045538936,0.0152661002773253,1.3630599973467394,0.002010045573115349,0.6536688299461665,0.5285239463257686
2545_left.jpg,2545,0,46.0,0,0,0.174583553477615,0.0387138257254792,1.5575930639707962,3.5662092931761364,7.77333137715722,1.0716031250696882,7.875350154017924,23.0,1.076838194665866,0.0289792948072532,1.516143585722415,0.0001940550864674151,0.46895759214108573,0.5510970274313736
2547_left.jpg,2547,0,59.0,0,0,0.0533355202337995,0.010934502331037,1.346023377758545,3.584517519026837,5.873944596502967,1.0965003063377083,0.4970228332289585,16.0,1.103743636007501,0.0092794162963846,1.366488351810472,0.004382341168820858,0.0753561337294269,0.5452497950476564
2548_left.jpg,2548,0,49.0,0,0,0.0945757362008332,0.0246474406142322,1.403713690889314,2.891935188223816,6.491463659766196,1.080675004293051,3.958205410562319,15.0,1.0811452505524346,0.0166701343252528,1.3617572454722195,0.002842796267941594,0.27851189189088565,0.5497488592277772
2549_left.jpg,2549,0,46.0,0,3,0.1066069100720515,0.0269510999727154,1.4574994334983156,2.959630182419052,6.269334900883297,1.0858326108549905,3.7895247430702224,14.0,1.0940852867184,0.0198571096536879,1.419146997423691,0.00041230139322578907,0.14344224968104863,0.5285315632983314
2551_left.jpg,2551,0,63.0,1,4,0.0709197643754231,0.0209404775136151,1.3565829642271554,2.409078469349006,5.703845443965011,1.1062905656097377,2.222873366945873,34.0,1.1215778448979916,0.0117913328146628,1.2749198736529528,0.008497434668242931,0.7211393866811869,0.4437980482672972
2552_left.jpg,2552,0,73.0,0,0,0.0080154536169456,0.003004869961662,0.8470163952660599,2.2187981003331547,8.383137168997814,1.0697758616782698,0.3700578770519709,12.0,,0.0008511331172195,1.1352373490145715,0.004047942813485861,0.2922773518516207,0.5389388356634672
2553_left.jpg,2553,0,54.0,1,0,0.1090509498333325,0.0304015193417491,1.4536286125753313,2.670452860167904,6.271074676232232,1.0814549317427753,6.216378934796548,15.0,1.100237204432415,0.0197064107019613,1.409779523054401,0.0011699569877237082,0.31679000017281655,0.43016268567618426
2554_left.jpg,2554,0,57.0,0,4,0.1333511788116931,0.0380058182993595,1.5063469878362208,2.6089684848930363,6.007668611654013,1.0810807300336065,6.6668013495222125,22.0,1.0973332406523135,0.0247328228853108,1.4296847872878329,0.002950325608253479,0.4622459544394573,0.5285239463257686
2555_left.jpg,2555,0,51.0,0,3,0.0857359444093493,0.0199317751105495,1.4039764489458215,3.328713470162641,6.828520011384418,1.0791287000593706,2.6784586228679723,22.0,1.0835193565836765,0.0146456096020214,1.40889063724003,0.0033920181449502707,0.2370244730783882,0.5279850070155824
2556_left.jpg,2556,0,62.0,0,0,0.031535292058277,0.0082298763902728,1.2308131873385386,2.9374129897878998,7.144172829128054,1.0650900291287748,1.400371637088304,12.0,1.068429897688174,0.0054722214741604,1.2952920080715304,0.007941866293549538,0.18031298676949348,0.5438985998086648
2557_left.jpg,2557,0,79.0,0,2,0.0509986188792351,0.0173227806564731,1.2841234306116762,2.0933199594248566,5.620162572852862,1.0860686101422443,1.4692774093700718,33.0,1.089604937318108,0.0070623267477054,1.1979411947664176,0.034593310207128525,0.7852538795809125,0.5398812766393953
2558_left.jpg,2558,0,65.0,0,2,0.0861986156236756,0.0230729387389932,1.4070703123904078,2.7674099008973125,7.153897334844807,1.1002641753224776,2.401469134058483,37.0,1.1331684282059171,0.0145171163535339,1.3684350599713415,0.01580686680972576,0.6896204680475672,0.5480579189479594
2559_left.jpg,2559,0,52.0,0,0,0.1076719258099482,0.0279787657843782,1.4569380906202385,2.9030558097735417,7.204951231719011,1.0847857938627146,5.651340108765136,27.0,1.1114613382111245,0.0180750238560668,1.4002224609131373,0.001047281315550208,0.6258597163309475,0.5483999600239029
2560_left.jpg,2560,0,38.0,0,0,0.1562123069993243,0.0406596431520732,1.547939069142574,2.876340911823136,6.441342506519384,1.101062524269103,8.358149195465579,20.0,1.0956013427423776,0.025810164910788,1.4747465332528686,0.00017709923849906772,0.6206118336190559,0.5546884214856912
2561_left.jpg,2561,0,32.0,0,3,0.1214627573068166,0.0313136006691138,1.490754607772311,2.8842675212006625,6.032980688935225,1.081436050209994,4.925421681148645,34.0,1.0905339090518833,0.0199433111844245,1.4273452623929157,0.10165368020534515,0.632844989527513,0.5300615528560041
2562_left.jpg,2562,0,41.0,1,2,0.0997600222295198,0.0274433526157577,1.4322906572689356,2.672784530249712,6.257236248166108,1.0894866517395203,3.3849496046681997,27.0,1.1041031189298445,0.0166872963346553,1.3837669798125982,0.03294820711016655,0.5153675444904129,0.4228113663354839
2563_left.jpg,2563,0,49.0,0,2,0.0698055549952599,0.0241997297133751,1.359058966693789,2.060307536046446,5.028613578363762,1.0850358626678247,2.6726102829941305,31.0,1.0949692344530986,0.0121074288480545,1.2593715793465234,0.0013505811803042889,0.5984110361100804,0.5573707349492208
2564_left.jpg,2564,0,60.0,1,2,0.1300538606897806,0.0334886164977414,1.4865147249360005,2.8839287393509907,6.554269065460472,1.0920777693192671,5.709435220646935,22.0,1.1058811611776125,0.0224234278842753,1.4290969799812503,0.03701481223106384,0.4437639512107781,0.41193365766143264
2565_left.jpg,2565,0,59.0,1,2,0.1064911307372808,0.0268801887311131,1.438080645004878,2.981209942816247,6.160070699658154,1.089180972375159,4.24844931599966,19.0,1.1072130674405738,0.0205225092841113,1.4104107642402737,0.10211801528930664,0.16730226039459073,0.412504126672809
2567_left.jpg,2567,0,47.0,0,2,0.1528912054223044,0.0374601635378313,1.529081106741064,3.181728017506604,7.162605574886324,1.0991793844519406,6.212215336596009,21.0,1.10187923580556,0.0251569468224266,1.4733326132777638,0.41683274507522583,0.5773931853770393,0.5585321428282785
2568_left.jpg,2568,0,65.0,1,3,0.0584293835860883,0.013873459970544,1.296979525678789,3.206352886501614,7.99538521424204,1.0831892750124523,1.8598478946019168,21.0,1.0875464056070474,0.0086105930904137,1.3419808042952788,0.10379784554243088,0.4124056667693546,0.46275348851821124
2569_left.jpg,2569,0,68.0,1,3,0.0396582218568617,0.0100191814264006,1.295108429445846,2.863907155665748,6.175792224256533,1.0735867881862935,1.096081508606731,11.0,1.0758554123036952,0.0066312931270707,1.283454217416526,0.0008848174475133419,0.13801994915731425,0.4624263455848636
2570_left.jpg,2570,0,53.0,0,2,0.0826147357975688,0.0147506822128504,1.372562805459719,4.433858311047436,7.9512904649720015,1.0909418645044815,1.885388241131233,26.0,1.0932218357540655,0.0121458695112875,1.3903826665313403,0.003095356049016118,0.37621812124185977,0.5550460485269826
2572_left.jpg,2572,0,48.0,1,4,0.1087917311407101,0.0294810724435409,1.454394934130386,2.790890474118969,6.5180567807300624,1.0919001147998508,4.803948339856589,18.0,1.1020989799719658,0.0174054633534593,1.3767404067512756,0.0019231336191296577,0.5822604721633813,0.4763398276100809
2573_left.jpg,2573,0,61.0,0,3,0.0822169555524312,0.0238456285524915,1.3955655838335106,2.466093063786091,6.309720204009042,1.0916937373022897,3.715680170318745,31.0,1.09398328830901,0.0125479523589547,1.310998742293216,0.003463765839114785,0.7563700037638176,0.5268916944625843
2574_left.jpg,2574,0,54.0,1,3,0.1321475492673067,0.0318191005558362,1.4907070760712442,3.1872362895366195,6.633666595308116,1.093813765554614,4.648812531581607,18.0,1.0980073299778037,0.0233501768569984,1.4488792888692614,0.023241210728883743,0.23727167349781014,0.4639532848716164
2575_left.jpg,2575,0,47.0,1,1,0.1269624743916454,0.0330285314545545,1.482424251851249,2.8948524170579093,6.573697386386772,1.0830600150299994,4.996752111127767,25.0,1.0909045154566608,0.0214860340778493,1.4250919085706617,0.013870147988200188,0.4765150566517144,0.4599139835646433
2576_left.jpg,2576,0,67.0,0,3,0.0438832568077465,0.0143883256807746,1.2636406567863665,2.229241447851176,5.3425332194879225,1.1026373694098832,1.0910578715279355,27.0,1.1080732521186296,0.0070964222393962,1.260852517637676,0.1474706083536148,0.4141864835038855,0.5262355824410622
2577_left.jpg,2577,0,60.0,0,0,0.0934361066364651,0.0254605831028814,1.4123289667685106,2.7866178395733927,6.118787672605259,1.0814485559509548,4.17837252390194,17.0,1.0845852888054417,0.0173347481156089,1.376714314534102,0.0003595089656300843,0.2609475163943011,0.5447994696732451
2579_left.jpg,2579,0,41.0,0,0,0.1242463382887577,0.0350237630971319,1.4904705629322297,2.593536735825988,5.846763438944783,1.0827487732683012,4.837398576707677,54.0,1.0932179487874183,0.0214042419497209,1.419197490232036,0.0009351955959573388,0.8674321328286462,0.5533422973280002
2581_left.jpg,2581,0,54.0,1,1,0.0822677631645659,0.0202297778273522,1.3614923879393024,3.133410469890413,8.203829286098284,1.085693122744878,4.005394607420628,24.0,1.093967191285255,0.0126245981930093,1.3423148170512738,0.005599956028163433,0.6476824462749283,0.45180373997928125
2583_left.jpg,2583,0,66.0,0,0,0.1274416160023449,0.0346639982614936,1.4905573504789364,2.7585180533079416,7.068858253277405,1.079955998218619,5.8118673277034025,26.0,1.091442664002651,0.021473586326445,1.4222499172035474,0.0011145295575261116,0.66083731778347,0.542096003932628
2584_left.jpg,2584,0,62.0,1,1,0.0336640127162543,0.0099771504804076,1.212755641194741,2.356729573118564,5.475447379505701,1.0897957966329028,0.1892299759204855,31.0,1.1279754184012,0.0053788620655398,1.2748282563957214,0.07558272778987885,0.42437432451946616,0.4425663818296201
2585_left.jpg,2585,0,56.0,0,0,0.0683596805037666,0.0169789138540873,1.3500304728559995,2.990140895165295,6.189180596787109,1.0914171548699996,1.917381059302578,12.0,1.0980120493948509,0.0128010414406595,1.3226507843339457,0.00285983900539577,0.14187295730731034,0.5466003242466938
2586_left.jpg,2586,0,53.0,1,0,0.0615696430582141,0.0152325188604886,1.3241124236637158,2.9732404138790858,6.528152432373885,1.0924941382323894,1.2160792703524377,31.0,1.1195814306615088,0.0105078256953045,1.289497065336571,0.0018599126487970352,0.42412943087318694,0.43060789168546976
2587_left.jpg,2587,0,46.0,0,0,0.1141811895095935,0.0294161534147332,1.4544796342534103,2.989489577047483,6.684982890400263,1.0909704150245432,5.608467241920462,35.0,1.0972081848435975,0.0195473092220695,1.422468491139901,0.012425125576555729,0.6868530974533184,0.5510970274313736
2588_left.jpg,2588,0,75.0,0,3,0.044132098958307,0.0105781975235225,1.2991307345046803,3.1194281315256305,7.12941766599487,1.0851230940520038,0.907134613737042,19.0,1.0969090219680635,0.0067127961416541,1.2819057380156784,0.005860699340701103,0.2926995872933634,0.5253606258472803
2590_left.jpg,2590,0,50.0,1,1,0.0941387121715657,0.0267133290830744,1.4400009573395416,2.583265133384161,7.041767057028376,1.085600043496134,3.391163983125568,31.0,1.0981169020112085,0.0147764318624724,1.3616148997645672,0.0373925156891346,0.7876899394289503,0.45643531052261466
2591_left.jpg,2591,0,41.0,0,2,0.1301295291974887,0.0360962158752124,1.4985182753247903,2.676513143585388,5.851606747310799,1.0835097700098484,5.850690381465013,13.0,1.0991041131445458,0.0221359598693515,1.4216007378554585,0.00010266162280458957,0.31250471696731486,0.5620124769340171
2592_left.jpg,2592,0,38.0,0,2,0.1168934873558488,0.0301578436847829,1.4736663205237153,2.867778223827907,6.682112335969651,1.0978157063599736,4.6049988732449565,28.0,1.1127751135629371,0.0186306496967559,1.4087248210987724,0.04085648059844971,0.6618152984395933,0.5637503800348573
2593_left.jpg,2593,0,66.0,1,1,0.0008412463064029,0.0002523738919208,0.4884417900849162,2.138254046009836,3.47213595499958,,0.105155788300367,1.0,,0.0001472181036205,0.5762753316465856,0.0004098123754374683,0.0010819943260424922,0.4379621523293782
2594_left.jpg,2594,0,61.0,0,3,0.1461159032686269,0.0381184699710511,1.5290282113923108,2.922477630557581,6.52392591797364,1.0875580563295213,7.641327827658667,25.0,1.100004813675028,0.0256866173898987,1.469287616252042,0.0009715372580103576,0.5421424233863222,0.5268916944625843
2595_left.jpg,2595,0,75.0,0,2,0.1703727355727735,0.0397281938963365,1.555346921360152,3.3495418804159414,7.55943114485602,1.092817510162699,6.934847358521631,22.0,1.102886723061843,0.028767143790817,1.5091962482482844,0.028903452679514885,0.5060196129254383,0.5422198471307872
2596_left.jpg,2596,0,63.0,1,1,0.0938035437118264,0.0269205184543127,1.4091133909875588,2.5937843863430827,5.8158807880635175,1.0827483618371252,3.376403475175876,22.0,1.0863453468933728,0.0161210667419218,1.3296387902500206,0.0002413409238215536,0.39564992706988555,0.441414366943759
2597_left.jpg,2597,0,61.0,0,1,0.1035703023720262,0.0295364563259871,1.443067876688768,2.577994664130068,5.754814302323946,1.084865125248419,4.404690995910645,19.0,1.094108533197078,0.0178890518402098,1.370767079474205,0.0024200354237109423,0.3960235957691866,0.5300963609169413
2599_left.jpg,2599,0,61.0,0,2,0.126499929886416,0.032487629960536,1.4857018876484425,2.903214657001121,6.140381458055812,1.078817851748665,5.25851880045674,18.0,1.092893692497925,0.0232176125323023,1.4379018794482974,0.001343074138276279,0.20579306775060577,0.5503895407216627
2600_left.jpg,2600,0,57.0,0,1,0.0482861340901314,0.012851478372884,1.2592674497263785,2.7906992270890987,6.456746307116066,1.0834265477499636,1.3586136102892337,24.0,1.0877458419034194,0.0080963307368717,1.2793939274344346,0.012911719270050526,0.3352575393217696,0.5347476212715268
2601_left.jpg,2601,0,67.0,0,2,0.0641299133434721,0.018107029487716,1.3535005327413223,2.619219211092355,6.667698796307446,1.1048871846611523,2.3475855592867423,22.0,1.1205067274204226,0.0112888244720484,1.336455262051683,0.010701407678425312,0.4606442603738468,0.5468913099522232
2602_left.jpg,2602,0,52.0,1,0,0.1315410465674508,0.0331253000480076,1.4932636024760773,2.9881435804919025,6.133442739036767,1.0836091795009166,6.114662556535362,12.0,1.0925880763307212,0.0241150162973444,1.454516288697132,0.002930530346930027,0.17033246439101604,0.4310532099167913
2603_left.jpg,2603,0,45.0,0,3,0.0039810159391624,0.0013890776222614,0.9270407840468904,2.150774209059536,5.214130666632087,1.085072143107228,0.1006577987145999,5.0,1.1097994026512297,0.0006794401413235,0.8785611285216646,0.007905421778559685,0.15765975779055183,0.5286408663886957
2604_left.jpg,2604,0,64.0,1,2,0.1219922918473004,0.0327521312691388,1.4776615538756253,2.782994932375453,6.000979593320131,1.0844682701656143,5.212274907406943,16.0,1.0925253108599544,0.0214254569511198,1.419120122760451,0.0012091421522200108,0.288430584324826,0.40965416114161035
2605_left.jpg,2605,0,64.0,0,3,0.0760682541522167,0.0164305645944958,1.3706481304184936,3.5611482820274976,7.636072169842526,1.074645176660067,2.228779787641862,19.0,1.0869426532126925,0.0118214479936524,1.3598360669933895,0.039124712347984314,0.28817533336311846,0.5265636499193899
2608_left.jpg,2608,0,54.0,1,2,0.1422479822001677,0.0348513081169043,1.5074709681768783,3.1360717474634074,6.768256655232649,1.0815976171131816,5.926580714504553,17.0,1.0928170924642795,0.0246806929076909,1.4499212005632387,0.06251564621925354,0.3160392642302776,0.4153599692395619
2609_left.jpg,2609,0,66.0,0,3,0.057869537289703,0.0131656272350816,1.293834725896397,3.4820449637056075,7.535403609890904,1.0819403475996332,1.50334151819271,33.0,1.0966184987619552,0.0090337158502307,1.2924504409426891,0.002658233745023608,0.4970118750373198,0.5263449407981334
2610_left.jpg,2610,0,46.0,1,3,0.0959573220530647,0.0220195589805876,1.3845124304721137,3.3167257965105903,6.907467366666032,1.0831911568223125,3.0364584424015244,34.0,1.088081703110184,0.0155016438757774,1.3814502199305705,0.007521471939980984,0.5255590032698054,0.4648261270113387
2612_left.jpg,2612,0,56.0,0,0,0.1046879101795198,0.0287554774742028,1.4496662183348483,2.6875012860091725,5.724929287501699,1.0874826765961816,4.745461521374771,23.0,1.0988647437369796,0.0191989257082853,1.3937966250284657,0.07943252474069595,0.33946694094866897,0.5466003242466938
2613_left.jpg,2613,0,64.0,0,2,0.0768738767311555,0.0194312295168622,1.351645664571365,2.988533164530262,6.762366535285319,1.090758436089322,2.9601437784120943,29.0,1.10305579448896,0.0120625858970292,1.29585898810589,0.02931978367269039,0.6221124271289638,0.5486410262743465
2614_left.jpg,2614,0,56.0,0,3,0.127778505831712,0.0271323299630036,1.4688900007655017,3.6803130375731,8.73601531662656,1.1003415555789344,5.040373390860795,17.0,1.0967939597233551,0.0190677325376263,1.4315629619436023,0.019835542887449265,0.604678109583572,0.5274383836361386
2615_left.jpg,2615,0,72.0,1,3,0.1065441788860005,0.0240971153118138,1.4286783415261,3.4321166504344744,7.226101292555251,1.0916546406859526,3.836155768114479,16.0,1.0958337496437929,0.0191908739873305,1.400555596177956,0.0005592304514721036,0.1954324048036048,0.46199020537633595
2616_left.jpg,2616,0,52.0,1,1,0.0645985843063706,0.0138695625869683,1.337424285605873,3.64819049881673,9.339704950494893,1.0810617450423572,4.335813822171134,13.0,1.0806532525414605,0.0099320386391594,1.3681920330690325,0.002950145862996578,0.48475609823907856,0.45411853266935387
2617_left.jpg,2617,0,65.0,0,3,0.1235645105062926,0.0335069646186258,1.480043945129928,2.781910321186882,6.031992931485654,1.0805495838757238,6.264872757402907,31.0,1.0883938058050189,0.0234073834556836,1.43472093056143,0.003146532690152526,0.45036844470468357,0.5264542966277201
2618_left.jpg,2618,0,58.0,0,1,0.1265869467472959,0.0315696943059365,1.4805795415394205,3.083852135306617,6.94180915665594,1.0868193256566476,4.496243868184275,24.0,1.0915830090073844,0.021521347054455,1.4440034171223592,0.0024865746963769197,0.4437889657809559,0.5335853407446928
2619_left.jpg,2619,0,73.0,1,1,0.0452914057455211,0.0115130673314211,1.2620783774966384,2.97249939958424,7.173947865168795,1.0772161606186663,1.201363547626556,14.0,1.0822996370081446,0.0079740505473712,1.288521055399467,0.0008858972578309476,0.22306073819554192,0.42993086197909647
2621_left.jpg,2621,0,72.0,0,1,0.0916574585635359,0.0266700150678051,1.414477999809642,2.5017133792807043,6.131614476274789,1.0955505404444157,3.616273229532898,41.0,1.113429538543147,0.0151531893520843,1.3285641521343086,0.02557648904621601,0.8153191177609298,0.5172808321384049
2622_left.jpg,2622,0,59.0,0,0,0.1111296327165638,0.0305202382215217,1.4594862821223469,2.7001240231632693,5.662568460413345,1.0776506474391403,4.596725716912415,23.0,1.088969473401158,0.0196547909500068,1.3973943949915804,0.0032022655941545963,0.3166702687146929,0.5452497950476564
2623_left.jpg,2623,0,45.0,1,0,0.1407535336090533,0.0360758886414478,1.5083007257566274,2.9116234222865134,6.0717672981157085,1.0828798881577455,5.908285233831751,16.0,1.087506425506679,0.0251733349492745,1.457799027976518,0.017750360071659088,0.23965189920412067,0.4341735215220838
2624_left.jpg,2624,0,56.0,0,2,0.1271887073558748,0.031160829271988,1.4784838261002895,3.127198968216224,6.841503649809567,1.0855433209979444,5.454407716976844,15.0,1.0851505148226108,0.022110552763819,1.4344950715346931,0.025662831962108612,0.3175264816668981,0.5533009457094274
2625_left.jpg,2625,0,51.0,0,3,0.0589001506085399,0.0149206478428605,1.3417758150247678,2.9045244008120203,6.311569033652698,1.076012945963763,1.3116059031311198,31.0,1.0759452262518536,0.0094480852815203,1.3423448392647648,0.00026930758031085134,0.4146857929911086,0.5279850070155824
2626_left.jpg,2626,0,55.0,1,2,0.1265388149988386,0.0293271124306965,1.472144731958905,3.263006589777651,6.846207137413906,1.0814806838305462,4.393007543854334,19.0,1.0850169375188232,0.0213591056442572,1.4412161112359505,0.0019780949223786592,0.32719899808679037,0.41478833919539365
2627_left.jpg,2627,0,64.0,1,4,0.1542875906140284,0.038842161097219,1.5374853601244802,2.987350544362584,6.609527073076523,1.085169168117673,6.61766563107777,15.0,1.0982364583062314,0.0267636584072137,1.4779652374771095,0.0019295508973300457,0.36007113322987,0.44164254306001766
2628_left.jpg,2628,0,48.0,0,4,0.0876877907923638,0.027018104506979,1.4369988704407035,2.35534173801956,5.527516943541159,1.0754860363925778,3.829545604606019,34.0,1.0829840087643432,0.0149132189751783,1.3742942562356482,0.002568132011219859,0.6460262419654529,0.5480636426814862
2630_left.jpg,2630,0,43.0,0,3,0.1053209318736462,0.0265066499397242,1.439723678454778,3.039804048112128,6.431547913456929,1.082046594763815,3.4793347119992943,20.0,1.083031094646051,0.0177544079740471,1.4004157915962958,0.00021936840494163334,0.2925757080206663,0.5288594643199328
2631_left.jpg,2631,0,52.0,0,0,0.0528154479648031,0.0134555558911474,1.2960944324480723,2.924864789804261,6.492379291646401,1.095883809667877,1.5101633996798454,26.0,1.0799794726052254,0.0090760820320758,1.2786882353987048,0.010558366775512695,0.4761733941478329,0.5483999600239029
2632_left.jpg,2632,0,63.0,0,4,0.1063588172237749,0.0284533942897419,1.4535897884825737,2.735518343278799,6.426333377595354,1.0760874897810335,4.209516444035458,20.0,1.0822019888032668,0.0196917263422728,1.3992566448538042,0.0033741530496627092,0.3398990996314921,0.5154449936262118
2633_left.jpg,2633,0,62.0,1,1,0.0754368330744316,0.0207933558730062,1.3761110868521096,2.7835183278594267,6.963884508293396,1.0900166395159827,3.655082087051872,19.0,1.1063016423956298,0.012432355598875,1.3435081571862029,0.0001535609335405752,0.5389778369485886,0.4425663818296201
2634_left.jpg,2634,0,87.0,1,1,0.0177724469837604,0.005026651205152,1.0607253401901704,2.7348546318038283,6.43250568607743,1.0877014210778266,0.6469947095740286,11.0,1.1124208480236917,0.0030757133116673,1.187239978347964,0.006293208338320255,0.10807220348533099,0.41398240928349883
2635_left.jpg,2635,0,55.0,1,4,0.0145819667995357,0.0035723295827236,1.2498884624210205,3.01492991816793,6.308466477882834,1.1150438613664937,0.4541096927191079,6.0,1.087089866993997,0.0023865987184015,1.3333034633010228,0.02731282263994217,0.13701157776644798,0.4611116295304609
2636_left.jpg,2636,0,51.0,1,1,0.0510186377855471,0.011960779159328,1.2353559523599964,3.26164769620042,6.238591621022772,1.0881613002843582,1.3143713361899003,41.0,1.1013075672438215,0.0086117609947162,1.2662061770564184,0.007864913903176785,0.40057648089689346,0.4552766796093153
2637_left.jpg,2637,0,60.0,1,2,0.128696258635764,0.032546786004882,1.4847946899590416,2.9962384332660816,7.108859694213312,1.0868587668061365,4.952771783351611,12.0,1.0945680957920674,0.0210796031717954,1.4323437770887748,0.005179801024496555,0.4217000970646339,0.41193365766143264
2638_left.jpg,2638,0,48.0,0,3,0.1519362992922143,0.033705763397371,1.5178020540717585,3.517341963353221,8.253316444314542,1.0841223466532497,5.763397371081901,15.0,1.095226270012433,0.0241860465116279,1.4760631877118864,0.0001966249692486599,0.47108188673002155,0.528312948920174
2639_left.jpg,2639,0,65.0,1,4,0.0876997614473601,0.020261141252718,1.357910121283795,3.3904616431768937,8.07175308385982,1.1075086869106197,4.802719077877937,81.0,1.13435044668101,0.0123867930503071,1.302430734113768,0.035626303404569626,0.9815870279416375,0.4394892346927792
2640_left.jpg,2640,0,49.0,0,1,0.1014897344123096,0.0291939481748103,1.4518070531312004,2.6258222357470817,5.762968852207948,1.0771447358412158,5.654024201242875,26.0,1.0698317631474326,0.0183503374745695,1.4166275854387542,0.006118671037256718,0.4329901900886485,0.5440312388910755
2641_left.jpg,2641,0,32.0,1,0,0.0647222318902551,0.0190034854639744,1.3502993959730434,2.4211643689476325,5.385199367827128,1.0824139507989792,1.8894098577473264,21.0,1.0876409826251492,0.0098299033914906,1.298547324074288,0.0007972816820256412,0.3177965838191593,0.4399820701271572
2642_left.jpg,2642,0,25.0,0,2,0.0910986719350235,0.0163937697688109,1.3826627879905038,4.328648176986769,8.459754605385832,1.0838725671908118,2.8437153889903315,32.0,1.0925558100279495,0.0125273146346574,1.381351523063738,0.011322269216179848,0.6133778536629995,0.5712626887561669
2643_left.jpg,2643,0,28.0,0,1,0.1469709399159768,0.0337037313247321,1.516122214540289,3.3664870036678822,6.912036102852422,1.0792594679704268,5.717552887364208,17.0,1.08592332369934,0.0264598404056976,1.4838317024107517,0.0016901287017390132,0.1764258307505404,0.5682395119575201
2644_left.jpg,2644,0,41.0,0,2,0.0943915375506264,0.0228726950672199,1.407008237926206,3.0952446833085583,6.17581553863879,1.0802296510280294,2.7863191728612517,15.0,1.090847518698574,0.0170761560736782,1.3876006518902908,0.0010090975556522608,0.15966230034852738,0.5620124769340171
2645_left.jpg,2645,0,51.0,1,3,0.081622365496,0.0249323258240622,1.3769581716847443,2.377413986858829,5.289070049663912,1.0835176675373537,2.772498827989132,27.0,1.0944028843360414,0.0139683531861052,1.2861529785302217,0.007572007831186056,0.44983925042652606,0.4642805750842723
2646_left.jpg,2646,0,50.0,1,4,0.0567036520996267,0.013561890426841,1.275768349897151,3.188680205743143,7.745600806108591,1.097298371271542,1.728924913808008,42.0,1.1033854616088556,0.0082886694397266,1.2836503746252457,0.007462631445378065,0.6820327869852941,0.47198317416046315
2647_left.jpg,2647,0,43.0,0,2,0.1174034364987148,0.0337312066476532,1.4988377478354158,2.641331580340375,5.923601893398635,1.078160974516737,4.929403894229076,29.0,1.087883403758295,0.0210247878595824,1.4291181236233292,0.0020388499833643436,0.42265820311261787,0.5608530261360647
2649_left.jpg,2649,0,66.0,0,3,0.1011463011705508,0.0265937829959432,1.4233493855697426,2.8927479700121927,6.423994813604407,1.087048917094392,3.940568149094932,24.0,1.1003151866928635,0.018556034373879,1.397317738534343,0.030754806473851204,0.30749955205991686,0.5263449407981334
2650_left.jpg,2650,0,51.0,1,3,0.0940109865570988,0.0196358656007622,1.394451088400977,3.729286889518426,8.317373093237926,1.0888591058967507,2.431532510582129,22.0,1.1067032637334708,0.0153385040616517,1.3717977288830057,0.0010648785391822457,0.35577983270141095,0.4642805750842723
2651_left.jpg,2651,0,55.0,1,4,0.1450731570625087,0.0334560957546886,1.511799050327301,3.332817783226719,7.97933994409921,1.0869735334301776,6.004683653249535,28.0,1.097870150138287,0.02396369167951,1.4748385373750823,0.013578942976891994,0.59714137627996,0.4611116295304609
2653_left.jpg,2653,0,31.0,0,0,0.0920190830435837,0.0213673485889868,1.4329085982287555,3.330707349177662,6.870617210077361,1.0878308319112977,3.9924799870623433,23.0,1.076445055516251,0.0160608878466887,1.4218326970693858,0.02308640256524086,0.3719491725566568,0.5578262260960143
2654_left.jpg,2654,0,76.0,0,3,0.0538923650818223,0.0161697070176927,1.2961785639099284,2.411894138345991,5.750133560873285,1.0855624937248365,1.7977438314914782,22.0,1.094128926953711,0.0084493960080099,1.262928663086588,0.0479956716299057,0.39386238442902355,0.5252512452124745
2655_left.jpg,2655,0,64.0,0,3,0.0234237289877639,0.0067989454696822,1.145202232920837,2.4635909825524838,5.193537815987344,1.075946847670568,0.6680747627049833,10.0,1.0868439177686178,0.0045583254963024,1.1769433793902278,0.0003215431934222579,0.09290518898824152,0.5265636499193899
2657_left.jpg,2657,0,56.0,1,4,0.123825738305235,0.031330435352014,1.4720450025336294,2.9908682044736654,6.6726353984169045,1.0975459234447862,6.74964362889049,28.0,1.1116692445691183,0.0218154526542721,1.4159192179827358,0.03679237142205238,0.6216657076180857,0.45894141967186924
2658_left.jpg,2658,0,48.0,0,1,0.1404213689249152,0.0349892935756462,1.50556814702869,3.045242961975428,6.582437297218094,1.08468178551901,5.939694629817267,15.0,1.0893298661556876,0.024023319540597,1.4560853467754944,0.007358817849308252,0.29106189311927855,0.5451896764286238
2659_left.jpg,2659,0,56.0,0,3,0.0921350239027167,0.0258874733644647,1.412160900587401,2.6137004133369905,6.098031093189022,1.0910094910616357,3.727715565227466,32.0,1.110062247003526,0.0156967050016875,1.347330593276321,0.02860157936811447,0.5960777168807655,0.5274383836361386
2660_left.jpg,2660,0,66.0,1,3,0.0697966061841125,0.0184043970686209,1.3543632882010752,2.789283204299202,6.74359763384764,1.0756950366512177,2.498334443704197,27.0,1.0806118391849553,0.0111102402320021,1.311439211494274,0.003362666117027402,0.5316059182408585,0.4626444372965833
2662_left.jpg,2662,0,49.0,1,1,0.084811563341235,0.0238107195950018,1.4090187879617535,2.6298070514837844,6.700907574606476,1.091803296780998,3.766724255695287,26.0,1.1056209074759764,0.0132739362770701,1.3515715043231953,0.01845046691596508,0.7044177066151485,0.4575944130655827
2663_left.jpg,2663,0,61.0,0,3,0.1322357912614488,0.0343617946177642,1.4973139860235527,2.8734839972477286,5.920561098270438,1.081892321746409,5.105238682545139,27.0,1.088864718582063,0.0246871145797529,1.4466638847262012,0.0005843669059686363,0.29928343898238297,0.5268916944625843
2665_left.jpg,2665,0,63.0,0,4,0.0470638024633705,0.0126573657891152,1.3144898091140755,2.752756297709315,7.982624993762014,1.0852822287397088,2.5781721246084097,20.0,1.1065441034142005,0.0063286828945576,1.3407463565186872,0.0012453674571588635,0.5546345958296378,0.5154449936262118
2666_left.jpg,2666,0,61.0,0,3,0.077027755797368,0.015629331330736,1.338562047998449,3.692910003547513,7.899641570262485,1.0904404610241136,1.2600234868377946,16.0,1.0976931099421792,0.0128068787202193,1.313159922144579,0.0002873544581234455,0.19783477950807804,0.5268916944625843
2667_left.jpg,2667,0,68.0,1,3,0.0349164680204781,0.0099071643382315,1.2112974404461485,2.455932023783626,5.235399903563418,1.124184819812618,0.5531919173631856,26.0,1.1441584112406435,0.0059040664634943,1.1927417455819942,0.006232683081179857,0.33480873895739466,0.4624263455848636
2668_left.jpg,2668,0,45.0,0,1,0.0569759981408789,0.0145597469978731,1.3509226233751854,2.901975899383795,6.374418522276542,1.084033123811032,1.6166270087853574,11.0,1.0901717598239231,0.0103161010998115,1.3627572674235504,0.02229928784072399,0.2078439786143134,0.5486620061818672
2669_left.jpg,2669,0,50.0,0,3,0.1559321520061845,0.0387948239883181,1.534414531271057,3.097352861952713,6.826030248292847,1.086991232175109,7.32645152162819,15.0,1.095076303859582,0.0272341887597075,1.4783089116954748,0.00178238982334733,0.34318502232611525,0.5280943236815392
2670_left.jpg,2670,0,75.0,0,1,0.1046906460513559,0.0227199284098535,1.437937790329419,3.613849776542029,7.187846140242286,1.0869016734825347,3.977230356210694,19.0,1.0965088254721598,0.0178080489199333,1.440891195628694,0.002478430513292551,0.2594618594027941,0.5137810255095064
2671_left.jpg,2671,0,67.0,0,1,0.0461719618108342,0.0131738248318029,1.2938496581116568,2.554199097059407,5.698068645339596,1.0804750599198325,1.4926280757812802,29.0,1.0948136301902267,0.0071480300073525,1.279761204585433,0.0058347610756754875,0.45210045916795283,0.5231099086571211
2672_left.jpg,2672,0,28.0,1,3,0.0300549237397145,0.0075749841762459,1.2017993155237627,2.9500732654441424,6.861458608590813,1.0916107055964062,0.8167098842313739,20.0,1.09983500974475,0.0052167343855279,1.2927183232003936,0.10850407183170319,0.20769439898840053,0.46679080166933645
2673_left.jpg,2673,0,65.0,0,4,0.1374812070039028,0.0336679372503758,1.4943571407999965,3.134714995527803,6.526815254648038,1.0864694086986804,5.669536869706956,15.0,1.0951219632306215,0.0249206517942565,1.4547527972775198,0.0004958480130881071,0.221970502603664,0.511079747746442
2675_left.jpg,2675,0,49.0,0,3,0.1266118274788795,0.0316655887465136,1.4804788518453036,3.057605685317149,7.784377137805808,1.0876570853181209,5.659080803589474,21.0,1.0967685898236674,0.0215954565665548,1.424127474534875,0.0010129791917279363,0.5537649887351507,0.5282036376532085
2677_left.jpg,2677,0,89.0,1,3,0.0026273805962708,0.000807657792402,0.875947215190325,2.1898040182010057,4.360674675869181,1.055643731799391,0.0,5.0,1.0654161628342702,0.0003689301027021,1.0042066920752548,0.002307480899617076,0.05195808262595145,0.4601372664139263
2678_left.jpg,2678,0,67.0,1,2,0.0876060420042064,0.0277243863903955,1.409698320947362,2.2590671716123745,5.6109310337081,1.115704323020411,3.4718378601402824,20.0,1.1202087046596252,0.0142345352265751,1.3118785701861675,0.0015356774674728513,0.6614203627938041,0.4079470772212572
2679_left.jpg,2679,0,51.0,1,1,0.110645715440582,0.0297089733225545,1.455410168006922,2.8117009375398707,6.756426921239188,1.0792885791488025,4.2946645109135,23.0,1.0922504990164466,0.0178102263540824,1.3907692057421186,0.010278526693582535,0.5405828270425003,0.4552766796093153
2680_left.jpg,2680,0,51.0,1,2,0.1005702484291661,0.0267883073717402,1.4477403823332282,2.799845307968461,6.097197112259855,1.0880725300136105,3.68794457019311,26.0,1.101080728108919,0.016987594676452,1.3922460432483497,0.004839078988879919,0.44604862241603443,0.41707622081819135
2681_left.jpg,2681,0,66.0,1,2,0.1257940068640721,0.0287236577291783,1.4633529207673217,3.419306136585718,7.151369962022207,1.0876210368900667,4.207666063398881,21.0,1.1010492978881643,0.0216365286248029,1.4327104516236755,0.058379627764225006,0.3310263646766201,0.408515860589784
2682_left.jpg,2682,0,54.0,0,0,0.0742484824524968,0.0183006470532305,1.3529645048573011,3.0543417631974,6.998567563640091,1.0869728099810343,2.502139329126403,34.0,1.095144234595519,0.0119452131572494,1.3314585728231585,0.0015854358207434416,0.6191457940969984,0.5475002973750372
2683_left.jpg,2683,0,57.0,0,2,0.0786536704541439,0.0209379684920927,1.3939065272230011,2.8392599207540177,6.173181505007223,1.1014163029677015,3.583885638714041,19.0,1.1036787436801792,0.0154460423302323,1.367430888933136,0.013356499373912811,0.2520088021283815,0.5527189505834421
2684_left.jpg,2684,0,59.0,1,4,0.1045587851274531,0.0257919370066086,1.4238988331977154,3.075056042212698,6.574959091986768,1.0806485549084484,3.013076753108491,15.0,1.0859199637710162,0.0174105618383785,1.394883404929295,0.004356017801910639,0.21854903010067475,0.452440452319039
2685_left.jpg,2685,0,57.0,0,1,0.1293344787508211,0.0346455101318914,1.4900990249414643,2.7860444365312524,6.469434887133224,1.077650379960319,5.760776188791753,18.0,1.086186028982218,0.0223053211380059,1.4261043028596825,0.020582670345902443,0.3753914082430238,0.5347476212715268
2687_left.jpg,2687,0,52.0,0,1,0.03848993955073,0.0121662431313434,1.2468535442629236,2.239965560409112,5.577433482831835,1.0779217083650114,1.1713000921762249,24.0,1.0861503597525437,0.0058361300244954,1.2612980818193715,0.006470500025898218,0.37954765592859985,0.5405531161100336
2688_left.jpg,2688,0,47.0,0,0,0.119604872311158,0.0295847371463886,1.4721261435413266,3.0712672246826926,6.842514474965913,1.0874469681137735,4.435716991288053,31.0,1.103424227556041,0.0206584796953808,1.4264733379894656,0.005622659344226122,0.5309653620581065,0.5506477204506859
2689_left.jpg,2689,0,41.0,1,2,0.129258987898234,0.0334402870063919,1.4847025957112243,2.848556233832672,6.362894232303375,1.084862251232672,5.406634496349258,22.0,1.0947045623935003,0.0225613299310275,1.4297829497588774,0.16642144322395325,0.3865503374197379,0.4228113663354839
2690_left.jpg,2690,0,34.0,1,0,0.1010606794809669,0.0305820276745813,1.4568950966921017,2.41570120319912,5.456460727099673,1.0822471085605383,4.796796914386965,18.0,1.090477502364682,0.0184970362647636,1.384135856335539,0.0010312102967873216,0.3194474411098526,0.43908733558881363
2692_left.jpg,2692,0,88.0,1,1,0.0221515838904807,0.005626193887297,1.1365214763904328,3.099727381523677,7.911707398241591,1.2034282713565936,0.8456701687360713,10.0,1.117209093595284,0.0034672476918178,1.2631103721721086,0.00019599175720941275,0.7264716907217794,0.4128496931444893
2693_left.jpg,2693,0,35.0,1,3,0.1099692351286255,0.0321867346732244,1.4567929872574126,2.6011641896044666,6.516224752939155,1.095964487833855,4.705810917481329,37.0,1.1071501123053835,0.0168599591151051,1.384641028613747,0.047243379056453705,0.8380629844139812,0.46602663574029063
2695_left.jpg,2695,0,63.0,0,4,0.0955375334131655,0.0198861540382399,1.4000056645347796,3.7855855894027166,8.017217183133171,1.084928197034452,2.724130690169861,22.0,1.098222952366686,0.0154367405776292,1.4334146616322228,0.012543538585305214,0.17228144467751474,0.5154449936262118
2696_left.jpg,2696,0,50.0,0,1,0.1351766746042579,0.0318211463499719,1.4850856409822055,3.312139277831684,7.164907450527978,1.0871070981003828,4.954674836824357,30.0,1.0925023363262765,0.0226701652737963,1.4441543806715251,0.0028148230630904436,0.48745155036113164,0.5428723247515318
2697_left.jpg,2697,0,53.0,1,4,0.1309743401066966,0.0327746593016491,1.4886012251725342,3.058781774331134,6.770437849563463,1.093776028573004,5.5685100755229175,18.0,1.117473127849138,0.0239943121647085,1.4409459688114246,0.0019266128074377775,0.2970158175142233,0.46545639331195343
2698_left.jpg,2698,0,74.0,1,2,0.0007093734021824,0.0004053562298185,0.7285652906826209,1.0847255013944963,1.8284271247461903,1.0688794244548745,0.0,4.0,,0.0,,0.030772756785154343,0.0012989983106668206,0.4039725745453258
2699_left.jpg,2699,0,65.0,1,0,0.1062158486957128,0.0252588899238397,1.4348831027735816,3.1072822973716705,7.03785256506588,1.0714849703054097,4.482942404152201,29.0,1.0764626122552077,0.0172543472088702,1.3941977216311432,0.001890676561743021,0.5349202545392608,0.4252730234583533
2701_left.jpg,2701,0,56.0,1,0,0.1305619839721888,0.0353501157114993,1.4953473956668015,2.7662827039762874,6.377237262180676,1.0901700139958472,5.709781411377119,28.0,1.1036241291369278,0.0218487564803492,1.4195686883128946,0.00010270509665133432,0.6146868448112621,0.4292726130887626
2702_left.jpg,2702,0,53.0,1,1,0.1277832532131866,0.0281292113361626,1.4682392972652958,3.4687914549962167,7.330260681572681,1.084360975599372,4.475330369893598,22.0,1.0779108495773249,0.0200786451314439,1.4267252758163782,0.0031217278447002172,0.3754230009127359,0.4529608820255349
2703_left.jpg,2703,0,70.0,0,3,0.1069243575070232,0.021262095515555,1.4219740886112855,3.8669303844527008,7.842180966035538,1.0924775228557115,3.01737592342108,22.0,1.0992802585170265,0.0165227343668712,1.3999508649357206,0.03695964440703392,0.3646900745852175,0.5259074923092817
2704_left.jpg,2704,0,67.0,0,4,0.141161729711159,0.0337494758221382,1.5047700136250826,3.2153295479355517,6.560773419748984,1.0779965993317704,5.102839907239464,21.0,1.0932854047582248,0.0243269051023346,1.4549181190614555,0.00021046384063083678,0.262700889687279,0.5067128113527685
2705_left.jpg,2705,0,42.0,1,2,0.1177176087602864,0.0285223315746241,1.451838944115145,3.1993562213653304,8.177250246615003,1.0805230361242115,6.147923060254685,25.0,1.0913006820564175,0.0199706713834338,1.3960809404276708,0.0007343593752011657,0.6204033547202779,0.4222368876747342
2706_left.jpg,2706,0,56.0,0,2,0.139521018593371,0.0360701293451899,1.512262153562162,2.958009011035034,7.060213321270824,1.088821428328781,6.265157639450283,25.0,1.0970653577369107,0.0241107518189167,1.455582610838162,0.20626157522201538,0.5317141264338303,0.5533009457094274
2707_left.jpg,2707,0,60.0,1,4,0.1301095148612879,0.031581499666606,1.4860165528511953,3.1711349657760777,6.4159777308936565,1.0919870241071583,5.253480430785396,20.0,1.1101527460651828,0.0235446848922026,1.4476220775304671,0.00269781774841249,0.2447064557836568,0.45027695311047644
2708_left.jpg,2708,0,59.0,1,4,0.1153836566408918,0.0289057397685746,1.454861122723575,3.1013267499492057,6.845621501444045,1.0699348404245097,5.135031383517048,22.0,1.0763709862688942,0.0211583234870352,1.4172338053769935,0.0031385677866637707,0.2869455186671384,0.452440452319039
2709_left.jpg,2709,0,47.0,0,2,0.1480371076991409,0.0398635211935838,1.5287324418012889,2.827452806766894,6.294426599827262,1.087347901524947,7.268102116834742,31.0,1.0994955050539383,0.025251607562864,1.4567018615780805,0.002652309834957123,0.584295466652291,0.5585321428282785
2710_left.jpg,2710,0,52.0,0,3,0.0414774327559498,0.0111471975778059,1.2488402649825554,2.730038534098892,5.611016105624172,1.0720553700671007,1.188212927756654,20.0,1.0831495233125945,0.0072040909731023,1.235187337452985,0.0001121865861932747,0.20435006243700138,0.5278756876657557
2711_left.jpg,2711,0,53.0,1,4,0.0106436469176735,0.0034151271213863,1.04332942946334,2.0985973905330737,5.452666633165091,1.0777459363733182,0.8960974954075004,20.0,1.1016227270125043,0.0013640595207869,1.0504113555974472,0.01677877828478813,0.3472100768798015,0.46545639331195343
2712_left.jpg,2712,0,60.0,0,0,0.1279278915139144,0.0266314342879084,1.4701195556724649,3.7116997231501663,8.197102656995074,1.087044311478141,4.041955498069966,14.0,1.0927254035637164,0.0197853721630524,1.4455068638280806,0.001870495150797069,0.32445675555961107,0.5447994696732451
2713_left.jpg,2713,0,57.0,0,1,0.1233205218175311,0.0297530801083789,1.489316770645773,3.278266783457782,7.200903079693772,1.0880499654560438,7.528895622551366,26.0,1.0891485392851823,0.0223403711466693,1.45998263219771,0.007825572043657303,0.47876159586174566,0.5347476212715268
2714_left.jpg,2714,0,55.0,0,2,0.1063767731671748,0.0302200715895532,1.413140611030688,2.652058984094299,6.087666246659782,1.0890529687849078,4.971496751955455,21.0,1.1088381198637474,0.0178642449953599,1.3602930175620775,0.2690078914165497,0.44313470475445316,0.5538827947798316
2715_left.jpg,2715,0,57.0,1,4,0.0866343631124491,0.0236473919922233,1.407093415425469,2.735259751037602,6.372279417763418,1.0830119433608187,2.92616637487663,17.0,1.0983650694415967,0.014258861572492,1.3880359305894707,0.13065695762634277,0.3081065123632975,0.45677276622420065
2716_left.jpg,2716,0,62.0,1,0,0.1152882332137624,0.0265598949123427,1.4484996771633032,3.397832523207161,7.831013521713023,1.0795855302256665,3.890264234830496,21.0,1.0814505364334013,0.0188197847723942,1.4093777870512765,0.0933719053864479,0.45742018551302477,0.4266051604152686
2717_left.jpg,2717,0,59.0,0,4,0.1226363144945767,0.033777400564809,1.479394189877938,2.736052468153432,6.3647400258892,1.0756488292285016,5.506635748675124,31.0,1.0890728591891132,0.0210616187488317,1.415448686744825,0.0004025017551612109,0.5959620713797912,0.5241677555043437
2718_left.jpg,2718,0,45.0,0,0,0.0730670802636681,0.0171280858213777,1.3255436662131936,3.271430091000519,7.755007407458771,1.0713225330186535,1.5509887553315238,18.0,1.0757862877780149,0.0117358149153418,1.3444457300488415,0.026540914550423622,0.3064305404831488,0.5515462510341876
2720_left.jpg,2720,0,65.0,1,4,0.0820934356575204,0.0259330177383255,1.3948473334794962,2.3175852925069744,5.237216446416836,1.0902917633672249,3.3344616612692173,22.0,1.1069945805364367,0.0139542168309478,1.3230095497283172,0.0039663296192884445,0.498518542204901,0.4394892346927792
2722_left.jpg,2722,0,64.0,1,0,0.140647885332175,0.0334700350508591,1.5046300355173805,3.202110929483123,6.629480856426877,1.091146208728034,5.000050505560663,15.0,1.096280314627242,0.0236669057263204,1.4609203112480622,0.0016516242176294327,0.24901238454752211,0.4257169495512218
2723_left.jpg,2723,0,48.0,0,0,0.1442891124236499,0.0301469550668252,1.4947391358762292,3.848433903305674,8.71064052118248,1.076988805237677,4.686838551010946,21.0,1.075799072344945,0.0222549237002842,1.4601201190817346,7.263298175530508e-05,0.5102483700553823,0.5501983308100123
2724_left.jpg,2724,0,75.0,0,0,0.1310070998688176,0.030297112987052,1.4798474760049911,3.407718281271258,7.300441355827862,1.0800216023911915,5.307377254383593,29.0,1.0914782022680285,0.0215599683560148,1.433915836202322,0.01869182661175728,0.5254101512336162,0.53803620226169
2725_left.jpg,2725,0,47.0,0,4,0.1498233145001896,0.0387659965261833,1.5304634773098924,2.954534867761898,6.327192069279338,1.0968953632684733,6.288805925452694,32.0,1.1003346893573691,0.0243766096348499,1.4662507230035955,0.011631985194981098,0.7030020249571973,0.5502267114088591
2727_left.jpg,2727,0,66.0,0,2,0.1164269824858226,0.0258326283798602,1.4363275886656826,3.442318888671404,6.913897142448616,1.0770688675475124,3.550876753245397,16.0,1.0820434432022976,0.0207204102307025,1.4113081013066282,0.003694686805829406,0.19491311081515555,0.5474746796498166
2728_left.jpg,2728,0,36.0,1,0,0.1099466136503547,0.0247504768440492,1.448117070392387,3.458461691024096,6.999866669426672,1.0803436714671175,3.7340168939034606,13.0,1.0888155631492007,0.0205270009789179,1.4405287308636,0.00022002133482601494,0.12554188542700984,0.43819299686130203
2729_left.jpg,2729,0,62.0,1,1,0.1031936727236321,0.0264153776843369,1.429604551736232,2.937660309300507,6.890020244332839,1.0884553904629566,4.204835560895029,24.0,1.0936503217369309,0.016904440106122,1.3960830035920355,0.0068890927359461784,0.5304720976528222,0.4425663818296201
2730_left.jpg,2730,0,50.0,1,4,0.0980168554780303,0.027293870507915,1.4270445046188456,2.691121021285241,6.780913418440339,1.0958753469796396,4.401430464901093,38.0,1.1033349795319625,0.014919848950909,1.357242613884759,0.001914406893774867,0.8587945806539814,0.47198317416046315
2731_left.jpg,2731,0,69.0,1,1,0.0863353254154373,0.027818544014928,1.4068644619140207,2.2119007480496964,6.170933517801536,1.0899563563208343,5.093678291348311,50.0,1.1063378319077937,0.0110749678493078,1.2927722348888813,0.004374431446194649,0.9613965784312709,0.4345159345910767
2732_left.jpg,2732,0,43.0,1,2,0.0661681849824463,0.0176989377632429,1.3239037078709135,2.7044698312799027,6.096721366493669,1.0870916195346214,2.3037666584866257,22.0,1.0945907884396382,0.0113986367711207,1.2960569646750677,0.00852449145168066,0.3761244403195175,0.42166261933681665
2733_left.jpg,2733,0,56.0,0,0,0.1312987898845464,0.0360053558345754,1.5006908310299234,2.701034620322406,5.917106655820243,1.0781716467195106,5.002147386504308,30.0,1.0841785227276477,0.0233029330773311,1.4257463246608666,8.961522689787671e-05,0.49877611268750716,0.5466003242466938
2735_left.jpg,2735,0,51.0,0,3,0.0474115786398573,0.0127632997209602,1.3175500395947213,2.794724934166714,6.812114167956815,1.0745422688176225,1.3095729784726349,10.0,1.0884238033854128,0.0081898679346019,1.305619188321654,0.0005133281229063869,0.16294713983467504,0.5279850070155824
2736_left.jpg,2736,0,70.0,0,2,0.1014422420722182,0.0260998801922989,1.4443494775296175,2.8958750972644984,6.644859734937058,1.0941625853266634,4.549659533811553,25.0,1.1015554523064863,0.0179812655130752,1.4282358933350536,0.4294663369655609,0.3990146818345452,0.545140434207086
2738_left.jpg,2738,0,55.0,0,4,0.0713963508531786,0.0205063593045985,1.341974921456463,2.578192749247217,6.871122187842706,1.0840074135405875,2.8517060979846214,29.0,1.10257226787685,0.0125993560329138,1.2808033318014982,0.0017145810415968299,0.6126558483735828,0.5328757970826702
2740_left.jpg,2740,0,55.0,0,3,0.132633365255318,0.0324413371507395,1.4979130359870878,3.09186155070022,6.780701290278986,1.0837258967503216,4.21767154758774,19.0,1.0954609737299978,0.0226811489929688,1.4452466413496603,0.0010047914693132043,0.2983529651606544,0.5275477136172481
2742_left.jpg,2742,0,53.0,1,4,0.1130143864100592,0.0343226337367928,1.476331170566196,2.4237263271880387,6.245062920245073,1.0870556645869596,5.486135262624234,20.0,1.097531389129079,0.0186528598929223,1.37803636076715,2.8660149837378412e-05,0.7087748128406536,0.46545639331195343
2743_left.jpg,2743,0,55.0,0,4,0.0702631206962702,0.0199511318430564,1.341903743279249,2.6228996619671374,6.126102524786065,1.083214670910707,2.97853435916076,27.0,1.0893507442490156,0.0116162840007269,1.3063116173575453,0.0016235844232141972,0.5149678796513633,0.5328757970826702
2744_left.jpg,2744,0,40.0,0,1,0.119758836671188,0.030698954759435,1.471628118566931,2.954327979194788,6.78023316272525,1.0862337691842343,5.934333359929785,19.0,1.0928065197902417,0.0221415463177212,1.418748474308798,0.0010935652535408735,0.3500606604132851,0.5544385433726462
2745_left.jpg,2745,0,48.0,0,1,0.0635313364706832,0.0143402476217406,1.379483008679134,3.4534261779495505,7.436619465173302,1.0878566052433976,2.524691482700814,11.0,1.0935496613827749,0.0114419017996,1.3744632525264282,0.0628235787153244,0.24849926282555723,0.5451896764286238
2746_left.jpg,2746,0,62.0,0,4,0.1090089037934275,0.0264055035565121,1.4276962645493088,3.0766936540690004,5.713065055813599,1.0865221710580395,3.114381211383064,17.0,1.089067826477764,0.0195093737313067,1.4043921337985037,0.00034502698690630496,0.1381530812946534,0.5176267747770391
2747_left.jpg,2747,0,40.0,0,3,0.1230162138674292,0.0335847855414138,1.4775110445776158,2.7224151171941187,5.646380386984392,1.0847818212346492,5.30525422272973,19.0,1.0944939217213807,0.0213220693523042,1.4096276784805892,0.009701859205961227,0.31938788714108746,0.529187340436906
2748_left.jpg,2748,0,55.0,1,3,0.1295988831550868,0.0319048687457931,1.4862950187159023,3.1518393676550707,7.083447210444405,1.0799564139638649,4.886196494901903,22.0,1.083256625418201,0.0222122503926407,1.4397998395790927,0.0003830977948382497,0.39884397988660947,0.46384419502000407
2749_left.jpg,2749,0,54.0,1,3,0.0626332837082042,0.0169446344505693,1.3167674067097372,2.7404577682654128,6.148798097025931,1.0955576266492129,1.9615338188548663,22.0,1.091465412011078,0.0115026354967207,1.288743370998011,0.002624734304845333,0.28142611926965755,0.4639532848716164
2750_left.jpg,2750,0,59.0,0,3,0.0321719309671116,0.0065275655637101,1.2542124962345624,3.608118488068831,7.295323236743513,1.083457305180242,0.4007714851088345,10.0,1.1015606771634514,0.0055556947123212,1.2361123985110416,0.00547132408246398,0.09977985748250083,0.5271103779439077
2753_left.jpg,2753,0,70.0,0,0,0.1199783795686924,0.0237524460615281,1.4450951928554507,3.9770941060154,8.238676301460297,1.0815397115749703,3.703499807317916,20.0,1.0943307165748242,0.018767735510057,1.4314074000848882,0.005259594414383173,0.3140053755515713,0.540292305292595
2754_left.jpg,2754,0,51.0,0,3,0.1211106884747052,0.0309065550906555,1.4651243920354675,2.9766814162484736,6.94756500855762,1.0805350388017123,5.223785976924052,29.0,1.088913421970375,0.0213870926841638,1.413622129597803,0.002240524860098958,0.5398712872600276,0.5279850070155824
2755_left.jpg,2755,0,61.0,0,2,0.1498069413962303,0.0332746987033214,1.4901823009455608,3.480839712027473,6.369830351675808,1.0764028900467892,6.535129041568867,32.0,1.0765243716359276,0.0273767447433055,1.4693053988506903,0.005492805503308773,0.2545562785361922,0.5503895407216627
2757_left.jpg,2757,0,58.0,0,2,0.085088594078954,0.0233598259345441,1.3820644838386316,2.686211229979232,5.388940200036804,1.0867770287370635,2.568674261883896,24.0,1.0972015407059013,0.0164848448218548,1.3296166908709148,0.00813838467001915,0.23651489793297867,0.5521368109605976
2758_left.jpg,2758,0,57.0,0,0,0.1078905724671752,0.0262294418912701,1.431205779490536,3.0629636116877013,7.396214761827578,1.0765210714748352,3.842400893863787,17.0,1.0890303961873222,0.0175031472296795,1.3771528405312012,0.0002565087634138763,0.38673314129834313,0.5461502230581671
2760_left.jpg,2760,0,62.0,0,2,0.0909675009338812,0.0252322251276304,1.4042214085610654,2.6863867766940546,5.916545530846317,1.0810631104498205,3.8351388370065993,23.0,1.0824564592711436,0.0163964637031502,1.3609678737703974,0.00391815509647131,0.338660720993243,0.549806838729863
2761_left.jpg,2761,0,53.0,1,2,0.0687602627257799,0.0183878008730826,1.3427690723983143,2.7751574220339688,6.435160266802447,1.077651074694595,2.853538387600625,14.0,1.0852996266617867,0.0113741038888221,1.3155911810315284,0.04186568409204483,0.30540668797691023,0.4159318271582714
2762_left.jpg,2762,0,53.0,0,0,0.1538613140899305,0.0401898062520845,1.5368444273393345,3.0117771274013783,6.902154766433773,1.0834179598847515,7.529587742437565,33.0,1.089390490266681,0.0277937802573198,1.4793053747270288,0.00010509101412026212,0.6843313768238733,0.5479501678702431
2763_left.jpg,2763,0,47.0,0,0,0.0410372569726095,0.0123713759520857,1.2388535872548114,2.4174809095628733,5.857769435946144,1.0712212599096005,1.5304794992271078,21.0,1.0749709574064488,0.0067443129932607,1.2648233626642138,0.0006225007236935198,0.27401656510065187,0.5506477204506859
2764_left.jpg,2764,0,48.0,1,4,0.1243057523729968,0.0325531904314404,1.4768536108088006,2.888406419085133,6.5437738930548,1.0791200058481618,5.46945310441186,22.0,1.0863859342070032,0.0213756171780605,1.4194458390423237,0.0002204391930717975,0.4591506943815698,0.4763398276100809
2765_left.jpg,2765,0,65.0,0,2,0.0549877026757545,0.0137341425876024,1.2902138259482054,3.005983470048624,6.934332273713405,1.0928028787281827,1.2783081336189923,26.0,1.115508054266227,0.0083959278216095,1.2793071837617578,0.011385836638510227,0.5015955566821669,0.5480579189479594
2766_left.jpg,2766,0,37.0,1,1,0.1486453797774552,0.0317993065634575,1.5088639787179825,3.6572064354892393,8.509616689959516,1.083203108225374,4.686744073536526,20.0,1.099294819130331,0.0231968634091275,1.471653827790793,0.0002064443106064573,0.456475340795447,0.4715359114031214
2767_left.jpg,2767,0,59.0,0,0,0.0581167702737779,0.0189704400772543,1.349443126611667,2.19216128625076,4.991703530811535,1.0913163050256915,1.847770137394908,44.0,1.1063739054441348,0.009529214565708,1.3132195535152096,0.01764518953859806,0.673759761770533,0.5452497950476564
2768_left.jpg,2768,0,67.0,0,3,0.0715529157565493,0.0195028518321075,1.351861152345836,2.786016470565341,6.684818237759618,1.0905820340732582,2.5003656195009647,29.0,1.1093850933314953,0.011713977043813,1.295561676137787,0.02238944172859192,0.5580500552795689,0.5262355824410622
2769_left.jpg,2769,0,55.0,1,2,0.0844128270328868,0.0225607105924434,1.3782661533178917,2.8129227522543463,5.437159583924979,1.07413314729766,2.797608045121421,32.0,1.0800429345281917,0.0140579804267351,1.3656173040061537,0.0040187048725783825,0.3588995095505039,0.41478833919539365
2770_left.jpg,2770,0,59.0,1,1,0.1098903124711955,0.0265416167388699,1.4584092695844135,3.19312774243478,7.566800560710176,1.0791914448450175,5.668725228131625,23.0,1.0883850785432114,0.0182827910406489,1.413386580179258,0.0022939282935112715,0.5223116819909054,0.446026087699713
2771_left.jpg,2771,0,48.0,1,0,0.096323769488205,0.0243347481838217,1.4093289384818026,2.9836433241396594,6.521160803143936,1.0831427731621233,3.111990857889152,25.0,1.0917485576639725,0.0163813158109542,1.3759706303257977,1.8148050003219396e-05,0.37807674909387196,0.4328355912085405
2772_left.jpg,2772,0,41.0,0,3,0.0982689136310853,0.0275715024541613,1.4345834051026436,2.686730939932759,6.489929407450951,1.0842993706785646,4.537515003073801,36.0,1.1000147974776024,0.0158715444139775,1.3696958623899451,0.003988626413047314,0.7605507286387734,0.5290780511824446
2773_left.jpg,2773,0,71.0,1,1,0.0544107197238859,0.0140341082123642,1.3234228512800086,2.9173270475141675,5.857655980104473,1.0840209532911689,1.725713125571008,20.0,1.0863839978609522,0.0097249010252766,1.289315042920956,0.09519313275814056,0.24180047295356238,0.43222194672190284
2774_left.jpg,2774,0,71.0,1,0,0.0276356295228673,0.0099584687159451,1.1868503842939775,1.8801926962499167,3.793264740741209,1.0945072921577417,0.6026304820541665,15.0,1.120646075977773,0.0052529290352388,1.1250804708455735,0.0027255904860794544,0.10994897784505332,0.42261202064619974
2775_left.jpg,2775,0,66.0,0,2,0.1610117710032369,0.0403678249145327,1.544439832455746,3.090567608519388,6.956965962524013,1.0797879662296814,8.130122355816573,30.0,1.0793925693897792,0.0266880103419196,1.481318669566174,0.0004079616628587246,0.6431929088047518,0.5474746796498166
2776_left.jpg,2776,0,54.0,0,1,0.0862517258407489,0.0260161044876898,1.3912092299295953,2.414674391356196,5.357010503729456,1.0816411669472408,3.124149677003235,11.0,1.0938992719273526,0.0156610599937517,1.311687726400329,0.0007883793441578746,0.21717852334229817,0.5382321495884841
2777_left.jpg,2777,0,78.0,1,1,0.0063345394376164,0.0018340759347308,1.101839581091247,2.287745448651498,4.163221626787045,1.0826812750505206,0.0498390199655114,7.0,1.080736179424303,0.001221055989155,1.0883795575071302,0.016275573521852493,0.0497089858395676,0.4242164687024748
2778_left.jpg,2778,0,56.0,1,4,0.0854771199830991,0.0251136628713023,1.431177607950079,2.536174374257342,5.670039325767854,1.0871774467818796,3.388980093042908,35.0,1.0935603987435405,0.0149071111365406,1.3709859655455443,0.0010306083131581545,0.6179221555509773,0.45894141967186924
2779_left.jpg,2779,0,44.0,0,4,0.1032962936844544,0.0275782517151405,1.4383798368116694,2.839295632551552,6.780936695592302,1.0827709563824175,4.130441352769914,19.0,1.103659878032157,0.0171715543556007,1.3775328744431687,0.03110126405954361,0.44502528175312145,0.5567042132051743
2780_left.jpg,2780,0,57.0,0,3,0.0763979793137779,0.0177593613451575,1.3918904361206894,3.3066244415962056,7.173589670698304,1.093113562826903,2.488983941444348,26.0,1.100279319557431,0.0120346982798355,1.4092418454634972,0.00025648309383541346,0.3947321533229424,0.5273290510232628
2781_left.jpg,2781,0,56.0,1,0,0.0447993933797675,0.0143338490420659,1.2578270216118774,2.2966463353146915,6.7857038124927485,1.105432373425116,1.4064783616361625,30.0,1.1339677880266308,0.005246775801234,1.2152405741312218,0.0003143854846712202,0.7615659140962131,0.4292726130887626
2782_left.jpg,2782,0,64.0,1,0,0.1491779092582171,0.0379535694911301,1.5247543966440058,3.0041368477231627,6.173292965400224,1.0917663286419736,6.28672537656978,25.0,1.1082182585753124,0.0257299445855577,1.471445874951462,0.0037313250359147787,0.40531950367858754,0.4257169495512218
2783_left.jpg,2783,0,51.0,1,4,0.1254073869485525,0.0314309388103547,1.4797639411679944,3.103991811467844,7.131621866115107,1.0894447632265527,5.825193963893841,22.0,1.100479546027139,0.0192834007080623,1.4220494014454428,0.008523894473910332,0.6378454599172081,0.4698064050730303
2784_left.jpg,2784,0,74.0,1,2,0.0391834629504151,0.0097288660106592,1.2127720148080134,3.067705583860576,7.238229969887381,1.084999121098031,1.011316633124665,16.0,1.104667362145373,0.0056583165623325,1.2515992907205022,0.24526162445545197,0.32647072964665075,0.4039725745453258
2785_left.jpg,2785,0,52.0,0,3,0.1106560067878445,0.0305907545921485,1.4532283949870453,2.7192200259499275,6.409587028339178,1.0841972710704004,4.747450770450654,23.0,1.095349672581075,0.0189696011636304,1.4248233272115396,0.0009939450537785888,0.4303508625562068,0.5278756876657557
2786_left.jpg,2786,0,61.0,0,4,0.053412403856678,0.0102586043919961,1.3001664829782342,4.116755641112352,7.248229065867096,1.0886950423346382,0.9950149749753734,15.0,1.0870501262401184,0.0086417050576611,1.3271595355769492,0.0018922878662124276,0.06044852097427794,0.5198078840481443
2787_left.jpg,2787,0,41.0,1,2,0.1005424097916057,0.0301097926139514,1.4276324451556912,2.550632704043566,6.327866523006748,1.0763451145727652,4.58729470595945,20.0,1.0889716028856964,0.0173409821851653,1.3345538078911687,0.003027495229616761,0.4811029418401279,0.4228113663354839
2788_left.jpg,2788,0,58.0,1,1,0.1289969150606637,0.0333133056311503,1.4800187890030585,2.9661817381049693,6.661619591764503,1.0845469423192424,5.200470566851291,23.0,1.0974594832219269,0.0223468764358095,1.4280291234978404,0.0023246847558766603,0.4183104787926345,0.4471805030211666
2789_left.jpg,2789,0,54.0,1,1,0.1279468766266253,0.0354762253700493,1.493047958940361,2.671655735431993,6.38817733621581,1.0818228396383127,5.761096427614856,24.0,1.0812755039088813,0.0219982918854451,1.4251544310886983,0.20509028434753418,0.5219026713798983,0.45180373997928125
2790_left.jpg,2790,0,61.0,0,1,0.1222369729489619,0.0287369956639593,1.4692705907115131,3.2372956208591583,7.573809401845894,1.076260798163211,4.391566173835352,9.0,1.0792902479053794,0.0193733689369885,1.4368742073660998,0.40845373272895813,0.28265890426675433,0.5300963609169413
2791_left.jpg,2791,0,77.0,0,4,0.0664782101038559,0.0198115749516646,1.353032968846318,2.4022270912925205,5.385976524516442,1.0900471139359098,2.127227088582463,37.0,1.0980278228480709,0.0115012077922691,1.3077769160902175,0.0002571518125478178,0.5982353163938279,0.4848760941537237
2793_left.jpg,2793,0,70.0,0,4,0.1018365547368314,0.0269249870772224,1.4293808743855545,2.879270822723396,6.947377331973072,1.0824512696912008,3.750139363287149,19.0,1.0867513847143826,0.0165208842220487,1.3879990762671546,0.025627566501498222,0.4547084889796954,0.5001606940517636
2794_left.jpg,2794,0,56.0,0,2,0.0697402623571846,0.0196717512644326,1.3544242607070105,2.691552706365766,5.954428922239593,1.0890474706265951,2.770669192173615,22.0,1.1262339764737976,0.0139591351482056,1.3468467291121695,0.010845644399523735,0.17649981904363082,0.5533009457094274
2795_left.jpg,2795,0,78.0,1,4,0.0791147765183696,0.0201413207899044,1.3646926238077774,2.9658957750442165,6.274774002154095,1.081261701461835,3.211836134192586,24.0,1.088348278060212,0.0123603887357798,1.3265347973066364,0.0005431444733403623,0.4163583422870632,0.41173144843403575
2796_left.jpg,2796,0,48.0,0,2,0.1363562916582508,0.0373661886487578,1.5101714698661992,2.733143358273233,6.066123749049768,1.0910410707118563,6.261361341143203,28.0,1.103616415071493,0.0246465360533225,1.442986193918756,0.011515690945088863,0.43296596775956575,0.5579515181220939
2797_left.jpg,2797,0,59.0,0,1,0.0902247236671001,0.0182207005851755,1.4166800921299254,3.836436908070689,8.046180363571075,1.0761472749736856,3.4541612483745125,25.0,1.0751264107955691,0.0145328754876462,1.4131382817731526,0.2486398071050644,0.3705707898626272,0.5324226954959468
2798_left.jpg,2798,0,60.0,0,0,0.0398760507266425,0.0115800011066899,1.239528942723069,2.514600851705023,5.394576196214427,1.0783639264685525,0.7545613231987364,17.0,1.0892605096057109,0.0071280892998173,1.306432143919498,0.0038069908041507006,0.11557574475372004,0.5447994696732451
2799_left.jpg,2799,0,53.0,0,3,0.128334855004111,0.0309664206772359,1.4808736725845333,3.2357207378874784,8.483825398409461,1.0811938459876285,4.943328272306768,16.0,1.0885495737892616,0.0218363960110367,1.428488774491886,0.00022686008014716208,0.45675157345137485,0.5277663656424777
2800_left.jpg,2800,0,63.0,1,4,0.0831321337281401,0.0254144205704451,1.3927744874731989,2.3771748012400367,5.688977863614165,1.0740591509817812,3.694986460152355,31.0,1.0844536360105943,0.0142079821830789,1.3302827763220897,0.3289114534854889,0.6007787888959472,0.4437980482672972
2801_left.jpg,2801,0,70.0,1,0,0.1054891785340735,0.0261937806742296,1.4292924822876711,3.127343125227417,6.66840814643919,1.0905676465379226,3.8217072974495134,27.0,1.1002337621801417,0.0181531096628851,1.3865980580863833,0.03133998066186905,0.44527843534592115,0.423055213692908
2802_left.jpg,2802,0,65.0,0,2,0.1372994821270683,0.03695339143615,1.5063585897395133,2.7286478887149093,6.149826068399537,1.085458232102492,6.568144499178982,20.0,1.089534556068904,0.0228723001136794,1.4420519151261744,0.0070440396666526794,0.4747040812656137,0.5480579189479594
2803_left.jpg,2803,0,71.0,0,4,0.0424853768676694,0.0119712689545091,1.2548939765890972,2.5267003890257262,5.747290393723693,1.1107551464397696,0.9597219836948286,21.0,1.1491550210911214,0.0070211239859779,1.227204545803141,0.06545030325651169,0.3576827231261352,0.4979765315502441
2804_left.jpg,2804,0,60.0,0,3,0.1294861883757004,0.0333934607630625,1.4884956568404106,2.9178548488398155,6.917921560310738,1.089979740834024,5.507470454189467,25.0,1.1032119827978948,0.0222218853738764,1.4301634031879975,0.0010385627392679453,0.5344854268814966,0.5270010374982788
2805_left.jpg,2805,0,49.0,0,2,0.0314686785679227,0.0072875326630112,1.245861506405941,3.3306430755652023,7.766036919820694,1.0886555561281603,1.028388188494206,17.0,1.0882037734619396,0.0050578000906851,1.223500069546289,0.01498510129749775,0.4394105058662617,0.5573707349492208
2806_left.jpg,2806,0,75.0,1,1,0.0556133500183434,0.0163432689553273,1.3126260009082555,2.5775620553758904,6.665638684524527,1.0900627890457797,2.3620345661143527,18.0,1.1034097762038877,0.0088048607656007,1.3091430170927514,0.03538806736469269,0.4940047712919711,0.4276427746340011
2807_left.jpg,2807,0,54.0,0,0,0.1281954127513387,0.0340305142972617,1.485093610315683,2.8308509559872057,6.166597724096529,1.0853125900325464,5.860361725775488,21.0,1.0926695842760332,0.0223249469536223,1.422960048787949,0.041839223355054855,0.40005691995298387,0.5475002973750372
2808_left.jpg,2808,0,25.0,0,1,0.1305104935342869,0.0272508858178294,1.4765365961702777,3.859496949501141,7.81589905221851,1.08470913597522,4.643603436266543,10.0,1.096833586040827,0.0223851969998283,1.4623311181676006,0.01566794328391552,0.15186148905253072,0.5716741200464645
2809_left.jpg,2809,0,60.0,1,0,0.1000050525464834,0.0245856911883589,1.4416080183688906,3.1187539655183647,6.522939727616938,1.0911191327725724,3.4357316087308005,31.0,1.0921210598511375,0.0165420371867421,1.4266479896112667,0.03985359147191048,0.49335508302830816,0.4274938449530914
2810_left.jpg,2810,0,48.0,1,3,0.1367503673370462,0.0298262533641004,1.488358578539198,3.557503545256414,7.816977047558427,1.0834580945256271,6.261140032416548,25.0,1.0964737838682803,0.0223128853252005,1.4641475026645212,0.021770134568214417,0.5706169048213274,0.46460789606663866
2811_left.jpg,2811,0,47.0,1,4,0.1346293268533657,0.0359798201008994,1.5027415992465902,2.767766074698118,6.48918743268903,1.0753526926424302,6.299968500157499,13.0,1.0877745294914116,0.0245898770506147,1.4349149408408783,0.03914386406540871,0.32433844093653197,0.4785195470382837
2812_left.jpg,2812,0,63.0,1,4,0.1341939875647767,0.0339068364964693,1.5114205232417406,3.0229571122802925,6.334924865944157,1.0847986082866288,6.567561996347093,54.0,1.0791826315089148,0.0231878083038911,1.466233365554502,0.019096730276942253,0.8240049273074415,0.4437980482672972
2813_left.jpg,2813,0,65.0,1,0,0.1524203140461174,0.0345580665473917,1.5222881678573363,3.3906588558879425,7.217717499709372,1.080960656111488,5.5972573439014885,8.0,1.0911579736983297,0.0278713430419094,1.4954032917260969,0.005539865233004093,0.12116874343556225,0.4252730234583533
2814_left.jpg,2814,0,62.0,0,4,0.1187643043768861,0.0337482024588337,1.4764700524816765,2.598710286061497,6.300092587438823,1.0851731239674134,5.063496242885788,51.0,1.0980310966545486,0.019150142790594,1.383852757839509,0.022648809477686882,0.8988756282314957,0.5176267747770391
2815_left.jpg,2815,0,74.0,0,2,0.0371469550415142,0.009434383638466,1.3355054904146468,2.967528560437974,5.895655764930377,1.0871804602984525,0.8933135480925274,12.0,1.1035195010702716,0.0066750373454691,1.2894357601914606,0.021793214604258537,0.1722884723699926,0.5428042032533757
2816_left.jpg,2816,0,55.0,0,0,0.1163530476912912,0.0337533951599089,1.475764407904966,2.5350668526877724,5.576704697836192,1.0732345208888734,5.725891305943671,21.0,1.0827474890430089,0.0204027699610933,1.3961342199370683,0.0004144780396018177,0.3761823810455867,0.5470503492598359
2817_left.jpg,2817,0,57.0,0,0,0.0232327703280453,0.006402969609786,1.1368846849619598,2.652993328036569,5.78907559201613,1.07829708540934,0.4023861498687215,29.0,1.118901370508347,0.0035661472532115,1.24338330452767,0.07070734351873398,0.19871280621791843,0.5461502230581671
2818_left.jpg,2818,0,49.0,0,0,0.0660555613453983,0.0185189380723448,1.346800137471218,2.693863066051916,6.828937194206884,1.092709634875524,2.7187087945698325,35.0,1.111126048589127,0.0111557684203848,1.320272105373811,0.00022026502119842917,0.6946919082812427,0.5497488592277772
2819_left.jpg,2819,0,74.0,1,3,0.0110680031284732,0.0035246778907504,1.084217740755622,2.357037344022097,5.672026617241039,1.107904900501425,0.6174618202774462,9.0,1.1312186554489023,0.0016156917630593,1.2962025577225385,0.0025033322162926197,0.08324687951217963,0.4617721570444871
2820_left.jpg,2820,0,59.0,1,0,0.1598884946781551,0.0380486568677141,1.5352532669216348,3.273206191065769,7.177799761447081,1.0874364240514398,7.095793208312215,23.0,1.0958574295537542,0.027886467308667,1.4826494014030478,0.00042045992449857295,0.46337020695160674,0.42793836313534545
2821_left.jpg,2821,0,47.0,1,1,0.0056783871147805,0.0024256202331234,1.0014768120362956,1.605095747539042,4.1905648236187965,1.0749522391091697,0.1522355794847333,12.0,1.113500876012162,0.0005937187599904,0.9524145413449624,0.10224665701389313,0.08002942214957949,0.4599139835646433
2822_left.jpg,2822,0,64.0,1,2,0.0854514463327818,0.0234822279039454,1.3995022162506745,2.656237623531713,6.023747677213392,1.093726413916443,2.5066426028976787,22.0,1.105126239931559,0.0149044969168295,1.345541487113044,0.010358430445194244,0.4036651897108459,0.40965416114161035
2823_left.jpg,2823,0,59.0,0,3,0.153406622275662,0.0400782063070254,1.533662748353636,2.945011093164358,7.237083811268412,1.082541785286088,8.891673150178338,25.0,1.0917239543745878,0.0275894472006385,1.480557066548592,0.005243030376732349,0.6275277638590249,0.5271103779439077
2824_left.jpg,2824,0,60.0,0,1,0.132056722486704,0.0320470896010464,1.4867293283303311,3.1930398741447283,7.482437795583165,1.0840976944564746,5.1206392180124825,25.0,1.0837777937916926,0.0210098306133106,1.434089471206604,0.0006964343483559787,0.5621560637091094,0.5312596980425266
2825_left.jpg,2825,0,64.0,1,0,0.0895333855442993,0.0238334638607483,1.4173118564540066,2.829698829985049,6.348235304335152,1.07160979383512,3.8400323371144176,27.0,1.0734989026320827,0.0151630750574741,1.3722883097966307,0.022483166307210922,0.457623849471909,0.4257169495512218
2826_left.jpg,2826,0,54.0,0,1,0.0819222673918127,0.0260734135770832,1.38873476603567,2.236922293635192,5.117726895226328,1.0833528790425595,3.3835727542779805,17.0,1.0819272906917987,0.0134596533828263,1.2972324704705007,0.004758746363222599,0.393367763412566,0.5382321495884841
2827_left.jpg,2827,0,66.0,0,2,0.1132374543784105,0.0276935036875873,1.455056843529856,3.097618419192497,6.752258848987046,1.0867426120719006,3.7860240185363736,17.0,1.0903043017909315,0.0193793949428815,1.4116773557590503,0.09907016158103943,0.339685685157742,0.5474746796498166
2828_left.jpg,2828,0,60.0,0,0,0.1478436208168669,0.0371895814592829,1.5201745055554907,3.078172753054917,7.336902764511399,1.0921622426591937,6.872921699228818,21.0,1.1120539007004702,0.0246768210715693,1.4610421412168304,0.0004415457951836288,0.5601895699315294,0.5447994696732451
2829_left.jpg,2829,0,47.0,0,4,0.0958834782432665,0.0230573802848264,1.4023504982110475,3.092735862345941,6.355692125889122,1.099851115699717,3.1377470975839348,24.0,1.108666623257689,0.0159923884328471,1.3638224629056512,0.022560711950063705,0.37680505231764455,0.5502267114088591
2830_left.jpg,2830,0,60.0,1,4,0.0862197176258719,0.020356028146357,1.4097780347144593,3.261975974741783,6.586189756777557,1.0770357247844469,2.934019961453048,15.0,1.0878123865044191,0.0158082972061047,1.3844149655523874,0.037061143666505814,0.1321729458169364,0.45027695311047644
2831_left.jpg,2831,0,76.0,1,0,0.1493754908667122,0.03377162980416,1.510676540861556,3.448288172797122,7.66380036339628,1.1031885547369629,7.043145600567505,21.0,1.113954881421821,0.0251273086569886,1.4713797011183387,0.11790909618139267,0.5241398380647313,0.4203979372669321
2832_left.jpg,2832,0,63.0,0,3,0.1165922453680318,0.030160830824561,1.4592766404899722,2.913110260387308,6.446671572371846,1.0751604716625165,4.596609621562645,26.0,1.0920178499543087,0.0202149798961469,1.4067161880224337,0.005759235937148333,0.42894199398419075,0.5266730006627107
2833_left.jpg,2833,0,84.0,1,1,0.0067693084300858,0.0033366986370519,0.9695284352846408,1.2401086506040675,2.375466573031833,1.0926270638622435,0.0504795557799091,19.0,1.1027659578199618,0.0003230691569914,0.7309446824433592,0.002026908565312624,0.09289468194975155,0.41738597598351196
2834_left.jpg,2834,0,59.0,1,4,0.010803066122215,0.0032953649974926,1.003874206942356,2.383881264769019,5.937763786040689,1.0805804851167546,0.5731069560856795,16.0,1.08474368044244,0.0015330611075291,1.0532260196133891,0.0005955109372735023,0.22583755783814316,0.452440452319039
2835_left.jpg,2835,0,56.0,1,1,0.0887045019278094,0.0241039349547482,1.40462885867166,2.7117116028505643,5.426129402583615,1.0866974940667242,3.385668012511812,28.0,1.091521875580858,0.016529134431233,1.358635761962504,0.03262664005160332,0.3404509400461198,0.44949103077515556
2836_left.jpg,2836,0,53.0,0,2,0.1487393259562427,0.0372795715224091,1.5228081491985637,3.034030618519825,6.559312379673258,1.092812080836297,6.669698347733818,18.0,1.1091119722887324,0.0260977211863978,1.4694752064964498,0.0022290926426649094,0.3261543006304882,0.5550460485269826
2837_left.jpg,2837,0,49.0,0,4,0.1326137585094948,0.0293851267964489,1.4822154645542636,3.549744570607697,7.303839581794332,1.0834104989119804,4.727497113738604,17.0,1.0959976136219451,0.0228014650264739,1.4499023888604774,0.0012593576684594154,0.20275468334225658,0.5458987565823558
2838_left.jpg,2838,0,52.0,0,3,0.1352814445146556,0.0265995293087406,1.4773775965486595,4.029359520936891,7.387861337810504,1.0775305815696483,3.880963872206826,13.0,1.0834065164714657,0.022688711868286,1.4571610780821431,0.0005317338509485126,0.12574357211021048,0.5278756876657557
2839_left.jpg,2839,0,47.0,0,3,0.1376004119984449,0.0321772805073235,1.4952488462134017,3.286086382969663,7.117290582838565,1.0949151605234626,4.493610489803544,18.0,1.0853577867577855,0.0235788325700927,1.4528414785111643,0.00014098495012149215,0.29855079478465507,0.5284222574720198
2841_left.jpg,2841,0,78.0,0,0,0.0908261294370297,0.021202517519975,1.4129704654118935,3.302977735778639,6.8169459297954,1.078948644046877,3.719739915785088,17.0,1.0811570351880269,0.0164958066132016,1.382498737027685,0.0018920007860288024,0.22275617136987982,0.5366817863050625
2842_left.jpg,2842,0,45.0,1,3,0.1065265607749918,0.0171518653710352,1.4277776424218929,5.064813252814798,8.484541801132007,1.0816310228799717,2.585958246720309,12.0,1.0767971241706134,0.0154660195140387,1.4248071100637056,9.32226175791584e-05,0.11798421562731035,0.46493524753960525
2843_left.jpg,2843,0,60.0,0,4,0.0679746692852839,0.0181850239250853,1.3500149544552589,2.7263543007236497,5.45094860964362,1.074342162297608,2.350878395917308,17.0,1.077269365868676,0.0126261760514058,1.3202853371725412,0.001297977170906961,0.1767086606342052,0.5219882385490794
2844_left.jpg,2844,0,50.0,0,4,0.141763664709123,0.0373574333907702,1.4874319596048255,2.843437932097195,5.992732739356658,1.0818675883300743,6.212563444338948,16.0,1.0878643846070035,0.0249850546822801,1.4374929254753022,0.008593570441007614,0.3104542422981016,0.543732133544378
2845_left.jpg,2845,0,50.0,0,1,0.1028251386284252,0.0224838372145922,1.4168684840073464,3.5096271546337534,7.854035065294138,1.0822362122293192,3.892211028605224,20.0,1.082512380624295,0.0168932068280502,1.4037474423257934,0.03920714184641838,0.3536768184418974,0.5428723247515318
2846_left.jpg,2846,0,87.0,0,2,0.0714913015447563,0.0179603937275685,1.3686755163245652,3.0393214571381346,6.858620142936792,1.0790465739309647,2.944326840585007,28.0,1.083125188025982,0.0120209757905263,1.3913644543164374,0.04487861320376396,0.38284932337895866,0.5351989655281765
2847_left.jpg,2847,0,57.0,0,4,0.12032863754876,0.0314994846090102,1.4615278051600584,2.9327622896661403,6.615529805475415,1.0805535712655614,4.800210198678173,28.0,1.0974489972326436,0.0213584089576975,1.4055446060779515,0.0026282581966370344,0.43799998576072147,0.5285239463257686
2848_left.jpg,2848,0,61.0,1,2,0.1118135779884154,0.0254316561680636,1.4530718859366478,3.4193786164304107,8.11427862501565,1.073764264281237,4.930580195656481,13.0,1.080081217119655,0.0183859953090367,1.4264250899574369,0.0005793419550172985,0.37058203677393264,0.4113634251714172
2849_left.jpg,2849,0,50.0,1,4,0.0353382882537736,0.0117283477639005,1.2250020878675156,2.207502820805443,5.838168325130003,1.071970770016449,1.379204658646847,21.0,1.0705623445339092,0.0051847878834316,1.2368547692866596,8.639453881187364e-05,0.4141108910253791,0.47198317416046315
2850_left.jpg,2850,0,44.0,0,0,0.0328341562274724,0.008120128942751,1.190535348000132,3.0552884148491635,7.877565227045514,1.0722560300144297,0.680077800900423,20.0,1.0750529169743548,0.0046063936380988,1.3091230606808748,0.0014417232014238834,0.3480647955778246,0.5519953905417821
2852_left.jpg,2852,0,64.0,0,4,0.0683446443635814,0.0171680034247868,1.3641106655462931,3.01873224087437,7.25412889726872,1.3408549479995089,2.5182256582012315,17.0,1.1093841810941134,0.0118230694652547,1.3347653690134162,0.008509495295584202,0.9966840918923783,0.5132626235884833
2853_left.jpg,2853,0,69.0,1,3,0.0255752933015652,0.0080626514260437,1.1198093403298002,2.3097463493624004,5.6858174571688735,1.1047421101200607,0.5529249731077399,30.0,1.113702061042809,0.0039157141277357,1.109145475066153,0.018165484070777893,0.5244081547938505,0.4623173051154003
2854_left.jpg,2854,0,28.0,0,1,0.1176945431062318,0.0330713190184049,1.4714890367274724,2.6934155054314406,6.11197364877884,1.080250175739377,5.4992734904746525,29.0,1.094505915060036,0.0205945269615757,1.4075025701662,0.010979690589010715,0.5370275772110974,0.5682395119575201
2855_left.jpg,2855,0,45.0,1,2,0.0987112278318005,0.0224343699617728,1.4002642181182228,3.3706857012264946,7.457511853886366,1.0936418409696471,3.2954441751756725,26.0,1.0923253870793577,0.0167155068393141,1.364707625894518,0.0011945627629756927,0.529422557737079,0.4205147195285943
2856_left.jpg,2856,0,59.0,0,2,0.0371122480132481,0.0073734168432154,1.3343253890807123,3.977240726899198,8.091948095749755,1.074364507131201,1.3877196066277488,11.0,1.0863182770955668,0.0057497849034609,1.3846314533594832,0.00458195386454463,0.13898705866545408,0.5515545284011917
2857_left.jpg,2857,0,55.0,1,0,0.1281780244773637,0.0324127186105113,1.4829236185024126,3.0323410012366665,7.178576834505813,1.075031975809431,5.660953945885288,21.0,1.0782362756867891,0.0228842810838973,1.4351871080723613,4.629043905879371e-05,0.4408063207870586,0.4297175925803758
2858_left.jpg,2858,0,50.0,1,1,0.1441581306017925,0.0339628681177976,1.4928323758148976,3.342770387303057,7.450235550954203,1.0802390746750057,5.548442168160478,23.0,1.081728262284121,0.0250213401621852,1.4575946617326352,0.0031383067835122347,0.3306532204002818,0.45643531052261466
2859_left.jpg,2859,0,69.0,0,0,0.099835789667538,0.0234651961060154,1.4132391109553648,3.2601694319682903,7.409092830975443,1.0901705805765236,4.041313478036229,31.0,1.0926624351686614,0.0156741575907632,1.3753683789130429,0.011413780972361565,0.6686817846880283,0.5407433307891996
2860_left.jpg,2860,0,66.0,1,2,0.1286734509906048,0.0329183276908591,1.487141682641614,2.943671183009474,6.528969596726443,1.0883963140050164,4.557382960395842,23.0,1.1011278167458352,0.0221759249984975,1.436926906630528,0.0009447744232602417,0.4092135322207392,0.408515860589784
2861_left.jpg,2861,0,78.0,0,3,0.0490836392975504,0.0118317511706642,1.2870985592397473,3.0564864225001185,6.095134313288537,1.0949247383876153,1.174494073911423,15.0,1.1005715437721064,0.0090844563369061,1.2924938402227804,0.014075619168579578,0.1189770699990127,0.5250324766839884
2862_left.jpg,2862,0,51.0,1,2,0.0482415798388596,0.0118819644445784,1.2355617422661431,3.074325002826314,6.327338064657044,1.072189537963243,1.658649859014762,21.0,1.0720715759288948,0.0083686424704835,1.2552943965375751,0.05762989819049835,0.24422496260809312,0.41707622081819135
2864_left.jpg,2864,0,65.0,0,0,0.0977166936155617,0.0273261796266353,1.4407485527297172,2.637468829950703,6.5861516019755735,1.0847562662535537,4.164829242001078,24.0,1.0997579241273254,0.0141849184183448,1.3638202748541084,0.0013188488082960248,0.6259153195069491,0.5425467581043051
2865_left.jpg,2865,0,63.0,1,2,0.0518126519581702,0.0136841439275481,1.306642595177109,2.8248240154434523,6.054016155813738,1.075054751325861,1.3105686060069237,20.0,1.075213868359784,0.0086226375871076,1.3384454570684283,0.011832774616777897,0.2310508106343023,0.410223675482818
2866_left.jpg,2866,0,58.0,0,3,0.1138231583776138,0.0331816965480331,1.4814644768395089,2.5018400089287214,6.004190504080324,1.0742797525652887,5.638594747505638,21.0,1.0821598431168338,0.0175991054703926,1.382877826830411,0.7838712930679321,0.632781764403602,0.5272197157890441
2867_left.jpg,2867,0,51.0,0,2,0.132561139282152,0.0315945041229522,1.4812538378653188,3.2259323193704708,7.040325565146818,1.081368128870732,5.01334280298085,17.0,1.087456226105956,0.0235209333173184,1.4452320114568258,0.002769127953797579,0.27525582471066024,0.5562086993872454
2868_left.jpg,2868,0,53.0,1,1,0.1286909963077596,0.0308117952647764,1.4912623673337269,3.1501127332853627,6.788171386687289,1.0749638904986136,4.32917666026413,28.0,1.080599208972902,0.022347508484191,1.4465426173605904,0.003350385231897235,0.36315582854682854,0.4529608820255349
2869_left.jpg,2869,0,47.0,0,1,0.0431141595870415,0.0145666865333912,1.2698298524615543,2.098457356072772,4.417662011565779,1.087780894339117,1.5152586546523492,22.0,1.1081218722186064,0.0090865010657319,1.2148648944406792,0.00075162184657529,0.23810668902300983,0.5463476250288453
2871_left.jpg,2871,0,57.0,0,0,0.0872978116079923,0.0222078263862177,1.3855745425594417,2.9861227776157624,7.230070882614833,1.088131228484086,2.9860112962325647,24.0,1.1010626556641192,0.0151881693220236,1.3498026006019237,0.0009413477964699268,0.48061422395802655,0.5461502230581671
2872_left.jpg,2872,0,72.0,0,4,0.0176965069462076,0.0052776669447567,1.1080329169219578,2.602710378595747,7.179167302328039,1.077744230230023,0.7254525009974971,20.0,1.101494005702062,0.0028292647538902,1.2598014009031482,0.021351324394345284,0.14718502313377818,0.4957924462719746
2873_left.jpg,2873,0,35.0,0,0,0.1085407274124092,0.0275660594788023,1.4418936552254773,3.020173121450068,6.955576030860778,1.0847328539949967,4.649940359460607,20.0,1.0919595745067423,0.0185845985888441,1.3897153853425943,0.004002219997346401,0.42849667156946875,0.5560337437368715
2874_left.jpg,2874,0,45.0,0,2,0.1010618968789114,0.0272741955020793,1.4295380998344986,2.739976871963685,6.241466964213575,1.0770471645276187,3.6338676464650543,26.0,1.0814827021820208,0.0180936326563572,1.379759560729004,0.09879443049430847,0.38993079670912617,0.5596929106670745
2876_left.jpg,2876,0,67.0,1,4,0.1322928065426481,0.0311372668108255,1.4748094495008433,3.2709182333467983,7.808230859992556,1.1097352497099735,4.502782824501422,26.0,1.1242005218183118,0.0216709512914085,1.4218234266472158,0.34521839022636414,0.616452278709175,0.4351895229224846
2877_left.jpg,2877,0,43.0,1,0,0.0754841020479409,0.0215947371045914,1.3856521719934307,2.563423449277809,6.188230541356853,1.074273944451992,2.674972683541664,36.0,1.0808570123546808,0.0124000852364177,1.3460990913205375,0.0013861035695299506,0.6292753459415997,0.43506600954999014
2878_left.jpg,2878,0,56.0,1,3,0.0677226272245162,0.0177961297055385,1.3436448848305007,2.8703705717559496,6.991428467956678,1.086042664675228,2.057066021784831,28.0,1.0985412721165058,0.0112185356700265,1.3565400817465525,0.0015144337667152286,0.4511048466868163,0.4637351086285806
2879_left.jpg,2879,0,53.0,0,1,0.1130706597090927,0.0284050518036754,1.4523153717673454,3.061335073811461,8.25474773283665,1.0789964172502429,6.1004814842824375,14.0,1.0790725155618022,0.0183619450956666,1.3964138073723893,0.001519080949947238,0.5438174442173642,0.5393928463794297
2880_left.jpg,2880,0,49.0,0,1,0.1278194349003597,0.0365465459396095,1.4965692788053906,2.599529388116312,5.802476856328947,1.168054796861382,6.518048425562877,25.0,1.182378973149428,0.0218683051052993,1.4181526523154158,0.5880890488624573,0.8845929638435978,0.5440312388910755
2881_left.jpg,2881,0,66.0,0,2,0.0668276891425805,0.0190352770326146,1.3488278479164812,2.57650993891212,5.8878344117414025,1.0773486635773328,2.571653320962504,20.0,1.0830789414588722,0.0114564634220133,1.3052965967906172,0.0033954372629523277,0.3466930654894147,0.5474746796498166
2882_left.jpg,2882,0,48.0,0,4,0.1483291059933912,0.039359734839681,1.523225989058423,2.8631692456796496,7.351013650642896,1.0840411489103885,6.972584605745814,22.0,1.089995281231653,0.0253286714700027,1.4572106040981203,0.0023470402229577303,0.6553465650329575,0.5480636426814862
2883_left.jpg,2883,0,72.0,0,2,0.0424296248989652,0.0153622783471206,1.2488064618985322,1.9150991664711263,4.909182421921263,1.083054357551317,1.097661979982637,63.0,1.0864365455610543,0.00557312923473,1.1838464662896038,0.03501978889107704,0.9233919453746984,0.5439725606020803
2884_left.jpg,2884,0,82.0,1,1,0.0382974436468958,0.0094043571338622,1.242695265134504,3.0638925285185774,6.136276120154255,1.081627605112759,0.9570583049993704,17.0,1.1097260431398432,0.0064274020904168,1.3266073185333422,0.21984069049358368,0.1697724076594462,0.4196594223903464
2885_left.jpg,2885,0,56.0,1,0,0.0585143180314789,0.0164514711897271,1.3261010134894575,2.6189595690243954,6.364871159084449,1.082506003839673,2.373293879426572,32.0,1.0974568983999926,0.0092558461297636,1.300835871710763,0.004431494511663914,0.5750557525155191,0.4292726130887626
2886_left.jpg,2886,0,66.0,0,4,0.1459635179680074,0.0377004590588282,1.522209731570374,2.9634441555792823,6.93090806655289,1.090752488243678,7.53301381221056,16.0,1.1035871169412883,0.024429209893021,1.461054034015718,0.0052725933492183685,0.5653626129565336,0.508896449259807
2887_left.jpg,2887,0,49.0,1,0,0.1035118836466832,0.0254918547220782,1.408980320746421,3.1098994478990667,5.80463179828546,1.0865054443034974,4.365978115534696,34.0,1.0845627869321417,0.0197451360275056,1.379773240533458,0.006983412895351648,0.3910870598736558,0.43238983101780143
2888_left.jpg,2888,0,14.0,1,1,0.0207724820452905,0.0062025359953266,1.043141018217806,2.5146556308868857,5.723575684102569,1.8427031843862904,1.7181540153259338,10.0,2.549835541801452,0.0033675818700388,1.0739257081382492,0.0004951999871991575,0.9999999214599717,0.49836298277953267
2889_left.jpg,2889,0,61.0,1,1,0.0695209326709439,0.0154230221933744,1.340065120613844,3.5930232681902456,7.865225221710014,1.0791285688316965,2.1469406096312755,21.0,1.082408604394666,0.0115335646703447,1.3219962591796746,0.003394046565517783,0.3161701440692373,0.4437190149792415
2890_left.jpg,2890,0,53.0,1,1,0.100056583374592,0.0247602784710363,1.4096245327866694,3.095709935231723,6.990187508946162,1.078985810496418,4.193232224231831,24.0,1.080650113951764,0.0162070951510068,1.3551691024773795,0.000536319799721241,0.4392482275438743,0.4529608820255349
2892_left.jpg,2892,0,72.0,0,2,0.0444186490735706,0.0136993010760587,1.2978529094815494,2.345174947886113,6.160151487475476,1.0828314095415446,1.4203780164665891,18.0,1.0842913891041777,0.0067884273476644,1.2965994826725968,0.0009165516239590943,0.41240185335307245,0.5439725606020803
2895_left.jpg,2895,0,33.0,0,2,0.0737271019376155,0.0193509718297799,1.3902435769908477,2.845475413767154,5.954174146094396,1.075282617195347,3.2738499972298194,18.0,1.0829245987759106,0.0129946661428506,1.3678272222781889,0.03813129663467407,0.2173554005024136,0.5666433884101691
2896_left.jpg,2896,0,62.0,1,3,0.0893348381180785,0.0255443928294319,1.3981598509369373,2.6181435066352936,5.725142885576026,1.0821578484900327,3.929906589143381,33.0,1.0986964507261452,0.0163897258134402,1.3337990631859955,0.015395287424325943,0.5004137219078343,0.4630806635223706
2897_left.jpg,2897,0,66.0,0,1,0.1030470525799313,0.0272212042015881,1.4334623706128584,2.821144472695092,6.444901743994102,1.0809103648694736,4.155526850711446,28.0,1.0882929079475967,0.0164669009783011,1.3892984901841756,0.0026256144046783447,0.5554465407492661,0.5242750198456096
2898_left.jpg,2898,0,54.0,0,0,0.0554356598144739,0.0154922425440465,1.311165412926085,2.593726060950457,5.792184442735568,1.0752884245648795,1.1334681404775075,46.0,1.0771366988261284,0.0088863902213436,1.3223790485472946,0.0278706643730402,0.6479423546748577,0.5475002973750372
2899_left.jpg,2899,0,55.0,1,1,0.1176127679586158,0.0299310263745738,1.473032482946041,2.98868366074391,6.982998009326293,1.0843280630392194,5.1436297370380535,18.0,1.095354745126102,0.0198005251401026,1.4290045620133125,0.0031349342316389084,0.43562033192588706,0.4506471188101171
2900_left.jpg,2900,0,65.0,0,0,0.1455101948048668,0.0356578262867879,1.513125789953793,3.0860397397282044,7.001817489105015,1.0837456568732209,6.616395529134868,23.0,1.0900663020590429,0.0244554100397488,1.458181673553755,0.010833854787051678,0.5129675904423672,0.5425467581043051
2901_left.jpg,2901,0,59.0,0,3,0.1326937358856605,0.0341775413389108,1.4911889120506938,2.992869537691371,7.160298725569996,1.0763115559117815,6.618267428525238,18.0,1.0895272978214663,0.0231437275496748,1.4418207226827455,0.02493472956120968,0.4323266677162676,0.5271103779439077
2902_left.jpg,2902,0,60.0,0,1,0.075080550490796,0.0199615355795888,1.3887981056548926,2.808953331734525,6.482517177565585,1.0896332822844514,2.6975048080525514,19.0,1.102910869521072,0.0142418263106626,1.3465150775105823,0.0477776899933815,0.35058931314228675,0.5312596980425266
2903_left.jpg,2903,0,19.0,0,3,0.1564966689524343,0.041549249951198,1.539951117667074,2.88791533246257,6.269875512560484,1.086468465514376,8.80938199182129,23.0,1.1057171976055822,0.0258275062942033,1.4788029520902315,6.67439144308446e-06,0.6418808047514684,0.531481752331437
2904_left.jpg,2904,0,26.0,0,2,0.1563542860620568,0.0379360361913842,1.5324882335716223,3.1598076542794424,6.6752653249397085,1.0804300299695846,6.846744499781918,16.0,1.0894626642919891,0.0282795906153955,1.4890376942179622,0.009788880124688148,0.21367785839320858,0.5706859376838148
2905_left.jpg,2905,0,38.0,1,3,0.1438858280916137,0.0381507113226147,1.5241144951513343,2.8011061103841475,6.300115367676201,1.0819590068027614,6.755438127692793,17.0,1.089377143316079,0.0239993194521589,1.457514774701877,8.525002158421557e-06,0.44579857209199386,0.46569918464912535
2906_left.jpg,2906,0,58.0,0,1,0.1171125719309462,0.0277034047314578,1.4578277049809167,3.294538191945505,7.121539530257874,1.0774875442122398,4.146019820971867,18.0,1.1030732464227744,0.0203204923273657,1.417476479851747,0.00085810711607337,0.26739337889409065,0.5335853407446928
2907_left.jpg,2907,0,58.0,0,0,0.1372716781407935,0.0239165903935691,1.4755033925610257,4.622431878268003,8.425258046907462,1.0932433476051644,4.178439253452186,15.0,1.1112204879293734,0.0210513749054876,1.475831329410212,0.002463039942085743,0.16383413212796624,0.545700046417307
2908_left.jpg,2908,0,55.0,1,2,0.109873274631128,0.0264011185149928,1.4600775843146818,3.096245903385637,7.968225098382585,1.0816447808222869,6.990718705378392,38.0,1.0867393226809547,0.0168917578930667,1.4469322778184863,0.9561365842819214,0.8003867024134814,0.41478833919539365
2909_left.jpg,2909,0,70.0,1,1,0.0222842611806975,0.0063896809638266,1.0889538436760826,2.780396793369107,7.173046671082899,1.0849203975849848,0.7464580565218041,18.0,1.0889213670188702,0.0036775500251307,1.184894716810556,0.002599163446575403,0.21666336675256523,0.4333685836770771
2910_left.jpg,2910,0,75.0,0,2,0.0337380828872022,0.0109740681611007,1.206452063601482,2.2077162630477147,4.790830581023076,1.0918837902230707,0.9065315598890002,18.0,1.104868998641359,0.0063356483463353,1.1796265625771345,0.060585930943489075,0.26290001821419984,0.5422198471307872
2911_left.jpg,2911,0,66.0,1,3,0.001074044538276,0.001074044538276,0.8887057892195441,1.0,1.0,1.0,0.0,1.0,1.0,0.0,,0.0010179673554375768,0.004231242568411619,0.4626444372965833
2912_left.jpg,2912,0,40.0,0,3,0.1254009568429141,0.0364492699734761,1.4979948754868442,2.505190448199492,5.692949773542376,1.0819463266578075,5.354354131032944,35.0,1.096316913809957,0.02296918767507,1.4199284881226852,0.005000274628400803,0.5676160387489134,0.529187340436906
2913_left.jpg,2913,0,68.0,0,1,0.0894148685385255,0.021361862630032,1.4120468343565715,3.1912202656846778,6.74247878930239,1.091443892453536,2.858948508832646,14.0,1.0916869503126378,0.0158395778787605,1.389869493211019,0.0007300502620637417,0.2441612254915313,0.5219445459063747
2914_left.jpg,2914,0,44.0,1,1,0.1366640392893955,0.0355201196467188,1.5056106140578054,2.881654061798287,6.648008438626721,1.076376785572182,5.153701570363184,33.0,1.0874359391321902,0.0236009216031043,1.4427641628348604,0.013180184178054333,0.547204162774212,0.4633965668021172
2915_left.jpg,2915,0,61.0,1,0,0.1036348480638561,0.0277046654373689,1.4367365411852386,2.75452170536896,6.245250680779465,1.0772215923320143,4.041526686705903,19.0,1.0934331126022518,0.0172219555937255,1.3763553320151596,0.0038981300313025713,0.32674371092675314,0.42704944381763454
2916_left.jpg,2916,0,61.0,0,0,0.0796997301845964,0.0201212833596024,1.3690819223523052,2.930216131578172,7.125199679466022,1.0798513098528868,3.419442737691342,18.0,1.0845722244480198,0.0130953971095023,1.3803315616639371,0.004257763735949993,0.3657278479010568,0.5443490710185849
2917_left.jpg,2917,0,48.0,0,4,0.0010766045548654,0.000703933747412,0.7051426021807204,1.0,1.0,,0.0,1.0,,0.0,,0.00025172429741360247,0.00042187669827505996,0.5480636426814862
2918_left.jpg,2918,0,75.0,0,3,0.0559589295713673,0.0147943890491405,1.312883800678475,2.839712926150658,6.726543432997335,1.079498385082114,1.4587342891964257,25.0,1.0914596636969984,0.0088324008413602,1.3106779718805397,0.020695241168141365,0.3947844030639411,0.5253606258472803
2919_left.jpg,2919,0,63.0,0,0,0.169121881725319,0.0436785790063956,1.565872874862607,2.953427525923796,6.527962870398177,1.1058509408796462,8.68923847918119,20.0,1.127110960968669,0.0312913622907257,1.5106126536408253,0.010792135260999203,0.43313589161325733,0.5434480567689473
2920_left.jpg,2920,0,74.0,1,3,0.0916593412759272,0.0242673050666766,1.4209856931733504,2.840092214404874,6.469219054135173,1.0859645342662356,3.506835992294312,33.0,1.0936205417903095,0.0158555744664933,1.3866540261238027,0.0002770423889160156,0.5463078608754801,0.4617721570444871
2921_left.jpg,2921,0,60.0,0,2,0.1325267730854718,0.0323196605374823,1.4859694358819884,3.196366338351881,7.094028756159088,1.074817221340969,5.859769650434431,27.0,1.086958060334279,0.0228985653667407,1.4569961128259123,0.027307426556944847,0.4046711091370064,0.5509721044670804
2923_left.jpg,2923,0,46.0,0,0,0.033869704092087,0.0112246127885252,1.222322186614133,2.1061651922846543,5.148601711024303,1.079313021576496,0.7533297173506901,38.0,1.0951249126850338,0.0046053556720705,1.248604830462282,0.008229676634073257,0.5073967996462585,0.5510970274313736
2924_left.jpg,2924,0,57.0,0,4,0.0513556060871086,0.0188210599965016,1.2943956790816766,1.895023302500492,4.821737068906502,1.0815964965246108,1.6991928833803942,38.0,1.0882138169388853,0.007351508033684,1.2124145884364044,0.004727697931230068,0.7987991954224185,0.5285239463257686
2925_left.jpg,2925,0,65.0,0,2,0.141595957385431,0.0336221388852967,1.5081978132408669,3.262301803732253,7.475375817513811,1.095544723277308,6.06790080474291,14.0,1.114667041152582,0.0250077092182355,1.4718910530602145,0.018066877499222755,0.30359096047775125,0.5480579189479594
2926_left.jpg,2926,0,52.0,1,1,0.0687350489963326,0.0159899429770415,1.354333680898673,3.3999305184539184,7.578263985028954,1.0837382140874725,1.9896987867359444,22.0,1.0807656199255602,0.0111513572911155,1.4675464677614152,0.0036291542928665876,0.3618398211990142,0.45411853266935387
2927_left.jpg,2927,0,56.0,0,1,0.0983621264880201,0.0254400278118884,1.4212538043611729,2.833096855176237,5.65546835760545,1.084274592471267,3.196124278769324,20.0,1.091430641505584,0.0179711900236064,1.3815812650805137,0.005270137917250395,0.22302308603493728,0.5359095245750178
2929_left.jpg,2929,0,65.0,1,2,0.0969786753738864,0.0240305155802797,1.4122631409891566,2.967796875297678,6.401645834692148,1.0823563105687442,3.275285201757568,23.0,1.095918107184738,0.0175001007780062,1.377112693099384,0.002033746335655451,0.2926130108446029,0.40908488903648915
2931_left.jpg,2931,0,67.0,0,3,0.0887590415598978,0.0230898618685967,1.4036166652527466,2.9207691831290528,7.078675056618454,1.0838247830505143,3.3826207433424926,35.0,1.0930483693895503,0.0152495957073152,1.3713774493127475,0.00367458607070148,0.6341518786776632,0.5262355824410622
2932_left.jpg,2932,0,56.0,0,3,0.1176586499595796,0.0313358932902182,1.4645462116131602,2.8335933065606245,6.622365220427915,1.085053201331255,4.749393694421989,22.0,1.0941986790252778,0.0195735650767987,1.4017689145150398,0.13721859455108643,0.48238222357350696,0.5274383836361386
2933_left.jpg,2933,0,50.0,1,0,0.1042053885791135,0.0304637562899496,1.4426516697954996,2.57633021569823,7.229162726674358,1.0947266059372236,4.281447229903642,37.0,1.1070607199970646,0.0171509739033198,1.3624191240369457,0.23765932023525238,0.8744330232929978,0.43194418027618703
2934_left.jpg,2934,0,43.0,0,3,0.1640003642766073,0.0415477708295387,1.549766661391334,3.0684501735558625,7.119181400862146,1.09520397551438,8.752757371541902,22.0,1.1036449889100723,0.0280391799728816,1.49309258201866,0.013085137121379375,0.6202606628176849,0.5288594643199328
2935_left.jpg,2935,0,61.0,1,2,0.0013504175216673,0.0005538821866213,0.686619205049883,1.4918267105658565,3.141640786499874,1.0807661345220745,0.0,6.0,,7.385095821618285e-05,0.6800026054887099,0.003204455366358161,0.24159891186163232,0.4113634251714172
2936_left.jpg,2936,0,42.0,0,3,0.1386552286838741,0.0362337511430404,1.5088669743377254,2.8886107454709804,6.3814469678084125,1.0870803168202263,6.466704052299469,22.0,1.0962145276854869,0.023962169781294,1.4600687799152958,0.0019963926170021296,0.4436424704084837,0.5289687591399841
2937_left.jpg,2937,0,85.0,1,4,0.0602962011281338,0.0182287770923714,1.3526367606348428,2.4119797301037185,5.873953758407521,1.0798538405886453,2.2439479404077827,28.0,1.090525592694081,0.0103265604237981,1.3142567582777491,0.0059429677203297615,0.5041785906227942,0.3970028260576987
2938_left.jpg,2938,0,56.0,1,0,0.0730546771804827,0.020293799783853,1.3449120734003428,2.6037905495583336,5.746909953950848,1.080690649363659,2.1014289717007566,31.0,1.082208739048288,0.0118080294600328,1.3094821918039032,0.005370354279875755,0.47388669813245693,0.4292726130887626
2939_left.jpg,2939,0,53.0,0,3,0.0388480904332596,0.0079905267976197,1.2298339482043208,3.833061653888006,7.916793847494543,1.0895984198413984,1.393117997094354,13.0,1.0966796314402116,0.0066521384361255,1.295958470937864,0.0006744115380570292,0.12143845918916228,0.5277663656424777
2940_left.jpg,2940,0,35.0,1,1,0.1164702578652283,0.0302940806228273,1.4728013726855682,2.90991888134095,6.153955806619572,1.0802717582700638,4.599548760058487,31.0,1.0789752434334234,0.0207754355046431,1.4297963417776296,0.003919126465916634,0.4315860430808496,0.47386441215397457
2941_left.jpg,2941,0,55.0,0,1,0.1184111380024451,0.0328351505776092,1.480456015738256,2.630000485393346,5.61065174981027,1.0932925691660953,4.091918461039447,22.0,1.0982268026846325,0.0204645824496619,1.4118876642714175,0.015986185520887375,0.42954124507903557,0.5370710381700758
2942_left.jpg,2942,0,73.0,0,1,0.0452254227364176,0.0162447006616743,1.2817915327234612,1.9650972120012415,4.690351255753074,1.0926161667748082,1.67289600309926,52.0,1.1130602313004003,0.0073123164767049,1.209951196107682,0.009684127755463123,0.8234529756860368,0.5161144013047746
2943_left.jpg,2943,0,45.0,1,2,0.0565118098581125,0.0170275528113171,1.2947364699213364,2.435729003663429,5.9270423724284855,1.0936279971246994,2.9603941553361106,28.0,1.0886546886703812,0.0086274343955509,1.300771806882665,0.0031329274643212557,0.577240541641074,0.4205147195285943
2944_left.jpg,2944,0,64.0,1,1,0.0877481343946104,0.0243555988453792,1.391514924640457,2.6033398049611964,6.438424525375722,1.0938285429228924,3.0438157273958635,34.0,1.1004568561310746,0.0140370635295072,1.310263694889644,0.033028583973646164,0.7257630923095272,0.4402629823812401
2945_left.jpg,2945,0,65.0,0,4,0.0216365146573205,0.0069741293733919,1.091072695274231,2.15835385009439,5.349461996368153,1.0919603466154106,0.3038836328275359,13.0,1.1041979680699658,0.0037276392293511,1.185997411427592,0.004479011055082083,0.13937169386391107,0.511079747746442
2946_left.jpg,2946,0,64.0,1,2,0.1475020866251266,0.0316012157544134,1.4988705329214749,3.649165184310124,7.532723257057317,1.097479595559306,5.459346243287366,9.0,1.104428502086539,0.0270447613898235,1.4808188147976085,0.04275292158126831,0.1558422839074912,0.40965416114161035
2948_left.jpg,2948,0,60.0,0,1,0.1229972462926003,0.0340247075764848,1.480431898122064,2.702743685761076,5.871118036207865,1.0835453047632395,5.709521764393806,27.0,1.0946042437715937,0.0219286057145744,1.4175608937214956,0.003281387034803629,0.45819910996373725,0.5312596980425266
2949_left.jpg,2949,0,33.0,0,4,0.1148542784453008,0.0276682032293004,1.4500197644347907,3.151993085904546,6.671403899047187,1.0767651595837149,3.828811808861684,19.0,1.0912390572929624,0.0205496360109826,1.407256741911037,0.0024600084871053696,0.2059606592980888,0.5802745294504705
2950_left.jpg,2950,0,45.0,0,1,0.1113576333861595,0.031444796619123,1.4895400986860583,2.658512625761281,5.992047001998194,1.0776016485256166,5.282620179609086,46.0,1.0864277897119536,0.0186740623349181,1.412496408790986,0.0011555440723896027,0.7988634872775107,0.5486620061818672
2951_left.jpg,2951,0,54.0,0,4,0.1295594182119255,0.0354101141463759,1.4962990987346234,2.698640048403396,6.371068491850094,1.0954733545439974,6.462068164722156,27.0,1.119151130492937,0.0230362633090837,1.4349433429449787,0.0011208208743482828,0.6061914667180754,0.5350498895753363
2952_left.jpg,2952,0,69.0,1,3,0.1166638835334659,0.0313583208092339,1.4595528999513183,2.8612617956210205,6.879405647978981,1.0886167723869389,5.515663979678068,23.0,1.099010422851624,0.0204433784200911,1.4047641697091449,0.00207270379178226,0.4932685289075239,0.4623173051154003
2953_left.jpg,2953,0,47.0,0,0,0.126604410486528,0.0344682958381339,1.489588873462018,2.738825375302954,5.960339503848296,1.0880482035528645,5.659652739878317,45.0,1.1015267134341111,0.0229367533806318,1.4216963798507982,0.0013041109777987003,0.7551599064633985,0.5506477204506859
2954_left.jpg,2954,0,51.0,0,1,0.1321858397756518,0.0343194553837046,1.4909911600101868,2.893977468319974,6.395876433340586,1.0856217492129967,6.872921192175907,14.0,1.0932669876052294,0.023127128975132,1.4336501983874816,0.0016156883211806417,0.3171078831344942,0.5417129463658781
2955_left.jpg,2955,0,53.0,1,2,0.1481187228301604,0.0378454004896817,1.5267032156266296,2.978657299175751,6.335814695408005,1.082696672664014,6.395842702243542,14.0,1.0895107203339331,0.0264677959326437,1.4776793888301571,0.00405755452811718,0.22665744995268589,0.4159318271582714
2956_left.jpg,2956,0,49.0,0,1,0.1490032433743217,0.0329187337704984,1.5059477395012506,3.558552288779121,8.83068962577474,1.0880367823462234,5.7592628143597615,20.0,1.0982097760856877,0.0247294662072728,1.4622863858494135,0.000891733099706471,0.503809486416315,0.5440312388910755
2957_left.jpg,2957,0,62.0,1,0,0.0,0.0,,,,,0.0,0.0,,0.0,,0.0020331377163529396,0.07473792426912311,0.4266051604152686
2958_left.jpg,2958,0,61.0,1,2,0.0524497976338729,0.017964858343711,1.2970980774954186,2.154228970015427,5.411894024070676,1.0788231756430957,2.4809308841843087,46.0,1.1039547166441452,0.007914655977584,1.2693664256459614,0.018016180023550987,0.720586968422916,0.4113634251714172
2960_left.jpg,2960,0,40.0,0,3,0.057033687542392,0.0155821840379832,1.3384352200058265,2.7046082576554493,6.521676218166864,1.0758740289555997,1.2661089758082749,36.0,1.08001556652477,0.0090526791770291,1.2994531846709008,0.0017335047014057636,0.6169933440508824,0.529187340436906
2961_left.jpg,2961,0,64.0,1,2,0.049980132683496,0.013288468405937,1.2701844429929754,2.806070692613278,6.970258183958213,1.0829207729199182,1.5592071180319789,24.0,1.1001294326100433,0.007972075103486,1.29036574649091,0.0010494961170479655,0.42661626897845345,0.40965416114161035
2962_left.jpg,2962,0,67.0,1,3,0.1082020250434365,0.0271603458949933,1.445655831816027,3.0123572007576533,6.667575492874259,1.085917594277127,3.594751662572644,25.0,1.106244604718257,0.0183532043216903,1.4256653141502855,0.0027053013909608126,0.37202904080735805,0.4625353896486957
2963_left.jpg,2963,0,72.0,0,2,0.0531494755557372,0.014995069764115,1.265879953861973,2.583077626493187,5.902788764893693,1.081029598323593,1.6859874010759666,34.0,1.0726641429072716,0.0078270687831769,1.216791021983599,0.006089375354349613,0.6859901176973081,0.5439725606020803
2964_left.jpg,2964,0,48.0,0,0,0.0001495677492047,0.0001346109742843,0.7224578103748528,1.0,1.0,,0.0,1.0,,0.0,,0.015029127709567547,0.0008016703581433454,0.5501983308100123
2965_left.jpg,2965,0,59.0,0,2,0.1168109150769044,0.03198881022834,1.463787016150064,2.747585486744537,7.085204083863599,1.0794419599919505,5.302012745028732,23.0,1.0937958206431464,0.0183954594572758,1.3949469840720217,0.004445405211299658,0.6536089241618984,0.5515545284011917
2966_left.jpg,2966,0,52.0,0,0,0.1254263150714693,0.0307502639995553,1.4761097865578112,3.080610618270116,6.644593957339233,1.0845712192553738,4.496834531647105,24.0,1.0899712664065773,0.0237473284255521,1.44587139978496,0.0076493085362017155,0.30596834054408495,0.5483999600239029
2967_left.jpg,2967,0,62.0,0,0,0.1439284218388078,0.0380700541478898,1.518244643987658,2.907928614812051,6.330298476145447,1.0818843911116656,6.863106262079824,17.0,1.0805885055274405,0.0280226684362715,1.471013950422463,0.0001731732045300305,0.27619081492410497,0.5438985998086648
2968_left.jpg,2968,0,57.0,1,2,0.1272182786157941,0.0331481406791965,1.4847544114564506,2.9237736322809376,6.681551679826647,1.088338719297372,5.797773654916512,24.0,1.101719778106154,0.0210282729692667,1.427169956936706,0.014060731045901775,0.5323421116324878,0.4136457685172957
2969_left.jpg,2969,0,69.0,1,1,0.0215590441226153,0.0053379580621185,1.144837394472649,3.243429601393208,8.434192412641513,1.0816209641464365,1.0360593707065475,12.0,1.0665884439057738,0.0028424063605036,1.206348462296427,0.007770003285259008,0.2699448610751409,0.4345159345910767
2970_left.jpg,2970,0,70.0,1,4,0.0898363344588608,0.0253066514121405,1.402876363027161,2.6430260262037333,6.146242771947844,1.0868026871969705,3.0880290780967616,26.0,1.1043283889397877,0.0162349332023874,1.3474117548661952,0.00670564454048872,0.42147334664792374,0.4287583876917172
2971_left.jpg,2971,0,39.0,0,3,0.1110546223614105,0.0316325700573473,1.477380380171608,2.6305599316217427,6.49968656212287,1.115373038325738,5.287346971977061,24.0,1.1076105268859189,0.0185819742140155,1.3997184154398568,0.0023683919571340084,0.6268934339249443,0.5292966268929612
2972_left.jpg,2972,0,54.0,1,3,0.083165320211861,0.0218252569543333,1.3940317694934237,2.8618612283938614,6.779233406931772,1.0884395998923275,3.148777381439132,28.0,1.0916273560295435,0.0136290364271246,1.3907202355221584,0.008146903477609158,0.5061572192098646,0.4639532848716164
2973_left.jpg,2973,0,63.0,1,0,0.1460032381866155,0.0372041656672263,1.525363892810056,2.936639747244168,6.596701124257739,1.107569520182324,6.19652994323179,30.0,1.1248794181033452,0.0251759014951627,1.4710582173118023,0.0051333000883460045,0.6234591848183352,0.4261609954315357
2974_left.jpg,2974,0,35.0,1,0,0.11127605368212,0.0264298180505125,1.4396668139726383,3.3162931331138066,7.551577620296893,1.084866507737683,4.363176793917631,26.0,1.1047374939879089,0.0179742823326445,1.3989972689467802,0.0027492649387568235,0.5284907216084064,0.4386401163964351
2975_left.jpg,2975,0,71.0,1,4,0.108842484661811,0.0304367577389837,1.45538852259133,2.645000884994548,5.845958087786808,1.091599931853921,4.792404039597239,31.0,1.1090770147653797,0.0175771402327311,1.3873139799459526,0.015321016311645508,0.6666226076006802,0.42661990070173106
2976_left.jpg,2976,0,54.0,1,0,0.1217294216905208,0.0333638141043452,1.4791974821345837,2.699561119630316,5.733384210261127,1.0931036971325625,5.203623338503276,15.0,1.1050416676378865,0.0207690248005698,1.4163978694905512,0.0047247218899428844,0.2828269235311757,0.43016268567618426
2977_left.jpg,2977,0,64.0,0,3,0.0561084532491971,0.0153589049816966,1.3184518595529893,2.7874588828108484,6.336109199289902,1.0793135814622807,2.3405828987651085,34.0,1.0845445035135348,0.0095870275533418,1.2823370074724256,0.002442559227347374,0.5619819307850754,0.5265636499193899
2978_left.jpg,2978,0,70.0,0,1,0.0981616476971341,0.0242436183057252,1.4138856891308524,3.1143733519797605,7.233285557537726,1.078874344435109,3.940408893199764,26.0,1.0845450788010105,0.0169791208846723,1.3988322979028187,0.01879035122692585,0.4354650687054681,0.5196131162694931
2979_left.jpg,2979,0,53.0,0,1,0.1455939858740792,0.0389675346327563,1.5208531890407326,2.800555277391875,6.353336210793574,1.0732428619894347,7.679327452585205,22.0,1.08945070509616,0.0257661644790687,1.4601805669092494,0.01584884151816368,0.3919155261921518,0.5393928463794297
2980_left.jpg,2980,0,54.0,0,4,0.099134157992407,0.0274558450587982,1.4165252498609922,2.692596196999742,5.63518576520773,1.080770534618629,5.202054811650602,18.0,1.081627938940147,0.0185123123633835,1.3838214380781997,0.0019455872243270278,0.2950027773253227,0.5350498895753363
2981_left.jpg,2981,0,68.0,1,3,0.0911406916756894,0.0254123941150245,1.4204718119616135,2.604540173987828,6.236741609123456,1.0896338273001598,3.086525601015124,32.0,1.0943309883010863,0.0143253981862987,1.3605228533856046,0.022153465077280998,0.6567968073333328,0.4624263455848636
2982_left.jpg,2982,0,64.0,1,0,0.1006253870597671,0.0242794343089777,1.4221589227584337,3.089036433747016,7.003089924417539,1.1235847358167097,2.7919065168174297,27.0,1.1331259884890483,0.0175230205382795,1.3959219395189195,0.8030286431312561,0.542650569633331,0.4257169495512218
2983_left.jpg,2983,0,42.0,0,1,0.0764420446585162,0.0198698184309695,1.3577260567683116,2.8589796777254675,6.267261637041408,1.0893251945007216,2.6077219248055714,31.0,1.087829611290399,0.0124710466168642,1.3004910910800962,0.0006021842127665877,0.5226582148220363,0.5521296037374803
2984_left.jpg,2984,0,53.0,0,0,0.0980735551663747,0.0204137478108581,1.4103128289753155,3.7354395176797297,7.658562731109565,1.0800267340494072,3.134453112561694,16.0,1.078122035107356,0.0165479223053653,1.38900752572334,0.0009431482758373022,0.23634019275389895,0.5479501678702431
2985_left.jpg,2985,0,61.0,1,4,0.103312434111968,0.0265166226992781,1.42396441154428,2.8958559247237967,6.93956355701066,1.0893022492073368,3.1273171149995207,18.0,1.1096963210491702,0.0179366768724811,1.3700995340591724,0.030738908797502518,0.34441900308073,0.4481153327870068
2986_left.jpg,2986,0,75.0,0,0,0.0097418265170708,0.0035840672377045,1.06192425210514,1.8544848876190665,5.227669369299321,1.0736893287813494,0.4021393815096312,12.0,1.0667364080375108,0.001085776330076,1.0397964967045836,0.006725610233843327,0.22244363763475244,0.53803620226169
2987_left.jpg,2987,0,66.0,0,3,0.0584168578674073,0.0152457432677212,1.299200728114062,2.842010605024937,7.049660094605726,1.0791041811578406,1.6604274846033087,31.0,1.0755840481172485,0.0081109366823652,1.2373987177353882,0.001598478527739644,0.6933765873423023,0.5263449407981334
2988_left.jpg,2988,0,58.0,1,2,0.1142163314865264,0.0278908649382187,1.4477338354860831,3.0831666304660934,6.295132400961946,1.0815191830611186,4.693542297999122,15.0,1.0911583756380328,0.0194322854489985,1.4083639458301085,0.002035978250205517,0.25303984093234183,0.4130748307705809
2989_left.jpg,2989,0,44.0,0,0,0.1109091637375952,0.0273329928600755,1.4440820773304084,3.059899455414916,7.454556520233734,1.083872260288561,5.157168464165189,27.0,1.0961325055497313,0.0174342335846827,1.3884654499878255,0.02715357206761837,0.6671493748709639,0.5519953905417821
2990_left.jpg,2990,0,58.0,1,2,0.1474487786652664,0.0377053649867213,1.523415094027514,2.997459978257858,7.291071027445962,1.0794721273314327,6.917025981763286,19.0,1.0961942967252831,0.025699023538084,1.4710468538849857,0.005995514336973429,0.4039607644759144,0.4130748307705809
2991_left.jpg,2991,0,30.0,1,4,0.0224340041218708,0.0086244240538731,1.0962806750603704,1.7418806704247751,3.779584999404016,1.0736804964684783,0.3281744312737106,31.0,1.0808519073718912,0.002907625461085,1.0969567479021642,0.020786385983228683,0.41412174906974253,0.5156321714826625
2992_left.jpg,2992,0,74.0,0,4,4.468854319818028e-05,4.468854319818028e-05,0.1489258929086539,1.0,1.0,,0.0,0.0,,0.0,,0.0005233550327830017,3.6720742443160984e-06,0.49142484073770804
2993_left.jpg,2993,0,49.0,1,3,0.1229361072867268,0.0327979195349548,1.4750719758482225,2.8274370616116866,6.631250773981931,1.080675112573143,5.252154403141095,31.0,1.0909000226628134,0.0187904747335678,1.4055777126673132,0.00704554095864296,0.7581937709919693,0.4644987856708867
2994_left.jpg,2994,0,54.0,0,0,0.0115552855407047,0.0035176184690157,0.9922253561937744,2.376371332634587,4.981893301128165,1.0755279821965031,0.3037667071688943,7.0,1.0779856721757524,0.0021688942891859,1.1673430540162089,0.012691738083958626,0.04114374994695964,0.5475002973750372
2995_left.jpg,2995,0,53.0,0,1,0.0919830840348008,0.02734714063667,1.4417421871633211,2.4424810427600674,5.69955965811103,1.08323712466891,4.138153777831607,21.0,1.098969782548837,0.0170623145400593,1.387402549391844,0.001812914153560996,0.41913929804598365,0.5393928463794297
2996_left.jpg,2996,0,32.0,1,3,0.0469207944222962,0.0125243478419165,1.2771805882899676,2.746418148465714,5.789551680679546,1.087621065400567,1.4563195165019205,19.0,1.1118168268863728,0.0086241421367848,1.3040978668793453,0.014796489849686623,0.16333988361259535,0.46635411611137906
2997_left.jpg,2997,0,55.0,1,1,0.1319360683122296,0.0332678943623233,1.4911297411943265,3.0062945109536257,6.919342438087208,1.0849988683954248,4.945773130321122,16.0,1.098528612984515,0.0227757899358563,1.43999408993354,0.03687594458460808,0.34121610080368586,0.4506471188101171
2998_left.jpg,2998,0,49.0,0,1,0.1051528784103814,0.0308574044564959,1.4795811355471469,2.4715860973598187,5.389148061643929,1.0796180689692942,4.88612253162774,28.0,1.0919119452902644,0.0190558778733481,1.4151297530091251,0.0002252633566968143,0.49061882536548956,0.5440312388910755
2999_left.jpg,2999,0,63.0,0,2,0.1538985892166466,0.0375114872302394,1.52872610548179,3.221713181416459,6.851227416930738,1.092792248456185,7.826464558738879,23.0,1.1009310847828175,0.0284428870060491,1.4932891390333989,0.041432350873947144,0.28961450178863823,0.5492240000581153
3000_left.jpg,3000,0,59.0,1,3,0.1439090465874878,0.0364044853462271,1.5167862419152267,3.050563436540673,6.683824199024703,1.0794557554590467,7.3381953065707,18.0,1.0908423012016897,0.0252112244231223,1.4597866449290997,0.0011983738513663411,0.3925696232752854,0.46340787031873304
3001_left.jpg,3001,0,46.0,1,0,0.0862000838172783,0.0254565048194935,1.378985858697758,2.41702826025775,5.364871227224354,1.0767170217769295,3.77177752499551,21.0,1.083089980556122,0.0153505358318864,1.33390144080682,0.00012756744399666786,0.3004018205324571,0.43372743715672
3002_left.jpg,3002,0,61.0,1,1,0.0848504876925233,0.0273989064471549,1.399616496947931,2.2397401169243185,6.016849695956598,1.0887733034215776,2.703839452021871,52.0,1.0961583489261522,0.0121071922129423,1.3328459250851123,0.0003965754003729671,0.9292934022699796,0.4437190149792415
3003_left.jpg,3003,0,59.0,0,2,0.0493617252185237,0.0135523168266687,1.2955959905737695,2.6813786332960325,5.700727705239652,1.061596277141058,0.5426353083751237,15.0,1.0674446953775083,0.0095910790755303,1.2969463309471498,0.006110432557761669,0.12282402722785349,0.5515545284011917
3004_left.jpg,3004,0,66.0,0,3,0.1142402048500672,0.0268210435054362,1.447499790505605,3.2803000981467725,8.215854333123367,1.0825721455799755,5.343038172479321,14.0,1.088598846997723,0.0184486035012021,1.4030639289349611,0.0012727384455502033,0.48498377872774256,0.5263449407981334
3005_left.jpg,3005,0,67.0,1,3,0.1088211335388982,0.0279811493310811,1.445369601076026,2.9220580709600044,6.814588614345395,1.07906625088949,4.297872553086222,27.0,1.0847697069736877,0.0174063838399992,1.384635215718407,0.0011098228860646486,0.6006759984971176,0.4625353896486957
3007_left.jpg,3007,0,59.0,1,1,0.120988840033815,0.0338900810860833,1.4744857673950509,2.7001927201663305,6.034281738491138,1.0800044113136578,5.452426329716724,20.0,1.0975388578611365,0.02201479658448,1.415089712516031,0.0023588920012116432,0.34468388515422943,0.446026087699713
3008_left.jpg,3008,0,54.0,0,2,0.1336644167811818,0.0325509255516934,1.4915598583423086,3.119855540830667,6.632853612550464,1.0812490498625045,5.405787729367068,23.0,1.101004560455776,0.0231539487511114,1.443203117417438,0.013815632089972496,0.33872749519944995,0.5544644962375241
3009_left.jpg,3009,0,74.0,1,4,0.0229984594333393,0.0048800558814242,1.4131182230821429,4.028742461428815,9.17882923143322,1.0907791230565127,1.1482484426880497,3.0,1.0723751689346797,0.0041002038140985,1.458952994289728,0.00723442854359746,0.11232348755076424,0.4202211848188958
3010_left.jpg,3010,0,65.0,1,3,0.1134252434752627,0.0291420776222623,1.4582206292970972,2.923228230734709,6.286929398141195,1.1005486524958357,5.996312267955208,18.0,1.079929344805692,0.0216067118721986,1.427011786168559,0.0009968574158847332,0.2628261410717749,0.46275348851821124
3011_left.jpg,3011,0,62.0,0,4,0.1406920173989481,0.0358537558792177,1.5086916842703777,2.967164887260336,6.833052132838629,1.0821027250927335,6.163390470994175,18.0,1.094287498062558,0.0236027543282662,1.4533647620877417,6.010522702126764e-05,0.45645016349666434,0.5176267747770391
3012_left.jpg,3012,0,72.0,0,3,0.1226375750178008,0.0337300376360492,1.4770268544997491,2.732847358084736,5.760646302801432,1.0770083421971264,5.238531176889431,30.0,1.08523095129015,0.0217322754551927,1.4142600890217307,0.001900528441183269,0.471574259577305,0.5256887531086468
3013_left.jpg,3013,0,44.0,0,1,0.115987302866932,0.0319191817403134,1.4655249940869393,2.7196640115994883,5.924790890510198,1.086338506704819,5.088930316924472,23.0,1.108610712874079,0.0209502695621504,1.4055850087831223,0.008149766363203526,0.3999462792129033,0.549818414171437
3014_left.jpg,3014,0,55.0,1,1,0.0243693474469724,0.0059516567303402,1.1736581760110714,3.053225340921825,6.758748813195363,1.0907741780674662,0.8618242284138379,8.0,1.0765030927410553,0.0039238350164253,1.2242493493460422,0.03695668280124664,0.14238487335001807,0.4506471188101171
3015_left.jpg,3015,0,35.0,0,4,0.1259156301361524,0.0331300854249944,1.4819050027844247,2.8555275360841,6.544833639224231,1.0810137272556457,5.68147231296796,30.0,1.0901709088517682,0.021351175861859,1.4152516576420693,0.0013727543409913778,0.6218076260528331,0.576012911653298
3016_left.jpg,3016,0,46.0,1,2,0.0891235080801323,0.0240291518501566,1.448682091176153,2.78118793167704,5.530349867053815,1.0796260501278616,3.784811463577791,33.0,1.0849871773127473,0.0172384959335281,1.4078747072147348,0.0003637920308392495,0.2796133546966925,0.419941091002179
3017_left.jpg,3017,0,60.0,0,3,0.1186584610466161,0.0298819110036565,1.471875588323947,2.939659025598336,6.135094357151594,1.0860307964642892,4.046196575219294,19.0,1.0984119791550233,0.021384898195696,1.427717009053998,0.002444230718538165,0.21250935148317096,0.5270010374982788
3018_left.jpg,3018,0,45.0,0,1,0.0930539104304261,0.0232934355282503,1.41873189630035,2.9935430587981373,7.302656911693274,1.0854879297511877,4.332376216176355,40.0,1.0975446855838864,0.0135640246853266,1.365919630390911,0.004028436727821827,0.8330352574810854,0.5486620061818672
3019_left.jpg,3019,0,57.0,0,1,0.111548986254477,0.0271793679806442,1.4350766746054189,3.1645943910827032,6.91141584447466,1.0759974793425593,4.331794313727562,15.0,1.0834150346807667,0.0202273663747107,1.422897936771846,0.007071840111166239,0.19020488294148066,0.5347476212715268
3020_left.jpg,3020,0,45.0,1,3,0.0704405027344226,0.0171442199962283,1.3132824210182603,3.040915154884541,6.812183478002099,1.0794996983985423,2.551388288018458,31.0,1.087944238641293,0.0111650970082199,1.2834083134238703,0.20095057785511017,0.5576464692793502,0.46493524753960525
3021_left.jpg,3021,0,64.0,0,3,0.0545676533629975,0.0148085845293974,1.3638481846129122,2.757951104686593,6.192061380219167,1.072234078313686,2.279078601079849,13.0,1.0818041374196885,0.0100550777328594,1.3510867576114796,0.000216120999539271,0.15542795569855355,0.5265636499193899
3023_left.jpg,3023,0,64.0,1,1,0.1033178466821533,0.0262852237147762,1.4324157048628094,2.960490908700153,6.688298854268071,1.0840331459889705,4.191495808504191,26.0,1.0877311161149985,0.0174881325118674,1.396729349466136,0.0033780906815081835,0.4716276753152274,0.4402629823812401
3025_left.jpg,3025,0,58.0,1,1,0.1277420006566154,0.0370886683334596,1.5025700617217583,2.5292737742575717,6.435092146225181,1.0912552460929066,6.616662878500897,31.0,1.1020677538325458,0.0199308028385988,1.408329894868352,0.8792746067047119,0.8317966894865066,0.4471805030211666
3026_left.jpg,3026,0,66.0,1,4,0.1544030577831072,0.0372080241824677,1.533906689456204,3.1935263455289404,6.674326251690614,1.0925759466797162,7.344675110544855,17.0,1.0981709707285592,0.0286392365534987,1.491008702148542,0.0008889302844181657,0.2895084984784926,0.43733820186153094
3027_left.jpg,3027,0,62.0,0,0,0.1407038181636925,0.0307546605522879,1.4943617506366824,3.637298239338916,7.371913754498874,1.0994439859859375,5.582693649685973,24.0,1.1062247451570797,0.0235769115741202,1.463737964250391,0.006256324704736471,0.4226748787413723,0.5438985998086648
3028_left.jpg,3028,0,51.0,0,3,0.078010696208576,0.0222710342851685,1.386858144349948,2.5314807795779197,5.446878185713486,1.080934054945231,3.1515614554483813,43.0,1.0884333497394805,0.0142536529462324,1.3541117094507482,0.00014552388165611774,0.619166224807236,0.5279850070155824
3029_left.jpg,3029,0,43.0,1,3,0.0007117761085534,0.0004644212906873,0.7144088371688372,1.0180092853205691,1.1840949166102643,1.0785168470184974,0.0,4.0,,0.0,,0.010978003032505512,0.004000721482562613,0.465153498656259
3030_left.jpg,3030,0,66.0,0,0,0.010612414174462,0.0048430947882586,0.9997954975993072,1.6416353534812893,3.782879386049824,1.07301238280438,0.184323303073591,9.0,1.0658293692266745,0.0014561540942813,0.9349407487605572,0.0004634543147403747,0.11399390414596121,0.542096003932628
3033_left.jpg,3033,0,15.0,0,4,0.1125286144190951,0.0286684328300625,1.454926833618713,2.9960835855117804,6.514637296823354,1.0789871103998776,6.327323233622264,26.0,1.0837005789617755,0.0184006790298104,1.4120589923316078,0.0046366010792553425,0.5803317630050512,0.6180219806064994
3034_left.jpg,3034,0,48.0,0,4,0.0283105848323239,0.0070279309409744,1.2363664977998323,2.914581894265809,6.844186845396492,1.0937045521215365,0.225978486848052,21.0,1.1056294513302245,0.0046687155382807,1.29706664759577,0.0053698294796049595,0.20317103274903958,0.5480636426814862
3035_left.jpg,3035,0,80.0,1,1,0.0938381009442331,0.0231715643244297,1.428147578105247,3.101897521808651,6.792811530370105,1.072658239575353,4.18007774944614,19.0,1.0859943061730055,0.0163812602469961,1.3827158022542347,0.07072976231575012,0.3011611302469716,0.4219362839203333
3036_left.jpg,3036,0,58.0,1,2,0.0464901244486213,0.0146276394173197,1.2666053164638935,2.4232358176370723,5.847246928407111,1.078264836567127,1.869508319312021,30.0,1.083920036390194,0.0074022423994381,1.3023740944913098,0.047651257365942,0.42835361600027433,0.4130748307705809
3038_left.jpg,3038,0,66.0,0,1,0.1016537825662701,0.0245868071530772,1.4160295833792769,3.213004035130704,7.470649987024603,1.0934074351836134,4.752539322206999,29.0,1.1110230686530518,0.0174529422768708,1.3708922078029409,0.003840948920696974,0.5931571635127878,0.5242750198456096
3040_left.jpg,3040,0,54.0,1,0,0.1207897089349838,0.0310762284277034,1.472125256767062,2.9066711248544403,6.616259164488218,1.087645122582389,4.747546680000202,24.0,1.0914665568622046,0.0189144279963837,1.4075549698217165,0.007335333153605461,0.5508174264537747,0.43016268567618426
3041_left.jpg,3041,0,53.0,0,1,0.0731411199658114,0.0213824016472656,1.3775550151925673,2.502059266222811,5.917289984761592,1.0927136370649029,2.4281628034596463,26.0,1.1014664810484651,0.0122962164367196,1.340197415176053,0.33168959617614746,0.5521468795535639,0.5393928463794297
3042_left.jpg,3042,0,66.0,1,2,0.0611177180789248,0.0131044056668189,1.3216449675142974,3.600588020892664,7.604963928850273,1.085961077102882,1.5826576892293365,17.0,1.1142417306301409,0.0107801598032078,1.3714465848072488,0.008314323611557484,0.16682204782345353,0.408515860589784
3043_left.jpg,3043,0,68.0,1,4,0.0038017701412682,0.0012842564989406,0.7543445777578008,1.997945483564998,5.686245538692325,1.0668907782142656,0.50999355553598,10.0,,0.0005007209454353,0.7901329828832748,0.004606724716722965,0.17170734557075717,0.4330432758809874
3044_left.jpg,3044,0,60.0,1,4,0.1211252700736364,0.0304491183718662,1.4765108329740328,3.051507202898442,7.279168951277511,1.0964491068479985,4.899294991450731,24.0,1.101206439076845,0.0205868375540759,1.42296910291851,0.006486784666776657,0.5732952901553017,0.45027695311047644
3045_left.jpg,3045,0,32.0,1,1,0.0541107619352289,0.0138546508345721,1.3152923230096472,2.8224563194225776,5.996468301748208,1.07156075527508,2.540411358461452,31.0,1.0750234497519884,0.0086468075497262,1.3019627865710073,0.011339250952005386,0.4057730867997098,0.47735926419775965
3047_left.jpg,3047,0,62.0,1,3,0.0902100459365904,0.0270159250186601,1.406593934498669,2.4296617666078766,5.444461346040572,1.0811691780950754,4.057648667738688,14.0,1.0848765383573142,0.0158699147893779,1.3344182334940513,0.01462081540375948,0.256295007333439,0.4630806635223706
3048_left.jpg,3048,0,61.0,0,3,0.093060470375624,0.0255632341731575,1.4044655099241812,2.719819391059483,5.806751429988359,1.0878280041131303,3.1802601755705537,27.0,1.1000321672009077,0.0159467331660752,1.3511279998275574,0.036054566502571106,0.40183095385663536,0.5268916944625843
3049_left.jpg,3049,0,46.0,1,4,0.1328354128924946,0.0264512512104377,1.4967032870401071,4.04234226818116,9.29922205883107,1.079843268096865,6.301226422525031,20.0,1.0854478993304115,0.020756981156553,1.4749522351823443,0.003929755184799433,0.47684406439175125,0.4807000847426675
3050_left.jpg,3050,0,52.0,0,4,0.1488080199690762,0.0383768051499196,1.5254755490231162,2.937018664959248,6.504761618386013,1.0780934160811837,7.225652582539185,23.0,1.083165937947738,0.0258456034683132,1.464881805052622,0.011111157014966011,0.505276248687255,0.539393999680641
3051_left.jpg,3051,0,56.0,0,2,0.0108737167127599,0.0036261061234256,1.0315352756062044,2.215231999168575,5.662949054528055,1.0983966488340309,0.7822817778963983,18.0,1.0822617556894445,0.0015553602407587,1.1331301393983106,0.010758724063634872,0.35577057982536564,0.5533009457094274
3052_left.jpg,3052,0,71.0,1,0,0.0239615361566581,0.0062600550405428,1.1434499284791444,2.94183741447145,6.608771650535755,1.0681585372516773,0.7375617131714692,12.0,1.0626730961430229,0.0034204424448326,1.2228374748150703,0.015865184366703033,0.15284606025019817,0.42261202064619974
3054_left.jpg,3054,0,65.0,0,1,0.002243613660672,0.0008158595129716,0.9493773933572086,2.1068656086839144,3.0295084971874737,1.062806831898955,0.0497475312787602,2.0,1.0451339584017334,0.000477576300276,1.092174457349372,0.046289943158626556,0.006109825408860029,0.5254398668475341
3056_left.jpg,3056,0,52.0,0,1,0.1149142773507487,0.0322399931361317,1.4619230520301447,2.6416111407180973,5.963409132963902,1.084996789216199,5.248840460484812,30.0,1.0941977138958554,0.0193954748938876,1.4025573314132302,0.03547663614153862,0.5911643165832039,0.5405531161100336
3057_left.jpg,3057,0,55.0,1,0,0.0774656070488498,0.0209970040367194,1.3936199961290168,2.754817367942499,6.027423666329961,1.078016247095297,2.5261073191433465,13.0,1.0847650631233958,0.0141815664896707,1.3631533017976192,0.0038143182173371315,0.1606297216831755,0.4297175925803758
3058_left.jpg,3058,0,66.0,0,2,0.0968867862936234,0.0255425147775953,1.4225630051788765,2.8501448104040947,6.73766526920376,1.0828431482770913,3.5657069390665885,20.0,1.090008093880988,0.01661820318503,1.3758904688518288,0.0018743542023003101,0.41204497529102496,0.5474746796498166
3059_left.jpg,3059,0,61.0,0,4,0.0854963139887026,0.0233657339521196,1.3855285853025117,2.7058612932822115,6.1028882579047,1.078939851396408,3.224944949181922,39.0,1.092034058980666,0.0127889223140995,1.3219400053570054,0.0007243633735924959,0.7177084194476375,0.5198078840481443
3061_left.jpg,3061,0,45.0,0,1,0.0841219026492904,0.0217287187114012,1.38212239428679,2.902220226291443,7.653877310223179,1.0925198480340934,2.419903707998286,22.0,1.1100143693821614,0.0146252930352146,1.328369987981974,0.002015050733461976,0.5558423819000001,0.5486620061818672
3062_left.jpg,3062,0,83.0,1,4,0.097824229938194,0.0255313803326466,1.4195202313280617,2.937770123180014,6.630095981323515,1.0927450912233163,3.4169137229284963,20.0,1.107842090157048,0.0168132254660569,1.366910506238061,0.004673996474593878,0.3785341314459482,0.4011932430761032
3063_left.jpg,3063,0,53.0,0,0,0.1429545936877848,0.0368010429404452,1.5201238591938169,2.9060218063864944,6.686367516909676,1.0785390022942576,6.4678477226101805,20.0,1.0889618585620318,0.0232488807591636,1.450261345571707,0.021771952509880066,0.47804993694810827,0.5479501678702431
3064_left.jpg,3064,0,62.0,1,4,0.1379749329372717,0.0348372560609045,1.5037506598481625,3.0379816156703576,6.713815894483297,1.083617384214093,5.556986900666333,13.0,1.0960417740707424,0.0232484124698786,1.4507596774386038,0.005066337529569864,0.3219440855649939,0.4459556712901659
3065_left.jpg,3065,0,60.0,0,4,0.0685443590126068,0.0149799528994842,1.3423223158661977,3.539012571338485,7.426434042016085,1.078555220156704,1.5368690361571042,30.0,1.0739609300600148,0.0104959114763435,1.3451408655230586,0.001463913475163281,0.3078369021194774,0.5219882385490794
3066_left.jpg,3066,0,65.0,1,4,0.0952077903711336,0.025112633088874,1.419637707467032,2.818230284143405,6.585345513025162,1.1074581044407334,4.444713821039659,37.0,1.1043944698012256,0.0154655837727539,1.38124512388037,0.09559295326471329,0.7907551344567498,0.4394892346927792
3067_left.jpg,3067,0,62.0,1,4,0.1143945363803519,0.0304651350750641,1.4565800602370422,2.8253625446868584,6.147394845625896,1.0794038654982032,4.748338081671415,28.0,1.0863629406169435,0.0200743569537895,1.3961791062783528,0.0030895143281668425,0.4700858867035827,0.4459556712901659
3068_left.jpg,3068,0,58.0,0,0,0.1482759136386522,0.037168679803987,1.5212883976510887,3.099594491258442,8.065866407995157,1.0760624701647388,8.325066426053969,20.0,1.081705735451996,0.0252194676942557,1.4715267649414934,0.0022635734640061855,0.6707617777695195,0.545700046417307
3069_left.jpg,3069,0,65.0,1,0,0.0715347520017737,0.0191132230447117,1.3557277135454942,2.8110284062697666,6.476242264905971,1.0743213192014365,2.418757464134362,32.0,1.076645483643907,0.011630192140046,1.3385275357885509,0.06576988846063614,0.5300516628807175,0.4252730234583533
3070_left.jpg,3070,0,66.0,1,4,0.0805023418497597,0.0212022835547872,1.3744582098435163,2.8318808561618654,6.197762824975726,1.0920248693452468,2.311697187770117,21.0,1.1030366487133794,0.0145033871389229,1.3292859734484164,0.004003404639661312,0.3029171899465279,0.43733820186153094
3071_left.jpg,3071,0,67.0,0,2,0.0607363092912225,0.0172107917772657,1.3434580222616228,2.5240979674227675,5.83576065492137,1.1247162050305766,1.6168802295969926,32.0,1.1499848560718935,0.0109543635555196,1.2788284228341864,0.006909002549946308,0.606121605480491,0.5468913099522232
3072_left.jpg,3072,0,59.0,1,3,0.0836822831165551,0.0226442732668266,1.3796786793757905,2.69735645766199,5.812105631213961,1.0879638857627858,2.7276171233741637,22.0,1.1050284394356529,0.0160979921707286,1.3477329935625275,0.0024676413740962744,0.2044622845638304,0.46340787031873304
3073_left.jpg,3073,0,63.0,1,3,0.0868641381793471,0.02159305857713,1.3940999827465133,3.0182606621245047,6.57527864527018,1.0823593440526995,3.144127834152328,22.0,1.0873788026550764,0.0161212619109197,1.3847821627129393,0.00902352761477232,0.23745022430857057,0.46297160164142315
3074_left.jpg,3074,0,74.0,0,3,0.0464715558887223,0.01289980009995,1.2429502771583432,2.647701133519232,6.096413488585516,1.0794790609964038,1.0932033983008496,35.0,1.0845323755031129,0.0075326919873396,1.2535569169635097,0.002985432045534253,0.5171099342173566,0.5254700040485383
3075_left.jpg,3075,0,35.0,0,3,0.0718796218243492,0.0173742737583855,1.363043598290235,3.1488551703258985,6.275360994268707,1.081069257210385,2.220999550752364,21.0,1.0900321173826355,0.0133007586732556,1.3269231218038,0.007107941433787346,0.18914317784408796,0.529733744525016
3076_left.jpg,3076,0,59.0,1,0,0.1038528540302848,0.0268156258220133,1.4456605455955849,2.8609766843897666,6.578755747256911,1.0806823773473242,3.6230625300887898,22.0,1.0925475460301184,0.0183138366246953,1.424759582120679,0.002257558284327388,0.3267632053173581,0.42793836313534545
3077_left.jpg,3077,0,52.0,0,4,0.0098664480786916,0.0031238754048542,1.045496359890593,2.306239704600681,5.079540789260176,1.0777549883914952,0.099964012955336,10.0,1.079838107591928,0.0016344116118197,1.085923041248981,0.12789501249790192,0.12335283692645904,0.539393999680641
3078_left.jpg,3078,0,53.0,0,0,0.0650354771103199,0.0197055778602631,1.339991303194704,2.499809247885626,5.621645963011389,1.076851640831707,3.7370906244476423,23.0,1.0828585062661322,0.0107365603615887,1.3007169876864328,0.03644615411758423,0.3975866779349127,0.5479501678702431
3079_left.jpg,3079,0,66.0,1,0,0.1336856762138611,0.0335174898813712,1.4929813610177542,3.052821954914444,7.223992376688763,1.082220760584109,6.33817929561368,25.0,1.0930258261431227,0.0208111871359913,1.431166414416159,0.0004174494824837893,0.6488360473497453,0.4248292178361925
3080_left.jpg,3080,0,76.0,0,2,0.0555988474293688,0.0149961037313568,1.3478132704320154,2.6939749801840223,6.164478944531061,1.0851197236147834,1.5856907268806293,19.0,1.1049727389928363,0.0091788840361718,1.3262799371431466,0.06776729226112366,0.3082882466679057,0.5416353748216581
3081_left.jpg,3081,0,67.0,1,1,0.0680968301510795,0.0192015654167742,1.3452520424587049,2.583615140996736,5.639428601639158,1.0888360193585354,3.0011824658915613,32.0,1.1025002444722432,0.0117526305364313,1.2973613948662042,0.1684333086013794,0.5247995147099564,0.4368127308225485
3082_left.jpg,3082,0,64.0,0,1,0.1058149858840195,0.027568559770952,1.443752506053268,2.937049792410798,6.880609768407055,1.0797459583224165,3.890623597130914,16.0,1.0886576670156651,0.0183158587803393,1.4103006296747895,0.002816090825945139,0.33240043057225,0.5266044370500759
3083_left.jpg,3083,0,66.0,0,4,0.0917196180844339,0.0263415283276223,1.3776865300883674,2.5374141750209063,5.868497425645053,1.070363823574063,3.459862270867294,28.0,1.0754068706337765,0.0165208423433913,1.3418299654842505,0.00022063832147978246,0.39558476755236677,0.508896449259807
3084_left.jpg,3084,0,46.0,0,1,0.1110970766852258,0.030304255125653,1.458044083639392,2.725314403495127,6.059566054653521,1.0812646155180423,4.193486454533512,27.0,1.0882665242705958,0.0190020512716873,1.3984568260102892,0.29300352931022644,0.4736238165768892,0.5475050723774824
3085_left.jpg,3085,0,60.0,1,3,0.1348827809215844,0.0346806790622473,1.4995957427156283,2.9079672525934166,5.95886712820319,1.0818594592767274,4.799919159256265,30.0,1.0965764475771618,0.0225495149555375,1.4349303804456826,0.0019044707296416163,0.5041752758020304,0.46329879787134787
3086_left.jpg,3086,0,45.0,0,4,0.1019210191597181,0.0275837354384123,1.4298461298791745,2.7202958356684985,6.007570340143534,1.0798143878808786,4.391189356160788,27.0,1.0835847125476736,0.0168227978437746,1.3615219075502891,0.47423917055130005,0.5660021557772383,0.5545470763963064
3087_left.jpg,3087,0,54.0,1,0,0.1329974327356526,0.0354717095554791,1.500776393534003,2.8196111267621378,6.189000749473713,1.089851100487146,6.670844367179446,14.0,1.1066908689924109,0.0244951383694839,1.4399070418955937,0.001377681503072381,0.27032661756315696,0.43016268567618426
3088_left.jpg,3088,0,63.0,1,2,0.0149042662262559,0.0042576402672767,1.1076536644866233,2.7392282466056823,6.673053659842422,1.0851628231473436,0.757587236170245,17.0,1.073391726223455,0.002146497169149,1.2086148272172188,0.017013851553201675,0.2940007596917527,0.410223675482818
3089_left.jpg,3089,0,56.0,0,0,0.1042660658170173,0.0319243009377451,1.453178134824542,2.35656048225602,5.387020951082268,1.0880901438022863,4.696219543267669,23.0,1.0866384638794528,0.0182852803493187,1.3822736049355542,0.0051156338304281235,0.4722682416538256,0.5466003242466938
3090_left.jpg,3090,0,50.0,0,1,0.099554077545159,0.0259491598014763,1.4270410588706988,2.858432987602517,6.951577945115697,1.0867857627804578,4.182097599072884,38.0,1.0951471484892537,0.0152067115108457,1.3627513339129065,0.0020366536919027567,0.7910788650655461,0.5428723247515318
3091_left.jpg,3091,0,24.0,0,2,0.1219398262092521,0.0329901049776483,1.4814684553360855,2.769037530747388,5.973004253475344,1.082184911914975,5.977196242905219,20.0,1.096337262718129,0.0219850318951228,1.4151235607015251,0.020748281851410866,0.2939209132604056,0.5718392463217566
3092_left.jpg,3092,0,44.0,1,2,0.1164015819220453,0.0287241081485148,1.4508660264836368,3.06534692869869,7.104212156496645,1.0801025188093598,4.596261370696056,28.0,1.083963478506437,0.0180415885891497,1.4067640651242648,0.13554558157920837,0.6491194104556012,0.42108856279707574
3093_left.jpg,3093,0,73.0,1,3,0.0732814559336669,0.0222944892466331,1.36123496596136,2.3747863387290225,5.181800336900865,1.0921705147464422,2.575354363710732,32.0,1.1100467962217229,0.0128767718185536,1.2927575298588103,0.4291798174381256,0.48585390727474936,0.461881179387454
3094_left.jpg,3094,0,47.0,0,3,0.1216751671306362,0.0281328104362668,1.4585056998873658,3.355435478404557,6.872417055924871,1.0841604150175237,4.368764350882897,26.0,1.0901408146246965,0.0210361083453559,1.4261479520154912,0.000896422890946269,0.36241056014777573,0.5284222574720198
3095_left.jpg,3095,0,74.0,0,4,0.1017469501709522,0.0249651014586578,1.4287263896377087,3.032676511968581,6.8929745469938135,1.0908385763250017,4.046207691840822,15.0,1.1001100158053645,0.0173734042768415,1.3875907850883211,0.026674849912524223,0.3409956783489778,0.49142484073770804
3096_left.jpg,3096,0,71.0,1,0,0.0281766582635468,0.0067867450506976,1.2273674929234275,3.172785041245157,7.352641668518433,1.0988262889589815,1.115907257962252,21.0,1.099431507294097,0.0041440737716143,1.2229974456960395,0.0011163321323692799,0.47182068719984227,0.42261202064619974
3097_left.jpg,3097,0,58.0,0,1,0.1351958409045023,0.0352311730264486,1.5069724126524382,2.840403005993008,6.675421483495406,1.0870256725644911,6.107409650716737,16.0,1.09978336969369,0.0233242479305471,1.4411461608935312,0.03818889334797859,0.4118754920012095,0.5335853407446928
3098_left.jpg,3098,0,22.0,1,3,0.1475336957180673,0.0383231959908662,1.5222761477567546,2.9058363190739747,6.293813538714262,1.0830553521850677,7.476711055428699,28.0,1.0897035106075648,0.025602683533049,1.4668790131271612,0.07805275171995163,0.5804328275238841,0.4674459252230325
3099_left.jpg,3099,0,61.0,1,4,0.1311204742540787,0.0345646955073244,1.5032529150058147,2.839080580182469,6.370784981119353,1.091521677577587,5.438244084072314,16.0,1.1026787341996895,0.0241732399196511,1.445175336231385,0.00011958934192080051,0.3180839436882399,0.4481153327870068
3100_left.jpg,3100,0,57.0,0,0,0.0883624788540655,0.0224221979759962,1.4131192386076097,3.002261444039032,7.310084035660646,1.0764893936078908,3.553517982802975,15.0,1.0825360337765026,0.0133131800482477,1.3725013764878633,0.0005354321328923106,0.40387672629136384,0.5461502230581671
3101_left.jpg,3101,0,59.0,0,4,0.1385701676963812,0.0374248003976828,1.5110725066566046,2.8352098705312327,6.30441686844668,1.081265953753063,6.340607278002658,29.0,1.0905377169032553,0.0250783699059561,1.4561422542018283,0.0007539618527516723,0.4917116695577149,0.5241677555043437
3102_left.jpg,3102,0,43.0,0,4,0.0941779966634366,0.0264827227955206,1.41115310836029,2.5999863464830475,5.595882483569767,1.0863044486171098,3.8959871332527496,18.0,1.0945554198814773,0.0163331768278672,1.3575005733260717,0.0013435506261885166,0.3626274416922781,0.5588592137629921
3103_left.jpg,3103,0,78.0,0,2,0.1234362852498409,0.036292317478267,1.4933199643878343,2.5088980861822057,5.3713716182832965,1.0778604923279331,6.360873559968902,24.0,1.0963169075111687,0.0234897973607423,1.4208155148206,0.005495864432305098,0.24260552142434533,0.5404660879882749
3104_left.jpg,3104,0,63.0,0,1,0.0718341087709862,0.0209596484908139,1.35701116699759,2.574364781585119,6.577152420959286,1.076877731712737,2.993510677700375,43.0,1.089134441667959,0.0097669628043613,1.299170803813863,0.02468182146549225,0.8357318300667546,0.5277687178524473
3105_left.jpg,3105,0,60.0,1,2,0.1439072074848318,0.0390559089049088,1.5224908365003744,2.74656418214085,6.308889240468822,1.091220438101414,7.628304546166398,23.0,1.1066229538381158,0.0242236558270648,1.448489246224415,0.01994282938539982,0.5331248089000166,0.41193365766143264
3106_left.jpg,3106,0,48.0,0,4,0.1542059615394329,0.0406073678202142,1.5345937754012196,2.8981821953035576,6.939215770072059,1.0755664611430271,8.486177128742378,23.0,1.0798395320735457,0.0260495330076931,1.4654045530922803,0.0013920186320319772,0.679436128418947,0.5480636426814862
3107_left.jpg,3107,0,44.0,0,0,0.1088276266930062,0.0298462957699887,1.4678915527424996,2.706347379998328,5.822969905412903,1.0780869933190889,4.286386529564419,29.0,1.0886979343030252,0.018506007929815,1.398459160706768,0.000198933164938353,0.4626166728202141,0.5519953905417821
3108_left.jpg,3108,0,62.0,1,4,0.1271600962167493,0.0306967662718022,1.4811481259972636,3.1785261813498686,6.894674276114726,1.082023333109707,5.082579333527914,21.0,1.0896526539190776,0.0219255427288922,1.443564232261608,0.0010673856595531106,0.3378402010142232,0.4459556712901659
3109_left.jpg,3109,0,69.0,0,2,0.0374457408104378,0.0116120938401706,1.2124349637622858,2.3599968018513757,5.710970134546335,1.0833329674366508,1.2545477355413372,37.0,1.0909534642847143,0.005464809936018,1.187035855195555,0.24896621704101562,0.6651311647897064,0.5457241856550207
3110_left.jpg,3110,0,52.0,0,4,0.102615870381894,0.0278503768236188,1.4514082356818787,2.7582769644411447,6.408546007470927,1.0873429101179612,3.503192053285395,36.0,1.0962105907302204,0.0169674341422941,1.3846922579444172,0.0012724947882816195,0.6720097616192228,0.539393999680641
3111_left.jpg,3111,0,60.0,0,4,0.0684593717905697,0.0183795491290686,1.3610148338040162,2.750904495992996,5.579205340614953,1.0797594217943658,2.3387531395218777,22.0,1.085700121519937,0.012090336882137,1.3657067581806328,0.000420189491705969,0.21063552582352998,0.5219882385490794
3112_left.jpg,3112,0,62.0,0,2,0.0966448200061935,0.024464536828799,1.4163312987827497,2.977149843536925,7.240739501865286,1.077539536535341,3.9598129749871815,21.0,1.0832189427821788,0.0146817681072601,1.3800540632004206,0.0022426822688430548,0.5671579298151684,0.549806838729863
3113_left.jpg,3113,0,63.0,0,1,0.0,0.0,,,,,0.0,0.0,,0.0,,0.0014566886238753796,0.3507999580502657,0.5277687178524473
3114_left.jpg,3114,0,35.0,0,2,0.154129923945726,0.0382191676984106,1.5295796607782188,3.0653174203309925,6.359571578254459,1.0934154451442286,5.861990550066958,22.0,1.1039575651634692,0.0268843014882381,1.4717805374654993,0.00449257530272007,0.36850134083610375,0.5654867187246828
3115_left.jpg,3115,0,62.0,1,0,0.099436514656667,0.0301802346679569,1.4284129544461508,2.425373992061641,5.978250147704702,1.0828446239033551,3.679287125519133,36.0,1.098647947575624,0.0165114309906858,1.3320651222595783,0.0001714680256554857,0.7265939139938349,0.4266051604152686
3116_left.jpg,3116,0,68.0,1,0,0.044308950444175,0.0114029056829078,1.260176529450146,2.928281560759446,6.212136733196101,1.0681375035094351,1.0855602395469597,14.0,1.076310542070698,0.008042192107977,1.2998701705011348,0.0036908183246850967,0.11214994026814723,0.4239419707331991
3117_left.jpg,3117,0,55.0,0,1,0.0682301909494896,0.0192769500659754,1.3351011726333517,2.642667010538314,6.410804576400867,1.0904462104585133,1.8200110211778504,41.0,1.0931260078288805,0.0097572813079812,1.2834094566185434,0.014162909239530563,0.7787137305867989,0.5370710381700758
3120_left.jpg,3120,0,67.0,0,2,0.0921194973787134,0.024543661185869,1.4141893759180562,2.8383196563960205,6.008390184665617,1.0772559346477215,3.426518314740392,18.0,1.089395329560899,0.0158745698495758,1.375768557592513,0.003277876880019903,0.2610083016900686,0.5468913099522232
3121_left.jpg,3121,0,69.0,0,1,0.0685504319843618,0.0184872709837441,1.361537521733106,2.829734372116744,6.465429326183009,1.0868107071438968,2.443454768425032,48.0,1.169339472215468,0.0106728260167999,1.3475891644096358,0.0007218351238407195,0.8315327799263968,0.5207789442286177
3122_left.jpg,3122,0,49.0,1,1,0.1626665867150374,0.0393911683431523,1.5462491407074606,3.1649707533482854,7.266427134135673,1.0766726379015463,7.445495475237482,10.0,1.081451995907639,0.0296370695729083,1.5006624643315016,0.00043605329119600356,0.18121337514381172,0.4575944130655827
3123_left.jpg,3123,0,66.0,1,3,0.1391632830333515,0.0359624669211966,1.5043617167738157,2.9555571246694505,6.729371813547812,1.085960467398529,5.656222855180494,18.0,1.0956158151072355,0.0235541280326444,1.4472675216762048,0.0008165314793586731,0.39334487100693966,0.4626444372965833
3124_left.jpg,3124,0,39.0,1,4,0.1273458445040214,0.0328830686739533,1.4772169279419116,2.9337919546222784,6.3355651939724105,1.0825452788626948,5.516601361105383,18.0,1.0891765743223765,0.02170035058775,1.4161829723043238,0.00010270245547872037,0.3971805218494844,0.4959797923942758
3125_left.jpg,3125,0,52.0,0,2,0.1027967156008957,0.0237671062453346,1.4222780134937207,3.249714545826285,7.105819465331263,1.0786042473899835,3.6327444637969646,22.0,1.0860679721609714,0.0172580243841751,1.3932522343738805,0.0025408437941223383,0.37861209381995203,0.5556274500943088
3126_left.jpg,3126,0,41.0,0,2,0.1362928226352149,0.0305810397553516,1.47454969361883,3.507613354077401,7.766292513169327,1.0943061329426047,5.455279819136492,16.0,1.1182053903645437,0.0237829218268892,1.4516777142928723,0.015931744128465652,0.30244438912779925,0.5620124769340171
3127_left.jpg,3127,0,58.0,1,1,0.0998485231002272,0.0259227467811158,1.432931706404611,2.947325894230758,6.742149077774174,1.0806339727433298,3.938399394092401,22.0,1.082194976633614,0.0172229235041656,1.3953353600005172,0.006150487810373306,0.40269187822771957,0.4471805030211666
3128_left.jpg,3128,0,43.0,1,0,0.0927683113946539,0.0309547363320681,1.43300644831379,2.099996332571299,4.433845962442452,1.096650813248765,5.249131874343859,22.0,1.116776087679028,0.017695631107163,1.3528062886147825,0.0016404546331614256,0.345182767518554,0.43506600954999014
3129_left.jpg,3129,0,59.0,0,2,0.1351615368652282,0.0343522075608262,1.498576551465308,3.014748326203751,6.525050092866075,1.082577523193802,4.70716856218777,21.0,1.095406529822541,0.0231562324430204,1.4472017716373975,0.0003618088085204363,0.36182289968008424,0.5515545284011917
3130_left.jpg,3130,0,75.0,0,0,0.0366281453584607,0.0106756161637636,1.2439976127222314,2.4672639841442674,5.33001156099615,1.0984498092391832,1.2654831867903804,16.0,1.0995364977753093,0.0068487950069095,1.2739657094695582,0.0037171023432165384,0.17526177971475362,0.53803620226169
3131_left.jpg,3131,0,37.0,0,2,0.1149945452341508,0.0322976012498821,1.4374121596610268,2.650930942743567,6.141230757363642,1.095247272410223,4.983366331299581,15.0,1.1181248690704244,0.0206944388325454,1.4177691953120053,0.0013196434592828155,0.2514781115166093,0.5643293354564938
3132_left.jpg,3132,0,54.0,1,1,0.0002572548386608,0.0001916800758649,0.3659667998232892,1.0,1.0,,0.0,0.0,,0.0,,0.19001609086990356,0.00015164755599156603,0.45180373997928125
3134_left.jpg,3134,0,33.0,0,2,0.0646970420797006,0.0094052310999641,1.3852523517913546,5.423061078045983,9.70034720324149,1.0908993419269903,1.0450256777737967,14.0,1.0886326610690256,0.0083651817349416,1.3930363111884176,0.0006526134093292058,0.30784604295487483,0.5666433884101691
3135_left.jpg,3135,0,45.0,0,3,0.1174433725466477,0.0326861624378786,1.4645050035800216,2.7098897456846456,6.244083835345457,1.0860046944812587,5.594701666313847,22.0,1.096131890936176,0.0214816382899365,1.4012541796126985,0.0003663311945274472,0.3844695552660609,0.5286408663886957
3136_left.jpg,3136,0,45.0,0,4,0.11614784618914,0.0245513261686695,1.4687959665521095,3.685145104818807,7.619331987979983,1.0921504068411971,3.3970388409479946,19.0,1.0926891282452222,0.0193631213934035,1.4457160064155672,0.0010688264155760407,0.23860598747262726,0.5545470763963064
3138_left.jpg,3138,0,55.0,0,4,0.0476650771147484,0.0105952227520728,1.2530123300584268,3.3725630008159646,5.821920534078117,1.1032662711280838,1.396228036258968,22.0,1.0808263023647218,0.0089627099712162,1.2760664156233157,0.012817931361496449,0.14766639996647585,0.5328757970826702
3139_left.jpg,3139,0,54.0,1,2,0.0470014193616218,0.0111398381832171,1.3407314105420092,3.255343674599098,6.634674563566897,1.067078193169477,1.720438329454382,15.0,1.0717555456908756,0.0083584628839325,1.3450055262312706,0.006703653372824192,0.15069647649887763,0.4153599692395619
3140_left.jpg,3140,0,59.0,0,4,0.1103719978786271,0.0301436977548804,1.4480426854220187,2.7807688284848715,5.960545950549861,1.0839947598380488,4.747834431901406,22.0,1.084760703271466,0.0207187413187867,1.4096031952024657,0.0015798084205016494,0.3131291548314159,0.5241677555043437
3141_left.jpg,3141,0,47.0,0,3,0.1019688302237674,0.0269703462634674,1.429730409134135,2.812022567580104,6.62997672760204,1.1055606878476705,4.194376503406036,27.0,1.1236203849110846,0.0165804208526207,1.3783230040761263,0.22781288623809814,0.5919977400126515,0.5284222574720198
3142_left.jpg,3142,0,61.0,0,0,0.14918221120416,0.0352258870715804,1.5228995681172297,3.270273789971246,8.166948894818482,1.0840944465022275,6.85269724178936,20.0,1.0959220450153533,0.0244379276637341,1.4670409597456513,2.4961229428299703e-05,0.6116106653397682,0.5443490710185849
3143_left.jpg,3143,0,66.0,1,2,0.0132145006390904,0.0038793039136208,1.1942132479497416,2.3844473992134443,4.6181369700700365,1.093974505899496,0.1989386622369658,14.0,1.071628311131771,0.002556361809745,1.128132608765032,0.0098563889041543,0.29636817998860443,0.408515860589784
3144_left.jpg,3144,0,56.0,1,1,0.0351512031913524,0.0087093038219019,1.2292022923940686,3.098429154442014,7.566880816346721,1.077945488487153,2.3677776347960364,23.0,1.0873040848803983,0.0053326470209754,1.264908173076094,0.013999505899846554,0.41689623041128365,0.44949103077515556
3145_left.jpg,3145,0,57.0,1,3,0.1528322941239807,0.0396237311694286,1.5439625296427075,2.924686536479792,6.399580390604865,1.0978159210474845,7.683949843873886,23.0,1.1245964649025546,0.0262428911228355,1.487921017014219,0.001704662456177175,0.5207481904151704,0.46362602570767564
3146_left.jpg,3146,0,51.0,1,4,0.0072706033996616,0.0031670426166116,1.0538679298892568,1.49862354232524,3.442240526547199,1.0978328749519757,0.0,17.0,1.1332065186546263,0.0006646257955369,0.9992365930771976,0.031063472852110863,0.3992188389663995,0.4698064050730303
3147_left.jpg,3147,0,55.0,0,4,0.0033983179018038,0.0020242354937474,0.8564100569584884,1.2422950623420206,2.972754119180144,1.0412449550916767,0.0,16.0,1.0423642478214117,0.000239772769191,0.8475202294385803,0.0005541700520552695,0.2023152001445658,0.5328757970826702
3149_left.jpg,3149,0,56.0,0,0,0.060026959406694,0.0100326795760111,1.311291570748903,4.760392501794255,9.680955303778996,1.08605245017071,2.3378083295613377,27.0,1.077254302607778,0.0072571539421914,1.3156160222476054,0.022419989109039307,0.663888018576284,0.5466003242466938
3150_left.jpg,3150,0,44.0,1,2,0.0656638894081862,0.0186189160102467,1.3331392283640515,2.623933446233707,5.994130324880937,1.0944417788899783,2.4252590732478767,29.0,1.0821461690019998,0.0108328238605071,1.2971247689664325,0.028402848169207573,0.5902549281626155,0.42108856279707574
3151_left.jpg,3151,0,67.0,1,0,0.055969856731278,0.015615506732258,1.355409907861674,2.652684248051961,6.137175424760569,1.084219574487238,2.106892969837132,21.0,1.0932000855392725,0.010088587499755,1.3545248502783878,0.0021067506168037653,0.28408696461328514,0.4243855333672336
3152_left.jpg,3152,0,62.0,0,0,0.0848715914607433,0.0221710456208484,1.3961310835607663,2.8491842015024,6.107090315506958,1.090577354740441,3.552103437252093,11.0,1.093720833555382,0.0151497211598801,1.3755578479323187,0.0007627552840858698,0.1809244758960875,0.5438985998086648
3153_left.jpg,3153,0,58.0,1,1,0.1350303321040586,0.0331154618774922,1.4964115250739654,3.131368208053696,6.659528991512488,1.0805379846379908,5.496756913421081,19.0,1.0777001054782551,0.0225367033450264,1.44279346100224,0.005526753142476082,0.3255761131694525,0.4471805030211666
3155_left.jpg,3155,0,48.0,1,2,0.0229927371980625,0.0050960572609612,1.121589292638852,3.347834855999313,6.667078415633664,1.0745354643019027,0.4733180118539866,17.0,1.084141796500914,0.0035709214449872,1.2234351756115052,0.005818759556859732,0.14599478225424709,0.4187944840473071
3156_left.jpg,3156,0,67.0,0,3,0.000312873745351,0.0002018540292587,0.5163538779345476,1.0207106781186548,1.2071067811865477,,0.0,4.0,,0.0,,0.20504885911941528,0.0020966445128736927,0.5262355824410622
3157_left.jpg,3157,0,62.0,1,2,0.1335074756822648,0.0317834664278428,1.492991266407777,3.2162672005554303,7.2176793066318226,1.094217823967882,5.274025424782944,22.0,1.1108048864530131,0.0218673035301141,1.4445852573542275,0.0006103153573349118,0.5148746755670924,0.4107934306352285
3159_left.jpg,3159,0,62.0,0,1,0.092533372901562,0.0230092661287434,1.3904259352875057,3.076596513151522,7.045118009179176,1.096090865555403,2.404793213366557,24.0,1.1005654134341276,0.016854018818786,1.351689880849162,0.00899889413267374,0.3962097341014647,0.5289326966664348
3160_left.jpg,3160,0,37.0,0,3,0.159020618556701,0.0356731352334748,1.5262952487433188,3.481609295208421,7.691928211997748,1.089868055478403,6.822316555488174,20.0,1.1103561229914425,0.0277946230038407,1.4891735064457725,0.004848876036703587,0.38919448052546385,0.5295151913682302
3161_left.jpg,3161,0,64.0,0,1,0.0482959913283013,0.0132462185626062,1.3715777740583068,2.6605588972702563,5.715587569071615,1.074258471565658,1.4419682369203537,14.0,1.085298491031425,0.0088109231580098,1.3464654220315095,0.05505499616265297,0.23159788655805588,0.5266044370500759
3162_left.jpg,3162,0,33.0,0,0,0.0386200997578162,0.0073550254367512,1.2195026285078054,4.045669076062761,7.756993719161933,1.0824583374774908,1.0443240985245192,21.0,1.0826161190587922,0.0051271340265656,1.228642607332442,0.0014443795662373304,0.3123312909371178,0.5569301702351789
3163_left.jpg,3163,0,45.0,0,3,0.1410105461031972,0.0383995391448914,1.515656606778835,2.753938819070951,5.744934899127943,1.076658345330214,7.074530175397816,17.0,1.0756298004969844,0.0247456959063736,1.461362096111304,0.007546002045273781,0.3236259078323003,0.5286408663886957
3165_left.jpg,3165,0,40.0,0,2,0.0458789157903468,0.0153912795037925,1.3029050197819865,2.079995428058589,5.105868025017403,1.082766421745066,1.0598785287042756,37.0,1.0807682191732095,0.0065666387104504,1.2291840498763014,0.005976470652967691,0.7258316873464317,0.5625919492450863
3166_left.jpg,3166,0,43.0,0,2,0.0709102919263245,0.0139075933616332,1.331448771075788,3.946023110117995,7.814106748061773,1.0891062437178811,1.8434218005110372,19.0,1.0817918460240388,0.0113472853053679,1.3492858093055635,0.2826842963695526,0.32108637336861895,0.5608530261360647
3167_left.jpg,3167,0,57.0,1,1,0.1312066530839816,0.0312384386512497,1.472134107441074,3.231668098481261,7.191948690381396,1.0920895305704714,5.992361042358176,35.0,1.1084668822329686,0.0214161772905148,1.4526432145798016,0.018647002056241035,0.665790543872384,0.4483354881085865
3168_left.jpg,3168,0,53.0,0,4,0.1265305298434393,0.0326041971594981,1.4908024473834591,2.901648497577801,6.469784394796093,1.086620719754798,6.056507212290672,16.0,1.1004710384788183,0.0221314867715788,1.4350940104998564,0.04080665111541748,0.39132727228295006,0.5372226509821401
3169_left.jpg,3169,0,63.0,0,2,0.1471808319817293,0.0380773370117172,1.5242065224897794,2.9804735399138798,6.648206995061802,1.095101506450592,6.61906999540202,18.0,1.1000485309354024,0.0262792236993022,1.469526282857713,0.00048601930029690266,0.3554027442517121,0.5492240000581153
3170_left.jpg,3170,0,69.0,0,3,0.0202942880557048,0.008241944660483,1.1173434958566757,1.685426637893357,4.013764821346753,1.0923475540226826,0.7829586441244174,31.0,1.0887557611331355,0.0027090369086704,1.2369331229101588,0.001450147363357246,0.3879683688203916,0.5260168581862011
3171_left.jpg,3171,0,65.0,0,3,0.1147913182408506,0.025156733221837,1.457879059549803,3.671523238700789,8.234499184678471,1.082487545028093,4.3913331900699815,24.0,1.091357618273039,0.0185930915919984,1.4399502153560744,0.0006255604093894362,0.4850370176658675,0.5264542966277201
3172_left.jpg,3172,0,68.0,1,2,0.0643824902232875,0.0148757411378831,1.411292038197178,3.233218986708602,6.470912575913822,1.08476926961567,1.7156553551154283,12.0,1.088690941336736,0.011237542576006,1.378175124229731,0.0043847630731761456,0.18065868326594753,0.40737854034809023
3173_left.jpg,3173,0,46.0,0,3,0.1418711122169694,0.0343169942771833,1.5093193595141716,3.142798795634556,6.403446028844552,1.0867177388676577,5.822343866633491,11.0,1.1009682632511764,0.0273401343617815,1.4741592064447582,0.009684057906270027,0.09655980507374795,0.5285315632983314
3174_left.jpg,3174,0,66.0,1,0,0.033145920836552,0.0130301991620154,1.196373416132644,1.7521800886197645,4.097363749659047,1.091746197314879,1.790565255871775,41.0,1.0997709604884849,0.0045582675513764,1.147975559929609,0.00023787353711668402,0.6617625465392156,0.4248292178361925
3175_left.jpg,3175,0,70.0,1,1,0.1339288410246087,0.0299381007498364,1.4838256877504656,3.4582331503384123,7.718826134896111,1.1169280960043404,6.139600422726587,11.0,1.111339400539745,0.023466358009159,1.4513397113812525,0.014839230105280876,0.3692427459111943,0.4333685836770771
3176_left.jpg,3176,0,64.0,1,0,0.0913070919783203,0.0183034953965757,1.4054172567251169,3.8625087572802608,7.17561057823837,1.083663188328894,2.4544917198473204,22.0,1.0915320185483723,0.01563861867217,1.3931937158391905,0.058752819895744324,0.19634811531968777,0.4257169495512218
3177_left.jpg,3177,0,66.0,1,0,0.0656868376195064,0.0147020677388275,1.3450286251066548,3.50248079943227,8.19242128656382,1.0741989965924732,3.196101682353813,35.0,1.0918389484947189,0.0089954050248276,1.405211143012545,0.004451696295291185,0.6626618695918164,0.4248292178361925
3178_left.jpg,3178,0,61.0,1,3,0.086192756935649,0.0243797101027305,1.4066606910854371,2.568744291389517,6.013947647356244,1.095535064578235,3.251275033604597,42.0,1.099881654827629,0.014960717803885,1.3472159049596617,0.25305673480033875,0.7282100779270225,0.46318972893578597
3179_left.jpg,3179,0,75.0,0,1,0.0348150140993832,0.0100738349325919,1.218142369943623,2.469339999130073,5.414884047996086,1.076122091258783,0.7473171314979224,22.0,1.0797201212011536,0.0059536264809334,1.2272663777197903,0.019832173362374306,0.20970738909845288,0.5137810255095064
3180_left.jpg,3180,0,61.0,1,4,0.125443592060014,0.0319036899871726,1.4813803421525098,2.9610923711839674,6.835180853743949,1.0774536170954716,5.689957225496998,16.0,1.0835351221845375,0.0227598289019879,1.447440838053008,0.019731467589735985,0.2985207542490418,0.4481153327870068
3182_left.jpg,3182,0,53.0,1,4,0.1362362882830128,0.0354169926854016,1.5017777115838906,2.95328030187395,6.33805550195943,1.0822100540498374,6.158599070152501,25.0,1.0925540971258936,0.02498775852234,1.452220951097396,0.004398170858621597,0.3733218129559384,0.46545639331195343
3183_left.jpg,3183,0,52.0,0,4,0.0669486926882207,0.0208516623906183,1.337644807215166,2.249497129146876,5.926649363989704,1.0935483111728332,3.2663038610872577,35.0,1.1005581388213588,0.0091719919712143,1.2951050624141665,0.008232075721025467,0.8360093088059367,0.539393999680641
3185_left.jpg,3185,0,63.0,0,0,0.0246129199172106,0.0074381069893329,1.1667689778445582,2.3296151602472133,5.868120059190411,1.0818952087875011,0.7462983601337366,24.0,1.0840096900195029,0.0037265164782677,1.2368537871059997,0.0014288326492533088,0.31715050146284435,0.5434480567689473
3186_left.jpg,3186,0,53.0,0,0,0.0982111291805133,0.0262421591701093,1.420712117890785,2.8228847870509703,6.043326592865866,1.08120714364915,3.232290582923405,15.0,1.0891786882531105,0.0170402319168493,1.379473676461171,0.00027021238929592073,0.20707651103402278,0.5479501678702431
3187_left.jpg,3187,0,43.0,1,0,0.0908569598280707,0.0279953298065796,1.4078179096709962,2.358806197477536,5.352077990862496,1.0763847559457698,3.977930236402712,23.0,1.088318290235324,0.0165213258389816,1.324269533940456,1.2995026736462023e-05,0.3698355376257637,0.43506600954999014
3188_left.jpg,3188,0,60.0,1,4,0.126598858444038,0.024997355177052,1.462870062287311,4.076653962015358,9.356547675260986,1.0867401229240934,5.188890736066821,14.0,1.0956872862636131,0.0197983889249928,1.4495136202762229,0.00025656429352238774,0.33494969029696864,0.45027695311047644
3189_left.jpg,3189,0,62.0,1,4,0.0990420662267716,0.0216697149439689,1.4078313522918675,3.5588023398071424,7.740092577098858,1.0799730818301578,3.031435991229045,18.0,1.0850992211047903,0.0162484969129876,1.3729115220185657,0.0059816851280629635,0.2559806197943945,0.4459556712901659
3190_left.jpg,3190,0,51.0,0,1,0.1230805117755018,0.0349986136112566,1.5170203514065232,2.6652548332807964,6.247583960211829,1.0822190910673406,5.809629019977201,31.0,1.0996123057991245,0.0216804792063694,1.4441901174012148,0.000344405067153275,0.6512497755811535,0.5417129463658781
3191_left.jpg,3191,0,57.0,0,2,0.0962107167081166,0.0280081392719873,1.4424878001846584,2.5825831860488506,6.546997393718212,1.0837161957112422,3.798326927424825,30.0,1.0843740886195987,0.0155821840379832,1.3646610318913188,0.06879120320081711,0.700624748713246,0.5527189505834421
3192_left.jpg,3192,0,58.0,0,4,0.0829344968936989,0.0255460793680845,1.4274841427988243,2.339769787842509,5.437365121651243,1.089674760251954,3.346263412572264,35.0,1.1066901797866695,0.0149833347276097,1.3679276597208263,0.0018670716090127826,0.6116287950639002,0.5263463522659199
3193_left.jpg,3193,0,54.0,1,2,0.155451123070315,0.0394956921599838,1.5420469036923594,3.015922733047303,6.459567605649743,1.0798522165083804,6.973394982187524,20.0,1.086301225882963,0.0286667171985143,1.4919105577279674,0.0010655710939317942,0.23774925017159315,0.4153599692395619
3194_left.jpg,3194,0,47.0,0,3,0.1068037102556968,0.0235539294169523,1.4107471038416108,3.503617700171651,7.239221915298041,1.0890661782085087,3.097129118788025,26.0,1.0957089125364017,0.0181103312878282,1.3925968150190589,0.018849225714802742,0.3404643692794211,0.5284222574720198
3195_left.jpg,3195,0,66.0,0,4,0.1058420290958945,0.0278416736486658,1.4381989678949756,2.9383185359285173,6.719692108332141,1.0838415843635163,4.366923096453144,21.0,1.0978514796790857,0.0182090537486988,1.415708551688863,0.00040386561886407435,0.35480613494608587,0.508896449259807
3196_left.jpg,3196,0,56.0,0,3,0.1371578246124031,0.0371043281653746,1.509732561793378,2.7535448534027998,6.110414207304328,1.0930781764810178,6.258074935400517,17.0,1.1116130206959145,0.0253351098191214,1.4501673380825182,0.007107618264853954,0.2615940880623514,0.5274383836361386
3197_left.jpg,3197,0,45.0,0,4,0.1568037023377069,0.0405347372037447,1.546693776279869,2.94191744049011,6.241980544652536,1.0797396544160465,7.174289770574297,28.0,1.0844198582903049,0.026888429689434,1.476627881765296,0.008306251838803291,0.5635536224824789,0.5545470763963064
3198_left.jpg,3198,0,56.0,0,2,0.0936079368192109,0.0217941632645784,1.4288097768492944,3.2825316354944447,7.662449200766439,1.0982965392223218,2.5849927798477528,18.0,1.1040074996591376,0.0157105164637298,1.4109047913774695,0.07679944485425949,0.42585380478479423,0.5533009457094274
3199_left.jpg,3199,0,36.0,0,0,0.1247139819783335,0.0335729472511896,1.480654688507156,2.8534709877633904,6.869083850396277,1.0809493650092104,6.125341702946239,21.0,1.0922082416098338,0.021519692214235,1.4208573269287073,0.021976083517074585,0.514397933850651,0.5555853932752884
3200_left.jpg,3200,0,57.0,0,3,0.1415238418462582,0.0378015791417534,1.518477471535302,2.786192320409374,6.398246843596086,1.074323473398746,6.088978948103932,36.0,1.0892332381609255,0.0239117197871851,1.4671688027427512,0.00021024580928497016,0.7040614453931958,0.5273290510232628
3201_left.jpg,3201,0,46.0,0,0,0.0800774976419303,0.0194712825349886,1.3770472178390547,2.9984497928655407,6.685981823887563,1.083243796082751,2.19236750197568,34.0,1.0964615730582494,0.0127820123894256,1.3623217026112937,0.07332390546798706,0.5239574571410243,0.5510970274313736
3202_left.jpg,3202,0,62.0,0,2,0.1437156106944216,0.0313536028311687,1.502201686877655,3.5854810003970203,7.406395127884981,1.0858834000509243,5.61660925796142,17.0,1.0861829385732542,0.0240917744011849,1.4656058869487705,0.000748763675801456,0.35336323113162094,0.549806838729863
3203_left.jpg,3203,0,74.0,1,1,0.0770991639910037,0.0163595289497543,1.3970850601231022,3.673500763473221,7.426035328706708,1.09036934138878,2.654791899378378,14.0,1.0879811062492857,0.0132439052489743,1.4075766281105897,0.036522187292575836,0.2355545266883826,0.4287864377595346
3204_left.jpg,3204,0,62.0,0,4,0.072304749927952,0.0208493803872252,1.3637833820062446,2.5411677172633427,6.206288442795867,1.0857897811054875,2.148340276140323,30.0,1.1012682102369211,0.0122088605936754,1.3334531250121822,0.002939511090517044,0.5018744187746552,0.5176267747770391
3205_left.jpg,3205,0,60.0,0,2,0.0176053009914485,0.0037707878359757,1.1220114671214405,3.4787764495447684,7.277853096682642,1.1079878646545518,0.6964515792039558,11.0,1.1098259536267452,0.0028007302792273,1.1134437548229448,0.009463153779506683,0.35198070581529195,0.5509721044670804
3206_left.jpg,3206,0,71.0,0,4,0.0497010407096706,0.0174857297769477,1.3384358201821145,1.9984633613754017,4.702426513920095,1.0865263502297289,1.5562952141412012,25.0,1.1090095346210482,0.0083638316992233,1.2528817655143756,0.004897781647741795,0.5383701401088338,0.4979765315502441
3207_left.jpg,3207,0,47.0,1,0,0.0406569001792254,0.0107795007662536,1.223612249063009,2.806919960849735,6.541976503170503,1.0831562455062718,1.688355541702382,21.0,1.0974616112034197,0.0064092573833086,1.246819247775591,0.0030128175858408213,0.31786402823528426,0.43328146015341057
3208_left.jpg,3208,0,67.0,0,3,0.0678133899914108,0.0205686903847023,1.351162236058791,2.481935503015218,6.246576801575752,1.0662213435920578,1.808236517336468,34.0,1.0776279428683289,0.0114144930156864,1.2852997353499287,0.0010954797035083175,0.5961514344193718,0.5262355824410622
3209_left.jpg,3209,0,62.0,0,1,0.1458111201507885,0.0290257866624893,1.495963866687526,4.011858195290591,9.41054466763384,1.0827321241375307,5.35642998994406,13.0,1.092536868455224,0.0234065884088876,1.482067366989711,0.002006807364523411,0.33443737371963383,0.5289326966664348
3210_left.jpg,3210,0,60.0,1,4,0.1368988709579689,0.0345478782492779,1.4990087090484534,3.010985351027746,6.297638928989698,1.097387037552738,5.655308921249823,21.0,1.1089127376410313,0.0249086061683262,1.4670556678354725,0.0012494184775277972,0.30617108644776553,0.45027695311047644
3211_left.jpg,3211,0,35.0,1,0,0.138197416219111,0.0369176514573554,1.5131190000827672,2.772990722803027,5.539180251453093,1.0843311478058102,5.709175605147352,24.0,1.0891775799359749,0.0251557392371935,1.4559238621669663,0.0055329445749521255,0.3134251738397584,0.4386401163964351
3212_left.jpg,3212,0,64.0,0,1,0.031043449721023,0.0164508066348557,1.2423356489389497,1.2377013390688918,2.8195340557462827,1.0945923486518492,1.0603650685450277,73.0,1.1042166330843142,0.0018985584084425,0.9750551054356834,0.03488081321120262,0.9671912183183831,0.5266044370500759
3213_left.jpg,3213,0,65.0,0,0,0.0211033582651473,0.0056322473771397,1.1636862881601089,2.8907239842476247,7.118373477611828,1.0770142426892286,0.9537673811555644,7.0,1.079748114232736,0.0034536418854475,1.170049697474161,0.0015434890519827604,0.19843879544555929,0.5425467581043051
3214_left.jpg,3214,0,47.0,0,4,0.1295427901524032,0.0323275461024581,1.503542053781485,3.0477907178816337,6.959781779504549,1.0913183922134746,6.280355049405459,20.0,1.0978256224617782,0.021618377714509,1.4474357281406942,0.007274920120835304,0.5586448259658222,0.5502267114088591
3215_left.jpg,3215,0,64.0,0,0,0.1114104849856768,0.0262324966445641,1.4394330697993278,3.1943847921904798,6.732508958790806,1.0805113807390645,3.856247120334943,7.0,1.081652150564668,0.0200324525731685,1.4106143380136904,0.11104865372180939,0.12082179836631445,0.5429974426253626
3216_left.jpg,3216,0,81.0,0,2,0.0059132810775005,0.0028634908368293,0.8106312909536635,1.2754802112500077,2.737709199559789,1.0929550487675772,0.0689997792007065,19.0,1.0889822181905735,0.0003104990064031,1.0014848206731823,0.005580668803304434,0.16692347411934733,0.5387113260248965
3217_left.jpg,3217,0,47.0,0,2,0.1057087074567067,0.0294587201675801,1.4407598397812036,2.6829988823237123,5.583280647253136,1.0753064904500345,4.677601407347901,20.0,1.0801366589612351,0.0187205743281032,1.3766558759758862,0.0006897032726556063,0.28916764114834026,0.5585321428282785
3218_left.jpg,3218,0,60.0,0,2,0.0602179947331496,0.0177222397332004,1.3779326136915713,2.489206015417821,5.839982969482828,1.0895327421347456,2.6435928460310523,22.0,1.0934438035719125,0.0112708564224054,1.3528779222980862,0.0460255891084671,0.31678103384991446,0.5509721044670804
3219_left.jpg,3219,0,69.0,0,3,0.129320769928449,0.0317746649198831,1.4866104228075927,3.121557060315076,6.318589469000488,1.0922711146725197,5.945782525445933,16.0,1.0910114011875818,0.024307165171823,1.457029275726588,0.0012777694500982761,0.17907296184456253,0.5260168581862011
3221_left.jpg,3221,0,53.0,0,3,0.0447959826936857,0.0110885413018529,1.2555794254334318,3.08751343713171,6.928372437877845,1.0904841046986482,2.155207250117189,16.0,1.1013289667546702,0.0078395663723012,1.3013910230970511,0.001239808276295662,0.2037278924271182,0.5277663656424777
3222_left.jpg,3222,0,60.0,0,0,0.0856550088915234,0.0193855304270945,1.3726728815192084,3.420863384876717,6.820627870899053,1.1399469978878434,3.164779520360081,15.0,1.126308123109228,0.0146484080656666,1.398080526521982,0.04119666665792465,0.3355812120333577,0.5447994696732451
3223_left.jpg,3223,0,56.0,0,0,0.0914331618887867,0.0239533967240281,1.3992057571207324,2.859715333965541,6.778110857294747,1.0810398778967143,3.839818922223457,24.0,1.0934917307224643,0.0150207653365399,1.3588301215089875,0.00644579017534852,0.4811826183650467,0.5466003242466938
3224_left.jpg,3224,0,53.0,0,1,0.047984237647772,0.0157573001919773,1.2765800973102213,2.110105857814742,5.277304953338192,1.0855694409920715,1.2630089926240275,26.0,1.0961508893014542,0.007037486106901,1.2479250651824043,0.0009978783782571554,0.4978747897123311,0.5393928463794297
3225_left.jpg,3225,0,67.0,0,1,0.0384679425402768,0.0122255803744872,1.2514127370568608,2.3004393707019983,5.391664849434863,1.0838273871579356,0.9586711808306128,26.0,1.092404454361756,0.0064029143603897,1.2571197447973477,0.005567303393036127,0.37558908989679,0.5231099086571211
3226_left.jpg,3226,0,63.0,0,1,0.1350154063747032,0.0394403192402889,1.5160787312934143,2.5608347609771767,6.028487575982488,1.081180576755851,6.970753144415821,27.0,1.099386050994711,0.0248118401778047,1.4302850873422497,0.0004050426941830665,0.5377158152098624,0.5277687178524473
3227_left.jpg,3227,0,52.0,0,3,0.1368379562486419,0.0356004062842676,1.5026246872801423,2.9206379795632187,6.5144445568944205,1.0822458468209228,6.6198058527169,14.0,1.0921590618659551,0.025529205471699,1.46028974524333,0.00047017139149829745,0.21736901710279682,0.5278756876657557
3228_left.jpg,3228,0,56.0,1,0,0.0960330047579851,0.0233884081829314,1.3978854163349206,3.127473706973668,6.186938300373542,1.1012607968479176,2.860813876452992,23.0,1.1236740667937302,0.0176868563168778,1.3850082758717734,0.0028653773479163647,0.22381557526296708,0.4292726130887626
3229_left.jpg,3229,0,70.0,0,2,0.0816712061770659,0.0245483395387191,1.385060856809878,2.4111282685299367,5.617457433128799,1.08042809148107,3.798195856967941,20.0,1.0892933465173806,0.0148679377295784,1.3107635952581325,0.03864388167858124,0.35120240424243504,0.545140434207086
3230_left.jpg,3230,0,57.0,1,1,0.1279707221600894,0.0292029477552324,1.4748383351264511,3.433546899249073,7.303306750293314,1.078320387379858,4.743169835436971,23.0,1.0873818262152608,0.0217187250359482,1.4306334299787966,0.06028798222541809,0.32112611909208516,0.4483354881085865
3231_left.jpg,3231,0,58.0,1,4,0.1383906466314332,0.0365201750219788,1.5105595651991834,2.8674378617717924,6.254314815697796,1.0922324593687454,5.96206509766671,24.0,1.104185108255754,0.0230196343940419,1.4476399090271206,0.0008934741490520537,0.5554486790041322,0.45460575018859534
3232_left.jpg,3232,0,59.0,1,4,0.1160857310866435,0.0299085508039824,1.4620425009377715,2.989799694083818,6.753505129775391,1.0777447129893556,4.917168522010666,31.0,1.0831147885491024,0.0185787862197619,1.3999186925789568,0.002180177718400955,0.6354905841955516,0.452440452319039
3234_left.jpg,3234,0,60.0,0,3,0.129472157801929,0.033675392458531,1.4935080190351022,2.8723408051403507,6.348192922137423,1.0981808040779084,5.355726332489554,25.0,1.1060754668797887,0.021402695041911,1.4388654081416683,0.010830558836460114,0.5308031056414256,0.5270010374982788
3235_left.jpg,3235,0,53.0,1,1,0.0569898317932248,0.0138584828975649,1.2862965268642208,3.0511933931066584,5.525268614750778,1.0851818157675883,1.54592648371541,16.0,1.0935882732318598,0.0107067876146354,1.2882360219444915,0.0011886304710060358,0.1099132257079573,0.4529608820255349
3236_left.jpg,3236,0,63.0,0,3,0.1421896615762247,0.0324912662227557,1.4874515900455347,3.4550996796928204,7.369355451293771,1.0762389237119616,5.70588836913868,12.0,1.0905967075201206,0.0249444214175364,1.4505080333729077,0.004175508860498667,0.20347283988976633,0.5266730006627107
3237_left.jpg,3237,0,55.0,1,2,0.1215012626453554,0.032234000191539,1.4673817333452246,2.867148806489024,6.287014571364512,1.0841828501876043,4.788475399837696,18.0,1.0975538667421816,0.0212658712757002,1.4201868099919122,0.04009401798248291,0.30420547204937587,0.41478833919539365
3240_left.jpg,3240,0,57.0,1,4,0.1004353829253298,0.0260725839775052,1.4225714691093254,2.916634527669677,7.026378963022191,1.07675203580819,4.585630347802425,22.0,1.0825043182972585,0.0160547453715368,1.3761847133980385,0.17489299178123474,0.5426204338134943,0.45677276622420065
3241_left.jpg,3241,0,42.0,1,1,0.0951737354379948,0.0257753794946795,1.408978286989489,2.760118468738809,5.4820756764544685,1.0748406235460657,4.084926118311564,17.0,1.0731345507506724,0.0186494528216248,1.3801480304060176,6.985144864302129e-05,0.13950764337779603,0.4657202954881499
3242_left.jpg,3242,0,46.0,0,2,0.0817526258034174,0.0235377110555775,1.4025590944578608,2.6150894102040003,6.401724415689447,1.085888180584628,3.273609177171417,25.0,1.088902073248646,0.0131036581429875,1.3484199462565774,0.0032540191896259785,0.5810608343372192,0.5591126075239633
3243_left.jpg,3243,0,56.0,1,4,0.1400774433974166,0.0338014227070252,1.5076891187168575,3.2465032169567687,6.488239657659026,1.089103031100565,5.386100948147861,16.0,1.1090164011789874,0.0236551730830818,1.4568979514905978,0.1254558563232422,0.25955443528751393,0.45894141967186924
3244_left.jpg,3244,0,45.0,1,4,0.0705165539178352,0.0152770933201917,1.3691159538828266,3.646338714987664,7.518428701088851,1.0897427776246502,1.9264369875901617,17.0,1.0963143953863006,0.0113883786568702,1.3848946763224148,0.004694431554526091,0.15869734036635091,0.48288135791983605
3245_left.jpg,3245,0,72.0,1,2,0.1019095396067643,0.0256290962051945,1.433718105551804,3.018827234317923,6.324431923291429,1.0974742789558871,3.236507808075087,25.0,1.1116952379115503,0.0186352051136823,1.385595367511306,0.004987624008208513,0.3395665789755799,0.4051068860615887
3246_left.jpg,3246,0,42.0,0,1,0.1725256022770621,0.0424699472793607,1.567177696767899,3.162222184696168,6.808243686821492,1.087603358081913,9.879006621868797,15.0,1.1016218138786158,0.0313193853497266,1.5214345944921113,0.00023892275930847973,0.2809155726667127,0.5521296037374803
3247_left.jpg,3247,0,64.0,1,3,0.0352151863228993,0.0093059658615369,1.2111962535289915,2.8572504152369143,7.325338874293294,1.0763956822834366,1.085771417972231,20.0,1.0830125805586757,0.0051890825683922,1.2479755797675982,0.004264280200004578,0.36068205497415773,0.4628625433032637
3248_left.jpg,3248,0,82.0,1,4,0.0366153644110174,0.0073695429267036,1.319536269283991,4.067682247859917,9.516392274033787,1.068359118519211,1.7173712097869955,6.0,1.0737578325406707,0.0061269743455047,1.3574844042312515,0.01066446304321289,0.09322677133861437,0.4032939222857028
3249_left.jpg,3249,0,56.0,0,2,0.1567243575335281,0.0400939037486576,1.5464411475928652,2.913467923970176,6.195096902303315,1.087863580626941,7.792013186483854,10.0,1.0962374490686695,0.0283908993281886,1.4884801110624954,0.00012805982260033488,0.19237250031013223,0.5533009457094274
3250_left.jpg,3250,0,44.0,0,1,0.0263954016033882,0.0061866585993041,1.153579918405203,3.171964564985753,6.672556132758078,1.082871465320326,0.4537891393132657,22.0,1.0943333715816357,0.0037261130439167,1.1476026613468475,0.04789882153272629,0.21946467960648808,0.549818414171437
3251_left.jpg,3251,0,66.0,1,0,0.0891674036639292,0.0235300063171193,1.3941435465152885,2.854876145971005,6.355729069209357,1.0701605679308412,3.2849020846494,20.0,1.0790355855804556,0.0151914087176247,1.367018955892502,0.06498983502388,0.27975756186076933,0.4248292178361925
3252_left.jpg,3252,0,70.0,1,3,0.0568275325530249,0.0154648686658122,1.2954211838953678,2.6320519878652617,5.887239131842881,1.0786099819307682,1.8950822615313263,32.0,1.0968460182879856,0.0089816925079418,1.3187185778229342,0.0015412596985697746,0.46543603664627303,0.4622082682506176
3253_left.jpg,3253,0,64.0,1,1,0.0706745205014064,0.0194097633357814,1.354901501573715,2.635246240351415,5.682650166128963,1.1113459470309126,2.2482351354186965,49.0,1.1217586521406833,0.0124352383379047,1.3027283809097154,0.008454827591776848,0.8026922300344393,0.4402629823812401
3254_left.jpg,3254,0,46.0,0,2,0.1262005931599662,0.0344932120066894,1.4823385256969812,2.752230923424904,6.542481359417773,1.0880797801878368,5.608241588900734,27.0,1.1055705912192282,0.0211142717117262,1.412417417339518,0.2099878489971161,0.5857181716593924,0.5591126075239633
3255_left.jpg,3255,0,63.0,0,3,0.0779087337564218,0.0223279943588193,1.3644508231411885,2.545331944378325,5.619291739753829,1.0786867785464629,2.82059030925758,27.0,1.0835826791890597,0.013145965548504,1.3282238317034385,0.004428453743457794,0.4146717322861671,0.5266730006627107
3257_left.jpg,3257,0,56.0,0,4,0.0708989273906821,0.0209884361645365,1.376447337115544,2.4706244110852658,6.243310700900324,1.08794636811901,3.440727240087963,29.0,1.095706265178657,0.0115339160961209,1.3947146019382637,0.0072760675102472305,0.5587751457534086,0.5307004553282794
3258_left.jpg,3258,0,64.0,1,2,0.0100844223430091,0.0036960795651671,0.9812015619018004,1.96687459395144,5.141801290347024,1.0840255226837856,0.6476234532207702,13.0,1.0883283881300756,0.0015913033421996,1.1398296610839196,0.008532417938113213,0.1577942351153929,0.40965416114161035
3259_left.jpg,3259,0,54.0,1,3,0.1360064283656689,0.0375948209204894,1.5160284905516914,2.714641833943232,6.130778736713755,1.0885424089064126,7.4795449606565825,20.0,1.099568189388662,0.0235605666260682,1.441477689628455,0.0028850410599261522,0.4999168945714997,0.4639532848716164
3260_left.jpg,3260,0,57.0,1,2,0.1005153881578302,0.0258967851928786,1.4361935640394894,2.9304484739444616,6.602458893420945,1.0935190971273838,3.527371422412526,26.0,1.1048218400744096,0.016358184971438,1.3935168295035116,0.00019561557564884424,0.5321337592712282,0.4136457685172957
3261_left.jpg,3261,0,53.0,0,2,0.0376416945787801,0.009876129137527,1.2490440550962294,2.924512703315999,6.877297056532384,1.064510235414447,1.1331033888856157,12.0,1.0708887360257524,0.0065221431064256,1.3190740358173945,0.004764572251588106,0.14515385405222347,0.5550460485269826
3262_left.jpg,3262,0,57.0,0,0,0.1071319688624214,0.0264628767707973,1.4418960872267068,3.040738080411806,6.655179779376403,1.083583044616713,4.115770004674702,22.0,1.0869624066295176,0.0187547001077213,1.394150312598035,0.0015793158672749996,0.36646892120268226,0.5461502230581671
3263_left.jpg,3263,0,51.0,1,0,0.1466515380736258,0.0337468482097831,1.5132046322745878,3.4310582069621627,8.000882464116806,1.0863023835229957,6.354009077155824,23.0,1.0969896478524794,0.0249773071104387,1.4681915315166834,0.004217295907437801,0.5445888824210948,0.43149863967798857
3264_left.jpg,3264,0,63.0,0,0,0.1216892185494709,0.0309376800024252,1.4674998487816218,2.9701688999735385,6.282466625006662,1.0881049454486256,4.9011186677041545,20.0,1.1058585751210694,0.0212516547591378,1.4228981722025584,0.0013732766965404153,0.2935426511814944,0.5434480567689473
3266_left.jpg,3266,0,57.0,1,3,0.0896407113190047,0.0263216258720109,1.3987698583427517,2.5511043923899623,5.402773487349415,1.0804642055201124,3.3771523045284084,27.0,1.0950930426570034,0.0171730714948183,1.3284579442367592,0.0015004855813458562,0.3037461899432196,0.46362602570767564
3267_left.jpg,3267,0,37.0,0,2,0.1452104165238426,0.0353648623502796,1.5173959768073892,3.187701674842549,7.108347429426763,1.0850328733532948,6.169998139206911,12.0,1.0915605972170306,0.0246701989089876,1.474739015763787,0.0014644217444583774,0.3176877715958311,0.5643293354564938
3268_left.jpg,3268,0,55.0,1,2,0.0949273375377022,0.0238602088889996,1.4120167813436275,2.9807264452360744,6.333726993928702,1.0787257221680224,3.0411047685519854,25.0,1.0820074289610069,0.0169952887803175,1.3817664213006648,0.008798749186098576,0.31624728004176783,0.41478833919539365
3269_left.jpg,3269,0,61.0,0,3,0.0918970548750159,0.0276465850019147,1.4437851380171598,2.400531333505841,5.676215587425529,1.080415613822002,3.8734269704959305,37.0,1.0868968393137677,0.0157798132832135,1.3567216771230384,0.0006169154075905681,0.6898404488652289,0.5268916944625843
3270_left.jpg,3270,0,46.0,0,2,0.0966545846394984,0.0270621081504702,1.4260181155164249,2.7090192567916884,6.273451290441882,1.0772393262518458,4.163401253918496,25.0,1.0900155055734764,0.0171630094043887,1.363889696709232,0.0012573058484122157,0.4069985382946824,0.5591126075239633
3271_left.jpg,3271,0,42.0,1,3,0.1376501052440298,0.0322243590714296,1.5001680738925351,3.2868295774821688,7.2828488780421505,1.0807790980100875,5.199105551938055,12.0,1.089813145428668,0.0234868331389978,1.4724228403071788,5.541679638554342e-05,0.23354260558389878,0.46526262922395684
3272_left.jpg,3272,0,55.0,1,0,0.0542075558041389,0.012035389230691,1.354508379283106,3.409861460663978,6.880658762469638,1.0858224299165264,1.2711648955102457,14.0,1.0857122525008558,0.0097218691208623,1.3536876964323157,0.0011203394969925284,0.15706601795605774,0.4297175925803758
3273_left.jpg,3273,0,53.0,0,2,0.03954343063114,0.0104399099381076,1.2816335412613111,2.721979491238788,6.238270317171601,1.0790992999223366,0.7572468523772503,17.0,1.0955965535540058,0.0062346657512393,1.266071302645281,0.005825864151120186,0.2910699352864056,0.5550460485269826
3274_left.jpg,3274,0,39.0,1,3,0.104665747793034,0.0272562083585705,1.449712108256756,2.847467938352949,6.381279777870159,1.0912912113800757,4.673855501557157,27.0,1.1028552480157514,0.0193106540059233,1.3991122018068918,0.07342257350683212,0.4128641297194657,0.46559004084037464
3275_left.jpg,3275,0,59.0,1,2,0.0420285135330728,0.0121897163120567,1.2522029727137585,2.546692431227303,6.227528476245535,1.092947702205301,1.6735417571283833,31.0,1.1022744438889542,0.0060925966131133,1.2571186398498038,0.0018135252175852656,0.5950647491561448,0.412504126672809
3276_left.jpg,3276,0,50.0,0,2,0.1311325289013685,0.0344944473957147,1.494650951268916,2.838685070530744,5.987650567137043,1.0807798724276805,5.0087273279198605,17.0,1.0938800154807695,0.0244516961372087,1.4416427943318728,0.006498066708445549,0.18614445247576775,0.556789794855192
3282_left.jpg,3282,0,54.0,1,1,0.0855230277605294,0.0183202330289216,1.4198880331089765,3.7037021482511623,7.879854942799439,1.0748692929258372,2.8775235123960683,15.0,1.078343943612108,0.0142058792348816,1.4134071980551877,0.010914190672338009,0.25180537769691264,0.45180373997928125
3283_left.jpg,3283,0,63.0,1,1,0.1239323820868287,0.0303824416453354,1.4717825549636108,3.096456988412948,7.24495621738103,1.0996848808491295,4.207111539143878,20.0,1.1040175638771252,0.0193628506982284,1.4397084788297208,0.0035745694767683744,0.5690017108593433,0.441414366943759
3284_left.jpg,3284,0,61.0,0,2,0.1316730819612664,0.0329346446061143,1.4903243776759123,3.111235994144651,7.819218637741823,1.084167948504194,6.146591161000383,18.0,1.0958956202975128,0.0205155075472078,1.4236496170748645,0.009566341526806355,0.653860689006721,0.5503895407216627
3285_left.jpg,3285,0,54.0,1,4,0.1005503992546571,0.0274338837325879,1.4285298791864691,2.6810620497526507,6.24897002726023,1.0867886672007143,4.101411189257341,18.0,1.1054971838695584,0.0167448972874987,1.381432324352783,0.03725274279713631,0.41619317663629934,0.4632833145636475
3286_left.jpg,3286,0,56.0,0,4,0.1264661298201614,0.0376145079494578,1.5009227018987512,2.4230858995186724,5.910300045042847,1.0840979169478755,5.690774398565724,45.0,1.1054056694444736,0.0201241898200607,1.4047005101098404,0.0012292413739487529,0.8822348065578184,0.5307004553282794
3287_left.jpg,3287,0,56.0,0,1,0.0700520530931452,0.0215634103611404,1.351974800136346,2.336990184908934,5.79329619936811,1.083956090961078,3.079765937788728,36.0,1.0931871994901805,0.010678204849874,1.30321547072804,0.1128140464425087,0.7214218726291844,0.5359095245750178
3288_left.jpg,3288,0,60.0,0,0,0.0758264859565608,0.0161153391346532,1.3660094945916508,3.743015110126586,8.731251367562928,1.086169060575211,3.082582901266386,16.0,1.0908812876648952,0.0121332484359681,1.391891113908182,0.002019784413278103,0.40627956028687523,0.5447994696732451
3289_left.jpg,3289,0,60.0,1,1,0.1229190718223208,0.0343343778580745,1.48487080474027,2.6517686971117693,6.147278945367736,1.091585618198266,5.1976350760404015,27.0,1.1054180172786243,0.0216151650998795,1.4108090416381889,0.0007811550167389214,0.5700651032812246,0.444872254306597
3290_left.jpg,3290,0,72.0,0,2,0.0158551832859187,0.0052956312174968,1.2296094368315245,2.0808195347723832,5.172957545502299,1.0803071762913996,0.271803142044322,11.0,1.0878581946458326,0.0023737474405204,1.186599651790082,0.035591889172792435,0.26862374772370096,0.5439725606020803
3291_left.jpg,3291,0,61.0,1,3,0.0751256389330355,0.0175966095385364,1.3626498307715669,3.260983716683847,6.590101055853112,1.0917260187104163,2.3385784306706947,23.0,1.0977831722958429,0.0136496618606493,1.3770126722065,0.0157826729118824,0.20320819415545358,0.46318972893578597
3292_left.jpg,3292,0,57.0,1,3,0.1017509619419851,0.0278849411205549,1.4283736348877183,2.720431564838021,6.282971546366013,1.0932228126438686,4.449455700106686,36.0,1.1064694934327128,0.0174489450239411,1.3593840568262223,0.01953253522515297,0.6886272677482438,0.46362602570767564
3293_left.jpg,3293,0,46.0,0,4,0.1269041700628268,0.0308059151407149,1.4755677663477835,3.148036971725736,7.472671351029697,1.0766897886411082,4.35383517190055,20.0,1.0867834832244774,0.0226298176958086,1.4434130170622226,0.0005727278185077012,0.28776562768978925,0.5523878826051483
3294_left.jpg,3294,0,43.0,1,4,0.1495455699416095,0.032008123889312,1.5080853115459616,3.644518187980116,7.621101055537713,1.0897522851892318,5.635948210205636,16.0,1.0951224574212517,0.0245036811373445,1.477302142393903,0.003295151051133871,0.29765499673780843,0.4872457789314176
3295_left.jpg,3295,0,54.0,0,0,0.1523202571437235,0.0396177210839659,1.53080932654706,2.953179186359851,6.575219286882604,1.07760034039799,7.9852021064761,12.0,1.083021612065766,0.0279178838203632,1.4794367992110875,0.00017909318557940423,0.27348153039933926,0.5475002973750372
3296_left.jpg,3296,0,61.0,0,1,0.0782199324037602,0.0234440134393705,1.391634991141087,2.469663610864066,6.214145570948021,1.1090982052784453,3.544559101778769,35.0,1.0971111950696075,0.0123510411518319,1.3435811814920096,0.018469015136361122,0.8285879572114568,0.5300963609169413
3297_left.jpg,3297,0,65.0,1,1,0.068595502766357,0.0193797269174153,1.3382884606241747,2.6239039182762856,6.017136329700747,1.0757958885064929,2.7409776153494745,20.0,1.088730701768461,0.010842089234049,1.3352941857264642,0.0002288112445967272,0.3534972144836853,0.43911224017470796
3298_left.jpg,3298,0,65.0,0,4,0.0489675869794716,0.0129449241421913,1.319782967074628,2.8172159084183197,6.758185780729856,1.0828799811398306,1.8901064452629783,32.0,1.0869052237577863,0.0063664317095321,1.3497129156243437,0.0025441874749958515,0.5372227524670244,0.511079747746442
3299_left.jpg,3299,0,57.0,0,3,0.0425581754658772,0.0112139471598809,1.255829157854078,2.814316412607094,6.404340012658319,1.0982471760790529,2.791026848681489,43.0,1.1215781058320875,0.0062499065504403,1.23591592555612,0.0027312031015753746,0.7958671812623128,0.5273290510232628
3301_left.jpg,3301,0,46.0,0,3,0.0423187294798795,0.0105658131641458,1.2209065961824537,2.883586597773978,6.321813002542795,1.0841706662127553,1.109536465924622,39.0,1.0803661054595397,0.0063294012033427,1.197485938681205,0.03542514145374298,0.6486297336095245,0.5285315632983314
3302_left.jpg,3302,0,56.0,0,1,0.1205230818982941,0.0336577330422831,1.4789193608401896,2.7360573310728302,6.5066208357284046,1.0891061890344869,5.507720915191204,17.0,1.099193450567288,0.0215457999838305,1.4216626888566677,0.0024166221264749765,0.4263885757914551,0.5359095245750178
3303_left.jpg,3303,0,29.0,1,2,0.1402838427947598,0.0318312307941128,1.4942178373349084,3.3767603875755885,7.670967903333721,1.089623352645391,8.137231117580463,20.0,1.095161086312416,0.0237495956655345,1.4562435198194963,0.00988862942904234,0.47654459226021,0.4297209753964692
3304_left.jpg,3304,0,64.0,1,1,0.122173044335972,0.0298844179164875,1.4696061153240394,3.078705408637717,6.926014241269243,1.084333732406961,6.019373277017628,23.0,1.0953705315995648,0.0205316270011887,1.421917764070042,0.1580447405576706,0.46583200911092004,0.4402629823812401
3305_left.jpg,3305,0,86.0,1,0,0.0950469125027274,0.0225016364826532,1.3901861603594785,3.197735982622094,5.982096453159766,1.091980904895945,4.036657211433559,45.0,1.101590287621542,0.0167575823696268,1.408177400849278,0.007309220731258392,0.5696933929907698,0.4159794495303923
3306_left.jpg,3306,0,62.0,0,4,0.0563597585878295,0.0172981803330761,1.3181315822240585,2.423477292167985,6.253871779342626,1.0795807605838972,1.6789944184780143,35.0,1.0832514793952746,0.0085628715342378,1.266550734000061,0.01381732802838087,0.700213247072162,0.5176267747770391
3307_left.jpg,3307,0,78.0,1,0,0.0860961742218861,0.0175644552332724,1.3878953903319782,3.85060582369962,7.025669981784789,1.0790661354946238,2.885127169441529,12.0,1.0817749970474912,0.0149578920663977,1.3658607784180108,0.0061836582608520985,0.11263590613013254,0.4195131947325827
3308_left.jpg,3308,0,62.0,1,4,0.1166533778396421,0.0298435522160808,1.4840298242480612,2.998432020992308,6.76425827968841,1.0784506797023523,4.549733998225153,21.0,1.089576607625096,0.0199062124140167,1.434539271078526,0.00033748437999747694,0.3804786704727161,0.4459556712901659
3309_left.jpg,3309,0,56.0,0,0,0.0646125534666268,0.0123396001193673,1.3235275819976762,4.049092099361668,7.805326652549538,1.0881641040800012,1.094200736098677,19.0,1.10093665462535,0.0103799860738088,1.3190795210319537,0.012011022306978703,0.21687582999691277,0.5466003242466938
3310_left.jpg,3310,0,56.0,0,4,0.127019011675786,0.034037113943748,1.4919413526866343,2.818284694168723,6.378799536982682,1.088535629605242,6.012196169372155,29.0,1.1000805322430462,0.0242306662422763,1.4426575368704453,0.003313572145998478,0.45763682076859463,0.5307004553282794
3311_left.jpg,3311,0,49.0,0,0,0.0870522748051502,0.0260237507134811,1.4151476491077173,2.46662630608977,6.051283760341125,1.0883363870791485,3.939931202739768,25.0,1.0960067288023134,0.0141483939729154,1.328731451794007,0.00012366609007585794,0.5938555994405686,0.5497488592277772
3312_left.jpg,3312,0,74.0,0,4,0.0558389412502456,0.0130284623232219,1.3582970745453653,3.280756826704617,7.022154833340768,1.0783541719914929,2.0122984191758,31.0,1.0848356502572298,0.0094250442237675,1.3465228778533598,0.012499313801527023,0.3503109781548352,0.49142484073770804
3313_left.jpg,3313,0,60.0,0,3,0.0956688528647444,0.0231778245266674,1.4001952763991712,3.1029836464332923,8.044864054252336,1.0825237103312362,5.506744214824898,14.0,1.0916219038489994,0.0161799282267046,1.385842394614137,0.00044856034219264984,0.4474544970164888,0.5270010374982788
3315_left.jpg,3315,0,57.0,0,4,0.0521737398483286,0.015973788646062,1.2863915785419024,2.325653061918419,5.630563640607097,1.0843436264934216,1.1452529266191636,24.0,1.088061707671354,0.0076731946083483,1.2200188709822055,0.0008567414479330182,0.554768891065109,0.5285239463257686
3316_left.jpg,3316,0,70.0,1,1,0.0398208836471427,0.0121189775037235,1.2418287368833765,2.4702942669939607,6.509106170885488,1.091270815201148,1.309897488392853,24.0,1.1042333276788694,0.0067386948569543,1.2581479357476912,0.02627815678715706,0.4791543377315896,0.4333685836770771
3317_left.jpg,3317,0,47.0,0,4,0.0648004147226542,0.0202378615611489,1.3483701919768378,2.3567824680402505,5.434360648902054,1.0739838309171366,2.063547187284523,27.0,1.0838978082087725,0.0109569322602887,1.2881570730097227,0.0001742837339406833,0.4624045881330525,0.5502267114088591
3318_left.jpg,3318,0,57.0,0,4,0.1239667322064554,0.0296504036539702,1.4666239721156118,3.18164183524977,6.575846441235544,1.0832955780781264,4.775767552215905,17.0,1.0942671467984018,0.0222174803253618,1.425814432825047,0.0014737563906237483,0.21791151663544617,0.5285239463257686
3319_left.jpg,3319,0,71.0,1,2,0.0510430807872806,0.0142568780284425,1.3343096837700432,2.8140349163961256,8.424980604155262,1.0712222788583694,4.931944253776496,33.0,1.075573951923414,0.0074690990812347,1.3358043752811202,0.210137277841568,0.769524744266054,0.4056744228335761
3321_left.jpg,3321,0,58.0,0,0,0.0371538908099649,0.0162043463994548,1.224174498099915,1.5315082654248855,3.796486819604584,1.0947521396695632,0.8581741083823418,79.0,1.1028164506606606,0.0036194755041772,1.08452016206551,0.003600026248022914,0.9808991018470251,0.545700046417307
3323_left.jpg,3323,0,53.0,1,4,0.1019931077567965,0.024576288265049,1.428115664716056,3.120613442023827,7.95644881608913,1.0867763935903372,6.146591161000383,17.0,1.0898966871025972,0.0166058725136534,1.385552490646626,0.0010401674080640078,0.6367125535271945,0.46545639331195343
3324_left.jpg,3324,0,41.0,1,3,0.0812669782132587,0.021811572250833,1.3786126989330207,2.7658243004951584,6.197700665331979,1.0824026579083668,2.6817506865778378,16.0,1.0854419274889242,0.0141785152040365,1.3375564038316408,0.0014502377016469836,0.23000795854228462,0.4653717631174409
3325_left.jpg,3325,0,62.0,0,1,0.124364131813051,0.0312675594098546,1.4763753218724538,3.077135241371166,6.639113016466795,1.0807651687235968,4.972576242025231,18.0,1.095444312073898,0.0224660994614699,1.4352717478633072,0.0010633609490469098,0.2599964906859244,0.5289326966664348
3326_left.jpg,3326,0,52.0,0,2,0.128522576310911,0.0338733059558626,1.4932828879634,2.85726654454616,6.334997756155421,1.090853421441166,4.899658034176378,18.0,1.09857310779284,0.0221595874184863,1.4356201652152238,0.011309871450066566,0.3744395900859129,0.5556274500943088
3327_left.jpg,3327,0,68.0,0,1,0.0885683294981094,0.0243849280768801,1.403954966501462,2.6881018787383533,6.324293165896789,1.0805372738395602,3.1425182722231795,20.0,1.0920956769080306,0.0156112198039474,1.3608943712810833,0.006730157416313887,0.3676210432471351,0.5219445459063747
3328_left.jpg,3328,0,51.0,0,0,0.1007772961964169,0.0251917654704458,1.4102666482988733,3.0625472922835586,6.762087880891954,1.0834017957687283,4.247240572916933,20.0,1.0901324695085246,0.0181812599464745,1.3849590648164427,0.0012196034658700228,0.32165375993573014,0.5488496731149765
3329_left.jpg,3329,0,44.0,0,3,0.1147693386233978,0.0285551722911703,1.4579194756402392,3.032040936779597,6.356320084658669,1.0928820657314071,4.114870940375012,31.0,1.0911098180506429,0.0194668956092803,1.4096696529581845,0.00354981143027544,0.5099453284178506,0.5287501667326998
3330_left.jpg,3330,0,49.0,0,2,0.073726376965815,0.019328169604944,1.3618312402827153,2.83453312122531,6.565085439714798,1.0941727164315205,3.1719071347446617,26.0,1.1028207744868772,0.0125494970992397,1.3482307278495107,0.027939297258853912,0.4620464949960606,0.5573707349492208
3331_left.jpg,3331,0,60.0,1,2,0.1293378590607427,0.0329803941435736,1.488368740250846,2.9401647673393128,6.626783028859498,1.0805612854019395,5.471401793403921,16.0,1.0843232239522669,0.0227721769086579,1.4384448622005777,0.0019700711127370596,0.30645003245034197,0.41193365766143264
3332_left.jpg,3332,0,80.0,0,3,0.1054725461613216,0.0301415208940719,1.4407595618140838,2.5526768892969365,5.585176109570792,1.0714616160043922,4.656624554583738,27.0,1.0742518487180264,0.0181760204081632,1.3800342833893244,0.0020479182712733746,0.46805301470414573,0.5248136985466285
3333_left.jpg,3333,0,71.0,0,3,0.0494093411014903,0.0155202197401315,1.2942599264090413,2.3488389184060106,5.472191742589579,1.078269142718226,2.0386047360006865,25.0,1.08685796106536,0.0081544189440027,1.2418677950936778,0.15586382150650024,0.4288047264941265,0.5257981239466177
3334_left.jpg,3334,0,66.0,1,2,0.1063534096766694,0.0269711640505766,1.4290225825901748,2.966582668693305,6.327323182410543,1.0837208756024683,4.447184628912765,25.0,1.098062061613264,0.0190925721909459,1.3906651057459332,0.008143475279211998,0.3249316105164861,0.408515860589784
3335_left.jpg,3335,0,65.0,1,1,0.118110432382338,0.0223266335163575,1.44687788516082,4.228602261201067,8.15276736307585,1.1011042490338678,3.2386324002750344,19.0,1.1054704266199138,0.0190082809339219,1.4313391536178246,0.008871849626302719,0.27580590995129023,0.43911224017470796
3336_left.jpg,3336,0,62.0,0,0,0.1238646122758272,0.0330538014650164,1.4762613152527362,2.8296420793146595,6.5684743332290765,1.084630620682401,5.152816367769638,26.0,1.0950260909678349,0.0210356150543066,1.4132199561844876,0.006863342598080635,0.5428176485442106,0.5438985998086648
3337_left.jpg,3337,0,49.0,0,3,0.0614582691308673,0.0172620253053102,1.3487324382753172,2.6458807850054877,5.51776213427321,1.0704646798610022,1.5408591830804856,28.0,1.069550153341463,0.0104954522641825,1.3210420431345171,0.0027420383412390947,0.3260792352030011,0.5282036376532085
3338_left.jpg,3338,0,54.0,0,4,0.1078591388449547,0.0268624587537961,1.4388819912938946,3.028127921484973,6.967800591787647,1.0834542971940706,4.749945678812716,14.0,1.0845738605318778,0.0179436777717701,1.4011056923426937,0.008291499689221382,0.3778624515255976,0.5350498895753363
3339_left.jpg,3339,0,55.0,1,0,0.0634372724507572,0.018392891707299,1.3278043762230325,2.6584573180513877,7.295011011169212,1.0900953212729223,2.3042961297042206,36.0,1.0654737812338286,0.0093877024324149,1.3059713253742933,0.0004719942808151245,0.8607441639135817,0.4297175925803758
3340_left.jpg,3340,0,53.0,1,3,0.1025559379943695,0.029223716597676,1.4390378181336982,2.587673294536869,5.960189211977821,1.08179894128643,4.245576261163591,30.0,1.088266582169621,0.0155974385023224,1.3683068131572829,0.16658073663711548,0.6877871493143286,0.464062378173087
3341_left.jpg,3341,0,66.0,1,3,0.0640406543119358,0.0171668394306373,1.3451064891923292,2.837892784866461,6.738817920749706,1.0876931411764776,2.730513488230981,37.0,1.0892529380261,0.0110585796273354,1.2929770379575465,0.001347442390397191,0.6731498554150318,0.4626444372965833
3342_left.jpg,3342,0,60.0,0,1,0.0772737128191164,0.0232753969574578,1.3858915301915953,2.377311856120042,5.868356906367608,1.0893105515335375,3.378361343478502,19.0,1.1070119267671443,0.0139470857851664,1.3087950151152576,0.00025793828535825014,0.4521292386655816,0.5312596980425266
3343_left.jpg,3343,0,60.0,1,3,0.1283665990678478,0.0307752517166542,1.4829008351443498,3.2216337930953896,7.176901293232714,1.086825678544641,5.743358288987492,28.0,1.106182494241188,0.020955633827872,1.4317533450437645,0.0002593844255898148,0.6235282729174837,0.46329879787134787
3344_left.jpg,3344,0,55.0,0,0,0.0877752430073398,0.0250148780003967,1.4174468121987422,2.623737791556491,5.536930953539642,1.0861901248921142,3.818686768498314,22.0,1.0920918796783003,0.0166286451100972,1.3671215408723412,0.0005359189817681909,0.2924381450413163,0.5470503492598359
3345_left.jpg,3345,0,65.0,1,4,0.0324357820366106,0.0089875748022236,1.2346133181343493,2.6124379319705158,5.701983071418674,1.0726808326528097,0.6332463373484166,12.0,1.0706324300725534,0.0059751315116947,1.2169427212890715,0.010932640172541142,0.16273998966584674,0.4394892346927792
3347_left.jpg,3347,0,63.0,1,2,0.1102408224228104,0.0282782770282083,1.4554166607984758,2.946093660061129,6.476688949925603,1.0797115509140434,5.1950906393458185,13.0,1.0914459610232272,0.0179730155003521,1.3972820274220694,0.18481038510799408,0.33948966562098,0.410223675482818
3348_left.jpg,3348,0,33.0,0,1,0.0413920707475143,0.009877992370171,1.272073960877566,3.0704745776152853,6.308254038365691,1.0805851008145295,1.094238832546642,26.0,1.09155263874163,0.0072020810433069,1.242929757571316,0.011170553974807262,0.29135005712765044,0.5625007125545556
3350_left.jpg,3350,0,30.0,0,4,0.1003667087759496,0.0282166292456641,1.4237783264993562,2.620401963616428,5.765941888350676,1.0821947405825472,4.500749272464109,20.0,1.0945606473254428,0.0179927681142372,1.3865975706502258,1.8195012671640143e-05,0.3374575470213181,0.58664438549358
3351_left.jpg,3351,0,55.0,1,1,0.1062168165834902,0.0267858032254529,1.4566690407363692,2.96961000627757,6.255473965288405,1.099991539677238,3.9845002938568967,15.0,1.109101117585984,0.0197681020828975,1.415767057752943,0.0011622332967817783,0.2781999937900837,0.4506471188101171
3352_left.jpg,3352,0,57.0,1,4,0.1518932154498953,0.0358567756784296,1.516210368907788,3.3052848808820854,7.474408263394506,1.0880576610515,5.9820437297535705,14.0,1.0825073897057873,0.0261993237248868,1.46904301688509,0.0013445260701701045,0.3523990088103261,0.45677276622420065
3353_left.jpg,3353,0,42.0,1,2,0.1240023359937706,0.0340466100637406,1.4869194382272497,2.7592167636358287,6.462344526564725,1.088844021866898,5.9897276171366105,29.0,1.095052704055158,0.0195464777905891,1.4214539117541918,0.0441020205616951,0.6958692761565655,0.4222368876747342
3354_left.jpg,3354,0,76.0,0,3,0.168355813709786,0.0409786573651302,1.5590207619198766,3.136535624863914,7.2035033073901165,1.0837551593460173,7.734646726248397,11.0,1.0860245979391938,0.0289974400814383,1.511378356027851,0.0014104705769568682,0.3313984837008223,0.5252512452124745
3355_left.jpg,3355,0,63.0,1,2,0.0248944526264113,0.0070643102601865,1.1532022368267034,2.581893285670781,5.271170942945821,1.0918039210608452,0.4909180166912125,21.0,1.076428672394269,0.0042808051055473,1.1410971611785212,0.03240500018000603,0.3646697531106188,0.410223675482818
3356_left.jpg,3356,0,47.0,0,4,0.1263554883446444,0.0301526999114783,1.4884983697214464,3.269067897823932,7.734055283713839,1.0802507694962338,5.763130717025671,31.0,1.0905376402758582,0.0197790646208321,1.4432480554233909,0.028147071599960327,0.6873973594007625,0.5502267114088591
3357_left.jpg,3357,0,69.0,0,2,0.1288485628871021,0.0337830081799897,1.4919568421845657,2.943845727090354,6.77477963424108,1.0834405967389094,5.489925985816027,22.0,1.090341609581781,0.0207569110681898,1.426462806599347,0.0034713305067270994,0.5621587828051129,0.5457241856550207
3358_left.jpg,3358,0,71.0,1,0,0.1388759281048403,0.0338631476447437,1.5013943629359685,3.122178279997383,7.099691342129267,1.0999026790309123,7.100255609201931,25.0,1.101058294105686,0.0246429585750801,1.458959734213022,0.3397393524646759,0.5902592460430134,0.42261202064619974
3359_left.jpg,3359,0,72.0,1,4,0.0317207385216818,0.0077177215458814,1.1634321587049463,2.9954236303783284,6.143301069489241,1.0833098288490612,0.6905050247519493,27.0,1.1055478870639148,0.004971636178214,1.2284712206826982,0.001887714839540422,0.15521496043646069,0.42448415390341276
3360_left.jpg,3360,0,49.0,0,4,0.1346490031426521,0.0361657622699851,1.5018886046094633,2.735651613815967,6.059307511614952,1.0840168934520575,6.164044421539798,19.0,1.0927741439752257,0.023246531461889,1.437169740726467,0.011998207308351994,0.45964555684369757,0.5458987565823558
3361_left.jpg,3361,0,64.0,0,1,0.0155272548112094,0.0043346919681293,1.1480000002653534,2.4782477314517948,4.925194684874148,1.0748522118050174,0.2488342117181007,20.0,1.0842292402797808,0.0028815001716956,1.1409659777684296,0.0169916320592165,0.12230608878915673,0.5266044370500759
3362_left.jpg,3362,0,55.0,1,2,0.1096824939041975,0.0251697648200099,1.4236042826080946,3.329891163492783,7.191616246890957,1.0884772498006012,3.4608426627513698,9.0,1.0973275480412286,0.019952282320862,1.3968497186898126,0.015445689670741558,0.18180933840544072,0.41478833919539365
3363_left.jpg,3363,0,62.0,1,2,0.0769076779353037,0.0218562966461004,1.3713813857299515,2.5505103554822623,5.764415051753081,1.0858592444512074,2.9258076769087045,36.0,1.0874808759089702,0.0143107926372306,1.3205173476714476,0.03140322118997574,0.5145783130091842,0.4107934306352285
3364_left.jpg,3364,0,56.0,0,2,0.1462308003233629,0.0371614793856103,1.516891344483159,3.058230864502504,6.945751288718495,1.077205472093654,7.427243330638642,23.0,1.085167117558292,0.0254749393694421,1.4627704208433676,0.0033779831137508154,0.42077955466854783,0.5533009457094274
3365_left.jpg,3365,0,60.0,0,4,0.1048754279431241,0.0253342329509958,1.435577894221142,3.138659149071678,6.304262098941805,1.0821875044052285,3.3985556138641075,16.0,1.0870265602682838,0.0188919709123622,1.3955387783764286,0.0035650418139994144,0.17505139825709293,0.5219882385490794
3366_left.jpg,3366,0,54.0,1,3,0.120584146007128,0.0309109779501037,1.472347641267206,2.9440781934888784,6.625223214338972,1.0992430501985364,4.65084400579642,29.0,1.11481210751332,0.0211442055379313,1.4185110662334108,0.002519618719816208,0.5011521227212185,0.4639532848716164
3367_left.jpg,3367,0,40.0,0,3,0.1169505733017992,0.030451356664571,1.4675565621087503,2.947463179638331,7.377946988467388,1.086820642448543,4.490614615453702,36.0,1.0957582481275436,0.0180273228951491,1.406815808233146,0.03813060373067856,0.8199797746468348,0.529187340436906
3368_left.jpg,3368,0,55.0,1,4,0.081744991003629,0.0241377207160501,1.3826896993718505,2.448856014522432,5.844474312251624,1.097149759652547,2.0330781820214896,48.0,1.1069631369856658,0.0133674890467912,1.310797119804422,0.03647526726126671,0.8124212665023886,0.4611116295304609
3370_left.jpg,3370,0,50.0,1,4,0.1058853271311558,0.0288704621296389,1.441924677365996,2.7801206413435904,7.063822542537157,1.1033159488046875,4.853878046314087,18.0,1.125005328526065,0.0173323895237132,1.4214258359541665,0.013423478230834007,0.5413076502798978,0.47198317416046315
3371_left.jpg,3371,0,36.0,0,2,0.1516179590588505,0.0380980141057741,1.542926709300673,3.0133801168966423,6.873974428583208,1.104257173853968,7.263135763298228,18.0,1.1212217227616572,0.0243076129130908,1.468161879043694,0.006189551670104265,0.5974454413756018,0.5649081155277105
3372_left.jpg,3372,0,74.0,1,4,0.1182800634444631,0.0297536172014055,1.467346664257191,2.979057383096994,6.340082213264159,1.082351588369815,4.590033507244603,24.0,1.087239254518439,0.0201808473201854,1.4178822287016524,0.05658874660730362,0.40272750822094155,0.4202211848188958
3373_left.jpg,3373,0,38.0,0,2,0.1279537940406888,0.0314547372264254,1.475054272234001,3.065538728569268,7.118396772231649,1.0894986827167226,5.882233626092777,21.0,1.097335553013986,0.0209275673921421,1.429765372266173,0.021809536963701248,0.5314794785570198,0.5637503800348573
3374_left.jpg,3374,0,55.0,1,4,0.0695456215554194,0.019272504592774,1.395487581630132,2.6680542593108143,6.322472613897527,1.083040654275247,2.841396203306797,19.0,1.0998334333318491,0.011654623392529,1.381574538743846,0.0005708247190341353,0.34565886397546697,0.4611116295304609
3375_left.jpg,3375,0,54.0,0,3,0.0384038944139789,0.0117866437401245,1.24903672281507,2.300144083553751,5.355557569182894,1.0821218197795237,1.2199089134677945,19.0,1.0819771465168218,0.0063551445301607,1.3064438837720562,0.0058268774300813675,0.21609876268445313,0.5276570409561684
3376_left.jpg,3376,0,53.0,1,2,0.0419971959658088,0.0141468047578128,1.311621344066776,2.178766732341444,5.807067937812393,1.0858619833304577,1.4020170955632942,32.0,1.0939925624924134,0.0073221473474741,1.2443373648252554,0.0030257415492087603,0.6158883975939993,0.4159318271582714
3377_left.jpg,3377,0,72.0,0,4,0.0798320400897012,0.0218889359984879,1.3631405271473322,2.659555606790267,5.437105702593365,1.0847230438395783,3.0138791689866724,39.0,1.0911150469051267,0.012658292509744,1.3105556111482903,0.0010996650671586394,0.6310590494038952,0.4957924462719746
3378_left.jpg,3378,0,55.0,0,0,0.0558725972928984,0.0120418632439893,1.2984593595080134,3.386656208754804,6.730040179904984,1.076062208720111,1.802674138321762,25.0,1.0877034463585835,0.0090700261645274,1.2672185508729044,0.0011453883489593863,0.29387798834362133,0.5470503492598359
3379_left.jpg,3379,0,45.0,1,1,0.1271835935133388,0.0335995718642082,1.48817582032289,2.810542934083491,6.166972573664027,1.0975829278061555,4.493406304905386,28.0,1.116035774414737,0.0215986428903204,1.4196246777211166,0.03358515724539757,0.5705218596468822,0.4622352919596382
3380_left.jpg,3380,0,60.0,1,3,0.1291200967289042,0.0338001568846897,1.4934145112748312,2.827549924907141,6.319745302748557,1.0855359871579746,5.9456299619779465,20.0,1.0963362826411858,0.0213343192753326,1.434902451654873,0.137139230966568,0.4733477853572503,0.46329879787134787
3381_left.jpg,3381,0,65.0,1,4,0.1421396740064067,0.0348780808213502,1.508111916198026,3.169484313526324,6.863158701542987,1.0754639163443356,6.416798876302307,24.0,1.0941278643654224,0.0244242565102719,1.4592854699092768,7.07409271853976e-05,0.39765504175401734,0.4394892346927792
3382_left.jpg,3382,0,59.0,1,0,0.1379339962006386,0.0333303019279738,1.4983420706855428,3.198678589139653,7.179288847476368,1.082584829164462,5.304959379168182,13.0,1.0898608835841312,0.0244078654864395,1.455187586095487,0.008297999389469624,0.2544087216906559,0.42793836313534545
3384_left.jpg,3384,0,67.0,0,1,0.1487322546021588,0.0364881832357884,1.5148132192775932,3.1203505402811613,6.819272908212218,1.080926423764732,6.480487656696166,15.0,1.0895596176773588,0.0252080844083517,1.4610936345424208,0.0019897380843758583,0.29008923281381965,0.5231099086571211
3385_left.jpg,3385,0,43.0,0,0,0.0406396743183054,0.0107418529192446,1.2852847354501833,2.7935278166988216,7.716216625353281,1.080024884066378,1.914589169471372,34.0,1.0876494775675256,0.0056933835829017,1.2528533635766324,0.0014508275780826807,0.7861823261725901,0.5524444452373565
3386_left.jpg,3386,0,49.0,0,0,0.1139176622844493,0.0281321360935805,1.4575992467624592,3.0603084613936837,6.501046482455585,1.0754290354030789,4.247302962618737,15.0,1.084131857158821,0.0208217781708615,1.4269633316636865,0.0030017246026545763,0.17695677285773156,0.5497488592277772
3387_left.jpg,3387,0,56.0,0,1,0.0814818556024142,0.0198287835551402,1.3731999297597102,3.11346914681857,6.835666384408945,1.0795617282496317,2.6263289477007,26.0,1.0878360056950511,0.0140912649309326,1.3575327688557557,0.18415673077106476,0.36060344207407313,0.5359095245750178
3388_left.jpg,3388,0,82.0,1,2,0.0844044753296694,0.0232951305304486,1.396122977859757,2.701778730749022,5.423741296328291,1.0792680566814097,4.03728432070168,37.0,1.0820126062323754,0.015932133250569,1.3578896471611224,0.057624369859695435,0.38338034676479876,0.39944569350401665
3389_left.jpg,3389,0,49.0,0,1,0.1314552355747466,0.0349121227346668,1.49884411190315,2.8014598679794096,6.1822108243162255,1.0796706001499992,5.9198384232336245,23.0,1.09112173497979,0.0232565080912749,1.4353639496842931,0.003391710575670004,0.3889619483577863,0.5440312388910755
3390_left.jpg,3390,0,62.0,1,2,0.0583072450805008,0.0178789234021792,1.3021210719586611,2.293814436766465,5.521093222057016,1.0790223896019226,1.982029598308668,29.0,1.0856674411160234,0.0090461863717677,1.2302130324837188,0.02266271971166134,0.6029475445468899,0.4107934306352285
3391_left.jpg,3391,0,46.0,0,4,0.142221279132627,0.0369674280431059,1.5146735911346552,2.901461051959174,5.888178899467151,1.170411076619581,6.315332110685037,18.0,1.0835825282269,0.0255038371957904,1.4606660073516122,0.015487688593566418,0.8116811625243066,0.5523878826051483
3392_left.jpg,3392,0,56.0,0,3,0.1024491885890422,0.0250901145252954,1.4181330645838173,3.0460189211511604,6.860158253408068,1.0746900538496815,3.650208619562077,26.0,1.085666976986232,0.0174398856267965,1.3798339050781632,0.0014016826171427965,0.4293634043331672,0.5274383836361386
3393_left.jpg,3393,0,67.0,1,4,0.1394038623859742,0.0345407950535425,1.4992066357747929,3.086692202528333,6.656518765618758,1.0947120407585325,6.152563229027895,21.0,1.104688951131656,0.0241627937721822,1.442327790761763,0.0036110857035964727,0.44940267573187836,0.4351895229224846
3394_left.jpg,3394,0,62.0,1,4,0.1207414829659318,0.0312999736847432,1.471046369725936,2.965863753448778,6.711609708399266,1.0819832439214496,5.060626303111273,19.0,1.0843893699810467,0.0213153579887046,1.4180993349549087,0.0013618557713925838,0.3806917752015683,0.4459556712901659
3395_left.jpg,3395,0,45.0,0,1,0.1081254451139744,0.0285074981185253,1.4499717273488482,2.803581820652328,5.915309500634202,1.085998892136982,4.848901168282125,19.0,1.0827265411511404,0.0181985321972088,1.3935383063786988,0.017454378306865692,0.3602242177162265,0.5486620061818672
3397_left.jpg,3397,0,51.0,0,1,0.1399194446131115,0.0352480417754569,1.5100305825067293,3.0044304794406784,6.803459218088013,1.0894346256139298,6.375614791426316,26.0,1.109968349438293,0.0242931163600299,1.4525786207157905,0.0011664690682664514,0.5196296235127836,0.5417129463658781
3398_left.jpg,3398,0,48.0,1,4,0.144514215490555,0.0314280825291802,1.4957411650247283,3.657023151278936,7.889096521778452,1.0884110482438505,4.977884710115995,12.0,1.1019033055041576,0.024899794143726,1.4726534584878868,0.006900016684085131,0.1767216507272634,0.4763398276100809
3399_left.jpg,3399,0,60.0,1,0,0.1239350123985515,0.0301656002060533,1.4816206268216814,3.1025087067076407,6.456895920654836,1.1034447237004747,5.050326503608458,24.0,1.1033355743931903,0.0218477124546101,1.4534033187904776,0.00942705012857914,0.4101123272087931,0.4274938449530914
3400_left.jpg,3400,0,53.0,1,4,0.0294537675524752,0.0068840093962939,1.3561802473082736,3.624749741770066,8.177860408284719,1.0643647142938104,2.681324574339724,9.0,1.0595453367330177,0.0049196476972667,1.4472040653545415,0.029593968763947487,0.09770145987213907,0.46545639331195343
3401_left.jpg,3401,0,66.0,0,0,0.0599148035187659,0.0188037204143876,1.3226484302160155,2.327959200931796,4.846656916487144,1.079163302648804,1.8652484057167344,22.0,1.084484250167281,0.0125223703778388,1.2822183901795938,0.0039521981962025166,0.18881900622844053,0.542096003932628
3403_left.jpg,3403,0,59.0,0,3,0.0448019801980198,0.0120977722772277,1.233572679440826,2.7955802003521044,5.896093919627367,1.08413854796496,1.186056105610561,22.0,1.104774940184211,0.0082044141914191,1.2317478539643791,0.0006299603264778852,0.21555943217107285,0.5271103779439077
3404_left.jpg,3404,0,63.0,1,2,0.1270389735040792,0.0335126670202823,1.4761941028451384,2.9170829757313714,6.438501706636873,1.0772712720998372,6.769215225682605,31.0,1.0738285163396966,0.0225000631456644,1.428249847289777,0.03285466507077217,0.4862563382612885,0.410223675482818
3405_left.jpg,3405,0,52.0,0,2,0.1287115206814496,0.0285200398118536,1.4810072036741186,3.4399128807103616,6.522533242792859,1.0824967316740342,4.597561776578707,15.0,1.0831006193807338,0.0230989587280415,1.4482041178469522,7.294471288332716e-05,0.16704119714707175,0.5556274500943088
3406_left.jpg,3406,0,46.0,1,4,0.0844921068161699,0.023753319563293,1.4099512735323494,2.6289229291240126,6.46776671169925,1.0859208471548685,2.766302744172322,32.0,1.097542030629093,0.0136978090882266,1.3714356870864075,0.0010066201211884618,0.6064902705034853,0.4807000847426675
3407_left.jpg,3407,0,52.0,0,1,0.088827273555216,0.020557371408911,1.4337582535302618,3.353146342275593,7.380294450068354,1.081620726001692,2.884002388156364,7.0,1.08821997003648,0.016418574999241,1.4077058955195012,0.00034716189838945866,0.17049850086658483,0.5405531161100336
3408_left.jpg,3408,0,72.0,0,3,0.0567843056319941,0.0121709319390937,1.3152126930371024,3.59963474038701,7.368122885440712,1.0899762652763922,2.121170427444506,10.0,1.076763938516857,0.0099007062924234,1.353770537240598,0.009776805527508259,0.11071345213780306,0.5256887531086468
3409_left.jpg,3409,0,57.0,1,4,0.1235170370794395,0.0327480191383907,1.4934110208756624,2.810760309015239,6.301300447743455,1.0856399825315717,4.0070409433719245,28.0,1.0960181556184811,0.0209081672080942,1.4267799088274593,0.004846563562750816,0.5030537984520254,0.45677276622420065
3410_left.jpg,3410,0,72.0,0,3,0.0021580573412122,0.0007278353768711,0.9419643144448778,2.0964176089272666,4.711200469102864,1.1056236570725229,0.2035903152087055,4.0,,0.0003206547464537,1.071194807481658,0.03698639199137688,0.07593308641175922,0.5256887531086468
3411_left.jpg,3411,0,61.0,0,1,0.0695872515912796,0.01836849039175,1.3516778858610594,2.7964482777210184,7.18327025028313,1.0804140065911425,2.2209771289832467,29.0,1.0856852439642584,0.0104133541297555,1.2865469471437945,0.00611612293869257,0.6442641815607859,0.5300963609169413
3412_left.jpg,3412,0,70.0,1,0,0.0829430935071446,0.023394334419654,1.3911107745251934,2.569264347739083,5.541623998711418,1.0788735763918904,3.0082727500626723,36.0,1.0839060915125935,0.0141689646527951,1.361598602838502,0.010637088678777218,0.5201267065655601,0.423055213692908
3414_left.jpg,3414,0,62.0,0,4,0.1342604273819459,0.0320973157618927,1.499221827022356,3.2584173139796757,6.667263885416914,1.0765032837524973,5.4829881800361004,14.0,1.0935287928685629,0.0224268773169264,1.45262080991055,0.015661871060729027,0.2386211287993337,0.5176267747770391
3415_left.jpg,3415,0,70.0,1,2,0.1097194515290018,0.0278629327542233,1.4468272585911193,3.022224119472661,6.83734705605592,1.0797815044460797,4.595843539304563,20.0,1.083961269716571,0.0187318502058028,1.398579816595425,0.0018274427857249975,0.3990131042567852,0.40624221174357916
3416_left.jpg,3416,0,65.0,0,3,0.0540603224863109,0.016356247542025,1.312332742812612,2.5048649820691677,5.4270641821598575,1.0706864503515707,1.6134399548236813,19.0,1.0782981921309085,0.0095142537336008,1.2538548505109914,0.00031581392977386713,0.23606470780548935,0.5264542966277201
3417_left.jpg,3417,0,66.0,0,1,0.0731021555763823,0.0215708800677207,1.326634038646915,2.480496283985333,5.566699173613934,1.075381697480588,3.627898539770838,22.0,1.0821633485423503,0.0124633431085043,1.3298458678889475,0.004631344228982925,0.31038660506243954,0.5242750198456096
3418_left.jpg,3418,0,50.0,0,4,0.0988012548736606,0.0264004570466367,1.4198723739559902,2.8108457625557715,6.290273145641358,1.0851356565952428,4.109410550159866,18.0,1.0907205218521443,0.0162973208647803,1.3750992392798318,0.3831861615180969,0.41024171905315837,0.543732133544378
3419_left.jpg,3419,0,64.0,0,1,0.1180051734939272,0.0333296283572135,1.473723525043973,2.667380043677454,6.485933137149928,1.0795751873358528,5.557464179617242,31.0,1.0871097749381646,0.0192540872622921,1.3899810395484091,0.014368127100169659,0.690988913617783,0.5266044370500759
3420_left.jpg,3420,0,55.0,1,0,0.0667038085045034,0.0203400432995635,1.3605058010369873,2.3570310158182446,5.4430344455335735,1.0849352105544987,2.394671123687207,21.0,1.09747174936737,0.0111083417635531,1.3167446266242169,0.0004140012606512755,0.31826043491103656,0.4297175925803758
3421_left.jpg,3421,0,40.0,0,0,0.0869336774669309,0.0271143476056597,1.4363700271060411,2.3223276897845118,5.648968278184396,1.0786784398348723,3.917592293865512,29.0,1.1009855562888025,0.0136885283679771,1.3410606946890116,9.955067980627064e-06,0.5901778553604072,0.5537910932922383
3422_left.jpg,3422,0,75.0,0,3,0.0316575962620243,0.0115035339588413,1.2003958912900874,1.8308049378118976,5.232406100875774,1.0890240505135422,0.8612847138112387,31.0,1.1172039657718769,0.0036281618569298,1.1235382650286905,0.004009663127362728,0.7130093911585922,0.5253606258472803
3423_left.jpg,3423,0,50.0,0,2,0.1435161326178999,0.0392528369761825,1.5223741871953462,2.758944914013873,6.526034682987735,1.0821923213582247,7.376643324137792,23.0,1.092533103830322,0.0251462697426258,1.4587786390054454,0.044552747160196304,0.45144510349700623,0.556789794855192
3424_left.jpg,3424,0,24.0,1,4,0.1426560300328484,0.037925457032459,1.5194704990187522,2.809044185989038,6.17000514184686,1.0859075085069183,6.689497488942361,23.0,1.0914690988538651,0.0259342831754146,1.458864277854522,0.021296795457601547,0.4503058787425549,0.5287106913808219
3425_left.jpg,3425,0,58.0,0,4,0.1259487559226886,0.0309605887915463,1.474909368111815,3.1206108025979216,7.254327967255493,1.0898734250776856,4.25282813070692,21.0,1.0971972165594694,0.0210690108922433,1.4276288281456992,0.23667031526565552,0.43322461218648983,0.5263463522659199
3426_left.jpg,3426,0,73.0,1,2,0.0207570891211067,0.006729002407578,1.1003915018109889,2.127422563966003,5.234517668099054,1.0858061074599803,0.6108020339707732,22.0,1.0849051996985035,0.0029369397800094,1.064113385437991,0.014711816795170307,0.5175788024326622,0.4045396028316979
3427_left.jpg,3427,0,55.0,1,1,0.1084853923621497,0.0322010613664816,1.4409769574377207,2.469300486410697,5.87134754096341,1.082882259411137,4.708567376829417,26.0,1.0954396469445489,0.0187234796866863,1.3612558143112252,0.0024406383745372295,0.5377012107510276,0.4506471188101171
3428_left.jpg,3428,0,60.0,0,3,0.1520972484665986,0.0391105766801734,1.5302374242662895,2.997795730119092,7.01061559233498,1.0798121669864162,7.427018178511161,22.0,1.092904519362217,0.0254893242929175,1.4652413044064017,0.001169866300188005,0.5898768443327008,0.5270010374982788
3429_left.jpg,3429,0,79.0,0,0,0.0707170371699232,0.0159712567211333,1.386225277424945,3.4511801588343074,7.202261431652009,1.0783047416152125,2.2922864560753067,9.0,1.0788349204807848,0.0120793529772316,1.384425602936359,0.0018189098918810487,0.14097610836291719,0.5362301930193817
3430_left.jpg,3430,0,53.0,0,3,0.0630368502464475,0.0157965154160263,1.3924607660603818,2.9654539925676207,6.124738342845844,1.0753674692136768,1.541851315796018,16.0,1.077746888059004,0.0109521180560736,1.3370167931185264,0.00219275476410985,0.17340767261954565,0.5277663656424777
3431_left.jpg,3431,0,51.0,1,4,0.132834093814584,0.0322231822982198,1.4908251154748682,3.2308324791690506,6.95369531248453,1.084384207317287,5.406743775928368,17.0,1.095928390093695,0.0232742633943234,1.4620943380597105,5.370257349568419e-05,0.25912532095925245,0.4698064050730303
3432_left.jpg,3432,0,76.0,1,1,0.0666935893984265,0.0180581730433655,1.321172731911075,2.7737306376943613,6.106222788859131,1.0825179419469817,1.8447056946563365,26.0,1.0944168126274831,0.0113873183962028,1.2817456905567934,0.005005724728107452,0.3628927524261559,0.42649988430696295
3433_left.jpg,3433,0,34.0,0,4,0.1360369557965814,0.0328063560735477,1.5003483144458187,3.143074310227893,6.840412527281531,1.0802852858671368,5.660625296930122,16.0,1.09388558656366,0.0234006206471307,1.4515952581219862,0.00035932890023104846,0.30484172657827807,0.5781451753108579
3434_left.jpg,3434,0,56.0,0,2,0.1362908319227951,0.0347421873026299,1.502969526179505,2.894517653715149,6.459504513403769,1.109863151112495,5.50741479928252,21.0,1.1361081382087663,0.024419574059571,1.4523787139067257,0.00788158643990755,0.36759207907709945,0.5533009457094274
3435_left.jpg,3435,0,52.0,1,2,0.132590208334386,0.0349413601612911,1.498301122945892,2.836863613842673,6.080716159752204,1.0906589597856342,6.063576600657898,24.0,1.1211081244300891,0.0235519421130553,1.4441854731286603,0.02890888787806034,0.32662633175756134,0.41650391150184235
3436_left.jpg,3436,0,58.0,1,1,0.0991459764042965,0.0287726712449374,1.4604703686499727,2.597455505080851,6.232599253645837,1.07540546344204,4.358161648177496,36.0,1.085171435444764,0.0171288959323824,1.4059548784263265,0.004264215473085642,0.6795366522719782,0.4471805030211666
3437_left.jpg,3437,0,42.0,1,2,0.0930437942206566,0.0224623272808018,1.4210912748694255,3.1405121784315115,6.6433058798776665,1.0964033527744508,3.5830717522734843,17.0,1.09098324499182,0.0163357792424074,1.408044706167612,0.034774575382471085,0.2948712534634315,0.4222368876747342
3438_left.jpg,3438,0,67.0,0,2,0.0874265133730612,0.0235909629005397,1.4029552845711606,2.7978313944306,6.054131158432715,1.080312080385581,3.4109833664399365,17.0,1.0825640808121944,0.0166235277593852,1.35811860794544,0.00023615585814695805,0.2170123250770542,0.5468913099522232
3439_left.jpg,3439,0,61.0,1,1,0.1025234121910172,0.0239251618511424,1.4164960352524747,3.2587578694976966,6.682091486916308,1.0784888923698972,3.13341790192402,12.0,1.0826767545047378,0.0188510464099622,1.4072025691332517,0.015836885198950768,0.12160591851699568,0.4437190149792415
3440_left.jpg,3440,0,63.0,0,2,0.1063894262092232,0.0281870110455103,1.4455721909634904,2.8600529126149024,6.435378623670688,1.074016235088474,3.9394138354234114,23.0,1.0819272073740114,0.0188485800433335,1.3967788429902563,0.005607020575553179,0.343016881728659,0.5492240000581153
3441_left.jpg,3441,0,44.0,0,3,0.0823502837360033,0.0213666348587312,1.4018914408885734,2.922109712957835,6.484013864769906,1.084107249068068,2.6737105109092,27.0,1.105784302695752,0.0136451432970538,1.3671714691459065,0.00014831640874035656,0.4191958787614371,0.5287501667326998
3442_left.jpg,3442,0,49.0,0,0,0.1467941898730402,0.0349910024556833,1.518332295085621,3.235896437645044,7.28718571781425,1.073333170682094,6.014932940954237,14.0,1.0750575819387775,0.0258145014565085,1.4748648235429138,8.004700066521764e-05,0.27512898486916404,0.5497488592277772
3443_left.jpg,3443,0,65.0,0,4,0.0774205773382998,0.0247131509267431,1.406695561375475,2.310231917354492,5.430019722933573,1.0803900134585158,2.9919068918575253,32.0,1.0926148470833676,0.014650370747129,1.3355263423163084,0.00034193156170658767,0.5321788142446143,0.511079747746442
3444_left.jpg,3444,0,34.0,0,3,0.0698621221981747,0.0154576503766036,1.3318956173853462,3.2927197993268646,7.145325360128893,1.0758932353449515,1.8666222713261595,15.0,1.0761764275993464,0.0111795539277264,1.3073547065036903,0.036466747522354126,0.22901486523291267,0.5298430168329715
3445_left.jpg,3445,0,51.0,0,3,0.1245282652774139,0.0326115428272068,1.484876362921015,2.9292892115547926,7.136337746130515,1.0768052410587805,5.287309487082473,21.0,1.086583485631588,0.0230022216401331,1.4424018269339831,0.01128725428134203,0.34403279438487255,0.5279850070155824
3446_left.jpg,3446,0,56.0,1,0,0.1199045355675501,0.0339664061870619,1.485724233671302,2.5986977901080115,6.447174638727915,1.0771256551427115,5.991702247643599,20.0,1.0810777894961092,0.0186548376701844,1.4079105647142287,0.005511591676622629,0.5909401109559866,0.4292726130887626
3448_left.jpg,3448,0,63.0,0,4,0.1254029527976798,0.0329436017664238,1.478350446909078,2.912752742409188,6.921286438933663,1.0729221565269311,5.911658599189547,20.0,1.0782004044552662,0.0213678668512586,1.430487368967136,0.00716037442907691,0.4682893059871061,0.5154449936262118
3450_left.jpg,3450,0,59.0,0,0,0.1343578112276249,0.0327776306783835,1.4966063094222066,3.153601719774116,6.985401379234697,1.089139731954129,5.795161040531156,16.0,1.103992968620648,0.0250191090439483,1.4610996779475682,0.015702441334724426,0.26070300210891945,0.5452497950476564
3485_left.jpg,3485,0,70.0,0,3,0.1163213285213133,0.0260808116497993,1.4501073156031756,3.4496210206792823,7.127735422267198,1.0749545436545616,4.441864573606239,9.0,1.0833493958433658,0.0209524770966357,1.4253295722137875,0.0012345878640189767,0.11827774161563029,0.5259074923092817
3937_left.jpg,3937,0,57.0,0,2,0.0841608987862373,0.0202026281472564,1.3879316557671622,3.1487603722874544,6.498233502208194,1.0765911367042813,3.4607282575985554,16.0,1.079114316891791,0.0141338148259604,1.3634091418155736,0.0005277959862723947,0.25744032014354185,0.5527189505834421
3940_left.jpg,3940,0,42.0,1,0,0.1105467007340714,0.030503508131565,1.4550615016831527,2.668978691570614,6.503049148949908,1.0892701306502115,4.106338970677698,32.0,1.1065732790384992,0.018397412499493,1.3970726916998428,0.0012955976417288184,0.6508167677189125,0.4355124118163319
3949_left.jpg,3949,0,67.0,0,0,0.070749623591319,0.0151881536457145,1.3235926175075408,3.6803850931889466,8.790344810228936,1.0869376227623642,3.041686310890758,27.0,1.0888718302858928,0.0103113165939196,1.3608293775657845,0.011239186860620975,0.6639383947392631,0.5416451808376389
3961_left.jpg,3961,0,46.0,0,2,0.0894877284118464,0.0257556234210286,1.4023821646350918,2.4934392381769785,5.61181317252853,1.0793716947338134,3.043800286117227,25.0,1.0860126058486526,0.0156349874696888,1.3326493704531557,0.014950974844396114,0.41875275575485715,0.5591126075239633
3970_left.jpg,3970,0,59.0,1,2,0.1362085107668146,0.0375001258393484,1.5108697810035523,2.714563010429968,6.262698081431752,1.076704407309276,5.687938550129362,34.0,1.0806060151325307,0.0222634975285151,1.433899174743431,0.01302235759794712,0.6829237476499936,0.412504126672809
3983_left.jpg,3983,0,60.0,1,1,0.0949817703058537,0.0256177840794004,1.4125435320768107,2.822499009524305,6.1241349864844645,1.0831099207931092,4.05104314360948,28.0,1.090442465800818,0.0148369455134697,1.3761127123605503,0.0015486283227801323,0.5404896962655263,0.444872254306597
4023_left.jpg,4023,0,65.0,0,1,0.1073750743455075,0.0317795542293773,1.4503687917286157,2.497776637198863,5.735266153835077,1.0793638118619784,4.536336051774716,22.0,1.0914677552369465,0.0185334529581951,1.3888030107722769,0.0011310348054394126,0.4419245003769949,0.5254398668475341
4024_left.jpg,4024,0,63.0,1,0,0.1401774705394861,0.0353374567946152,1.5119828233288035,2.979962005514043,6.366161191025363,1.0814907280184538,6.26604410486528,19.0,1.0859683386645105,0.0244021991793503,1.464671192909656,0.0019779473077505827,0.32854156571287896,0.4261609954315357
4026_left.jpg,4026,0,55.0,0,4,0.1190395517368679,0.0325172827081889,1.482454317758852,2.72611591487661,6.2585230241954966,1.0793041039299291,5.512260987857855,21.0,1.0779626781149585,0.0195154267450857,1.419104995281795,0.0011735109146684408,0.5677802031843043,0.5328757970826702
4027_left.jpg,4027,0,67.0,1,1,0.1326258347528528,0.0333700147228042,1.490285109264806,3.0393449753796635,6.1481623207037535,1.0807034770724857,5.527332660003719,24.0,1.0884515204400804,0.0239886237444161,1.4422188076777238,0.001131968223489821,0.27699306178551836,0.4368127308225485
4036_left.jpg,4036,0,56.0,0,0,0.1092215580974341,0.0284444309596771,1.4451031346038827,3.007380111986022,7.7307101526285855,1.08021968856456,4.247701689978458,22.0,1.093360135850763,0.0173245547498407,1.3982402293069844,0.00040726998122408986,0.6008796474520115,0.5466003242466938
4038_left.jpg,4038,0,75.0,1,1,0.0009136651678207,0.0004568325839103,0.6072342462482181,1.1469181606780272,1.9957946783538771,1.1288309188118226,0.0652617977014794,4.0,,0.0,,0.024232808500528336,0.0033045240444318806,0.4276427746340011
4056_left.jpg,4056,0,52.0,1,2,0.1241554729351563,0.0301781002638522,1.472926736589565,3.1863333227892827,7.235197026720768,1.0850080448952848,4.49748141041017,14.0,1.0994464076695774,0.0218277764451906,1.4455765468131,0.038120001554489136,0.26430406348964824,0.41650391150184235
4057_left.jpg,4057,0,42.0,0,4,0.1113627038280929,0.0299733041553323,1.4614800000613102,2.7920638876434816,5.857474222959115,1.0824050952671094,4.711031411941705,12.0,1.0943366740994145,0.0193709506658764,1.400412351184034,0.001332164159975946,0.26970366384878197,0.5610119991208152
4058_left.jpg,4058,0,61.0,0,4,0.0992982686585261,0.026154522352846,1.424863092229307,2.910575062405698,6.605995828834814,1.0898467756165422,3.738525505332451,24.0,1.1078402278992054,0.0170456554797184,1.3733862014901363,0.009353207424283028,0.4330380437989734,0.5198078840481443
4059_left.jpg,4059,0,69.0,0,4,0.1534249594006141,0.0377298835432365,1.540966585339541,3.13885931341609,7.389711622519357,1.083714867714012,7.952210091642035,24.0,1.094723200869905,0.0270279333355688,1.4883341765089022,0.05576983839273453,0.5666151868056621,0.5023448504204872
4060_left.jpg,4060,0,57.0,0,2,0.1328877921381508,0.0294583496770157,1.487419133305176,3.519256337382969,7.870049483532093,1.0937906709635552,4.567955790132222,21.0,1.0942123875105922,0.0225567642984464,1.4558112095225304,0.002401359612122178,0.46629295014705746,0.5527189505834421
4069_left.jpg,4069,0,55.0,0,4,0.1206739684891392,0.0328731163336432,1.4790792033550195,2.7839999209881507,7.045893678764143,1.0889740564663135,7.059864669354719,36.0,1.0927207543439663,0.018847849972904,1.4224569852485818,0.12805236876010895,0.8812558286407823,0.5328757970826702
4076_left.jpg,4076,0,75.0,1,1,0.0851754344970116,0.0229620052030595,1.378406785289802,2.755254146749176,6.612020433831053,1.0802952097666838,3.946432373207879,31.0,1.0901957201902024,0.0143889001396829,1.316525764254707,8.525791781721637e-05,0.5728950488573495,0.4276427746340011
4079_left.jpg,4079,0,54.0,1,0,0.0952780162618049,0.0273269026816827,1.4150085141373772,2.539244097791763,6.011012522535014,1.0839600622946817,4.090702489773244,18.0,1.0981258227798605,0.0168173324579566,1.3567177205247214,0.0009111779509112239,0.33920554417497917,0.43016268567618426
4100_left.jpg,4100,0,60.0,1,3,0.1328452252825822,0.0344909477683962,1.49529775038434,2.893965435397763,6.622010279375529,1.0852667510273817,5.760281344267762,20.0,1.086282138016052,0.0226368951072978,1.4367351396955872,0.0011248437222093344,0.43961965491850574,0.46329879787134787
4106_left.jpg,4106,0,54.0,1,3,0.1327748839230229,0.0364524652779532,1.504338848480688,2.699619762969093,5.804599999351183,1.087564134741252,6.264872757402907,19.0,1.100856024185488,0.0222453506055201,1.424856911710669,0.04851982370018959,0.4382126508839627,0.4639532848716164
4111_left.jpg,4111,0,70.0,0,1,0.1008124150611559,0.0222839555520025,1.4197663088360246,3.534695348692871,6.702689891891665,1.0884570402174805,3.297625709489168,10.0,1.0988118151747095,0.01812195219442,1.4109722341373692,0.02502371184527874,0.11855773206263653,0.5196131162694931
4117_left.jpg,4117,0,63.0,1,3,0.1205492873809355,0.0280603226230038,1.4575119037548503,3.325278194571157,6.705333683379608,1.0866504549117637,4.141372309370612,19.0,1.0881127150010297,0.0219088696073777,1.431572186597843,0.0041672117076814175,0.187618822102991,0.46297160164142315
4118_left.jpg,4118,0,50.0,1,3,0.1369781252797755,0.0310812020651168,1.4944205749352732,3.4378240995069627,7.63614364046451,1.0829764196258498,6.018283645189849,20.0,1.085093867064217,0.0233071712077352,1.4602172184096294,0.0015131025575101376,0.4229672529484071,0.46438967867331876
4126_left.jpg,4126,0,64.0,0,0,0.1199117605957158,0.0306292547563434,1.4646183553823966,2.970152995549587,6.535764029263886,1.0812489453295988,3.942824060210417,18.0,1.0961998819944825,0.0209269130183066,1.417703857700106,0.0002213910483988002,0.26214435076581144,0.5429974426253626
4129_left.jpg,4129,1,57.0,1,0,0.0979816646736964,0.0268009203898974,1.445559551089208,2.706089098849777,6.329777944519975,1.0806830912603578,3.5782874950175745,26.0,1.0933706881066174,0.0158350545349132,1.3810923028776425,0.0005153238889761269,0.49808197206568827,0.42882774789133576
4130_left.jpg,4130,0,58.0,1,3,0.1546843269784499,0.0392659048889158,1.5372859954823972,2.9842283002251677,6.878979344751978,1.084203747239215,6.466018044231605,24.0,1.0939933985413512,0.0261520120429586,1.477232453668478,0.00500250281766057,0.5412527199971053,0.4635169462676175
4141_left.jpg,4141,0,70.0,1,3,0.0712389334820921,0.0204853255648185,1.3554853301140164,2.5427952728764542,5.684513332175114,1.078031612669348,2.5309655891984586,22.0,1.0854438831055728,0.0118800425615437,1.3242595722725734,0.0018391343764960766,0.3317651631991367,0.4622082682506176
4146_left.jpg,4146,0,57.0,1,4,0.1105416152882391,0.0284351740428756,1.4565031111303135,2.9308004576443296,6.621056577933326,1.0795548550777927,4.704530710681266,37.0,1.0806936360408264,0.0188626920810367,1.401245549691065,0.12870025634765625,0.6497551655067684,0.45677276622420065
4152_left.jpg,4152,0,66.0,1,2,0.08770647346575,0.0204132723822494,1.4036745900530248,3.2508766505914672,6.474772563736029,1.0775322281021271,3.2044381468333643,18.0,1.0792829759564873,0.0166680852981379,1.4167251768629583,0.014593332074582577,0.1330246093050036,0.408515860589784
4153_left.jpg,4153,0,64.0,1,0,0.1440638793931051,0.0314419086610013,1.5015853439375482,3.506149765738201,7.410372627743786,1.097059151833248,3.961985259383048,26.0,1.111494275986133,0.0238887393267672,1.4676676038546608,0.0013848156668245792,0.40002152432347204,0.4257169495512218
4154_left.jpg,4154,0,63.0,1,0,0.1074662829889028,0.0271827066209306,1.4510792562972326,2.985846579928625,6.500806310543413,1.102652651718404,3.584532741221629,16.0,1.1061093513154188,0.0182512458740534,1.4079982858298443,0.0016712164506316185,0.3134216422815589,0.4261609954315357
4167_left.jpg,4167,0,54.0,0,1,0.0723564214366192,0.0172996569372937,1.3452637033618084,3.185458059098333,6.352318811625085,1.085775360425672,1.7178397659695943,18.0,1.0930036445847824,0.0134143075842625,1.3272621626263714,0.0032702304888516665,0.17601858505854123,0.5382321495884841
4176_left.jpg,4176,0,52.0,1,3,0.1422156615810227,0.0294764333051179,1.4897678039537972,3.902342811792421,8.35603063278717,1.0812447419265168,4.5935958048599215,11.0,1.0915963625126368,0.0231847554555401,1.4607372158171472,0.006181854289025068,0.2385015637013706,0.46417147491408345
4186_left.jpg,4186,0,46.0,0,3,0.1600353446099469,0.038661954052007,1.5350878045680334,3.1622914898850496,6.253530354037624,1.0959743603400642,6.463014390305478,14.0,1.0986675181877437,0.0292097955061853,1.494539806605237,0.0039971498772501945,0.16425462761073376,0.5285315632983314
4193_left.jpg,4193,0,53.0,1,2,0.139163735992048,0.0354809249663203,1.5029319687892402,2.982918623976678,5.996374017027677,1.0822363734249825,6.71069826581429,25.0,1.087802731024103,0.0249759070795343,1.4529866669437352,0.0061414591036736965,0.30810745718463917,0.4159318271582714
4197_left.jpg,4197,0,41.0,1,4,0.1204820479552883,0.0304897826792085,1.4658013597729425,2.9499718780511457,7.041906189365009,1.0906716383949695,5.239651687916365,19.0,1.0986352193860975,0.0199106764140821,1.4004983373307296,0.04268035665154457,0.559579106515832,0.4916121456321195
4200_left.jpg,4200,0,66.0,1,4,0.0499583220350898,0.0130808552519257,1.2812570411108168,2.8465890098229067,6.646009682865142,1.0831379361901765,0.9540738955339298,42.0,1.0924691890500977,0.0074367549436092,1.286958410589193,0.028228159993886948,0.5633765874415397,0.43733820186153094
4202_left.jpg,4202,1,61.0,1,3,0.1038481918797052,0.0279291348816748,1.4449222815923717,2.742310847104408,6.257104681154561,1.1062089179385184,3.799202167544816,37.0,1.1135875990513615,0.0179112386398856,1.4104669594902115,0.188850998878479,0.6334201195896898,0.46318972893578597
4203_left.jpg,4203,0,66.0,1,4,0.1191697549252254,0.0301016853308559,1.4590998729507694,3.0423619419760577,6.498846632774526,1.082453466839153,4.64501014833739,23.0,1.0803816914560918,0.021079258010118,1.4107729720130018,0.08198108524084091,0.3618250710774947,0.43733820186153094
4208_left.jpg,4208,0,47.0,0,4,0.0475627189626706,0.0203811460556517,1.2930757273979645,1.5146077238696114,4.04944868181249,1.0821195437769513,2.013449844964362,72.0,1.093355199496723,0.004459791406596,1.1524290885115,0.001015356625430286,0.9872748808750746,0.5502267114088591
4209_left.jpg,4209,0,62.0,1,0,0.0419321758916773,0.0110302183085297,1.209440268141834,2.7916412930613594,6.537732338208069,1.0819404208614376,0.969353135347207,29.0,1.0842458543118785,0.006591601320361,1.218044596134804,0.07941413670778275,0.47051695702662444,0.4266051604152686
4218_left.jpg,4218,0,45.0,0,1,0.1473687935017211,0.0372832180026991,1.5227689175201582,3.0437759258095083,6.730360771964847,1.081449208912516,6.874346052558419,23.0,1.0934437662348635,0.0260770230037859,1.4733319967194898,0.001558790565468371,0.38578985005292604,0.5486620061818672
4219_left.jpg,4219,0,63.0,0,4,0.1033738926469664,0.0258958302791681,1.421750064006322,2.9920814036094407,6.328326707851693,1.0824877985141503,3.4032126327252925,20.0,1.0898540920327149,0.0179323127185909,1.3878110600240356,0.007683654315769672,0.2628600432624611,0.5154449936262118
4224_left.jpg,4224,0,52.0,1,0,0.0858909494342798,0.0204768690761976,1.3865670218780095,3.190804618355597,6.580597654256527,1.09316682406211,2.3432194879348107,23.0,1.1193073090857502,0.0153696070086173,1.371214511194398,0.0002803009992931038,0.24020277983279467,0.4310532099167913
4225_left.jpg,4225,0,53.0,0,4,0.099432761065685,0.0293274597954319,1.4255322655173934,2.482020811071472,6.158042955896873,1.0790235161292967,5.028713956692715,28.0,1.0891619463980031,0.0163885787848615,1.3450204453777863,0.0017757649766281247,0.7116362340739697,0.5372226509821401
4229_left.jpg,4229,0,64.0,0,0,0.0840512680214941,0.0200230220877833,1.3820822887707969,3.255188341316803,7.479095590315461,1.0934321761839685,2.426094452502749,27.0,1.1046391185841755,0.013653233674191,1.3779133815549338,0.013471126556396484,0.5066425734829648,0.5429974426253626
4230_left.jpg,4230,0,67.0,0,3,0.1288152214572402,0.0327459484597575,1.487081347907773,3.0266744262559877,7.353663082004807,1.074294529785848,6.419783041662876,21.0,1.0824588805281004,0.0210386905664573,1.4313178830167106,0.003378757042810321,0.5998902684001143,0.5262355824410622
4231_left.jpg,4231,0,59.0,1,3,0.1315043863414831,0.0333786192999025,1.485567924618696,2.974861494707905,6.780368393244209,1.083082603755131,6.212089837930112,14.0,1.0860409816107155,0.0229746314412553,1.4359128205195832,0.01962803676724434,0.3190911147677445,0.46340787031873304
4238_left.jpg,4238,0,69.0,1,3,0.0734730323883103,0.019722219526162,1.3753750615280245,2.721713284897469,6.771590466300495,1.1066665526950563,2.523512340945929,24.0,1.1024918140743136,0.0122972697537634,1.3483589776965708,0.004335740581154823,0.4691331202351737,0.4623173051154003
4240_left.jpg,4240,0,50.0,1,2,0.0801263264274886,0.0185144012127337,1.4033558461308682,3.358776208765468,7.297464984726812,1.077572378378432,2.223345123799899,13.0,1.078416207429299,0.0132238504295098,1.399003474621888,0.01440232340246439,0.24866721884286902,0.4176487536528449
4242_left.jpg,4242,0,62.0,0,0,0.1178688963819364,0.0285774949068059,1.4518706503228755,3.2601177852571084,8.830057820740569,1.0800877612783517,6.875180094331515,19.0,1.0882587165451378,0.0196650371815805,1.4003984127787612,0.0027665167581290007,0.7239319212642478,0.5438985998086648
4245_left.jpg,4245,0,56.0,0,0,0.1103402976025061,0.0297804613091478,1.4575392722049605,2.7683537317934666,6.763464910817681,1.092431098533761,4.648460197559558,29.0,1.1143294943417172,0.0188464744966273,1.40445927010993,0.001713131438009441,0.6124032579182939,0.5466003242466938
4253_left.jpg,4253,0,58.0,0,3,0.0975817880596419,0.0271662109024132,1.436370965150899,2.6751266195591685,6.138761562362624,1.1240297609642456,4.241601628775025,28.0,1.1304345722958948,0.0171260903411245,1.3801221604465297,0.03085162118077278,0.5308670647889541,0.5272197157890441
4261_left.jpg,4261,0,35.0,0,3,0.0980537750097235,0.0288271633000459,1.431665982576123,2.486345782765442,5.683709938348128,1.080477811014657,5.051193849666369,23.0,1.088391371640382,0.0164466871745136,1.362798459445273,0.0003042887838091701,0.5001634478777373,0.529733744525016
4267_left.jpg,4267,0,64.0,1,3,0.1403123215972759,0.0367894835225349,1.5136510393757103,2.851347670354338,5.904746953023065,1.078914079567861,6.668788553933828,28.0,1.0851929933672606,0.0245936838489014,1.4522847854384118,0.0012979196617379785,0.4972186041905957,0.4628625433032637
4271_left.jpg,4271,0,54.0,1,2,0.1206759735488611,0.0334851824638746,1.4913253866344658,2.680438482313659,6.319676540998698,1.0783356744626342,4.947342640215528,20.0,1.0955897781026558,0.0184668136174381,1.402121062761191,0.0002745517704170197,0.5860103829045836,0.4153599692395619
4283_left.jpg,4283,0,61.0,0,0,0.1064404223227752,0.0269934640522875,1.4376880397807654,2.9589282950553986,5.904121931104391,1.079592343440994,3.720462543991956,15.0,1.0863843324731288,0.0200603318250377,1.403468363682584,0.0001469495182391256,0.136652030253373,0.5443490710185849
4287_left.jpg,4287,0,54.0,0,1,0.1496733710232353,0.0406606342614345,1.5339085219678243,2.7426758822827364,6.207363556111364,1.0869492891149373,7.275262591509162,16.0,1.0950290529444089,0.0261151613441047,1.4622066440429826,0.0008873541955836117,0.39300415093786706,0.5382321495884841
4288_left.jpg,4288,0,69.0,1,0,0.0714018804851692,0.0184816748639122,1.3504311345068458,2.882628165752663,6.594884309744337,1.0856305375466058,2.9287900057565874,24.0,1.0889490550849723,0.0129573709565024,1.371291305116657,0.013222940266132355,0.35839749232247736,0.4234985306150351
4292_left.jpg,4292,0,67.0,0,2,0.1663870811269655,0.0401643154533327,1.549612821608966,3.166264322449039,6.782900224341391,1.0755945787672423,7.528598569060997,17.0,1.0839767877108653,0.0291442661384857,1.501604473560615,0.0010782814351841807,0.2745472204960886,0.5468913099522232
4297_left.jpg,4297,0,67.0,1,1,0.1229519034203594,0.030445572246575,1.4683952299214884,3.109538626999812,6.872426911457786,1.0826425949006009,5.186985751045025,29.0,1.084956077224593,0.0212869826998769,1.4234731729487182,0.009523177519440651,0.46761741705531584,0.4368127308225485
4298_left.jpg,4298,0,59.0,0,4,0.1387124966531783,0.0345543549095979,1.5000649241925466,3.0505585430064817,6.437448832207836,1.087867856029157,6.769420406266261,22.0,1.1030964547612667,0.0230715992503119,1.44685806513558,0.022423261776566505,0.4963651282037524,0.5241677555043437
4300_left.jpg,4300,0,49.0,1,4,0.0598343065582336,0.0175738543257352,1.3246254781142053,2.4459907962075653,5.818690306472505,1.080447883581601,2.1307791041595854,39.0,1.0807268633640794,0.008502823282313,1.2480911916840562,0.8474959135055542,0.7856734689086394,0.47416100913688825
4308_left.jpg,4308,0,48.0,0,0,0.147148007905019,0.03658334213345,1.520960428726065,3.033362370792164,6.6715015215589535,1.0879923153812014,5.93379295085512,16.0,1.1035683514325692,0.0241575774033118,1.4624721332539203,3.137727617286146e-05,0.3390187491198981,0.5501983308100123
4309_left.jpg,4309,0,43.0,0,4,0.0971426832299396,0.0216594045946343,1.3981432941229943,3.48910005862863,7.48454702272168,1.0881450453122194,3.4492728628457514,24.0,1.094276930384405,0.0157144813663178,1.3912489788905853,0.016735080629587173,0.32746196594098276,0.5588592137629921
4316_left.jpg,4316,0,36.0,0,1,0.0632422699181476,0.0124948249976307,1.31008894027824,3.914109762723175,8.018133407735885,1.1055497788018431,1.246988522717637,19.0,1.1337776503259178,0.0104248240499194,1.3274612347749208,0.0011923726415261626,0.33040072514115854,0.5590492839860055
4325_left.jpg,4325,0,60.0,0,0,0.1487671177662008,0.0388708068400528,1.527312169573927,2.915106589617618,6.513988634285532,1.0818200376843596,7.154445328953335,17.0,1.0884432417516254,0.0252521690061367,1.4596034661193094,0.001291506108827889,0.41233198098143126,0.5447994696732451
4329_left.jpg,4329,0,58.0,0,1,0.0784609147015982,0.0224095384445968,1.4044138396417982,2.613936840253755,5.953803398604657,1.086083448768504,3.654001131238706,26.0,1.0846951282151192,0.0130943383004389,1.367302049697962,0.008611239492893219,0.5391453472248674,0.5335853407446928
4330_left.jpg,4330,0,57.0,1,1,0.0764137680830801,0.0215611284950543,1.3491412363922366,2.665297337616422,6.780706818454381,1.076418234583039,2.11630613879945,19.0,1.0879790089394783,0.0126877591845167,1.2781416334437834,0.013970160856842995,0.39558088621821597,0.4483354881085865
4333_left.jpg,4333,0,42.0,0,3,0.1051954797359649,0.0303720998250187,1.4413261329984453,2.580777729941976,5.701830179121743,1.0867597334105603,5.042686339866974,34.0,1.095943915206285,0.0173064995184234,1.3561690223467875,0.02354724146425724,0.7036903387062411,0.5289687591399841
4336_left.jpg,4336,0,54.0,0,0,0.1012726122707147,0.0263225806451612,1.4242836871583984,2.946119637119156,7.309891864953617,1.081361188292672,4.807084123972169,19.0,1.0818702280882164,0.0162378241619228,1.36676090394259,0.003703769063577056,0.5589999756861009,0.5475002973750372
4343_left.jpg,4343,0,45.0,0,1,0.1229649465812955,0.0286181558732776,1.481269659199985,3.2782414183600794,7.266848086870095,1.083162288819954,5.559622316323978,19.0,1.0950157320296976,0.0204640431426691,1.441977917173596,0.17050349712371826,0.39401276273375374,0.5486620061818672
4348_left.jpg,4348,0,48.0,1,2,0.1468176844713793,0.0356327409531708,1.521326023594969,3.119107285284855,6.495688194329349,1.0835261669149636,5.196025040843755,17.0,1.0875795063952791,0.0256204003936988,1.4724895889687608,0.00322192395105958,0.27850409549240523,0.4187944840473071
4352_left.jpg,4352,0,60.0,1,1,0.0955647491862622,0.0208580496658858,1.4123507583186787,3.607573354983256,7.3919043928861585,1.067330309062392,2.6871089749439765,20.0,1.070166778566007,0.0167209158478589,1.3996977185349289,0.003443939844146371,0.1784598317290465,0.444872254306597
4355_left.jpg,4355,0,52.0,0,0,0.0939242526673206,0.0231277924903295,1.4155419828594635,3.021400476988864,6.246972761495177,1.0855372391668676,2.59234597144353,24.0,1.0947009647999577,0.0153507545759989,1.3846270132834435,0.0030260866042226553,0.308560811721058,0.5483999600239029
4360_left.jpg,4360,0,54.0,1,4,0.1277790533997544,0.0351356208008465,1.4946628552524457,2.727840991363115,6.247955524693801,1.0798718583948712,5.390889396919206,38.0,1.0901250264213609,0.0206800507142928,1.4192340527045042,0.020373506471514702,0.7546027081241627,0.4632833145636475
4361_left.jpg,4361,0,62.0,1,4,0.1113390308065397,0.0305215103755379,1.472856591464879,2.698429392647215,6.0288234283313,1.0768265095116347,4.392256545163145,30.0,1.0860390029425424,0.0199380411470331,1.4079713292071303,0.0002722558274399489,0.4821303116981316,0.4459556712901659
4368_left.jpg,4368,0,38.0,0,3,0.0767706970659689,0.0227781189096831,1.3531707044402614,2.4778992165301847,6.079846945299279,1.0827177023120376,3.6842245775155513,42.0,1.092000876728452,0.0121098860026163,1.2849840947856117,0.003934087697416544,0.8319645209281166,0.5294059105402042
4373_left.jpg,4373,0,65.0,1,2,0.1443782809295118,0.0364931240160315,1.5193886835448445,3.062576278206833,6.900789928136547,1.0834063121573534,6.853635158155081,27.0,1.100892609754251,0.0228851817454917,1.4580167820003385,0.0033005753066390753,0.6267482448211986,0.40908488903648915
4374_left.jpg,4374,0,58.0,1,0,0.1146321509372979,0.0309318438914027,1.464459703581541,2.7700516925809846,5.914342771277571,1.0895094217902808,5.2015998707175175,16.0,1.1048561701732225,0.0210892049127343,1.411456003940263,0.008840559050440788,0.24281824237264882,0.4283829976773552
4377_left.jpg,4377,0,54.0,1,3,0.1173857900082363,0.0311364658443783,1.4699911589063048,2.8405964690938688,6.563165517758414,1.0916079875253517,5.1540401105592135,17.0,1.0988715593864713,0.0195247166541184,1.4057981059597926,0.022921910509467125,0.4165438558725263,0.4639532848716164
4387_left.jpg,4387,0,47.0,1,1,0.1349017031384242,0.0367261333198564,1.5055111121348643,2.7501085607401747,6.017233156587476,1.0794864821344798,6.367817253752464,34.0,1.0840444583455375,0.0232627482690655,1.4438091591974451,0.0005462215049192309,0.5818224214910689,0.4599139835646433
4392_left.jpg,4392,0,17.0,0,1,0.1263746251022448,0.0333797853110767,1.483141349201337,2.894829294351096,6.568217428035171,1.0776707833719916,4.544215214032537,17.0,1.0907796760004842,0.0232815292798933,1.44863937533873,0.00622563948854804,0.24965332678765242,0.5807985265512596
4410_left.jpg,4410,0,45.0,0,2,0.0448229516148591,0.0130310441004082,1.268057827612124,2.4181449292705723,5.800600025161061,1.0909660186211405,1.4147702008973686,20.0,1.1017157658740984,0.0079782933829176,1.2289240141942075,0.005905546247959137,0.38181932523850254,0.5596929106670745
4414_left.jpg,4414,0,73.0,1,4,0.0431207765578125,0.012252401490894,1.2362192589635943,2.512361015572477,5.009005482015512,1.0894857668580655,1.1110998878799203,22.0,1.1054942988762373,0.0078686073878041,1.233285903213485,0.41157108545303345,0.20892941618989425,0.4223512233848427
4417_left.jpg,4417,0,52.0,0,1,0.0780430366185225,0.0197394354096968,1.4081651057618123,2.875492015961054,6.121000683495969,1.08021299744406,2.526809448245889,21.0,1.0842834353683262,0.0133769292190137,1.4106643631687945,0.003719654632732272,0.3210163749779602,0.5405531161100336
4422_left.jpg,4422,0,68.0,1,3,0.1120447189161621,0.0275150603170114,1.4388852983951992,3.1311371901565708,6.886668289496547,1.0858462983547148,3.888162313103107,16.0,1.0887843667764605,0.0185116922595272,1.4092623653694416,0.00013270630734041333,0.2901678831584099,0.4624263455848636
4438_left.jpg,4438,0,56.0,0,4,0.0564810152079766,0.0226911068586967,1.3346576681812583,1.6079471915217003,3.928064014845647,1.0771302416173607,3.6257427736932217,82.0,1.091137258649183,0.006516265484943,1.1101189435408718,0.00046723205014131963,0.9957810873645179,0.5307004553282794
4440_left.jpg,4440,0,60.0,0,4,0.0620838299059259,0.0173948322641174,1.310088576364877,2.649462662965149,6.176912714447769,1.0952738323927045,1.9271242741587848,27.0,1.0947353853179436,0.0102796865887364,1.3154597182265229,0.018166424706578255,0.441665984317977,0.5219882385490794
4459_left.jpg,4459,0,50.0,1,2,0.119413900938162,0.0328104509230303,1.4748958445557507,2.658171484352581,5.852650746652696,1.0785213153861424,4.035105417129023,28.0,1.0891376768730414,0.0210985574498133,1.4168950061033017,0.039632342755794525,0.3959362820316581,0.4176487536528449
4464_left.jpg,4464,0,51.0,0,1,0.1228274928256739,0.0326482357220807,1.475128399745869,2.84512290485193,6.539109109227233,1.086587948936148,4.900771997898226,22.0,1.0845531856646806,0.0234226587445939,1.434529709880023,0.05845964327454567,0.32428150658356125,0.5417129463658781
4465_left.jpg,4465,0,45.0,1,4,0.0618591172536781,0.0189000700592318,1.3387485576083054,2.3447856461468506,5.815735756552511,1.0797986631412009,2.972209838014564,29.0,1.0906698978780367,0.0085981784599707,1.265416856081933,0.000996976625174284,0.7351526008868982,0.48288135791983605
4468_left.jpg,4468,0,65.0,0,2,0.1214487523565475,0.0287789419417446,1.4899129208666166,3.230134362065244,6.9829797198040175,1.1159500502877038,4.801544581077871,31.0,1.1144261189465978,0.0211419589291039,1.45625514549369,0.17358247935771942,0.5857030960152306,0.5480579189479594
4469_left.jpg,4469,0,52.0,0,2,0.1286605541663509,0.033795559596878,1.4923575909594005,2.87135452705372,6.151436603537746,1.0856899024827211,4.597004369679977,26.0,1.099082368296093,0.022414185042055,1.4299470815162982,0.029582049697637558,0.40814305740836493,0.5556274500943088
4475_left.jpg,4475,0,66.0,0,4,0.1047188106011635,0.0235132514544279,1.4285281747928975,3.421507855026636,6.671377876690208,1.0786119848801408,3.333063994828701,7.0,1.081554998544875,0.0186601082740788,1.4034210026147995,0.00036513913073576987,0.08692651653802838,0.508896449259807
4478_left.jpg,4478,1,51.0,0,0,0.126106393831198,0.0274635702641343,1.4722456052125803,3.558936736880364,7.432602830139347,1.0745852815195176,4.100533069299009,10.0,1.081729271358833,0.0198325782351705,1.4404546790135622,0.000797868415247649,0.1796767419541166,0.5488496731149765
4486_left.jpg,4486,0,78.0,1,3,0.0937279845413739,0.0237163100581711,1.4092182166256926,2.9383258120977187,6.727484207311934,1.0861559419851543,3.019262897284676,29.0,1.094872252842371,0.0158310017914293,1.369727271339547,0.21334461867809296,0.4867758390489131,0.4613361043378517
4487_left.jpg,4487,0,55.0,1,0,0.0864182509505703,0.0199290240811153,1.3912378243647987,3.3424441612095266,6.933223254885449,1.086350478903713,3.193916349809886,14.0,1.0882196145919962,0.0148846641318124,1.3590771837669833,0.0013172626495361328,0.22222534329923954,0.4297175925803758
4489_left.jpg,4489,0,54.0,1,0,0.0952775022059593,0.0245621731565907,1.4155316215797231,2.988818358618946,6.55151070924165,1.0808243943635851,3.938322872682496,17.0,1.0930087873701306,0.0181511817461227,1.3794263585815796,0.0017298869788646698,0.22989784858276943,0.43016268567618426
4496_left.jpg,4496,0,53.0,1,4,0.0566129819424109,0.0164753024581952,1.3054425378488013,2.483718252773928,5.578691734654278,1.0852651125898636,2.0035447329891345,28.0,1.0835876352014269,0.0102078035498702,1.2503257320927157,0.0007273402879945934,0.4869476129706006,0.46545639331195343
4500_left.jpg,4500,0,67.0,1,4,0.0714915795893884,0.0243665159511459,1.3623578544493222,2.068184289113518,4.860346129198995,1.0922660053369049,2.369106846718787,28.0,1.1152090191931814,0.0124100873545141,1.274939645909667,0.026239298284053802,0.5818693884290768,0.4351895229224846
4512_left.jpg,4512,0,55.0,0,2,0.1400468928437882,0.0391716945092926,1.5206685648291385,2.6823779255329723,6.399612487091741,1.0858916673912449,7.023820351898452,41.0,1.0871528496509195,0.024325662715136,1.446405748048935,0.0018418640829622746,0.734747568503119,0.5538827947798316
4523_left.jpg,4523,0,59.0,0,1,0.1051600920579803,0.0282634150280615,1.4674947908161031,2.7321690135902017,6.741590613483977,1.1050639560219644,4.6432753260386805,20.0,1.1237443768678397,0.0176898695845277,1.404948086647455,0.016092322766780853,0.6532664688450173,0.5324226954959468
4531_left.jpg,4531,0,48.0,0,0,0.089747362226239,0.0207472174347621,1.4427038039692526,3.2285287579215978,6.302981150907856,1.0775696439674076,2.5688810421249784,9.0,1.0829440149772858,0.0159037089971555,1.4095441609357184,0.0001408520620316267,0.08931313808210349,0.5501983308100123
4535_left.jpg,4535,0,59.0,0,2,0.1356685229034033,0.0332456543360714,1.4932397481398387,3.07453075719584,5.850672795208221,1.0881491681882725,5.250642446395484,17.0,1.0966543864674323,0.0254403723917181,1.4574275216745132,0.02365044318139553,0.14334907049149126,0.5515545284011917
4542_left.jpg,4542,0,54.0,0,4,0.0937801815723392,0.0240130943545845,1.4074099920056016,2.874936934961739,6.40923617599434,1.0832992090043638,3.253255797403495,12.0,1.095896779260303,0.016169697955532,1.3808998304351725,5.017252260586247e-05,0.21669039957101643,0.5350498895753363
4559_left.jpg,4559,1,44.0,0,3,0.1191214966495184,0.0341920942784083,1.4759336423775995,2.579571233349466,5.876311116989874,1.0798776380289377,5.053516742300968,31.0,1.0930296676223925,0.0217099079249249,1.4112846231584222,0.04516005143523216,0.49183176892836056,0.5287501667326998
4562_left.jpg,4562,1,70.0,1,1,0.1095239427686682,0.0238075251366426,1.4446758230190162,3.6939987992774728,9.78480041624263,1.1105432235946866,5.083291361202828,47.0,1.11891820666626,0.0164064394575335,1.4084911582303072,0.47153985500335693,0.953496962925782,0.4333685836770771
4570_left.jpg,4570,0,55.0,0,2,0.1006522870467211,0.0277386203446864,1.432897071847369,2.683932408771953,5.743800841374351,1.089717502778034,4.042057609426078,11.0,1.0989784134870837,0.0187096741596309,1.3896891872439197,0.013373457826673985,0.17572381787941965,0.5538827947798316
4571_left.jpg,4571,0,51.0,0,1,0.1150394193467651,0.0339632086096858,1.4729073465357243,2.4986266695700468,6.216977338175731,1.0780165358070528,5.155800275309724,20.0,1.0867093002463888,0.0209385558753597,1.40426901205575,0.0002785685355775058,0.43351223872748085,0.5417129463658781
4576_left.jpg,4576,0,50.0,1,0,0.1348505953289574,0.0328003358265913,1.5060107002006065,3.1943074876235915,6.776876860343691,1.084612574105538,6.439856510456419,19.0,1.0918010256844912,0.0246861166234162,1.467663702011506,0.00039228759123943746,0.30632663831425094,0.43194418027618703
4577_left.jpg,4577,0,71.0,0,1,0.0995981372715216,0.0250989699151401,1.4273010936038195,3.0216855907047404,7.178963781210599,1.0878547947602215,3.3405462541008943,28.0,1.109982324777638,0.016263972956533,1.36266680937249,0.001066835131496191,0.6059505579391774,0.5184470746844918
4578_left.jpg,4578,0,54.0,1,2,0.0656090225563909,0.0176491228070175,1.3474358737785332,2.820232504141257,6.898832961139473,1.080924917801709,2.2055137844611528,28.0,1.0946101468765508,0.0109674185463659,1.3460246261937237,0.8015694618225098,0.46351676890681226,0.4153599692395619
4579_left.jpg,4579,1,58.0,0,3,0.0935232464391292,0.0226151420038232,1.4038263875800645,3.098164943150633,6.7798506043971205,1.0845369492374484,3.1438089781099623,32.0,1.088549211628377,0.0158001754448236,1.3549546571584734,0.0006711969035677612,0.531225227233673,0.5272197157890441
4581_left.jpg,4581,1,43.0,0,3,0.1514390651759868,0.0390520407596202,1.5272601526331506,2.9550455511272014,6.73676680084813,1.0865877859447255,6.92125431315392,25.0,1.1029679971399329,0.0261997261810337,1.4725696296624005,0.0011643081670626998,0.5315426142377662,0.5288594643199328
4592_left.jpg,4592,1,58.0,0,2,0.1163284174788183,0.0317989602437212,1.46568733067233,2.713420538677521,5.897359327347745,1.0851555122203835,4.951220374777069,18.0,1.0890586041987425,0.0211083660467536,1.4058255997478553,0.014268164522945881,0.2854923495434928,0.5521368109605976
4594_left.jpg,4594,0,66.0,1,2,0.1336179512591802,0.0325480928057736,1.4939560191843144,3.138022450195222,6.891176098660776,1.0917348733860728,5.387410739244237,26.0,1.1081415800978047,0.022749104215903,1.4443189702911268,0.011040730401873589,0.47671667129953005,0.408515860589784
4608_left.jpg,4608,0,50.0,1,4,0.1350818976620149,0.0343854013566273,1.5008115928140031,2.9604145827174477,6.061085559978397,1.087876027359324,5.757837477461097,17.0,1.0944359968101562,0.0245061644216151,1.4494177124872896,0.013781954534351826,0.27643315551296377,0.47198317416046315
4614_left.jpg,4614,0,58.0,0,3,0.1248231251263392,0.0335304224782696,1.4783935875901584,2.749009258268507,6.255418763414948,1.0747788782557186,4.649282393369719,15.0,1.0826950312519663,0.0212249848392965,1.415419198982164,0.0010295213432982564,0.2920525920099347,0.5272197157890441
4618_left.jpg,4618,0,58.0,0,1,0.0812640514573188,0.022628517275101,1.3779630538155243,2.673598010973591,6.200991369198791,1.087053764030733,2.671667221163637,26.0,1.0995363242736984,0.0140287733518837,1.3852521385060446,0.0007190185715444386,0.46019280162551396,0.5335853407446928
4621_left.jpg,4621,0,67.0,0,4,0.1563359775615291,0.0329350932973632,1.5058360440647078,3.816869241094172,8.191310268161327,1.0973341924359623,6.637333932834463,12.0,1.0820839914870286,0.0271434841720996,1.4776368430775135,0.014893709681928158,0.2948507603828321,0.5067128113527685
4625_left.jpg,4625,0,70.0,1,1,0.0517044961097743,0.0135378830837765,1.2790813961296328,2.7330449132090955,5.49734527753137,1.0990681872058092,0.6130362151144079,21.0,1.1235410900296472,0.0096604290231778,1.2572356604589592,0.00037552969297394156,0.24396369825736294,0.4333685836770771
4637_left.jpg,4637,0,45.0,0,2,0.134179606599113,0.0370164573714678,1.5065468095255747,2.7045724005554828,6.2870085958950215,1.0963378816015144,6.162674398634109,23.0,1.113111418873795,0.0212258670680823,1.4342106834638868,0.006586813367903233,0.6322381779392238,0.5596929106670745
4639_left.jpg,4639,0,60.0,1,1,0.0870734440256697,0.0199297137618417,1.3817274528752554,3.37528625831734,7.837656013901574,1.083295155978942,2.2410104920036678,18.0,1.096445107624765,0.0142966282978506,1.3662973917205816,0.021665053442120552,0.3514524442613751,0.444872254306597
4641_left.jpg,4641,0,56.0,0,3,0.1530431267527349,0.0396654960713473,1.5340630972837623,2.9288598961835945,6.518692892017623,1.0865010451020467,6.568808266592557,34.0,1.0972207740968851,0.0259872160885273,1.4664301415517176,0.0008424323750659823,0.6908200697271494,0.5274383836361386
4672_left.jpg,4672,0,65.0,0,3,0.1440147925107862,0.0385928927239842,1.5206836348789494,2.768348173241274,6.1933043919746575,1.0840511502804755,6.618233992462287,25.0,1.0880649007576393,0.0260334043993573,1.463590158085142,0.000811139470897615,0.4338575045445895,0.5264542966277201
4683_left.jpg,4683,0,58.0,0,1,0.0698204692789935,0.0159505729817478,1.368625258586497,3.396743101178577,7.095149438327373,1.0826288102653967,2.509798895688486,16.0,1.0889581006525593,0.0121271346640607,1.397891468679591,0.0019188858568668365,0.23733212907027465,0.5335853407446928
