filename,patient,diabete,glaucome,cataracte,dmla,hypertension,myopie,normal,pli,logit_diabete,logit_glaucome,logit_cataracte,logit_dmla,logit_hypertension,logit_myopie
0_right.jpg,0,0,0,0,0,0,0,1,0,-4.3868775,-10.942377,-9.265374,-9.306358,-10.038938,-8.693472
1_right.jpg,1,0,0,0,0,0,0,1,2,-0.25948337,-6.4212008,-7.532877,-4.317112,-6.448076,-6.8011065
2_right.jpg,2,1,0,0,0,0,0,0,2,1.6398463,-8.09982,-6.3642287,-9.002971,-0.47570512,-9.135225
4_right.jpg,4,1,0,0,0,0,0,0,2,0.3256041,-6.3765883,-11.123011,-7.966219,-3.7082076,-8.255222
5_right.jpg,5,1,0,0,0,0,0,0,3,3.871889,-3.7820206,-9.605035,-4.655369,-8.643183,-10.002389
6_right.jpg,6,1,0,0,0,0,0,0,0,3.3765156,-10.191484,-6.5667877,-9.354267,-6.0813274,-9.716938
7_right.jpg,7,1,0,0,0,0,0,0,0,-2.6394083,-8.30894,-11.049662,-5.7430267,-6.190926,-5.1492043
8_right.jpg,8,0,0,0,0,0,0,1,1,-1.0284245,-8.315544,-12.016051,-7.4238005,-7.7276635,-5.444948
9_right.jpg,9,0,0,0,0,0,0,0,1,-0.56993127,-13.060518,-11.291397,-7.2075124,-11.378805,-10.758608
10_right.jpg,10,0,0,0,0,0,0,1,1,-3.739538,-6.125959,-9.920448,-8.642257,-5.4177485,-7.649669
11_right.jpg,11,1,0,0,0,1,0,0,4,-0.729209,-7.8638806,-7.88257,-6.974067,0.9336025,-11.496929
13_right.jpg,13,0,0,0,0,0,1,0,1,-5.350806,-7.869199,-12.220042,-4.384552,-11.505381,1.6114514
14_right.jpg,14,0,0,0,0,0,0,0,2,-1.0581232,-7.8995786,-10.858773,-10.616014,-10.688449,-7.9970307
15_right.jpg,15,0,0,0,0,0,0,0,2,-3.9187322,-8.360024,-11.96548,-10.068999,-9.648316,-10.410404
16_right.jpg,16,0,0,0,0,0,1,0,2,-2.329627,-2.0989273,-7.876526,-7.4456806,-8.004579,5.9131722
17_right.jpg,17,0,0,0,-1,0,0,0,0,-3.5334406,-5.049501,-9.251186,-0.7184579,-7.6898246,-6.672289
18_right.jpg,18,0,0,0,0,0,1,0,4,-3.3249464,-6.185766,-5.2150383,-7.184184,-8.939025,4.6639147
19_right.jpg,19,1,0,0,0,0,0,0,0,0.62928826,-6.6808457,-6.7476544,-10.073243,-2.480847,-6.882212
21_right.jpg,21,0,0,0,0,0,0,0,1,1.0390192,-11.878278,-9.234796,-5.532844,0.51194537,-7.121089
23_right.jpg,23,0,0,0,0,1,0,0,1,-1.3776717,-4.3349705,-8.133081,-4.539732,2.8056629,-9.738567
24_right.jpg,24,0,0,1,0,0,0,0,1,-5.385369,-5.057621,5.8666973,-7.267713,-5.5114803,-6.4952188
26_right.jpg,26,1,0,0,0,0,0,0,1,9.2733,-6.644501,-6.618972,-7.831173,-6.1801305,-7.7172155
27_right.jpg,27,1,0,0,0,0,0,0,3,-4.8828673,-11.711984,-9.781658,-4.7638288,-14.348037,-11.151274
28_right.jpg,28,0,0,0,0,1,0,0,2,0.117149286,-5.414466,-5.4982185,-5.297174,5.658891,-6.971287
29_right.jpg,29,0,0,0,0,0,0,1,0,-0.882796,-8.234633,-9.091381,-5.188416,-7.489778,-15.035391
31_right.jpg,31,0,0,0,0,0,0,1,0,-1.3655205,-8.60047,-8.98423,-6.692147,-6.094106,-6.556909
32_right.jpg,32,0,0,0,0,1,0,0,4,4.1520166,-6.1919847,-6.1602163,-6.0746613,3.0383754,-7.1264434
33_right.jpg,33,0,0,0,0,0,0,0,3,3.102847,-10.4977455,-8.52176,-3.2963579,-5.8180733,-9.961193
34_right.jpg,34,0,0,0,-1,0,0,0,0,-3.7841575,-4.3099084,-7.925726,-4.967999,-7.8480535,-5.873429
35_right.jpg,35,0,0,0,0,0,0,1,2,-3.5174024,-5.9888062,-9.789467,-4.2124343,-9.503443,-8.987422
37_right.jpg,37,0,0,0,0,0,0,1,2,-2.9567144,-9.951181,-8.759781,-8.9107485,-6.0572643,-8.007924
38_right.jpg,38,0,0,0,0,0,0,1,4,-2.747999,-3.7550642,-6.6059747,-6.10774,-3.749987,-10.173347
40_right.jpg,40,0,0,0,0,0,0,0,1,-3.5360785,-4.85874,-1.9771482,-7.4613695,-4.843374,-10.139491
42_right.jpg,42,0,0,0,0,0,0,0,4,-2.721507,-1.9551259,-8.966381,1.5881897,-6.283962,-10.712363
43_right.jpg,43,0,1,0,1,0,0,0,4,-4.454681,-2.4915793,-7.3792844,2.9113686,-6.651457,-7.0757613
44_right.jpg,44,1,0,0,0,0,0,0,1,2.1914032,-7.1648426,-8.973934,-10.170537,-6.992379,-9.477219
45_right.jpg,45,0,0,0,0,1,0,0,2,-3.872424,-8.44663,-4.833953,-7.590323,-2.8654544,-7.6308556
46_right.jpg,46,0,0,0,0,0,1,0,1,-6.7367883,-7.649114,-12.067955,-5.2272863,-12.074015,7.0194645
47_right.jpg,47,0,0,0,0,0,0,1,2,-5.3578,-10.515576,-11.899061,-10.44512,-10.481754,-6.69089
48_right.jpg,48,0,0,0,1,0,0,0,2,-7.9180527,-8.519574,-10.956476,6.03393,-9.034846,-8.726324
49_right.jpg,49,0,0,0,0,0,0,1,0,-1.783239,-9.805398,-8.373314,-7.826,-3.7269948,-11.251301
50_right.jpg,50,1,0,0,0,0,0,0,2,8.7177515,-8.968503,-7.174001,-6.184207,-4.4083304,-9.088206
51_right.jpg,51,0,0,0,0,0,0,0,0,-2.5439215,-5.9945083,-9.065313,-4.4535832,-3.7527606,-8.564172
52_right.jpg,52,0,0,0,0,0,0,0,0,-3.5948424,-6.9170804,-9.473771,-7.361859,-9.398644,-9.504682
53_right.jpg,53,0,0,0,1,0,0,0,0,0.6625308,-8.906266,-3.7795348,-3.6023521,-12.04433,-9.972866
54_right.jpg,54,1,0,0,0,0,1,0,3,2.0479023,-6.1521153,-7.8602486,-5.015199,-6.848033,0.5538741
55_right.jpg,55,0,0,0,1,0,0,0,4,-6.9671087,-6.1566696,-11.266856,10.605398,-7.0213995,-9.684752
56_right.jpg,56,0,0,0,0,0,0,0,2,-1.8167882,-2.8135076,-4.5877614,-4.0601535,-4.2053657,-6.920614
58_right.jpg,58,0,0,0,0,0,0,0,3,-2.5316422,-9.463952,-2.2719455,-6.5876465,-6.985174,-10.750206
60_right.jpg,60,0,0,0,0,0,0,0,0,-0.78267205,-8.4566555,-10.095261,-9.798952,-8.602513,-9.678975
61_right.jpg,61,0,0,0,0,0,0,1,4,-2.7516491,-6.3891754,-11.659446,-4.4149227,-5.3594995,-8.011216
62_right.jpg,62,0,0,0,0,1,0,0,2,1.663751,-5.207591,-5.9650054,-3.3339727,-1.81852,-5.4093394
64_right.jpg,64,1,0,0,0,0,0,0,3,2.170278,-2.7748866,-7.5844555,-0.21132608,-3.4654303,-6.1432333
65_right.jpg,65,0,0,0,0,0,0,1,2,-2.3776858,-0.43366063,-6.395415,-5.6163325,-1.1563247,-8.395419
66_right.jpg,66,0,0,0,0,0,0,1,0,-4.369695,-9.812892,-3.1635032,-1.0670104,-6.5794287,-8.249275
67_right.jpg,67,1,0,0,0,0,0,0,4,10.219623,-9.824455,-11.734538,-5.935033,-10.083099,-14.655585
68_right.jpg,68,0,0,0,0,0,0,0,2,-5.017786,-4.146346,-3.3809476,-5.0387754,-5.341096,-3.1228552
71_right.jpg,71,1,0,0,1,0,0,0,4,-1.1719722,-4.758025,-10.89749,2.6509786,-3.7782404,-8.428404
72_right.jpg,72,0,0,0,0,0,0,0,0,2.849672,-9.91939,-11.093756,-6.6117473,1.1466094,-8.763263
73_right.jpg,73,0,0,0,0,0,0,1,1,-3.043857,-3.821425,-7.774604,-6.9635477,-5.6354146,-8.058423
74_right.jpg,74,0,0,0,0,0,0,1,1,1.0804352,-8.983484,-9.877797,-7.9291587,-4.2785254,-9.186038
75_right.jpg,75,0,0,0,-1,0,0,0,1,-4.27023,-4.0915303,-8.211184,8.643914,-5.7265863,-9.93436
77_right.jpg,77,0,0,0,0,0,0,0,0,-2.6119423,-7.986227,-5.458922,-4.597256,-8.036481,-8.13224
78_right.jpg,78,0,0,0,0,0,0,1,1,-2.1755884,-0.73752505,-9.423494,3.4730055,-3.3399453,-6.2159977
79_right.jpg,79,1,0,0,0,0,0,0,2,-2.338776,-5.5733643,-5.039747,-10.903593,-2.9983647,-11.994979
81_right.jpg,81,1,0,1,0,0,0,0,3,0.4192447,-6.7254176,-7.770797,-8.511976,-6.1996202,-9.991538
82_right.jpg,82,0,0,0,0,0,0,0,0,-2.641347,-11.440555,-7.9764514,-10.2687435,-9.232343,-8.598423
83_right.jpg,83,0,0,0,0,0,0,0,4,1.5843837,-5.0758753,-3.879947,-8.097887,-4.864338,-7.7371807
84_right.jpg,84,0,0,0,0,0,0,1,1,-4.159574,-8.2021055,-10.491903,-11.477113,-4.573494,-9.920734
85_right.jpg,85,0,0,0,-1,0,0,0,0,-1.065592,-2.4987938,-9.270635,-11.736448,-5.9425287,-10.725298
86_right.jpg,86,0,0,0,0,0,1,0,0,-5.7806706,-8.247115,-5.6084185,-7.646233,-3.913996,5.645099
87_right.jpg,87,1,0,0,0,0,0,0,1,0.62246895,-5.9637814,-9.441311,-9.128423,-10.0367565,-5.6220284
88_right.jpg,88,0,0,0,0,0,0,0,0,-3.6300333,-6.995136,-8.673644,1.9130238,-3.9663827,-8.182335
89_right.jpg,89,1,0,0,0,0,0,0,2,-1.735182,-9.291191,-10.474677,-2.9258437,-6.7081623,-6.2106037
90_right.jpg,90,1,0,0,0,0,0,0,1,2.6842299,-4.458464,-4.978671,-3.8955233,-7.143064,-3.1061885
91_right.jpg,91,0,0,0,0,0,0,0,4,-3.5189533,-4.56973,-7.2197747,-4.9271035,-8.816802,-6.493451
93_right.jpg,93,1,0,0,0,0,0,0,1,4.5940127,-9.035093,-13.145325,-5.45214,-16.368513,-2.9557266
94_right.jpg,94,1,0,0,0,0,0,0,2,-2.2437162,-10.40642,-9.772758,-4.0852532,-7.289179,-2.643216
95_right.jpg,95,0,0,0,0,1,0,0,0,-1.599864,-3.7526846,-6.3356595,-9.913849,-5.225448,-10.627776
96_right.jpg,96,1,0,0,0,0,0,0,0,-1.3588696,-6.9905314,-10.24884,-9.627595,-5.0819607,-11.29399
97_right.jpg,97,0,0,0,0,0,0,0,3,-3.5809402,-8.223282,-7.3737755,-1.9938644,-10.1375675,-8.84328
98_right.jpg,98,0,0,0,0,0,0,1,0,-3.9547167,-6.932101,-7.157765,-6.3948154,-7.5662045,-7.2739725
99_right.jpg,99,0,0,0,0,0,0,1,1,-3.2294586,-5.693811,-2.4668415,-5.702313,-10.053039,-5.8684173
100_right.jpg,100,0,0,0,0,0,0,1,0,0.5127759,-11.345447,-11.198397,-13.186205,-11.277234,-9.880141
101_right.jpg,101,0,0,0,-1,0,0,0,3,1.0094156,-8.759104,-6.5786076,-4.925512,-6.2159305,-9.045902
102_right.jpg,102,0,0,0,1,0,0,0,3,-2.601634,-7.8242903,-7.575568,0.2280048,-1.0535312,-7.489596
103_right.jpg,103,0,0,0,0,0,0,1,0,-1.4904214,-5.115635,-5.432833,-5.730493,-7.9608,-8.633293
105_right.jpg,105,0,0,0,0,0,0,1,2,-2.6238682,-9.150705,-8.81745,-5.8445063,-5.8109126,-12.080674
106_right.jpg,106,0,0,0,0,0,1,0,2,-5.7715554,-7.4946904,-11.951507,-8.098741,-7.87337,-1.7890997
107_right.jpg,107,1,0,0,0,0,0,0,3,-1.8274117,-3.7558424,-8.229901,2.032577,-5.395627,-11.993618
108_right.jpg,108,0,0,0,0,0,0,1,1,0.4749049,-5.267417,-9.602338,-6.978678,-9.399128,-13.34925
110_right.jpg,110,0,0,0,0,0,0,1,1,-1.1081784,-9.130264,-6.4143476,-4.659347,-7.6192737,-7.2826824
111_right.jpg,111,1,0,0,0,0,0,0,0,-2.5044553,-8.276153,-10.894728,0.77009225,-9.70234,-14.560858
112_right.jpg,112,0,0,1,0,0,0,0,0,-4.903881,-8.494983,3.365474,-5.9348197,-7.5907083,-10.256785
113_right.jpg,113,0,0,0,0,0,0,0,4,-0.034894045,-12.279456,-10.257046,-4.997702,-9.298378,-12.022707
114_right.jpg,114,0,0,0,0,0,0,1,2,-2.4787338,-7.5442767,-3.1038666,-5.2838893,-4.7296886,-13.884164
115_right.jpg,115,0,0,0,0,0,0,1,3,-1.442652,-4.9499803,-6.654529,-7.893322,-7.6406403,-12.419961
116_right.jpg,116,0,0,0,0,1,0,0,3,1.5234207,-6.9492726,-8.362811,-7.728082,-7.8091016,-9.858306
117_right.jpg,117,0,0,0,0,0,0,0,3,-1.460816,-3.455738,-5.857775,-9.617454,-4.5603642,-6.5822806
118_right.jpg,118,1,0,0,0,0,0,0,0,3.575594,-4.854625,-11.79412,-6.8535514,-4.7926946,-6.2463093
119_right.jpg,119,0,0,0,-1,0,0,0,2,-2.6986725,-3.2233286,-6.435377,-1.2971374,-7.5813456,-4.3058023
120_right.jpg,120,1,0,0,0,1,0,0,0,4.525983,-2.042416,-8.052103,-6.7375975,2.4836466,-10.210719
121_right.jpg,121,0,0,0,0,0,0,1,0,-1.089896,-6.4688697,-9.531963,-9.060823,-2.446407,-8.975141
122_right.jpg,122,0,0,0,0,0,0,1,0,-2.400946,-5.612374,-6.1405954,-1.9000914,-9.023035,-9.244275
123_right.jpg,123,1,0,0,0,0,0,0,0,-2.8421056,-3.5749524,-9.8323555,-5.6415744,-10.248464,-9.233883
125_right.jpg,125,0,0,0,0,0,0,1,1,-7.176062,-5.905641,-11.082374,-4.655035,-10.69308,-11.0374365
126_right.jpg,126,0,0,0,1,0,0,0,0,-4.2165546,-10.896172,-10.849463,0.57183504,-10.611382,-8.899182
127_right.jpg,127,1,0,0,0,1,0,0,1,6.414279,-0.94147563,-8.834495,-9.473749,-2.8649528,-7.9890575
128_right.jpg,128,0,0,0,0,0,0,0,1,-2.2413046,-6.1899414,-11.491399,-2.5627234,-12.230619,-13.024638
129_right.jpg,129,0,0,0,0,0,0,1,0,-2.139432,-9.541966,-7.075661,-12.542162,-5.8734965,-8.486585
130_right.jpg,130,1,0,0,0,0,0,0,4,-2.1816008,0.4923035,-7.0028653,-6.88639,-4.5505066,-9.5597515
132_right.jpg,132,0,0,0,0,0,0,0,0,-3.458571,-8.122404,-6.998557,-0.6708562,-8.528584,-1.1420022
133_right.jpg,133,1,0,0,0,0,0,0,0,0.18938391,-13.0876045,-10.695279,-10.747082,1.2277629,-10.16221
134_right.jpg,134,0,0,0,0,0,0,0,0,-3.621428,-7.865456,-11.140187,-0.64789355,-5.1196,-8.377812
135_right.jpg,135,0,0,0,-1,0,0,0,3,0.8980726,-3.8226557,-8.721493,-0.5252553,-10.061091,-12.154022
136_right.jpg,136,0,0,0,0,0,0,0,1,-6.60457,-8.855243,9.840953,-9.966931,-9.932384,-7.90062
137_right.jpg,137,1,0,0,0,0,0,0,2,3.1815157,-11.574728,-5.8285055,-3.661744,-9.890649,-13.485562
139_right.jpg,139,1,0,0,0,1,0,0,0,8.057625,-9.3267975,-7.520836,-9.937559,-0.82054114,-5.9054756
140_right.jpg,140,0,0,0,0,0,0,0,3,-4.9466333,-7.912196,-10.95273,-7.909954,-11.460728,-6.8039193
141_right.jpg,141,0,0,0,0,0,0,1,0,-8.051614,-5.5637894,-8.18095,-7.4636946,-5.850545,-7.879715
142_right.jpg,142,0,0,0,-1,0,0,0,1,-3.4710622,-7.79127,-5.023119,-5.775165,-12.827444,-5.772696
143_right.jpg,143,0,0,0,0,0,0,0,1,-2.392586,-10.43779,-11.213187,-0.8315781,-12.442039,-3.5075126
144_right.jpg,144,0,0,0,0,0,0,1,0,-4.666324,-8.176764,-9.609902,-7.914323,-11.997086,5.610542
145_right.jpg,145,0,0,0,0,0,1,0,4,-4.1635876,-9.724393,-6.2453713,-7.6252847,-10.979434,2.374738
146_right.jpg,146,0,0,0,0,0,0,0,3,-2.6765454,-8.815007,-3.9221275,-8.094673,-10.0777645,-9.022459
148_right.jpg,148,1,0,0,0,0,0,0,4,-5.177282,-0.8855801,-3.1666336,-10.217241,-7.1134653,-7.050914
149_right.jpg,149,0,0,0,0,0,0,0,3,-0.5552389,-11.694959,-9.874961,-3.5901513,-10.854548,-12.156644
150_right.jpg,150,0,0,0,0,0,0,1,4,-0.7411013,-8.625626,-10.4043455,-7.7621317,-9.707094,-10.401335
152_right.jpg,152,0,0,0,1,0,0,0,4,-2.9456189,-5.5591526,-7.180978,-13.053122,-11.806298,-11.854167
153_right.jpg,153,0,0,0,1,0,0,0,2,-0.936039,-8.043358,-11.798066,-0.018231694,-11.569679,-16.95008
156_right.jpg,156,0,0,0,0,0,0,0,2,-2.3998406,-11.561713,-9.276874,-3.3322942,-7.9277544,-7.9535446
157_right.jpg,157,1,0,0,0,0,0,0,3,12.696926,-6.5657306,-4.347215,-10.129174,-7.428204,-5.4209843
158_right.jpg,158,0,0,0,1,0,0,0,3,-5.251904,-7.718072,-8.00559,8.32751,-9.969074,-6.5084624
159_right.jpg,159,0,0,0,0,0,0,1,4,-3.3717425,-8.4781885,-9.379709,-4.208482,-11.257869,-11.9716835
160_right.jpg,160,0,0,0,1,0,0,0,1,-3.5046701,-6.625082,-9.767326,4.2406006,-8.10855,-10.44836
161_right.jpg,161,1,0,0,0,0,0,0,4,-1.6135412,-9.966022,-8.697254,-9.567659,-9.722126,-11.34495
162_right.jpg,162,0,0,0,1,0,0,0,1,-8.390347,-6.319236,-11.63907,6.4303427,-9.755278,-8.606369
163_right.jpg,163,0,0,0,0,0,0,0,2,-3.7263286,-8.318438,-11.188067,-3.798237,-5.345267,-11.26123
164_right.jpg,164,0,0,0,1,0,0,0,4,-5.3784704,-11.427821,-13.519708,6.394713,-13.281963,-10.653388
165_right.jpg,165,0,0,0,0,0,0,1,1,-5.4601,-9.556862,-9.860558,-0.96703875,-12.813804,-10.759324
166_right.jpg,166,0,0,0,0,0,0,0,3,-5.961629,-7.22968,-9.189512,1.4108115,-6.108571,-7.9452953
167_right.jpg,167,0,1,0,0,0,0,0,3,-1.5083576,3.1638505,-8.321672,-5.567415,-3.4238768,-3.808649
168_right.jpg,168,0,0,0,1,0,0,0,3,1.2408623,-7.467378,-9.141699,-4.67181,-6.744775,-4.741742
169_right.jpg,169,1,0,0,0,0,0,0,2,-0.28729331,-9.211603,-13.887774,-3.807627,-4.96841,-7.794456
170_right.jpg,170,0,0,0,0,0,0,1,3,-2.1178298,-1.035249,-9.246514,-4.866302,-6.256462,-9.726294
172_right.jpg,172,0,0,0,0,0,0,1,2,-1.7988251,-1.9689405,-5.449231,-5.197381,-1.3006968,-6.293348
173_right.jpg,173,0,0,0,0,0,0,0,0,-4.110166,-9.844899,-10.52179,-2.1972363,-10.842468,-7.247855
174_right.jpg,174,0,0,0,0,0,0,1,2,-2.1092138,-5.16883,-6.6492743,-6.181269,-5.012257,-2.4602764
175_right.jpg,175,1,0,0,0,0,0,0,0,0.959694,-4.581624,-12.244089,-8.6414995,-2.2922826,-8.188278
176_right.jpg,176,1,0,0,0,1,0,0,4,8.225819,-7.117226,-9.343597,-4.2877035,0.21025658,-11.577747
178_right.jpg,178,0,0,0,1,0,0,0,3,-8.902576,-5.392891,-7.374635,6.984139,-7.673682,-12.270306
179_right.jpg,179,0,0,0,0,1,0,0,3,-0.9174523,-5.0780334,-10.158048,-8.931815,-5.1967525,-9.655718
180_right.jpg,180,0,0,0,0,0,0,1,0,-3.443164,-8.835572,-8.55171,-8.393977,-5.2355347,-9.149119
181_right.jpg,181,0,0,0,-1,0,0,0,2,-6.0649424,-5.8923264,-7.675414,7.1890607,-8.114465,-5.4087844
182_right.jpg,182,0,0,0,0,0,0,1,0,-4.588907,-7.215387,-7.2879405,-6.0380025,-10.789407,-11.600564
183_right.jpg,183,0,0,0,0,0,0,1,0,-1.4054756,-11.218508,-6.024321,-8.29551,-6.8656273,-11.6645155
184_right.jpg,184,1,0,0,0,0,0,0,0,-2.0400372,-1.2360144,-6.2965794,-7.82351,-6.913142,-9.752112
185_right.jpg,185,0,0,0,-1,0,0,0,2,-0.2269207,-9.562417,-7.0639315,-5.6218467,-6.4533806,-9.315484
186_right.jpg,186,1,0,0,0,0,0,0,2,8.101441,-9.590046,-10.041038,-6.596755,-6.9210873,-7.9692845
187_right.jpg,187,0,0,0,0,0,0,0,3,2.0526617,-9.5770035,-12.002181,-4.7833467,-10.413052,-11.096852
188_right.jpg,188,0,0,1,0,0,0,0,4,-7.129466,-6.273417,6.0798616,-9.479655,-8.119912,-6.6200213
189_right.jpg,189,0,0,0,0,0,0,0,1,0.42499226,-8.773473,-6.3148985,-9.641419,-1.9917418,-8.570574
190_right.jpg,190,0,0,0,0,0,0,0,2,-0.36498514,-4.8183303,-8.53457,0.10540342,-2.1113727,-7.90835
191_right.jpg,191,0,0,0,0,0,0,1,2,-3.6474938,-9.890833,-8.2958355,-3.946016,-6.1807775,-10.52955
192_right.jpg,192,0,0,0,0,0,0,0,2,-3.2645037,-4.446343,-7.7607946,-13.226493,-8.336972,-9.981351
193_right.jpg,193,1,0,0,0,0,0,0,2,0.5678977,-10.385543,-6.8032274,-2.8193464,-6.5718517,-13.502221
194_right.jpg,194,0,0,0,0,0,0,0,0,1.1310956,-8.787066,-7.8294263,-9.411497,-2.5226367,-7.7674947
195_right.jpg,195,1,0,0,0,0,0,0,2,5.2414527,-12.142174,-5.9891434,-9.714514,-4.415756,-7.138184
196_right.jpg,196,0,0,0,0,0,0,1,0,-0.361469,-12.637515,-9.114824,-8.527458,-5.696114,-6.4519925
199_right.jpg,199,1,0,0,0,0,0,0,3,6.7696943,-8.353205,-8.617749,-10.774552,-7.2880077,-7.2091403
200_right.jpg,200,0,0,0,0,0,0,1,4,1.5755838,-7.8280954,-8.339453,-10.907993,-4.395618,-11.480101
201_right.jpg,201,0,0,0,0,0,0,0,1,6.4532175,-9.350255,-13.867853,-9.278161,-13.105503,-7.872095
204_right.jpg,204,0,0,0,0,0,0,0,4,-2.3853717,-7.14362,-11.777885,-5.337923,-6.773087,-8.45522
205_right.jpg,205,0,0,0,0,0,0,1,0,-3.7492528,-2.7564366,-12.048727,-6.197706,-9.000261,-5.723961
206_right.jpg,206,1,0,0,0,0,0,0,4,2.8272774,-4.9404407,-7.116515,-8.749717,-5.369,-7.0564384
207_right.jpg,207,1,0,0,0,0,0,0,2,-4.019799,-6.715821,-5.6422358,-7.338121,-8.8731365,-9.462347
208_right.jpg,208,0,0,0,0,0,0,1,2,-2.508867,-11.652416,-12.27802,-6.4714723,-10.561805,-13.904106
209_right.jpg,209,1,0,0,0,0,0,0,0,8.139356,-6.9181924,-11.825409,-4.9975414,-7.23356,-10.9400215
210_right.jpg,210,0,0,0,1,0,0,0,2,-3.2003424,-2.8144693,-10.509777,0.40446636,-6.8482857,-8.936021
211_right.jpg,211,1,0,0,0,0,0,0,1,7.0593767,-11.889968,-11.025156,-8.574205,-9.37005,-7.5534406
212_right.jpg,212,1,0,0,1,0,0,0,1,-1.0931804,-1.1448742,-7.7703805,-1.9997076,-7.169745,2.0483487
213_right.jpg,213,0,0,0,1,0,0,0,2,-0.697816,-3.7503517,-10.25145,0.4791207,-4.0855207,-7.2383413
214_right.jpg,214,0,0,0,0,0,1,0,0,-3.688092,-9.601445,-5.6891913,-8.672602,-8.20713,9.193415
215_right.jpg,215,0,0,0,0,0,0,1,1,0.85108244,-7.4298882,-7.2840695,-7.825318,-1.286555,-7.0923467
216_right.jpg,216,0,0,0,0,0,0,0,0,-5.6236095,-5.5650315,-9.00745,-8.973105,-5.045179,-8.140219
217_right.jpg,217,1,0,0,0,0,0,0,1,-0.88860035,-9.463711,-10.984519,-7.813424,-4.9254656,-9.89523
218_right.jpg,218,0,0,1,0,0,0,0,0,-6.376209,-9.950392,4.383756,-7.021599,-8.102946,-7.9895477
219_right.jpg,219,0,0,0,0,0,0,1,3,-3.6433983,-3.4193287,-0.7951261,-3.2952642,-2.9561286,-10.079357
221_right.jpg,221,1,0,0,0,0,0,0,3,-0.077413216,-7.028522,-3.5721357,-6.3699164,-2.3216825,-10.304089
222_right.jpg,222,0,0,0,0,0,0,0,0,1.3747054,-9.817543,-12.718584,-4.75702,-11.126126,-8.375404
223_right.jpg,223,1,0,0,0,0,0,0,1,7.995447,-6.620716,-8.443739,-10.597411,-1.985444,-7.51649
224_right.jpg,224,1,0,0,0,0,0,0,4,4.5296063,-6.600548,-4.323962,-8.609936,0.8606314,-0.28382918
225_right.jpg,225,1,0,0,0,0,0,0,4,4.831918,-10.809483,-13.781465,-9.9290695,-11.326417,-7.527857
226_right.jpg,226,0,0,0,-1,0,0,0,4,-1.8946784,-7.7162113,-10.505001,-2.155809,-2.9036844,-10.461343
227_right.jpg,227,0,0,0,0,0,0,0,1,-4.331635,-2.59035,-10.610889,-2.2441232,-4.736848,-7.1276116
228_right.jpg,228,0,0,0,0,0,0,0,3,-3.0969362,-6.7945967,-7.5629597,-0.4947291,-6.209984,-11.651451
229_right.jpg,229,1,0,0,0,0,0,0,1,3.9814672,-2.5657828,-3.8275642,-4.809335,-1.5314105,-8.781411
230_right.jpg,230,0,0,0,1,0,0,0,4,-5.6367364,-4.300669,-11.42287,9.178115,-9.013826,-9.781111
231_right.jpg,231,0,0,0,0,0,0,0,1,-1.7065432,-4.445081,-9.919893,-2.7853923,-13.164259,-10.992596
232_right.jpg,232,0,0,0,0,0,0,0,4,-1.68855,-9.853617,-8.852129,-5.1338377,-8.499851,-13.243867
233_right.jpg,233,0,0,0,0,0,1,0,1,-5.014342,-7.229572,-9.876526,-2.9080207,-12.788716,4.7186475
234_right.jpg,234,1,0,0,0,0,0,0,2,5.396193,-5.545786,-9.710918,-2.5907712,-8.764182,-5.977592
235_right.jpg,235,0,0,0,1,0,0,0,1,-4.1213794,-6.373334,-8.521485,-7.181458,-6.502268,-9.725336
236_right.jpg,236,0,0,0,0,0,0,1,1,-0.52375156,-13.9274845,-9.750305,-5.125502,-13.153212,-12.566465
237_right.jpg,237,0,0,0,0,0,0,0,4,-5.111953,-9.546654,-10.91029,-7.1913056,-8.047423,-11.546228
238_right.jpg,238,0,1,0,1,0,0,0,0,-3.64449,-2.8845966,-4.932155,-4.125576,-4.868149,-5.0080113
239_right.jpg,239,0,0,0,-1,0,0,0,1,-3.1529129,-1.8661501,-3.883486,-2.9762092,-6.7914705,-10.41796
240_right.jpg,240,0,0,0,-1,0,0,0,1,-2.8919692,-8.356957,-11.854068,-3.357322,-11.752071,-4.8481407
242_right.jpg,242,0,0,0,0,0,0,1,2,-2.0819936,-10.562365,-11.090227,-6.4462657,-9.100317,-8.77729
243_right.jpg,243,0,0,0,1,0,0,0,0,-3.1876407,-9.17349,-9.383169,-0.39812857,-11.723,-9.025524
244_right.jpg,244,0,0,0,0,0,0,1,0,-1.5222319,-7.141079,-7.835173,-5.770468,-4.4579396,-6.8653445
245_right.jpg,245,0,0,0,0,0,0,0,3,-4.9891853,-2.0002115,-3.7658134,-5.964926,-5.168081,-9.156943
247_right.jpg,247,0,1,0,1,0,0,0,2,-1.9493705,-5.710104,-9.760107,0.49021718,-2.9625247,-8.941701
249_right.jpg,249,1,0,0,0,0,0,0,4,2.9566276,-3.39587,-13.714276,-8.392014,0.73431355,-9.811935
250_right.jpg,250,0,0,0,0,0,0,0,4,-3.255439,-11.129296,-10.527572,-6.207609,-10.235489,-7.541722
251_right.jpg,251,1,0,0,0,0,0,0,1,3.194672,-8.406971,-8.760961,-8.752119,-9.912163,-6.3726315
252_right.jpg,252,0,0,0,0,0,0,0,3,-1.7219932,-7.206386,-9.452909,-3.0944304,-10.653087,-7.5113525
253_right.jpg,253,0,0,0,0,0,0,1,3,-4.206744,-6.56908,-7.6815114,-4.299955,-8.413869,-6.563781
254_right.jpg,254,0,0,0,0,0,0,0,4,-1.7591693,-4.0079827,-9.2072735,-8.386264,-5.529419,-10.105441
255_right.jpg,255,0,0,0,-1,0,0,0,2,1.4223666,-7.451289,-7.6888585,-5.322409,-5.3535724,-11.804253
256_right.jpg,256,0,0,0,0,0,0,0,0,-3.6648693,-5.9093394,-6.0046644,0.069086224,-10.347112,-5.591978
257_right.jpg,257,1,0,0,0,0,0,0,1,-0.12883714,-3.1838653,-9.330957,-11.6792965,-5.296217,-12.194497
258_right.jpg,258,0,0,0,0,0,0,0,1,2.4990077,-9.60971,-7.8114843,-6.774564,-1.336034,-8.504941
259_right.jpg,259,0,0,0,0,0,0,0,2,-4.466636,-5.422455,-9.073153,-12.063529,-9.52152,-8.631532
260_right.jpg,260,0,0,0,1,0,0,0,3,-1.2391105,-7.632865,-9.886352,-7.6810675,-9.486607,-10.831996
261_right.jpg,261,0,0,0,0,0,0,0,3,-5.544388,-6.78591,-13.04874,-0.29166707,-4.445082,-5.2156863
262_right.jpg,262,1,0,0,0,0,0,0,0,4.0472174,-7.6647425,-8.869524,-4.151088,-10.24537,-2.9366908
263_right.jpg,263,0,0,0,0,0,0,0,2,-3.7381716,-3.9713018,-10.552305,-0.07159984,-6.618564,-7.1078267
264_right.jpg,264,0,0,0,0,0,0,1,0,-2.9837399,-8.422996,-10.096538,-7.0319657,-1.8304434,-8.420349
265_right.jpg,265,0,0,0,1,0,0,0,0,-3.1518202,-7.2651005,-4.9082828,-2.6004424,-8.707357,-4.887452
266_right.jpg,266,0,0,0,1,0,0,0,4,-0.8385495,-5.8120313,-8.62184,-1.1671478,-5.6747656,-7.8341036
268_right.jpg,268,1,0,0,0,0,0,0,0,3.0606084,-8.805909,-8.467469,-4.7823224,-7.931609,-11.630228
269_right.jpg,269,0,0,0,-1,0,0,0,3,-5.4280715,-3.043239,-8.900605,0.6874035,-7.672168,-7.8724017
270_right.jpg,270,0,0,0,1,0,0,0,1,-5.9335546,-6.1124196,-10.718196,3.1694372,-8.576643,-4.4730234
271_right.jpg,271,0,0,0,0,0,0,1,1,2.3568244,-11.50424,-12.535195,-11.871779,-5.577971,-9.7410555
272_right.jpg,272,0,0,0,0,1,0,0,4,0.21055388,-8.899939,-6.6728106,-7.4071574,5.9579473,-10.196263
273_right.jpg,273,0,0,0,0,0,0,0,2,-4.062354,-3.2298956,-6.9454503,-2.663105,-7.475219,-5.1997643
274_right.jpg,274,1,0,0,0,0,0,0,0,-2.1563802,-6.613339,-9.266161,-7.956922,-5.6005154,-8.359297
275_right.jpg,275,0,0,0,0,0,0,0,2,-2.2189102,-10.921279,-8.900393,-4.8694086,-8.3466425,-7.433705
276_right.jpg,276,0,0,0,0,0,0,1,2,-1.5276402,-10.617683,-10.148529,-8.842075,-6.39246,-10.87463
277_right.jpg,277,0,0,0,-1,0,0,0,0,-5.821709,-9.153397,-9.571184,2.2641344,-5.050169,-7.525938
278_right.jpg,278,0,0,0,0,0,0,0,2,-2.4165592,-9.00568,-4.6174335,-7.572072,-7.2632313,-8.167109
279_right.jpg,279,0,0,0,0,0,0,1,0,0.3983669,-7.919225,-10.568073,-9.828731,-5.5599117,-8.5316725
280_right.jpg,280,1,0,0,0,0,0,0,1,-4.3043766,-10.452266,-8.186154,-8.873829,-9.600196,-6.9322276
281_right.jpg,281,1,0,0,0,0,0,0,3,-1.1590979,-5.3938503,-9.428678,-6.470723,-10.66607,-12.320637
282_right.jpg,282,0,0,0,0,0,0,1,3,-1.1080558,-11.198027,-7.5136657,-9.169693,-4.706401,-10.156493
283_right.jpg,283,0,0,0,0,0,0,0,1,-4.243519,-9.141558,4.4790883,-9.341187,-6.304209,-6.3345
284_right.jpg,284,1,0,0,0,0,0,0,4,1.5874746,-7.5019135,-11.069515,-9.69191,-5.0858345,-13.380109
285_right.jpg,285,0,0,0,0,0,0,0,2,-2.9985735,-7.9859834,-7.5070086,-7.1324368,-10.204591,-7.1237946
286_right.jpg,286,0,0,0,0,0,0,0,2,-2.406119,-5.448378,-5.0155435,-7.0286503,-3.212891,-7.921692
287_right.jpg,287,0,0,0,0,0,0,1,0,-4.3608766,-11.798919,-8.454232,-4.8581905,-9.079808,-10.209916
288_right.jpg,288,1,0,0,0,0,0,0,0,5.732718,-12.627407,-10.417002,-7.238139,-10.455902,-11.0461855
289_right.jpg,289,1,0,0,0,0,0,0,2,-2.635724,-4.282576,-9.388351,0.25315574,-4.8464403,-11.384946
291_right.jpg,291,1,0,0,0,0,0,0,0,-2.4914849,-10.063793,-7.5846004,-11.02687,-4.817631,-11.438857
292_right.jpg,292,0,0,0,1,0,0,0,0,-3.0848713,-5.2610717,-10.936741,-7.5828648,-6.5194263,-11.027294
293_right.jpg,293,0,0,0,0,0,0,1,4,-3.2901618,-8.823508,-4.888316,-6.336953,-9.03258,-4.077801
294_right.jpg,294,0,0,0,0,0,0,1,1,-0.70693004,-5.2454348,-3.9119122,-4.870781,-6.5124993,-10.656229
295_right.jpg,295,0,0,0,0,0,0,0,1,-0.62916994,-4.4295893,-9.391862,-6.454878,-6.3308086,-5.470331
296_right.jpg,296,1,0,0,0,1,0,0,4,1.0618734,-4.471261,-8.593777,-7.4236546,-0.7126983,-12.919384
297_right.jpg,297,0,0,0,0,0,0,0,1,-4.734601,-3.6159213,-5.677933,-4.561599,-5.9837627,-8.6785
298_right.jpg,298,0,0,0,0,0,0,1,4,-1.0338314,-11.125851,-5.386774,-6.7712984,-3.791861,-13.222165
299_right.jpg,299,1,0,0,0,0,0,0,2,2.8753798,-7.425514,-7.613766,-5.468434,1.8932003,-10.544632
300_right.jpg,300,0,0,0,0,1,0,0,1,1.6541101,-8.104283,-9.923907,-6.0399165,-0.76053196,-12.30775
301_right.jpg,301,0,0,0,-1,0,0,0,4,-3.4508371,-4.7380366,-10.065555,-1.4414024,-9.576013,-10.516037
302_right.jpg,302,0,0,0,-1,0,0,0,4,-5.2160997,-3.5242083,-8.655362,5.1272755,-5.4205055,-10.850968
303_right.jpg,303,0,0,0,-1,0,0,0,0,-0.22499034,-6.51068,-8.45405,-6.582798,-0.41904825,-6.40522
304_right.jpg,304,1,0,0,0,0,0,0,2,2.0422688,-8.057839,-9.927896,-9.056459,-3.111587,-10.750396
305_right.jpg,305,0,0,0,0,1,0,0,4,1.0548009,-8.279212,-7.527788,-4.4149036,1.4984304,-7.2465973
306_right.jpg,306,0,0,0,0,0,0,0,2,-1.9757649,-9.319067,-11.426493,-8.19133,-3.9062512,-8.188352
308_right.jpg,308,0,0,0,0,0,0,0,1,-0.41662338,-11.774097,-17.656841,-5.4571176,-13.848029,-5.64231
309_right.jpg,309,1,0,0,0,0,0,0,4,5.4266334,-4.9884176,-11.079704,-10.117754,-7.5377245,-13.457112
310_right.jpg,310,0,0,0,0,0,0,0,4,-0.83627915,-3.3051448,-6.7295403,-8.645134,-9.365373,-12.888895
311_right.jpg,311,0,0,0,1,0,0,0,2,-1.0765538,-3.517517,-9.349497,1.364155,-1.5035162,-6.236781
312_right.jpg,312,1,0,0,0,0,0,0,1,-2.7123504,-11.858919,-12.77715,-3.5554087,-14.709836,-4.4175196
313_right.jpg,313,0,0,0,0,0,0,0,0,-1.4729239,-8.64113,-6.829138,-4.0734906,-7.1982574,-11.210706
314_right.jpg,314,0,0,0,-1,0,0,0,2,0.71291476,-8.687596,-9.988636,0.15897933,-7.5438614,-8.439539
315_right.jpg,315,0,0,0,1,1,0,0,1,-7.108423,-1.738491,-12.518656,5.3265924,-5.59106,-4.3291254
316_right.jpg,316,0,0,0,-1,0,0,0,0,-0.49549252,-2.7842438,-5.0457892,-3.6922848,-3.071689,-11.16231
318_right.jpg,318,0,0,0,0,0,0,0,0,-1.5327232,-7.9928885,-11.0601635,-9.088712,-7.899108,-6.1052923
319_right.jpg,319,0,0,0,1,0,0,0,0,-2.0334992,-6.9454856,-6.6872525,-5.274789,-9.964398,-8.100831
321_right.jpg,321,0,0,0,1,0,0,0,2,-1.896129,-5.4085145,-4.4484496,2.7152596,-6.7048945,-7.617078
323_right.jpg,323,0,0,0,0,1,0,0,0,0.28196183,-8.577526,-9.428465,-4.18405,-0.4197028,-6.6937795
324_right.jpg,324,1,0,0,0,0,0,0,3,-0.11052577,-7.6705384,-10.587254,-10.432855,-14.829669,-3.8879964
325_right.jpg,325,0,0,0,0,0,0,1,3,-1.8864553,-5.630193,-11.846321,-8.2515,-13.709812,-6.0642605
326_right.jpg,326,0,0,0,0,0,0,0,1,-1.4230939,-9.084259,-9.779828,-2.4335327,-8.6417885,-7.2936053
327_right.jpg,327,1,0,0,0,0,0,0,1,1.5651388,-0.46198764,-8.418177,-7.8591948,-0.15697052,-6.80675
329_right.jpg,329,0,0,0,0,0,0,1,0,-1.9906824,-7.8108864,-7.7306337,-7.7538815,-7.8732257,-2.817741
330_right.jpg,330,0,0,0,0,0,0,1,3,-0.85276014,-6.4056506,-7.752595,-7.1795425,-2.4406452,-10.635634
332_right.jpg,332,0,0,0,0,0,0,0,3,-2.48424,-12.395005,-12.530377,-6.088652,-8.732962,-11.298039
333_right.jpg,333,0,0,0,0,0,0,0,3,0.038204502,-5.423434,-8.165305,-5.883814,-11.575588,-9.20063
334_right.jpg,334,0,0,0,1,0,0,0,4,-5.2151155,-5.856543,-8.685927,1.4953561,-8.1090355,-3.2181773
335_right.jpg,335,0,0,0,0,0,0,0,3,-0.79020053,-8.37333,-11.45644,-9.932681,-16.23551,-7.807743
336_right.jpg,336,0,0,0,0,0,0,1,2,-0.8365953,-16.075836,-9.655697,-12.340834,-10.35382,-10.969795
337_right.jpg,337,0,0,0,0,0,0,1,1,-1.9312476,-8.151681,-7.887352,-3.2157962,-5.0612,-10.044453
338_right.jpg,338,1,0,0,0,0,0,0,4,0.27005613,-8.866734,-3.282029,-11.789628,-7.798846,-10.417593
339_right.jpg,339,0,0,0,0,0,0,0,0,-2.6681657,-10.823472,-10.795561,-9.784822,-7.5733747,-7.5243015
340_right.jpg,340,0,0,0,0,0,0,1,2,1.2378006,-9.526079,-10.525963,-7.872528,-8.6123495,-4.721945
341_right.jpg,341,1,0,0,0,0,0,0,3,-0.4894733,-3.0674078,-4.5024,-5.75031,-5.020899,-5.6726494
342_right.jpg,342,1,0,0,0,0,0,0,4,9.414839,-6.590536,-10.016135,-6.066113,-7.570855,-8.345262
343_right.jpg,343,0,0,0,0,0,0,0,2,-4.5004997,-9.398651,-11.853171,0.4422112,-9.254104,-9.503356
344_right.jpg,344,0,0,0,0,0,0,0,2,0.39294678,-3.8476667,-6.7634697,-4.7061973,0.33060157,-7.002413
345_right.jpg,345,0,0,1,0,1,0,0,2,-3.3999274,-7.1693897,-4.373022,-4.322125,-10.131056,-12.1098585
347_right.jpg,347,0,0,0,0,0,0,0,4,-1.5716902,-8.355535,-7.067609,-7.1045084,-9.579767,-4.0437713
348_right.jpg,348,1,0,0,0,0,0,0,2,5.586635,-9.413878,-8.671732,-8.149999,-2.522912,-7.8728175
349_right.jpg,349,0,0,0,0,0,0,0,4,-4.7806907,-3.6887639,-0.65803266,-6.6323485,-8.387424,-8.929521
350_right.jpg,350,0,0,0,0,0,0,1,2,-2.5962007,-7.800447,-5.3230596,-10.238295,-4.512832,-8.60614
351_right.jpg,351,0,0,0,0,0,0,1,4,0.25928777,-5.0077066,-8.83391,-0.23383494,-6.8629646,-10.396748
352_right.jpg,352,0,0,0,0,0,0,0,2,-4.2853146,-4.3564167,-3.8669481,-3.8661284,-8.273125,-8.58035
353_right.jpg,353,0,0,0,0,0,0,0,3,-3.3235254,-7.4332614,-8.230903,-5.9702916,-8.677293,-10.191617
354_right.jpg,354,0,0,1,0,0,0,0,0,-3.8646183,-5.9102836,1.6543792,-8.623206,-8.111352,-10.863368
355_right.jpg,355,0,0,0,0,1,0,0,0,0.45812014,-6.1952357,-9.722528,-10.047913,-4.2780166,-9.189039
356_right.jpg,356,0,0,0,0,0,0,0,2,-2.0424664,-8.019888,-7.959489,-7.235186,-5.227768,-8.253259
357_right.jpg,357,0,0,0,0,0,0,0,0,-3.5218842,-3.6324804,-7.711536,-6.8027134,-6.811429,-6.4850545
358_right.jpg,358,1,0,0,0,0,0,0,4,-0.6519592,-3.4522464,-7.675003,-2.8041062,-10.889749,-12.009721
359_right.jpg,359,0,0,0,1,0,0,0,3,-0.6637275,-8.198773,-9.192322,2.843946,-1.2096196,-9.846581
360_right.jpg,360,1,0,0,0,0,0,0,1,1.445975,-9.829767,-9.77127,-7.8035197,-4.7161274,-10.287583
361_right.jpg,361,1,0,0,0,0,0,0,1,-0.48040655,-9.844867,-11.532151,-8.551243,-6.0635343,-7.4165125
363_right.jpg,363,0,0,0,0,0,0,1,1,-3.4919217,-8.160235,-9.534096,-5.783753,-9.577972,-9.519421
364_right.jpg,364,0,0,0,0,0,0,1,4,-3.877919,-8.81891,-9.803234,-8.2481785,-8.657476,-5.100464
365_right.jpg,365,0,-1,0,0,1,0,0,4,-0.6779657,-4.595858,-8.349101,-4.290165,1.4001894,-12.87509
366_right.jpg,366,0,0,0,0,0,0,1,1,-4.854092,0.8648421,-9.385254,-6.615807,-13.237133,-7.6402526
367_right.jpg,367,1,0,0,0,0,0,0,4,1.0840428,-4.315112,-3.9778106,-3.538972,-6.4508657,-6.5689635
368_right.jpg,368,0,0,0,0,0,0,0,4,-1.5964032,0.4736067,-8.232003,-4.1104574,-5.2910085,-4.8754063
370_right.jpg,370,0,0,0,0,0,0,1,0,-3.4919798,-15.278837,-6.0152307,-8.905744,-10.576315,-11.794464
371_right.jpg,371,0,0,0,-1,0,0,0,1,0.9284704,-5.870145,-10.98887,-4.1647277,-11.307831,-8.546419
373_right.jpg,373,0,0,0,0,0,0,0,0,-1.5860949,-3.9655538,1.2823862,-5.2756176,1.7598994,-8.999682
374_right.jpg,374,0,0,0,0,1,0,0,2,-3.961438,-3.9830678,-7.475207,-5.6104074,-3.2226315,-7.925635
376_right.jpg,376,1,0,0,0,0,0,0,0,0.43080443,-3.6791391,-6.335761,-9.354616,-7.5632534,-8.089299
377_right.jpg,377,0,0,0,1,0,0,0,3,0.9676355,-5.4498014,-8.752938,-1.8739284,-13.58664,-6.982092
378_right.jpg,378,1,0,0,0,0,0,0,3,0.62179434,-5.7189364,-7.223414,-5.2940354,-3.9876785,-7.48509
379_right.jpg,379,0,0,0,0,0,0,1,3,-0.28189197,-8.120691,-9.84197,-6.0144024,-7.030162,-8.908181
380_right.jpg,380,0,0,0,0,0,0,0,0,1.0991613,-9.666885,-9.2999935,-8.56206,-7.271123,-3.8069725
381_right.jpg,381,0,0,0,0,0,0,1,4,-2.355269,-6.348851,-6.6051917,-7.991567,-3.723112,-9.920676
382_right.jpg,382,0,0,0,0,0,1,0,3,-3.8188748,-7.5563297,-13.583365,-1.4397157,-12.69477,1.6602572
383_right.jpg,383,1,0,0,0,0,0,0,2,1.4392458,-9.170171,-5.188178,-8.229779,-4.19401,-8.122074
384_right.jpg,384,0,0,0,-1,0,0,0,1,-3.8914444,-7.720632,-7.548134,-5.197293,-3.8989048,-9.136117
385_right.jpg,385,0,0,0,0,0,0,0,0,-0.7203656,-8.741299,-6.7076483,-9.307005,0.8185477,-3.177209
386_right.jpg,386,1,0,0,0,0,0,0,4,0.15698779,-15.2550335,-12.047708,-9.133567,-12.355413,-13.591698
388_right.jpg,388,0,0,0,0,0,0,0,1,0.48868188,-2.7582812,-1.214554,-8.0814905,-8.231893,-5.591249
389_right.jpg,389,0,0,0,0,0,0,1,2,-0.8098333,-5.3304667,-6.203702,-10.481315,-3.3259366,-5.720856
390_right.jpg,390,0,0,0,0,0,1,0,2,-2.8906257,-4.0684986,-7.456947,-3.811431,-11.006955,5.347983
391_right.jpg,391,1,0,0,0,0,0,0,1,-0.84885424,-2.3955598,-6.0046515,-6.4666605,-5.4370046,-10.418855
392_right.jpg,392,1,0,0,0,0,0,0,2,0.5664872,-9.884663,-8.272325,-7.3552723,-1.1036779,-13.129323
393_right.jpg,393,0,0,0,0,0,0,0,3,1.6189752,-8.478132,-9.756588,-7.539484,-11.120715,-12.132841
394_right.jpg,394,0,0,0,0,0,0,1,3,-0.80561304,-9.520822,-5.742961,-7.1088715,-4.343135,-13.209677
396_right.jpg,396,0,0,0,0,0,0,0,0,-3.9345167,-7.116096,-9.06028,-12.38067,-13.941053,-6.954872
397_right.jpg,397,1,0,0,0,0,0,0,2,1.8673295,-5.6300597,-9.3022785,-8.711693,-7.0470386,-12.341762
398_right.jpg,398,1,0,0,0,0,0,0,4,-0.7593034,-10.822715,-9.779582,-8.2609,-11.949188,-10.024559
399_right.jpg,399,0,0,0,0,0,0,1,2,-2.9229355,-7.206853,-0.15166833,-4.9862623,-4.8455563,-10.808734
400_right.jpg,400,0,0,0,-1,0,0,0,4,-0.8313726,-6.3433065,-7.9398537,-5.760576,-7.2277436,-8.823453
401_right.jpg,401,0,0,0,0,0,1,0,1,-5.747804,-6.9490914,-9.493281,-7.437497,-10.097937,4.4449887
402_right.jpg,402,0,0,0,-1,0,0,0,4,-2.6429489,-6.3667555,-11.92852,-0.25799024,-6.8649807,-9.138942
403_right.jpg,403,0,0,0,0,0,0,1,0,-3.1150293,-5.9409747,-6.2514205,-4.733421,-1.1786855,-7.0953426
404_right.jpg,404,0,0,0,-1,0,0,0,4,-3.3825567,-13.272418,-10.257894,-8.232435,-12.534623,-11.02008
405_right.jpg,405,0,0,0,0,0,0,0,1,-3.540528,-12.614717,-6.702943,-5.923085,-7.793384,-7.5552297
406_right.jpg,406,0,0,0,0,0,0,0,0,-2.847207,-6.4024096,-7.84449,-5.299641,-9.801598,-7.9675045
407_right.jpg,407,1,0,0,-1,0,0,0,0,-2.5098805,-5.4444366,-10.294397,-1.5408407,-5.865396,-6.5877047
408_right.jpg,408,0,0,0,0,0,0,1,0,-1.2418356,-7.0911126,-5.9720197,-9.924872,-0.24993928,-9.66577
410_right.jpg,410,0,0,0,1,0,0,0,4,-7.20788,-9.330512,-15.030242,-4.8752093,-11.324281,-13.588925
411_right.jpg,411,1,0,0,0,0,0,0,4,5.314284,-8.104086,-13.212225,-9.970607,-3.5146167,-6.4150734
412_right.jpg,412,1,0,0,0,0,0,0,3,0.823981,-6.643801,-9.695993,-4.7105455,-4.852216,-4.8546576
413_right.jpg,413,1,0,0,0,1,0,0,0,4.1323028,-9.888573,-7.1771603,-6.6903143,4.106429,-6.3910756
414_right.jpg,414,1,0,0,0,0,0,0,1,3.8262744,-10.329739,-11.814617,-8.275946,-8.941207,-6.7563295
415_right.jpg,415,1,0,0,0,0,0,0,0,3.218283,-4.427678,-7.3397717,-7.6161504,-7.8942556,-7.7631145
416_right.jpg,416,0,0,0,-1,0,0,0,0,-2.099791,-6.6193113,-4.992988,-8.007363,-3.9496732,-7.791003
417_right.jpg,417,0,0,0,0,0,0,1,1,-2.4376566,-4.990518,-7.966113,-10.511278,-8.589547,-8.250851
418_right.jpg,418,0,0,0,0,0,0,1,4,-8.062639,-0.87640184,-7.5253696,-6.351755,-7.6684628,-4.6240773
419_right.jpg,419,0,0,0,1,0,0,0,1,2.1430068,-10.121123,-11.457724,-4.3997226,-5.9529767,-10.785966
420_right.jpg,420,1,0,0,0,0,0,0,1,0.9205631,-7.9235034,-5.760933,-10.400922,2.4137592,-9.029286
421_right.jpg,421,0,0,0,-1,0,0,0,2,-3.2142172,-9.024217,-8.870011,2.9228456,-5.800938,-8.071037
422_right.jpg,422,0,0,0,0,0,0,1,1,-0.8435883,-4.559837,-8.327488,-8.040091,-6.124133,-11.083626
423_right.jpg,423,0,0,0,0,0,0,0,0,0.9618928,-3.3237104,-6.020059,-10.62264,-2.0306752,-7.6636357
424_right.jpg,424,0,0,0,1,0,0,0,4,-4.056008,-5.551482,-7.2595773,2.3559644,-11.839128,-9.422801
425_right.jpg,425,0,0,0,0,0,0,0,1,-1.7110991,-8.280376,-12.032371,-6.160302,-4.954672,-5.010037
427_right.jpg,427,0,0,0,0,0,0,1,3,-1.4490165,-8.2339115,-6.360366,-7.832131,-6.0481596,-12.757335
428_right.jpg,428,1,0,0,0,0,0,0,0,3.86456,-10.25921,-7.46105,-6.871935,-11.565007,-9.002816
430_right.jpg,430,1,0,0,0,0,0,0,3,-2.4209914,-5.833958,-10.706497,-2.7344725,-8.290433,-10.064952
431_right.jpg,431,1,0,0,0,0,0,0,1,-3.2137299,-5.069452,-10.936655,-7.279113,-5.129522,-4.8929973
433_right.jpg,433,0,0,0,0,0,0,1,3,-1.8077285,-7.3574605,-9.780312,-11.623259,-10.169096,-12.332873
434_right.jpg,434,0,0,0,0,0,0,0,4,-1.2725368,-8.890427,-5.580587,-9.140247,-8.079638,-6.444527
435_right.jpg,435,1,0,0,0,0,0,0,3,-2.283781,-9.212155,-11.88937,-7.5051,-5.7350993,-11.832858
436_right.jpg,436,1,0,0,0,0,0,0,0,-2.0541918,-1.8904309,-6.589359,1.3181778,-0.7253479,-6.115607
437_right.jpg,437,1,0,0,0,0,0,0,3,-1.071972,2.1894193,-8.388193,-2.800367,-4.7648168,-7.131122
438_right.jpg,438,0,0,0,0,0,0,1,2,-2.5661361,-7.049699,-6.0682793,-3.5538776,-6.696113,-8.983838
439_right.jpg,439,0,0,0,0,0,0,0,3,0.38450602,-7.575172,-6.947827,-2.4125967,-9.179019,-12.501279
441_right.jpg,441,1,0,0,0,0,0,0,3,2.5711622,-8.54157,-7.464798,-7.2823787,-6.461129,-11.45925
442_right.jpg,442,1,0,0,0,0,0,0,3,-2.9352152,-8.216696,-10.420578,-5.538164,-11.95488,-12.280556
443_right.jpg,443,0,0,0,0,0,0,1,1,-0.79881287,-7.3221316,-7.057367,-8.745794,-9.372327,-11.249114
445_right.jpg,445,1,0,0,0,0,0,0,4,7.114903,-5.7726946,-6.769357,-14.741313,-3.2776856,-10.076927
446_right.jpg,446,1,0,0,0,0,0,0,4,1.7788093,-11.532969,-14.225175,-5.9864902,-7.1308517,-8.3859415
447_right.jpg,447,0,0,0,1,0,0,0,4,1.3485408,-7.4487987,-10.642875,-6.978632,-2.1961355,-11.266373
448_right.jpg,448,1,0,0,0,0,0,0,0,10.767478,-8.112048,-7.880599,-5.8884716,-6.587677,-10.614938
450_right.jpg,450,0,0,0,0,0,0,0,0,-2.6869156,-11.780865,-9.633232,-9.564438,-11.246623,-7.2642117
451_right.jpg,451,1,0,0,0,0,0,0,1,1.4956471,-6.0366473,-8.646039,-5.899277,-7.281922,-9.899425
452_right.jpg,452,1,0,0,0,0,0,0,4,1.3280497,-6.301745,-6.3432455,-9.993755,-5.854024,-12.050483
454_right.jpg,454,0,0,0,0,0,0,0,1,-0.53081286,-7.612502,-9.474864,-2.4366465,-11.413666,-9.486296
455_right.jpg,455,0,0,0,1,0,0,0,1,-11.631237,-6.654883,-5.396504,11.910677,-7.3211207,-11.563189
456_right.jpg,456,0,0,0,0,0,0,1,2,-0.79482937,-6.4121766,-10.295431,-6.9730954,-5.235679,-8.495363
457_right.jpg,457,0,0,0,0,0,0,0,3,-0.77582365,-3.773889,-12.48526,-5.9973307,-11.07391,-8.956334
458_right.jpg,458,0,0,0,0,0,0,1,2,-1.9410222,-1.5770192,-2.6697283,-5.273011,-1.8539729,-7.770062
460_right.jpg,460,0,0,0,0,0,0,0,0,-2.0862448,-7.951863,-0.9641091,-8.438421,-8.89821,-11.265873
461_right.jpg,461,0,0,0,0,0,0,0,3,-0.17437874,-4.1543374,-6.6849394,-0.22648565,-9.230046,-10.001199
462_right.jpg,462,1,0,0,0,0,0,0,1,-2.5942264,-9.490766,-6.7601366,-7.812403,-8.010426,-8.594735
463_right.jpg,463,0,0,0,0,0,0,1,0,-2.61409,-9.187871,-5.440346,-8.048355,-7.8673434,-7.982574
464_right.jpg,464,0,0,0,0,0,0,1,4,-1.6151851,-4.51067,-6.9457397,3.8788335,-6.976703,-9.839713
465_right.jpg,465,0,0,0,-1,0,0,0,2,-5.821536,-4.788212,-7.127612,4.228177,-8.926616,-6.747437
466_right.jpg,466,1,0,0,0,0,0,0,1,12.817324,-9.622922,-7.611346,-10.477765,-10.564697,-10.317414
468_right.jpg,468,0,0,0,0,0,0,0,1,-7.274744,-7.077425,-7.471526,-0.064772144,-11.673352,-6.062061
469_right.jpg,469,1,0,0,0,0,0,0,4,2.9506896,-3.988251,-8.080971,-9.847947,-7.3421693,-11.086724
470_right.jpg,470,0,0,0,0,0,0,1,0,0.30508128,-6.920711,-10.042356,-9.78029,-7.496073,-7.9169765
471_right.jpg,471,0,0,0,0,0,0,0,2,-3.5056474,-6.689396,-3.508454,-4.6843963,-4.7204623,-8.497628
473_right.jpg,473,0,0,0,0,0,0,0,1,-0.35369286,-9.42625,-9.766572,-7.6573133,-2.450515,-5.5738406
475_right.jpg,475,0,0,0,0,0,1,0,3,-6.0718718,-9.707893,-13.693948,-10.228007,-14.68148,-6.6546183
476_right.jpg,476,0,0,0,0,0,0,0,4,-2.5843349,-1.4955908,-10.353195,-7.4792833,-6.0198293,-7.1666193
477_right.jpg,477,0,0,1,0,0,0,0,1,-5.5298004,-5.113019,7.6331253,-6.940836,-7.921695,-4.256949
478_right.jpg,478,0,0,0,0,0,0,1,3,-2.5353339,-7.832874,-4.6495075,-6.848299,-10.629653,-11.073916
479_right.jpg,479,1,0,0,0,0,0,0,4,0.9810102,-4.232002,-6.920517,-9.465743,-10.892908,-6.3022
480_right.jpg,480,0,0,0,0,0,0,0,1,-1.9817349,-8.071796,-3.0904367,-7.6953754,-6.333284,-7.4333334
481_right.jpg,481,0,0,0,0,0,0,1,2,-3.0866442,-8.532367,-9.412438,-8.49042,-11.041623,-7.456279
482_right.jpg,482,0,0,0,0,0,0,1,1,-2.6634738,-9.026504,-4.756264,-7.840449,-7.4988484,-11.554745
483_right.jpg,483,0,0,0,0,0,0,1,2,-1.034428,-9.321515,-5.4495096,-4.832603,-1.0415753,-8.6288
484_right.jpg,484,1,0,0,0,0,0,0,4,-2.0776052,-8.60438,-7.4449124,-10.999343,-9.154367,-13.035683
485_right.jpg,485,1,0,0,0,0,0,0,2,-0.29504788,-8.6310005,-10.704359,-9.203713,-7.959841,-10.282915
486_right.jpg,486,0,0,0,0,0,0,1,4,-0.24481395,-7.9291525,-6.3799014,-7.244481,-5.5257688,-11.301835
487_right.jpg,487,0,0,0,0,0,0,0,3,1.7961277,-8.545162,-12.210145,-7.4041023,-13.90093,-13.301279
488_right.jpg,488,0,0,0,0,0,0,0,3,-3.4820957,-6.289642,-8.801271,-9.144552,-10.115585,-8.361032
489_right.jpg,489,1,0,0,0,0,0,0,2,-0.38726667,-7.939319,-5.773757,-7.2613583,-4.0394726,-8.624282
491_right.jpg,491,1,0,0,0,0,0,0,1,-1.8832808,-9.940151,-11.010779,-7.049979,-10.370496,-9.139078
492_right.jpg,492,1,0,0,0,0,0,0,3,0.4978046,-7.302952,-7.6121573,-4.8004827,-5.3005953,-9.043029
494_right.jpg,494,1,0,0,0,0,0,0,4,2.1899107,-7.2967124,0.93607754,-6.862047,-10.158096,-5.324674
495_right.jpg,495,1,0,0,0,0,0,0,2,-1.2556818,-7.830995,-10.08197,-9.005827,-6.223732,-11.135755
496_right.jpg,496,0,0,0,0,0,0,0,2,0.013784713,-8.28784,-10.670733,-5.8029404,-14.264196,-8.371204
497_right.jpg,497,1,0,0,0,0,0,0,3,10.99885,-11.272151,-11.884351,-9.462946,-11.6507225,-10.10478
498_right.jpg,498,1,0,0,0,0,0,0,0,-1.8938732,-8.328799,-7.756534,-5.300493,-4.4261513,-10.081903
499_right.jpg,499,1,0,0,0,1,0,0,0,-0.16386995,-6.996072,-7.5102882,-10.561953,-4.250993,-11.09466
500_right.jpg,500,0,0,0,0,0,0,1,2,1.4427063,-7.9088745,-6.1165023,-8.483285,-9.909207,-3.3469024
501_right.jpg,501,0,0,0,0,0,0,1,2,-3.6447282,-4.65859,-1.879034,-5.0595856,-4.4262323,-11.403747
502_right.jpg,502,0,0,0,-1,0,0,0,1,-5.095874,-5.5871854,-10.509155,-4.154679,-7.1809154,-11.319171
503_right.jpg,503,0,0,0,0,0,0,1,2,-1.4526845,-14.406379,-9.339608,-2.0109825,-6.9403234,-8.074917
504_right.jpg,504,0,0,0,0,0,1,0,0,-7.192196,-11.033693,-9.474225,-5.3345103,-11.922439,10.395348
506_right.jpg,506,1,0,0,0,0,0,0,2,1.9054012,-6.931262,-8.013632,-4.796304,-2.2401397,-7.714573
507_right.jpg,507,1,0,0,0,0,0,0,3,3.4204884,-1.5555141,-2.1217299,-3.4074285,0.03872831,-10.481863
508_right.jpg,508,0,0,0,0,0,0,1,3,0.24325745,-9.561976,-8.389089,-5.9626975,-11.3426485,-11.936756
509_right.jpg,509,0,0,0,0,0,0,0,1,-1.8111413,-5.789312,-3.098896,-2.083256,-8.612964,-6.5245886
510_right.jpg,510,0,0,0,0,0,0,0,3,-4.8707056,0.55895835,-5.6387153,-11.300637,-7.449407,-7.99752
511_right.jpg,511,0,0,0,0,0,0,0,2,-2.7443964,-4.2221556,-5.917712,-3.2820704,0.53312045,-9.2910595
512_right.jpg,512,0,0,0,0,0,0,1,0,-1.0241824,-10.637648,-8.223118,-5.9664493,-11.261069,-5.4597597
513_right.jpg,513,0,0,0,1,0,0,0,4,1.3265443,-7.2504487,-11.451958,-2.0142858,-1.5507152,-15.337369
514_right.jpg,514,0,0,0,1,0,0,0,2,-2.9228184,-7.6532016,-9.244703,-2.4121752,-9.330089,-9.261805
515_right.jpg,515,0,0,0,0,0,0,0,1,-3.8421614,-9.378314,-3.787433,0.14123662,-4.89844,-9.971486
516_right.jpg,516,1,0,0,0,0,0,0,3,2.18061,-10.078044,-11.0091305,-10.665883,-6.8969326,-8.858058
517_right.jpg,517,0,0,0,-1,0,0,0,2,-2.4206684,-7.3549848,-8.87748,-3.2018492,-8.809704,-9.760173
518_right.jpg,518,1,0,0,0,0,0,0,2,-1.6565689,-10.051349,-9.128716,-6.902324,-8.626063,-10.577368
519_right.jpg,519,1,0,0,0,0,0,0,3,8.443542,-7.5638814,-11.1455555,-7.8102403,-12.870226,-8.005385
520_right.jpg,520,0,0,0,-1,0,0,0,4,-0.74058867,-4.542347,-8.855967,-10.495713,-3.4224277,-10.717301
521_right.jpg,521,0,0,0,0,0,0,0,4,-1.0889266,-4.9975233,-10.420601,-7.9242115,-8.408526,-13.129728
522_right.jpg,522,1,0,0,0,0,0,0,2,-1.7781624,-5.1396317,-12.131966,-13.145941,-6.8599186,-8.983408
523_right.jpg,523,0,0,0,0,0,0,0,0,-1.0247808,-7.9347425,-8.995275,-4.798833,-13.521551,-8.80873
524_right.jpg,524,0,0,0,0,0,0,0,0,0.41055682,-7.0142903,-7.0339546,-9.782028,-2.5918307,-6.180632
525_right.jpg,525,0,0,0,0,0,1,0,0,-6.1249595,-6.975557,-7.2059417,-5.3922124,-8.215693,7.0200667
526_right.jpg,526,0,0,0,0,0,0,0,0,-2.1808064,-3.6765928,-7.774869,-6.3436384,-6.0361834,-7.898855
527_right.jpg,527,0,0,0,0,0,0,1,1,1.3470746,-9.648583,-8.490487,-11.636096,-1.8648927,-6.6098633
528_right.jpg,528,0,0,0,0,0,0,0,1,-2.7677495,-2.3608577,-7.0626903,-10.278534,-3.6854978,-7.724664
530_right.jpg,530,0,0,0,0,0,0,1,3,-2.236923,-2.5139523,-8.397692,-4.345922,-0.99083644,-5.93238
531_right.jpg,531,0,0,0,0,0,0,0,3,2.3975506,-11.17699,-7.6713343,-5.2352643,-7.5080843,-11.804615
532_right.jpg,532,0,0,0,1,0,0,0,0,-6.367866,-6.6843386,-7.348991,-1.0882329,-7.046774,-10.385584
533_right.jpg,533,1,0,0,0,0,0,0,3,8.267012,-4.2238283,-10.406079,-8.714518,-11.311469,-5.5271235
534_right.jpg,534,0,0,0,0,0,0,1,0,-0.9113396,-7.55988,-7.0485744,-8.64813,-10.421183,-6.007126
535_right.jpg,535,1,0,0,0,0,0,0,0,-1.5766371,-10.298416,-11.652122,-9.679991,-4.7877116,-7.6981516
537_right.jpg,537,1,0,0,0,0,0,0,1,0.868314,-4.4855313,-11.49399,-8.332214,-6.6453953,-10.942244
538_right.jpg,538,1,0,0,-1,0,0,0,3,4.6628423,-1.3705113,-8.858452,-2.0830412,-11.558338,-9.978537
540_right.jpg,540,1,0,0,1,0,0,0,4,3.046953,-4.4792275,-11.143428,3.0543716,-9.000778,-7.473243
542_right.jpg,542,0,0,0,0,0,0,0,4,-1.335711,-6.6831203,-8.770606,5.067769,-5.9720845,-11.8061905
543_right.jpg,543,0,0,0,0,1,0,0,4,-5.3919497,-7.674537,-6.249915,-6.0531454,-3.7596505,-13.618383
544_right.jpg,544,1,0,0,0,0,0,0,3,-4.1606107,-7.0295568,-8.870667,-5.5800233,-9.471982,-10.332386
545_right.jpg,545,0,0,0,0,0,0,1,2,-6.1199846,-3.5632327,-8.398713,-7.6894073,-5.8264894,-8.404527
546_right.jpg,546,1,0,0,0,0,0,0,0,-3.4344516,-6.856605,-11.848098,-8.844931,-12.572718,-10.433537
547_right.jpg,547,0,0,0,1,0,0,0,1,-2.1513917,-6.9223843,-9.391145,1.0301249,-6.205127,-5.191796
548_right.jpg,548,0,0,0,0,0,0,1,3,-2.504343,-12.42142,-6.2162023,-2.839361,-5.620289,-11.404279
549_right.jpg,549,0,0,0,0,0,0,1,1,-5.2120166,-5.099068,-10.274466,-7.698934,-10.179077,-7.2407055
550_right.jpg,550,1,0,0,0,0,0,0,4,6.922368,-7.1799974,-8.213215,-7.2363744,-1.5488404,-8.568032
551_right.jpg,551,1,0,0,0,0,0,0,4,7.2105474,-10.417012,-11.996066,-11.195247,-6.3173995,-11.959864
552_right.jpg,552,0,0,0,0,0,0,1,2,3.4425995,-8.59246,-8.244441,-7.5199137,-1.1640831,-5.989665
553_right.jpg,553,0,0,1,0,0,0,0,4,-3.9628558,-2.8279781,0.7503714,-9.576164,-7.664404,-10.603985
554_right.jpg,554,0,0,0,0,0,0,0,3,-6.2799683,-2.3772256,-10.035861,-7.3864903,-9.351198,-12.027492
555_right.jpg,555,0,0,0,0,0,0,1,1,-5.596995,-8.33326,-9.7997055,3.7529035,-3.7630754,-9.980013
556_right.jpg,556,1,0,0,0,0,0,0,1,1.6066144,-3.5276747,-7.1073046,-13.301076,-1.9462509,-7.9747214
557_right.jpg,557,1,0,0,0,0,0,0,1,-1.8716602,-6.7269316,-9.88576,-6.7061324,-3.698998,-8.466639
558_right.jpg,558,0,0,0,-1,0,0,0,3,-0.22848423,-12.906368,-4.185773,-1.8694178,-10.962202,-9.592755
559_right.jpg,559,0,0,0,0,0,0,0,4,-7.395721,-6.5730567,-10.167291,0.22155194,-13.069075,-11.18662
560_right.jpg,560,0,0,1,0,0,0,0,0,-5.055105,-7.80027,3.9069495,-7.203198,-7.385527,-7.0791683
561_right.jpg,561,0,0,0,0,1,0,0,2,-2.761569,-9.2607565,-8.289256,-6.20975,-1.7022659,-7.6954994
562_right.jpg,562,1,0,0,0,0,0,0,2,0.9921317,-4.709755,-5.791815,-5.46525,5.063639,-8.3578825
563_right.jpg,563,1,0,0,0,0,0,0,0,-2.218853,-8.161315,-8.88071,-5.572814,-6.6932144,-10.170658
564_right.jpg,564,0,0,0,1,0,0,0,2,0.31742555,-9.742506,-11.867413,-3.157482,-10.81166,-8.557584
565_right.jpg,565,0,0,0,1,0,0,0,0,-5.8746285,-5.211555,-11.194914,4.7681046,-11.873603,-7.560506
566_right.jpg,566,1,0,0,-1,0,0,0,2,-2.055695,-3.9116685,-7.9685984,1.4404737,-8.379378,-7.2070775
567_right.jpg,567,0,0,0,0,0,1,0,0,-4.2212496,-6.602049,-6.2725987,-5.5969076,-5.86403,-0.9437418
569_right.jpg,569,1,0,0,0,0,0,0,3,2.7992194,-5.2345576,-10.598556,-4.4385996,-2.191591,-4.8051004
570_right.jpg,570,0,0,0,0,0,0,0,1,-2.793181,-6.8184185,-5.4417987,-2.2528505,-9.263387,-6.170677
571_right.jpg,571,1,0,0,0,1,0,0,1,1.9270015,-7.27057,-7.8693795,-11.308749,3.084847,-7.8319764
572_right.jpg,572,0,0,0,1,0,0,0,0,-4.12925,-1.277269,-3.5025325,-8.517774,-6.737102,-4.8826523
573_right.jpg,573,0,0,0,0,0,0,0,4,-4.650693,-12.766794,-12.524927,-5.9212813,-10.719392,-12.775621
574_right.jpg,574,1,0,0,0,0,0,0,1,0.6173512,-10.995652,-8.428114,-7.3473206,-10.904203,-0.60340506
575_right.jpg,575,0,0,0,0,0,0,0,1,-1.5744652,-5.5112567,-6.7314734,-1.4608003,-6.7705083,-9.100087
576_right.jpg,576,1,0,0,0,0,0,0,3,3.2965724,-5.2245255,-6.189559,-8.802829,-8.592881,-11.318218
578_right.jpg,578,1,0,0,0,0,0,0,2,-0.7911149,-8.081594,-8.772407,-9.019354,-7.8323445,-7.716682
579_right.jpg,579,1,0,0,0,0,0,0,3,2.8276174,-8.50262,-10.995237,-10.932412,-5.4616895,-12.914736
580_right.jpg,580,0,0,0,0,0,0,0,3,-1.1486607,-14.871368,-7.323943,-6.3519797,-5.322062,-10.044477
582_right.jpg,582,1,0,0,0,0,0,0,4,5.464961,-7.5380926,-9.909356,-7.0122466,-1.2001927,-8.3427925
583_right.jpg,583,0,1,0,0,0,0,0,3,-1.9275737,-5.4802237,-5.5035367,-10.494051,-9.644674,-12.68859
584_right.jpg,584,0,0,0,0,0,0,1,4,-0.54431957,-13.441151,-8.391294,-9.451122,-5.8042016,-10.824829
585_right.jpg,585,0,0,0,0,0,0,0,4,-5.142253,-8.23419,-1.3155357,-7.951996,-8.085999,-7.456375
587_right.jpg,587,0,0,0,0,0,0,1,2,-1.9012785,-5.310726,-8.425896,-6.1335835,-5.285512,-6.685229
589_right.jpg,589,0,0,0,0,0,0,0,1,-1.9232426,-9.540033,-9.68679,-8.859223,-12.669096,-10.191033
590_right.jpg,590,0,0,0,0,0,0,0,2,-2.3429878,-8.398901,-14.7185955,-7.6143165,-9.195047,-9.814837
591_right.jpg,591,0,0,0,0,0,0,0,4,-1.9862589,-2.6687021,-10.777509,-5.0372233,-5.5014076,-10.74651
592_right.jpg,592,1,0,0,0,0,0,0,2,5.4187994,-5.0543647,-8.584227,-5.113657,-0.94783604,-10.14271
593_right.jpg,593,1,0,0,0,0,0,0,0,5.3358545,-10.006874,-8.786373,-7.558535,-3.3602185,-9.64075
594_right.jpg,594,1,0,0,0,0,0,0,3,-1.0755506,-3.4642646,-6.333859,-3.47585,-7.793117,-9.251412
596_right.jpg,596,1,0,0,0,0,0,0,3,-0.33628362,-6.2628365,-7.7615047,-0.29460877,-3.5204506,-7.4388103
597_right.jpg,597,1,0,0,0,0,0,0,4,-0.55806106,-6.957477,-8.107958,-7.427304,-7.531505,-9.449012
598_right.jpg,598,0,0,0,0,0,0,1,4,-2.736252,-5.9128475,-9.15716,-1.9565396,-5.59901,-11.761958
599_right.jpg,599,0,0,0,0,0,0,0,2,-3.284287,-1.9659195,-9.279832,-0.8050353,-5.8492618,-10.05241
601_right.jpg,601,1,0,0,0,0,0,0,3,-1.4211676,-2.501181,-9.713258,-3.4891887,-4.1320972,-9.591211
602_right.jpg,602,0,0,0,0,0,0,1,2,-1.4919138,-2.69147,-7.1941004,-6.491936,-7.447024,-8.901858
603_right.jpg,603,0,0,0,1,0,0,0,3,-0.095930494,-5.645516,-9.866413,-5.5440736,-8.352896,-10.276836
604_right.jpg,604,1,0,0,0,0,0,0,0,7.858797,-3.6479375,-6.416539,-5.243639,-6.6248775,-6.2393217
605_right.jpg,605,1,0,0,0,1,0,0,2,2.332606,-11.058709,-10.717001,-8.374554,4.3072886,-9.917737
607_right.jpg,607,1,0,0,0,0,0,0,2,3.2396884,-5.2969685,-7.9591584,-7.423438,-5.851512,-13.7541275
608_right.jpg,608,0,0,0,1,0,0,0,2,-0.7792267,-5.9504952,-7.9493694,1.4747174,-2.910221,-8.176766
609_right.jpg,609,1,0,0,0,0,0,0,3,6.2835026,-6.9532013,-9.012376,-6.7542424,-11.7993965,-6.809605
610_right.jpg,610,0,0,0,1,0,0,0,3,-7.3222733,-6.9912043,-8.131785,-0.08350664,-6.882439,-12.523066
611_right.jpg,611,0,0,0,0,0,0,0,2,-3.2156115,-10.2937355,-7.3579392,-3.4583416,-11.092402,-10.494678
612_right.jpg,612,1,0,0,0,0,0,0,2,11.456677,-5.278814,-9.7178,-6.114044,-7.75439,-7.559923
613_right.jpg,613,0,0,0,0,0,0,1,4,-2.8984377,-2.3688858,-8.926371,-9.749508,-7.1116943,-11.820869
614_right.jpg,614,0,0,0,0,0,0,1,3,-4.4696198,-3.551114,-5.325265,-5.824056,-8.854594,-9.068048
615_right.jpg,615,0,0,0,1,0,0,0,1,-0.047287345,-12.866494,-12.011436,-2.5865612,-11.699837,-11.39575
616_right.jpg,616,1,0,0,0,0,0,0,4,-0.7096879,-5.4022036,-8.310373,-6.2650027,-7.591733,-5.6842585
617_right.jpg,617,0,0,0,-1,0,0,0,1,0.9378933,-9.176834,-9.817032,-1.5395323,-4.433699,-11.778093
618_right.jpg,618,0,0,0,0,0,0,1,1,-0.17563356,-9.489675,-8.118323,-7.855498,-3.2328534,-8.699512
619_right.jpg,619,1,0,0,0,0,0,0,2,-2.880271,-7.4229984,-8.119453,0.3320833,1.459377,-5.797377
621_right.jpg,621,1,0,0,0,0,0,0,0,-0.26610395,-8.915195,-10.710668,-8.238333,-7.455121,-12.055723
622_right.jpg,622,1,0,0,0,0,0,0,3,-1.1988665,-11.741446,-3.0985663,-8.4310465,-9.049387,-10.981499
623_right.jpg,623,0,0,0,0,0,0,1,4,-4.8598,-7.8031406,-6.758225,-6.441569,-2.9559112,-8.964481
624_right.jpg,624,0,0,0,-1,0,0,0,1,-2.280283,-9.211282,-8.177035,-8.202699,-6.6160426,-9.4959545
625_right.jpg,625,0,0,1,0,0,0,0,4,1.3939377,-6.809173,-4.8962703,-7.989234,-8.513395,-7.317535
627_right.jpg,627,1,0,0,0,0,0,0,1,-3.060138,-5.263503,-9.613211,-6.0147147,-11.083198,-9.849273
628_right.jpg,628,0,0,0,0,0,0,1,3,-4.3744264,-7.3517327,-8.483134,-0.7781765,-9.027697,-13.880338
629_right.jpg,629,0,0,0,0,0,0,0,3,-2.8048964,-3.1164293,-6.8712316,-3.7644384,-8.086213,-10.52593
630_right.jpg,630,1,0,0,0,0,0,0,3,-1.7235594,-6.0899773,-8.699023,-2.162888,-3.0492308,-9.490275
632_right.jpg,632,1,0,0,0,0,0,0,0,1.6113703,-8.647029,-7.4765553,-6.9161777,-8.9963455,-6.688265
634_right.jpg,634,1,0,0,0,0,0,0,1,4.216771,-5.192863,-7.9435945,-13.781269,-6.1239142,-8.743467
635_right.jpg,635,0,0,0,0,0,0,0,3,-6.498718,-5.6963634,-1.1677004,-4.8196507,-7.1418753,-8.3117
636_right.jpg,636,0,0,0,-1,0,0,0,4,-5.7822876,-7.61064,-9.05268,-10.402993,-13.20804,-12.870236
638_right.jpg,638,0,0,0,0,0,0,1,1,0.9571799,-8.847068,-6.842956,-9.964665,-7.073369,-7.926067
639_right.jpg,639,0,0,0,-1,0,0,0,4,2.8016524,-6.297643,-9.727126,-4.696954,-11.364859,-12.861492
640_right.jpg,640,0,0,0,0,0,0,0,1,-1.6089923,-7.112609,-0.5164617,-10.817059,-6.785942,-10.59687
641_right.jpg,641,0,0,0,0,0,0,0,2,-5.006055,-4.135848,-7.5260315,-0.599653,-12.247418,-7.6736884
642_right.jpg,642,1,0,0,0,0,0,0,3,0.44943294,-9.582253,-8.659676,-7.0443087,-0.48892954,-7.139946
643_right.jpg,643,0,0,0,0,0,0,0,3,-0.23058192,-6.4642453,-10.534756,-5.468224,-3.6025157,-7.4588675
644_right.jpg,644,0,0,0,0,0,0,0,2,-1.479599,-8.28062,0.58395857,-6.1804724,-4.4713264,-7.3494015
645_right.jpg,645,1,0,0,0,0,0,0,2,-1.6442422,-1.9564841,-8.258474,-4.648866,-6.174071,-10.073822
646_right.jpg,646,0,0,0,0,0,0,0,3,1.0081942,-13.000463,-8.127276,-10.103893,-11.398648,-9.994363
647_right.jpg,647,1,0,0,0,0,0,0,0,5.4011865,-6.8538404,-11.350056,-3.8915412,-11.46299,-10.834503
648_right.jpg,648,0,0,0,0,0,0,1,2,-0.9025425,-12.068934,-10.441714,-4.548149,-2.223899,-6.831069
649_right.jpg,649,1,0,0,0,0,0,0,3,-0.37235478,-8.627665,-3.921226,-8.018526,-9.696558,-8.353411
650_right.jpg,650,0,0,0,0,0,0,0,2,-2.683648,-5.7263703,-4.412443,-8.91341,-2.9034016,-7.325927
652_right.jpg,652,0,0,0,0,0,0,1,4,0.7245135,-10.044243,-8.01952,-4.192914,-9.904809,-9.175147
653_right.jpg,653,0,0,0,0,0,0,1,1,-2.5227602,-5.4515743,-10.438763,-4.269171,-7.6500487,-3.8863149
654_right.jpg,654,1,0,0,0,0,0,0,0,3.727716,-5.027884,-7.4950976,-4.2916937,-4.993748,-9.015385
655_right.jpg,655,0,0,0,0,0,0,1,3,-0.106714875,-9.908966,-6.4797482,-6.730476,-12.523082,-9.945454
657_right.jpg,657,0,0,0,0,0,0,0,1,0.5601236,-7.1243267,-5.7717476,-7.200527,-5.200359,-7.604903
660_right.jpg,660,0,0,0,0,0,0,0,2,-0.2572309,-2.4334729,-7.6496167,-6.5289536,-7.236087,-11.860067
661_right.jpg,661,0,0,0,-1,0,0,0,4,-3.810754,-10.013859,-10.917198,4.638848,-10.903561,-12.122767
662_right.jpg,662,0,0,0,1,0,0,0,4,2.8488503,-10.07359,-13.437455,-5.106655,-8.989922,-8.229398
664_right.jpg,664,0,0,0,-1,0,0,0,1,-1.980194,-9.020087,-7.48672,-5.1898074,-3.7918653,-10.00075
665_right.jpg,665,0,0,0,0,0,0,0,3,-5.7018166,-6.4295983,-6.4258943,-3.3026738,-6.5512514,-10.983896
666_right.jpg,666,1,0,0,0,0,0,0,3,-2.152022,-6.5343466,-5.061556,-5.2571874,-4.131586,-12.075779
667_right.jpg,667,1,0,0,0,0,0,0,4,-0.4046416,-1.7235639,-1.7595853,-9.141705,1.034127,-10.019021
668_right.jpg,668,1,0,0,0,0,0,0,0,6.9828763,-11.8431635,-11.303708,-10.377642,-8.837464,-8.704224
669_right.jpg,669,0,0,0,0,0,0,1,3,0.8942469,-7.4975553,-10.00258,-8.919026,-6.16465,-9.540404
672_right.jpg,672,1,0,0,0,0,0,0,3,0.7359231,-9.668196,-7.252775,-4.1034317,-0.73473674,-6.8670745
674_right.jpg,674,0,0,0,-1,0,0,0,0,-3.7174735,-6.206158,-7.517167,-3.9783,-7.2105036,-8.7503605
675_right.jpg,675,0,0,0,0,1,0,0,1,-0.89049405,-5.673469,-9.183551,-9.05787,-5.08178,-4.360844
676_right.jpg,676,1,0,0,0,0,0,0,4,3.7633986,-6.6877885,-3.633111,-5.5668902,-3.4886854,-10.544028
677_right.jpg,677,0,0,0,0,0,0,1,2,-1.2921706,-6.6950197,-10.391945,-9.660835,-9.05395,-7.185752
678_right.jpg,678,1,0,0,0,0,0,0,3,5.650728,-8.659553,-8.713701,-6.976843,1.4997294,-7.3114724
679_right.jpg,679,0,0,0,0,0,0,1,3,-1.3930492,-6.176596,-4.9404216,-8.659266,-14.213019,-11.09526
680_right.jpg,680,0,0,0,0,0,0,1,1,-6.4201436,-1.9889184,-7.7882113,-4.9015017,-10.247815,-10.933146
681_right.jpg,681,0,0,0,1,0,0,0,3,-3.0571308,-12.028025,-10.638057,-7.3965287,-6.0579305,-11.286758
682_right.jpg,682,1,0,0,0,0,0,0,1,-2.47427,-5.928426,-9.587247,-7.718678,-3.271447,-6.657396
684_right.jpg,684,1,0,0,0,0,0,0,4,6.2093277,-9.128667,-7.7848773,-6.9017196,-7.101231,-9.104872
685_right.jpg,685,0,0,0,0,0,0,1,4,-2.4715807,-3.6735075,-9.148432,-13.486086,-5.3153715,-12.127561
686_right.jpg,686,0,0,0,0,1,0,0,0,-1.7159171,-8.87227,-7.831458,-8.391673,-1.3584676,-6.138358
687_right.jpg,687,1,0,0,0,0,0,0,1,8.706668,-7.370502,-12.707813,-11.206201,-8.206296,-6.4831133
688_right.jpg,688,1,0,0,0,0,0,0,0,1.67205,-6.374041,-7.283987,-5.06081,-1.905591,-8.148493
689_right.jpg,689,0,0,0,0,0,0,1,4,-1.8825277,-5.8101697,-7.1429,-11.193977,-8.296597,-9.801633
690_right.jpg,690,1,0,0,0,0,0,0,0,1.4571309,-11.187431,-8.539527,0.20980047,-10.919138,-8.224061
691_right.jpg,691,1,0,0,0,0,0,0,0,-2.4138699,-6.852558,-1.9806935,-4.970538,-7.0567293,-7.684203
692_right.jpg,692,1,0,0,0,0,0,0,1,7.170108,-3.415014,-8.479606,-3.6400743,-7.807754,-7.6251035
693_right.jpg,693,0,0,0,0,0,0,1,3,-4.725111,-6.2113266,-4.535858,-7.8128247,-6.9685497,-8.96594
694_right.jpg,694,0,0,0,0,0,0,1,4,-2.1251736,-2.9043732,-6.1791725,-6.394721,-5.5661545,-11.440152
695_right.jpg,695,0,0,0,0,0,0,1,3,0.61000437,-12.319588,-7.2286134,-7.1856914,-2.272295,-10.770108
696_right.jpg,696,0,0,0,0,0,0,1,2,-0.034783117,-6.6212187,-9.08939,-3.9293807,-6.419207,-10.5545435
697_right.jpg,697,1,0,0,0,0,0,0,1,-1.4418578,-8.440509,-9.805164,-7.280611,-3.478272,-5.0999413
698_right.jpg,698,0,0,0,0,0,1,0,2,-0.9423621,-5.405173,-0.537716,-3.5551786,-6.688286,-1.1046864
699_right.jpg,699,1,0,0,0,0,0,0,4,3.85634,-7.6663904,-9.006718,-6.3103046,-9.444743,-8.271899
700_right.jpg,700,0,0,0,-1,0,0,0,3,-3.618349,-6.6062355,-3.3043108,-5.896881,-6.766154,-10.375149
701_right.jpg,701,1,0,0,0,0,0,0,4,2.8526034,-7.175078,-4.484271,-7.031414,-7.0478506,-9.060632
702_right.jpg,702,0,0,0,0,0,0,0,1,-3.1046977,-7.9796324,-10.607098,-9.079886,-12.188552,-8.334837
703_right.jpg,703,1,0,0,0,0,0,0,1,6.2693596,-9.998158,-5.5706306,-7.6351557,-5.729461,-8.865885
704_right.jpg,704,0,0,0,0,0,0,1,0,0.2210582,-7.058992,-6.643177,-9.424124,-8.228833,-8.205397
705_right.jpg,705,0,0,0,0,0,0,1,1,-4.982379,-9.11774,-9.772663,-6.8400445,-9.1297865,-3.287125
707_right.jpg,707,1,0,0,0,0,0,0,3,2.1425147,-3.4670517,-7.7174063,-7.41476,-8.376268,-7.884491
708_right.jpg,708,1,0,0,0,0,0,0,1,2.7450442,-6.9763446,-6.196445,-5.3664727,0.28002238,-8.006161
709_right.jpg,709,1,0,0,0,0,0,0,3,1.4947042,-1.9071449,-7.575567,-6.177217,-6.729813,-6.795943
710_right.jpg,710,0,0,0,0,0,0,0,3,-0.20919698,-11.242619,-11.98843,-6.1969337,-8.345444,-10.118835
711_right.jpg,711,0,0,0,-1,0,0,0,0,-8.126078,-8.638323,-8.048415,-7.6842513,-14.269857,-10.602238
712_right.jpg,712,1,0,0,0,0,0,0,2,0.08420385,-14.489802,-11.054133,-9.409143,-12.080948,-8.733363
713_right.jpg,713,1,0,0,0,0,0,0,1,-0.017631222,-9.5715,-13.036908,-5.4653378,-7.4757648,-6.0967336
714_right.jpg,714,1,0,0,0,0,0,0,3,4.218855,-0.3374415,-6.927721,-4.732086,-3.213782,-8.313188
715_right.jpg,715,0,0,0,0,0,0,1,4,-2.6782494,-8.960356,-12.094203,-8.502318,-5.8889976,-13.152183
717_right.jpg,717,0,0,0,0,0,0,1,0,-0.6839788,-7.094019,-5.1337194,-8.369841,-5.3468294,-13.298736
718_right.jpg,718,1,0,0,0,0,0,0,2,6.7751403,-8.39506,-8.457678,-4.988274,-6.1705413,-11.6966305
719_right.jpg,719,0,0,0,1,0,0,0,3,-4.3848114,-8.458352,-9.639616,2.645687,-10.62093,-14.847808
720_right.jpg,720,0,0,0,0,1,0,0,0,-1.4778012,-7.2825837,-7.4705076,-4.6102114,0.29579076,-6.8046093
722_right.jpg,722,0,0,0,0,0,1,0,1,-3.497926,-6.1928616,-7.060874,-3.7562103,-12.349405,3.9957013
723_right.jpg,723,0,0,0,0,1,0,0,2,3.046201,-8.526775,-6.671919,-8.132346,0.54984075,-8.9781475
724_right.jpg,724,0,0,0,0,0,0,0,2,-2.290006,-9.631626,-11.628091,2.325363,-17.152494,-8.002092
725_right.jpg,725,0,0,0,-1,0,0,0,0,-1.810543,-2.8892949,-7.4488883,-5.4003296,-2.4335303,-7.963529
726_right.jpg,726,0,0,1,0,0,0,0,4,-4.130466,-7.0064993,5.808067,-13.252658,-6.236413,-8.559843
727_right.jpg,727,0,0,0,-1,0,0,0,3,-2.8488142,-8.470437,-11.887493,0.6469446,-10.990172,-12.954085
728_right.jpg,728,0,0,0,0,0,0,1,4,-2.2299974,-5.347962,-9.466445,-8.684209,-10.753027,-15.035992
730_right.jpg,730,1,0,0,0,0,0,0,2,0.92673755,-6.643535,-4.874866,-8.030647,-8.430578,-9.3836155
731_right.jpg,731,0,0,0,0,0,0,0,4,-2.5983937,-5.763296,-3.2653608,-9.822633,-4.535162,-6.7333903
732_right.jpg,732,0,0,0,0,0,0,0,2,1.0311675,-3.359816,-7.865275,-9.067513,-3.7187293,-11.428704
733_right.jpg,733,1,0,0,0,0,0,0,3,4.315001,-6.285456,-7.191575,-6.9335456,-8.815735,-8.124314
735_right.jpg,735,1,0,0,0,0,0,0,2,-3.455127,-5.9796376,-4.9672194,-6.763176,-4.232378,-9.480446
737_right.jpg,737,0,0,0,0,0,1,0,2,-4.9867306,-7.7346277,-10.096327,-3.739689,-13.994302,9.52242
738_right.jpg,738,0,0,0,0,0,0,1,4,-2.0949476,-9.878177,-7.697778,-7.415825,-5.3012214,-10.051477
739_right.jpg,739,0,0,0,-1,0,0,0,4,-0.11998322,-7.0145636,-11.32477,-7.2597127,-10.32753,-12.204977
740_right.jpg,740,1,0,0,0,0,0,0,3,0.10011922,-7.8370056,-9.192162,-11.017203,-12.2398615,-9.518121
741_right.jpg,741,0,0,0,0,0,0,1,1,-2.7370281,-8.568873,-8.495729,-5.7572556,-9.423641,-2.013527
742_right.jpg,742,0,0,0,0,0,0,1,1,-2.0908396,-2.8372216,-8.898627,-6.1496463,-3.4681938,-7.4431963
743_right.jpg,743,0,0,0,0,0,0,0,2,-2.2921624,-6.3893256,-11.530249,-10.771812,-1.3270259,-9.865271
744_right.jpg,744,1,0,0,0,0,0,0,2,5.311246,-10.479889,-6.9583035,-4.6677723,-4.5378375,-10.51523
745_right.jpg,745,0,0,0,0,0,0,0,0,-1.0741593,-6.983861,-9.018073,-6.94634,-5.1361732,-7.458517
746_right.jpg,746,-1,-1,0,0,0,0,0,4,-3.8832796,-0.13352785,-7.290522,-3.1271312,-2.0151644,-8.6231575
747_right.jpg,747,0,0,0,0,0,0,0,1,-0.40593278,-10.581629,-7.0230446,-8.267161,-5.2208614,-6.984681
748_right.jpg,748,1,0,0,0,0,0,0,3,-1.4263847,-12.055683,-8.003186,-5.3865213,-1.9609504,-9.323251
749_right.jpg,749,0,0,0,0,0,0,1,2,-1.6480426,-6.9770365,-7.0146403,-4.0712852,-7.2510376,-7.092579
750_right.jpg,750,1,0,0,0,0,0,0,1,12.624936,-5.6070075,-8.456288,-9.097128,-9.570514,-7.125997
751_right.jpg,751,0,0,0,0,0,0,1,3,-2.0733328,-9.152655,-9.066614,-5.921347,-7.896069,-9.917709
752_right.jpg,752,0,0,0,0,0,0,0,2,-0.49522886,-8.084873,-8.63673,0.39980456,-7.624897,-7.7643538
753_right.jpg,753,1,0,0,0,0,0,0,0,-1.1770879,-8.332042,-9.999447,-5.3042374,-4.0248694,-9.824753
754_right.jpg,754,-1,0,0,0,1,0,0,1,1.3973706,-5.6847854,-5.9364862,-3.6808567,2.3415713,-5.0766435
755_right.jpg,755,1,0,0,0,0,0,0,0,-3.3661954,-4.5093083,-3.6489387,-1.4784122,-5.244366,-6.8854523
756_right.jpg,756,0,0,0,0,0,0,0,3,-4.09359,-7.825193,-8.995083,-8.031297,-8.760301,-8.477277
758_right.jpg,758,0,0,0,0,0,0,0,2,-1.1684048,-11.432722,-7.8847737,-6.217669,-11.056607,-9.453207
759_right.jpg,759,0,0,0,0,1,0,0,3,2.8494213,-13.180784,-9.73169,-8.432921,0.33427474,-10.308532
761_right.jpg,761,0,0,0,1,0,0,0,3,-2.8409312,-3.7168274,-3.3531675,-5.5983915,-8.122846,-10.6227
763_right.jpg,763,1,0,0,0,0,0,0,4,5.3552184,-14.029839,-8.748235,-8.8208885,-14.153337,-10.565159
764_right.jpg,764,0,0,0,-1,0,0,0,3,-4.429169,-4.8869705,-8.60722,3.8086402,-7.6647677,-10.430115
765_right.jpg,765,1,0,0,0,0,0,0,0,-0.057304926,-5.460665,-5.141876,-4.282461,3.605198,-4.9964457
766_right.jpg,766,0,0,0,0,0,0,0,1,0.1152679,-6.7990503,-6.399122,-6.204331,-7.1025167,-10.411806
767_right.jpg,767,0,0,0,0,0,0,0,1,-3.3209817,-6.9128966,-14.718969,-6.1704044,-12.884844,-7.987755
768_right.jpg,768,1,0,0,0,0,0,0,4,1.0548595,-9.546801,-10.309415,-8.534264,-4.004848,-10.339794
769_right.jpg,769,0,0,1,0,0,0,0,0,-7.698865,-7.65132,8.883304,-6.1253314,-7.0595512,-8.306711
771_right.jpg,771,0,0,0,0,0,0,1,0,-2.912578,-3.4954505,-8.765814,-2.7231796,-4.887066,-1.9632244
772_right.jpg,772,0,0,0,0,0,0,1,0,-0.69807476,-14.700493,-6.7360053,-9.9822235,-6.310899,-6.67189
773_right.jpg,773,0,0,0,0,0,0,0,0,-4.6476145,-6.783546,-8.051258,-6.3408318,-3.6513429,-9.984224
774_right.jpg,774,0,0,0,-1,0,0,0,4,-1.3729405,-8.690841,-1.2683764,-9.337033,-4.387958,-10.130741
775_right.jpg,775,1,0,0,1,0,0,0,0,-0.3423932,-8.98103,-8.479011,-5.838618,-7.3793344,-8.263658
776_right.jpg,776,0,0,0,-1,0,0,0,3,-3.7295535,-2.7435408,-5.6236434,-2.6266854,-6.6377983,-12.069301
777_right.jpg,777,0,0,0,0,1,0,0,3,-1.6590471,-2.2210603,-8.875019,-7.753196,-4.5674877,-8.433818
778_right.jpg,778,0,0,0,0,0,0,0,3,-1.3987792,-5.9008517,-11.59436,-3.996406,-10.408332,-9.920012
779_right.jpg,779,0,0,0,0,0,0,0,2,-4.3745527,-5.3904567,-11.423867,-8.466766,-7.306517,-8.804141
780_right.jpg,780,0,0,0,0,0,0,1,2,1.6911117,-12.553435,-11.000517,-3.341322,-6.341306,-9.657574
781_right.jpg,781,0,0,0,0,0,0,0,3,-0.7940888,-4.857033,-5.8925138,-8.003366,-5.9405737,-8.933571
782_right.jpg,782,0,0,0,0,0,0,1,1,-0.6436995,-9.666162,-6.580281,-6.0812316,-6.6979437,-10.563985
783_right.jpg,783,1,0,0,0,1,0,0,2,3.981066,-7.9492507,-8.321421,-5.5803957,5.480036,-10.467004
784_right.jpg,784,1,0,0,0,0,0,0,1,9.937577,-2.3044677,-7.6886525,-9.953917,-4.3684096,-8.430542
785_right.jpg,785,1,0,0,0,0,0,0,4,-0.8510421,-8.662426,-10.090282,-3.1799946,-6.878229,-7.24954
786_right.jpg,786,1,0,0,0,0,0,0,4,2.8034523,-6.5915985,-5.2411013,-5.940105,-0.78277224,-4.146383
787_right.jpg,787,1,0,0,0,0,0,0,4,-1.9004846,-6.7809434,-5.960357,-7.0166636,-3.6571028,-9.804995
788_right.jpg,788,0,0,0,1,0,0,0,0,-1.7939382,-4.472478,-6.920021,-6.4985995,-6.2834444,-10.384227
789_right.jpg,789,0,0,0,0,0,0,0,4,-0.976112,-9.197949,-6.0269284,-8.074374,0.33131838,-0.7408789
790_right.jpg,790,0,0,0,0,1,0,0,1,0.8791038,-5.1914773,-8.386203,-12.141875,-3.8081126,-7.842978
791_right.jpg,791,1,0,0,0,0,0,0,4,7.0929246,-9.990382,-8.950937,-6.322743,-9.10249,-10.428306
792_right.jpg,792,1,0,0,0,0,0,0,2,6.7707133,-13.027949,-10.760692,-11.421264,-9.19049,-10.360818
794_right.jpg,794,1,0,0,0,0,0,0,2,6.3065667,-15.724694,-9.1467495,-6.16742,-11.144842,-12.571429
795_right.jpg,795,0,0,0,0,0,0,1,3,-2.6155353,-8.567512,-6.7357817,-6.0920067,-5.506193,-12.31691
796_right.jpg,796,1,0,0,0,0,0,0,3,4.434738,-4.2693906,-8.638597,-5.478309,-7.3971186,-7.0304723
798_right.jpg,798,0,0,0,0,0,0,1,3,-0.8883006,-4.899389,-9.407632,-5.9026546,-8.695706,-10.13305
799_right.jpg,799,1,0,0,0,0,0,0,4,2.3174245,-5.054424,-8.59339,-1.9219481,-10.3115425,-10.813684
800_right.jpg,800,0,0,0,0,0,0,0,1,0.7058652,-9.542271,-9.927241,-4.9482,-9.522788,-9.003178
801_right.jpg,801,1,0,0,0,0,0,0,0,1.4655339,-5.8086915,-8.640169,-7.3592587,-6.4732966,-7.5697665
802_right.jpg,802,1,0,0,0,0,0,0,3,0.54896015,-6.502061,-8.437321,-7.1369057,-2.0961425,-8.423005
803_right.jpg,803,1,0,0,0,0,0,0,2,-1.9940797,-3.7964704,-6.9523106,-5.520123,-6.1018524,-5.284302
805_right.jpg,805,0,0,0,0,0,0,1,1,-5.4533277,-10.822958,-10.486012,-5.62231,-8.8606205,-8.120339
807_right.jpg,807,0,0,0,0,0,0,1,4,-2.932589,-6.301822,-8.457352,-10.472198,-6.0513415,-8.923616
808_right.jpg,808,0,0,0,1,0,0,0,0,0.6244337,-2.9734786,-8.653324,-6.643309,-6.661638,-8.3005085
809_right.jpg,809,0,0,0,0,0,0,1,3,-0.7535634,-8.280071,-6.598177,-5.0261493,-9.00096,-8.792352
810_right.jpg,810,1,0,0,0,0,0,0,0,-0.13517341,-4.0861335,-8.739391,-6.4110055,-9.321328,-10.927285
812_right.jpg,812,1,0,0,0,0,0,0,2,9.305029,-5.7991796,-7.1730556,-5.474095,-8.309591,-6.753205
813_right.jpg,813,1,0,0,0,0,0,0,3,1.8334922,-5.004824,-9.570335,-5.540597,-9.759267,-5.059305
814_right.jpg,814,1,0,0,0,0,0,0,2,-1.5483379,-8.614782,-6.2550974,-3.9714327,-8.299059,-9.231957
815_right.jpg,815,0,0,0,1,0,0,0,2,-0.6301039,-3.1152024,-8.892521,-1.8939599,-2.8395796,-7.559382
816_right.jpg,816,0,0,0,0,0,0,0,2,1.6836246,-5.917613,-8.577389,-2.0147326,-6.5472164,-6.8811307
818_right.jpg,818,0,0,0,0,1,0,0,1,2.442077,-8.235203,-7.988444,-11.784564,2.2298944,-10.049675
819_right.jpg,819,1,0,0,-1,0,0,0,1,-0.16213425,-9.12295,-9.335191,1.0920364,-14.377768,-7.0860076
820_right.jpg,820,0,0,0,0,0,0,1,1,-3.2517116,-3.4643428,1.5602585,-7.172993,-5.0736175,-9.2282
821_right.jpg,821,0,0,0,1,0,0,0,3,-2.9412775,-6.0647626,-4.6446166,3.883931,-7.970067,-12.482053
822_right.jpg,822,0,0,0,0,0,0,0,1,-1.9606664,-7.970222,-3.8788164,-6.5058208,-6.1832066,-8.524703
824_right.jpg,824,0,0,0,0,0,0,1,2,-1.8272291,-1.3209283,-8.105149,-7.2981815,-5.5023413,-4.2983365
825_right.jpg,825,1,0,0,0,0,0,0,1,6.3012996,-4.3208823,-12.590522,-6.9883227,-4.617167,-7.727475
826_right.jpg,826,0,0,0,0,1,0,0,0,2.7894504,-9.499446,-9.45582,-2.1057973,-5.851237,-9.145056
828_right.jpg,828,0,0,0,0,0,0,0,4,-1.6582333,-7.1453233,-7.839325,-7.0346155,-6.195923,-7.6039104
829_right.jpg,829,0,0,0,0,0,0,0,1,-1.0394757,-6.8343983,-4.111031,0.14864768,-7.129368,-7.349164
831_right.jpg,831,1,0,0,0,0,1,0,4,-0.70355475,-6.4498215,-8.431404,-7.062508,-12.184066,2.8435822
832_right.jpg,832,0,0,0,0,0,0,1,3,0.28134608,-9.063329,-4.8657265,-7.0976534,-3.5487306,-8.130018
834_right.jpg,834,0,0,0,0,0,0,0,0,-1.3404765,-5.782109,-12.433275,-1.8509878,-4.7518935,-4.573947
835_right.jpg,835,0,0,0,-1,0,0,0,4,-3.1593876,-3.7626252,-8.186789,-4.7075925,-7.003305,-10.727062
837_right.jpg,837,0,0,0,0,0,0,1,4,-0.04693227,-5.2070274,-7.0327587,-5.700158,-4.661874,-9.237058
838_right.jpg,838,0,0,0,0,0,0,0,4,-4.6391788,-8.768509,-7.3475003,-0.24267538,-10.614859,-10.617977
840_right.jpg,840,0,0,0,0,0,0,1,0,-1.5545776,-4.4049554,-10.244055,-8.224719,-9.760115,-6.577649
841_right.jpg,841,0,0,0,0,0,0,1,3,-0.8635021,-7.662316,-6.3915744,-5.5405073,-11.812277,-12.995112
844_right.jpg,844,0,0,0,-1,0,0,0,1,-4.487183,-7.3526325,-6.2809715,-4.819191,-7.23545,-5.8145075
845_right.jpg,845,0,0,0,0,0,0,1,2,-0.97841454,-12.692059,-6.8619623,-6.1557956,-6.7025776,-8.429358
846_right.jpg,846,0,0,0,0,0,0,1,4,0.048718188,-8.141156,-11.126715,-0.21040018,-10.333334,-8.453777
847_right.jpg,847,0,0,0,1,0,0,0,2,0.29030037,-6.4782524,-5.7249393,0.43149862,-6.4063663,-8.850029
848_right.jpg,848,0,0,0,0,0,0,1,4,-4.585737,-0.2555128,-9.126541,-7.398722,-10.561466,-6.67122
849_right.jpg,849,0,0,0,0,1,0,0,4,2.5736082,-5.715298,-5.7448745,-7.061619,1.6962795,-9.695467
850_right.jpg,850,1,0,0,0,0,0,0,1,4.0810323,-3.5266793,-8.723143,-3.8756974,-2.0618498,-8.324394
852_right.jpg,852,0,0,0,1,0,0,0,1,-6.7824297,1.739241,-8.916741,6.080592,-4.1850715,-6.8232903
853_right.jpg,853,0,0,0,0,0,0,0,1,-0.90587157,-7.6591315,-10.684589,-3.168488,-6.157027,-7.6323104
854_right.jpg,854,0,0,0,0,0,0,0,0,-2.8789592,-9.701255,-9.839262,-9.042011,-13.407468,-8.483754
855_right.jpg,855,0,0,0,1,0,0,0,1,-1.6150075,-9.149478,-10.171283,-7.2556734,-11.332912,-8.89828
856_right.jpg,856,0,0,0,0,0,0,1,0,-4.6699047,-5.591542,-8.217237,-6.003344,-12.369565,-9.662256
857_right.jpg,857,1,0,0,0,0,0,0,2,1.7653431,2.5220504,-9.991195,-3.8318698,0.41371298,-7.148551
858_right.jpg,858,0,0,0,0,0,0,0,3,0.546676,-11.816495,-9.099305,-4.125926,-8.609703,-12.2582855
859_right.jpg,859,0,0,0,0,0,0,0,4,2.3791866,-2.524416,-6.591382,-4.8821177,-3.663385,-11.2160845
860_right.jpg,860,1,0,0,0,0,0,0,4,5.477645,-5.923108,-8.444227,-16.364027,-8.366592,-14.099983
861_right.jpg,861,1,0,0,0,1,0,0,1,9.98501,-5.57096,-3.7980213,-7.323768,-4.5807304,-5.724913
862_right.jpg,862,0,0,0,0,0,0,1,3,-3.474899,-3.9910622,-7.828418,-9.735381,-8.98304,-5.223728
864_right.jpg,864,1,0,0,0,0,0,0,3,7.3752956,-8.501805,-10.429827,-8.761791,-2.9333014,-7.325095
865_right.jpg,865,1,0,0,0,0,0,0,4,-2.0835352,-4.144181,-5.9245934,-9.330933,-4.260413,-9.931178
868_right.jpg,868,1,0,0,0,0,0,0,1,4.410847,-10.04234,-6.61348,-4.4902897,-10.610519,-6.557987
869_right.jpg,869,0,0,0,0,0,0,0,4,-2.9996202,-11.058671,-7.9184866,-11.651112,-9.791794,-7.919487
870_right.jpg,870,0,0,0,1,0,0,0,4,-4.2673793,-8.786611,-14.027382,1.7232322,-8.712478,-13.325708
871_right.jpg,871,0,0,0,0,0,0,0,4,-5.5838494,-6.4493227,-6.6461673,-4.856432,-11.1535,-7.6205926
872_right.jpg,872,0,0,0,0,0,0,1,2,0.09120578,-4.6886654,-6.1105156,-9.56501,-3.3038726,-3.5377958
873_right.jpg,873,0,0,0,-1,0,0,0,3,-5.3737626,-7.314798,-8.661155,-7.10774,-10.544228,-11.520355
874_right.jpg,874,1,0,0,0,0,0,0,3,3.8531663,-9.4590845,-8.06858,-6.7522655,-9.886875,-10.596531
875_right.jpg,875,0,0,0,0,0,0,1,3,-3.8012216,-8.340468,-11.422701,-9.902862,-15.781729,-12.111913
876_right.jpg,876,0,0,0,0,0,0,0,0,-1.5755053,-8.944719,-8.5732765,-6.224438,-2.028166,-8.660762
877_right.jpg,877,0,0,0,0,0,0,0,3,-0.6601198,-6.5625114,3.464265,-8.345234,-7.381236,-6.2295246
878_right.jpg,878,0,0,0,0,0,0,1,3,-0.91542035,-10.040361,-4.290214,-6.8846188,-13.519666,-10.827168
879_right.jpg,879,0,0,0,0,0,0,1,4,-2.0937614,-7.977356,-8.363177,-7.846466,-6.0064564,-10.186253
880_right.jpg,880,1,0,0,-1,0,0,0,4,-3.3002517,-6.856832,-10.372032,-5.374261,-8.4784,-11.475558
881_right.jpg,881,0,0,0,0,0,0,0,3,-2.1880693,-3.9920342,-6.7044706,-7.8058457,-3.4600677,-10.157246
883_right.jpg,883,0,0,0,0,0,0,1,2,-5.2731524,-9.0937,-7.3347225,-8.52818,-7.9153576,-4.884399
884_right.jpg,884,0,0,0,0,0,0,1,4,-3.062936,-4.3129654,-7.147351,-8.531723,-3.9692307,-7.8133836
885_right.jpg,885,0,0,0,1,0,0,0,1,-1.3216821,-5.1683235,-8.839526,-5.340374,-5.626102,-8.040262
886_right.jpg,886,0,0,0,1,0,0,0,2,-1.8485712,-8.168623,-10.535753,1.9427413,-11.161686,-3.8867207
888_right.jpg,888,0,0,0,1,0,0,0,2,-6.2263436,-9.742121,-11.372392,6.1998534,-9.235121,-13.22764
889_right.jpg,889,0,0,0,1,0,0,0,2,-4.0099053,-12.409324,-11.938334,-4.6927395,-11.300444,-6.8430495
890_right.jpg,890,1,0,0,0,0,0,0,3,-2.3159637,-6.0564127,-9.280739,-3.8788576,-6.0944586,-5.916386
891_right.jpg,891,0,0,0,-1,0,0,0,1,-0.509023,-7.5156703,-6.396488,-9.732601,-6.452563,-7.676587
892_right.jpg,892,0,0,0,0,0,0,0,0,-3.5802073,-14.775752,-9.431415,-8.158905,-5.167809,-10.928492
893_right.jpg,893,0,0,0,0,0,0,1,1,-1.555193,-12.4259405,-9.603124,-10.413708,-11.002711,-7.328183
894_right.jpg,894,0,0,0,-1,0,0,0,4,-2.994532,-7.8314714,-8.058659,-3.1561496,-9.111179,-12.835859
896_right.jpg,896,0,0,0,-1,0,0,0,1,-3.3350306,-6.410245,-8.10588,-6.6170244,-7.9325604,-9.930753
897_right.jpg,897,0,0,0,0,0,0,1,0,-1.5992666,-8.290636,-8.889836,-4.3160357,-1.458165,-9.3659315
898_right.jpg,898,1,0,0,0,0,0,0,0,-2.0187676,-6.229904,-8.552249,-6.064024,-6.613554,-6.080422
899_right.jpg,899,0,0,0,-1,0,0,0,3,1.0764369,-9.761354,-7.104668,-5.9589725,-11.8173,-12.166997
901_right.jpg,901,0,0,0,0,0,0,0,2,-0.23307893,-10.83445,-7.9692216,-5.1458726,-8.500513,-9.581484
902_right.jpg,902,0,0,0,0,0,0,0,4,-2.8713117,-6.511197,-8.910222,-4.994723,-10.588683,-10.458972
903_right.jpg,903,0,0,0,0,0,0,0,4,2.0792663,-1.2934037,-9.668834,-11.834738,-6.464191,-12.120702
904_right.jpg,904,0,0,0,0,0,0,0,3,0.21960177,0.5771719,-7.507316,-3.254276,-8.36588,-6.718365
905_right.jpg,905,1,0,0,0,0,0,0,4,8.882331,-7.2014856,-7.8122945,-11.11392,-8.061438,-8.961715
906_right.jpg,906,0,0,0,0,0,0,1,4,-2.4632716,-5.249052,-4.423254,-7.702406,-4.8431997,-10.765877
907_right.jpg,907,0,0,0,0,0,0,0,4,-4.825329,-5.125789,2.699532,-11.14409,-7.1386213,-5.247928
908_right.jpg,908,0,0,0,0,0,1,0,4,-1.0093956,-6.6247587,-5.5091963,-6.7071295,-6.0752254,6.2737494
909_right.jpg,909,0,0,0,0,0,0,1,4,-0.86859936,-11.558257,-11.387388,-11.4760685,-6.763515,-8.842091
910_right.jpg,910,0,0,0,1,0,0,0,4,-7.695681,-9.00964,-8.35125,1.2717148,-13.535539,-12.317752
911_right.jpg,911,1,0,0,0,0,0,0,1,2.0784569,-12.400904,-4.215864,-10.385254,-14.125922,-3.5021856
912_right.jpg,912,0,0,0,0,0,0,1,1,-5.21998,-7.557787,-12.41236,-12.935299,-12.85362,-6.79749
913_right.jpg,913,1,0,0,0,0,0,0,4,0.5309969,-9.993957,-10.15005,-8.162635,-4.6205573,-12.006221
916_right.jpg,916,1,0,0,0,0,0,0,3,2.9737551,-8.735032,-9.524214,-6.99824,-6.130855,-7.8199944
917_right.jpg,917,1,0,0,0,0,0,0,3,6.3336077,-4.4014273,-11.317478,-9.9149,-10.77595,-6.913889
918_right.jpg,918,0,0,0,0,0,0,1,3,-2.0862808,-5.3508053,-7.3209186,-9.761447,-5.702343,-8.446209
919_right.jpg,919,0,0,0,0,0,0,1,3,-1.6877085,-7.204473,-5.3327055,-7.373399,-10.733457,-9.232612
921_right.jpg,921,0,0,0,-1,0,0,0,0,-1.549427,-4.328197,-9.028834,-4.5985746,-7.371658,-7.8705406
922_right.jpg,922,0,0,0,0,0,0,1,1,-1.3543772,-6.9969416,-4.7424836,-8.101517,-8.400472,-7.4417787
923_right.jpg,923,1,0,0,0,0,0,0,3,-0.7047517,-10.687308,-9.206378,-5.5551114,-8.491544,-10.816053
924_right.jpg,924,0,0,0,0,0,0,0,0,-5.350253,0.4998348,-1.4406163,-3.8114033,-4.45618,-0.62202084
925_right.jpg,925,0,0,0,0,0,0,0,0,-2.6975052,-7.503201,-11.209107,-2.2670195,-4.735234,-6.494794
926_right.jpg,926,1,0,0,0,0,0,0,3,-1.2756382,-6.5453386,-10.439989,-4.075292,-4.5549536,-5.8727455
927_right.jpg,927,0,0,0,1,0,0,0,0,-4.91749,-3.071397,-13.506644,-0.64697295,-8.665893,-9.643039
928_right.jpg,928,0,0,0,-1,0,0,0,2,-5.055584,-6.635056,-6.091873,0.37498236,-8.135686,-9.556869
929_right.jpg,929,0,0,0,-1,0,0,0,2,-2.7658758,-6.6643395,-9.431734,-4.002965,-8.098538,-12.882974
930_right.jpg,930,0,0,0,0,0,0,0,3,-3.681687,-4.5999365,-2.2891681,-6.0726776,-7.953966,-8.319004
931_right.jpg,931,1,-1,0,0,0,0,0,3,2.1842337,-5.1033587,-5.7149296,0.17512153,-5.465483,-7.249844
932_right.jpg,932,0,0,0,0,0,0,0,4,2.819812,-9.200603,-6.467203,-9.403484,-4.8384056,-10.998811
933_right.jpg,933,0,0,0,0,0,0,0,3,-1.7143486,-6.8872223,-7.30362,-7.377328,-9.354238,-7.3655634
934_right.jpg,934,1,0,0,1,0,0,0,4,-0.008761401,-7.984553,-9.73132,-0.9243525,-6.28306,-10.223075
938_right.jpg,938,1,0,0,1,0,0,0,0,-0.14129429,-5.2021556,-7.69621,-9.403355,-7.022557,-2.9140208
939_right.jpg,939,0,0,0,0,0,0,1,2,-3.253128,-8.3138275,-7.1348515,-7.140059,-4.959899,-10.580693
940_right.jpg,940,0,0,0,0,0,0,1,2,-1.4368588,-7.0135155,-12.000609,-11.424095,-2.9292915,-10.594427
941_right.jpg,941,0,0,0,0,0,0,0,2,-3.962993,-8.312126,-11.179364,-7.411384,-10.922534,-13.523042
942_right.jpg,942,0,0,0,0,0,0,1,1,-1.3515812,-9.813376,-9.311886,-3.4990294,-3.945815,-8.592482
943_right.jpg,943,0,0,0,0,0,0,0,4,-1.80065,-5.8759036,-11.270611,-7.832491,-9.814183,-7.3706326
945_right.jpg,945,0,0,0,0,0,0,0,3,-4.04497,-2.281469,-6.2985973,3.6798692,-5.6166725,-9.199163
946_right.jpg,946,0,0,0,-1,0,0,0,0,-0.62940764,-8.756558,-6.28621,-4.8546324,-6.0877233,-11.741085
947_right.jpg,947,1,0,0,0,0,0,0,4,5.862543,-7.255468,-6.3116455,-8.80953,-5.6843114,-10.736196
948_right.jpg,948,1,0,0,0,0,0,0,0,0.87883025,-6.4373884,-8.423459,-0.7581647,-5.2220263,-9.280768
949_right.jpg,949,0,0,1,0,0,0,0,3,-2.6520565,-6.5437765,4.371577,-9.263448,-6.2476354,-8.506395
950_right.jpg,950,0,0,0,-1,0,0,0,4,-5.013116,-1.9584798,-6.477411,-6.4407935,-4.8126926,-14.577177
951_right.jpg,951,0,0,0,0,0,0,1,2,-1.8276618,-6.2672586,-7.769332,-5.614984,-5.4397373,-6.565096
952_right.jpg,952,1,0,0,0,0,0,0,2,0.4042583,-8.297928,-10.128375,-5.3432937,-6.673513,-9.795258
953_right.jpg,953,1,0,0,0,0,0,0,3,4.684247,-10.070763,-8.862019,-4.233479,-8.68086,-10.440515
954_right.jpg,954,0,0,0,0,0,0,1,4,-0.8408637,-7.6536126,-9.288072,-10.288016,-8.197751,-10.677915
955_right.jpg,955,0,0,1,0,0,0,0,2,-5.6197076,-9.703975,3.4151154,-6.511632,-7.307064,-9.415224
957_right.jpg,957,0,0,0,0,1,0,0,2,-3.3626728,-6.5127373,-6.9991755,-9.479054,-3.4864602,-6.1117516
958_right.jpg,958,0,0,0,0,0,0,0,1,-3.2314458,-5.7781677,-7.2532864,-7.4534564,-10.8467455,-7.2245045
959_right.jpg,959,0,0,0,-1,0,0,0,4,-3.4123132,-6.234915,-10.377669,1.2970003,-8.249108,-10.352886
960_right.jpg,960,1,0,0,0,0,0,0,1,6.101712,-9.251428,-8.119103,-8.365246,-9.349195,-4.464553
961_right.jpg,961,0,0,0,1,0,0,0,3,0.3726067,-6.2157083,-9.025104,-2.3103447,-7.3310385,-8.733738
962_right.jpg,962,0,0,0,-1,0,0,0,1,-6.387212,-3.1210203,-8.18847,3.8834028,-9.448889,-7.692299
963_right.jpg,963,0,0,0,-1,0,0,0,2,-0.18314448,-9.507005,-12.663318,1.9368284,-6.540636,-9.753281
964_right.jpg,964,1,0,0,0,0,0,0,1,1.537869,-4.8861885,-7.5940194,-8.552606,5.4197774,-12.886753
965_right.jpg,965,0,0,0,0,0,0,1,3,-1.3301499,-4.4914646,-7.725437,-8.091214,-8.241371,-9.284924
966_right.jpg,966,0,0,0,0,0,0,1,4,-2.3603647,-7.3703265,-4.7273703,-5.2498536,-7.4844046,-9.264944
968_right.jpg,968,0,0,0,0,1,0,0,1,-0.7590196,-4.2927485,-9.85688,-5.6794863,-3.9786093,-3.3629806
970_right.jpg,970,0,0,1,0,0,0,0,3,-6.0587664,-9.668025,4.4280934,-6.7197814,-6.9138203,-8.838166
971_right.jpg,971,0,0,0,1,0,0,0,0,-5.2021422,-8.447236,-7.49993,-0.3248096,-10.823961,-7.8755765
972_right.jpg,972,1,0,0,0,0,0,0,1,5.564028,-6.922962,-7.1577334,-6.200026,-9.21408,-10.838745
973_right.jpg,973,0,0,0,0,0,0,0,3,-3.4578395,-5.1094933,-3.4789033,-4.9212523,-4.563286,-5.561596
974_right.jpg,974,0,0,0,0,0,0,1,1,-1.971121,-6.555721,-4.6870217,-7.858353,-6.618824,-8.054486
976_right.jpg,976,1,0,0,0,0,0,0,1,-2.9115925,-5.9969726,-7.6008644,-2.44414,-9.627577,-7.4941454
977_right.jpg,977,0,0,0,0,0,0,1,0,-4.316287,-7.881883,-5.235735,-13.529437,-2.9066236,-7.0225215
978_right.jpg,978,1,0,0,0,0,0,0,4,8.639265,-11.015966,-9.383179,-11.714675,-6.420012,-9.099592
979_right.jpg,979,0,0,0,0,0,0,0,0,-2.7276595,-5.5488086,-8.412877,-6.434265,-7.4465723,-7.0813985
980_right.jpg,980,1,0,0,0,0,0,0,0,11.344003,-8.338333,-11.006079,-8.533361,-7.8093204,-8.222914
981_right.jpg,981,1,0,0,0,0,0,0,3,7.255963,-5.824229,-10.583593,-11.510357,-14.94924,-8.0671425
983_right.jpg,983,0,0,0,0,1,0,0,4,2.374163,-8.211418,-6.2967176,-13.110711,-7.069957,-4.6169105
986_right.jpg,986,0,0,0,0,0,0,0,3,1.0499517,-8.23833,-2.1752727,-11.413556,-3.7096415,-13.263322
987_right.jpg,987,0,0,0,0,0,0,1,0,-2.110275,-5.458064,-7.548772,-11.014142,-6.900564,-8.405753
990_right.jpg,990,0,0,0,0,0,0,0,2,1.333776,-10.915459,-10.402178,-16.904615,-6.2936664,-8.040643
991_right.jpg,991,1,0,0,0,0,0,0,0,-1.2950453,-8.452656,-8.261004,-7.3019433,-5.950121,-9.71402
992_right.jpg,992,0,0,0,1,0,0,0,0,-5.9795365,-8.802611,-12.963742,2.024759,-11.185274,-7.8840914
993_right.jpg,993,1,0,0,0,0,0,0,4,2.0295727,-8.394111,-10.68842,-10.133296,-7.484987,-11.263659
996_right.jpg,996,0,0,0,0,0,0,1,4,-4.8067007,-8.026564,-9.237001,-2.3354323,-7.464773,-12.28473
997_right.jpg,997,1,0,0,0,0,0,0,1,7.63386,-7.8232436,-4.681115,-7.414916,-5.8993134,-8.697438
998_right.jpg,998,0,0,0,1,1,0,0,0,-5.728009,-2.3686423,-5.759209,-1.2711349,0.48608994,-8.335413
999_right.jpg,999,0,0,1,0,0,0,0,3,-3.3457143,-6.649898,2.96922,-6.951255,-7.2707925,-5.343285
1005_right.jpg,1005,0,0,0,0,0,0,1,2,-1.612144,-9.889667,-7.5784745,-6.6194715,-4.9064107,-11.850703
1006_right.jpg,1006,0,0,0,0,0,0,0,4,-1.6391058,-0.37085563,-6.1807966,-10.356981,-4.2470675,-11.974892
1008_right.jpg,1008,0,0,0,0,0,0,0,3,-2.0921626,-7.5409603,-8.987404,-5.3534055,-14.111696,-9.396924
1010_right.jpg,1010,0,0,0,-1,0,0,0,0,-3.9413846,-5.677321,-7.810542,-4.2865214,-4.8280377,-10.704843
1011_right.jpg,1011,0,0,0,-1,0,0,0,4,-3.157164,-6.195831,-4.967129,-6.021709,-7.164046,-5.2672133
1012_right.jpg,1012,0,0,0,0,0,1,0,3,-6.570123,-4.5065165,-7.1854362,-2.61846,-10.367507,-2.4937005
1013_right.jpg,1013,0,0,0,-1,0,0,0,2,-2.9460247,-5.945853,-8.24039,-11.161713,-5.5764446,-2.899265
1014_right.jpg,1014,0,0,0,0,0,0,1,0,-2.0491788,-4.487672,-9.682243,-6.6172323,-2.9323385,-7.8450656
1015_right.jpg,1015,0,0,0,-1,0,0,0,4,-3.1316895,-3.2295964,-9.78653,1.8340183,-8.6143055,-12.400018
1016_right.jpg,1016,0,0,0,0,0,0,0,0,0.62505955,-8.291778,-12.936877,-8.046469,-10.574909,-9.788265
1018_right.jpg,1018,0,0,0,0,0,0,1,2,-2.8104467,-10.785321,-7.682766,-5.5421286,-8.877432,-10.988112
1019_right.jpg,1019,0,0,0,0,0,0,1,0,-2.4065344,-6.5900526,-3.455136,-5.3831367,-5.7181325,-5.767932
1021_right.jpg,1021,0,0,0,0,0,0,0,0,2.654362,-8.732559,-8.442823,-5.0329714,-5.1464205,-7.146798
1022_right.jpg,1022,1,0,0,0,0,0,0,3,6.1175146,-3.1637468,-10.1299515,-7.4222994,-7.2772465,-9.2101555
1023_right.jpg,1023,0,0,0,0,0,0,0,1,-6.7752643,-2.207491,-4.8005886,-2.9267087,-9.048948,-10.716368
1024_right.jpg,1024,1,0,0,0,1,0,0,2,2.3918717,-11.27577,-7.625173,-9.593082,-0.35265806,-10.813991
1028_right.jpg,1028,0,0,0,0,0,0,1,0,-1.3865373,-11.135497,-8.938975,-9.645906,-3.0462205,-9.925395
1031_right.jpg,1031,0,0,0,0,1,0,0,4,-1.1697402,-9.173116,-8.294178,-5.5699673,3.8693576,-12.489883
1032_right.jpg,1032,0,0,0,0,0,0,0,1,-4.019055,-5.420639,-5.8398523,-4.6103487,-7.3838563,-4.144036
1033_right.jpg,1033,0,0,0,0,0,0,0,0,-2.3603702,-4.6768365,-8.107227,-7.214747,-7.1015096,-6.2783165
1034_right.jpg,1034,0,0,0,0,0,0,1,1,-1.3080949,-7.552172,-8.204655,-10.201759,-3.2756164,-8.375883
1035_right.jpg,1035,1,0,0,0,0,0,0,4,-1.1927938,-7.8749104,-7.8774385,-7.89758,-1.4724617,-10.617079
1038_right.jpg,1038,0,0,0,0,0,0,0,2,-1.8088188,-7.0162525,-4.7297754,-7.9662566,-5.87753,-8.60097
1039_right.jpg,1039,0,0,0,0,0,0,1,0,-1.8785725,-10.685572,-6.9691057,-5.315314,-13.55104,-13.209403
1040_right.jpg,1040,0,0,0,0,0,0,1,2,-2.4060583,-10.595537,-13.893293,-9.020448,-8.929907,-11.850676
1041_right.jpg,1041,0,0,0,0,0,0,0,1,-2.6422584,-2.6481218,-12.044748,1.4611465,-10.054442,-9.931204
1043_right.jpg,1043,0,0,0,1,0,0,0,4,-1.4327848,-5.1131635,-8.155872,3.657057,-9.804241,-8.870587
1045_right.jpg,1045,0,0,0,0,1,0,0,4,-1.3070307,-5.887507,-9.967717,-6.670703,-4.0510144,-11.256796
1046_right.jpg,1046,0,0,0,0,1,0,0,3,2.0401876,-6.4540305,-7.1539226,-7.367795,2.5113146,-6.25979
1048_right.jpg,1048,0,0,0,0,1,0,0,2,1.3919896,-8.832029,-7.9406633,-8.540879,1.4241548,-10.34902
1050_right.jpg,1050,0,0,0,-1,0,0,0,0,-2.6350698,-5.636513,-3.269365,-5.567784,-5.978334,-6.5689626
1052_right.jpg,1052,0,0,0,0,0,0,0,2,-5.9146976,-10.7671,2.503376,-8.470702,-7.2268505,-8.864056
1053_right.jpg,1053,0,0,0,0,0,0,0,1,-2.2067702,-6.846859,-6.798209,-6.5577946,-9.639482,-7.3715863
1054_right.jpg,1054,0,0,0,0,0,0,1,3,0.855727,-5.6690316,-3.3280373,-9.226672,-6.477127,-11.6809025
1056_right.jpg,1056,0,0,0,0,1,0,0,3,-3.9369133,-2.256634,-7.52388,-6.8315835,-9.464332,-10.369423
1058_right.jpg,1058,0,0,0,0,0,0,0,1,1.1316948,-5.619602,-11.62347,-6.743305,-4.8236628,-8.844111
1059_right.jpg,1059,0,0,0,0,0,0,1,3,-0.13487002,-7.291185,-8.384538,-10.0008745,-8.33916,-12.635874
1060_right.jpg,1060,0,0,0,0,0,0,1,2,0.53162336,-7.507403,-7.3261724,-6.339098,-10.096705,-6.8088007
1061_right.jpg,1061,0,0,0,0,0,0,1,4,0.5534291,-8.815298,-6.5343704,-7.09968,-5.223798,-10.880656
1062_right.jpg,1062,0,0,1,0,0,0,0,2,-7.4889565,-7.3128686,4.1681294,-6.478954,-5.8976345,-8.149669
1064_right.jpg,1064,0,0,0,1,0,0,0,3,-7.405418,-6.689033,-6.822026,6.5264077,-9.014336,-14.901523
1066_right.jpg,1066,0,0,0,0,0,0,1,1,0.28635126,-14.646228,-7.9057956,-9.134104,-6.451961,-9.47457
1068_right.jpg,1068,1,0,0,0,0,0,0,2,6.7938204,-6.4127507,-9.843709,-6.7423096,-3.5458102,-5.663975
1071_right.jpg,1071,1,0,0,0,0,0,0,4,2.887973,-7.4868875,-11.12509,-11.768594,-4.526741,-8.611684
1072_right.jpg,1072,0,0,0,0,0,0,1,0,0.22775272,-10.930714,-10.188488,-6.287734,-10.855351,-9.031682
1074_right.jpg,1074,0,0,0,0,0,0,1,2,-1.1907398,-4.0977783,-8.578733,-9.368622,-10.099994,-9.077722
1075_right.jpg,1075,0,0,0,0,0,0,1,0,-3.1794305,-10.281422,-7.3977203,-7.5940013,-7.660966,-7.774451
1077_right.jpg,1077,0,0,0,-1,0,0,0,1,-5.136486,-6.284844,-4.8039594,-0.477974,-11.02532,-10.162158
1079_right.jpg,1079,0,0,0,0,0,0,0,3,-0.90202904,-9.38212,-7.4498534,-7.538984,-12.64539,-12.244268
1080_right.jpg,1080,0,0,0,0,0,0,1,3,-3.2369258,-8.607086,-9.012069,-5.366079,-8.402281,-11.711412
1081_right.jpg,1081,0,0,0,0,1,0,0,1,-0.31094104,-4.767617,-7.6003537,-9.824873,-0.9438407,-10.254724
1082_right.jpg,1082,1,0,0,0,0,0,0,0,-0.24996135,-7.00019,-9.46352,-7.0340204,-6.5062175,-7.6234303
1083_right.jpg,1083,1,0,0,0,0,0,0,2,8.954783,-13.193354,-7.0305505,-9.078541,-6.7118006,-11.274285
1084_right.jpg,1084,1,0,1,0,0,0,0,4,-3.3297756,-5.6303453,-0.047490682,-11.63558,-7.758678,-9.90595
1085_right.jpg,1085,0,0,0,1,0,0,0,0,-7.8317747,-7.0498505,-9.482461,9.749495,-7.179665,-8.614758
1086_right.jpg,1086,0,0,0,0,0,0,0,1,-1.0603507,-11.522423,-11.727114,-3.5199716,-10.436129,-7.2891345
1090_right.jpg,1090,0,0,0,0,0,0,1,3,-0.6516486,-10.264172,-7.9951754,-7.148874,-4.383882,-9.344729
1091_right.jpg,1091,0,0,0,1,0,0,0,2,-5.250596,-8.628682,-6.38665,5.784077,-7.510374,-7.2779384
1092_right.jpg,1092,0,0,0,0,0,0,0,0,-6.5292273,-3.6179163,-11.540631,-4.731096,-6.8306866,-5.8947453
1093_right.jpg,1093,0,0,0,0,0,0,1,1,-5.233373,-6.072394,-6.131667,-4.9448953,-9.088636,-12.707637
1094_right.jpg,1094,1,0,0,0,0,0,0,1,1.1935929,-8.8078785,-7.2829165,-10.338462,-10.681317,-9.1977005
1097_right.jpg,1097,0,0,0,0,0,0,0,4,-0.70181394,-4.8359423,-7.5345035,-9.816246,-1.1277337,-11.227326
1098_right.jpg,1098,0,0,0,1,0,0,0,1,-0.8224302,-11.030717,-9.891971,0.11999607,-8.513668,-10.565791
1099_right.jpg,1099,0,0,0,0,0,0,0,1,-2.2207658,-7.086857,-5.0649652,-1.8338153,-2.065023,-8.6560335
1102_right.jpg,1102,0,0,1,0,0,0,0,4,-0.8221654,-6.827788,-4.6461253,-8.362427,-8.163703,-11.067421
1103_right.jpg,1103,0,0,0,0,0,1,0,1,-4.7665353,-6.868842,-8.121368,-6.332041,-7.7571263,11.7612505
1104_right.jpg,1104,0,0,0,1,0,0,0,1,-1.1887655,-4.784974,-7.4349403,-0.7971349,-4.815319,-6.149891
1106_right.jpg,1106,1,0,0,0,0,0,0,0,-2.7007198,-9.456752,-6.5217996,-9.7574625,-7.67167,-10.515072
1109_right.jpg,1109,0,0,0,0,0,0,0,3,-2.6792352,-8.461712,-13.4692135,3.2453277,-10.695702,-11.640319
1111_right.jpg,1111,0,0,0,1,0,0,0,2,-4.2908025,-9.955167,-9.863977,0.9852545,-7.69904,-10.320294
1113_right.jpg,1113,1,0,0,0,0,0,0,1,0.82626754,-2.8831222,-9.378986,-7.48493,-5.5135603,-10.303064
1114_right.jpg,1114,0,0,0,0,0,0,1,4,-2.5920942,-8.259346,-7.976247,-8.822271,-8.097803,-8.457882
1115_right.jpg,1115,0,0,0,0,0,0,1,1,-1.4393353,-3.058118,-5.757232,-5.0268445,-3.8911326,-5.758662
1116_right.jpg,1116,0,0,0,0,0,0,0,4,-1.2186036,-10.20414,-14.545738,-9.258715,-10.513527,-9.743073
1117_right.jpg,1117,0,0,0,0,0,0,0,2,-3.6484184,-8.01112,-10.134801,-1.3491787,-9.0056715,-11.734201
1118_right.jpg,1118,0,0,0,0,0,0,0,4,-1.0021652,-5.9197116,-13.012719,-3.4700742,-7.1152635,-12.725341
1119_right.jpg,1119,0,0,0,0,0,0,1,3,-0.8279879,-3.019432,-6.374356,-3.7937665,-6.0454016,-10.973334
1120_right.jpg,1120,0,0,0,0,0,0,0,2,-2.1396482,-0.82152,-10.6318035,-8.409453,-2.010799,-12.364758
1121_right.jpg,1121,0,0,0,0,0,0,1,0,-3.6026196,-6.5131974,-13.555309,-6.877172,-9.629205,-7.3572116
1122_right.jpg,1122,0,0,0,0,0,0,1,2,0.077486224,-8.9036,-7.00105,-6.0417843,-1.5622995,-12.226214
1124_right.jpg,1124,0,0,0,0,0,0,1,4,-2.0747714,-11.229426,-9.011615,-6.517148,-9.503102,-10.517766
1125_right.jpg,1125,0,0,0,1,0,0,0,0,-7.810739,-7.1884885,-11.622491,6.323746,-11.988781,-11.173353
1126_right.jpg,1126,0,0,1,0,0,0,0,4,-7.684215,-8.946716,2.293952,-11.461134,-8.456954,-9.430708
1127_right.jpg,1127,0,0,0,-1,0,0,0,2,-3.4988208,-5.7961235,-6.011726,-2.0082257,-5.5288,-5.6715317
1129_right.jpg,1129,0,0,0,0,0,0,1,0,-1.9464734,-13.47431,-3.6955626,-7.0083084,-8.782647,-10.0179
1130_right.jpg,1130,0,0,0,0,0,0,1,0,-2.1179965,-8.622352,-3.1094735,-7.08631,-9.360261,-9.429929
1132_right.jpg,1132,0,0,0,0,0,0,0,1,-0.7055949,-7.213353,-7.314732,-5.1770525,-5.644845,-2.627746
1133_right.jpg,1133,0,0,0,0,0,0,1,1,-0.131459,-10.199112,-13.714598,-5.0566373,-9.838116,-6.4057813
1136_right.jpg,1136,1,0,0,0,0,0,0,4,-0.53220063,-1.824186,-7.1680884,-3.7338302,1.1728009,-11.748955
1138_right.jpg,1138,1,0,0,0,0,0,0,2,1.2646314,-9.337737,-8.3498535,-6.4315953,-4.741313,-13.510183
1142_right.jpg,1142,0,0,0,0,0,0,1,1,1.446607,-10.063533,-10.124721,-5.4791636,-2.121193,-6.612629
1143_right.jpg,1143,0,0,0,0,0,0,1,1,0.19966754,-11.119764,-6.756182,-6.9780393,-9.082363,-5.922803
1144_right.jpg,1144,1,0,1,0,0,0,0,1,-1.6396663,-9.894944,-7.438299,-4.241375,-6.0320563,-6.935958
1145_right.jpg,1145,0,0,0,0,0,0,1,4,-4.517109,-8.6227045,-8.884005,-5.36407,-7.7733784,-6.0106287
1146_right.jpg,1146,0,0,0,0,0,0,1,1,-5.589818,-5.1339235,-5.271827,-7.514248,-11.294025,-10.530675
1147_right.jpg,1147,1,0,0,0,0,0,0,2,1.678006,-9.943444,-8.520294,-3.328342,-0.6852655,-7.4720955
1148_right.jpg,1148,0,0,0,0,0,0,0,4,-0.9673033,-2.8800445,-7.127067,-5.411573,-6.115236,-9.301937
1150_right.jpg,1150,0,0,0,0,0,1,0,1,-2.690949,-7.653448,-8.720856,-3.7147114,-7.1058016,7.525845
1151_right.jpg,1151,0,0,0,0,0,0,0,4,1.6872802,-8.987999,-9.374914,-12.4928255,-7.792063,-8.694324
1152_right.jpg,1152,1,0,0,0,0,0,0,1,3.8112533,-3.6234114,-6.5324774,-11.0181465,-1.7331474,-6.903627
1153_right.jpg,1153,1,0,0,0,0,0,0,0,4.7539525,-5.8159933,-8.477722,-5.6039753,-4.5266314,-4.531483
1154_right.jpg,1154,0,0,0,1,0,0,0,3,-2.8682556,-2.641637,-8.599317,4.1679397,-6.014128,-10.726772
1157_right.jpg,1157,1,0,0,0,0,0,0,2,10.624385,-14.463317,-14.433008,-11.464187,-1.1687865,-12.19525
1160_right.jpg,1160,0,0,0,0,0,0,0,4,-2.183942,-3.9648666,-8.706513,-2.4957685,-8.377342,-8.021575
1164_right.jpg,1164,0,0,0,0,0,0,1,2,-3.0200098,-8.191235,1.3622949,-9.021588,-5.608551,-9.743123
1165_right.jpg,1165,0,0,0,0,0,0,0,0,-2.4185386,-10.443174,-9.670894,-5.304478,-11.597985,-6.5701075
1166_right.jpg,1166,0,0,0,0,0,0,0,0,-3.767508,-5.9382677,-8.627571,-0.64724654,-9.019456,-6.1529593
1167_right.jpg,1167,1,0,1,0,0,0,0,2,10.720885,-8.241843,-3.5202847,-6.195841,-8.326603,-6.511964
1168_right.jpg,1168,0,0,0,1,0,0,0,0,-5.6824884,-4.1912575,-9.411054,3.058837,-6.041621,-10.698693
1169_right.jpg,1169,0,0,0,0,0,0,1,3,-3.9630065,-7.4084773,-8.118798,-6.753352,-8.766437,-10.371186
1170_right.jpg,1170,0,0,0,-1,0,0,0,2,-3.141512,-8.097845,-9.75847,-1.8581032,-9.229618,-6.5700707
1171_right.jpg,1171,0,0,0,0,0,0,1,1,-3.5737164,-4.53832,-6.567683,-6.914467,-5.2842093,-12.260869
1172_right.jpg,1172,0,0,0,0,0,0,1,3,-1.6976902,-4.042634,-8.32996,-6.4443974,-6.3994637,-11.131979
1173_right.jpg,1173,0,0,0,0,0,0,1,3,-2.4253688,-7.340968,-0.519615,-3.683151,-2.033749,-9.671978
1174_right.jpg,1174,0,0,0,0,0,0,0,0,-5.9357443,-7.74518,4.175532,-8.14679,-7.053181,-6.2511435
1176_right.jpg,1176,0,0,0,0,0,0,0,2,-1.1267865,-8.637173,-8.706194,-4.263607,-5.8892474,-8.944299
1177_right.jpg,1177,0,0,0,0,0,0,1,4,-1.2820916,-4.321575,-5.4604797,-9.138672,-3.1445248,-8.454487
1186_right.jpg,1186,0,0,0,0,0,0,1,2,-2.0378435,-8.8893385,-12.26586,-7.8150043,-4.2252975,-9.359443
1191_right.jpg,1191,0,0,0,0,0,0,1,1,-2.4096303,-2.5464993,-13.241057,-4.311514,-6.038034,-4.712197
1195_right.jpg,1195,0,0,0,0,0,0,1,1,-3.9538162,-5.1068068,-6.422571,-5.7609096,-7.19139,-9.52176
1196_right.jpg,1196,0,0,0,1,0,0,0,3,-1.3350124,-6.20997,-4.643645,-7.450391,-11.808805,-11.241894
1197_right.jpg,1197,0,0,0,1,0,0,0,4,-10.226109,-11.422008,-7.3687634,4.00194,-15.511738,-2.9051852
1198_right.jpg,1198,0,0,0,0,0,0,1,3,-1.4353191,-2.7979383,-8.426296,-6.6019764,-9.462041,-6.2960205
1200_right.jpg,1200,0,0,0,0,0,0,0,4,-0.94721675,-1.4579953,-7.961297,-9.361171,-9.10241,-9.375121
1202_right.jpg,1202,0,0,0,1,0,0,0,4,-2.8848214,-4.55156,-8.37158,10.38949,-6.278524,-10.774181
1205_right.jpg,1205,1,0,0,0,0,0,0,3,-3.4243958,-5.896842,-3.9128003,-8.046857,-6.5424585,-10.205512
1206_right.jpg,1206,0,0,0,0,0,1,0,4,-3.5658534,-5.6285696,-10.501326,-5.738732,-7.184819,4.742801
1207_right.jpg,1207,0,0,0,0,0,0,1,3,-0.1062977,-10.505946,-5.406508,-6.4047117,-10.782161,-9.199225
1209_right.jpg,1209,0,1,0,0,0,0,0,4,-4.714321,5.0205584,-3.6086671,-7.9849844,-3.948665,-6.4916344
1210_right.jpg,1210,0,1,0,0,0,0,0,3,-4.0687757,-2.6913135,-2.5059607,-10.029498,-7.32986,-5.217905
1211_right.jpg,1211,0,1,0,0,0,0,0,4,2.0179875,3.3660347,-7.7396555,-10.077098,-6.643843,-7.5643907
1212_right.jpg,1212,0,1,0,0,0,0,0,3,-4.539153,6.492481,-9.297753,-7.2883024,-9.685504,-8.354918
1213_right.jpg,1213,0,1,0,0,0,1,0,0,-4.270726,-1.3044791,-12.316388,-8.792017,-7.074444,-5.6780257
1214_right.jpg,1214,0,1,0,0,0,0,0,3,-1.3563354,2.417197,-2.9382865,-7.9580555,-4.83328,-10.932798
1215_right.jpg,1215,0,1,0,0,0,0,0,2,-4.374418,2.100319,-5.579394,-7.7804375,-4.5147367,-12.311226
1216_right.jpg,1216,0,1,0,0,0,0,0,0,-5.951163,0.40530923,-7.2932324,-3.5511754,-11.414235,-9.214855
1217_right.jpg,1217,0,1,0,0,0,0,0,1,5.3217654,-1.6580641,-6.0863423,-12.810745,-13.867514,-7.720553
1218_right.jpg,1218,0,1,0,0,0,0,0,1,-3.4192355,3.8609273,-7.846437,-3.810537,-8.225016,-8.884877
1219_right.jpg,1219,0,0,0,0,0,0,0,1,-1.6729326,-5.2687297,4.192787,-8.856651,-7.7859454,-5.3071113
1220_right.jpg,1220,0,1,0,0,0,0,0,1,-3.1215785,2.5388238,-7.2618027,-10.009594,-3.810133,-8.425062
1221_right.jpg,1221,0,1,0,0,0,0,0,3,-1.4741039,4.2972655,-3.274194,-3.7912974,-5.385234,-9.1360035
1222_right.jpg,1222,0,1,0,0,0,0,0,4,-1.9763345,-8.546329,-10.524099,-9.461513,-10.43685,-7.2971582
1225_right.jpg,1225,0,1,0,0,0,1,0,2,-5.87886,3.5951238,-10.759251,-9.492884,-7.059701,-2.581525
1226_right.jpg,1226,0,1,0,0,0,0,0,1,-8.350943,5.068575,-7.078726,-9.2723255,-6.908159,-7.449933
1227_right.jpg,1227,0,1,0,0,0,0,0,3,-2.7439086,4.1766233,-6.955537,-8.140357,-8.328234,-7.1064415
1229_right.jpg,1229,0,1,0,0,0,0,0,2,-5.453075,5.0170546,-4.10683,-8.540333,-5.1623826,-5.3699117
1230_right.jpg,1230,1,1,0,0,0,0,0,4,2.2045033,2.5604904,-8.891744,-8.303393,2.4396455,-8.824659
1231_right.jpg,1231,0,1,0,0,0,0,0,1,-2.7952554,-4.9658656,-10.4042635,-7.123706,-2.0005455,-11.792954
1232_right.jpg,1232,0,1,0,0,0,0,0,1,-2.547352,7.591546,-6.769183,-5.2645326,-6.0596952,-8.539526
1234_right.jpg,1234,0,1,0,0,0,0,0,0,-1.7304429,3.9691439,-6.8004904,-8.758838,-4.557889,-7.5625334
1237_right.jpg,1237,0,1,0,0,0,0,0,2,-0.37294182,-7.4084044,-8.566678,-6.176842,-5.2883506,-9.278928
1238_right.jpg,1238,1,1,0,0,0,0,0,1,0.15485066,3.2265408,-3.6723635,-5.301262,-1.1498731,-8.360673
1239_right.jpg,1239,0,1,0,0,0,0,0,1,-5.0455847,6.712313,-4.0892653,-7.8679566,-3.0139585,-6.367483
1240_right.jpg,1240,0,0,0,0,0,0,0,3,-6.397963,-5.559659,-16.128292,-10.121498,-9.807209,-11.094812
1241_right.jpg,1241,0,1,0,0,0,0,0,3,-1.6822355,-2.695709,-5.96592,-11.936449,-4.030708,-10.7829
1242_right.jpg,1242,0,0,0,0,0,0,1,4,-3.056277,-2.2030187,-10.253728,-10.282024,-12.089397,-8.593484
1243_right.jpg,1243,0,1,0,1,0,0,0,2,-4.01791,4.7769685,-8.389145,3.7864683,-6.3665648,-4.8487015
1245_right.jpg,1245,0,0,0,0,0,0,0,2,-3.420585,-1.2577806,-8.315977,-3.6337717,-4.7110224,-8.384515
1246_right.jpg,1246,0,1,0,0,0,0,0,1,-3.4788933,4.490083,-8.7604265,-7.6769743,-9.667294,-5.9213743
1247_right.jpg,1247,0,1,0,0,0,0,0,0,-8.232325,3.4100595,0.0864927,-1.7517291,-4.6355267,-12.9692
1248_right.jpg,1248,0,1,0,0,0,0,0,1,-4.8777337,2.467784,-14.200273,-9.323973,-10.438933,-2.785133
1250_right.jpg,1250,0,0,0,0,0,1,0,0,-3.3420603,-10.309788,-10.709774,-7.3066187,-13.090387,6.178048
1251_right.jpg,1251,1,1,0,0,0,0,0,2,0.75535417,-1.9425576,-5.0174556,-3.5381505,-5.3916254,-4.7480006
1253_right.jpg,1253,0,0,0,0,0,0,1,1,-2.6276472,-6.668812,-9.935156,-5.396246,-6.7426224,-2.4512374
1254_right.jpg,1254,0,1,0,0,0,0,0,1,0.9532043,-5.4750123,-4.340389,-2.7991242,-6.273071,-7.944456
1255_right.jpg,1255,0,1,0,0,0,0,0,2,-2.6681876,0.9343307,-8.039248,-3.2460847,-2.4375644,-7.5990744
1256_right.jpg,1256,0,1,0,0,0,0,0,1,-2.9011717,3.0499868,-4.1494007,-4.853269,-6.309178,-8.231633
1258_right.jpg,1258,0,1,0,0,0,0,0,4,-4.774219,10.720198,-11.396193,-7.3835335,-10.186768,-8.767694
1259_right.jpg,1259,0,1,0,0,0,0,0,0,-2.7564197,0.5129289,-7.736725,-10.548176,-4.119697,-6.99128
1260_right.jpg,1260,0,1,0,0,0,0,0,3,-4.7526555,3.6249635,-10.343484,-10.305583,-7.9905725,-7.3343415
1261_right.jpg,1261,0,1,0,0,0,0,0,1,-6.307526,2.2792997,-4.345983,-6.013898,-7.0578485,-5.811304
1262_right.jpg,1262,0,1,0,0,0,0,0,0,-3.8416855,-0.1561425,-8.989478,-6.190815,-9.186439,-4.4435444
1263_right.jpg,1263,0,1,0,0,1,0,0,4,-3.817144,-0.5204738,-4.948977,-6.5962405,-6.301993,-7.419562
1264_right.jpg,1264,0,0,0,0,0,0,0,2,-3.9158337,-4.9418654,2.5668845,-8.026547,-6.735111,-7.7719054
1265_right.jpg,1265,0,1,0,0,0,0,0,1,-3.4756176,-5.461462,-6.5102754,-2.4928238,-8.2871275,-6.0322127
1266_right.jpg,1266,0,1,0,0,0,0,0,4,-3.7737472,1.9362295,-9.923471,-11.166943,-7.530813,-9.643822
1267_right.jpg,1267,0,1,0,0,0,0,0,4,-6.2071395,1.3425504,-4.1579313,-10.810105,-8.38955,-11.139256
1268_right.jpg,1268,0,1,0,0,0,0,0,4,-5.088103,-0.42768353,-6.5304923,-11.061246,-4.5738583,-5.155952
1269_right.jpg,1269,0,1,0,0,0,0,0,4,-4.3760133,0.85097003,-3.6125503,-9.220186,-9.399953,-7.6699634
1270_right.jpg,1270,0,1,0,0,0,0,0,3,-1.2056026,-3.9545903,-7.464664,-7.6697454,-8.231822,-10.57472
1271_right.jpg,1271,0,1,0,0,0,0,0,1,-1.7993526,-2.6794686,-7.6962676,-6.481284,-4.920479,-7.0199757
1272_right.jpg,1272,0,1,0,0,0,0,0,2,-7.5465174,2.3621507,-7.7074833,-6.2457366,-4.5940356,-7.004377
1273_right.jpg,1273,0,1,0,0,0,0,0,3,-2.3435292,2.7977579,-6.3639936,-5.6359196,-3.287829,-3.695543
1276_right.jpg,1276,0,1,0,0,0,0,0,2,-1.3693658,-10.085608,-5.6322956,-7.505926,-2.6305509,-8.263035
1277_right.jpg,1277,0,1,0,0,0,0,0,2,-2.6314344,3.830165,-8.474045,-4.3343315,-4.9776335,-8.530633
1279_right.jpg,1279,0,1,0,0,0,1,0,3,-1.7820247,-1.9502969,-10.932799,-6.200852,-8.114085,-0.18241054
1280_right.jpg,1280,0,0,0,0,0,0,1,2,-1.6024661,-7.0974607,-7.373845,-6.315102,-6.998453,-9.158751
1281_right.jpg,1281,1,1,0,0,0,0,0,1,-5.4222035,2.5715728,-4.652262,-3.8292546,-6.6219897,-5.41916
1282_right.jpg,1282,0,1,0,0,0,0,0,0,-5.0282774,-7.510019,3.3556066,-4.1724887,-6.5968637,-10.346064
1284_right.jpg,1284,0,1,0,0,0,0,0,4,-6.0170608,-9.329888,-11.984936,-7.8092513,-10.069484,-8.962307
1285_right.jpg,1285,1,0,0,0,0,0,0,1,3.502293,1.6386645,-6.4119596,-12.704567,-6.9658017,-10.639996
1286_right.jpg,1286,1,1,0,0,0,0,0,4,8.699293,-0.25619188,-9.436973,-6.8816514,-5.6930833,-6.323312
1287_right.jpg,1287,0,1,0,0,0,0,0,0,-1.4654047,-4.748865,-6.3322906,-7.8253055,-8.837117,0.41428164
1288_right.jpg,1288,0,1,0,0,0,0,0,4,-3.2694557,3.407595,-8.779243,-9.790559,-7.3499575,-3.9173114
1289_right.jpg,1289,0,1,0,0,0,1,0,4,-4.502762,-2.9074037,-6.1788,-7.536172,-10.253623,1.7781675
1290_right.jpg,1290,0,1,0,0,1,0,0,3,5.6956625,-0.7165223,-7.719512,-3.2397738,-4.5452394,-8.07089
1291_right.jpg,1291,0,1,0,0,0,0,0,0,-3.5294526,5.0631676,-4.4984393,-6.659191,-5.5794387,-8.232967
1294_right.jpg,1294,0,1,0,0,0,0,0,0,-4.483209,-0.07685015,-7.1347265,-6.9504395,-4.945285,-8.112395
1295_right.jpg,1295,0,0,0,1,0,0,0,4,-5.640622,-3.2458143,-7.647778,-4.926251,-9.0847025,-12.311636
1296_right.jpg,1296,0,0,0,0,0,0,0,2,-2.2551956,-4.8252892,-3.952914,-7.962645,-4.054308,-9.345832
1297_right.jpg,1297,0,1,0,0,0,0,0,4,-0.13665558,-5.390184,-7.6453557,-4.6089277,-9.19982,-10.589363
1299_right.jpg,1299,0,0,0,0,0,0,1,3,-3.7176247,-7.753464,-7.9644957,-9.929803,-9.038252,-10.286087
1301_right.jpg,1301,0,1,0,0,0,0,0,4,-2.047938,-1.4562234,-10.443923,-6.0720596,-10.769459,-12.191072
1302_right.jpg,1302,1,1,0,0,0,0,0,4,0.6530471,-0.8466126,-10.770107,-2.3205476,-7.540706,-4.9921255
1303_right.jpg,1303,0,0,0,0,1,0,0,3,-2.1473126,-6.423689,-7.4506116,-11.80714,-6.4705243,-7.026007
1304_right.jpg,1304,0,0,0,-1,0,0,0,0,-5.681949,-5.8278055,-4.9725513,-6.1538143,-13.269857,-10.259759
1306_right.jpg,1306,0,1,0,0,0,0,0,1,-4.5159554,-5.3716226,-7.9432955,-6.4979277,-6.465152,-6.9618516
1307_right.jpg,1307,0,1,0,0,0,0,0,0,2.417621,-2.4218216,-4.1095495,-4.702804,-5.6590996,-9.365789
1308_right.jpg,1308,0,0,0,0,0,0,0,4,-1.5097831,6.1075063,-7.8135676,-9.915119,-10.683793,-10.529018
1309_right.jpg,1309,0,1,0,0,1,0,0,3,-2.7617598,-2.2727315,-9.555222,-5.201346,-7.0660815,-12.116323
1310_right.jpg,1310,0,0,0,-1,0,0,0,3,-2.4600663,-8.361907,-6.743077,-7.0040827,-6.870178,-10.388075
1311_right.jpg,1311,0,0,0,0,0,0,0,3,-1.5346596,-9.8142605,-3.665827,-7.230591,-1.1716611,-11.219915
1314_right.jpg,1314,0,1,0,1,0,0,0,1,-1.0915091,-0.8918419,-12.240621,-0.11278476,-8.164476,-2.4741335
1318_right.jpg,1318,0,1,0,0,0,0,0,4,-2.6504946,1.3676642,-3.9017813,-6.9273186,-6.3885965,-5.3020606
1319_right.jpg,1319,0,1,0,0,0,0,0,2,-3.5769184,-6.170898,-5.6882586,-2.4744577,-5.1047416,-12.247233
1325_right.jpg,1325,0,1,0,0,0,0,0,3,-7.233503,0.35785282,-8.56904,-9.804743,-8.983382,-3.510464
1327_right.jpg,1327,0,1,0,0,0,0,0,2,-2.0658636,-2.599827,-8.352615,-4.276696,-6.1227717,-7.628423
1330_right.jpg,1330,0,1,0,0,0,0,0,0,-4.513526,8.646425,-8.463564,-6.2832146,-8.143587,-7.725007
1334_right.jpg,1334,0,1,0,0,0,0,0,4,-5.595506,2.4540405,-9.77334,-6.1828175,-8.98962,-8.654178
1344_right.jpg,1344,0,1,0,0,0,0,0,3,-5.2394004,4.07322,-11.098474,-7.098834,-7.1910477,-12.063557
1345_right.jpg,1345,0,1,0,0,0,0,0,1,-1.6115382,1.7418785,-8.622765,-7.996168,-6.6022606,-9.542956
1349_right.jpg,1349,0,0,0,0,0,1,0,2,1.1603576,-4.551628,-9.088542,-0.1713967,-8.305282,4.2652183
1351_right.jpg,1351,0,1,0,0,0,0,0,1,-3.2013588,-9.04387,-13.777782,-13.460296,-14.477572,-7.5059247
1352_right.jpg,1352,0,1,0,0,0,0,0,2,-2.50951,-4.55404,-4.513703,-6.737918,-5.8003693,-10.33669
1353_right.jpg,1353,0,1,0,0,0,0,0,3,-6.6278067,-5.5022683,-10.359774,-11.084109,-12.150359,-8.262042
1362_right.jpg,1362,0,1,0,0,0,0,0,0,-7.6803594,-0.063457094,-8.201066,-3.5343442,-3.7953022,-7.8477225
1364_right.jpg,1364,1,0,0,0,0,1,0,1,-4.7557583,-5.6273336,-13.390389,-8.157662,-8.100756,6.49631
1365_right.jpg,1365,0,1,0,0,0,0,0,2,-5.0722394,4.667248,-1.3932395,-6.6529417,-5.516136,-9.549286
1371_right.jpg,1371,0,1,0,0,0,0,0,0,-8.435585,3.317793,-8.164066,-9.339431,-9.657848,-6.7431045
1373_right.jpg,1373,0,0,0,0,1,0,0,4,-0.35191494,-7.7892065,-9.126604,-9.784282,-2.1272917,-9.408474
1374_right.jpg,1374,0,1,0,0,0,0,0,3,-4.8133707,0.18454765,-6.678006,-9.740117,-9.682285,-11.359217
1377_right.jpg,1377,0,1,0,0,1,0,0,0,-3.2239869,4.0193334,-5.025165,-8.984659,-4.316463,-8.993551
1378_right.jpg,1378,0,1,0,0,0,0,0,3,-2.246069,-6.6292853,-7.977172,-8.9561405,-10.854407,-8.642559
1383_right.jpg,1383,0,0,0,0,0,0,0,4,-1.492496,-3.1806529,-9.30474,-5.7916584,-8.506119,-9.692339
1386_right.jpg,1386,0,1,0,0,0,0,0,1,-5.279387,2.7597601,-12.826903,2.1659324,-9.805631,-7.8320475
1388_right.jpg,1388,0,1,0,0,0,0,0,1,-6.3845487,9.207586,-7.4381065,-7.9199777,1.4581068,-8.071071
1389_right.jpg,1389,0,1,0,0,0,0,0,2,0.67079514,-1.6738495,-7.270666,-8.67831,-1.4476236,-5.181606
1392_right.jpg,1392,0,1,0,0,0,0,0,0,-1.2104511,2.618657,-2.1617043,-8.171543,-5.309046,-7.918281
1393_right.jpg,1393,0,1,0,0,0,0,0,0,-2.5004797,1.1873419,-12.103311,-6.8099213,-8.622079,0.08276448
1396_right.jpg,1396,0,0,0,0,0,0,0,2,-5.2963514,-4.449873,1.3305221,-8.467029,-4.4220576,-7.712648
1397_right.jpg,1397,0,0,0,0,0,0,1,3,-1.8338735,-6.9992156,-9.537606,-9.092658,-8.241084,-7.872181
1402_right.jpg,1402,1,0,0,0,0,0,0,3,-2.4249759,-2.7676706,-10.731276,-10.739388,-3.8807247,-9.298401
1404_right.jpg,1404,0,0,0,0,0,0,1,4,-3.7622585,-3.8495839,-6.672864,-7.2722836,-2.9156144,-2.394846
1405_right.jpg,1405,0,0,0,0,0,0,0,2,-3.1086903,-0.6803558,4.5597496,-7.7685843,-3.584045,-7.4834914
1406_right.jpg,1406,0,0,0,0,0,0,1,1,-1.5367554,-1.5499159,-3.3722613,-4.089837,-4.4190626,-6.1095405
1408_right.jpg,1408,0,-1,0,0,0,0,0,0,-4.996405,3.279835,-7.504659,-9.086939,-8.203377,-1.5620301
1409_right.jpg,1409,1,-1,0,0,0,0,0,1,3.8851373,-3.385213,-6.522877,-7.9235888,-7.4144087,-4.251697
1410_right.jpg,1410,1,0,0,0,0,0,0,0,-1.2767127,0.3506281,-5.354673,-13.820581,-6.7903614,-9.10189
1411_right.jpg,1411,0,1,0,0,0,0,0,4,-6.4328704,6.149448,-6.094305,-9.474157,-4.4824967,-10.4815035
1412_right.jpg,1412,0,-1,0,0,0,0,0,3,-3.654901,-0.08131487,-6.9133,-9.28416,-8.492412,-13.461642
1413_right.jpg,1413,0,-1,0,0,0,0,0,3,-5.42359,-3.9424477,-4.4874883,-7.77197,-7.22939,-7.220986
1414_right.jpg,1414,0,0,0,0,0,0,1,2,-6.038665,1.2709678,-6.6783476,-4.2453747,-5.492334,-4.9735637
1415_right.jpg,1415,0,-1,1,0,0,0,0,2,-6.5884547,-5.7707996,-4.3870234,-4.3379087,-7.303414,-7.809058
1416_right.jpg,1416,0,-1,0,0,0,0,0,1,-5.065309,-0.3269343,-8.569032,-6.80861,-9.3337145,-5.95377
1417_right.jpg,1417,0,-1,0,0,0,0,0,0,-8.009248,4.54467,-6.0617013,-5.6964207,-5.8390713,-4.0709796
1418_right.jpg,1418,0,0,0,0,0,0,1,3,-4.4374948,-2.1325598,-2.7459626,-4.8709626,-10.367044,-10.604911
1419_right.jpg,1419,0,0,0,-1,0,0,0,2,-2.6654277,-3.4903862,-12.010454,3.1165848,-6.9488373,-5.2810783
1420_right.jpg,1420,0,-1,0,0,0,0,0,3,-3.7502234,-0.650458,-5.918393,-6.642114,-3.8437476,-6.3916245
1421_right.jpg,1421,0,0,0,0,0,0,1,0,-2.88784,-2.4900155,-2.895452,-8.220722,-5.012331,-10.862622
1423_right.jpg,1423,0,0,0,0,0,0,1,3,-5.9658732,-0.024031987,-4.549076,-5.03722,-9.161939,-11.60989
1424_right.jpg,1424,0,0,0,0,0,0,1,4,-2.0274942,-4.660689,-7.5674253,-3.9145944,-7.626523,-2.7912283
1425_right.jpg,1425,0,-1,0,0,0,0,0,2,-2.8170094,2.0506902,-8.969602,-2.933592,-3.3211646,-3.6885195
1426_right.jpg,1426,0,0,0,0,0,0,0,2,-1.0569615,-5.7723465,-4.69349,-8.134458,-8.432418,-7.183326
1427_right.jpg,1427,0,-1,0,0,0,0,0,4,-6.9814563,-1.850518,-8.475761,-11.488452,-8.958731,-11.26159
1428_right.jpg,1428,0,0,0,0,0,0,1,3,-5.823437,1.7105892,-5.643324,-7.0045586,-5.962341,-8.278326
1429_right.jpg,1429,0,0,0,0,0,0,1,0,0.6899502,-13.064081,-9.852411,-9.492275,-10.355224,-12.234562
1431_right.jpg,1431,0,-1,0,0,0,0,0,3,-4.6767077,-2.8269951,-6.6592617,-9.536854,-6.8012457,-9.594987
1433_right.jpg,1433,0,1,0,0,0,0,0,1,-4.765094,1.2319295,-12.14136,-5.97322,-3.821187,-10.99593
1434_right.jpg,1434,1,-1,0,0,0,0,0,0,-2.479978,8.037113,-4.1147776,-4.022066,-3.3681552,-6.3438854
1435_right.jpg,1435,0,0,0,0,0,0,1,3,-2.7380643,-3.8242936,-1.1626484,-8.396239,-8.699708,-9.402725
1436_right.jpg,1436,0,1,0,0,0,0,0,2,-2.6157207,-3.9739482,-5.832965,-4.924219,-2.027441,-10.097414
1439_right.jpg,1439,0,0,0,0,0,0,1,2,-3.8336408,-4.756466,-7.545425,-6.420285,-7.560169,-8.518736
1440_right.jpg,1440,0,1,0,0,0,0,0,2,-6.294528,0.5510739,-8.44318,-8.29571,-10.759654,-7.486978
1441_right.jpg,1441,0,0,0,0,0,0,1,3,-0.10084687,-2.4403126,-12.999481,-8.810982,-7.6771517,-10.830664
1443_right.jpg,1443,0,1,0,0,0,0,0,0,-1.7768465,-1.3238791,-6.0773478,-6.3130846,-6.246542,-8.591597
1444_right.jpg,1444,0,0,0,0,0,0,1,1,-1.9873674,-9.303236,-3.8699605,-11.541904,-9.645238,-10.426656
1447_right.jpg,1447,0,0,0,0,0,0,1,0,-4.7842975,-0.016422536,-2.6277514,-10.933475,-7.954105,-5.476347
1450_right.jpg,1450,0,0,0,0,0,0,1,1,-4.8094854,-0.14839233,-8.224555,-5.8325605,-6.45113,-8.593138
1452_right.jpg,1452,0,0,0,0,0,0,1,3,-4.515951,-4.967985,-6.503693,-7.600546,-11.2274,-10.788555
1453_right.jpg,1453,0,1,0,0,0,0,0,1,-7.2872477,2.6982172,-8.704345,-7.695858,-6.856367,-6.5978436
1454_right.jpg,1454,0,0,1,0,0,0,0,0,-5.578156,-4.327378,6.0676913,-7.392813,-5.588334,-11.64758
1458_right.jpg,1458,0,1,0,1,0,0,0,0,-5.859441,-0.99100393,-10.271832,1.7605901,-7.0725517,-7.01299
1460_right.jpg,1460,0,0,1,0,0,0,0,3,-5.3736744,-7.650476,0.44404376,-9.773987,-5.259585,-8.981627
1462_right.jpg,1462,0,0,0,0,0,0,0,1,-3.569696,-6.941654,-8.893216,-6.531228,-6.5629187,-4.654479
1465_right.jpg,1465,0,1,0,0,0,0,0,3,-0.9598855,-3.6762626,-4.5286694,-7.142051,-3.9101818,-9.049831
1468_right.jpg,1468,0,0,0,0,0,0,1,4,-6.794563,-3.2169113,2.284877,-13.445943,-8.037861,-8.000635
1469_right.jpg,1469,0,1,0,0,0,0,0,0,-1.811399,-1.303818,-5.485842,-11.38317,-5.4885955,-10.522129
1470_right.jpg,1470,0,1,0,0,0,0,0,0,-4.03844,-8.624171,-13.68333,-8.642699,-18.137537,-10.583419
1471_right.jpg,1471,0,0,0,0,0,0,0,1,1.6315683,-4.4373207,-3.9872108,-7.603661,-3.843243,-8.516726
1473_right.jpg,1473,0,1,0,0,0,0,0,4,-4.010491,0.72878635,-9.63238,-4.766058,-8.916397,-8.969726
1474_right.jpg,1474,0,0,0,-1,0,0,0,3,-3.3111992,-0.7855532,-10.713316,1.4416455,-11.366317,-10.635699
1475_right.jpg,1475,0,0,0,0,0,0,0,2,-3.2341776,-5.088667,-1.8063664,-7.4307947,-6.435455,-10.8455715
1476_right.jpg,1476,0,1,0,0,0,0,0,3,-7.4807596,0.0586266,-9.839154,-8.499252,-12.886008,-7.505461
1477_right.jpg,1477,0,1,0,0,0,0,0,2,-2.7753773,-1.239854,-4.5199666,-8.166307,-6.1224837,-6.0468116
1478_right.jpg,1478,0,0,0,0,0,0,1,2,-3.8846788,4.343728,-7.8027015,-8.473515,-9.161307,-7.5421605
1479_right.jpg,1479,0,0,0,0,0,0,1,4,-8.134327,-5.701151,-6.7022123,-10.165971,-7.647612,-6.350318
1480_right.jpg,1480,0,1,0,0,0,0,0,4,-1.196485,0.7807646,-3.8021295,-4.084939,-3.0545514,0.2839078
1482_right.jpg,1482,1,0,0,0,0,0,0,4,4.5141444,0.41770983,-12.91395,-12.265408,-6.5157366,-13.291645
1483_right.jpg,1483,0,0,1,0,0,0,0,4,-2.7345262,-4.541835,-1.6092532,-7.8861747,-7.0372562,-7.291521
1484_right.jpg,1484,0,0,1,0,0,0,0,3,-6.1277094,-5.9637065,1.201856,-6.5093145,-7.007782,-9.787753
1485_right.jpg,1485,0,1,0,0,0,0,0,4,-6.4413037,4.5692024,-8.869822,-8.201807,-8.806578,-8.955119
1486_right.jpg,1486,0,0,0,0,0,0,1,0,-5.381983,-5.816274,-10.925054,-6.8215046,-11.616338,-2.7508895
1487_right.jpg,1487,0,1,0,0,0,0,0,0,-7.5605597,-5.8080144,-4.6544566,-7.3611875,-7.1569767,-13.793648
1488_right.jpg,1488,1,1,0,0,0,0,0,2,1.3685801,-1.7541709,-7.5518756,-9.295058,-3.5506568,-7.4428873
1489_right.jpg,1489,0,0,0,0,0,0,1,1,-2.6260443,-3.5157266,-3.027834,-4.1841564,-3.0791733,-7.444371
1490_right.jpg,1490,0,0,1,0,0,0,0,2,-4.7076335,-6.9615803,0.21591897,-6.528754,-8.327393,-6.8585463
1491_right.jpg,1491,0,0,0,0,0,0,1,0,-3.3467915,-4.4498944,-2.837503,-9.307493,-3.3396366,-9.280959
1492_right.jpg,1492,0,1,0,0,0,0,0,2,-7.662701,5.338372,-8.529163,-3.9007874,-7.5111184,-9.246012
1493_right.jpg,1493,0,0,0,0,0,0,1,3,-4.0985537,-0.94588697,-4.4457736,-5.214614,-6.821649,-6.962019
1494_right.jpg,1494,0,0,0,0,0,0,1,4,-2.4938083,-1.3818468,-7.712654,-8.012387,-7.840234,-9.516653
1495_right.jpg,1495,0,1,0,0,0,0,0,2,-1.0461186,-1.8137088,-5.6286306,-4.483829,-4.1479044,-7.3974967
1496_right.jpg,1496,1,1,0,0,0,0,0,0,4.4767056,-2.544672,-10.653922,-7.572159,-6.4924803,-3.3512256
1497_right.jpg,1497,0,1,0,0,0,0,0,4,-5.3957305,-5.823193,-7.2087584,-10.245333,-9.803407,-5.667563
1498_right.jpg,1498,0,0,0,0,0,0,1,0,-6.2254095,-5.018124,-6.3612475,-8.732132,-10.647428,-6.183263
1503_right.jpg,1503,0,1,0,0,0,0,0,3,-7.4775834,3.2661536,-8.7662945,-11.999611,-14.133477,-10.198762
1507_right.jpg,1507,0,1,0,0,0,0,0,2,-4.44444,0.037436202,-11.2444725,-10.825436,-12.955899,-3.7747574
1510_right.jpg,1510,0,1,0,0,0,0,0,0,-5.2615695,-5.564724,-5.394748,-7.30625,-4.2525644,-9.3475
1513_right.jpg,1513,0,0,0,0,0,1,0,3,-3.6875415,0.43509653,-8.17851,-6.5174947,-7.1292233,-5.408373
1514_right.jpg,1514,0,0,0,0,0,0,1,1,0.058328986,-10.95825,-12.249174,-9.096226,-6.4468665,-12.056026
1515_right.jpg,1515,0,0,0,0,0,0,1,1,-4.2996163,-3.1170788,1.5288877,-8.876334,-4.3601513,-7.867391
1516_right.jpg,1516,0,0,0,0,0,0,0,4,-5.5249777,-5.9618444,-4.2938113,-7.3509674,-6.882754,-2.7337146
1519_right.jpg,1519,0,0,0,0,0,1,0,4,-3.2439337,-4.425658,-8.856377,-8.486571,-8.914263,-1.5873392
1520_right.jpg,1520,0,0,0,0,0,1,0,3,-5.7405586,-6.9041452,-9.328942,-5.2769437,-7.3703337,-2.9701161
1523_right.jpg,1523,0,0,0,0,0,1,0,4,1.2389288,-1.5884991,-8.986867,-7.089026,-1.2367959,-7.051996
1526_right.jpg,1526,0,0,0,0,0,1,0,0,-1.0024604,-7.484529,-10.328882,-3.9923632,-5.5815754,-1.0832416
1527_right.jpg,1527,0,0,0,0,0,1,0,1,-7.8333173,-4.311494,-3.4955027,-5.350954,-7.24227,4.298281
1528_right.jpg,1528,0,0,0,0,0,1,0,3,-8.305394,-4.7787595,-11.178563,-4.538123,-9.098239,9.0525
1529_right.jpg,1529,0,0,0,0,0,1,0,3,0.4536215,-10.022383,-12.195659,-11.654456,-11.546065,-2.2578485
1530_right.jpg,1530,0,0,0,0,0,1,0,1,-2.6079865,-4.99548,-7.6724877,-5.6687064,-4.2781196,4.896431
1531_right.jpg,1531,0,0,0,0,0,1,0,1,-3.0994184,-8.283911,-8.826469,-9.617756,-8.571751,10.796161
1532_right.jpg,1532,0,0,0,0,0,1,0,2,-3.339375,-3.8400655,-10.701256,-5.540139,-9.041436,-0.38758537
1533_right.jpg,1533,0,0,0,0,0,1,0,2,-2.3254876,-5.2203197,-7.4257226,-5.8021283,-8.41418,9.621074
1534_right.jpg,1534,0,0,0,0,0,1,0,4,-3.996611,-7.3330708,-8.803566,-6.969083,-5.1081414,4.4594574
1535_right.jpg,1535,0,0,0,0,0,1,0,4,-6.41065,-5.670237,-5.8692136,-11.6043215,-6.8643494,8.479093
1536_right.jpg,1536,0,0,0,0,0,1,0,1,-1.4496403,-3.5816092,-3.3036094,-8.121762,-7.0520043,3.0164921
1537_right.jpg,1537,0,0,0,0,0,1,0,3,-8.029485,-8.506812,-6.17107,-12.941271,-14.424643,15.565848
1538_right.jpg,1538,0,0,0,0,0,1,0,2,-1.3165364,-9.3727865,-4.936864,-5.083045,-10.75134,10.4451275
1539_right.jpg,1539,0,0,0,0,0,1,0,3,-5.119719,-1.9903618,-7.9638667,-8.592874,-11.613194,11.684038
1540_right.jpg,1540,0,0,0,0,0,1,0,0,-0.48646376,-4.2858925,-2.9255798,-8.261414,-6.335011,1.392977
1541_right.jpg,1541,0,0,0,0,0,0,1,3,-2.6854718,-5.210173,-7.4077587,-6.596685,-6.934842,-7.9681716
1543_right.jpg,1543,0,0,0,0,0,1,0,0,-4.479775,-7.865422,-5.605901,-7.920141,-7.1875434,0.6070928
1544_right.jpg,1544,0,0,0,0,0,1,0,1,-2.811743,-8.273445,-8.47373,-4.684377,-9.528189,8.137157
1545_right.jpg,1545,0,0,0,0,0,1,0,3,-4.4785595,-4.776686,-8.171711,-8.312365,-8.804954,14.164411
1546_right.jpg,1546,0,0,0,0,0,1,0,0,-9.287557,-10.181585,-7.2763414,-5.8401284,-13.206055,10.114751
1547_right.jpg,1547,0,0,0,0,0,1,0,3,-5.2267976,-8.77003,-6.1183696,-9.54683,-8.123335,13.271819
1548_right.jpg,1548,0,0,0,0,0,1,0,0,-3.8486135,-7.000877,-9.408795,-5.7512355,-7.763892,7.9560103
1549_right.jpg,1549,0,0,0,0,0,1,0,3,0.15199196,-6.3884344,-2.48189,-4.3776045,-9.565642,-1.240437
1550_right.jpg,1550,0,0,0,0,0,1,0,3,-4.2242765,-10.299805,-11.510327,-12.232049,-12.164524,12.811112
1551_right.jpg,1551,0,0,0,0,0,1,0,0,-7.417584,-12.902389,-8.743628,-8.220842,-12.294068,10.69859
1552_right.jpg,1552,0,0,0,0,0,1,0,3,-4.2459164,-7.25258,-11.523004,-3.3554676,-10.481256,0.8619017
1553_right.jpg,1553,0,0,0,0,0,1,0,3,-2.8228164,-5.474473,-7.120501,-6.9595637,-9.654068,6.2559657
1554_right.jpg,1554,0,0,0,0,0,1,0,4,-4.7669168,-5.344953,-5.392837,-5.3331738,-8.286647,7.474194
1555_right.jpg,1555,0,0,0,0,0,1,0,2,-3.7653475,-5.008846,-7.801284,-3.7604373,-10.752214,10.364794
1556_right.jpg,1556,0,0,0,0,0,0,1,0,-5.3806543,-9.185199,-12.538458,-8.553308,-7.8888783,-4.6483417
1557_right.jpg,1557,0,0,0,0,0,1,0,1,-3.6438704,-3.3701377,-3.8476923,-4.0742483,-7.3584757,7.2481914
1558_right.jpg,1558,0,0,0,0,0,1,0,0,-3.620674,-9.339779,-5.9669547,-8.763994,-7.191623,10.876076
1559_right.jpg,1559,0,0,0,0,0,1,0,1,-6.7544007,-8.652795,-14.444231,-4.8085127,-11.004727,7.8577847
1560_right.jpg,1560,0,0,0,0,0,1,0,2,-5.1998115,-8.271004,-6.02088,-4.054458,-10.920946,12.347569
1561_right.jpg,1561,0,0,0,0,0,1,0,1,-3.0095131,-8.055305,-8.719091,-5.330909,-13.70321,6.3750024
1562_right.jpg,1562,0,0,0,0,0,1,0,2,-4.961427,-3.587789,-10.468398,-6.7855296,-6.1982727,10.273363
1563_right.jpg,1563,0,0,0,0,0,1,0,3,-8.284651,-8.811093,-9.820715,-8.210729,-13.266253,12.037144
1564_right.jpg,1564,0,0,0,0,0,1,0,2,-5.8101163,-9.814915,-9.270557,-7.123558,-12.408937,9.151585
1565_right.jpg,1565,0,0,0,0,0,1,0,3,-4.5003796,-8.206403,-4.896197,-8.605525,-11.686638,9.586412
1567_right.jpg,1567,0,0,0,0,0,1,0,1,-5.802459,-8.019014,-10.393082,-8.130438,-7.558434,5.839776
1568_right.jpg,1568,0,0,0,0,0,1,0,4,-5.9107003,-10.668828,-9.47169,-8.752227,-8.341761,11.92142
1569_right.jpg,1569,0,0,0,0,0,1,0,2,-2.1088347,-5.507049,-5.148197,-5.376346,-9.641528,6.5108786
1570_right.jpg,1570,0,0,0,0,0,1,0,3,-2.9230356,-7.759348,-5.014345,-6.786021,-9.573543,8.197483
1572_right.jpg,1572,0,0,0,0,0,1,0,1,-3.6147726,-7.1554956,-6.309777,-5.83118,-7.1983676,7.2487164
1573_right.jpg,1573,0,0,0,0,0,1,0,1,-3.8562012,-3.4793808,-11.07331,-4.1370926,-5.2391534,9.108284
1574_right.jpg,1574,0,0,0,0,0,1,0,0,-6.720106,-4.0733786,-10.418245,-2.591898,-5.8528357,7.2116613
1576_right.jpg,1576,0,0,0,0,0,1,0,2,-2.1736982,-2.8795915,-7.4634514,-4.4443264,-7.898632,9.093248
1578_right.jpg,1578,0,0,0,0,0,1,0,4,-7.361968,-6.949561,-5.6710005,-5.3751106,-10.039076,11.280935
1579_right.jpg,1579,0,0,0,0,0,1,0,0,-6.2938933,-10.64338,-8.895117,-5.681974,-8.6453905,9.665498
1580_right.jpg,1580,0,0,0,0,0,1,0,4,-0.17065588,-5.358546,-11.628437,-4.638764,-9.455249,6.271112
1581_right.jpg,1581,0,0,0,0,0,1,0,1,-4.1200666,-7.6677165,-7.547055,-8.418561,-7.809093,8.914648
1583_right.jpg,1583,0,0,0,0,0,1,0,0,-6.2584124,-3.6264703,-6.0935354,-5.713715,-6.4704986,8.153066
1584_right.jpg,1584,0,0,0,0,0,1,0,4,-3.916725,-6.071319,-11.618547,-3.9617803,-5.6794295,8.811767
1585_right.jpg,1585,0,0,0,0,0,1,0,2,-3.1965032,-5.124871,-7.3443713,-3.8732471,-7.6730924,3.8448575
1586_right.jpg,1586,0,0,0,0,0,1,0,3,-2.7931426,-6.9710903,-13.395681,-5.536712,-14.311849,7.940466
1588_right.jpg,1588,0,0,0,0,0,1,0,2,-3.1366017,-5.126343,-5.3429956,-3.7947035,-8.005596,8.881695
1589_right.jpg,1589,0,0,0,0,0,1,0,4,-4.816307,-6.079748,-9.312473,-4.748968,-4.1430445,14.28654
1590_right.jpg,1590,0,0,0,0,0,1,0,0,-2.884635,-4.7768683,-7.4399176,-4.43029,-10.494973,6.393923
1593_right.jpg,1593,0,0,0,0,0,1,0,1,-2.1779985,-5.6368093,-12.522995,-7.255331,-7.6589417,10.502681
1594_right.jpg,1594,0,0,0,0,0,1,0,0,-1.6984577,-8.389902,-6.3386536,-6.1855297,-11.602573,6.567049
1595_right.jpg,1595,0,0,0,0,0,1,0,0,-5.805897,-3.3016565,-5.9137125,-6.322531,-5.477486,9.553086
1597_right.jpg,1597,0,0,0,0,0,1,0,3,-7.0350943,-4.065895,-9.472839,-7.0841947,-6.90339,3.6790419
1599_right.jpg,1599,0,0,0,0,0,1,0,0,-5.149588,-9.088158,-5.8985815,-7.073016,-9.345066,7.278149
1600_right.jpg,1600,0,0,0,0,0,1,0,0,-5.2479806,-6.2693515,-8.841357,-8.583987,-8.734917,7.942977
1601_right.jpg,1601,0,0,0,0,0,1,0,2,-4.374135,-4.0375433,-5.3960805,-9.107915,-12.250724,9.61364
1602_right.jpg,1602,0,0,0,0,0,1,0,1,-4.800888,-7.513828,-10.303534,-5.031943,-11.801955,12.675098
1603_right.jpg,1603,0,0,0,0,0,1,0,4,-3.962721,-7.4020743,-6.319166,-9.369875,-9.6695795,9.378542
1605_right.jpg,1605,0,0,0,0,0,1,0,0,-4.3456907,-12.773333,-11.271693,-9.369419,-12.325838,9.254474
1606_right.jpg,1606,0,0,0,0,0,1,0,2,-5.1557517,-10.076763,-7.886882,-7.6176715,-13.39479,14.494065
1607_right.jpg,1607,0,0,0,0,0,1,0,4,-0.93153214,-12.910653,-7.7747035,-7.657222,-6.7376914,5.6634283
1609_right.jpg,1609,0,0,0,-1,0,0,0,3,-3.8497365,3.1128402,-7.3727093,-0.06959722,-6.389263,-6.6729827
1610_right.jpg,1610,0,0,0,0,0,0,1,4,-2.3027217,-6.663778,-6.378828,-2.7586586,-9.602757,-10.680076
1611_right.jpg,1611,0,0,0,0,0,0,1,4,-3.0084426,-9.228597,-10.044634,-4.0274906,-6.2181616,-6.6349306
1612_right.jpg,1612,0,0,0,0,0,1,0,2,-1.4511694,-9.97226,-8.095189,-8.745519,-11.363523,9.292257
1613_right.jpg,1613,0,0,0,0,0,1,0,0,-2.5245404,-8.936263,-9.908726,-4.542663,-10.22499,9.265868
1614_right.jpg,1614,0,0,0,0,0,1,0,0,-4.929819,-10.789292,-6.5440226,-5.726149,-7.327009,4.9992056
1615_right.jpg,1615,0,0,0,0,0,1,0,0,-3.0021317,-7.3894787,-7.873242,-7.0110393,-9.80964,7.8627825
1616_right.jpg,1616,0,0,0,0,0,1,0,4,-5.1088767,-12.739088,-9.672408,-10.267648,-7.4106717,11.484214
1617_right.jpg,1617,0,0,0,0,0,1,0,4,-7.7621713,-11.003213,-7.9471564,-9.276549,-10.5846,12.496988
1618_right.jpg,1618,0,0,0,0,0,1,0,4,-4.0213995,-9.804853,-5.261309,-12.01982,-7.2588983,9.564243
1619_right.jpg,1619,0,0,0,0,0,1,0,2,-3.415642,-7.434911,-6.870262,-3.6308308,-9.567673,9.5889635
1620_right.jpg,1620,0,0,0,0,0,1,0,3,-6.541108,-6.5437794,-7.744849,-5.906893,-12.205609,9.139591
1621_right.jpg,1621,0,0,0,0,0,1,0,0,-8.068457,-9.804859,-9.354059,-5.5131907,-13.411554,6.856741
1623_right.jpg,1623,0,0,0,0,0,1,0,2,-3.4374774,-10.221585,-8.937447,-12.343337,-7.814523,3.338998
1624_right.jpg,1624,0,0,0,0,0,1,0,4,-8.093065,-13.132536,-10.317797,-11.145029,-7.4348207,16.12382
1629_right.jpg,1629,0,0,0,0,0,1,0,2,-7.768028,-7.257702,-5.2771587,-7.3872523,-8.938878,11.748496
1630_right.jpg,1630,0,0,0,0,0,1,0,3,-4.1041026,-9.003666,-5.0191536,-11.984402,-9.110535,9.21487
1642_right.jpg,1642,0,0,0,0,0,1,0,2,-2.5175958,-4.7721944,-1.7227831,-5.1071095,-8.750314,8.41189
1644_right.jpg,1644,0,0,0,0,0,1,0,1,-3.6995945,-12.129618,-11.721115,-7.9508843,-14.7299,11.949961
1647_right.jpg,1647,0,0,0,0,0,1,0,2,-4.467559,-5.8230343,-8.254207,-5.841587,-9.170643,6.4429574
1652_right.jpg,1652,0,0,0,0,0,1,0,3,-7.139529,-0.017937249,-8.475302,-10.191134,-8.849562,-2.7040918
1657_right.jpg,1657,1,0,0,0,0,0,0,0,0.24808946,-6.6401753,-8.669318,-6.8638306,-9.365176,-9.727254
1659_right.jpg,1659,0,0,0,0,0,1,0,0,-5.3520713,-8.426031,-9.017512,-3.711298,-13.0153,8.747411
1663_right.jpg,1663,0,0,0,0,0,0,1,1,-2.4153821,-2.6303353,-5.923863,-0.20906565,-5.811478,-8.974002
1664_right.jpg,1664,0,0,0,0,0,1,0,3,-2.891625,-5.4161816,-7.240318,-9.810257,-14.275182,9.427104
1666_right.jpg,1666,0,0,0,0,0,1,0,0,-4.5546117,-12.557231,-6.975653,-5.532776,-10.66587,11.94352
1673_right.jpg,1673,0,0,0,0,0,1,0,2,-4.7413507,-7.073774,-9.5521965,-2.3386781,-10.746615,8.922737
1674_right.jpg,1674,0,0,0,0,0,0,0,0,-1.8538622,-5.76774,3.7179646,-6.226897,-1.9853926,-6.4798937
1677_right.jpg,1677,0,0,0,0,0,1,0,3,-1.5287831,-6.80377,-2.6841943,-12.094012,-9.408773,1.4210358
1681_right.jpg,1681,0,0,0,0,0,1,0,4,-4.3901696,0.23215805,-8.431214,-6.757639,-5.4885716,4.821392
1683_right.jpg,1683,0,0,0,0,0,1,0,4,-4.5749974,-6.092398,-7.191791,-1.5823667,-5.5957875,13.01689
1686_right.jpg,1686,0,0,0,0,0,1,0,1,-4.755178,-3.1589363,-6.6259313,-2.7275352,-8.525221,5.6288853
1694_right.jpg,1694,0,0,0,0,0,1,0,1,-6.004508,-4.056448,-8.672331,-4.823504,-7.8284316,11.743773
1706_right.jpg,1706,1,0,0,0,0,1,0,4,-7.8928056,-11.45504,-4.657876,-10.375786,-10.407255,9.969156
1718_right.jpg,1718,1,0,0,0,0,1,0,2,-3.2456863,-6.2355943,-11.157693,-2.357473,-6.641172,9.547232
1731_right.jpg,1731,1,0,0,0,0,-1,0,1,-2.5008125,-0.79678506,-8.581366,-0.2343239,-10.895938,-3.9992762
1799_right.jpg,1799,0,0,0,1,0,0,0,2,-1.7832083,-8.866324,-6.4681864,-3.1914911,-8.628381,2.042923
1801_right.jpg,1801,0,0,0,1,0,0,0,0,-7.9502244,-5.7282567,-9.273391,10.020507,-5.987402,-7.6287127
1817_right.jpg,1817,0,0,0,1,0,0,0,2,-3.4904187,-2.7667801,-9.857383,6.2832565,-8.532552,-6.56411
1819_right.jpg,1819,0,0,0,1,0,0,0,1,-2.491232,-2.9996521,-7.394293,5.3290744,-7.3648925,-9.458812
1820_right.jpg,1820,0,0,0,1,0,0,0,2,-3.8337452,-2.514847,-3.5819006,8.199235,-8.437175,-4.747076
1829_right.jpg,1829,0,0,0,1,0,0,0,4,-6.0133476,-7.3894644,-9.831211,7.960713,-12.897805,-6.8929973
1830_right.jpg,1830,0,0,0,1,0,0,0,1,-3.0551126,-4.1661444,-12.13339,0.45742905,-9.75503,-5.24691
1831_right.jpg,1831,0,0,0,1,0,0,0,1,-5.6230726,-6.9334626,-11.478601,10.462356,-12.387448,-8.611677
1833_right.jpg,1833,0,0,0,0,1,0,0,0,-0.57087654,-3.3454587,-9.036301,-4.972157,0.9514343,-8.241533
1834_right.jpg,1834,0,0,0,1,0,0,0,1,-4.7600203,-11.713075,-8.926653,8.235181,-9.547249,-14.119361
1835_right.jpg,1835,0,0,0,1,0,0,0,0,0.6015228,-8.89033,-9.334898,-2.4282222,-3.5003133,-8.349832
1836_right.jpg,1836,0,0,0,1,0,0,0,2,-5.9174614,-0.7829433,-7.6847878,9.49832,-1.9044881,-3.566569
1837_right.jpg,1837,0,0,0,1,0,0,0,1,-2.733711,-3.9351814,-14.022832,3.7607064,-10.068295,2.0183036
1838_right.jpg,1838,1,0,0,0,0,0,0,3,-1.2554924,-11.466774,-12.994165,-2.3316612,-7.1332636,-5.043933
1840_right.jpg,1840,0,0,0,1,0,0,0,1,-7.19967,-6.380247,-8.698542,8.480285,-5.62509,-11.153763
1841_right.jpg,1841,0,0,0,1,0,0,0,0,-1.2588518,-2.0855434,-11.249908,0.099920325,-6.4346538,-7.5606446
1843_right.jpg,1843,0,0,0,1,0,0,0,2,-5.673123,-6.159112,-7.88454,7.8494167,-9.204139,-2.8436692
1844_right.jpg,1844,0,0,0,1,0,0,0,4,-4.4382095,-9.484868,-11.360264,6.8212056,-13.74342,-8.346295
1845_right.jpg,1845,0,0,0,1,0,0,0,4,0.24476355,-4.8170533,-4.969602,3.8059921,-3.620804,-6.409101
1846_right.jpg,1846,0,0,0,1,0,0,0,2,-5.561085,-4.815804,-2.4342601,1.6172197,-6.575039,-5.4171414
1847_right.jpg,1847,0,0,0,1,0,0,0,1,-6.2550945,-7.453124,-7.726817,7.7221484,-8.751021,-9.075725
1850_right.jpg,1850,0,0,0,1,0,0,0,2,-2.3650973,-4.7806106,-9.412523,8.4075165,-8.664214,-5.97001
1853_right.jpg,1853,0,0,0,1,0,0,0,3,-3.7630274,-3.0700908,-10.347844,3.6252007,-3.9091613,-11.306582
1854_right.jpg,1854,0,0,0,1,0,0,0,4,-4.6534395,-5.5375247,-6.16119,-2.157581,-7.5982165,5.9664884
1856_right.jpg,1856,0,0,0,1,0,0,0,3,-3.331464,-0.7890506,-12.952853,3.6127992,-7.620125,-9.186175
1857_right.jpg,1857,0,0,0,1,0,0,0,3,-3.505423,-6.321639,-9.954985,-8.9930725,-4.313399,-10.123372
1859_right.jpg,1859,0,0,0,1,0,0,0,4,-2.3043146,-5.800071,-9.416869,-2.513783,-10.402446,-9.179872
1862_right.jpg,1862,0,0,0,1,0,0,0,1,-7.3153186,-6.536026,-8.678346,5.9486804,-10.371165,-7.3556013
1865_right.jpg,1865,0,0,0,0,0,0,0,4,-8.197332,-5.9679055,1.2240934,-12.421643,-5.6756315,-3.823317
1867_right.jpg,1867,0,0,0,0,1,0,0,1,-0.87535024,-10.049196,-11.612929,-7.9984818,-10.033862,-7.551413
1868_right.jpg,1868,0,0,0,1,0,0,0,2,-3.1481116,-7.8478,-7.52038,9.2890835,-9.628073,-10.353424
1869_right.jpg,1869,0,0,0,1,0,0,0,3,-7.5173807,-0.8422781,-2.6549823,7.342033,-10.330686,-5.1262155
1872_right.jpg,1872,0,0,0,1,0,0,0,3,0.5979787,-6.6666393,-10.225397,-1.2608967,-7.775414,-10.228533
1873_right.jpg,1873,0,0,0,1,0,0,0,3,-4.515177,-7.133035,-10.439057,0.16748835,-8.117048,-8.157423
1874_right.jpg,1874,0,0,0,1,0,0,0,1,-2.9707522,-6.907556,-6.746739,-5.393179,-9.9936285,-6.4358068
1876_right.jpg,1876,0,0,0,1,0,0,0,4,-1.1289005,-3.7650592,-4.449415,3.20148,-7.1459,-13.706669
1877_right.jpg,1877,0,0,0,1,0,0,0,1,-8.67891,-4.767199,-7.1344247,6.955332,-7.806624,-10.19321
1878_right.jpg,1878,0,0,0,1,0,0,0,2,-1.085326,-11.092947,-9.482998,-1.7860038,-10.291759,-6.783329
1879_right.jpg,1879,0,0,0,1,0,0,0,4,-5.577513,-7.01997,-16.750586,-0.6679695,-13.378993,-13.534827
1880_right.jpg,1880,0,0,0,1,0,0,0,2,0.073218755,-6.5250626,-10.47227,2.5620213,-8.874719,-7.8520055
1881_right.jpg,1881,0,1,0,1,0,0,0,4,-6.380369,-7.082161,-14.0669775,2.6201553,-12.775524,-3.7477493
1884_right.jpg,1884,0,0,0,1,0,0,0,3,-5.007881,-4.4453917,-11.426866,10.3847885,-5.9564586,-6.0973372
1885_right.jpg,1885,0,0,0,1,0,0,0,3,-2.1397789,-5.7771654,-12.32524,5.0548153,-6.0680428,-10.804153
1886_right.jpg,1886,0,0,0,1,0,0,0,3,-4.017524,-8.351879,-8.2027025,-0.20796992,-10.406945,-5.6139503
1889_right.jpg,1889,0,0,0,1,0,0,0,0,-6.1803555,-2.7491114,-7.46678,9.471044,-6.365239,-6.850977
1890_right.jpg,1890,0,0,0,0,0,0,1,1,-3.4242504,-4.2769055,-6.286526,-0.59612304,-4.153269,-8.67874
1891_right.jpg,1891,0,0,0,1,0,0,0,0,-3.450383,-0.4269565,-9.234347,2.5804226,-5.610561,-1.9174929
1892_right.jpg,1892,0,0,0,1,0,0,0,0,-5.827477,-1.0183154,-3.7802935,0.20179455,-5.5911655,-8.094649
1893_right.jpg,1893,0,0,0,1,0,0,0,1,-2.513514,-6.5273414,-9.041123,6.3245087,-6.8288,-5.783848
1919_right.jpg,1919,0,0,0,1,0,0,0,3,-0.2541399,-5.9457335,-8.809583,-0.29400903,-8.367025,-3.0289261
1942_right.jpg,1942,1,0,0,1,0,0,0,2,4.8708167,-4.963057,-10.130371,1.2366822,-7.397743,-8.057913
1959_right.jpg,1959,0,1,0,0,0,0,0,3,-5.292364,3.3421254,-9.841958,-7.471556,-8.320871,-9.42823
1963_right.jpg,1963,0,1,0,0,0,0,0,4,-9.121635,8.154088,-8.16666,-5.8124933,-7.77904,-7.1266685
1964_right.jpg,1964,0,0,0,0,0,0,0,4,-3.7414076,-3.0642467,-11.649242,-0.06364823,-7.986594,-10.804533
1967_right.jpg,1967,0,1,0,0,0,0,0,4,-3.3818097,-0.36675075,-12.139403,-11.902825,-10.28196,-7.7746983
1970_right.jpg,1970,0,0,0,-1,0,0,0,3,-10.206677,0.85199296,-10.620224,5.1215544,-7.923662,-5.0770497
1971_right.jpg,1971,1,0,0,0,0,1,0,0,-3.9672832,1.9961333,-10.908839,-5.849099,-8.073306,2.7474983
1975_right.jpg,1975,0,0,0,0,0,0,1,2,-0.6505555,-2.3483293,-7.642026,-8.852941,-9.541303,-6.767342
1977_right.jpg,1977,0,1,0,0,0,0,0,2,-6.8912377,-1.718779,-2.1310227,-10.830572,-11.007506,-7.262261
1985_right.jpg,1985,0,0,0,0,0,0,0,1,-1.1297705,-1.6600354,-8.443585,-3.2277122,1.777862,-9.889254
1986_right.jpg,1986,0,0,0,-1,0,0,0,1,-4.1965427,-7.0186806,-10.419204,-6.835757,-11.351709,-9.232837
1987_right.jpg,1987,0,0,0,0,0,0,0,3,-2.3431702,-7.27308,-5.255258,-10.088745,-9.381129,-9.086949
1989_right.jpg,1989,0,0,0,0,1,0,0,4,-2.698158,-8.439891,-6.7660856,-4.7413936,-14.645921,-9.248202
1990_right.jpg,1990,0,1,0,0,0,0,0,2,2.3542075,-11.322232,-5.336452,-6.476158,-3.7028725,-7.8284893
1994_right.jpg,1994,1,0,0,0,0,0,0,1,0.8438035,-5.6595936,-8.835521,-7.274399,-1.0368103,-10.496584
1999_right.jpg,1999,0,1,0,0,0,0,0,2,1.6513999,0.7037016,-8.067505,-4.573287,-4.4258194,-7.8156915
2004_right.jpg,2004,0,0,0,0,1,0,0,0,2.696024,-1.7574139,-7.9543724,-7.819272,1.8373065,-8.089957
2006_right.jpg,2006,0,0,0,0,0,0,0,0,-1.9932213,-4.76821,-8.922679,-4.071308,-4.060327,-8.285013
2020_right.jpg,2020,0,0,0,0,0,0,1,4,1.3782779,-3.2425334,-5.6767874,-11.464371,-4.765961,-11.905672
2030_right.jpg,2030,1,1,0,0,0,0,0,1,5.3599625,-0.42577478,-7.1640997,-2.139312,-7.0657554,-11.873338
2032_right.jpg,2032,1,-1,0,0,0,0,0,0,-1.7325397,-2.487869,-7.191038,-9.543365,-5.6106973,-7.278421
2034_right.jpg,2034,0,0,0,0,0,0,0,4,0.19360936,-6.7798834,-11.043818,-5.9712343,-1.5061004,-0.7685266
2048_right.jpg,2048,0,1,0,0,0,0,0,1,-1.7635359,5.5255075,-4.600417,-4.562139,-5.3809137,-6.513447
2052_right.jpg,2052,0,0,1,0,1,0,0,3,-5.0352116,1.9461663,-9.017284,-6.5772223,-6.846696,-6.211269
2063_right.jpg,2063,1,1,0,0,0,0,0,3,-1.8027564,7.474708,-7.5353966,-8.796892,-8.61522,-8.188466
2064_right.jpg,2064,1,0,0,0,1,0,0,3,2.4130096,-8.809816,-5.201499,-5.5922236,-4.925512,-10.676659
2065_right.jpg,2065,0,0,0,0,0,0,0,4,0.3932637,-9.012779,-12.023438,0.42190456,-11.926336,-9.2401085
2066_right.jpg,2066,0,0,0,0,1,0,0,2,3.7755716,-11.120859,-6.827374,-7.467433,-4.26811,-12.956062
2070_right.jpg,2070,0,0,0,0,1,0,0,4,1.2034136,-8.837124,-9.959527,-6.50129,-7.5610104,-11.778137
2074_right.jpg,2074,0,0,1,0,0,0,0,3,-2.7990868,-3.8228245,-5.1163445,-7.471465,-8.933805,-10.763428
2078_right.jpg,2078,1,0,0,0,0,0,0,3,1.8325303,-6.1741257,-7.1955776,-11.008476,-8.978621,-10.175781
2095_right.jpg,2095,0,0,1,0,0,0,0,4,-4.3819203,-10.694403,6.145747,-9.67135,-7.802269,-7.3440704
2096_right.jpg,2096,0,0,1,0,0,0,0,2,-6.238529,-7.0794415,4.0901403,-8.0066185,-5.6984577,-9.280017
2097_right.jpg,2097,0,0,1,0,0,0,0,0,-6.9893947,-5.5857153,5.370321,-6.800676,-6.2308135,-5.072645
2098_right.jpg,2098,0,0,1,0,0,0,0,0,-7.132139,-6.251209,3.8983111,-6.7754965,-5.800971,-7.210448
2099_right.jpg,2099,1,0,0,0,0,0,0,0,1.503588,-6.021647,-11.145828,-7.7202897,-8.17325,-6.360302
2100_right.jpg,2100,1,0,1,0,0,0,0,2,-5.300727,-8.356737,4.4678116,-8.462983,-6.899848,-8.35684
2101_right.jpg,2101,0,0,1,0,0,0,0,4,-5.070549,-3.1464064,5.192954,-9.038666,-5.187446,-5.793158
2102_right.jpg,2102,0,0,1,0,0,0,0,0,-2.9795372,-5.3952627,2.7110636,-7.3240776,-6.4208455,-6.3160596
2103_right.jpg,2103,0,0,1,0,0,0,0,1,-5.437409,-3.2840986,7.2410913,-7.298374,-7.219902,-7.7021823
2104_right.jpg,2104,0,0,1,0,0,0,0,1,-6.3433604,-9.854507,5.1122355,-7.9236226,-7.612826,-10.788099
2105_right.jpg,2105,0,0,1,0,0,0,0,0,-6.2014866,-6.301881,7.222965,-4.510451,-5.632734,-4.872815
2106_right.jpg,2106,0,0,1,0,0,0,0,0,-5.5756407,-7.2765856,8.430514,-6.1561165,-6.476862,-5.599408
2108_right.jpg,2108,0,0,1,0,0,0,0,2,-6.676097,-5.8842044,4.251051,-6.4936376,-7.260416,-7.040076
2109_right.jpg,2109,0,0,1,0,0,0,0,4,-8.216898,-9.585618,6.2944436,-9.468075,-8.251973,-7.3387775
2110_right.jpg,2110,0,0,1,0,0,0,0,2,-5.790526,-9.478224,5.9385495,-7.7789993,-7.675274,-10.698305
2111_right.jpg,2111,0,0,0,0,0,0,0,4,-1.318293,-5.15064,0.8099306,-7.179449,-6.7292366,-5.8475275
2112_right.jpg,2112,0,0,1,0,0,0,0,1,-4.892969,-3.5155468,2.9044123,-2.4609296,-4.4417562,-5.1625657
2113_right.jpg,2113,0,0,1,0,0,0,0,3,-5.9311023,-5.830406,5.2085853,-4.0582714,-2.4454489,-5.55697
2114_right.jpg,2114,0,0,1,0,0,0,0,3,-3.7942305,-4.7559915,-5.074578,-7.3077884,-2.5287719,-1.5376037
2115_right.jpg,2115,0,0,1,0,0,0,0,3,-5.0336285,-5.2010856,5.571827,-7.804266,-7.956648,-7.093043
2116_right.jpg,2116,0,0,1,0,0,0,0,3,-6.804919,-6.6831965,8.830361,-8.951598,-6.477527,-6.159955
2117_right.jpg,2117,1,0,0,0,0,0,0,2,7.6051135,-8.209753,-9.073786,-8.206157,-6.7968426,-7.9069004
2118_right.jpg,2118,0,0,1,0,0,0,0,1,-7.6487226,-1.9930192,2.1188412,-6.138981,-8.536855,-6.547069
2119_right.jpg,2119,0,0,1,0,0,0,0,0,-6.8281965,-5.036746,3.7980769,-6.493833,-4.758757,-7.3754044
2120_right.jpg,2120,0,0,1,0,0,0,0,0,-2.3923745,-4.9088445,4.817633,-9.38093,-5.7520566,-5.940004
2121_right.jpg,2121,0,0,0,0,0,0,1,1,-3.1238878,-4.110765,-7.0226855,-7.6212254,-10.289428,-10.739083
2122_right.jpg,2122,0,0,1,0,0,0,0,4,-2.330781,-2.1536856,5.4921002,-8.964487,-5.0113716,-5.823885
2123_right.jpg,2123,0,0,0,0,0,0,0,4,-3.5698915,-5.3253403,-0.4639871,-6.9904666,-6.8054423,-6.5086865
2124_right.jpg,2124,0,0,0,0,0,0,0,3,-4.6564436,-2.2854898,-0.5974858,-9.000325,-7.3321424,-8.451805
2125_right.jpg,2125,0,0,0,0,0,0,1,4,-2.8199737,-4.344503,-7.846797,-7.0356903,-2.9597604,1.5842216
2126_right.jpg,2126,0,0,1,0,0,0,0,1,-6.09574,-2.8877685,4.5357194,-3.8073223,-7.548294,-4.355618
2127_right.jpg,2127,0,0,1,0,0,0,0,1,-5.9683094,-6.8526506,8.5191555,-10.488689,-7.393358,-6.776016
2128_right.jpg,2128,0,0,1,0,0,0,0,4,-5.4410458,-6.898462,5.3237042,-8.191893,-7.438606,-7.9653616
2129_right.jpg,2129,0,0,1,0,0,0,0,3,-6.584696,-10.371922,7.475172,-7.4892244,-6.825876,-8.4883175
2130_right.jpg,2130,0,0,1,0,0,0,0,3,-5.797355,-2.666624,-1.2035905,-5.6338615,-7.8297386,-3.8503206
2132_right.jpg,2132,0,0,0,0,0,0,1,0,-4.537571,-5.690536,-2.6843033,-5.9828706,-7.17343,-9.207901
2133_right.jpg,2133,0,0,1,0,0,0,0,0,-8.229952,-5.289252,3.0203514,-5.3028946,-8.408976,-7.490798
2134_right.jpg,2134,0,0,1,0,0,0,0,0,-5.2173014,-5.618611,5.275513,-6.9007974,-7.0259614,-4.5734105
2135_right.jpg,2135,0,0,1,0,0,0,0,2,-3.1956966,-3.6963298,1.9082924,-5.0602837,-6.424583,-4.4851127
2136_right.jpg,2136,0,0,0,0,0,0,1,2,-3.253678,-7.537469,-0.48041707,-4.097681,-7.2887173,-5.6488295
2137_right.jpg,2137,0,0,1,0,0,0,0,1,-4.4064903,-6.5648966,6.4485106,-5.8643436,-7.710264,-7.0564394
2138_right.jpg,2138,0,0,1,0,0,0,0,3,-4.4694843,-6.8366942,7.430263,-6.942997,-7.1052485,-6.3670807
2139_right.jpg,2139,0,0,1,0,0,0,0,3,-3.7612948,-4.7901893,0.6244579,-3.0035934,-6.370038,-7.0553436
2140_right.jpg,2140,0,0,1,0,0,0,0,1,-3.4858105,-6.76691,-5.285724,-10.359617,-5.5474806,-9.351396
2141_right.jpg,2141,0,0,1,0,0,0,0,4,-4.241425,-9.672816,7.976014,-7.997965,-8.131798,-6.0486693
2142_right.jpg,2142,0,0,1,0,0,0,0,1,-6.691003,-7.0541778,8.970763,-7.6110387,-8.435295,-7.6950965
2143_right.jpg,2143,0,0,1,0,0,0,0,1,-2.8705902,-6.434656,3.344761,-7.5459414,-6.816184,-8.563868
2144_right.jpg,2144,0,0,1,0,0,0,0,4,-4.7532334,-4.5495253,1.9713097,-8.851995,-8.908182,-6.4333663
2145_right.jpg,2145,0,0,0,-1,0,0,0,2,1.4480833,-8.987082,-7.7285614,-8.48246,-2.7334085,-6.4375896
2146_right.jpg,2146,0,0,1,0,0,0,0,1,-2.163712,-7.111136,-4.963069,-1.7783835,-7.5421863,-5.770754
2147_right.jpg,2147,0,0,0,0,0,0,0,2,-3.589513,-7.661524,2.0314999,-8.317467,-5.6070466,-8.922455
2149_right.jpg,2149,0,0,1,0,0,0,0,4,-2.7917266,-4.841293,-7.0153856,-5.1410165,-15.097918,-6.0928054
2150_right.jpg,2150,0,0,1,0,0,0,0,4,-6.9887447,-8.070689,5.3445706,-8.935013,-9.060061,-6.0738645
2151_right.jpg,2151,0,0,1,0,0,0,0,4,-6.569719,-8.759264,5.268288,-7.470616,-7.7712617,-4.03662
2152_right.jpg,2152,0,0,0,0,0,0,1,4,-1.2466937,-1.8216764,-9.312311,-5.637376,-7.322956,-10.046884
2153_right.jpg,2153,0,0,1,0,0,0,0,3,-4.104501,-6.3047614,4.950976,-9.868845,-8.583252,-8.793944
2154_right.jpg,2154,0,0,0,0,0,0,1,0,-1.8483438,-6.0626855,-5.925423,-6.843518,-5.615474,0.100971535
2155_right.jpg,2155,0,0,1,0,0,0,0,3,-3.9787018,-3.8699725,1.4890078,-4.459145,-5.811953,-5.7267723
2156_right.jpg,2156,1,0,0,0,0,0,0,4,-0.8944684,-6.8283105,-9.888403,-4.963146,-10.567344,-10.412024
2157_right.jpg,2157,0,0,1,0,0,0,0,0,-4.0662236,-7.3463464,7.1688466,-8.330699,-6.724955,-9.213755
2158_right.jpg,2158,0,0,1,0,0,0,0,0,-3.5905447,-8.406564,3.5282946,-10.367053,-5.473051,-11.483597
2160_right.jpg,2160,0,0,1,0,0,0,0,4,-7.141719,-9.278497,7.3161077,-9.025138,-7.402238,-8.793073
2161_right.jpg,2161,0,0,1,0,0,0,0,4,-5.357316,-8.6604805,5.3927226,-7.9863777,-7.4455843,-6.4648676
2162_right.jpg,2162,0,0,1,0,0,0,0,4,-5.3972406,-6.1295056,6.2786655,-10.739193,-9.989396,-7.0767546
2163_right.jpg,2163,0,0,1,0,0,0,0,2,-3.0332487,-9.265719,6.916944,-7.576816,-7.9186573,-9.710969
2164_right.jpg,2164,0,0,1,0,0,0,0,0,-6.6717215,-7.318017,7.1181335,-7.4268064,-5.686241,-8.513243
2165_right.jpg,2165,0,0,1,0,0,0,0,2,-3.0217345,-8.908143,7.003589,-7.1709876,-5.84541,-7.0136724
2166_right.jpg,2166,1,0,0,0,0,0,0,1,10.621436,-8.493189,-10.236763,-10.28913,-12.107204,-10.5709505
2167_right.jpg,2167,0,0,1,0,0,0,0,4,-4.5719423,-7.578819,7.6309743,-9.243872,-6.464602,-6.8225293
2168_right.jpg,2168,1,0,1,0,0,0,0,3,1.5484015,-3.8123248,-0.12573718,-4.438961,-8.003826,-7.8018017
2169_right.jpg,2169,0,0,1,0,0,0,0,1,-3.9867232,-4.162145,3.5147831,-8.770007,-5.532573,-8.197692
2170_right.jpg,2170,0,0,1,0,0,0,0,2,-5.816214,-3.1419291,4.890394,-10.666254,-3.398731,-8.357072
2171_right.jpg,2171,0,0,0,0,0,0,1,1,0.2687603,-7.672998,-9.559719,-13.226445,-2.7882266,-9.741305
2172_right.jpg,2172,0,0,0,0,0,0,1,1,-4.110013,-6.061705,-9.386529,-7.188586,-11.805692,-6.157413
2173_right.jpg,2173,0,0,1,0,0,0,0,2,-5.0776477,-10.1493225,6.084199,-8.12306,-9.030162,-9.284613
2174_right.jpg,2174,0,0,1,0,0,0,0,2,-5.4672685,-9.33564,7.1103477,-6.8531947,-6.7792015,-8.038285
2175_right.jpg,2175,0,0,0,0,0,0,1,4,-3.5962362,-5.088516,1.4363099,-10.32258,-4.556493,-7.744786
2176_right.jpg,2176,0,0,1,0,0,0,0,1,-3.4689448,-6.852247,5.25288,-6.1977687,-5.2005506,-8.417305
2177_right.jpg,2177,0,0,1,0,0,0,0,0,-4.718574,-5.8686132,0.5022587,-6.066031,-6.625231,-6.678487
2178_right.jpg,2178,0,0,1,0,0,0,0,4,-7.270821,-8.772707,5.614809,-5.692694,-6.71881,-4.5742264
2179_right.jpg,2179,0,0,1,0,0,0,0,0,-5.256097,-6.375272,4.373826,-4.447249,-6.982564,-4.8852077
2180_right.jpg,2180,0,0,1,0,0,0,0,0,-4.807437,-5.590969,4.64653,-5.424365,-6.707389,-6.113056
2181_right.jpg,2181,0,0,1,0,0,0,0,0,-4.450278,-4.369206,-0.60789585,-6.0418277,-7.090031,-6.5590057
2182_right.jpg,2182,0,0,1,0,0,0,0,2,-4.763863,-6.8424597,6.2829804,-5.6041775,-5.860905,-7.7018833
2183_right.jpg,2183,0,0,1,0,0,0,0,2,-2.9673226,-8.061312,7.2621713,-7.221925,-5.78218,-9.078254
2184_right.jpg,2184,0,0,1,0,0,0,0,4,-7.274761,-5.067573,3.936486,-5.7250175,-8.795529,-6.5559874
2185_right.jpg,2185,0,0,0,-1,0,0,0,2,-4.7997923,-2.6183739,-7.4545436,-1.2052906,-5.384549,-10.122805
2187_right.jpg,2187,0,0,1,0,0,0,0,0,-5.2841406,-7.400561,5.8331766,-10.0241,-6.423169,-8.212863
2189_right.jpg,2189,0,0,1,0,0,0,0,2,-3.3151171,-6.3151813,4.9149027,-11.156805,-5.4809365,-7.262046
2190_right.jpg,2190,0,0,1,0,0,0,0,2,-4.6173124,-5.028495,0.6315844,-3.8473964,-5.9103546,-1.3547536
2191_right.jpg,2191,0,0,1,0,0,0,0,2,-6.0361156,-5.965338,3.756448,-9.432449,-4.4301295,-8.539246
2192_right.jpg,2192,0,0,1,0,0,0,0,3,-6.739372,-9.622058,5.500725,-7.231292,-7.252651,-9.194214
2193_right.jpg,2193,0,0,1,0,0,0,0,3,-1.5835322,-6.7996607,-1.3157252,-6.5614743,-4.357072,-5.7467256
2194_right.jpg,2194,0,0,1,0,0,0,0,0,-3.896066,-5.425714,5.889899,-6.909801,-5.147672,-7.2313733
2195_right.jpg,2195,0,0,1,0,0,0,0,4,-3.9613423,-7.058905,1.1883693,-9.166723,-9.827628,-10.436116
2196_right.jpg,2196,0,0,1,0,0,0,0,4,-6.2731824,-4.4056935,6.1777253,-10.923432,-10.965321,-8.592474
2197_right.jpg,2197,0,0,1,0,0,0,0,1,-4.610976,-2.3994908,3.6890295,-6.2406135,-6.2705917,-10.066386
2198_right.jpg,2198,0,0,1,0,0,0,0,1,-6.146004,-4.7110567,8.912842,-9.4378605,-5.981117,-7.746211
2199_right.jpg,2199,0,0,0,0,0,0,0,3,-4.081016,-6.5109406,-2.82421,-5.122278,-4.6143684,-11.912923
2200_right.jpg,2200,1,0,0,0,0,0,0,3,1.8526977,3.4196513,-9.100782,-4.4633026,-6.1160736,-4.495039
2201_right.jpg,2201,0,0,1,0,0,0,0,4,-4.669584,-6.5807824,5.498391,-10.915311,-7.421084,-8.414568
2203_right.jpg,2203,0,0,1,0,0,0,0,1,-5.0826364,-6.1655555,5.304843,-5.465448,-5.8939123,-7.017304
2204_right.jpg,2204,0,0,0,-1,0,0,0,1,-1.348355,-7.156072,2.0406237,-5.2765694,-2.9308314,-8.230889
2205_right.jpg,2205,0,0,1,0,0,0,0,1,-4.788375,-6.0962567,5.4520173,-8.21967,-3.4677877,-8.96505
2206_right.jpg,2206,0,0,1,0,0,0,0,0,-6.035273,-5.146524,6.299184,-5.409016,-5.8330617,-3.8766892
2207_right.jpg,2207,0,0,1,0,0,0,0,4,-3.735141,-9.429473,6.006462,-7.3147807,-4.9522057,-4.618714
2208_right.jpg,2208,0,0,1,0,0,0,0,3,-5.455807,-5.8930316,-0.37010306,-9.7755165,-7.892818,-5.819183
2209_right.jpg,2209,0,0,1,0,0,0,0,2,-2.2780206,-8.022682,4.891631,-8.425601,-7.1104674,-6.132543
2210_right.jpg,2210,0,0,1,0,0,0,0,2,-4.7413826,-5.3873644,5.0827928,-6.1364083,-8.102497,-6.0962954
2211_right.jpg,2211,0,0,1,0,0,0,0,0,-7.9382553,-9.203906,8.856572,-5.9761753,-8.612065,-7.421303
2212_right.jpg,2212,0,0,1,0,0,0,0,1,-6.5460315,-5.320304,8.409963,-7.6095395,-6.304558,-5.936777
2213_right.jpg,2213,0,0,1,0,0,0,0,2,-4.820148,-4.7693176,2.3007236,-10.796686,-6.865632,-7.1465497
2215_right.jpg,2215,0,0,0,0,0,0,1,3,-6.5718703,-0.3292643,-9.030546,-4.3053885,-4.7496123,-3.5109777
2216_right.jpg,2216,0,0,1,0,0,0,0,2,-3.8607728,-9.447396,4.4975376,-9.476267,-4.1271887,-9.020555
2217_right.jpg,2217,0,0,1,0,0,0,0,2,-3.9651806,-7.1948586,4.275111,-7.4143233,-7.4691386,-7.579788
2218_right.jpg,2218,0,0,1,0,0,0,0,2,-4.8164105,-7.1469936,7.458462,-7.0602584,-7.328719,-8.827274
2219_right.jpg,2219,0,0,1,0,0,0,0,3,-6.3770523,-6.837517,9.264904,-9.077759,-5.2162733,-6.1903706
2220_right.jpg,2220,0,0,1,0,0,0,0,0,-9.027229,-6.359324,9.513282,-6.775428,-5.719639,-6.855688
2221_right.jpg,2221,0,0,1,0,0,0,0,0,-6.190866,-7.1797714,4.095653,-5.810548,-10.065748,-10.474082
2222_right.jpg,2222,0,0,0,0,0,0,0,0,0.20549774,-6.8593216,-10.301107,-8.5001545,-6.1817255,0.36322534
2223_right.jpg,2223,0,0,1,0,0,0,0,2,-2.239106,-10.699616,2.3922985,-6.1932874,-4.073678,-10.412152
2225_right.jpg,2225,0,0,1,0,0,0,0,2,-5.230568,-3.6614997,6.97526,-8.837974,-6.970543,-7.0251684
2226_right.jpg,2226,1,0,1,0,0,0,0,2,-3.7698667,-8.677874,4.2179966,-6.6307306,-4.280875,-5.598358
2227_right.jpg,2227,0,0,1,0,0,0,0,0,-6.2148423,0.58953834,0.5143522,-5.492706,-8.137207,-6.6495867
2228_right.jpg,2228,0,0,1,0,0,0,0,0,-1.4919308,-4.5799484,4.0911093,-9.400543,-6.2377186,-6.020143
2231_right.jpg,2231,0,0,1,0,0,0,0,2,1.5217029,-7.9670205,2.9625192,-8.297759,-3.4537451,-9.341498
2232_right.jpg,2232,0,0,1,0,0,0,0,1,-3.8332932,-5.7065797,5.497133,-5.0793476,-6.0344825,-5.86885
2233_right.jpg,2233,0,0,1,0,0,0,0,3,-2.644614,-11.42029,3.4400277,-7.134489,-6.810341,-9.468624
2234_right.jpg,2234,1,0,1,0,0,0,0,4,-4.4176455,-5.7119246,1.2059561,-12.098851,-7.906148,-6.229546
2235_right.jpg,2235,0,0,0,0,0,0,1,1,-1.1331134,-12.543683,-9.970487,-6.1137204,-4.0066676,-6.5819345
2236_right.jpg,2236,0,0,1,0,0,0,0,0,-3.7098432,-9.130902,-2.2963078,-5.075617,-8.66099,2.077235
2237_right.jpg,2237,0,0,1,0,0,0,0,1,-5.578765,-7.548044,3.6234558,-7.148716,-7.1860967,-8.079325
2239_right.jpg,2239,0,0,1,0,0,0,0,3,-4.369723,-4.5069804,-1.8028172,-8.631271,-7.950841,-8.177762
2240_right.jpg,2240,0,0,1,0,0,0,0,1,-6.914922,-6.331617,4.6642475,-7.1873474,-12.241233,-7.513504
2242_right.jpg,2242,0,0,1,0,0,0,0,1,-5.916623,-8.2301035,6.314641,-6.289859,-7.8505054,-9.063648
2243_right.jpg,2243,0,0,1,0,0,0,0,3,-5.0565267,-5.568151,5.1871843,-10.827381,-9.203297,-6.453944
2244_right.jpg,2244,0,0,1,0,0,0,0,0,-4.551408,-3.4360006,2.8864436,-10.735331,-3.4779575,-5.3621507
2246_right.jpg,2246,0,0,1,0,0,0,0,3,-4.27639,-6.059589,3.797103,-7.896472,-4.385966,-7.0765486
2247_right.jpg,2247,0,0,1,0,0,0,0,1,-3.3431056,-2.611701,4.927057,-9.051662,-8.251848,-5.534386
2248_right.jpg,2248,0,0,1,0,0,0,0,2,-8.524197,-10.062993,6.483252,-12.572011,-9.249743,-7.5602884
2251_right.jpg,2251,0,0,1,0,0,0,0,4,-3.063808,-4.8744564,5.017461,-9.873679,-6.953469,-6.61801
2262_right.jpg,2262,1,0,0,0,0,0,0,3,-1.2330273,-5.0820217,-4.8626018,-2.8139224,-4.6310287,-8.887169
2282_right.jpg,2282,0,0,1,0,0,0,0,4,-2.805611,-6.927017,2.747608,-5.5717273,-5.101662,-4.4240193
2329_right.jpg,2329,0,0,0,0,0,0,1,0,-3.6902058,-9.969346,-7.2708173,-8.5315695,-10.4218645,-14.815454
2330_right.jpg,2330,0,0,0,0,0,0,1,2,-3.4826732,-6.1089616,-12.112576,-6.6608887,-10.594194,-11.20757
2331_right.jpg,2331,0,0,0,0,0,0,1,3,-3.6202724,-12.698133,-11.8956585,-5.1774197,-12.341323,-13.807385
2332_right.jpg,2332,0,0,0,0,0,0,1,0,-3.0576491,-9.541638,-8.988689,-7.288699,-7.610028,-12.624897
2333_right.jpg,2333,0,0,0,0,0,0,1,2,1.8273367,-6.831897,-11.982022,-8.085938,-7.79757,-7.968856
2334_right.jpg,2334,0,0,0,0,0,0,1,3,0.27447855,-11.094246,-6.514483,-8.137477,-5.945261,-12.517184
2335_right.jpg,2335,0,0,0,0,0,0,1,1,-4.3947864,-7.55198,-7.5058255,-5.110968,-11.930453,-11.4828415
2336_right.jpg,2336,0,0,0,0,0,0,1,1,0.85877955,-5.7290406,-8.760188,-8.718623,-6.8959084,-7.341546
2337_right.jpg,2337,0,0,0,0,0,0,1,1,-4.141385,-3.3990781,-7.4171534,1.4599357,-10.483163,-8.7775345
2338_right.jpg,2338,0,0,0,0,0,0,1,3,-3.8098412,-5.6621995,-3.6346166,-5.9902697,-4.9517274,-9.733584
2339_right.jpg,2339,0,0,0,0,0,0,1,3,1.8514829,-4.976418,-7.3833275,-8.254418,-6.482498,-7.261574
2340_right.jpg,2340,0,0,0,0,0,0,1,4,0.74040437,-10.758187,-10.53102,-6.1984596,-9.098617,-12.354779
2341_right.jpg,2341,0,0,0,0,0,0,1,1,-2.1350698,-2.6133285,-0.4856838,-9.158965,-6.277141,-6.024019
2342_right.jpg,2342,0,0,0,0,0,0,1,2,-1.7713557,-9.330486,-9.977657,-4.5137525,-12.575819,-8.917986
2343_right.jpg,2343,0,0,0,0,0,0,1,2,-0.123825364,-6.6544356,-9.537557,-9.617397,-9.835628,-12.272404
2345_right.jpg,2345,0,0,0,0,0,0,1,2,-6.1392493,-9.803615,-10.285359,-0.4298677,-11.302586,-10.797832
2346_right.jpg,2346,0,0,0,0,0,0,1,3,-2.8131883,-7.79614,-7.7757683,-9.513971,-11.775084,-4.795482
2347_right.jpg,2347,0,0,0,0,0,0,1,0,-1.9916387,-3.9221923,-5.9501557,-0.57278407,-8.993826,-5.690897
2348_right.jpg,2348,0,0,0,0,0,0,1,4,-2.358497,-7.5823627,-7.640701,-4.250475,-9.764259,-10.325485
2349_right.jpg,2349,0,0,0,0,0,0,1,2,2.4591985,-9.84722,-9.856219,-11.037846,-8.915238,-7.6268167
2351_right.jpg,2351,0,0,0,0,0,0,1,1,-1.9148962,-2.847626,-9.368902,-7.594112,-8.404589,-5.907319
2352_right.jpg,2352,0,0,0,0,0,0,1,4,-0.5075317,-9.426054,-11.702733,-9.074682,-13.223534,-7.7844253
2353_right.jpg,2353,0,0,0,0,0,0,1,0,-1.1236053,-3.298064,-7.262201,-6.382867,-3.0297449,-8.001658
2354_right.jpg,2354,0,0,0,0,0,0,1,3,-1.881571,-7.1574264,-9.002088,-8.389955,-11.41791,-9.779309
2355_right.jpg,2355,0,0,0,0,0,0,1,4,-2.3266284,-1.7248815,-7.580547,-8.389348,-6.1284385,-10.09263
2356_right.jpg,2356,0,0,0,0,0,0,1,4,2.767268,-3.5258732,-10.017956,-6.3509755,-11.397456,-7.4463
2357_right.jpg,2357,0,0,0,0,0,0,0,2,-3.3558831,-6.5187297,-10.494729,-5.32003,-7.8138075,-8.827024
2359_right.jpg,2359,0,0,0,0,0,0,1,2,0.6805383,-10.858924,-6.8588433,-6.8200436,-6.814986,-2.5433693
2360_right.jpg,2360,0,0,0,0,0,0,1,0,-8.321039,-7.2723303,1.3376186,-8.1144495,-5.547957,-9.116421
2361_right.jpg,2361,0,0,0,0,0,0,1,3,-2.003355,-6.1541443,-7.048068,-5.381572,-6.8674145,-8.223532
2362_right.jpg,2362,0,0,0,0,0,0,1,0,-3.7403352,-11.079879,-9.637779,-9.820806,-6.620841,-7.480003
2363_right.jpg,2363,0,0,0,0,0,0,1,2,-1.7214556,-10.260944,-9.703706,-8.487283,-5.593228,-7.742422
2364_right.jpg,2364,0,0,0,0,0,0,1,4,-1.6922519,-12.699633,-11.812471,-5.294543,-4.8040214,-8.293012
2365_right.jpg,2365,0,0,0,0,0,0,1,4,-3.2087152,-8.098613,-13.650869,-10.635807,-10.8338585,-10.149228
2366_right.jpg,2366,0,0,0,0,0,0,1,4,-1.3046967,-6.114266,-7.143604,-6.371255,-4.706041,-8.868778
2367_right.jpg,2367,0,0,0,0,0,0,1,3,-4.8289704,-2.2912502,-7.587542,-7.7386665,-10.412794,-11.776401
2368_right.jpg,2368,0,0,0,0,0,0,1,1,-5.4768786,3.738246,-10.211952,-1.6496922,-8.0299015,-8.624695
2369_right.jpg,2369,0,0,0,0,0,0,1,4,0.30444732,-11.531249,-8.751679,-5.900322,-5.7124085,-8.895165
2370_right.jpg,2370,0,0,0,0,0,0,0,3,-2.7608986,-7.510567,-0.42609164,-3.9969957,-6.39405,-9.168981
2371_right.jpg,2371,0,0,0,0,0,0,1,3,-4.4347324,-3.8060272,-7.960078,-9.881493,-8.013142,-8.449557
2372_right.jpg,2372,0,0,0,0,0,0,1,3,-0.64680594,-5.3679056,-8.062114,-7.012504,-4.622501,-6.270461
2373_right.jpg,2373,0,0,0,0,0,0,1,1,-2.626644,-7.4015694,-10.178555,-8.52909,-2.8030882,-7.9176903
2374_right.jpg,2374,0,0,0,0,0,0,1,1,-0.29711306,-7.6695223,-7.341949,-8.189605,-11.811661,-9.817515
2375_right.jpg,2375,0,0,0,0,0,0,1,3,-3.5113401,3.7398024,-4.705049,-8.988005,-8.704678,-9.263436
2376_right.jpg,2376,0,0,0,0,0,0,1,0,-1.5450008,-11.017791,-6.606068,-7.4923472,-3.1521742,-10.375164
2378_right.jpg,2378,0,0,0,0,0,0,1,3,-5.0373926,-6.0848317,-10.076913,-4.582514,-10.598991,-8.885133
2379_right.jpg,2379,0,0,0,0,0,0,1,0,-4.7832527,-1.8252492,-2.3239603,-6.952637,-2.767289,-5.9337773
2380_right.jpg,2380,0,0,0,0,0,0,1,0,-5.25509,-10.209761,-6.4926314,-6.419066,-9.790351,-7.614699
2381_right.jpg,2381,0,0,0,0,0,0,1,4,0.94138265,-9.629346,-8.81423,-6.3939614,-9.643991,-12.49187
2382_right.jpg,2382,0,0,0,0,0,0,1,3,2.4080675,-11.39289,-7.324675,-8.863094,-9.4808855,-8.570203
2383_right.jpg,2383,0,0,0,0,0,0,1,4,-2.4448917,-1.6854565,-7.4664006,-5.2240305,-5.1791124,-7.5682373
2384_right.jpg,2384,0,0,0,0,0,0,1,4,-4.236109,-3.152784,-0.3836987,-5.731459,-6.5784416,-5.817704
2385_right.jpg,2385,0,0,0,0,0,0,1,0,-2.0427182,-3.7766767,-9.339724,-9.49553,-8.847975,-7.9864144
2386_right.jpg,2386,0,0,0,0,0,0,1,1,-0.115134895,-7.6046143,-10.479408,-4.919292,-4.381915,-9.839127
2387_right.jpg,2387,0,0,0,0,0,0,1,4,-1.4458556,-6.0737767,-12.268126,-10.938829,-3.7044432,-11.648886
2388_right.jpg,2388,0,0,0,0,0,0,1,1,-0.8447173,-13.268741,-12.160204,-7.019469,-13.29751,-9.869913
2389_right.jpg,2389,0,0,0,0,0,0,1,1,-1.5148294,-2.142005,-8.621432,-5.8990254,-3.595297,-5.558877
2390_right.jpg,2390,0,0,0,0,0,0,1,1,-6.2409053,-4.055511,-6.3282056,-6.900855,-9.624749,-9.889314
2391_right.jpg,2391,0,0,0,0,0,0,1,4,-1.226179,-8.8946295,-9.182427,-8.800054,-8.3006,-13.931114
2392_right.jpg,2392,0,0,0,0,0,0,1,3,-2.620513,-11.100254,-9.234146,-6.7520514,-17.764061,-13.690258
2393_right.jpg,2393,0,0,0,0,0,0,1,2,-4.242659,-8.63546,-3.4564848,-5.247539,-4.9642076,-9.093967
2394_right.jpg,2394,0,0,0,0,0,0,1,2,-2.6813686,-7.513107,-7.666936,-5.5349474,-6.2320337,1.4791873
2395_right.jpg,2395,0,0,0,0,0,0,1,0,-4.10833,-4.1259604,-5.209368,-4.165745,-8.589216,-8.307875
2396_right.jpg,2396,0,0,0,0,0,0,1,3,-1.7089539,-11.92596,-3.4812403,-7.3581495,-6.498636,-10.968575
2397_right.jpg,2397,0,0,0,0,0,0,1,4,-0.94383097,-15.90287,-10.958964,-6.532328,-9.179689,-11.587879
2398_right.jpg,2398,0,0,0,0,0,0,1,4,0.09387619,-13.500067,-8.6007595,-10.0091715,-9.691215,-13.128938
2399_right.jpg,2399,0,0,0,0,0,0,1,1,1.8463914,-13.744743,-8.755203,-4.867158,-8.710938,-8.823054
2400_right.jpg,2400,0,0,0,0,0,0,1,1,1.005626,-11.46902,-10.235866,-6.7990913,-8.533187,-8.803962
2401_right.jpg,2401,0,0,0,0,0,0,1,1,1.2733319,-10.121331,-8.857226,-6.9153337,-3.9155767,-10.576667
2402_right.jpg,2402,0,0,0,0,0,0,1,2,-1.585914,-9.300912,-10.577051,-3.6464653,-7.8878136,-6.45832
2403_right.jpg,2403,0,0,0,0,0,0,1,0,-0.60138595,-9.314998,-8.242234,-5.277585,-8.217165,-7.895575
2404_right.jpg,2404,0,0,0,0,0,0,1,2,-1.0603158,-11.061258,-8.6963625,-15.35938,-10.155648,-9.494259
2405_right.jpg,2405,0,0,0,0,0,0,1,1,-0.6926172,-10.870271,-6.379074,-4.539437,-14.564094,-10.740203
2406_right.jpg,2406,0,0,0,0,0,0,1,1,-6.9926777,-0.2289422,-10.695429,-9.190464,-7.8452363,-12.833371
2407_right.jpg,2407,0,0,0,0,0,0,1,0,-3.8641176,-9.484108,-7.8757763,-1.717926,-14.150113,-9.673316
2408_right.jpg,2408,0,0,0,0,0,0,1,3,-2.2507238,-14.045014,-12.137786,-14.386311,-9.212697,-10.5627365
2409_right.jpg,2409,0,0,0,0,0,0,1,1,-2.6880188,-9.744065,-5.628783,-4.341766,0.50253713,-9.749934
2410_right.jpg,2410,0,0,0,0,0,0,1,1,-2.225021,-10.336965,-9.34947,-9.696164,-12.484766,-8.264402
2411_right.jpg,2411,0,0,0,0,0,0,1,4,-1.0808228,-6.944276,-10.076238,-10.573243,-11.901919,-11.256207
2412_right.jpg,2412,0,0,0,0,0,0,1,0,-2.9587352,-7.720028,-10.885236,-5.941143,-7.8933153,-8.096331
2413_right.jpg,2413,0,0,0,0,0,0,1,2,-2.3245878,-8.291398,-8.817222,-7.360052,-5.5049877,-7.0752234
2414_right.jpg,2414,0,0,0,0,0,0,1,2,1.3334385,-8.831725,-4.0158353,-7.019133,-6.8106422,-8.881794
2415_right.jpg,2415,0,0,0,0,0,0,1,1,0.012589905,-9.108438,-10.653699,-5.7827454,-7.382124,-8.716768
2416_right.jpg,2416,0,0,0,0,0,0,1,0,-2.208436,-8.477757,-7.023676,-4.314933,-7.0157504,-4.0002656
2417_right.jpg,2417,0,0,0,0,0,0,1,0,-2.603036,-9.176597,-9.716747,-7.889815,-6.530368,-6.6131
2418_right.jpg,2418,0,0,0,0,0,0,1,2,-0.9657916,-9.424303,-7.674559,-5.062994,-11.04825,-9.738672
2419_right.jpg,2419,0,0,0,0,0,0,1,0,-3.1871169,-11.018893,-6.5751624,-8.670441,-8.247772,-10.516284
2420_right.jpg,2420,0,0,0,0,0,0,1,1,-2.486707,-11.164919,-8.116142,-8.487615,-8.649058,-6.614617
2421_right.jpg,2421,0,0,0,0,0,0,1,4,-3.9128103,-7.1398664,-10.314362,4.924504,-7.701429,-12.305288
2422_right.jpg,2422,0,0,0,0,0,0,1,4,-0.07396903,-8.064094,-5.0890927,-6.1983685,-8.393651,-6.4509377
2423_right.jpg,2423,0,0,0,0,0,0,1,4,-0.8949885,-12.297998,-7.9179354,-9.633368,-10.963337,-12.723597
2424_right.jpg,2424,0,0,0,0,0,0,1,1,-4.3776655,-6.653808,-9.12627,-5.3157454,-8.164396,-9.926397
2425_right.jpg,2425,0,0,0,0,0,0,1,1,-4.1612816,-11.738426,-10.242322,-7.379983,-9.957102,-7.7248383
2426_right.jpg,2426,0,0,0,0,0,0,1,2,-3.1904502,-10.972687,-8.258261,-7.191277,-7.505635,-10.271542
2427_right.jpg,2427,0,0,0,0,0,0,1,3,-2.6209362,-9.070378,-7.455294,-7.0135045,-5.954076,-11.202977
2429_right.jpg,2429,0,0,0,0,0,0,1,4,-2.6619945,-3.796407,-7.789773,-4.1116896,-10.486984,-11.213129
2430_right.jpg,2430,0,0,0,0,0,0,1,0,-4.1234684,-5.0881357,-9.205471,-6.182056,-2.1508849,-6.581241
2431_right.jpg,2431,0,0,0,0,0,0,1,3,-1.3103375,-6.230893,-7.189131,-8.653095,-6.1755095,-8.022168
2432_right.jpg,2432,0,0,0,0,0,0,1,4,-1.2191739,-10.316605,-7.8109727,-10.224356,-5.545017,-11.2080555
2433_right.jpg,2433,0,0,0,0,0,0,1,3,0.40184012,-8.27578,-9.253548,-5.3857713,-13.386984,-12.22092
2434_right.jpg,2434,0,0,0,0,0,0,1,1,-3.9653804,-6.5299277,-9.546393,-12.146332,-7.255213,-7.200695
2435_right.jpg,2435,0,0,0,0,0,0,1,3,-2.810184,-5.892867,-11.058642,-11.57642,-11.494052,-6.3735867
2436_right.jpg,2436,0,0,0,0,0,0,1,0,-0.2278044,-13.030657,-8.786944,-7.3173366,-5.4150047,-11.2593565
2437_right.jpg,2437,0,0,0,0,0,0,1,0,-6.387585,-8.696627,-8.903659,-5.1767116,-10.522729,-12.199211
2438_right.jpg,2438,0,0,0,0,0,0,1,0,-3.4270577,-5.2313104,-6.7609262,-7.399797,-8.495111,-8.123822
2439_right.jpg,2439,0,0,0,0,0,0,1,2,-3.43059,-7.787031,-10.504221,-7.0539308,-8.1314745,-8.552789
2440_right.jpg,2440,0,0,0,0,0,0,1,3,0.69239277,-5.776935,-10.453639,-3.7364342,-7.935529,-10.663289
2441_right.jpg,2441,0,0,0,0,0,0,1,1,-2.426515,-11.346261,-4.379478,-6.585331,-5.7268386,-10.40385
2442_right.jpg,2442,0,0,0,0,0,0,1,0,-6.017715,-10.297391,-6.8718777,-6.5955596,-5.8941193,-6.5364347
2443_right.jpg,2443,0,0,0,0,0,0,1,3,-2.068477,-6.745777,-8.069417,-5.3083987,-5.323848,-7.9872174
2444_right.jpg,2444,0,0,0,0,0,0,1,2,-2.3346317,-5.3880463,-10.905881,-8.785091,-7.262786,-9.492737
2445_right.jpg,2445,0,0,0,0,0,0,1,2,-0.60524464,-17.345587,-11.600715,-4.525562,-10.381351,-12.536978
2446_right.jpg,2446,0,0,0,0,0,0,1,2,-2.1706736,-6.249795,-8.545647,-5.688675,-7.264495,-8.465604
2447_right.jpg,2447,0,0,0,0,0,0,1,0,-0.570648,-12.615594,-9.576417,-5.9645553,-9.31119,-4.9516907
2449_right.jpg,2449,0,0,0,0,0,0,1,2,-5.2780395,-8.178572,-5.798038,-10.077818,-10.511106,-12.761187
2451_right.jpg,2451,0,0,0,0,0,0,1,1,-6.5532804,1.3686519,-8.357687,-3.6838055,-5.2482934,-2.7413332
2452_right.jpg,2452,0,0,0,0,0,0,1,3,-0.3800881,-5.544885,-10.297188,-10.4641905,-4.840009,-11.57594
2454_right.jpg,2454,0,0,0,0,0,0,1,1,-2.862277,-4.881677,-6.473081,-7.415799,-7.8283606,-9.351813
2456_right.jpg,2456,0,0,0,0,0,0,1,3,-4.782305,-2.1016526,-5.1407557,-3.4614136,-8.018239,-10.379613
2457_right.jpg,2457,0,0,0,0,0,0,1,3,0.15845199,-12.688501,0.16317135,-6.2897153,-1.4844464,-7.019895
2458_right.jpg,2458,0,0,0,0,0,0,1,1,-3.358659,-8.518125,-8.129783,-9.754333,-3.6809926,-5.9411373
2459_right.jpg,2459,0,0,0,0,0,0,1,3,-2.0925574,-8.23813,-5.368399,-5.2802944,-11.298864,-12.477983
2460_right.jpg,2460,0,0,0,0,0,0,1,1,-2.515472,-10.5871935,-5.7136383,-5.036409,-9.63802,-10.358225
2461_right.jpg,2461,0,0,0,0,0,0,1,0,-5.5231986,-6.297943,-3.8068316,-7.2074833,-7.3928246,-7.1133637
2462_right.jpg,2462,0,0,0,0,0,0,1,1,-8.462816,2.727833,-11.931631,-11.470841,-7.0665627,-9.581247
2463_right.jpg,2463,0,0,0,0,0,0,1,4,-0.70405316,-9.768627,-12.377752,-7.61266,-7.3709087,-11.2656765
2465_right.jpg,2465,0,0,0,0,0,0,1,4,-0.16556242,-15.4851265,-10.428528,-8.026653,-11.850149,-10.936516
2466_right.jpg,2466,0,0,0,0,0,0,1,0,-3.9918175,-4.225265,-8.479342,-6.4039,-4.7730412,-4.03101
2467_right.jpg,2467,0,0,0,0,0,0,1,1,-1.5144441,-9.778315,-11.948251,-10.124596,-3.9755793,-9.84387
2469_right.jpg,2469,0,0,0,0,0,0,1,4,-1.4935894,-7.322774,-5.783459,-4.5262027,-6.592535,-10.432246
2470_right.jpg,2470,0,0,0,0,0,0,1,2,-2.9229615,0.25762564,-6.853563,-1.4587538,-8.063504,3.7166662
2471_right.jpg,2471,0,0,0,0,0,0,1,2,0.39913365,-10.33927,-6.107656,-2.81472,-8.015114,-7.4454556
2472_right.jpg,2472,0,0,0,0,0,0,1,1,-3.2670097,-1.8698283,-8.865603,-9.415407,-7.908165,-5.714499
2473_right.jpg,2473,0,0,0,0,0,0,1,3,-1.6398264,-9.062472,-6.457785,-8.896679,-7.1046553,-3.5954845
2474_right.jpg,2474,0,0,0,0,0,0,1,0,-3.007175,-5.535053,-7.5607133,-6.888716,-9.379548,-9.348118
2475_right.jpg,2475,0,0,0,0,0,0,1,1,-4.935426,-6.188561,-12.491596,-5.6325445,-10.785449,-11.93565
2476_right.jpg,2476,0,0,0,0,0,0,1,3,-4.9053,-5.081274,-6.0392056,-0.6295327,-8.595614,-14.573782
2479_right.jpg,2479,0,0,0,0,0,0,1,0,-4.964763,-1.1898029,-10.143692,-10.105843,-8.657628,-6.6499524
2480_right.jpg,2480,0,0,0,0,0,0,1,0,-2.9008162,-9.272719,-12.03155,-4.097609,-13.52579,-9.429178
2481_right.jpg,2481,0,0,0,0,0,0,1,3,-1.611443,-5.244404,-10.027039,-5.8618083,-8.329538,-12.410362
2482_right.jpg,2482,0,0,0,0,0,0,1,3,0.45430467,-7.6067677,-11.916905,-5.4828253,-11.810272,-7.330796
2483_right.jpg,2483,0,0,0,0,0,0,1,0,-1.6143837,-9.911084,-10.029113,0.5574171,-12.142787,-5.7430696
2484_right.jpg,2484,0,0,0,0,0,0,1,2,-1.5742478,-12.661008,-6.6098,-7.60898,-2.5977147,-14.191029
2485_right.jpg,2485,0,0,0,0,0,0,1,0,1.7014608,-12.428443,-8.409431,-10.212431,-3.7278507,-8.820354
2486_right.jpg,2486,0,0,0,0,0,0,1,1,-2.1945858,-2.8452463,-9.547361,-1.7306867,-4.073615,-10.213115
2487_right.jpg,2487,0,0,0,0,0,0,1,3,-4.66136,-6.900164,-5.7883306,-10.1250725,-9.279932,-9.545138
2488_right.jpg,2488,0,0,0,0,0,0,1,1,-0.78504086,-12.001728,-10.390226,-7.308137,-11.478683,-5.7253866
2489_right.jpg,2489,0,0,0,0,0,0,1,2,-2.0772405,-8.048209,-7.944353,-3.2638905,-4.691366,-10.980892
2490_right.jpg,2490,0,0,0,0,0,0,1,1,-0.1314144,-9.552578,-9.659105,-7.7858615,-8.886085,-9.040672
2492_right.jpg,2492,0,0,0,0,0,0,1,2,0.25404793,-14.470494,-9.497472,-6.2235184,-12.514625,-12.842555
2493_right.jpg,2493,0,0,0,0,0,0,1,3,-1.6960995,-12.98185,-10.617449,-12.974381,-11.304068,-10.20641
2495_right.jpg,2495,0,0,0,0,0,0,1,2,1.524832,-10.317191,-7.691941,-8.874906,-2.7074885,-6.4127603
2496_right.jpg,2496,0,0,0,0,0,0,1,0,1.933198,-7.8149085,-9.867267,-8.119263,-7.7904863,-7.569316
2497_right.jpg,2497,0,0,0,0,0,0,1,1,-0.0029905287,-7.6415167,-9.429147,-6.570734,-8.393898,-6.7484336
2498_right.jpg,2498,0,0,0,0,0,0,1,1,-0.73309284,-6.250665,-9.412082,-6.565802,-2.5431478,-8.547407
2499_right.jpg,2499,0,0,0,0,0,0,1,4,-2.675107,-1.9517261,-6.5241094,-6.427786,-9.212066,-12.345357
2500_right.jpg,2500,0,0,0,0,0,0,1,2,-1.3550397,-13.611592,-9.321475,-5.958933,-12.2774315,-8.736879
2501_right.jpg,2501,0,0,0,0,0,0,1,1,-3.6333334,-7.3568807,-10.961619,-7.324161,-7.883597,-8.705616
2502_right.jpg,2502,0,0,0,0,0,0,1,2,-2.5424323,-10.389039,-11.686603,-5.2618775,-4.3013964,-12.676687
2503_right.jpg,2503,0,0,0,0,0,0,1,3,-3.8558953,-3.874968,-7.502137,-3.4750748,-12.794223,-15.58675
2504_right.jpg,2504,0,0,0,0,0,0,1,0,-4.0219655,-1.2301397,-3.8979979,-8.555618,-8.982287,-7.2208943
2505_right.jpg,2505,0,0,0,0,0,0,1,2,-2.9664073,-9.708791,-9.3954,-9.536978,-8.929474,-8.2138
2506_right.jpg,2506,0,0,0,0,0,0,1,1,-0.6952797,-7.3819227,-6.4056334,-6.6040506,-9.844553,-8.603669
2507_right.jpg,2507,0,0,0,0,0,0,1,4,-2.289284,-8.021308,-14.231379,-8.532847,-10.393033,-13.273688
2508_right.jpg,2508,0,0,0,0,0,0,1,2,-1.129231,-8.95319,-9.710448,-5.3079586,-7.656391,-11.1027155
2509_right.jpg,2509,0,0,0,0,0,0,1,1,-1.0603404,-8.101372,-5.2747407,-7.131932,-9.295484,-9.558546
2510_right.jpg,2510,0,0,0,0,0,0,1,1,-1.0584339,-4.8399367,-2.671962,-8.941512,-5.6329656,-6.223287
2511_right.jpg,2511,0,0,0,0,0,0,1,0,-3.6831448,-10.395049,-11.104406,-6.6356373,-8.123776,-13.349908
2512_right.jpg,2512,0,0,0,0,0,0,1,2,-3.4473054,-7.1131167,-0.58217585,-11.482002,-7.2589316,-9.8241005
2513_right.jpg,2513,0,0,0,0,0,0,1,2,-7.049252,-9.153818,-9.918414,-11.918618,-10.758266,-3.644499
2514_right.jpg,2514,0,0,0,0,0,0,1,2,-2.5758054,-5.910141,4.568328,-8.370492,-8.216799,-8.646583
2517_right.jpg,2517,0,0,0,0,0,0,1,4,-5.081486,-7.7922645,-8.202264,-13.030563,-10.072352,-11.286407
2518_right.jpg,2518,0,0,0,0,0,0,1,0,-2.6233914,-3.8490162,-9.854274,-3.9094508,-8.642515,-7.6033816
2519_right.jpg,2519,0,0,0,0,0,0,1,3,-3.1225495,-11.493225,-6.2075305,-6.809706,-10.173427,-8.237689
2520_right.jpg,2520,0,0,0,0,0,0,0,4,-2.7628825,-5.4373927,-8.915465,-5.906296,-10.909253,-7.72663
2521_right.jpg,2521,0,0,0,0,0,0,1,2,-2.3614225,-3.570527,-12.136933,-3.7055855,-6.26517,-3.8601563
2522_right.jpg,2522,0,0,0,0,0,0,1,4,0.6897313,-9.846224,-10.09013,-10.442016,-9.7991705,-12.352809
2523_right.jpg,2523,0,0,0,0,0,0,1,1,0.05286476,-8.842376,-7.4649196,-7.706929,-4.803663,-8.370397
2524_right.jpg,2524,0,0,0,0,0,0,1,1,1.5001739,-7.0289607,-7.099726,-5.381622,-5.703286,-9.765731
2525_right.jpg,2525,0,0,0,0,0,0,1,1,-2.088068,-9.547036,-9.431316,-7.566614,-10.635979,-6.044544
2526_right.jpg,2526,0,0,0,0,0,0,1,2,-2.8124237,-11.393972,-9.948258,-4.4732056,-8.039723,-4.3215456
2527_right.jpg,2527,0,0,0,0,0,0,1,3,-4.7089686,-10.844022,-8.335158,-8.86448,-9.672116,-11.164853
2528_right.jpg,2528,0,0,0,0,0,0,1,0,-2.6918848,-14.378039,-8.641699,-11.451432,-6.7847366,-9.309391
2529_right.jpg,2529,0,0,0,0,0,0,1,4,-1.9356242,-6.533168,-7.9725256,-5.5774856,-6.2646613,-12.821938
2530_right.jpg,2530,0,0,0,0,0,0,1,0,-5.802989,-10.877617,-9.001981,-1.7277948,-12.507878,-11.349837
2531_right.jpg,2531,0,0,0,0,0,0,1,2,-3.0861592,-6.9548726,-11.450317,-7.5840516,-9.655663,-11.956126
2532_right.jpg,2532,0,0,0,0,0,0,1,3,-0.13472567,-1.2901093,-10.025814,-9.204984,-5.6414027,-6.8565984
2533_right.jpg,2533,0,0,0,0,0,0,1,3,0.329706,-7.7263,-9.596389,-7.1758223,-7.9031863,-10.588857
2534_right.jpg,2534,0,0,0,0,0,0,1,2,-0.5253702,-5.9928017,-3.9181337,-1.2580808,-6.4331374,-6.4947104
2535_right.jpg,2535,0,0,0,0,0,0,1,2,-1.9840376,-9.316868,-11.90214,-7.0640154,-13.386555,-9.270743
2537_right.jpg,2537,0,0,0,0,0,0,1,0,0.051968746,-7.9921412,-9.310076,-6.9348645,-10.235964,-5.2333856
2538_right.jpg,2538,0,0,0,0,0,0,1,4,-0.09378465,-6.2134595,-5.3113832,-7.1995664,-4.725422,-11.039261
2539_right.jpg,2539,0,0,0,0,0,0,1,2,-1.4234626,-7.480585,-10.717328,-4.054029,-5.01317,-12.02991
2540_right.jpg,2540,0,0,0,0,0,0,1,4,-2.2439082,-7.107646,-2.4561415,-9.838741,-4.1356473,-10.03371
2541_right.jpg,2541,0,0,0,0,0,0,1,4,-4.827159,-9.73207,-10.39599,-12.275826,-10.214668,-12.910795
2542_right.jpg,2542,0,0,0,0,0,0,1,3,-3.1809247,-5.941658,-9.040304,-4.928821,-6.5605125,-8.74262
2543_right.jpg,2543,0,0,0,0,0,0,1,1,0.28906825,-5.05034,-6.569781,-5.7553473,-5.4742584,-6.886755
2544_right.jpg,2544,0,0,0,0,0,0,1,3,-1.6505748,-4.3701196,-9.823587,-7.115832,-10.942852,-13.663517
2545_right.jpg,2545,0,0,0,0,0,0,1,2,-0.34810635,-7.9365287,-9.7753725,-6.2310944,-10.171399,-7.6287584
2547_right.jpg,2547,0,0,0,0,0,0,1,4,-2.4420164,-8.456452,-6.6663814,-6.228518,-15.108865,-6.7846484
2548_right.jpg,2548,0,0,0,0,0,0,1,3,-4.42471,-7.858587,-8.594396,-5.3898473,-9.32559,-5.9312315
2549_right.jpg,2549,0,0,0,0,0,0,1,3,-1.7872664,-3.0397332,-7.650079,-6.7930517,-9.418285,-11.882419
2551_right.jpg,2551,0,0,0,0,0,0,1,4,-0.94223875,-11.459772,-9.081697,0.0116124945,-8.579919,-7.2568436
2552_right.jpg,2552,0,0,0,0,0,0,1,0,-7.5624557,-5.687812,1.4770463,-5.4487963,-6.9831553,-10.728512
2553_right.jpg,2553,0,0,0,0,0,0,1,1,-4.2271066,-3.0021887,-10.145849,-8.861173,-7.4982095,-7.371258
2554_right.jpg,2554,0,0,0,0,0,0,1,0,-1.9588857,-9.247818,-9.648566,-2.2032626,-5.574871,-10.937692
2555_right.jpg,2555,0,0,0,0,0,0,1,1,0.9162067,-9.457002,-9.739969,-11.6557665,-2.4262712,-11.485724
2556_right.jpg,2556,0,0,0,0,0,0,1,0,-4.10696,-9.888544,-9.661155,-2.2980704,-12.017815,-10.702779
2557_right.jpg,2557,0,0,0,0,0,0,1,1,-0.88649535,-10.716967,-11.882162,-1.7782184,-10.139871,2.0711577
2558_right.jpg,2558,0,0,0,0,0,0,1,1,-3.1655507,-8.061872,-8.858761,-8.997512,-4.3825946,-9.50706
2559_right.jpg,2559,0,0,0,0,0,0,1,2,-1.745603,-3.9957867,-7.013711,-8.858239,-9.611072,-7.7330713
2560_right.jpg,2560,0,0,0,0,0,0,1,4,-0.38086903,-7.4795156,-5.8782907,-7.922896,-6.734725,-11.24889
2561_right.jpg,2561,0,0,0,0,0,0,1,3,-1.4117408,-10.531544,-10.954562,-8.663766,-10.025447,-11.076745
2562_right.jpg,2562,0,0,0,0,0,0,1,1,-3.4556525,-5.6317706,-7.9851665,0.104396984,-6.84157,-3.3467894
2563_right.jpg,2563,0,0,0,0,0,0,1,2,-2.8803136,-11.044607,-11.828869,-7.2985206,-8.850113,-9.397506
2564_right.jpg,2564,0,0,0,0,0,0,1,1,-0.59196967,-9.282281,-10.274829,-10.300729,-6.3916216,-6.1655235
2565_right.jpg,2565,0,0,0,0,0,0,1,3,-3.0817316,-4.8744354,-8.006769,-4.881693,-8.800937,-11.5817375
2566_right.jpg,2566,0,0,0,0,0,0,1,3,-2.4559684,-8.828386,-7.8577995,-8.306937,-10.037805,-9.439929
2567_right.jpg,2567,0,0,0,0,0,0,1,0,0.17748347,-10.28238,-8.237888,-8.402203,-4.4741745,-10.099545
2568_right.jpg,2568,0,0,0,0,0,0,1,0,-1.2899735,-9.111172,-7.2646723,-8.941566,-3.2148585,-7.3628755
2569_right.jpg,2569,0,0,0,0,0,0,1,3,-4.2331624,-3.6791513,-7.1512995,-7.4430547,-11.047253,-12.476839
2570_right.jpg,2570,0,0,0,0,0,0,1,3,-3.6027505,-4.9104223,-7.2846537,-5.9897823,-11.580171,-8.910195
2571_right.jpg,2571,0,0,0,0,0,0,0,1,4.807637,-1.2250946,-8.496626,-6.369923,-6.9183087,-12.807724
2572_right.jpg,2572,0,0,0,0,0,0,1,0,-1.152708,-8.851604,-9.411216,-10.05259,-3.909996,-7.551073
2573_right.jpg,2573,0,0,0,0,0,0,1,3,-1.7355801,-10.403969,-6.793615,-9.185831,-8.129112,-11.270191
2574_right.jpg,2574,0,0,0,0,0,0,1,3,-1.6960568,-10.021456,-8.130182,-5.7006135,-5.2994366,-10.064112
2575_right.jpg,2575,0,0,0,0,0,0,1,4,-3.3084514,-3.2460468,-11.798674,-7.908024,-7.0398192,-9.799415
2576_right.jpg,2576,0,0,0,0,0,0,1,1,-2.1369596,-1.0660439,-7.0781107,-7.604706,-6.22873,-11.440196
2577_right.jpg,2577,0,0,0,0,0,0,1,1,-4.915686,-10.148956,-7.148416,-6.829554,-13.321024,-0.31092694
2579_right.jpg,2579,0,0,0,0,0,0,1,2,-2.015742,-3.4942753,-4.7276363,-11.117432,-5.213927,-6.9794493
2580_right.jpg,2580,0,0,0,0,0,0,0,0,-4.4214587,-6.2607484,-6.0437517,-8.079663,-9.931094,-9.78463
2581_right.jpg,2581,0,0,0,0,0,0,1,0,-0.6196229,-8.387443,-6.147167,-8.881887,-8.921835,-10.363332
2583_right.jpg,2583,0,0,0,0,0,0,1,3,-1.7846467,-8.997455,-5.5381055,-8.312433,-9.974398,-14.083056
2584_right.jpg,2584,0,0,0,0,0,0,1,2,-7.5799212,-10.427227,-7.807766,0.86624914,-9.000988,-9.477802
2585_right.jpg,2585,0,0,0,0,0,0,1,0,-1.5481346,-4.7538533,-6.916138,-6.588313,-7.2280326,-11.318088
2586_right.jpg,2586,0,0,0,0,0,0,1,2,-0.6105177,2.3650346,-9.487658,-6.0415516,-4.9974046,-7.2907662
2587_right.jpg,2587,0,0,0,0,0,0,1,1,-3.258287,-4.7061167,-8.975202,-14.363914,-8.511727,-10.479674
2588_right.jpg,2588,0,0,0,0,0,0,1,0,-5.254658,-8.346476,-9.489811,-8.866329,-7.982196,-12.3837
2589_right.jpg,2589,0,0,0,0,0,0,0,2,-1.2662656,-8.100708,-5.668222,-6.7951436,-5.269939,-12.541802
2590_right.jpg,2590,0,0,0,0,0,0,1,3,-5.9552693,-8.805394,-9.552602,-8.20313,-6.9710712,-10.394724
2591_right.jpg,2591,0,0,0,0,0,0,1,1,-1.7116572,-4.8638754,-7.620064,-11.09041,-9.048595,-8.713777
2592_right.jpg,2592,0,0,0,0,0,0,1,0,-0.77990717,-11.999829,-13.0762825,-16.80097,-2.118819,-9.407686
2593_right.jpg,2593,0,0,0,0,0,0,1,3,-2.7045524,-6.530887,-13.028605,-10.365859,-10.124705,-3.457914
2594_right.jpg,2594,0,0,0,0,0,0,1,1,3.1980398,-7.2040772,-9.851852,-8.485253,-6.3833637,-7.563593
2595_right.jpg,2595,0,0,0,0,0,0,1,2,1.0922492,-10.824147,-7.6461916,-9.259889,-6.382162,-7.4774556
2596_right.jpg,2596,0,0,0,0,0,0,1,3,-0.66880363,-3.1823049,-6.863779,-8.183654,-5.191429,-2.9346259
2597_right.jpg,2597,0,0,0,0,0,0,1,2,-3.3664505,-5.4241586,-9.037154,1.2017708,-7.5729003,-5.1480103
2598_right.jpg,2598,0,0,0,0,0,0,0,4,-3.6247892,-3.9073646,-7.7967067,-1.8498948,-12.873822,-11.835829
2599_right.jpg,2599,0,0,0,0,0,0,1,0,-2.641061,-3.685678,-13.692866,-4.6163025,-11.234761,-9.166525
2600_right.jpg,2600,0,0,0,0,0,0,1,3,-5.6834526,-10.167641,-8.063352,-10.331747,-12.091684,2.8516018
2601_right.jpg,2601,0,0,0,0,0,0,1,2,-1.778776,-9.153021,-8.5447645,-6.8559203,-6.4761553,-9.615106
2602_right.jpg,2602,0,0,0,0,0,0,1,0,-2.9140725,-5.4852715,-8.827628,-2.9503376,-9.901109,-7.3867974
2603_right.jpg,2603,0,0,0,0,0,0,1,1,-7.1518726,0.60686165,-11.878815,-8.393567,-9.059118,-9.586038
2604_right.jpg,2604,0,0,0,0,0,0,1,1,-3.0445645,-13.0078335,-9.487741,-7.248069,-12.321113,-6.760189
2605_right.jpg,2605,0,0,0,0,0,0,1,2,-1.4185765,-8.023597,-8.93786,-1.3807929,-6.5848336,-5.9238467
2608_right.jpg,2608,0,0,0,0,0,0,1,4,0.42993566,-10.880454,-12.291948,-7.558417,-7.005017,-9.163726
2609_right.jpg,2609,0,0,0,0,0,0,1,1,-2.9497166,-5.451568,-8.758014,-7.847636,-3.1560798,-9.647982
2610_right.jpg,2610,0,0,0,0,0,0,1,2,-2.4307597,-9.473396,-7.5333624,-3.8749979,-7.5489297,-10.814446
2611_right.jpg,2611,0,0,0,0,0,0,0,3,-10.02709,1.0494252,-8.390965,-8.592448,-7.5870256,-10.372791
2612_right.jpg,2612,0,0,0,0,0,0,1,0,-2.0331397,-5.29879,-9.419851,-8.908807,-6.947151,-11.199904
2613_right.jpg,2613,0,0,0,0,0,0,1,2,-1.2690204,-11.29715,-10.039842,-9.932156,-6.996089,-8.959936
2614_right.jpg,2614,0,0,0,0,0,0,1,3,-2.427551,-5.646331,-6.999497,-5.048987,-7.1528745,-8.973399
2615_right.jpg,2615,0,0,0,0,0,0,1,2,-1.5898055,-5.234937,-7.1488695,-3.9871392,-5.5070066,-10.004924
2616_right.jpg,2616,0,0,0,0,0,0,1,2,-6.368651,-9.790399,-2.372848,-7.2079663,-5.1518044,-8.43911
2617_right.jpg,2617,0,0,0,0,0,0,1,4,-2.9560444,-6.304452,-9.083041,-8.659134,-4.9281435,-10.255542
2618_right.jpg,2618,0,0,0,0,0,0,1,3,-0.7194968,-6.359051,-7.2805204,-10.229293,-4.199342,-9.200359
2619_right.jpg,2619,0,0,0,0,0,0,1,2,-3.4486606,-5.0950127,-7.2175803,-5.705806,-7.3862286,-7.838204
2621_right.jpg,2621,0,0,0,0,0,0,1,0,-2.6084516,-4.5813017,-6.7182064,-0.8127772,-4.4895597,-7.061028
2622_right.jpg,2622,0,0,0,0,0,0,1,1,-1.0891376,-8.137167,-10.274485,-5.2466474,-8.135898,-8.011193
2623_right.jpg,2623,0,0,0,0,0,0,1,1,-1.6672852,-8.548669,-9.845535,-9.677661,-12.987757,-7.566334
2624_right.jpg,2624,0,0,0,0,0,0,1,2,-0.27992848,-7.8393836,-7.926743,-6.8442492,-0.16211931,-9.907076
2625_right.jpg,2625,0,0,0,0,0,0,1,4,-4.6941104,-6.6235313,-5.744758,-8.470918,-9.647146,-6.9183373
2626_right.jpg,2626,0,0,0,0,0,0,1,3,1.5702084,-6.308829,-10.91123,-5.036548,-10.706903,-8.096714
2627_right.jpg,2627,0,0,0,0,0,0,1,4,-0.17307945,-6.3996487,-5.0692186,-7.355562,-3.0687828,-8.667813
2628_right.jpg,2628,0,0,0,0,0,0,1,3,-5.46145,-10.464419,-11.053528,-4.8312445,-11.5913105,-12.459747
2629_right.jpg,2629,0,0,0,0,0,0,1,1,-2.625152,-4.468512,-4.1153026,-3.7603903,0.06835964,-6.860676
2630_right.jpg,2630,0,0,0,0,0,0,1,2,-1.7914538,-7.0681415,-9.144344,-7.454291,-4.2577395,-9.22574
2631_right.jpg,2631,0,0,0,0,0,0,1,2,-3.706772,-3.0840588,-9.450954,-12.302367,-7.789892,-11.883747
2632_right.jpg,2632,0,0,0,0,0,0,1,2,-1.0263538,-9.545132,-7.5102987,-7.6682997,-6.4094357,-6.6797256
2633_right.jpg,2633,0,0,0,0,0,0,1,2,0.64975286,-8.455119,-9.196756,-5.2409964,-4.8159723,-9.753055
2634_right.jpg,2634,0,0,0,0,0,0,1,1,-4.148865,0.16689487,-7.1530714,-7.0805054,-10.755264,-6.460628
2635_right.jpg,2635,0,0,0,0,0,0,1,4,0.6718586,-6.653828,-5.4797525,-7.953235,-6.4463277,-8.948943
2636_right.jpg,2636,0,0,0,0,0,0,1,3,-8.345517,-2.0741203,-7.2188487,-8.266687,-8.55036,-2.8649695
2637_right.jpg,2637,0,0,0,0,0,0,1,3,0.7784922,-9.85264,-8.408538,-8.661796,-8.654909,-11.928932
2638_right.jpg,2638,0,0,0,0,0,0,1,3,-3.8784275,-8.584768,-6.596166,-8.959384,-11.333828,-5.8964405
2639_right.jpg,2639,0,0,0,0,0,0,1,1,-5.5760326,-3.2048643,-4.5776243,-6.123584,-6.067222,-6.8293104
2640_right.jpg,2640,0,0,0,0,0,0,1,2,-4.4265356,-7.5389433,-8.073809,-5.5797906,-10.493234,7.4801307
2641_right.jpg,2641,0,0,0,0,0,0,1,3,-3.2698069,-3.8756547,-9.268453,-8.570789,-8.652128,-7.7073183
2642_right.jpg,2642,0,0,0,0,0,0,1,1,-4.003378,-7.8688374,-9.17828,-7.9316335,-10.696875,-7.5071497
2643_right.jpg,2643,0,0,0,0,0,0,1,4,-0.7373666,-9.64618,-11.24754,-13.350426,-11.6228485,-7.706262
2644_right.jpg,2644,0,0,0,0,0,0,1,1,-6.915158,-0.5005207,-12.5748205,-8.217256,-10.385561,-10.940022
2645_right.jpg,2645,0,0,0,0,0,0,1,3,-1.676313,-6.583486,-7.355066,-4.3926997,-12.448136,-9.583573
2646_right.jpg,2646,0,0,0,0,0,0,1,4,-2.5276659,-4.047698,-10.667279,-6.3941193,-5.603379,-6.943485
2647_right.jpg,2647,0,0,0,0,0,0,1,3,-4.196581,-9.95806,-10.835344,-6.4116282,-14.246965,-9.318027
2649_right.jpg,2649,0,0,0,0,0,0,1,4,0.7880109,-4.9896092,-1.5244709,-3.0956807,-8.504282,-6.681233
2650_right.jpg,2650,0,0,0,0,0,0,1,2,-2.0087435,-2.7480104,-9.897752,-6.924017,-7.3286114,-8.837737
2651_right.jpg,2651,0,0,0,0,0,0,1,2,-0.47911665,-4.4806294,-9.241363,-6.674575,-7.8136992,-8.2358055
2652_right.jpg,2652,0,0,0,0,0,0,1,0,0.8914101,-8.028446,-5.127351,-7.1120543,-3.7599545,-7.582343
2653_right.jpg,2653,0,0,0,0,0,0,1,2,-3.914632,-8.613636,-15.534526,-5.458927,-10.374813,-5.7159286
2654_right.jpg,2654,0,0,0,0,0,0,1,2,-4.0196123,-2.3059282,-7.4940233,-5.157481,-10.136,0.44530106
2655_right.jpg,2655,0,0,0,0,0,0,1,4,-2.6096127,-6.1675553,-8.609862,-3.770459,-10.748661,-12.878731
2657_right.jpg,2657,0,0,0,0,0,0,1,1,-3.5634322,-4.8999147,-5.953394,-4.4359684,-5.541159,-7.6263595
2658_right.jpg,2658,0,0,0,0,0,0,1,1,1.7077613,-6.8284287,-8.981322,-6.1763268,-6.984114,-10.038329
2659_right.jpg,2659,0,0,0,0,0,0,1,4,-3.2862122,-6.57236,-10.922904,-9.463286,-6.6072135,-9.534856
2660_right.jpg,2660,0,0,0,0,0,0,1,3,-2.5370173,-7.9101133,-6.560459,-2.140638,-6.158585,-11.563373
2661_right.jpg,2661,0,0,0,0,0,0,1,2,-0.08397441,-4.7173057,-8.816125,-6.179161,-4.9376106,-5.6810956
2662_right.jpg,2662,0,0,0,0,0,0,1,0,-1.7906548,-3.323263,-7.0511746,-6.31435,-11.726899,-11.943428
2663_right.jpg,2663,0,0,0,0,0,0,1,0,-0.8772698,-9.084477,-7.4841533,-5.8884115,-8.408982,-9.145637
2665_right.jpg,2665,0,0,0,0,0,0,1,4,-1.4576882,-7.6647,-14.75811,-14.208374,-8.92951,-12.923208
2666_right.jpg,2666,0,0,0,0,0,0,1,2,-1.9934262,-7.7697477,-13.924574,-10.396448,-6.822947,-12.40907
2667_right.jpg,2667,0,0,0,0,0,0,1,1,-3.594781,2.0876846,-8.201885,-3.7299676,-3.609651,-8.414933
2668_right.jpg,2668,0,0,0,0,0,0,1,4,-1.1077905,-7.3066273,-8.505545,-5.129616,-4.335024,-11.12921
2669_right.jpg,2669,0,0,0,0,0,0,1,2,-2.8766205,-15.155365,-10.759378,-5.685882,-4.9863806,-5.183874
2670_right.jpg,2670,0,0,0,0,0,0,1,2,-5.153901,-9.0095825,-2.888408,-4.0443788,-4.962206,-10.004354
2671_right.jpg,2671,0,0,0,0,0,0,1,1,2.4023345,-10.071185,-10.525136,-4.5868373,-8.245276,-10.34464
2672_right.jpg,2672,0,0,0,0,0,0,1,2,-1.0219532,-10.620179,-9.283458,-4.7288322,-8.884545,-4.738604
2673_right.jpg,2673,0,0,0,0,0,0,1,4,-0.78519,-8.9477825,-10.104071,-9.064266,-5.647115,-12.024553
2675_right.jpg,2675,0,0,0,0,0,0,1,4,-3.323505,-7.282239,-9.790765,-7.905938,-7.575974,-7.932177
2676_right.jpg,2676,0,0,0,0,0,0,1,0,-2.5035172,-10.454441,-8.443201,-3.213574,-8.450869,-7.9019923
2677_right.jpg,2677,0,0,0,0,0,0,1,1,-5.8687077,-5.2286224,-9.338093,-10.8014145,-12.828565,-7.697442
2678_right.jpg,2678,0,0,0,0,0,0,1,0,-6.6039457,-4.0207434,-7.0253,-8.772302,-7.632084,4.276468
2679_right.jpg,2679,0,0,0,0,0,0,1,4,-0.9953526,-9.838555,-8.951606,-4.0891247,-8.371857,-10.934087
2680_right.jpg,2680,0,0,0,0,0,0,1,4,-3.5875032,-7.496412,-8.771456,-8.121209,-10.042736,-9.513601
2681_right.jpg,2681,0,0,0,0,0,0,1,4,1.2566305,-6.4243903,-8.925649,-4.08314,-4.260211,-10.088492
2682_right.jpg,2682,0,0,0,0,0,0,1,3,-1.6036701,-10.826921,-15.537045,-5.930031,-13.712624,-7.5627537
2683_right.jpg,2683,0,0,0,0,0,0,1,3,-5.7679505,3.3244393,1.1196601,-5.3548536,-9.045799,-6.9948907
2684_right.jpg,2684,0,0,0,0,0,0,1,0,-0.8861938,-10.189237,-6.978721,-8.654354,-4.0107594,-9.657584
2685_right.jpg,2685,0,0,0,0,0,0,1,1,-1.9654497,-9.516288,-11.080268,-5.571077,-8.339304,-8.11478
2687_right.jpg,2687,0,0,0,0,0,0,1,3,-1.9414694,0.88180816,-6.2129755,-7.863026,-5.5435233,-8.031258
2688_right.jpg,2688,0,0,0,0,0,0,1,3,-0.08307211,-5.7818217,-5.434656,-5.789252,-11.176325,-10.236896
2689_right.jpg,2689,0,0,0,0,0,0,1,4,0.010648255,-3.1436172,-11.072119,-4.4004693,-1.9551909,-8.884317
2690_right.jpg,2690,0,0,0,0,0,0,1,1,-4.795572,-6.5053167,-5.7549706,-12.064771,-15.506167,-6.757867
2691_right.jpg,2691,0,0,0,0,0,0,1,2,-2.4117498,-7.5378675,-5.9871106,-3.4139795,-4.1068234,-6.7305417
2692_right.jpg,2692,0,0,0,0,0,0,1,4,-5.188958,-4.7861896,1.93499,-8.27061,-7.773893,-5.884057
2693_right.jpg,2693,0,0,0,0,0,0,1,1,-0.5652212,-9.020477,-9.824791,-12.732611,-5.5108085,-9.470729
2695_right.jpg,2695,0,0,0,0,0,0,1,0,-1.7559431,-2.7617495,-10.85356,-6.1145473,-6.74846,-4.5939074
2696_right.jpg,2696,0,0,0,0,0,0,1,1,-1.1009097,-2.341916,-9.268437,-4.379219,-9.830384,-9.932415
2697_right.jpg,2697,0,0,0,0,0,0,1,0,-6.843388,-7.515221,-9.909296,-11.492728,-9.98323,-12.423631
2698_right.jpg,2698,0,0,0,0,0,0,1,3,-6.0832763,-6.000762,-0.3265524,-3.7666652,-9.811175,-5.0418186
2699_right.jpg,2699,0,0,0,0,0,0,1,1,1.6577656,-10.749491,-7.523482,-9.085667,-8.171901,-4.4021645
2701_right.jpg,2701,0,0,0,0,0,0,1,3,-1.0226555,-5.7285247,-10.920844,-7.5537877,-13.529507,-6.985631
2702_right.jpg,2702,0,0,0,0,0,0,1,3,-1.8820935,-10.234388,-8.759277,-7.227357,-7.719252,-8.681363
2703_right.jpg,2703,0,0,0,0,0,0,1,2,-6.0642104,-2.9463506,-0.35347068,-7.922901,-7.9681325,-7.138412
2704_right.jpg,2704,0,0,0,0,0,0,1,4,-0.77763647,-8.799193,-6.39433,-3.7431731,-9.416423,-10.559836
2705_right.jpg,2705,0,0,0,0,0,0,1,3,-3.420077,-8.025139,-6.495468,-4.7091084,-7.9332104,-5.6727147
2706_right.jpg,2706,0,0,0,0,0,0,1,2,0.46593836,-12.997972,-7.1736794,-7.411351,-2.6802888,-11.080478
2707_right.jpg,2707,0,0,0,0,0,0,1,0,-2.4949179,-5.201719,-0.86895716,-5.918053,-10.840375,-8.064796
2708_right.jpg,2708,0,0,0,0,0,0,1,1,-5.7912426,-1.3620017,-9.485903,-6.1873074,-9.694962,-7.829371
2709_right.jpg,2709,0,0,0,0,0,0,1,3,-1.4554449,-11.2387495,-8.392419,-9.666147,-11.335343,-10.846316
2710_right.jpg,2710,0,0,0,0,0,0,1,1,-7.5158963,2.3043642,-6.1257677,-7.494375,-10.147503,-8.552622
2711_right.jpg,2711,0,0,0,0,0,0,1,2,-5.5974236,-10.566356,-7.3053923,-7.7819157,-6.868209,-8.035335
2712_right.jpg,2712,0,0,0,0,0,0,1,0,-4.167112,-9.159853,-9.621062,-4.4301267,-9.120755,-7.551905
2713_right.jpg,2713,0,0,0,0,0,0,1,1,-3.5490062,-2.5621834,-8.70335,-10.116809,-8.435712,-8.91355
2714_right.jpg,2714,0,0,0,0,0,0,1,3,0.2674376,-0.9860267,-4.950682,-5.836138,-4.155799,-9.960216
2715_right.jpg,2715,0,0,0,0,0,0,1,1,-1.3438371,-0.6117143,-8.389441,-7.9556956,-7.251129,-11.052246
2716_right.jpg,2716,0,0,0,0,0,0,1,0,-4.4220395,-5.681181,-5.1545672,-5.290079,-6.765766,-9.4437065
2717_right.jpg,2717,0,0,0,0,0,0,1,0,-2.8067532,-5.336721,-7.812677,-6.675043,-4.4690323,-9.163736
2718_right.jpg,2718,0,0,0,0,0,0,1,3,-0.24082686,-6.598284,-9.135093,-6.4332857,-5.793362,-6.275129
2719_right.jpg,2719,0,0,0,0,0,0,0,3,0.13795517,-9.210784,-7.6765475,-8.304128,-6.0231166,-10.101482
2720_right.jpg,2720,0,0,0,0,0,0,1,0,-2.1339676,-7.10403,-3.5919282,-3.1402526,-5.53215,-7.8598824
2722_right.jpg,2722,0,0,0,0,0,0,1,2,3.3950894,-8.932229,-8.354651,-9.646068,-8.55265,-9.928863
2723_right.jpg,2723,0,0,0,0,0,0,1,3,-1.3500487,-8.153696,-6.026008,-11.644062,-8.467904,-6.331288
2725_right.jpg,2725,0,0,0,0,0,0,1,2,-0.2043604,-10.733894,-7.5386643,-7.5534735,-4.1423883,-6.998341
2726_right.jpg,2726,0,0,0,0,0,0,1,2,-2.470982,-7.2072806,-6.488596,-1.984884,-9.340693,-9.018422
2728_right.jpg,2728,0,0,0,0,0,0,1,3,-2.191724,-7.2846127,-10.84404,-8.824318,-9.593134,-7.5042768
2730_right.jpg,2730,0,0,0,0,0,0,1,2,-0.54135114,-7.9504824,-7.2062235,-7.224145,-6.514453,-8.91076
2731_right.jpg,2731,0,0,0,0,0,0,1,2,-2.2639039,-3.974369,-6.567461,-3.6244109,-2.117387,-5.0490637
2732_right.jpg,2732,0,0,0,0,0,0,1,0,-0.4088025,-9.332344,-9.141647,-8.690102,-10.691402,-11.083554
2733_right.jpg,2733,0,0,0,0,0,0,1,0,-2.5844877,-6.7026505,-8.709471,-5.6555867,-4.9016113,-7.786792
2735_right.jpg,2735,0,0,0,0,0,0,1,3,-2.316093,-3.631927,-8.803727,-7.5497665,-9.986999,-4.8449388
2736_right.jpg,2736,0,0,0,0,0,0,1,0,-1.5191327,-4.2886515,-7.534363,-4.8595724,-4.0921645,-9.885011
2737_right.jpg,2737,0,0,0,0,0,0,1,2,-2.478787,-8.036393,-3.131602,-8.925344,-5.1579833,-13.342101
2738_right.jpg,2738,0,0,0,0,0,0,1,1,-1.3492635,-6.2236533,-14.7393875,-5.929782,-4.831069,-7.9631968
2739_right.jpg,2739,0,0,0,0,0,0,1,0,-1.1810855,-4.7138386,-7.3732786,-6.053328,-5.9330454,-7.054335
2740_right.jpg,2740,0,0,0,0,0,0,1,3,-1.7301772,-2.9817533,-8.618143,-9.6157055,-10.209355,-10.972014
2742_right.jpg,2742,0,0,0,0,0,0,1,4,-2.12447,-3.255944,-12.864858,1.6542001,-9.1093445,-11.538197
2743_right.jpg,2743,0,0,0,0,0,0,1,2,-4.86091,-6.351503,-10.087537,-5.6460876,-7.195181,-13.213029
2744_right.jpg,2744,0,0,0,0,0,0,1,2,-5.2524705,-11.348743,-11.439246,-11.664004,-8.074919,-8.984461
2745_right.jpg,2745,0,0,0,0,0,0,1,4,1.3310435,-6.1732187,-7.590546,-7.035718,-1.3462462,-8.80161
2746_right.jpg,2746,0,0,0,0,0,0,1,0,-2.3751554,-9.2455635,-8.640278,-2.8044891,-10.802905,-5.708335
2748_right.jpg,2748,0,0,0,0,0,0,1,2,-1.9601352,-6.057343,-7.6833363,-4.395647,-10.296405,-10.807628
2749_right.jpg,2749,0,0,0,0,0,0,1,2,-0.3132803,-5.8714647,-11.560859,-11.023212,-9.339984,-10.641307
2750_right.jpg,2750,0,0,0,0,0,0,1,4,-3.2378778,-10.126758,-10.339006,-12.886926,-7.313065,-11.1746235
2751_right.jpg,2751,0,0,0,0,0,0,1,2,1.0384834,-7.1421103,-7.9280767,-11.85337,-7.2361445,-8.407898
2752_right.jpg,2752,0,0,0,0,0,0,0,2,-0.30839378,-6.145635,-7.9539294,-3.4669447,-5.3230357,-11.687119
2753_right.jpg,2753,0,0,0,0,0,0,1,1,0.3310196,-9.013524,-4.2385964,-4.664133,-8.719204,-8.219736
2754_right.jpg,2754,0,0,0,0,0,0,1,3,0.92620903,-6.091494,-7.7498183,-5.843187,-9.17301,-9.296337
2755_right.jpg,2755,0,0,0,0,0,0,1,1,-4.3043375,-6.983656,-3.2246902,-8.551592,-10.820043,-4.066343
2756_right.jpg,2756,0,0,0,0,0,0,1,3,-1.4244525,-12.54485,-7.8829484,-7.846765,-11.27995,-12.399561
2758_right.jpg,2758,0,0,0,0,0,0,1,1,-3.952689,-13.533701,-10.292281,-5.7586236,-13.316605,-9.10402
2760_right.jpg,2760,0,0,0,0,0,0,1,3,-5.322542,-12.724166,-11.2718525,-13.496173,-16.33289,-14.224693
2761_right.jpg,2761,0,0,0,0,0,0,1,0,-2.7454095,-7.124614,-5.32811,-9.636945,-7.0928926,-13.209483
2762_right.jpg,2762,0,0,0,0,0,0,1,1,-0.46603546,-5.468174,-10.77532,-3.7593412,-7.1828294,-8.168944
2763_right.jpg,2763,0,0,0,0,0,0,1,0,-4.1142545,-7.376741,-4.5590215,-6.4284368,-8.406818,-11.126185
2764_right.jpg,2764,0,0,0,0,0,0,1,0,-4.5277095,-6.5745163,-7.7214875,-7.72716,-4.918097,-9.448351
2765_right.jpg,2765,0,0,0,0,0,0,1,0,-1.183626,-8.358264,-9.541562,-8.364076,-3.2575426,-7.2417226
2766_right.jpg,2766,0,0,0,0,0,0,1,0,-3.1176136,-13.471803,-7.1572437,-8.92069,-11.104619,-9.316402
2767_right.jpg,2767,0,0,0,0,0,0,1,4,-1.2870913,-9.462536,-11.243143,-13.164417,-9.438813,-11.760835
2768_right.jpg,2768,0,0,0,0,0,0,1,2,-1.1272279,-9.107889,-7.7277303,-9.510671,-6.800721,-12.338442
2769_right.jpg,2769,0,0,0,0,0,0,1,1,-3.15004,-0.39591694,-7.0877266,-4.3971896,-5.268808,-6.5876226
2770_right.jpg,2770,0,0,0,0,0,0,1,3,-5.470061,-10.700072,-9.834673,-9.433212,-5.3470726,-11.866005
2771_right.jpg,2771,0,0,0,0,0,0,1,1,-0.896557,-6.906669,-7.502754,-9.010655,-11.635714,-8.132536
2772_right.jpg,2772,0,0,0,0,0,0,1,4,-2.072285,-9.450525,-11.033195,-10.248598,-9.205307,-10.78228
2773_right.jpg,2773,0,0,0,0,0,0,1,0,-7.719345,7.192497,-8.066226,-5.951021,-6.0579443,-7.191465
2774_right.jpg,2774,0,0,0,0,0,0,1,2,-1.2752898,-4.7075067,-7.5659575,-6.4252286,-4.7322783,-10.52966
2775_right.jpg,2775,0,0,0,0,0,0,1,4,-0.05722097,-8.049367,-4.5871677,-4.5186324,-6.3469896,-8.452244
2776_right.jpg,2776,0,0,0,0,0,0,1,4,-3.3275023,-6.8855395,-11.292893,-4.2161865,-10.605528,-7.6537285
2777_right.jpg,2777,0,0,0,0,0,0,1,0,-4.982645,-10.428278,-9.642318,-8.499198,-10.863904,-6.313215
2778_right.jpg,2778,0,0,0,0,0,0,1,4,-0.672788,-9.154868,-6.7615104,-9.095599,-7.085427,-11.174947
2779_right.jpg,2779,0,0,0,0,0,0,1,4,-1.9069037,-6.8709407,-12.414198,-8.968769,-3.6906242,-10.054274
2780_right.jpg,2780,0,0,0,0,0,0,1,1,-1.8955518,-0.7712421,-8.306293,-8.427485,-10.499597,-12.165811
2781_right.jpg,2781,0,0,0,0,0,0,1,4,-2.5162258,-6.5681915,-5.567437,-9.8379135,-6.212407,-11.238876
2782_right.jpg,2782,0,0,0,0,0,0,1,0,-2.2662334,-11.431271,-5.5991173,-6.963509,-8.0309725,-8.761323
2783_right.jpg,2783,0,0,0,0,0,0,1,4,-0.7157213,-14.267465,-10.520492,-9.35081,-14.0916605,-13.215202
2784_right.jpg,2784,0,0,0,0,0,0,1,4,-4.5579414,2.135335,-3.9352582,-5.2429695,-6.409547,-9.506666
2785_right.jpg,2785,0,0,0,0,0,0,1,4,-1.5205668,-10.518878,-7.6185627,-10.882982,-9.762111,-11.071907
2786_right.jpg,2786,0,0,0,0,0,0,1,2,-2.304024,-12.171285,-10.02573,-6.331437,-7.1922956,-13.336544
2787_right.jpg,2787,0,0,0,0,0,0,1,0,-2.2604494,-6.126559,-7.365623,-8.292123,-9.79976,-5.0269246
2788_right.jpg,2788,0,0,0,0,0,0,1,0,-2.7380967,-7.2060113,-9.968636,-8.257051,-8.272976,-10.159611
2789_right.jpg,2789,0,0,0,0,0,0,1,4,-1.8987913,-7.1265903,-9.789042,-5.59028,-7.8040624,-13.065868
2790_right.jpg,2790,0,0,0,0,0,0,1,0,-0.7151546,-9.460949,-9.523402,-7.8963337,-4.852294,-11.390007
2791_right.jpg,2791,0,0,0,0,0,0,1,0,-1.1755631,-3.1891713,-6.0529947,-9.085931,-4.444797,-9.7700615
2792_right.jpg,2792,0,0,0,0,0,0,1,3,-0.28795353,-8.760475,-10.913647,-8.977209,-12.1630945,-11.441013
2793_right.jpg,2793,0,0,0,0,0,0,1,4,-0.37422007,-5.080716,-12.693512,-4.252605,-6.8353767,-14.38317
2794_right.jpg,2794,0,0,0,0,0,0,1,0,-4.481972,-8.30922,-9.667326,-2.7629774,-10.843743,-10.2182045
2795_right.jpg,2795,0,0,0,0,0,0,1,2,-1.9259573,-8.547678,-9.124717,-2.9111447,-8.651433,-8.688201
2796_right.jpg,2796,0,0,0,0,0,0,1,3,-3.865329,-6.691806,-6.254732,-6.5477843,-8.774419,-10.592882
2797_right.jpg,2797,0,0,0,0,0,0,1,2,-1.4026182,-11.181313,-14.741615,-16.36294,-5.986429,-6.416728
2798_right.jpg,2798,0,0,0,0,0,0,1,3,-5.4551854,-0.27173248,-2.4619057,-6.497778,-7.066362,-10.065755
2799_right.jpg,2799,0,0,0,0,0,0,1,4,-0.7787239,-4.869149,-7.693116,-1.4817678,-8.394513,-9.271604
2800_right.jpg,2800,0,0,0,0,0,0,1,3,-1.5477141,-5.503359,-6.1749744,-13.529907,-5.649925,-12.437263
2801_right.jpg,2801,0,0,0,0,0,0,1,1,-2.7868743,-8.280725,-7.4827514,-7.9734273,-2.7968109,-5.010889
2802_right.jpg,2802,0,0,0,0,0,0,1,4,-0.07731629,-13.166067,-5.467781,-11.756194,-8.770991,-9.724949
2803_right.jpg,2803,0,0,0,0,0,0,1,4,-2.723311,-3.3606734,-8.595498,-6.8523273,-6.734815,-7.83414
2804_right.jpg,2804,0,0,0,0,0,0,1,1,-2.4255197,-7.840754,-8.192542,-6.496956,-8.4904995,-7.8776894
2805_right.jpg,2805,0,0,0,0,0,0,1,3,-4.2034597,-5.6032834,-7.5081396,-10.059026,-7.3714504,-12.6738615
2806_right.jpg,2806,0,0,0,0,0,0,1,3,-5.434966,-1.1337259,-8.243639,-0.37502223,-6.481269,-10.215543
2807_right.jpg,2807,0,0,0,0,0,0,1,0,-1.7677698,-5.9982853,-5.924666,-5.908188,-2.3203003,-8.846164
2808_right.jpg,2808,0,0,0,0,0,0,1,2,1.3326801,-10.15559,-9.071872,-6.016054,-15.063628,-3.086267
2809_right.jpg,2809,0,0,0,0,0,0,1,1,-1.975889,-9.379694,-4.1371045,-8.537299,-5.7371364,-10.41153
2810_right.jpg,2810,0,0,0,0,0,0,1,3,-1.1417124,-13.668982,-12.970595,-6.67155,-7.006866,-9.643077
2811_right.jpg,2811,0,0,0,0,0,0,1,4,-4.3436446,-7.097502,-7.9112716,-2.1990623,-7.3465314,-9.321451
2812_right.jpg,2812,0,0,0,0,0,0,1,4,0.7920376,-8.685007,-11.973599,-7.1344223,-1.4318334,-9.469529
2813_right.jpg,2813,0,0,0,0,0,0,1,4,-3.356693,-13.495526,-7.191056,-8.977739,-8.6430235,-11.259566
2814_right.jpg,2814,0,0,0,0,0,0,1,4,-2.4983597,-4.811574,-4.069439,-8.895079,-8.677363,-10.3343
2815_right.jpg,2815,0,0,0,0,0,0,1,3,-4.219075,-4.75653,0.24385731,0.14373752,-7.9094467,-9.276371
2816_right.jpg,2816,0,0,0,0,0,0,1,4,-0.42095017,-5.9030976,-11.77279,-11.051302,-10.5624695,-9.693485
2817_right.jpg,2817,0,0,0,0,0,0,1,0,-0.6479311,-10.145608,-5.081044,-7.4936204,-10.446711,-9.834753
2818_right.jpg,2818,0,0,0,0,0,0,1,3,-2.2189338,-8.501381,-9.344315,-10.583112,-9.592709,-10.63319
2819_right.jpg,2819,0,0,0,0,0,0,1,0,-4.0798564,-6.90984,-2.9639068,-8.934977,-5.0792546,-9.632946
2820_right.jpg,2820,0,0,0,0,0,0,1,2,-3.7025166,-6.181564,-6.300143,-2.688754,-9.274232,-11.373827
2821_right.jpg,2821,0,0,0,0,0,0,1,2,-3.2866304,-9.171539,-7.7209153,-5.8562016,-8.260585,-7.0462575
2822_right.jpg,2822,0,0,0,0,0,0,1,0,-7.143284,-10.360118,-10.3839855,7.23764,-7.0428596,-10.597244
2823_right.jpg,2823,0,0,0,0,0,0,1,2,-1.2562736,-3.9430547,-12.924321,-3.6410308,-7.971345,-7.6085873
2824_right.jpg,2824,0,0,0,0,0,0,1,1,-0.30892286,-8.188897,-6.7510486,-6.9517584,-6.0130424,-11.385624
2825_right.jpg,2825,0,0,0,0,0,0,1,0,-1.0710874,-9.87563,-5.3400126,-3.9019616,-7.6021504,-4.292365
2826_right.jpg,2826,0,0,0,0,0,0,1,0,-3.8124459,-5.4004126,-6.629699,-7.2508283,-8.711934,-5.907422
2827_right.jpg,2827,0,0,0,0,0,0,1,0,-2.8423967,-4.121,-4.4615192,-8.352358,-4.545924,-7.684247
2828_right.jpg,2828,0,0,0,0,0,0,1,4,-2.46904,-5.864617,-12.951044,0.7281876,-6.249762,-12.568824
2829_right.jpg,2829,0,0,0,0,0,0,1,2,1.366555,-7.2830954,-7.121999,-8.906431,-6.0771976,-12.933945
2830_right.jpg,2830,0,0,0,0,0,0,1,2,-2.4990482,-4.2028947,-8.228224,-3.6147566,-2.2061455,-7.8165455
2832_right.jpg,2832,0,0,0,0,0,0,1,4,-5.2757998,-9.059356,-13.157278,-11.074534,-12.641997,-7.014595
2833_right.jpg,2833,0,0,0,0,0,0,1,0,-8.009931,-4.7669086,1.1146121,-8.165559,-6.0181723,-8.44153
2834_right.jpg,2834,0,0,0,0,0,0,1,3,-4.623886,-5.041952,-8.506824,-8.31203,-8.966156,-7.856706
2835_right.jpg,2835,0,0,0,0,0,0,1,0,-2.063501,-2.8309567,-5.0731425,-4.427105,-4.922885,-2.825012
2836_right.jpg,2836,0,0,0,0,0,0,1,3,-0.49141353,-0.79819894,-7.2774897,-7.673243,-7.1492615,-10.124045
2837_right.jpg,2837,0,0,0,0,0,0,1,0,-5.5327654,-9.310879,-9.996801,-8.545497,-10.43591,-10.747054
2838_right.jpg,2838,0,0,0,0,0,0,1,1,-1.388975,3.1111019,-9.792415,-3.469084,-8.938438,-7.8048444
2839_right.jpg,2839,0,0,0,0,0,0,1,0,-3.3563313,-8.337736,-9.951422,-6.363254,-10.691768,-9.927106
2841_right.jpg,2841,0,0,0,0,0,0,1,2,-3.6529257,-4.3916893,-9.427624,-5.583971,-8.140336,-1.9180107
2842_right.jpg,2842,0,0,0,0,0,0,1,1,1.2536625,-5.8342915,-7.1829877,-6.33576,-9.854502,-8.117086
2843_right.jpg,2843,0,0,0,0,0,0,1,1,-5.30822,-7.3191295,-13.415942,2.213618,-12.89689,-7.6088223
2844_right.jpg,2844,0,0,0,0,0,0,1,0,-3.0058622,-6.8167477,-8.77264,-5.8678417,-11.487994,-6.390671
2845_right.jpg,2845,0,0,0,0,0,0,1,4,-5.207292,-2.4637983,-11.4850645,-7.8910227,-6.4809575,-11.555679
2846_right.jpg,2846,0,0,0,0,0,0,1,3,-2.4220417,-5.0947313,-9.934626,-2.6100042,-10.242039,-7.9266477
2847_right.jpg,2847,0,0,0,0,0,0,1,0,-0.06030502,-9.017476,-9.437943,-8.371278,-7.3211174,-6.3356647
2848_right.jpg,2848,0,0,0,0,0,0,1,2,-2.9698315,-8.627037,-8.045804,-6.149884,-4.0659347,-11.406943
2849_right.jpg,2849,0,0,0,0,0,0,1,4,-2.8638663,-5.0719905,-8.641451,-10.700012,-13.933486,-7.308671
2850_right.jpg,2850,0,0,0,0,0,0,1,2,-3.2399554,-13.781172,-12.719486,-11.932947,-11.451334,-7.0854726
2851_right.jpg,2851,0,0,0,0,0,0,1,0,-5.6710234,-3.5667226,-7.784337,-8.356229,-9.537603,-6.124483
2852_right.jpg,2852,0,0,0,0,0,0,1,0,-2.6003127,-10.094034,-6.100653,-5.707931,-9.084379,-10.400429
2853_right.jpg,2853,0,0,0,0,0,0,1,2,-1.6435798,-7.3270054,-4.4158716,-10.986084,-6.8146887,-8.399623
2854_right.jpg,2854,0,0,0,0,0,0,1,4,-4.3500648,-2.0470033,-8.952921,-11.421789,-10.724925,-9.01162
2855_right.jpg,2855,0,0,0,0,0,0,1,2,0.06060294,-8.262267,-8.60792,-6.7389936,-6.2628107,-8.843862
2856_right.jpg,2856,0,0,0,0,0,0,1,0,-6.579727,-3.565173,-2.6860142,-6.040393,-10.059975,-5.946691
2857_right.jpg,2857,0,0,0,0,0,0,1,4,-3.0296996,-6.898259,-6.465388,-7.2107134,-8.237046,-9.25625
2858_right.jpg,2858,0,0,0,0,0,0,1,2,-3.604477,-6.798857,-4.6487904,-1.7214152,-6.3393555,-9.280964
2859_right.jpg,2859,0,0,0,0,0,0,1,2,-1.4575973,-7.2634163,-6.347618,-5.2546906,-4.7204866,-8.591778
2860_right.jpg,2860,0,0,0,0,0,0,1,4,-5.6136947,-4.7187743,-6.6551695,-0.599873,-5.629363,-11.173914
2861_right.jpg,2861,0,0,0,0,0,0,1,4,-4.9022894,-4.7313604,-13.57151,-1.9452895,-13.21958,-10.689808
2862_right.jpg,2862,0,0,0,0,0,0,1,0,-3.7288446,-5.4649343,-6.3143435,-11.631534,-7.1377525,-9.522658
2864_right.jpg,2864,0,0,0,0,0,0,1,1,-2.6337254,-5.390987,-5.695889,-9.036636,-7.5686693,-7.2193594
2865_right.jpg,2865,0,0,0,0,0,0,1,1,-4.602628,-7.119504,-4.644593,-5.706259,-5.929385,-10.374207
2866_right.jpg,2866,0,0,0,0,0,0,1,0,-1.614888,-9.222213,-10.063454,-4.2684393,-0.5920702,-7.459106
2867_right.jpg,2867,0,0,0,0,0,0,1,1,-1.0512202,-8.00133,-9.668569,-2.8698895,-6.76898,-9.168531
2868_right.jpg,2868,0,0,0,0,0,0,1,3,-2.933488,-6.799882,-7.258776,-6.4055886,-10.048996,-11.201762
2869_right.jpg,2869,0,0,0,0,0,0,1,3,-2.0722108,-6.7989764,-4.986406,-6.373444,-8.009508,-6.4476337
2871_right.jpg,2871,0,0,0,0,0,0,1,1,-0.49779406,-8.591102,-7.8558755,-9.583931,-9.496666,-11.437085
2872_right.jpg,2872,0,0,0,0,0,0,1,1,-7.0709295,-6.712826,-8.243819,-6.6243916,-6.833672,-11.009063
2873_right.jpg,2873,0,0,0,0,0,0,1,4,-0.87838197,-8.011107,-5.4523,-6.800711,-3.937431,-10.198179
2874_right.jpg,2874,0,0,0,0,0,0,1,3,-2.455726,-4.4878697,-9.700945,-5.0343294,-5.167893,-12.431638
2876_right.jpg,2876,0,0,0,0,0,0,1,4,1.4273771,-8.22014,-8.522117,-5.405163,-8.975175,-10.8931265
2877_right.jpg,2877,0,0,0,0,0,0,1,2,-1.7398747,-11.926794,-9.909573,-7.373368,-8.209457,-13.277045
2878_right.jpg,2878,0,0,0,0,0,0,1,0,-1.9787087,-0.87766236,-6.7107954,-14.610413,-7.9562306,-4.95458
2879_right.jpg,2879,0,0,0,0,0,0,1,4,-1.3984967,-8.474448,-10.848364,-7.456813,-6.957039,-13.525545
2880_right.jpg,2880,0,0,0,0,0,0,1,2,-0.41813084,-3.4907026,-8.645229,-10.45064,-1.1231111,-9.867785
2881_right.jpg,2881,0,0,0,0,0,0,1,4,-5.13439,-8.3330965,-11.100342,-3.8820183,-10.945215,-11.096603
2882_right.jpg,2882,0,0,0,0,0,0,1,0,-0.34291473,-7.251072,-11.257493,-9.933989,-7.720025,-5.8944006
2883_right.jpg,2883,0,0,0,0,0,0,1,4,-5.6052303,0.9613147,-7.866224,-4.730553,-8.108855,-9.037853
2884_right.jpg,2884,0,0,0,0,0,0,1,3,-4.4880967,-3.547852,-6.7692595,-5.8290954,-8.254605,-5.952586
2885_right.jpg,2885,0,0,0,0,0,0,1,3,-1.6456921,-4.590948,-4.304033,-6.551097,-7.593132,-3.0697765
2886_right.jpg,2886,0,0,0,0,0,0,1,0,-0.46733707,-7.172232,-8.484328,-7.2805047,-5.535183,-7.356935
2887_right.jpg,2887,0,0,0,0,0,0,1,1,-4.174117,-8.562343,-8.859783,-8.375229,-13.000765,-8.072332
2888_right.jpg,2888,0,0,0,0,0,0,1,1,-4.7762628,-4.3663297,-4.856353,-11.239082,-7.693831,-4.709243
2889_right.jpg,2889,0,0,0,0,0,0,1,0,-4.182769,-6.2746277,-6.9532123,-7.2431297,-9.020841,-9.887846
2890_right.jpg,2890,0,0,0,0,0,0,1,2,-1.3077598,-4.720174,-7.341763,-7.262516,-9.297373,-9.897701
2892_right.jpg,2892,0,0,0,0,0,0,1,0,-2.0422006,-11.506739,-11.832992,-10.889314,-10.791898,-4.769957
2893_right.jpg,2893,0,0,0,0,0,0,0,2,-2.5210154,-9.504117,-12.525549,-9.758374,-10.910779,-9.600223
2895_right.jpg,2895,0,0,0,0,0,0,1,2,-2.3367329,-11.126368,-8.714207,-9.209835,-5.133479,-7.8101354
2896_right.jpg,2896,0,0,0,0,0,0,1,4,-3.7238388,-6.6350675,-12.251576,-5.569792,-4.975028,-13.617334
2897_right.jpg,2897,0,0,0,0,0,0,1,2,-3.560051,-5.3919754,-4.640385,-4.6330442,-4.7211905,-8.722512
2898_right.jpg,2898,0,0,0,0,0,0,1,3,-0.78104657,-11.212301,-8.554829,-12.184913,-8.371314,-12.360863
2899_right.jpg,2899,0,0,0,0,0,0,1,2,-2.4194567,-6.278865,-7.5554266,-5.0884895,-6.3463373,-6.0458364
2900_right.jpg,2900,0,0,0,0,0,0,1,2,-0.87658995,-6.5360436,-9.512539,-6.5213404,-1.1033812,-10.018234
2901_right.jpg,2901,0,0,0,0,0,0,1,4,-1.4822403,-4.721697,-6.770354,-7.002232,-5.916717,-9.524383
2902_right.jpg,2902,0,0,0,0,0,0,1,3,1.4109247,-9.958599,-8.737206,-7.5118012,-5.4712777,-8.714209
2903_right.jpg,2903,0,0,0,0,0,0,1,2,-1.7681935,-12.445038,-11.789729,-12.229225,-14.618448,-4.225414
2904_right.jpg,2904,0,0,0,0,0,0,1,3,-4.124338,-10.101038,-4.1382666,-14.010833,-10.439116,-12.299802
2905_right.jpg,2905,0,0,0,0,0,0,1,3,-2.174243,-8.275636,-6.508153,-7.039324,-10.769808,-15.652394
2906_right.jpg,2906,0,0,0,0,0,0,1,0,-5.6142,-9.878855,-11.976679,-5.9877567,-13.871667,2.068437
2907_right.jpg,2907,0,0,0,0,0,0,1,2,-5.4310365,-4.972455,-12.42697,-8.711865,-8.616647,-9.204504
2908_right.jpg,2908,0,0,0,0,0,0,1,3,-1.9119812,-2.4058995,-11.453494,-4.0051193,-7.9775186,-9.885628
2909_right.jpg,2909,0,0,0,0,0,0,1,1,-5.882167,1.0591635,-8.354248,-4.7691507,-9.428014,-5.3073964
2910_right.jpg,2910,0,0,0,0,0,0,1,0,-6.3995714,-7.3742003,-6.950759,-3.9896507,-5.558873,-9.76866
2911_right.jpg,2911,0,0,0,0,0,0,1,1,-3.3910031,-8.988415,-3.2648609,-8.733294,-9.1139765,-7.547492
2912_right.jpg,2912,0,0,0,0,0,0,1,2,1.6466478,-9.217278,-8.661522,-5.5827594,-4.2199335,-7.7409906
2913_right.jpg,2913,0,0,0,0,0,0,1,1,-3.7080836,-4.940612,-8.848121,-6.9137325,-11.832206,-10.007127
2914_right.jpg,2914,0,0,0,0,0,0,1,2,0.53136563,-12.978191,-12.088213,-11.931536,-10.439345,-11.680772
2915_right.jpg,2915,0,0,0,0,0,0,1,4,-3.201921,-10.847654,-7.3474636,-8.940808,-8.064063,-13.664949
2916_right.jpg,2916,0,0,0,0,0,0,1,4,-3.9800735,-7.465859,-12.667142,-5.8534265,-2.5951767,-8.369389
2917_right.jpg,2917,0,0,0,0,0,0,1,3,-2.7871382,-4.73654,-7.235366,-7.070866,-9.872242,-8.099472
2918_right.jpg,2918,0,0,0,0,0,0,1,3,-1.3923986,-7.3672395,-5.8799415,-0.09903675,-5.0153084,-12.587354
2919_right.jpg,2919,0,0,0,0,0,0,1,0,-0.61820525,-7.9713554,-6.126815,-5.3224554,-2.5959768,-7.1602583
2920_right.jpg,2920,0,0,0,0,0,0,1,0,-1.5982237,-5.307088,-9.333349,-9.298042,-8.122202,-11.080792
2921_right.jpg,2921,0,0,0,0,0,0,1,3,-1.7480893,-8.644206,-9.9316635,-11.402213,-8.7449,-9.834859
2923_right.jpg,2923,0,0,0,0,0,0,1,0,-3.1160703,-4.038228,-7.169883,-5.0798197,-6.4196606,-4.137337
2924_right.jpg,2924,0,0,0,0,0,0,1,0,-3.9660087,-4.8885956,-6.8559566,-6.0468125,-8.683437,-11.014117
2925_right.jpg,2925,0,0,0,0,0,0,1,3,-2.6115627,-6.1459875,-9.69163,-11.884295,-11.412206,-12.074891
2926_right.jpg,2926,0,0,0,0,0,0,1,0,-1.0114064,-10.077782,-6.877218,-4.563761,-4.900516,-10.053527
2927_right.jpg,2927,0,0,0,0,0,0,1,1,0.62453413,-5.8978786,-10.856029,-4.518922,-7.7345757,-5.701522
2929_right.jpg,2929,0,0,0,0,0,0,1,4,-0.24320188,-11.965326,-7.637013,-4.963452,-13.349614,-12.573698
2930_right.jpg,2930,0,0,0,0,0,0,1,1,-1.5024924,-4.515181,-9.31206,-7.9696918,-8.338253,-7.4717255
2931_right.jpg,2931,0,0,0,0,0,0,1,0,-3.517515,-4.077917,-4.444967,-6.2004304,-5.4685316,-10.9979105
2932_right.jpg,2932,0,0,0,0,0,0,1,1,-1.8372917,-10.964933,-8.635928,-5.061129,-7.50884,-10.040899
2933_right.jpg,2933,0,0,0,0,0,0,1,2,-1.6559716,-7.007861,-9.800135,-2.8827438,-5.337274,-10.32511
2934_right.jpg,2934,0,0,0,0,0,0,1,4,-2.238803,-9.839939,-10.400453,-10.229944,-13.508878,-15.683808
2935_right.jpg,2935,0,0,0,0,0,0,1,1,-3.7532048,-4.2249117,-1.902258,-7.915595,-5.352571,-8.6521225
2936_right.jpg,2936,0,0,0,0,0,0,1,4,0.18613847,-8.739301,-7.0646625,-7.8404875,-8.190209,-10.582747
2937_right.jpg,2937,0,0,0,0,0,0,1,4,-3.0713627,-3.6011531,-15.458805,-8.201141,-9.577261,1.2153748
2938_right.jpg,2938,0,0,0,0,0,0,1,1,2.2955158,-8.463294,-6.4371576,-9.156874,-4.7035565,-10.592184
2939_right.jpg,2939,0,0,0,0,0,0,1,0,-5.9897914,-3.4187028,-10.16108,-3.5428538,-10.243231,-14.369965
2940_right.jpg,2940,0,0,0,0,0,0,1,0,-1.3201654,-8.308144,-7.747219,-8.728186,-6.7307463,-8.109482
2941_right.jpg,2941,0,0,0,0,0,0,1,2,-1.3517641,-3.7493055,-7.511398,-2.5505157,-2.7735426,-6.3110485
2942_right.jpg,2942,0,0,0,0,0,0,1,2,-1.7676301,0.1916691,-7.3585653,-8.537756,-7.000007,-9.55859
2943_right.jpg,2943,0,0,0,0,0,0,1,1,-4.4925537,-0.57625926,-9.614214,-9.987933,-12.236797,-5.3585453
2944_right.jpg,2944,0,0,0,0,0,0,1,2,-3.0348356,-5.919367,-7.8108034,-7.8953815,-3.404359,-11.92634
2945_right.jpg,2945,0,0,0,0,0,0,1,4,-4.957877,0.32957047,-6.0379696,-10.413218,-6.985107,-8.239953
2946_right.jpg,2946,0,0,0,0,0,0,1,4,0.9196973,-12.45444,-4.6414948,-7.5565653,-9.130204,-9.769839
2948_right.jpg,2948,0,0,0,0,0,0,1,1,-2.962823,-6.849002,-5.9043694,-6.2143,-4.514815,-7.3296432
2949_right.jpg,2949,0,0,0,0,0,0,1,2,-3.1740153,-7.06553,-8.378754,-8.9508705,-11.104748,-9.434907
2950_right.jpg,2950,0,0,0,0,0,0,1,0,-0.49519747,-10.586777,-13.626009,-6.122031,-11.63077,-9.519839
2951_right.jpg,2951,0,0,0,0,0,0,1,3,-3.959098,-3.240594,-2.1156588,-11.143362,-6.4541755,-10.448057
2952_right.jpg,2952,0,0,0,0,0,0,1,3,-1.7477541,-7.8305616,-8.039271,-10.163161,-5.9793024,-11.064581
2953_right.jpg,2953,0,0,0,0,0,0,1,2,-2.8703983,-8.849106,-6.8903093,-7.0060654,-8.463832,-6.447594
2954_right.jpg,2954,0,0,0,0,0,0,0,4,-1.6982944,-9.723836,-9.421444,-10.242094,-11.756696,-13.550097
2955_right.jpg,2955,0,0,0,0,0,0,1,1,-5.7334394,-5.1275907,-7.295262,-6.81516,-13.173223,-10.120386
2956_right.jpg,2956,0,0,0,0,0,0,1,0,-1.7674373,-7.915513,-8.564377,-6.289939,-8.363197,-6.527376
2957_right.jpg,2957,0,0,0,0,0,0,1,0,-5.9577527,-4.1236024,-8.057715,-5.031645,-11.645118,-11.124856
2958_right.jpg,2958,0,0,0,0,0,0,1,4,-0.3387879,-3.7456305,-5.3762627,-6.0257497,-4.407153,-7.7834024
2959_right.jpg,2959,0,0,0,0,0,0,0,3,0.8264882,-3.3736517,-6.590409,-10.457988,-4.682793,-8.028103
2960_right.jpg,2960,0,0,0,0,0,0,1,0,-0.19200596,-8.429838,-3.0942986,-10.14571,-13.369848,-13.705118
2961_right.jpg,2961,0,0,0,0,0,0,1,1,-3.1670473,-1.4027919,-4.460053,-5.235744,-6.2361007,-7.4399376
2962_right.jpg,2962,0,0,0,0,0,0,1,4,1.8104146,-8.638039,-5.4920654,-8.499815,-3.812819,-11.813429
2963_right.jpg,2963,0,0,0,0,0,0,1,1,-0.6785546,-6.032518,-9.495674,-1.4193814,-7.3186655,-11.655765
2964_right.jpg,2964,0,0,0,0,0,0,1,1,-6.3067307,-7.930789,-3.537306,-7.1719837,-11.504159,-7.0908203
2965_right.jpg,2965,0,0,0,0,0,0,1,2,0.8421625,-8.939994,-6.086245,-7.216313,-5.083671,-6.5965614
2966_right.jpg,2966,0,0,0,0,0,0,1,0,-4.5220466,-8.688511,-8.615786,-4.881577,-6.2381673,-11.509119
2967_right.jpg,2967,0,0,0,0,0,0,1,2,-5.4033103,-11.350158,-2.8865273,-13.244125,-11.907226,-9.041315
2969_right.jpg,2969,0,0,0,0,0,0,1,1,-4.3053155,-4.6596026,0.03276455,-7.213519,-2.6947029,-9.808093
2970_right.jpg,2970,0,0,0,0,0,0,1,3,-1.9711537,-12.198202,-11.436207,-4.39325,-9.140863,-12.972214
2971_right.jpg,2971,0,0,0,0,0,0,1,1,1.9003377,-10.508918,-10.005622,-11.092256,-10.804696,-7.6649885
2972_right.jpg,2972,0,0,0,0,0,0,1,0,-3.940765,-8.478893,-8.385823,-10.063938,-4.3807454,-11.71268
2973_right.jpg,2973,0,0,0,0,0,0,1,3,-1.7896032,-10.807496,-9.538576,-6.3060894,-9.402076,-10.723508
2974_right.jpg,2974,0,0,0,0,0,0,1,2,-2.9506438,-6.8880033,-9.417761,-9.747066,-10.214807,-8.987531
2975_right.jpg,2975,0,0,0,0,0,0,1,4,-0.14331868,-4.111398,-6.329909,-3.7703443,-4.2896705,-9.330218
2976_right.jpg,2976,0,0,0,0,0,0,1,2,-2.532196,-8.767711,-10.535729,-1.5645438,-9.180478,-9.632413
2977_right.jpg,2977,0,0,0,0,0,0,1,2,-6.5372753,-4.189089,-8.456255,-8.23419,-9.756511,-9.279061
2978_right.jpg,2978,0,0,0,0,0,0,1,0,-2.3483412,-10.105453,-9.256355,-6.3802733,-9.256918,-8.493462
2979_right.jpg,2979,0,0,0,0,0,0,1,0,-1.6260195,-5.3407364,-5.9045944,-7.6771927,-8.558548,-7.4576755
2980_right.jpg,2980,0,0,0,0,0,0,1,0,-6.0836096,7.826613,-10.682288,-8.198095,-6.4434195,-9.6166
2981_right.jpg,2981,0,0,0,0,0,0,1,3,-3.3783736,-4.3158836,-8.0011425,-7.4736547,-4.6938086,-6.990444
2982_right.jpg,2982,0,0,0,0,0,0,1,0,-2.3147144,-10.775873,-6.739629,-9.093537,-7.404705,-9.446015
2983_right.jpg,2983,0,0,0,0,0,0,1,2,-1.7315749,-12.727271,-10.112554,-6.581945,-8.269647,-10.2072935
2984_right.jpg,2984,0,0,0,0,0,0,1,3,-3.7070749,-3.6256943,-10.672392,-8.531504,-11.683121,-10.142503
2985_right.jpg,2985,0,0,0,0,0,0,1,2,-3.927225,-7.9314227,-4.801923,-3.4895525,-5.868758,-8.279342
2986_right.jpg,2986,0,0,0,0,0,0,1,0,-6.0020366,-2.6220965,-4.7983036,-2.1227365,-10.151329,-10.541348
2987_right.jpg,2987,0,0,0,0,0,0,1,1,-3.2198133,0.8270387,-6.0668316,-5.648148,-1.4849287,-6.255483
2988_right.jpg,2988,0,0,0,0,0,0,1,3,-1.3738174,-3.1890223,-5.8658133,-4.5240283,-7.319564,-10.093752
2989_right.jpg,2989,0,0,0,0,0,0,1,2,-1.8419687,-7.9414597,-9.720275,-7.5275855,-4.1352515,-10.478896
2990_right.jpg,2990,0,0,0,0,0,0,1,3,2.7185,-7.2329655,-7.647868,-10.33976,-12.785437,-8.441796
2991_right.jpg,2991,0,0,0,0,0,0,1,3,-5.198356,-8.2981,-8.502267,-5.691331,-11.140726,-7.97556
2992_right.jpg,2992,0,0,0,0,0,0,1,1,-3.2046907,-0.47880754,-5.141045,-9.66488,-12.01694,-9.600765
2993_right.jpg,2993,0,0,0,0,0,0,1,1,-2.3340423,-8.238932,-7.4744067,-7.961129,-8.780608,-7.776631
2994_right.jpg,2994,0,0,0,0,0,0,1,3,-4.9799533,-3.7957747,-6.209439,-5.411976,-6.965759,-6.8218284
2995_right.jpg,2995,0,0,0,0,0,0,1,3,-2.2761161,-9.631472,-6.3394303,-8.599038,-10.169193,-9.104503
2996_right.jpg,2996,0,0,0,0,0,0,1,1,-1.7841545,3.0936112,-7.7824717,-8.527407,-7.4255033,-7.6384063
2997_right.jpg,2997,0,0,0,0,0,0,1,2,1.0925581,-6.3511014,-7.93613,-10.558605,-6.2445745,-8.386809
2998_right.jpg,2998,0,0,0,0,0,0,1,3,-5.4105783,-4.409245,-5.598064,-6.881074,-8.384515,-11.819559
2999_right.jpg,2999,0,0,0,0,0,0,1,4,0.5897284,-10.52446,-11.704211,-8.7395935,-9.046182,-12.081503
3000_right.jpg,3000,0,0,0,0,0,0,1,2,-1.4824224,-5.2928114,-8.291273,-2.386237,-8.942502,-5.8885136
3001_right.jpg,3001,0,0,0,0,0,0,1,0,-1.3334708,-7.554149,-7.298941,-5.3581476,-8.522118,-8.670149
3002_right.jpg,3002,0,0,0,0,0,0,1,1,-1.8760521,-2.479004,-9.578427,-2.1734037,-5.2536006,-5.827876
3003_right.jpg,3003,0,0,0,0,0,0,1,3,-5.214187,-8.339378,-5.715972,-10.708488,-9.085936,-9.042611
3004_right.jpg,3004,0,0,0,0,0,0,1,3,-0.54569256,-6.9445662,-6.194495,-7.6908875,-3.7319126,-8.873518
3005_right.jpg,3005,0,0,0,0,0,0,1,0,-2.9114647,-1.0154057,-9.962399,-7.7872458,-12.381824,-10.555445
3007_right.jpg,3007,0,0,0,0,0,0,1,0,-4.6956577,3.4132826,-7.409788,-6.259372,-4.8822517,-9.560531
3008_right.jpg,3008,0,0,0,0,0,0,1,1,-1.2418549,-9.538405,-6.5712323,-4.9968567,-4.319694,-7.4620614
3009_right.jpg,3009,0,0,0,0,0,0,1,3,-1.8909239,-1.8355416,-8.425577,-9.936717,-5.5360613,-8.957553
3010_right.jpg,3010,0,0,0,0,0,0,1,0,-4.0062885,-6.928406,-6.478731,-8.971909,-12.748079,-5.009564
3011_right.jpg,3011,0,0,0,0,0,0,1,2,-0.08180649,-7.0195565,-5.7376337,-5.9116993,-4.8622546,-7.721417
3012_right.jpg,3012,0,0,0,0,0,0,1,3,-5.016648,-11.380988,-13.322574,-5.539316,-15.092296,-10.432797
3013_right.jpg,3013,0,0,0,0,0,0,1,3,-2.9455276,-7.3414946,-7.4466853,-8.9405365,-11.554199,-11.212113
3014_right.jpg,3014,0,0,0,0,0,0,1,1,-1.5889826,1.6593261,-6.443814,-6.7943735,-6.960859,-2.9946537
3015_right.jpg,3015,0,0,0,0,0,0,1,0,-1.5665652,-9.936167,-8.076644,-4.9837055,-9.956818,-7.4064813
3016_right.jpg,3016,0,0,0,0,0,0,1,3,-6.6311803,-3.9259057,-6.74355,-8.074331,-10.421011,-10.222684
3017_right.jpg,3017,0,0,0,0,0,0,1,4,0.5253959,-8.855011,-10.173162,-6.186623,-9.881697,-12.483916
3018_right.jpg,3018,0,0,0,0,0,0,1,2,-2.0836968,-6.410911,-5.2705097,-10.880278,-4.302458,-11.748644
3020_right.jpg,3020,0,0,0,0,0,0,1,1,-2.7548761,-3.459816,-8.71428,-1.477617,-3.2259119,-7.735525
3023_right.jpg,3023,0,0,0,0,0,0,1,1,-2.0524726,-6.4347863,-10.025417,-2.3522277,-4.85611,-8.776181
3025_right.jpg,3025,0,0,0,0,0,0,1,1,-1.2724855,-9.249793,-5.518725,-8.508255,-3.3324022,-6.5072217
3026_right.jpg,3026,0,0,0,0,0,0,1,1,-5.1187677,-7.9115806,-6.0969043,-7.3378158,-10.500008,-10.419912
3027_right.jpg,3027,0,0,0,0,0,0,1,1,-3.3132613,-2.5307624,-6.3912725,-11.1505575,-8.896326,-9.365931
3028_right.jpg,3028,0,0,0,0,0,0,1,4,-2.6281679,-6.7908907,-4.5190983,-13.787802,-7.889119,-8.4156885
3029_right.jpg,3029,0,0,0,0,0,0,1,4,-3.9449017,-6.584502,2.8365657,-9.095921,-6.381236,-10.305756
3030_right.jpg,3030,0,0,0,0,0,0,1,0,-4.194343,-4.063789,-3.9924233,-4.486116,-7.1457453,-6.757986
3033_right.jpg,3033,0,0,0,0,0,0,1,0,-1.7800357,-6.747002,-9.246775,-8.616627,-8.052008,-6.8192883
3034_right.jpg,3034,0,0,0,0,0,0,1,1,-2.1699784,-9.551633,-5.2761846,-7.757452,-5.6941075,-9.466599
3035_right.jpg,3035,0,0,0,0,0,0,1,4,-1.2089604,-6.276039,-10.925855,-11.004344,-7.4076056,-10.710064
3036_right.jpg,3036,0,0,0,0,0,0,1,2,-0.33083043,-4.43712,-9.418095,-1.0733194,-5.160753,-8.644953
3037_right.jpg,3037,0,0,0,0,0,0,1,1,-3.8275886,-2.7556868,1.5688549,-7.388975,-7.4254556,-7.3977485
3038_right.jpg,3038,0,0,0,0,0,0,1,4,-1.0838869,-13.722469,-14.268521,-8.65615,-9.620941,-11.868566
3039_right.jpg,3039,0,0,0,0,0,0,0,2,-5.322087,-4.0019016,1.6380359,-6.9147024,-5.108406,-8.125386
3040_right.jpg,3040,0,0,0,0,0,0,1,4,-1.7290632,-12.219731,-6.0812807,-7.9649744,-7.8424354,-13.145152
3041_right.jpg,3041,0,0,0,0,0,0,1,4,-3.04316,-9.569763,-6.4146304,-6.558957,-4.58146,-13.877739
3042_right.jpg,3042,0,0,0,0,0,0,1,0,-6.0001674,-3.90872,-9.236096,-4.392871,-6.622153,-7.3347907
3043_right.jpg,3043,0,0,0,0,0,0,1,3,-6.1709075,-3.3665714,-6.3730955,-9.007678,-6.451765,-8.828698
3044_right.jpg,3044,0,0,0,0,0,0,1,4,-2.0625007,-11.294208,-12.789351,-13.060598,-8.467886,-11.746821
3045_right.jpg,3045,0,0,0,0,0,0,1,2,-4.293608,-7.4873915,-9.141085,-7.0915127,-6.7791524,-7.548862
3046_right.jpg,3046,0,0,0,0,0,0,0,0,-2.0470266,-7.8958592,-7.3028865,-6.746575,-9.630644,-8.633396
3047_right.jpg,3047,0,0,0,0,0,0,1,3,-5.6412745,-4.7170277,-9.92645,-11.331954,-9.478166,-8.466788
3048_right.jpg,3048,0,0,0,0,0,0,1,2,-4.0657916,-0.7703173,-5.3824716,-6.9326177,-3.8541753,-13.384482
3050_right.jpg,3050,0,0,0,0,0,0,1,4,1.291113,-10.705655,-9.441568,-6.4138513,-5.1578507,-10.957437
3051_right.jpg,3051,0,0,0,0,0,0,1,4,-3.615719,0.68553007,-3.9019506,-0.4940477,-6.2802906,-4.425488
3052_right.jpg,3052,0,0,0,0,0,0,1,2,-1.2456319,-7.894816,-5.8538184,-5.037584,-4.630343,-12.127659
3054_right.jpg,3054,0,0,0,0,0,0,1,1,-2.3555417,-11.126183,-9.736253,-3.4606502,-12.66077,-7.7501507
3056_right.jpg,3056,0,0,0,0,0,0,1,3,-1.0918229,-5.250189,-7.725028,-5.563597,-0.8768694,-9.380295
3057_right.jpg,3057,0,0,0,0,0,0,1,2,-1.1654496,-10.224481,-8.690094,-7.1702747,-7.7243247,-8.443589
3058_right.jpg,3058,0,0,0,0,0,0,1,4,-6.4228373,-12.982871,-15.033204,-1.4030035,-14.891971,-11.944624
3059_right.jpg,3059,0,0,0,0,0,0,1,3,-2.5931437,-7.013751,-7.8013587,-6.527828,-11.778223,-13.58928
3061_right.jpg,3061,0,0,0,0,0,0,1,3,-6.340962,-2.7825198,-11.173464,-7.4752073,-13.62776,-10.240839
3062_right.jpg,3062,0,0,0,0,0,0,1,3,-1.5919826,-6.2279563,0.5377152,-0.7701022,-5.0103097,-1.7311012
3063_right.jpg,3063,0,0,0,0,0,0,1,0,-1.0272996,-6.7920413,-9.916326,-5.450046,-5.1599364,-7.2588105
3064_right.jpg,3064,0,0,0,0,0,0,1,2,-1.5138848,-8.289865,-7.424301,-1.2610289,-6.7300196,-10.005637
3065_right.jpg,3065,0,0,0,0,0,0,1,4,-2.1040719,-7.507484,-11.562761,-8.942407,-11.759977,-11.1648445
3066_right.jpg,3066,0,0,0,0,0,0,1,0,-3.2245486,0.33496407,-6.6666617,-6.0144963,-3.3346314,-5.877487
3067_right.jpg,3067,0,0,0,0,0,0,1,4,-3.769079,-11.00932,-6.792409,-6.9243884,-8.134058,-13.237183
3068_right.jpg,3068,0,0,0,0,0,0,1,0,-6.689851,-2.9340897,-6.7182446,-7.038323,-9.281909,-7.4788465
3069_right.jpg,3069,0,0,0,0,0,0,1,3,-5.1656184,-1.4048046,-5.827502,-4.154192,-7.722908,-8.288617
3070_right.jpg,3070,0,0,0,0,0,0,1,4,-0.3061471,-6.209143,-6.512788,-5.333001,-8.965267,-12.728803
3071_right.jpg,3071,0,0,0,0,0,0,1,1,1.2750022,-10.287737,-10.952167,-5.9589033,-15.461344,-7.2865252
3072_right.jpg,3072,0,0,0,0,0,0,1,1,-1.7149615,-6.275302,-9.545911,-2.520362,-5.428394,-9.463996
3073_right.jpg,3073,0,0,0,0,0,0,1,2,-4.725174,-12.352054,-11.613761,-0.9559714,-12.859557,-4.3708396
3074_right.jpg,3074,0,0,0,0,0,0,1,1,-4.6773305,-7.2863812,-7.597917,-3.3812313,-8.349854,-7.1479654
3075_right.jpg,3075,0,0,0,0,0,0,1,2,-4.8372483,-5.573206,-5.2116,-5.003471,-4.719032,-12.049588
3076_right.jpg,3076,0,0,0,0,0,0,1,1,-3.8155105,-1.5263945,-1.3879262,-2.0512931,-6.0985217,-8.86964
3077_right.jpg,3077,0,0,0,0,0,0,1,2,-6.094026,-1.7279572,-9.392584,-6.440329,-7.1431475,-7.705568
3078_right.jpg,3078,0,0,0,0,0,0,1,2,-3.1401174,2.0898361,-5.63595,-1.2179973,1.3805029,-10.651487
3079_right.jpg,3079,0,0,0,0,0,0,1,2,-4.6837153,-4.5143766,-7.366678,-5.469069,-6.941309,-11.5607605
3080_right.jpg,3080,0,0,0,0,0,0,1,0,-7.039947,-4.4267,-8.406916,-1.3355496,-8.634978,-7.62939
3081_right.jpg,3081,0,0,0,0,0,0,1,0,-3.4066753,-9.727638,-8.128382,-3.3324919,-7.7014,-7.0650673
3082_right.jpg,3082,0,0,0,0,0,0,1,0,-5.9288282,-6.9727545,-12.783343,1.8680698,-11.487242,-10.530829
3083_right.jpg,3083,0,0,0,0,0,0,1,1,-0.89593315,-10.274822,-11.658467,-10.647054,-10.621117,-9.379909
3084_right.jpg,3084,0,0,0,0,0,0,1,3,-1.9751382,-3.5786102,-7.11526,-1.2875222,-4.7652707,-9.502096
3085_right.jpg,3085,0,0,0,0,0,0,1,4,0.34319577,-8.018802,-6.9910808,-8.941827,-4.1017013,-6.8011427
3086_right.jpg,3086,0,0,0,0,0,0,1,2,-0.69150364,-7.2880025,-7.397181,-7.815578,-0.9979338,-4.472708
3087_right.jpg,3087,0,0,0,0,0,0,1,0,-2.1240313,-5.5656595,-3.734963,-5.9134545,-8.796927,-8.246757
3088_right.jpg,3088,0,0,0,0,0,0,1,3,-1.9119091,-5.242226,-3.3694172,-12.416242,-6.336157,-7.3568325
3089_right.jpg,3089,0,0,0,0,0,0,1,4,-3.1408327,0.79224354,-10.10355,-10.398871,-4.570319,-12.582685
3090_right.jpg,3090,0,0,0,0,0,0,1,1,-1.1753067,-5.4566374,-12.63752,-4.452295,-11.813904,-8.817975
3091_right.jpg,3091,0,0,0,0,0,0,1,3,1.5993593,-12.976903,-11.619607,-7.296756,-15.751253,-7.57252
3092_right.jpg,3092,0,0,0,0,0,0,1,3,-2.659605,-10.251398,-8.866018,3.689042,-4.1177034,-10.15247
3093_right.jpg,3093,0,0,0,0,0,0,1,2,-1.5378677,-6.001979,-11.683207,-3.9011662,-13.719611,-10.310948
3094_right.jpg,3094,0,0,0,0,0,0,1,0,0.20203462,-8.876523,-5.5849404,-12.5262985,-9.356709,-4.2886415
3095_right.jpg,3095,0,0,0,0,0,0,1,1,-3.1441817,-5.3504486,-8.873023,2.0422494,-8.138386,-7.884606
3096_right.jpg,3096,0,0,0,0,0,0,1,4,-4.4990416,-2.9710968,-4.856802,-8.497821,-8.446763,-6.6694913
3097_right.jpg,3097,0,0,0,0,0,0,1,3,-1.6057423,-5.02143,-7.990253,-3.2355125,-8.1941805,-9.223202
3098_right.jpg,3098,0,0,0,0,0,0,1,2,0.0062216884,-5.4509563,-11.059332,-10.672236,-5.5581355,-3.987586
3099_right.jpg,3099,0,0,0,0,0,0,1,1,-3.913638,-6.082013,-7.8092384,-7.9781294,-6.4245033,-8.652032
3100_right.jpg,3100,0,0,0,0,0,0,1,4,-0.82321113,-6.349324,-8.784822,-7.5978165,-9.4647665,-11.586834
3101_right.jpg,3101,0,0,0,0,0,0,1,3,-1.3810388,-8.476053,-7.089994,-6.0907817,-8.416183,-9.139181
3102_right.jpg,3102,0,0,0,0,0,0,1,4,-2.5010927,-0.32411146,-11.119997,-13.178896,-5.756231,-8.295322
3103_right.jpg,3103,0,0,0,0,0,0,1,0,0.6546242,0.7818695,-9.49773,-9.636099,-2.5822918,-5.417382
3104_right.jpg,3104,0,0,0,0,0,0,1,2,-2.972088,-1.9235567,-8.518256,-7.8172345,-5.6661825,-9.253095
3105_right.jpg,3105,0,0,0,0,0,0,1,3,-1.0573179,-8.055048,-9.385061,-6.268725,-8.90818,-9.268546
3106_right.jpg,3106,0,0,0,0,0,0,1,0,-1.9762677,-6.504167,-10.521047,-7.639128,-6.2593646,-7.832611
3107_right.jpg,3107,0,0,0,0,0,0,1,0,-3.2849398,-4.8913794,-10.855943,-6.843427,-6.1881213,-8.214089
3108_right.jpg,3108,0,0,0,0,0,0,1,0,0.00058387406,-8.554094,-6.3289995,-8.420867,-2.8286037,-6.9180417
3109_right.jpg,3109,0,0,0,0,0,0,1,2,-1.5764034,-10.330742,-6.226333,-9.774447,-3.476732,-11.322277
3110_right.jpg,3110,0,0,0,0,0,0,1,4,-2.1821005,-2.7975585,-10.296801,-9.641591,-6.447688,-9.53192
3111_right.jpg,3111,0,0,0,0,0,0,1,0,-3.5695188,-7.2466817,-5.8646564,-9.74691,-4.698833,-7.765954
3112_right.jpg,3112,0,0,0,0,0,0,1,4,0.18259005,-5.8791957,-7.121177,-10.537166,-8.341715,-9.818823
3113_right.jpg,3113,0,0,0,0,0,0,1,4,-4.256014,-3.0642436,-0.45485184,-9.254038,-6.5387516,-3.446415
3114_right.jpg,3114,0,0,0,0,0,0,1,2,0.8733046,-8.832552,-7.5275974,-6.1081724,-3.6712646,-8.470737
3115_right.jpg,3115,0,0,0,0,0,0,1,0,-2.04807,-12.414085,-7.557584,-10.53322,-7.377358,-12.292585
3116_right.jpg,3116,0,0,0,0,0,0,1,0,-5.4258766,-2.4599464,-4.69918,-3.4946609,-5.2195883,-3.837527
3117_right.jpg,3117,0,0,0,0,0,0,1,3,-3.7864993,2.8347468,-8.12176,-7.322681,-8.754957,-11.561807
3120_right.jpg,3120,0,0,0,0,0,0,1,1,-2.8942096,-5.527581,-8.868744,-8.64987,-11.62662,-7.535983
3121_right.jpg,3121,0,0,0,0,0,0,1,1,-4.6703877,-10.146276,-8.644817,-6.8021703,-8.89373,-7.649658
3122_right.jpg,3122,0,0,0,0,0,0,1,2,1.220811,-12.268466,-11.228383,-8.177754,-9.520314,-3.7348087
3123_right.jpg,3123,0,0,0,0,0,0,1,2,-2.4833338,-9.130381,-7.5794606,-1.6371378,-8.616851,-7.441182
3124_right.jpg,3124,0,0,0,0,0,0,1,0,-1.7107079,-7.597319,-7.3557715,-6.293646,-8.042185,-9.879254
3125_right.jpg,3125,0,0,0,0,0,0,1,4,-5.2092915,-5.2705445,-6.6483064,-9.468637,-7.821008,-14.553767
3126_right.jpg,3126,0,0,0,0,0,0,1,0,-0.4916745,-13.021827,-7.5893474,-4.7066817,-9.767764,-10.972767
3127_right.jpg,3127,0,0,0,0,0,0,1,4,-2.1982274,-6.1910443,-9.5010605,-7.7992954,-10.65579,-12.1352
3128_right.jpg,3128,0,0,0,0,0,0,1,4,-3.8850079,-12.292998,-6.576663,-8.017307,-11.053197,-11.658522
3129_right.jpg,3129,0,0,0,0,0,0,1,0,-1.5806448,-11.493152,-9.407132,-6.924187,-8.955901,-8.214629
3130_right.jpg,3130,0,0,0,0,0,0,1,4,-7.192803,0.12263573,-10.328721,-6.5090885,-11.679154,-5.1221604
3131_right.jpg,3131,0,0,0,0,0,0,1,3,-0.93416935,1.6150905,-4.82035,-6.751498,-4.198619,-7.1620007
3132_right.jpg,3132,0,0,0,0,0,0,1,1,-2.554298,-7.2604985,-7.093448,-10.244383,-7.905577,-9.433748
3134_right.jpg,3134,0,0,0,0,0,0,1,4,-5.737781,-4.2990146,-6.1740766,-9.362748,-6.3276467,-8.489496
3135_right.jpg,3135,0,0,0,0,0,0,1,3,0.6861964,-9.109618,-6.3588586,-8.766256,-7.423157,-8.208385
3136_right.jpg,3136,0,0,0,0,0,0,1,4,-2.0952744,-6.196486,-6.2510552,-1.5659481,-9.787388,-8.556802
3137_right.jpg,3137,0,0,0,0,0,0,1,1,-1.4265201,-7.1847796,-3.2333639,-2.877596,-8.778386,-8.666571
3138_right.jpg,3138,0,0,0,0,0,0,1,1,0.0794981,-7.836521,-7.333531,-5.1386623,-12.240724,-2.7056878
3139_right.jpg,3139,0,0,0,0,0,0,1,4,1.7003746,-6.3856993,-4.8029585,-8.287258,-4.1523323,-8.22572
3140_right.jpg,3140,0,0,0,0,0,0,1,2,-1.3209262,-4.434529,-6.2188997,-1.9159176,-5.524185,-6.727242
3141_right.jpg,3141,0,0,0,0,0,0,1,2,-2.7774143,-5.082801,-7.005903,-8.913745,-6.8783984,-5.918957
3142_right.jpg,3142,0,0,0,0,0,0,1,4,-2.147756,-5.196186,-9.926734,-7.61843,-8.673192,-10.094996
3143_right.jpg,3143,0,0,0,0,0,0,1,3,-2.145672,-10.999601,-8.021497,-7.738006,-10.702026,-12.2077675
3144_right.jpg,3144,0,0,0,0,0,0,1,3,-4.291617,-6.882743,-10.722953,-5.3500257,-12.799784,-10.076752
3145_right.jpg,3145,0,0,0,0,0,0,1,2,-1.1950903,-7.729995,-5.083787,-6.531814,-5.6081614,-7.8597226
3146_right.jpg,3146,0,0,0,0,0,0,1,0,-1.6324995,-5.4481997,-2.10021,-8.950497,-9.061993,-12.872294
3147_right.jpg,3147,0,0,0,0,0,0,1,4,-2.4489825,-6.407468,-11.487863,-10.810642,-11.220357,-9.892603
3149_right.jpg,3149,0,0,0,0,0,0,1,2,-5.747879,-1.2658669,-2.0382686,-10.595808,-6.324976,-6.5589004
3150_right.jpg,3150,0,0,0,0,0,0,1,1,-3.892646,-6.7946863,-10.927323,-5.4808345,-8.429075,-10.179646
3151_right.jpg,3151,0,0,0,0,0,0,1,3,-2.5425744,-4.8591223,-7.194611,-4.6037006,-4.296921,-8.61737
3152_right.jpg,3152,0,0,0,0,0,0,1,3,0.23055966,-6.2677054,-8.720259,-7.3017116,-8.038779,-11.122766
3153_right.jpg,3153,0,0,0,0,0,0,1,4,-4.0927353,-4.626247,-10.633866,-0.6167027,-11.4052,-9.325384
3155_right.jpg,3155,0,0,0,0,0,0,1,0,-8.970794,-7.4131174,-7.5818486,-11.185275,-7.2150927,-5.368945
3156_right.jpg,3156,0,0,0,0,0,0,1,3,-0.45103595,-5.5829678,-6.238401,-4.9711633,-4.2596183,-13.000089
3157_right.jpg,3157,0,0,0,0,0,0,1,0,-3.526711,-4.136073,-6.424941,-9.908587,-10.284397,-11.577073
3159_right.jpg,3159,0,0,0,0,0,0,1,0,-3.3506215,-8.176606,-6.530371,-3.858085,-9.108036,-12.011528
3160_right.jpg,3160,0,0,0,0,0,0,1,0,1.6848106,-4.258714,-7.4224505,-6.6567774,-6.8098173,-5.5260544
3161_right.jpg,3161,0,0,0,0,0,0,1,0,-7.0022383,-4.9744377,-5.696675,-7.146554,-9.551216,-11.46416
3162_right.jpg,3162,0,0,0,0,0,0,1,2,-5.163339,-5.603275,-5.5454383,-5.157391,-5.5323286,-4.7510686
3163_right.jpg,3163,0,0,0,0,0,0,1,0,-2.9618976,-11.1188755,-9.822737,-10.248881,-3.716588,-5.1076164
3164_right.jpg,3164,0,0,0,0,0,0,1,1,-0.59519124,-5.202586,-7.2396097,-4.1045475,-6.052423,-7.2075825
3165_right.jpg,3165,0,0,0,0,0,0,1,4,-5.1510444,2.6352704,-5.9599023,-10.686171,-7.218124,-7.8724313
3166_right.jpg,3166,0,0,0,0,0,0,1,1,-1.1633065,-1.2448609,-4.979979,-7.2504215,-2.750383,-7.1123877
3167_right.jpg,3167,0,0,0,0,0,0,1,4,-1.8478518,-11.607768,-10.553334,-9.471022,-12.905611,-7.1254196
3168_right.jpg,3168,0,0,0,0,0,0,1,2,-0.2605669,-8.136955,-9.303231,-10.215958,-11.499609,-9.366804
3169_right.jpg,3169,0,0,0,0,0,0,1,3,-0.75571483,-6.7458467,-8.683636,-6.7517514,-8.863524,-9.326712
3170_right.jpg,3170,0,0,0,0,0,0,1,4,-5.338611,-0.44635254,-4.8923416,-5.135758,-3.0149195,-9.15782
3171_right.jpg,3171,0,0,0,0,0,0,1,3,-2.8824139,-5.0831804,-3.209355,-4.604099,-11.411152,-12.271292
3172_right.jpg,3172,0,0,0,0,0,0,1,0,-3.368291,-5.139535,-9.300467,-4.443738,-11.118494,-9.1068
3173_right.jpg,3173,0,0,0,0,0,0,1,3,-6.1443233,-5.906529,-9.935752,-12.718362,-12.645363,-12.0335
3174_right.jpg,3174,0,0,0,0,0,0,1,3,-1.9695055,-8.235097,-7.5329685,-3.8872414,-7.8155994,-7.947753
3175_right.jpg,3175,0,0,0,0,0,0,1,3,-1.2316949,-8.502037,-6.509737,-4.836351,-8.977125,-12.778839
3176_right.jpg,3176,0,0,0,0,0,0,1,0,-0.10017948,-12.836629,-9.71346,-3.5907788,-9.921724,-8.779889
3177_right.jpg,3177,0,0,0,0,0,0,1,4,-3.0959144,-4.5934687,-9.520106,-6.375267,-3.9357252,-10.400343
3178_right.jpg,3178,0,0,0,0,0,0,1,3,-1.2119656,-4.0893946,-9.129779,-6.0693326,-7.021551,-10.710886
3179_right.jpg,3179,0,0,0,0,0,0,1,1,-5.6390696,-4.131352,-5.8604226,-6.682152,-13.975733,0.083833605
3180_right.jpg,3180,0,0,0,0,0,0,1,0,-2.0814042,-9.92703,-7.1652613,-9.931292,-5.6409454,-9.534957
3181_right.jpg,3181,0,0,0,0,0,0,0,2,4.7329845,-10.20587,-7.6798825,-4.852983,-7.7658443,-11.461058
3182_right.jpg,3182,0,0,0,0,0,0,1,2,-0.7003876,-8.784648,-5.746131,-5.3474526,-7.299793,-9.530078
3183_right.jpg,3183,0,0,0,0,0,0,1,2,-6.2927737,-0.16126327,-5.220521,-5.1681113,-8.701663,-10.855649
3184_right.jpg,3184,0,0,0,0,0,0,1,1,-3.1383927,-12.41281,-8.846974,-9.319123,-9.567008,-8.330388
3185_right.jpg,3185,0,0,0,0,0,0,1,1,-2.0873222,-6.458755,-7.2450075,-14.329332,-10.846623,-13.587913
3186_right.jpg,3186,0,0,0,0,0,0,1,0,-1.7141279,-2.5790126,-10.443693,-7.1574965,-12.771293,-9.652161
3187_right.jpg,3187,0,0,0,0,0,0,1,4,-0.60745496,-4.7687364,-7.853278,-9.122389,-7.0090003,-5.36435
3188_right.jpg,3188,0,0,0,0,0,0,1,3,-3.4424806,-9.543788,-7.640551,-5.746451,-12.216363,-11.0877905
3189_right.jpg,3189,0,0,0,0,0,0,1,1,-0.6014905,-5.1460495,-7.599214,-8.1787,-9.299995,-3.5729856
3190_right.jpg,3190,0,0,0,0,0,0,1,0,-3.2061913,-5.137272,-9.336608,-7.9555597,-7.6074615,-7.6791997
3191_right.jpg,3191,0,0,0,0,0,0,1,0,-3.2733445,-9.489111,-4.8241,-6.0945277,-6.311066,-10.657235
3192_right.jpg,3192,0,0,0,0,0,0,1,0,-3.3337698,-0.4511656,-11.257584,-7.07347,-13.439884,-8.639407
3193_right.jpg,3193,0,0,0,0,0,0,1,1,-1.4524368,-6.2028155,-5.3002753,-5.2310925,-7.1047497,-7.0946445
3194_right.jpg,3194,0,0,0,0,0,0,1,2,-1.7515064,-12.069495,-8.441208,-6.5417833,-8.719587,-8.109573
3195_right.jpg,3195,0,0,0,0,0,0,1,1,-2.9539008,-8.283042,-9.383934,-3.131126,-7.800612,-8.175837
3196_right.jpg,3196,0,0,0,0,0,0,1,4,2.1540549,-2.1879137,-10.880892,-9.17149,-7.6763153,-11.438008
3197_right.jpg,3197,0,0,0,0,0,0,1,4,-2.4016504,-11.157536,-7.2820234,-6.6412654,-8.2046795,-9.17228
3198_right.jpg,3198,0,0,0,0,0,0,1,1,-0.42549446,-10.736624,-8.787702,-4.2513213,-3.8432398,-5.314709
3199_right.jpg,3199,0,0,0,0,0,0,1,2,-1.8902559,-13.286893,-9.062528,-14.498056,-5.054506,-12.61937
3200_right.jpg,3200,0,0,0,0,0,0,1,4,-1.5512291,-9.7419615,-7.4306293,-9.341846,-4.865139,-10.325477
3201_right.jpg,3201,0,0,0,0,0,0,1,1,-2.5949688,0.7657323,-1.2601743,-12.10719,-3.3300064,-9.307837
3202_right.jpg,3202,0,0,0,0,0,0,1,0,-4.4743595,-12.933662,-14.426406,-7.7765417,-16.165741,-12.904721
3203_right.jpg,3203,0,0,0,0,0,0,1,0,-3.8184447,-6.273995,-2.5727887,-8.155707,-5.9665384,-4.9895506
3205_right.jpg,3205,0,0,0,0,0,0,1,1,-4.4093122,-4.5508337,-2.1727586,-7.5502577,-10.079171,-6.491035
3206_right.jpg,3206,0,0,0,0,0,0,1,4,-3.6534114,-8.265201,-3.0758202,-10.531016,-7.5546565,-10.717241
3207_right.jpg,3207,0,0,0,0,0,0,1,3,-3.7787282,-6.4000607,-12.036613,-2.9921129,-9.921068,-4.958282
3208_right.jpg,3208,0,0,0,0,0,0,1,1,-0.5321277,-9.64065,-3.65686,-4.7021146,-5.4181037,-4.91263
3209_right.jpg,3209,0,0,0,0,0,0,1,2,-4.597079,-8.232016,-8.967025,-7.800636,-12.306589,-9.516695
3210_right.jpg,3210,0,0,0,0,0,0,1,2,-0.27364215,-10.380368,-7.9836664,-4.160515,-8.37829,-7.744086
3211_right.jpg,3211,0,0,0,0,0,0,1,4,-0.11413596,-11.629392,-5.828416,-6.5011845,-8.772548,-10.509556
3212_right.jpg,3212,0,0,0,0,0,0,1,3,0.28751317,-9.168959,-5.4694314,-6.5981994,-4.5686417,-7.9579973
3213_right.jpg,3213,0,0,0,0,0,0,1,4,-4.8265114,-5.4778867,-7.470028,-10.175502,-9.647998,-8.527023
3214_right.jpg,3214,0,0,0,0,0,0,1,4,-1.1502988,-9.87441,-12.34215,-11.9927635,-7.27821,-11.361064
3215_right.jpg,3215,0,0,0,0,0,0,1,4,-1.220013,-7.811187,-5.049035,-3.8409011,-8.851944,-9.148257
3216_right.jpg,3216,0,0,0,0,0,0,1,1,0.990266,-1.1187264,-1.2259449,-3.7728927,-3.2242203,-7.458546
3217_right.jpg,3217,0,0,0,0,0,0,1,3,-0.46473035,-9.996853,-6.2408743,-10.489964,-6.961081,-7.786925
3218_right.jpg,3218,0,0,0,0,0,0,1,0,-6.155594,-12.698316,-10.577512,-4.8537235,-11.727946,1.9374907
3219_right.jpg,3219,0,0,0,0,0,0,1,3,-1.6744566,-7.303399,-4.2051573,-4.5730515,-2.8107,-9.688067
3221_right.jpg,3221,0,0,0,0,0,0,1,0,-1.6660478,-12.377633,-9.413532,-12.355537,-7.2317433,-10.453975
3222_right.jpg,3222,0,0,0,0,0,0,1,2,-4.8430724,-11.030181,-9.849492,-2.6541119,-7.921627,-15.021494
3223_right.jpg,3223,0,0,0,0,0,0,1,2,-1.1540648,-7.5751467,-10.8659115,-2.4300592,-6.796597,-9.983034
3224_right.jpg,3224,0,0,0,0,0,0,1,1,-2.722675,-8.179997,-7.994612,-7.6488185,-9.554681,-9.537561
3225_right.jpg,3225,0,0,0,0,0,0,1,0,-3.3635023,-5.6484694,-6.4732766,-6.5927577,-5.1632175,-9.43935
3226_right.jpg,3226,0,0,0,0,0,0,1,0,-3.5746074,-8.081563,-7.6616917,-8.690441,-5.6264267,-8.729151
3227_right.jpg,3227,0,0,0,0,0,0,1,1,-1.8368677,-6.6081223,-6.7697263,-6.614605,-6.3250165,-5.6508203
3228_right.jpg,3228,0,0,0,0,0,0,1,2,-2.7542446,-7.9908395,-6.714898,-8.37111,-9.17565,-11.319692
3229_right.jpg,3229,0,0,0,0,0,0,1,1,-5.3204927,-4.0423713,-8.663998,-5.3970895,-6.424188,-5.378635
3230_right.jpg,3230,0,0,0,0,0,0,1,4,-1.879399,-8.842222,-10.636086,-9.744281,-9.655464,-11.253534
3231_right.jpg,3231,0,0,0,0,0,0,1,4,0.192361,-6.1926975,-7.617254,-10.887568,-6.08491,-6.697116
3232_right.jpg,3232,0,0,0,0,0,0,1,4,-2.5610402,-4.020492,-7.784258,-12.736997,-4.9847198,-10.502727
3234_right.jpg,3234,0,0,0,0,0,0,1,3,2.665955,-10.644062,-7.2584205,-6.58264,-8.575786,-10.413301
3235_right.jpg,3235,0,0,0,0,0,0,1,4,-7.7567677,-8.43207,-9.313984,-8.103748,-13.205481,-6.7269707
3236_right.jpg,3236,0,0,0,0,0,0,1,3,-0.83115697,-7.7855396,-9.123644,-5.2764864,-7.432179,-8.547339
3237_right.jpg,3237,0,0,0,0,0,0,1,4,-0.793822,-6.3443985,-10.280121,-8.386505,-6.9327865,-9.184368
3238_right.jpg,3238,0,0,0,0,0,0,1,0,-5.4308214,-6.9191875,-9.289049,-2.242803,-10.215563,-11.176728
3239_right.jpg,3239,0,0,0,0,0,0,0,0,-0.24305236,-8.414306,-13.051477,-6.5470576,-10.329131,-7.7820506
3240_right.jpg,3240,0,0,0,0,0,0,1,4,-6.0899897,-6.2678986,-5.0825095,-8.18428,-5.515306,-9.428598
3241_right.jpg,3241,0,0,0,0,0,0,1,3,-3.381624,-9.991364,-8.558448,-7.5507593,-8.712041,-6.3488235
3242_right.jpg,3242,0,0,0,0,0,0,1,4,-3.6101649,-6.7260604,-8.198949,-9.504574,-8.98806,-11.720123
3243_right.jpg,3243,0,0,0,0,0,0,1,4,-0.74869335,-7.5428033,-8.785344,-7.030264,-8.453287,-8.267726
3244_right.jpg,3244,0,0,0,0,0,0,1,2,-1.6766398,-9.125194,-12.926581,-6.6667476,-7.8713512,-10.876084
3245_right.jpg,3245,0,0,0,0,0,0,1,4,-5.0716925,-6.635031,-3.990269,-6.4947963,-7.317015,-10.331479
3246_right.jpg,3246,0,0,0,0,0,0,1,4,-4.5112567,-6.161598,-10.488909,-5.875743,-9.400784,-9.648462
3247_right.jpg,3247,0,0,0,0,0,0,1,0,-5.9560304,-8.202409,-6.9019513,-6.6228256,-5.9226665,-13.799565
3248_right.jpg,3248,0,0,0,0,0,0,1,3,-3.8495066,0.12321027,-2.1046362,-0.17602743,-4.0996175,-6.3667994
3249_right.jpg,3249,0,0,0,0,0,0,1,2,-0.9956056,-10.335211,-8.098363,-7.4831147,-12.871523,-6.0218387
3250_right.jpg,3250,0,0,0,0,0,0,1,1,-3.0431824,1.8664714,-7.181213,-6.8292966,-6.6869335,-5.3810906
3251_right.jpg,3251,0,0,0,0,0,0,1,0,-0.22996342,-16.160042,-8.508924,-9.752786,-4.667412,-13.237178
3252_right.jpg,3252,0,0,0,0,0,0,1,4,-1.8437444,-5.595588,-7.748099,-4.625932,-8.5111265,-9.57282
3253_right.jpg,3253,0,0,0,0,0,0,1,4,-0.9995261,-9.254958,-12.983591,-13.248324,-10.124567,-8.813571
3254_right.jpg,3254,0,0,0,0,0,0,1,3,-0.68092006,-7.217317,-8.59714,-5.7105384,-3.420123,-10.943053
3255_right.jpg,3255,0,0,0,0,0,0,1,4,-1.7445567,-8.504509,-10.073901,-10.92362,-6.809908,-6.992246
3256_right.jpg,3256,0,0,0,0,0,0,1,1,0.26213896,-11.270159,-10.48975,-8.14653,-7.1727095,-3.976261
3257_right.jpg,3257,0,0,0,0,0,0,1,3,-5.752808,-7.2348523,-13.757896,-4.476101,-9.073272,-8.008288
3258_right.jpg,3258,0,0,0,0,0,0,1,0,-3.3140488,-3.568986,-5.9343195,-9.711093,-7.204719,-8.9943285
3259_right.jpg,3259,0,0,0,0,0,0,1,4,-2.227442,-7.8623314,-7.83921,-8.750428,-5.0572486,-10.391931
3260_right.jpg,3260,0,0,0,0,0,0,1,3,-0.86183095,-9.178478,-10.809743,-8.142249,-9.241355,-10.4064665
3261_right.jpg,3261,0,0,0,0,0,0,1,0,-4.1264586,-3.3917885,-4.289142,-6.287777,-9.573923,-8.874673
3262_right.jpg,3262,0,0,0,0,0,0,1,3,-0.33207613,-9.805041,-6.132584,-8.440049,-8.39534,-8.980759
3264_right.jpg,3264,0,0,0,0,0,0,1,4,-2.075775,-7.07797,-9.635939,-5.404565,-5.722597,-9.260742
3266_right.jpg,3266,0,0,0,0,0,0,1,3,-4.4345226,-5.6691775,-7.898534,0.031035414,-12.713339,-7.6289577
3267_right.jpg,3267,0,0,0,0,0,0,1,1,-2.0500977,-11.64664,-11.783176,-4.286884,-12.407715,-9.718982
3268_right.jpg,3268,0,0,0,0,0,0,1,1,-2.2805774,-4.047878,-10.807987,-7.9631724,-11.918188,-7.9707494
3269_right.jpg,3269,0,0,0,0,0,0,1,2,-1.7406675,-10.537155,-12.800197,-8.029392,-11.609757,-11.088243
3270_right.jpg,3270,0,0,0,0,0,0,1,1,-3.6946,-9.468266,-11.36245,-9.493756,-6.6543317,0.38012114
3271_right.jpg,3271,0,0,0,0,0,0,1,4,-2.9391863,-11.014554,-11.909777,-9.572199,-12.519855,-11.6573305
3272_right.jpg,3272,0,0,0,0,0,0,1,0,-1.8748815,-4.5661254,-5.114454,-5.972891,-4.9289045,-13.175237
3273_right.jpg,3273,0,0,0,0,0,0,1,2,-1.3068143,-6.581227,-0.7251791,-6.460411,-1.4592569,-13.145768
3274_right.jpg,3274,0,0,0,0,0,0,1,0,-4.7513356,-6.6017,-8.280922,-9.525662,-4.812165,-4.9639487
3275_right.jpg,3275,0,0,0,0,0,0,1,3,-4.1409206,-0.4986903,-6.8122044,-2.6307757,-5.869615,-8.017046
3276_right.jpg,3276,0,0,0,0,0,0,1,4,-1.9363631,-10.420184,-7.1634936,-9.848894,-6.9335103,-11.343354
3281_right.jpg,3281,0,0,0,0,0,0,1,4,-3.841153,-8.275915,-12.44102,-9.640624,-8.317129,-12.643355
3282_right.jpg,3282,0,0,0,0,0,0,1,4,2.1407535,-12.282993,-9.554169,-10.03291,-10.129821,-9.646133
3283_right.jpg,3283,0,0,0,0,0,0,0,2,-2.6693935,-7.2690606,-7.9755874,-8.767561,-9.842999,-11.492574
3284_right.jpg,3284,0,0,0,0,0,0,1,4,-4.166453,-3.6542456,-13.13855,-4.970272,-6.943421,-9.731843
3285_right.jpg,3285,0,0,0,0,0,0,1,1,-1.3242927,4.2669053,-7.25053,-8.77139,-7.4628716,-5.3461995
3286_right.jpg,3286,0,0,0,0,0,0,1,4,-2.8707747,-6.6397386,-7.710858,-6.0460086,-8.797161,-8.568701
3287_right.jpg,3287,0,0,0,0,0,0,1,2,-2.7447326,-5.6955447,-5.9372287,-7.9133945,2.5036192,-6.982313
3288_right.jpg,3288,0,0,0,0,0,0,1,2,-0.68333554,-8.599625,-8.869996,-6.2028356,-4.2537713,-8.593131
3289_right.jpg,3289,0,0,0,0,0,0,1,0,-3.3954341,-5.9685893,-10.73937,-10.823563,-6.722077,-8.903172
3290_right.jpg,3290,0,0,0,0,0,0,1,3,-0.5760293,-13.32478,-8.40395,-3.3798103,-7.9012547,-16.613424
3291_right.jpg,3291,0,0,0,0,0,0,1,3,-2.296883,-8.644657,-6.5686803,-4.3825955,-8.925479,-9.74726
3293_right.jpg,3293,0,0,0,0,0,0,1,2,-0.5723045,-10.878781,-11.342929,-8.605015,-11.53081,-9.789919
3294_right.jpg,3294,0,0,0,0,0,0,1,3,1.5922663,-10.948316,-9.095141,-7.35536,-13.320446,-11.454478
3295_right.jpg,3295,0,0,0,0,0,0,1,2,2.6251073,-9.846713,-9.856141,-6.4438505,-7.3092556,-7.143468
3296_right.jpg,3296,0,0,0,0,0,0,1,0,-5.028959,-1.8047556,-7.2047524,-4.885019,-3.6524997,-10.950393
3297_right.jpg,3297,0,0,0,0,0,0,1,4,-1.1309834,-1.6644056,-7.476542,-9.443749,-7.07861,-8.506209
3298_right.jpg,3298,0,0,0,0,0,0,1,1,-3.4197743,-7.3151565,-7.6808715,-12.014225,-8.029738,-6.972582
3299_right.jpg,3299,0,0,0,0,0,0,1,1,-3.5935447,-0.17178969,-8.12237,-10.598571,-4.5877466,-5.23046
3300_right.jpg,3300,0,0,0,0,0,0,1,3,-0.77214974,-7.5610323,-4.048431,-2.8402994,-5.824519,-6.624555
3301_right.jpg,3301,0,0,0,0,0,0,1,4,-4.4204082,-3.9696538,-6.5870433,-9.345095,-7.8203955,-4.991787
3302_right.jpg,3302,0,0,0,0,0,0,1,3,-3.5002265,-6.8235016,-11.597639,-3.5820036,-9.798938,-11.752615
3303_right.jpg,3303,0,0,0,0,0,0,1,1,-1.5814649,-14.307183,-13.385044,-11.787965,-7.872334,-11.092364
3304_right.jpg,3304,0,0,0,0,0,0,1,1,3.1880589,-7.870871,-5.794147,-8.993073,-2.3353899,-6.118403
3305_right.jpg,3305,0,0,0,0,0,0,1,1,-5.8558664,-0.45954138,-10.551997,-6.8345485,-11.930111,-2.1014287
3306_right.jpg,3306,0,0,0,0,0,0,1,4,-2.536919,-5.5470443,-13.31619,-4.2031336,-5.862293,-8.572178
3307_right.jpg,3307,0,0,0,0,0,0,1,0,-1.9611223,-8.09388,-14.435106,-4.0316033,-10.183967,-5.4672227
3308_right.jpg,3308,0,0,0,0,0,0,1,3,-0.76737565,6.272225,-9.645001,-7.2721477,-10.611655,-10.620255
3309_right.jpg,3309,0,0,0,0,0,0,1,0,-5.733408,-2.801951,-10.587585,-7.911213,-10.979838,-2.2285583
3310_right.jpg,3310,0,0,0,0,0,0,1,1,-0.5263897,-5.58676,-9.253707,-4.744351,-4.8356767,-4.0310764
3311_right.jpg,3311,0,0,0,0,0,0,1,2,1.2406223,-6.1871285,-8.803416,-5.928878,-4.747461,-11.115817
3312_right.jpg,3312,0,0,0,0,0,0,1,1,-6.811313,-7.1257243,-8.933121,-0.44848967,-6.410273,-4.738233
3313_right.jpg,3313,0,0,0,0,0,0,1,3,-2.8011954,-6.1319785,-6.2751417,-7.4683657,-11.6328535,-10.05891
3315_right.jpg,3315,0,0,0,0,0,0,1,4,-4.1420484,-4.7514725,-8.759431,-7.5171747,-8.054847,-1.6586915
3316_right.jpg,3316,0,0,0,0,0,0,1,0,-5.1018476,-8.409318,-6.110862,-7.9627976,-6.0666156,-6.9798713
3317_right.jpg,3317,0,0,0,0,0,0,1,3,1.4657551,-7.825534,-10.194401,-3.1767917,-11.740509,-12.490164
3318_right.jpg,3318,0,0,0,0,0,0,1,2,-1.7570041,-8.024312,-6.76943,-4.471017,-7.7364907,-5.9383836
3319_right.jpg,3319,0,0,0,0,0,0,1,1,-2.9842386,-8.776946,-8.833912,-9.769446,-6.506637,-2.1685476
3320_right.jpg,3320,0,0,0,0,0,0,1,4,-2.7831142,-2.6288095,-4.9708805,-1.4211973,-8.887565,-6.01686
3321_right.jpg,3321,0,0,0,0,0,0,1,0,-1.6183802,-8.084549,-7.4070835,-6.462537,-8.838164,-9.79147
3323_right.jpg,3323,0,0,0,0,0,0,1,2,-4.8617144,-13.1015835,-10.416176,-1.7948341,-6.6763873,-9.971714
3324_right.jpg,3324,0,0,0,0,0,0,1,4,-5.6617703,-2.5044563,-9.162086,-11.6733055,-9.495909,-12.180997
3326_right.jpg,3326,0,0,0,0,0,0,1,0,-4.7715836,-5.7988367,-10.873697,-7.296223,-12.462118,-6.14082
3327_right.jpg,3327,0,0,0,0,0,0,1,3,-3.3087487,-2.335205,-10.605934,-5.936619,-12.838603,-10.961297
3328_right.jpg,3328,0,0,0,0,0,0,1,2,-1.4895496,-8.0845375,-7.1832733,-5.9198937,-1.6208771,-11.910393
3329_right.jpg,3329,0,0,0,0,0,0,1,2,-1.517031,-6.674262,-4.972604,-1.2754589,-2.8102057,-4.610627
3330_right.jpg,3330,0,0,0,0,0,0,1,4,-0.8392463,-8.530991,-7.295943,-7.1962276,-2.138104,-13.535275
3331_right.jpg,3331,0,0,0,0,0,0,1,1,-3.2654088,-4.761955,-10.969471,-4.1136675,-10.986183,-9.67562
3332_right.jpg,3332,0,0,0,0,0,0,1,2,0.6739209,0.754865,-9.869916,-3.1655035,-8.942464,-10.037989
3333_right.jpg,3333,0,0,0,0,0,0,1,1,-5.157928,-5.6254396,-11.286902,-5.8023973,-6.1235642,-7.539674
3334_right.jpg,3334,0,0,0,0,0,0,1,2,-1.4596852,-3.8021173,-8.190185,-4.480874,-4.407724,-9.235702
3335_right.jpg,3335,0,0,0,0,0,0,1,1,-2.4058826,-3.473431,-8.706615,-10.308881,-7.260324,-7.5175223
3336_right.jpg,3336,0,0,0,0,0,0,1,4,-1.6722673,-2.926392,-7.9851227,-7.2302465,-9.810855,-12.678982
3337_right.jpg,3337,0,0,0,0,0,0,1,2,-0.08190247,-8.4865265,-8.867377,-7.526428,-13.068667,-11.794015
3338_right.jpg,3338,0,0,0,0,0,0,1,4,-0.03129066,-5.4992046,-8.462038,-5.4647975,-5.4861593,-9.741079
3339_right.jpg,3339,0,0,0,0,0,0,1,3,-0.67871416,-12.553744,-11.319344,-6.325138,-8.425381,-14.098348
3340_right.jpg,3340,0,0,0,0,0,0,1,3,-4.8731446,-4.5338774,-9.547423,-7.8724527,-7.497622,-8.350172
3341_right.jpg,3341,0,0,0,0,0,0,1,1,-4.3319635,-12.064425,-10.311967,-6.224931,-12.116764,-9.6599865
3342_right.jpg,3342,0,0,0,0,0,0,1,1,-4.9243083,-9.438013,-13.927615,-10.397845,-9.647711,-12.935666
3343_right.jpg,3343,0,0,0,0,0,0,1,2,-0.33724874,-8.748558,-5.098777,-4.990845,-5.09381,-4.9447484
3344_right.jpg,3344,0,0,0,0,0,0,1,2,-1.8668923,-10.319483,-13.546009,0.7839526,-11.123117,-11.513139
3345_right.jpg,3345,0,0,0,0,0,0,1,0,-6.533802,-8.216174,-1.627226,-7.8659782,-8.309562,-5.472035
3346_right.jpg,3346,0,0,0,0,0,0,1,4,-3.954142,1.9823636,-10.891254,-8.696418,-8.3604765,-17.492908
3347_right.jpg,3347,0,0,0,0,0,0,1,3,-2.2111802,-4.990955,-9.658958,-4.869214,-7.0929294,-10.197547
3348_right.jpg,3348,0,0,0,0,0,0,1,0,-1.9668887,-14.440102,-5.592719,-4.8716865,-10.542628,-8.251552
3350_right.jpg,3350,0,0,0,0,0,0,1,1,-1.2343433,-1.8886787,-8.626388,-7.39576,-8.656364,-10.240682
3351_right.jpg,3351,0,0,0,0,0,0,1,2,-1.015901,-7.089763,-9.134842,-5.934219,-5.985259,-10.421697
3352_right.jpg,3352,0,0,0,0,0,0,1,0,-2.9144287,-12.459987,-9.110654,-3.897483,-12.639549,-7.876041
3353_right.jpg,3353,0,0,0,0,0,0,1,3,-2.437547,-8.522659,-8.853193,-6.9141426,-8.739176,-10.5477705
3354_right.jpg,3354,0,0,0,0,0,0,1,3,1.3663492,-12.714967,-6.914944,-4.9536514,-10.638611,-10.890001
3355_right.jpg,3355,0,0,0,0,0,0,1,4,-4.1134005,-5.1758814,-8.18889,-3.7694776,-6.6931715,-6.9842076
3356_right.jpg,3356,0,0,0,0,0,0,1,2,-1.9796678,-12.456692,-11.6779995,-8.864839,-11.7393875,-12.94599
3357_right.jpg,3357,0,0,0,0,0,0,1,4,-2.0083277,-6.8731785,-7.970674,-3.4661102,-4.5237207,-10.829835
3358_right.jpg,3358,0,0,0,0,0,0,1,1,-1.6968517,-8.533626,-8.292511,-8.876497,-4.9214005,-6.099991
3359_right.jpg,3359,0,0,0,0,0,0,1,2,-1.1396893,-6.2350845,-7.0916967,-8.884324,-5.492444,-12.202414
3360_right.jpg,3360,0,0,0,0,0,0,1,2,-0.6928057,-12.267657,-10.1794405,-6.405488,-6.8123336,-7.876307
3361_right.jpg,3361,0,0,0,0,0,0,1,0,-5.7748027,-7.158705,-6.8895187,-7.978916,-9.609508,-8.254626
3362_right.jpg,3362,0,0,0,0,0,0,1,2,-2.4347956,-1.3281912,-7.017864,-1.6362482,-5.770125,-11.897715
3363_right.jpg,3363,0,0,0,0,0,0,1,1,-4.1235723,-1.5516658,-4.301666,-3.9374247,-5.618432,-9.684224
3364_right.jpg,3364,0,0,0,0,0,0,1,1,-1.0754336,-4.2774763,-6.740839,-8.737167,-6.347414,-10.496834
3365_right.jpg,3365,0,0,0,0,0,0,1,3,-0.7713994,-5.2413306,-8.15354,-8.089208,-12.14552,-9.765865
3366_right.jpg,3366,0,0,0,0,0,0,1,0,-3.4714494,-9.088264,-9.120307,-5.9735727,-6.9837976,-9.891426
3367_right.jpg,3367,0,0,0,0,0,0,1,0,3.1231902,-13.849467,-8.75935,-7.700283,-5.027466,-7.0094867
3368_right.jpg,3368,0,0,0,0,0,0,1,3,-1.9646894,-6.2439284,-7.410084,-8.30821,-8.456529,-10.095126
3370_right.jpg,3370,0,0,0,0,0,0,1,4,-0.31387916,-8.767831,-7.0297785,-10.130888,-4.0222754,-11.362387
3371_right.jpg,3371,0,0,0,0,0,0,1,0,2.6078596,-9.379995,-7.2048354,-6.959491,-5.457576,-7.9972906
3372_right.jpg,3372,0,0,0,0,0,0,1,2,-1.9734918,-8.230891,-9.538185,-5.620556,-5.3511868,-12.289357
3373_right.jpg,3373,0,0,0,0,0,0,1,2,0.27468252,-7.404881,-12.5851755,-7.592089,-7.57833,-7.5779037
3374_right.jpg,3374,0,0,0,0,0,0,1,0,-5.410448,-6.0977564,-8.710385,-9.706536,-5.78828,-9.811422
3375_right.jpg,3375,0,0,0,0,0,0,1,0,-3.6270618,-3.2582889,-9.450478,-8.308761,-11.223449,-12.011247
3376_right.jpg,3376,0,0,0,0,0,0,1,1,-2.9951384,-7.097375,-8.165294,-7.203156,-4.9001074,-8.344106
3377_right.jpg,3377,0,0,0,0,0,0,1,4,-0.70514643,-4.918655,-9.076248,-4.990127,-6.385891,-8.512088
3378_right.jpg,3378,0,0,0,0,0,0,1,0,-1.892121,-14.484505,-8.179821,-3.9894161,-9.845901,-6.6266174
3379_right.jpg,3379,0,0,0,0,0,0,1,0,-4.7596684,-6.9034204,-6.149941,-8.036407,-6.069826,-7.3240285
3380_right.jpg,3380,0,0,0,0,0,0,1,2,-3.5773616,-9.325286,-7.653068,-7.8710704,-6.757284,-8.146864
3381_right.jpg,3381,0,0,0,0,0,0,1,1,-3.429119,-4.1779904,-6.5459776,-7.0243883,-2.159772,-6.9000835
3382_right.jpg,3382,0,0,0,0,0,0,1,4,1.3827653,-6.3217754,-6.498937,-7.844493,-3.520295,-7.7030754
3383_right.jpg,3383,0,0,0,0,0,0,1,3,-3.3550706,-4.363976,-2.6557312,-7.3442655,-7.87811,-7.350605
3384_right.jpg,3384,0,0,0,0,0,0,1,0,-2.0573516,-8.465096,-8.469823,-9.133085,-8.370041,-6.1781244
3385_right.jpg,3385,0,0,0,0,0,0,1,1,-2.1021206,-3.1305811,-11.780912,-6.340823,-3.3728683,-7.7170305
3386_right.jpg,3386,0,0,0,0,0,0,1,1,-2.2026298,-10.826149,-10.159261,-8.01753,-6.686539,-11.9878435
3387_right.jpg,3387,0,0,0,0,0,0,1,2,-0.57688534,-4.538316,-7.0197535,-8.630679,-6.2033396,-7.9811945
3388_right.jpg,3388,0,0,0,0,0,0,1,3,-3.2097487,-4.7022943,3.8237276,-3.862217,-7.338409,-7.1554437
3389_right.jpg,3389,0,0,0,0,0,0,1,1,-6.470969,0.008981751,-7.411729,-14.946293,-12.981751,-6.147035
3390_right.jpg,3390,0,0,0,0,0,0,1,3,-2.0000114,-7.5419593,-6.62728,-6.3839593,-3.1485267,-8.884137
3391_right.jpg,3391,0,0,0,0,0,0,1,4,-2.9702792,-8.78816,-7.171238,-6.996322,-7.7418103,-7.7275696
3392_right.jpg,3392,0,0,0,0,0,0,1,4,-1.7763859,-3.7117429,-8.211046,-5.227039,-5.6459556,-8.465915
3393_right.jpg,3393,0,0,0,0,0,0,1,4,-3.7103596,-4.7913065,-5.010114,-6.484752,-6.4721537,-13.137883
3394_right.jpg,3394,0,0,0,0,0,0,1,4,-1.9672737,-2.5280597,-8.623215,-5.3450413,-7.4580765,-10.634968
3395_right.jpg,3395,0,0,0,0,0,0,1,0,-0.73881847,-12.397609,-8.857861,-8.666074,-9.686678,-9.750142
3397_right.jpg,3397,0,0,0,0,0,0,1,4,-2.7162957,-9.426611,-10.709747,-7.0051446,-12.787424,-13.15636
3399_right.jpg,3399,0,0,0,0,0,0,1,4,-3.6075113,-1.2245923,-10.287425,-11.294884,-2.9548395,-8.733494
3400_right.jpg,3400,0,0,0,0,0,0,1,1,-6.23497,-1.0927794,-11.17432,-2.6297865,-4.997495,-8.259
3401_right.jpg,3401,0,0,0,0,0,0,1,3,-1.1728636,-2.6683252,-6.830129,-6.3946204,-4.698649,-5.863052
3403_right.jpg,3403,0,0,0,0,0,0,1,1,-1.5035133,-8.267063,-7.7747254,-5.468207,-7.8312593,-7.9181476
3404_right.jpg,3404,0,0,0,0,0,0,1,0,-5.00824,-6.784504,-6.516019,-1.9770145,-7.4114,-11.354829
3405_right.jpg,3405,0,0,0,0,0,0,1,2,-2.2873178,-5.817786,-9.838944,-5.6594877,-8.318992,-6.0894213
3406_right.jpg,3406,0,0,0,0,0,0,1,3,-1.2980294,-5.240231,-10.69749,-3.1322258,-8.668465,-5.4845395
3407_right.jpg,3407,0,0,0,0,0,0,1,3,-0.28124183,-15.674956,-12.669698,-10.896162,-15.551055,-10.307853
3408_right.jpg,3408,0,0,0,0,0,0,1,0,-3.011955,-1.1500453,-5.919074,-10.87229,-6.2144747,-6.9076095
3409_right.jpg,3409,0,0,0,0,0,0,1,1,-3.132269,-11.564137,-10.091137,-7.264291,-5.767201,-9.108635
3410_right.jpg,3410,0,0,0,0,0,0,1,1,-4.013455,-0.93751353,-3.080055,-4.6165695,-6.8718753,-3.8084774
3411_right.jpg,3411,0,0,0,0,0,0,1,1,-0.18566987,-1.699525,-8.188079,-7.072572,-4.4530025,-6.5091743
3412_right.jpg,3412,0,0,0,0,0,0,1,2,-1.7716807,-10.151412,-5.368398,-5.5966315,-5.485491,-9.678174
3414_right.jpg,3414,0,0,0,0,0,0,1,1,-0.08344659,-4.1962123,-10.001003,-3.09335,-9.782944,-6.544934
3415_right.jpg,3415,0,0,0,0,0,0,1,4,-4.4106803,-8.593877,-7.5601707,-4.1611814,-11.190782,-11.753222
3416_right.jpg,3416,0,0,0,0,0,0,1,3,-1.5343618,-6.378958,-7.146967,-11.029523,-8.906608,-14.020261
3417_right.jpg,3417,0,0,0,0,0,0,1,3,-0.5789188,-2.9873788,-6.099584,-6.713452,-5.0663376,-10.9310875
3418_right.jpg,3418,0,0,0,0,0,0,1,0,-0.26571673,-5.5994563,-6.3402867,-7.269268,-7.234226,-11.1960945
3419_right.jpg,3419,0,0,0,0,0,0,1,0,-2.8065407,-10.183968,-11.575622,-6.030024,-4.5640864,-9.1344385
3420_right.jpg,3420,0,0,0,0,0,0,1,3,-5.059687,-5.71278,-8.763058,-5.6834383,-9.636488,-9.915078
3421_right.jpg,3421,0,0,0,0,0,0,1,4,-5.2297335,-4.669524,-8.726579,-10.175409,-15.1611595,-12.705969
3422_right.jpg,3422,0,0,0,0,0,0,1,1,-4.809256,-7.6084743,-11.00496,-10.202313,-7.548606,-11.167501
3423_right.jpg,3423,0,0,0,0,0,0,1,1,-0.4103733,-8.6193695,-8.817751,-10.674969,-2.0853424,-6.2623315
3424_right.jpg,3424,0,0,0,0,0,0,1,3,-1.0513129,-8.897275,-9.503628,-9.296405,-8.493262,-9.921896
3425_right.jpg,3425,0,0,0,0,0,0,1,2,-2.961249,-3.7390091,-3.8362303,-4.392597,-5.313026,-10.337446
3426_right.jpg,3426,0,0,0,0,0,0,1,4,-3.6844215,0.39908803,-7.963251,-6.954635,-6.815511,-10.011895
3427_right.jpg,3427,0,0,0,0,0,0,1,4,-1.7778981,-6.768322,-6.6917987,-8.801138,-6.038482,-9.044009
3428_right.jpg,3428,0,0,0,0,0,0,1,2,0.27418864,-4.6472874,-5.6001177,-4.738827,-6.7473617,-7.0008416
3429_right.jpg,3429,0,0,0,0,0,0,1,4,-7.2140226,-9.440588,-1.4297587,-13.956096,-9.752206,-5.9908543
3430_right.jpg,3430,0,0,0,0,0,0,1,0,-6.5737514,-6.1055803,-2.6381845,-3.7472315,-3.2861316,-7.483292
3431_right.jpg,3431,0,0,0,0,0,0,1,3,-0.7845938,-7.6990123,-8.312312,-3.415903,-8.188917,-9.3907
3432_right.jpg,3432,0,0,0,0,0,0,1,1,-9.1677065,-0.95874375,-9.7713,-4.2419567,-11.954829,-5.9908204
3433_right.jpg,3433,0,0,0,0,0,0,1,1,-1.386448,-10.646481,-7.8410687,-7.93205,-6.7975183,-9.348043
3434_right.jpg,3434,0,0,0,0,0,0,1,3,-2.0004072,-5.1906676,-3.681371,-9.496684,-5.352212,-11.167663
3435_right.jpg,3435,0,0,0,0,0,0,1,2,-1.2727796,-3.9475262,-9.741897,-9.249242,-4.2603464,-8.465621
3436_right.jpg,3436,0,0,0,0,0,0,1,0,-4.412996,-2.6112897,-1.7569085,-2.5945473,-5.7093477,-8.502328
3437_right.jpg,3437,0,0,0,0,0,0,1,0,-1.9586914,-4.621377,-11.08453,-6.238265,-5.0853987,-8.573744
3438_right.jpg,3438,0,0,0,0,0,0,1,4,-1.857362,-11.775279,-11.262864,-11.045384,-9.4599285,-11.35751
3439_right.jpg,3439,0,0,0,0,0,0,1,0,-3.8237891,-5.4831157,-5.8739686,-4.8756123,-6.853607,-10.443693
3440_right.jpg,3440,0,0,0,0,0,0,1,4,-3.6047451,-7.6858344,-7.0381474,-7.6855183,-7.888039,-11.103271
3441_right.jpg,3441,0,0,0,0,0,0,1,3,-5.8773494,-7.911439,-11.999435,-6.306514,-13.676923,-5.305066
3442_right.jpg,3442,0,0,0,0,0,0,1,2,-2.8093016,-7.0932446,-11.103935,-8.46109,-9.510246,-8.939659
3443_right.jpg,3443,0,0,0,0,0,0,1,2,-4.0746818,-10.009394,-14.683491,-4.4605317,-9.447137,-7.7615204
3444_right.jpg,3444,0,0,0,0,0,0,1,1,-2.912279,-5.299639,-5.4312973,-8.219357,-8.034394,-7.1438503
3445_right.jpg,3445,0,0,0,0,0,0,1,4,-0.6507724,-8.002182,-9.686054,-1.3829664,-3.459373,-11.586283
3446_right.jpg,3446,0,0,0,0,0,0,1,3,0.64462185,-5.859643,-6.2999086,-2.6156738,-8.369854,-9.287614
3448_right.jpg,3448,0,0,0,0,0,0,1,1,1.7497909,-5.630882,-11.27163,-10.144297,-8.938189,-9.24065
3450_right.jpg,3450,0,0,0,0,0,0,1,4,-2.6876986,-7.564727,-14.431125,-6.2685823,-15.828899,-11.670586
3485_right.jpg,3485,0,0,0,0,0,0,1,1,-4.5026636,-4.431031,-7.6015525,-5.8832984,-9.951991,-5.021638
3932_right.jpg,3932,1,0,0,0,0,0,0,2,5.321409,-11.180351,-7.7933865,-4.357884,-5.057199,-9.375895
3934_right.jpg,3934,1,0,0,0,0,0,0,3,1.8365614,-7.7470384,-10.217914,-7.490605,-7.3039885,-10.322803
3935_right.jpg,3935,1,0,0,0,0,0,0,1,-1.6184953,-17.195063,-13.41206,-9.20256,-21.231903,-11.70181
3936_right.jpg,3936,1,0,0,0,1,0,0,0,3.7602596,-4.5731025,-8.274181,-7.2982893,-1.6967024,-8.414676
3937_right.jpg,3937,1,0,0,0,0,0,0,3,-2.4369435,-10.712583,-10.896883,-10.065517,-10.643258,-10.995254
3938_right.jpg,3938,1,0,0,0,0,0,0,2,-0.7741579,-5.13592,-11.25068,-9.191104,-8.667442,-9.981637
3939_right.jpg,3939,1,0,0,0,1,0,0,3,2.1196043,0.6056268,-7.5226283,-3.1331608,-4.658172,-7.4495435
3940_right.jpg,3940,1,0,0,0,0,0,0,0,1.1100256,-9.922999,-8.143063,-6.054408,-9.8140335,-6.9618435
3941_right.jpg,3941,0,0,0,0,0,0,1,3,-2.4578662,-1.5937419,-6.7003775,-5.0387497,-5.7130394,-12.914225
3943_right.jpg,3943,0,0,0,0,0,0,1,2,0.0006659692,-9.210036,-10.345004,-5.297652,-6.8947744,-9.357458
3944_right.jpg,3944,1,0,0,0,0,0,0,2,2.5448275,-3.0411217,-7.3884826,-7.401599,-7.4988008,-6.5622478
3945_right.jpg,3945,1,0,0,0,0,0,0,4,-0.87271756,-8.791127,-4.040069,-5.322983,-7.304542,-6.5783167
3946_right.jpg,3946,1,0,0,0,0,0,0,1,-0.6221441,-4.4443226,-4.4663053,-2.205661,-6.516802,-8.519305
3948_right.jpg,3948,1,0,0,0,0,0,0,2,0.19268283,-7.016923,-7.560872,-8.058415,0.38790983,-10.578699
3949_right.jpg,3949,1,0,0,0,0,0,0,1,0.6501904,-5.1060123,-10.478408,-6.1743646,-4.312976,-7.3291125
3950_right.jpg,3950,1,0,0,0,0,0,0,4,3.8569686,-9.292353,-10.034196,-11.816254,-7.7778506,-10.637639
3951_right.jpg,3951,0,0,0,0,1,0,0,0,-0.10144564,-8.206099,-6.756603,-8.879007,-1.7736962,-11.222851
3952_right.jpg,3952,1,0,0,0,0,0,0,0,-4.9310393,-7.3954844,-2.6843808,-4.347941,-9.978426,-8.696447
3953_right.jpg,3953,1,0,0,0,0,0,0,4,-0.87987345,-5.86419,-10.615844,-5.946237,-6.050064,-8.363716
3954_right.jpg,3954,0,0,0,0,0,0,1,2,0.7301865,-4.8557625,-7.322964,-4.089378,-5.3257256,-8.257086
3955_right.jpg,3955,1,0,0,0,0,0,0,2,5.523557,-10.027717,-12.362387,-6.100071,-7.084641,-10.7381525
3956_right.jpg,3956,1,0,0,0,0,0,0,4,2.3175187,-9.794168,-7.8514013,-13.440433,-3.8264127,-11.288942
3957_right.jpg,3957,1,0,0,0,0,0,0,2,-0.6492889,-5.2718997,-6.105193,-7.3184476,-4.884491,-9.253944
3958_right.jpg,3958,1,0,0,0,0,0,0,3,-0.4158837,-5.9621525,-7.3569174,-8.187034,-11.916444,-11.469265
3960_right.jpg,3960,0,0,0,0,0,0,1,1,-2.0499516,-8.365377,-10.536938,-8.870179,-10.347589,-8.488645
3961_right.jpg,3961,1,0,0,0,0,0,0,4,-0.54997563,-11.589304,-8.063813,-14.160089,-7.9778953,-8.457175
3962_right.jpg,3962,1,0,0,0,0,0,0,1,2.4452534,-7.5582194,-7.59014,-12.068893,-3.3485985,-7.8993416
3965_right.jpg,3965,1,0,0,0,0,0,0,2,0.69288605,-2.9496427,-5.2753744,-4.787797,-1.8892227,-12.382722
3966_right.jpg,3966,1,0,0,0,0,0,0,2,-2.8857238,-9.167779,-6.050043,-9.857043,-6.2141156,-12.867334
3968_right.jpg,3968,1,0,0,0,0,0,0,3,-1.449203,-11.3121,-5.2995567,-4.0011744,-8.791062,-11.212237
3969_right.jpg,3969,1,0,0,0,0,0,0,0,-1.3110583,-7.5618534,-6.329229,-8.541733,-11.652756,-6.5680537
3970_right.jpg,3970,1,0,0,0,0,0,0,0,4.1593204,-7.8604875,-7.848014,-2.1180415,-12.218834,-7.143207
3971_right.jpg,3971,1,0,0,0,0,0,0,4,3.9724565,-9.50903,-12.659955,-11.962185,-6.480902,-12.892123
3972_right.jpg,3972,1,0,0,0,0,0,0,1,6.5319424,-6.581134,-6.9272194,-10.060377,-6.833588,-6.8826895
3973_right.jpg,3973,1,0,0,0,0,0,0,2,9.288156,-9.850652,-10.751885,-7.6538754,-8.627763,-12.663265
3976_right.jpg,3976,1,0,0,0,0,0,0,2,0.6855913,-8.705519,-8.428899,-4.5538898,-7.399594,-6.039343
3977_right.jpg,3977,0,0,0,0,0,0,1,1,-4.869672,-10.669971,-10.055952,-10.94691,-11.52036,-8.958901
3978_right.jpg,3978,1,0,0,0,0,0,0,3,0.7869089,-9.151742,-8.924091,-7.1994267,-8.935266,-6.411306
3979_right.jpg,3979,1,0,0,1,0,0,0,0,-0.9671789,-8.11418,-10.851086,-4.866405,-8.746296,-8.047778
3980_right.jpg,3980,1,0,0,0,0,0,0,1,-0.07324508,-8.235483,-9.122713,-6.3313847,-9.768116,-6.975958
3981_right.jpg,3981,1,0,0,0,1,0,0,2,-6.9847093,-4.615312,-10.757194,-6.233361,-5.132151,-12.842937
3982_right.jpg,3982,1,0,0,0,1,0,0,0,6.2285647,-6.881452,-6.314899,-6.9022136,-3.328365,-4.638828
3983_right.jpg,3983,1,0,0,0,0,0,0,3,-1.0065694,-8.359755,-11.258076,-8.357242,-14.090648,-8.79851
3984_right.jpg,3984,0,0,0,0,0,0,1,3,-0.7262785,-8.492471,-12.40842,-10.412484,-9.82572,-14.160534
3985_right.jpg,3985,1,0,0,0,0,0,0,4,-2.110872,-6.404561,-9.045521,-6.256113,-8.864286,-6.2344656
3986_right.jpg,3986,1,0,0,0,1,0,0,1,4.354367,-2.1473775,-7.4925094,-2.499862,-4.3384566,-8.470079
3987_right.jpg,3987,1,0,0,0,0,0,0,3,1.6431189,-10.16784,-10.657158,-3.718133,-5.519844,-11.833382
3990_right.jpg,3990,1,0,0,0,0,0,0,1,3.1866417,-10.53273,-8.797397,-6.7658777,-7.8301563,-9.354111
3991_right.jpg,3991,1,0,0,0,0,0,0,0,-1.8623531,-7.3495517,-7.074287,-5.4227877,-4.0740094,-9.1531515
3992_right.jpg,3992,1,0,0,0,0,0,0,1,1.2450343,-5.502491,-3.5168254,-9.662016,-10.435891,-14.854556
3993_right.jpg,3993,1,0,0,0,0,0,0,4,-1.454765,-8.034226,-9.366331,-12.530046,-4.7259874,-9.069139
3994_right.jpg,3994,1,0,0,0,0,0,0,2,1.6810147,-10.099636,-5.687541,-3.965114,-2.668666,-4.388911
3995_right.jpg,3995,1,0,0,0,0,0,0,0,-4.7320046,-8.85562,-9.1667385,-6.388586,-5.842116,-7.841486
3996_right.jpg,3996,1,0,0,0,0,0,0,0,7.0190916,-8.267654,-9.372915,-6.1746016,-4.929498,-6.789535
3997_right.jpg,3997,1,0,0,0,0,0,0,1,5.9799523,-3.2040021,-7.9347906,-7.74007,-7.650393,-10.631651
3998_right.jpg,3998,0,0,0,0,0,0,1,3,2.3911383,-10.974157,-12.517449,-10.944857,-10.340299,-2.2617743
3999_right.jpg,3999,0,0,0,0,0,0,1,3,-2.1833403,-3.3232093,-10.037696,-6.311438,-8.874132,-9.769018
4001_right.jpg,4001,1,0,0,0,0,0,0,2,-3.8047748,-10.347203,-7.211856,-8.620299,-10.914064,-13.776099
4002_right.jpg,4002,1,0,0,0,0,0,0,4,2.4566913,-3.0174763,-10.862736,-6.863969,-9.731227,-4.5817823
4003_right.jpg,4003,1,0,0,0,0,0,0,3,0.26044574,-7.269504,-12.66501,-6.9454556,-10.889809,-7.66572
4005_right.jpg,4005,1,0,0,0,0,0,0,0,2.2107308,-9.101271,-8.40927,-5.062068,-7.6161375,-10.134326
4007_right.jpg,4007,1,0,0,0,0,0,0,4,2.0417607,-3.76323,-8.189083,-6.337622,-11.919877,-7.708998
4008_right.jpg,4008,1,0,0,0,0,0,0,1,0.078236,-3.391472,-7.994437,-10.052518,-4.450119,-8.718161
4009_right.jpg,4009,1,0,0,0,0,0,0,4,4.5014772,-6.7483478,-8.977087,-12.66997,-7.6338468,-7.981292
4011_right.jpg,4011,1,0,0,0,0,0,0,0,2.7035027,-7.6129045,-4.1588345,-10.135443,-5.6093407,-11.898488
4012_right.jpg,4012,1,0,0,0,1,0,0,4,-0.16079435,-6.707956,-9.37838,-6.8859925,-3.2629128,-6.39259
4013_right.jpg,4013,1,0,0,0,0,0,0,1,-3.4911697,-1.0121374,-6.145302,-4.1847796,-6.517671,-9.251695
4014_right.jpg,4014,1,0,0,0,0,0,0,0,7.5293784,-7.4873185,-11.311946,-7.239522,-7.6205215,-7.369068
4015_right.jpg,4015,1,0,0,0,0,0,0,2,7.981376,-7.9011774,-6.7192945,-5.8362484,-7.8896317,-10.422089
4016_right.jpg,4016,0,0,0,0,0,0,1,2,0.84312224,-7.986967,-11.483934,-9.830456,-8.434833,-6.3396144
4018_right.jpg,4018,1,0,0,0,0,0,0,1,13.320251,-10.772184,-8.611849,-11.458171,-8.644023,-7.341516
4020_right.jpg,4020,0,0,0,0,0,0,1,0,-0.78709877,-7.0695267,-10.932087,-8.702526,-8.516345,-10.189674
4021_right.jpg,4021,1,0,0,0,0,0,0,2,2.965468,-9.1353035,-9.38183,-8.610949,-5.7668185,-8.935283
4022_right.jpg,4022,1,0,0,0,0,0,0,3,5.5396194,-4.0007644,-10.453809,-5.1903424,-3.8985453,-6.3917856
4023_right.jpg,4023,1,0,0,0,0,0,0,3,0.07852851,-4.271251,-9.746327,-7.069315,-13.354634,-7.772083
4024_right.jpg,4024,1,0,0,0,0,0,0,0,-1.6344557,-15.170046,-10.356125,-8.950571,-8.096634,-10.480323
4025_right.jpg,4025,1,0,0,0,0,0,0,3,5.0531836,-5.5558586,-9.632283,-5.922751,-9.713855,-8.595873
4026_right.jpg,4026,1,0,0,0,0,0,0,3,0.17665203,-3.2555656,-9.964605,-10.645229,-14.091232,-10.955462
4027_right.jpg,4027,1,0,0,0,0,0,0,0,-2.5921192,-7.5828395,-10.051826,-9.372292,-7.9266906,-7.869581
4028_right.jpg,4028,1,0,0,0,0,0,0,0,7.700505,-11.400444,-9.860025,-8.615256,-8.66105,-9.763702
4029_right.jpg,4029,1,0,0,0,0,0,0,2,3.47969,-8.203663,-6.5647526,-6.204807,-4.8113112,-10.102783
4030_right.jpg,4030,1,0,0,0,0,0,0,0,-0.60325044,-11.490832,-8.54335,-7.6258626,-12.057889,-8.68558
4032_right.jpg,4032,1,0,0,0,0,0,0,2,1.3454785,-7.197171,-7.1487966,-7.9331393,-10.284095,-9.650885
4033_right.jpg,4033,1,0,0,0,0,0,0,2,3.6197176,-8.013713,-5.568652,-12.354663,-4.444984,-10.968469
4034_right.jpg,4034,1,0,0,0,0,0,0,4,6.94297,-7.715464,-7.439376,-11.284667,-6.1591916,-9.028282
4035_right.jpg,4035,1,0,0,0,0,0,0,1,-2.8013945,-3.2622702,-7.0104685,-11.442379,-13.55436,-6.8860884
4036_right.jpg,4036,1,0,0,0,0,0,0,4,-1.4280155,-5.2625384,-7.689157,-10.738225,-11.387208,-8.138813
4037_right.jpg,4037,1,0,0,0,1,0,0,1,3.168899,-2.8427582,-5.2442465,-4.973684,-2.9776473,-9.878934
4038_right.jpg,4038,1,0,0,0,0,0,0,0,-7.548798,-4.4185944,3.6165113,-7.4884124,-8.017669,-7.3303776
4039_right.jpg,4039,1,0,0,0,0,0,0,3,-2.915242,-10.385968,-7.562692,-5.245824,-8.855416,-11.342674
4040_right.jpg,4040,1,0,0,0,0,0,0,3,2.0389411,-10.791955,-8.019119,-4.0327783,-7.6379337,-10.492386
4041_right.jpg,4041,1,0,0,0,0,0,0,2,1.1497644,-10.662519,-8.754788,-11.064699,-7.63926,-10.186474
4043_right.jpg,4043,1,0,0,0,0,0,0,3,11.03297,-5.9014816,-5.958219,-6.448579,-6.865802,-7.6008444
4044_right.jpg,4044,1,0,0,0,0,0,0,1,1.9960213,-1.096124,-11.805797,-4.4097834,-6.335312,-7.8868823
4045_right.jpg,4045,1,0,0,0,0,0,0,4,1.3710192,-12.326301,-7.9912524,-9.653558,-5.5667567,-8.038026
4046_right.jpg,4046,1,0,0,0,0,0,0,4,6.4828234,-7.007452,-14.695431,-7.0254984,-8.82294,-10.717248
4047_right.jpg,4047,1,0,0,0,0,0,0,3,1.6650349,-4.000692,-9.606122,-8.882412,-11.119451,-6.2166786
4048_right.jpg,4048,1,0,0,0,0,0,0,2,2.1611285,-6.7295218,-8.237059,-6.9140453,-3.6635184,-8.120504
4049_right.jpg,4049,1,0,0,0,0,0,0,0,7.7092476,-9.674929,-11.180159,-6.5616593,-5.5800653,-11.428602
4050_right.jpg,4050,1,0,0,0,0,0,0,2,3.341681,-10.776452,-12.353222,-13.230663,-8.670446,-12.0409355
4051_right.jpg,4051,1,0,0,0,0,0,0,0,-0.86036116,-5.3317337,-6.807985,-9.291642,-4.3496118,-7.3893356
4052_right.jpg,4052,0,0,0,0,0,0,1,0,-4.1364236,-4.8102384,-7.02593,-8.40577,-7.572017,-5.921712
4053_right.jpg,4053,1,0,0,0,0,0,0,1,4.5605183,-13.886418,-10.511154,-5.6011763,-7.337382,-6.7963033
4054_right.jpg,4054,1,0,0,0,0,0,0,0,-1.5976218,-11.898689,-6.1723757,-10.695542,-9.881364,-13.445423
4055_right.jpg,4055,1,0,0,0,0,0,0,2,-0.6220551,-5.6730304,-6.9510493,-5.442222,-8.382865,-7.879838
4056_right.jpg,4056,1,0,0,0,0,0,0,2,2.0649405,-9.98507,-8.189837,-9.567692,-7.393135,-12.490271
4057_right.jpg,4057,1,0,0,0,0,0,0,1,-0.9719033,-9.288916,-9.956582,-12.075157,-13.364134,-12.070721
4059_right.jpg,4059,1,0,0,0,0,0,0,1,1.0273066,-9.922809,-10.526306,-9.169788,2.5444448,-9.216376
4060_right.jpg,4060,1,0,0,0,0,0,0,4,1.7367492,-8.824476,-15.14397,-10.253944,-10.761821,-9.716032
4061_right.jpg,4061,1,0,0,0,0,0,0,0,9.459266,-10.816815,-10.532074,-9.327953,-8.978079,-11.115659
4063_right.jpg,4063,0,0,0,0,0,0,1,4,-1.9037538,-11.296781,-11.547278,-3.9430323,-8.590292,-11.193802
4064_right.jpg,4064,1,0,0,0,0,0,0,2,-2.3733752,-10.809277,-8.958261,-5.5254693,-10.561411,-7.005238
4067_right.jpg,4067,0,0,0,0,0,0,1,1,-3.7897184,-6.7212896,-7.0675592,-10.42077,-7.3955283,-9.074889
4068_right.jpg,4068,1,0,0,1,0,0,0,0,3.076381,-11.674467,-11.397138,0.09386361,-12.19292,-12.252669
4069_right.jpg,4069,1,0,0,0,0,0,0,2,-0.42654854,-11.885364,-15.869435,-7.4634757,-5.2567897,-12.428394
4071_right.jpg,4071,1,0,0,0,0,0,0,0,3.5499587,-7.837976,-4.541634,-3.531032,-9.460709,-9.851976
4072_right.jpg,4072,1,0,0,0,1,0,0,4,-1.759992,-2.997789,-7.295074,-5.9544387,-2.975405,-11.580432
4073_right.jpg,4073,1,0,0,0,0,0,0,2,8.597608,-10.592378,-9.275436,-7.432501,0.15182507,-4.470787
4074_right.jpg,4074,0,0,0,0,0,0,1,1,-2.6396503,-7.376135,-8.149696,-8.42419,-10.866713,-11.188604
4076_right.jpg,4076,1,0,0,0,0,0,0,0,-2.0033615,-4.848621,-4.268501,-7.604577,-6.471797,-10.244611
4077_right.jpg,4077,0,0,0,0,1,0,0,3,-1.5872961,-8.231647,-5.8354416,-8.144739,-5.120207,-8.507219
4078_right.jpg,4078,1,0,0,0,0,0,0,0,-3.830655,-7.279986,-5.8460217,-6.608317,-10.471607,-8.151788
4079_right.jpg,4079,1,0,0,0,0,0,0,4,-1.2899578,-6.909278,-6.0608664,-7.1391025,-5.614992,-9.948955
4080_right.jpg,4080,1,0,0,0,0,0,0,2,-0.06820228,-9.774521,-8.252951,-5.79407,-8.534857,-7.953879
4081_right.jpg,4081,1,0,0,0,0,0,0,2,0.35868552,-8.568951,-9.479221,-10.331668,-3.3807173,-10.0435705
4082_right.jpg,4082,0,0,0,0,0,0,1,3,1.3349485,-10.218751,-10.53592,-6.744731,-10.381479,-12.994899
4083_right.jpg,4083,1,0,0,0,0,0,0,1,-0.6705975,-8.970011,-10.00159,-7.446505,-7.86175,-6.568904
4084_right.jpg,4084,1,0,0,0,0,0,0,4,-3.7686484,-4.5777073,-11.827263,-15.575941,-11.080538,-14.07562
4085_right.jpg,4085,1,0,0,0,0,0,0,3,2.0345314,-7.8605776,-4.1967893,-5.769304,-5.348289,-11.11355
4086_right.jpg,4086,1,0,0,0,0,0,0,3,-0.8694313,-7.225637,-6.5219235,-9.316062,-7.8439026,-11.249483
4087_right.jpg,4087,1,0,0,0,0,0,0,2,-0.690387,-10.139813,-8.408757,-6.015695,-7.507701,-8.90464
4088_right.jpg,4088,1,0,0,0,1,0,0,3,1.49643,-6.692653,-9.679108,-4.7838497,-6.2733283,-8.982675
4089_right.jpg,4089,1,0,0,0,0,0,0,1,7.90579,-8.7062,-4.9422684,-9.708879,-6.325646,-5.6537795
4090_right.jpg,4090,1,0,0,0,1,0,0,4,0.66749746,-3.2973485,-6.6149216,-8.401805,-3.5016663,-9.021873
4093_right.jpg,4093,1,0,0,0,0,0,0,2,12.353408,-10.316732,-9.876428,-5.427559,-8.465911,-10.400842
4094_right.jpg,4094,1,0,0,0,0,0,0,2,0.99860895,-11.929245,-1.3334323,-6.1694045,-6.618862,-10.28691
4095_right.jpg,4095,1,0,0,0,0,0,0,3,1.546087,-8.289173,-5.6892753,-4.8157377,-7.6211224,-11.8810215
4096_right.jpg,4096,1,0,0,0,0,0,0,2,0.63602453,-9.533206,-12.209832,-7.5139947,-4.3912463,-10.165497
4097_right.jpg,4097,1,0,0,0,0,0,0,1,1.1923045,-10.194937,-9.657888,-8.3959465,-4.447159,-9.9235935
4098_right.jpg,4098,1,0,0,0,0,0,0,4,2.7633653,-9.179577,-6.4422274,-9.290636,-6.3793416,-1.845466
4099_right.jpg,4099,1,0,0,0,0,0,0,3,3.968522,-8.559939,-7.372301,-6.481474,-2.6252878,-6.855766
4100_right.jpg,4100,1,0,0,0,0,0,0,3,-1.0757583,-11.656071,-10.694817,-10.4116125,-10.195331,-9.078084
4101_right.jpg,4101,0,0,0,0,0,0,1,3,-1.1612996,-15.579288,-8.970176,-10.619146,-10.806886,-6.8968625
4102_right.jpg,4102,1,0,0,0,0,0,0,1,5.407352,-5.766885,-7.2995095,-3.286653,-10.027932,-8.712275
4104_right.jpg,4104,1,0,0,0,0,0,0,1,5.5957446,-11.017367,-11.381925,-5.484953,-13.992688,-6.864727
4105_right.jpg,4105,1,0,0,0,0,0,0,4,3.9404635,-11.521698,-13.887365,-7.3856792,-6.8549495,-9.140639
4106_right.jpg,4106,1,0,0,0,0,0,0,2,2.7443368,-8.843524,-9.879741,-8.38386,-3.8586137,-10.4114275
4107_right.jpg,4107,1,0,0,0,0,0,0,1,4.6052995,-1.1519579,-6.776423,-6.4957767,-11.950214,-5.39941
4109_right.jpg,4109,1,0,0,0,0,0,0,2,4.383346,-10.726763,-5.7739677,-7.4054637,-6.229871,-6.353901
4110_right.jpg,4110,1,0,0,0,0,0,0,4,7.828645,-9.9585705,-10.1728,-11.80105,-8.931584,-13.281209
4111_right.jpg,4111,1,0,0,0,0,0,0,1,-2.8670084,-6.352128,-7.2911553,-6.8490667,-2.9077163,-6.9224896
4112_right.jpg,4112,1,0,0,0,0,0,0,1,6.3464656,-13.293781,-12.348744,-11.743778,-3.3889074,-8.127609
4113_right.jpg,4113,1,0,0,0,0,0,0,1,-0.095100135,-10.339932,-10.443007,-8.022594,-4.296902,-7.9719076
4114_right.jpg,4114,0,0,0,0,0,0,1,1,0.32290292,-7.6023827,-4.8042,-8.5857,-5.053746,-6.026512
4115_right.jpg,4115,0,0,0,0,0,0,1,4,-0.47340158,-8.538141,-2.7348566,-6.962184,-4.289865,-7.7411184
4116_right.jpg,4116,1,0,0,0,0,0,0,4,1.1168303,-11.118168,-9.156345,-7.673537,-10.48684,-9.578994
4117_right.jpg,4117,1,0,0,0,0,0,0,4,-1.2147411,-6.070945,-8.140364,-9.151756,-4.0502505,-11.920511
4118_right.jpg,4118,1,0,0,0,0,0,0,3,-3.1622686,-3.4745786,-10.85519,-10.008288,-15.513863,-8.192281
4119_right.jpg,4119,1,0,0,0,0,0,0,0,4.6923738,-11.062619,-6.986643,-3.1927443,-16.173244,-11.860959
4120_right.jpg,4120,1,0,0,0,1,0,0,2,5.717711,-7.508194,-6.0365205,-5.626252,1.2195086,-9.764719
4121_right.jpg,4121,1,0,0,0,0,0,0,3,4.184482,-7.0494137,-7.3334017,-9.049228,-7.154578,-10.022236
4122_right.jpg,4122,1,0,0,0,1,0,0,4,-0.17113239,-8.244486,-8.868265,-8.081585,-5.915641,-11.920573
4123_right.jpg,4123,0,0,0,0,0,0,1,1,-5.1402874,-6.0072365,-10.14444,-5.5531387,-8.616601,-3.499681
4125_right.jpg,4125,1,0,0,0,0,0,0,1,6.526285,-10.974535,-9.819078,-10.088946,-7.7877793,-11.816564
4126_right.jpg,4126,1,0,0,0,0,0,0,2,3.0638142,-13.123601,-7.2080393,-4.7345467,-9.905853,-10.021461
4127_right.jpg,4127,1,0,0,0,0,0,0,0,7.196125,-7.1505013,-10.5624075,-7.278777,-7.567839,-10.02371
4128_right.jpg,4128,0,0,0,0,0,0,1,4,-0.28535628,-9.732337,-8.151891,-8.5541525,-4.86162,-10.22941
4129_right.jpg,4129,1,0,0,0,1,0,0,2,1.944417,-6.000104,-7.362169,-11.350512,-3.5468726,-12.143726
4130_right.jpg,4130,1,0,0,0,0,0,0,1,1.7406656,-8.386526,-8.531448,-8.994765,-6.266167,-7.4573765
4131_right.jpg,4131,1,0,0,0,0,0,0,0,3.3983848,-10.325179,-10.09941,-12.649727,-8.305234,-4.617897
4133_right.jpg,4133,1,0,0,0,0,0,0,2,4.5658183,-10.2945385,-6.481563,-10.366633,-8.580212,-13.163265
4134_right.jpg,4134,1,0,0,0,0,0,0,0,4.4229865,-11.932356,-8.96515,-5.006762,-6.783064,-14.573819
4136_right.jpg,4136,1,0,0,0,0,0,0,4,0.37181517,-6.9368005,-9.268497,-5.3471026,-7.74021,-8.701289
4137_right.jpg,4137,1,0,0,0,0,0,0,2,8.112447,-10.660426,-8.160351,-9.863754,-10.212868,-9.543146
4138_right.jpg,4138,1,0,0,0,0,0,0,0,-2.3701437,-4.393302,-11.951675,-8.947435,-2.8947458,-7.8739905
4139_right.jpg,4139,0,0,0,0,0,0,1,2,0.24879041,-9.873858,-8.443882,-12.5140705,-9.4792385,-8.982522
4140_right.jpg,4140,1,0,0,0,0,0,0,0,4.9608836,-10.815254,-11.289207,-5.8868337,-9.669078,-5.4263754
4141_right.jpg,4141,1,0,0,0,0,0,0,4,5.204144,-4.6709123,-6.9576654,-12.1387415,-6.2449803,-7.772555
4142_right.jpg,4142,1,0,0,0,1,0,0,2,8.424705,-10.493887,-7.0650325,-7.3602724,-1.3416573,-10.705548
4144_right.jpg,4144,1,0,0,0,0,0,0,3,1.3578638,-9.846431,-10.569434,-8.282602,-9.453944,-5.8268
4146_right.jpg,4146,1,0,0,0,0,0,0,0,0.9988615,-9.070492,-8.138241,-8.759712,-4.00233,-9.546478
4147_right.jpg,4147,1,0,0,0,0,0,0,3,-4.1325774,-4.3273244,-9.342685,-7.1852436,-6.8341603,-4.216227
4148_right.jpg,4148,1,0,0,0,0,0,0,1,3.4029226,-6.2650414,-3.5917845,-7.2139115,-4.5366836,-7.4716535
4151_right.jpg,4151,1,0,0,0,0,0,0,3,6.7355475,-6.382331,-9.803712,-6.8622255,-9.295153,-7.718557
4152_right.jpg,4152,1,0,0,0,0,0,0,0,-2.5999184,-3.9302058,-6.8305106,-10.153606,-5.32518,-8.556642
4153_right.jpg,4153,1,0,0,0,0,0,0,2,-1.1329364,-10.062209,-8.055299,-4.385053,-11.530405,-7.259574
4154_right.jpg,4154,1,0,0,0,0,0,0,4,-0.7824238,-8.489396,-8.14451,-8.776147,-6.447072,-10.882718
4155_right.jpg,4155,1,0,0,0,0,0,0,2,10.90819,-9.458972,-8.597205,-11.048375,-4.928915,-8.317018
4156_right.jpg,4156,0,0,0,0,0,0,1,4,-3.8558571,-13.463154,-9.100925,-8.223158,-11.795371,-12.845507
4158_right.jpg,4158,1,0,0,0,0,0,0,4,1.2064813,-2.8903978,-7.650359,-3.8372016,-6.0829425,-8.968112
4159_right.jpg,4159,0,0,0,0,0,0,1,1,0.03184071,-10.079051,-10.188751,-7.507011,-4.9180093,-7.4318886
4160_right.jpg,4160,1,0,0,0,0,0,0,0,9.136897,-6.262025,-9.005959,-6.9518604,-8.525313,-8.248613
4161_right.jpg,4161,1,0,0,0,0,0,0,1,2.7691703,-6.4846544,-5.7343345,-10.258859,-2.3015292,-4.9382944
4162_right.jpg,4162,1,0,0,0,0,0,0,2,-4.045868,-11.255418,-6.193079,-3.7473905,-5.425617,-12.388426
4163_right.jpg,4163,0,0,0,0,0,0,1,3,-5.5613956,-8.49353,-10.375336,-10.626746,-13.973583,-9.541341
4164_right.jpg,4164,1,0,0,0,0,0,0,4,-0.056104828,-8.399945,-9.671548,-5.7784295,-5.7759514,-12.277986
4166_right.jpg,4166,1,0,0,0,0,0,0,3,-2.1903229,-8.248565,-6.744376,-4.442774,-10.418607,-10.972255
4167_right.jpg,4167,1,0,0,0,0,0,0,4,-1.8156477,-8.353253,-4.3404617,-3.920457,-7.832009,-12.180165
4168_right.jpg,4168,1,0,0,0,0,0,0,1,2.6932635,-12.111964,-7.491378,-7.23845,-12.688346,-7.694018
4169_right.jpg,4169,1,0,0,0,0,0,0,3,-0.36261186,-2.550513,-7.442015,-4.989517,-12.32049,-9.182003
4171_right.jpg,4171,1,0,0,0,0,0,0,2,12.066207,-9.638768,-11.65423,-5.131707,-8.532548,-8.064021
4172_right.jpg,4172,0,0,0,0,0,0,1,0,-3.80757,-8.460103,-7.051991,-7.1525435,-7.711678,-8.664761
4173_right.jpg,4173,1,0,0,0,0,0,0,3,0.12627384,-3.4796953,-9.557614,-0.97193164,-7.704421,-10.470075
4174_right.jpg,4174,1,0,0,0,0,0,0,1,8.472841,-7.529659,-4.6681614,-6.6639047,-7.759332,-8.310012
4175_right.jpg,4175,1,0,0,0,0,0,0,2,-1.1855386,-3.2478712,-9.329619,-7.383705,-3.4388409,-10.911299
4176_right.jpg,4176,1,0,0,0,0,0,0,1,0.14417195,-2.982481,-11.368575,-5.8242645,-5.0409775,-6.0318346
4177_right.jpg,4177,1,0,0,0,0,0,0,3,2.023828,-7.0735345,-9.196415,-10.27819,-3.0003958,-5.8154135
4178_right.jpg,4178,1,0,0,0,0,0,0,4,0.94098693,-7.0050335,-8.950585,-9.554387,-6.0087523,-5.1087327
4179_right.jpg,4179,1,0,0,0,0,0,0,2,2.4547741,-10.997344,-8.312917,-9.244993,-7.9526987,-9.961837
4181_right.jpg,4181,1,0,0,0,0,0,0,1,-0.25344962,-4.1227713,-11.044051,-5.296516,-6.3623695,-10.114755
4182_right.jpg,4182,0,0,0,0,0,0,1,2,-1.0787176,-6.8162956,-9.525266,-3.850395,-5.270863,-6.5501065
4183_right.jpg,4183,1,0,0,0,0,0,0,0,0.9807747,-7.5814886,-11.799697,2.6055784,-11.122648,-11.421614
4184_right.jpg,4184,1,0,0,0,0,0,0,2,0.8438379,-9.363177,-8.397988,-6.6007895,-9.243683,-10.451465
4185_right.jpg,4185,1,0,0,0,0,0,0,3,3.2815068,-8.677015,-11.366782,-8.691598,-12.770793,-9.535006
4186_right.jpg,4186,1,0,0,0,0,0,0,2,1.240116,-10.870264,-8.020546,-4.1179433,-6.479015,-8.389104
4188_right.jpg,4188,1,0,0,0,0,0,0,1,-1.6386812,-12.998464,-6.6567883,-5.7714987,-6.571989,-10.9135065
4190_right.jpg,4190,1,0,0,0,0,0,0,0,-2.3384824,-7.296939,-5.801969,-9.234073,-6.1365924,-10.333248
4191_right.jpg,4191,1,0,0,0,0,0,0,1,13.174842,-5.411409,-10.998654,-12.828832,-3.7674518,-9.058063
4192_right.jpg,4192,1,0,0,0,0,0,0,4,-2.7305553,-3.1955833,-4.3795214,-9.254372,-7.2316375,-7.8068223
4193_right.jpg,4193,1,0,0,0,0,0,0,4,3.1829667,-7.208646,-9.049171,-8.309538,-6.5878053,-11.060325
4194_right.jpg,4194,0,0,0,0,0,0,1,3,-3.0747244,-6.2175956,-9.035018,-6.1440043,-12.151268,-4.6942306
4195_right.jpg,4195,1,0,0,0,0,0,0,1,2.9640658,-11.330425,-9.589016,-6.909788,0.15416253,-8.917474
4196_right.jpg,4196,1,0,0,0,0,0,0,2,12.290029,-9.402271,-11.346504,-1.9543277,-7.6555166,-10.508892
4197_right.jpg,4197,1,0,0,0,0,0,0,4,-2.0291061,-13.370705,-8.982881,-5.5827503,-4.350813,-11.050948
4199_right.jpg,4199,0,0,0,0,1,0,0,3,-5.6252646,-7.279958,-10.340995,-5.610914,-9.325803,-12.504055
4200_right.jpg,4200,1,0,0,0,0,0,0,3,-1.3090327,-11.272841,-4.9898033,-2.2827227,-4.403039,-12.089428
4201_right.jpg,4201,1,0,0,0,0,0,0,3,-1.311378,-8.067685,-9.199536,-8.94689,-9.931935,-10.063083
4202_right.jpg,4202,1,0,0,0,1,0,0,1,-1.4955531,-6.5999146,-11.161648,-11.012947,-10.247987,-11.741053
4203_right.jpg,4203,1,0,0,0,0,0,0,4,-3.0326972,-9.351497,-6.972676,-8.041767,-8.156768,-10.158953
4204_right.jpg,4204,1,0,0,0,0,0,0,2,4.451039,-8.524613,-11.672335,-12.003397,-6.131339,-5.2112093
4205_right.jpg,4205,1,0,0,0,0,0,0,2,0.12210796,-4.481341,-8.285241,-11.5151825,-7.4459887,-7.0990696
4206_right.jpg,4206,0,0,0,0,0,0,1,1,-0.93647397,-6.0527134,-7.498044,-5.445213,-6.605712,-10.673294
4207_right.jpg,4207,0,0,0,0,1,0,0,4,-2.7397983,-5.0931687,-11.817053,-5.9954815,-5.6581426,-11.751894
4208_right.jpg,4208,1,0,0,0,0,0,0,3,0.095248416,-11.164026,-7.3262305,-5.1805305,-10.376556,-9.486488
4209_right.jpg,4209,1,0,0,0,0,0,0,4,0.22927046,-9.361746,-9.021286,-2.2123191,-4.475347,-3.1935434
4210_right.jpg,4210,1,0,0,0,0,0,0,2,7.0122104,-12.485734,-5.9803753,-4.675329,-7.6718183,-12.894332
4211_right.jpg,4211,1,0,0,0,0,0,0,4,-0.09288632,-7.295215,-11.928628,-7.5287604,-7.374742,-11.349239
4212_right.jpg,4212,1,0,0,0,0,0,0,0,0.19647083,-5.5566607,-6.5331674,-1.9809424,-5.745284,-8.699077
4213_right.jpg,4213,1,0,0,0,0,0,0,4,-0.21729879,-6.752217,-4.5456133,-8.576765,-3.1764922,-10.905597
4214_right.jpg,4214,0,0,0,0,1,0,0,4,-2.919834,-4.1710677,-10.329919,-12.242101,-1.7144743,-10.562925
4215_right.jpg,4215,0,0,0,0,1,0,0,3,1.7648153,-1.3590953,-0.61539996,1.5805446,-2.6292417,-0.9214709
4216_right.jpg,4216,1,0,0,0,0,0,0,1,1.3010335,-7.6988006,-7.915456,-9.935216,-5.6111565,-7.4249196
4217_right.jpg,4217,1,0,0,0,0,0,0,1,1.0720932,-11.112887,-10.32681,-8.579845,-4.9150324,-6.7878766
4218_right.jpg,4218,1,0,0,0,0,0,0,2,-0.27595586,-7.189665,-6.405221,-10.202205,-8.724958,-7.823892
4220_right.jpg,4220,1,0,0,0,0,0,0,2,6.733799,-7.0889297,-9.089591,-1.5919635,-10.432891,-5.6930423
4221_right.jpg,4221,1,0,0,0,0,0,0,4,4.502687,-11.509903,-12.275348,-5.169462,-7.264338,-8.052983
4222_right.jpg,4222,1,0,0,0,0,0,0,2,11.800429,-10.140997,-7.957015,-10.373944,-7.68089,-8.368821
4223_right.jpg,4223,1,0,0,0,0,0,0,4,5.247277,-4.979539,-9.880532,-11.867447,-6.2101884,-6.1491065
4224_right.jpg,4224,1,0,0,0,0,0,0,2,0.54296637,-5.388903,-12.866494,-8.317226,-6.8614264,-11.878287
4225_right.jpg,4225,1,0,0,0,0,0,0,2,-0.4920231,-10.733581,-10.469362,-4.494934,-10.19599,-8.756521
4226_right.jpg,4226,1,0,0,0,0,0,0,1,-2.8979218,-8.455758,-6.862379,-8.04161,-10.744303,-10.377996
4227_right.jpg,4227,1,0,0,0,0,0,0,3,-0.312574,-8.245949,-13.469349,-5.3255143,-7.8661866,-11.532472
4229_right.jpg,4229,1,0,0,0,0,0,0,1,-2.0548115,-5.5917797,-7.9152446,-6.61417,-6.8341045,-8.030614
4230_right.jpg,4230,1,0,0,0,0,0,0,2,-0.50559294,-8.798883,-10.45056,-4.83201,-11.115916,-11.1186285
4231_right.jpg,4231,1,0,0,0,0,0,0,0,-4.503713,-6.049906,-7.1680884,-6.630084,-0.8158821,-7.588627
4232_right.jpg,4232,1,0,0,0,0,0,0,2,0.6464512,-9.103912,-11.09465,-5.6060762,-6.4049783,-11.917126
4233_right.jpg,4233,1,0,0,0,0,0,0,1,7.5083776,-8.003012,-8.2486515,-5.1605315,-6.8307853,-4.8782754
4234_right.jpg,4234,1,0,0,0,0,0,0,0,3.0395415,-7.7748194,-9.333882,-6.475453,-4.4224,-8.138497
4235_right.jpg,4235,1,0,0,0,0,0,0,3,-2.1390004,-2.672383,-5.0805655,-6.592243,-4.471111,-7.941934
4236_right.jpg,4236,1,0,0,0,0,0,0,3,1.3365619,-5.680549,-8.343362,-6.2656755,-5.510838,-11.028824
4237_right.jpg,4237,0,0,0,0,0,0,1,0,-3.3725352,-11.103537,-8.077861,-9.236875,-3.5534482,-11.61629
4238_right.jpg,4238,1,0,0,0,0,0,0,0,-0.33742276,-3.801956,-8.826397,-5.608002,-6.5967083,-7.2631836
4239_right.jpg,4239,0,0,0,0,0,0,1,1,-0.5301463,-8.881689,-10.584767,-7.489232,-4.6696267,-11.78858
4240_right.jpg,4240,1,0,0,0,0,0,0,2,6.845619,-8.391048,-8.757322,-4.025161,-8.522157,-10.870745
4241_right.jpg,4241,1,0,0,0,0,0,0,2,5.21515,-11.852859,-4.5556774,-7.8031116,-9.713345,-13.775237
4242_right.jpg,4242,1,0,0,0,0,0,0,3,-4.141424,-7.8388615,-7.462628,-4.4082913,-6.745105,-9.597289
4244_right.jpg,4244,1,0,0,0,0,0,0,1,4.068148,-7.6299725,-7.091711,-11.787876,-10.438362,-10.382558
4245_right.jpg,4245,1,0,0,0,0,0,0,4,0.368115,-13.013436,-12.038128,-6.6516933,-4.886789,-11.91499
4246_right.jpg,4246,1,0,0,0,0,0,0,4,-3.2798984,-8.379987,-6.5284257,-5.62856,-7.9222336,-11.259293
4247_right.jpg,4247,1,0,0,0,0,0,0,0,0.45234355,-14.00492,-9.579858,-5.2576723,-9.488438,-10.977995
4248_right.jpg,4248,0,0,0,0,0,0,1,1,0.49784195,-10.468342,-12.639293,-10.307694,-11.603762,-11.087457
4249_right.jpg,4249,1,0,0,0,0,0,0,3,-1.352324,-14.336196,-6.5857744,-7.8909745,-3.6323647,-14.12881
4250_right.jpg,4250,1,0,0,0,0,0,0,4,0.005876188,-6.5274715,-8.69069,-8.485397,-8.457195,-14.098599
4251_right.jpg,4251,0,0,0,0,0,0,1,4,-0.8160754,-7.8046484,-12.85036,-8.805092,-8.540036,-11.652698
4252_right.jpg,4252,1,0,0,0,0,0,0,4,-1.7476609,-13.838855,-7.384394,-5.1886625,-10.854808,-11.653035
4253_right.jpg,4253,1,0,0,0,0,0,0,4,-2.39755,-5.308348,-7.560067,-7.191124,-5.1311154,-4.5254083
4254_right.jpg,4254,1,0,0,0,0,0,0,0,-0.6973128,-10.742626,-9.515359,-4.6623473,-9.455884,-7.885155
4255_right.jpg,4255,1,0,0,0,0,0,0,0,4.7885165,-6.0967193,-8.622873,-10.09142,-10.986073,-6.2336903
4256_right.jpg,4256,0,0,0,0,0,0,1,4,-4.1073904,-6.995092,-9.437661,1.0901684,-8.652892,-7.7096305
4258_right.jpg,4258,1,0,0,0,0,0,0,2,1.662376,-9.181718,-7.2545986,-5.7329917,-8.740725,-6.4818015
4259_right.jpg,4259,1,0,0,0,0,0,0,0,2.7862377,-9.026058,-9.531099,-5.619169,-11.647457,-4.8109436
4260_right.jpg,4260,1,0,0,0,0,0,0,2,0.04016284,-8.997487,-8.436551,-6.9887295,-6.350555,-9.09302
4261_right.jpg,4261,1,0,0,0,0,0,0,1,-0.6161372,-8.784965,-8.538195,-6.085941,-11.501865,-4.901369
4263_right.jpg,4263,1,0,0,0,0,0,0,1,-1.2950838,1.9549658,-3.083693,-5.5248594,-9.395028,-6.4967914
4265_right.jpg,4265,1,0,0,0,0,0,0,2,-1.6048012,-2.0231116,-8.521007,-6.9361196,-6.689984,-9.477288
4266_right.jpg,4266,1,0,0,0,0,0,0,0,-0.3838794,-12.84681,-9.664296,-8.05538,-7.940728,-6.7997417
4267_right.jpg,4267,1,0,0,0,0,0,0,3,1.1302128,-9.417253,-8.659265,-13.707726,-7.0517654,-11.519415
4268_right.jpg,4268,1,0,0,0,0,0,0,0,4.628755,-1.4911201,-7.127104,-8.239413,-2.6199012,-6.832057
4269_right.jpg,4269,0,0,0,0,0,0,1,4,0.56655484,-8.136449,-7.9495544,-8.067113,-10.354272,-9.661791
4270_right.jpg,4270,1,0,0,0,0,0,0,3,5.255181,-10.033137,-8.709798,-7.0328436,-4.4696503,-9.372111
4271_right.jpg,4271,1,0,0,0,0,0,0,2,-1.8050046,-9.267683,-9.989721,-8.562472,-12.265783,-10.859205
4272_right.jpg,4272,0,0,0,0,0,0,1,3,2.3476322,-7.4384756,-8.604627,-7.351569,-7.4499984,-8.684487
4273_right.jpg,4273,1,0,0,0,0,0,0,4,3.7802603,-3.797887,-7.574707,-8.197012,-7.313557,-10.381147
4274_right.jpg,4274,0,0,0,0,0,0,1,0,-6.0967746,-4.068306,-10.757952,-10.871194,-1.6234813,-13.110344
4275_right.jpg,4275,0,0,0,0,0,0,1,2,-2.2489545,-2.1225235,-6.082807,-4.1721463,-4.0549603,-9.766767
4276_right.jpg,4276,0,0,0,0,0,0,1,0,-3.925979,-6.2476163,-9.428484,-7.8640614,-11.252649,-7.5074577
4277_right.jpg,4277,1,0,0,0,0,0,0,0,4.1870146,-9.105438,-8.049912,-7.2217684,-5.2886567,-8.5631485
4278_right.jpg,4278,1,0,0,0,0,0,0,1,1.3032193,-6.2691526,-5.9528985,-4.09813,-5.0443225,-11.955428
4279_right.jpg,4279,1,0,0,0,0,0,0,3,3.3962457,-3.3872762,-8.143935,-3.822671,-0.649311,-9.701958
4280_right.jpg,4280,1,0,0,0,0,0,0,2,14.218673,-9.339783,-8.176213,-10.2578125,-9.12932,-8.219498
4281_right.jpg,4281,1,0,0,0,0,0,0,4,4.6940656,-7.747293,-10.57773,-11.181771,-7.9757853,-6.0751104
4282_right.jpg,4282,1,0,0,0,0,0,0,0,4.4689484,-10.6043005,-8.175269,-7.7666264,-1.5432173,-6.9459057
4283_right.jpg,4283,1,0,0,0,0,0,0,2,-1.7966703,-7.019735,-5.3900237,-5.805309,-9.159396,-8.132679
4284_right.jpg,4284,1,0,0,0,0,0,0,0,2.5563903,-10.523455,-8.418986,-11.191533,-9.472182,-6.5107665
4285_right.jpg,4285,1,0,0,0,0,0,0,3,3.376469,-9.030189,-8.008602,-4.4359837,-6.5963855,-8.0607195
4286_right.jpg,4286,1,0,0,0,0,0,0,3,1.3340187,-6.149314,-8.24078,-1.3377327,-6.565982,-10.58226
4287_right.jpg,4287,1,0,0,0,0,0,0,3,-0.38409698,-7.5445876,-7.116347,-5.788636,-7.6962767,-9.431037
4288_right.jpg,4288,1,0,0,0,0,0,0,0,3.8966079,-9.250966,-10.680302,-9.196496,-6.8794994,-13.518024
4289_right.jpg,4289,1,0,0,0,0,0,0,2,-0.07660984,-9.694235,-9.143676,-6.9156675,-2.0603776,-4.320363
4290_right.jpg,4290,0,0,0,0,0,0,1,3,-4.478008,-3.4326663,-5.941252,-8.4827175,-11.742128,-4.9270363
4291_right.jpg,4291,1,0,0,0,0,0,0,2,0.25969863,-7.7916374,-7.7435665,-6.629458,-9.384108,-4.8807535
4292_right.jpg,4292,1,0,0,0,0,0,0,4,5.621281,-7.424361,-7.7512207,-6.37533,-7.54757,-7.511347
4293_right.jpg,4293,1,0,0,0,0,0,0,4,-2.9108903,-6.311616,-9.977712,-10.406414,-7.661527,-12.4076805
4294_right.jpg,4294,1,0,0,0,0,0,0,4,-1.1650863,-4.707885,-10.649323,-0.88348144,-5.8518224,-8.551868
4295_right.jpg,4295,1,0,0,0,0,0,0,0,0.9883038,-5.3372316,-8.643341,-4.7983317,-2.6793175,-8.0786495
4296_right.jpg,4296,1,0,0,0,0,0,0,3,9.33578,-6.1056814,-7.175804,-6.5329514,-4.9528627,-6.4911757
4297_right.jpg,4297,1,0,0,0,0,0,0,3,0.6274596,-9.547748,-8.507126,-10.764387,-7.582988,-9.243409
4298_right.jpg,4298,1,0,0,0,0,0,0,2,-1.5904144,-6.8846455,-7.818112,-3.6919742,-4.410204,-8.203473
4299_right.jpg,4299,1,0,0,0,0,0,0,2,-0.5966748,-7.749119,-9.212239,-10.145098,-8.4295025,-7.2679434
4300_right.jpg,4300,1,0,0,0,0,0,0,3,-1.9289188,-6.323065,-7.1117616,-6.045372,0.08831437,-6.914663
4301_right.jpg,4301,1,0,0,0,0,0,0,2,0.47787565,-10.803908,-6.1129413,-4.478857,-2.094761,-9.111267
4302_right.jpg,4302,0,0,0,0,0,0,1,0,-2.901414,-5.46006,-10.219948,-7.7757425,-4.570973,-7.4038944
4303_right.jpg,4303,1,0,0,0,0,0,0,2,6.3088965,-10.20631,-10.368965,-7.823113,-11.667383,-9.21572
4304_right.jpg,4304,1,0,0,0,0,0,0,4,2.28638,-3.8547742,-10.970443,-7.878215,-6.904667,-7.485268
4305_right.jpg,4305,1,0,0,0,0,0,0,3,3.325418,-11.879934,-10.548023,-5.309364,-12.6559105,-6.9303718
4306_right.jpg,4306,1,0,0,0,0,0,0,2,1.1594473,-11.046937,-15.558245,-4.546861,-6.6082115,-16.16901
4307_right.jpg,4307,1,0,0,0,0,0,0,0,-0.1513466,-10.032788,-6.1100364,-3.844268,-6.1053777,-9.339558
4308_right.jpg,4308,1,0,0,0,0,0,0,1,0.08897151,-6.556363,-10.679299,-10.096654,-6.418207,-7.05574
4309_right.jpg,4309,1,0,0,0,0,0,0,2,-2.6110175,-13.913147,-1.8851616,-5.8939033,-3.548639,-11.495573
4310_right.jpg,4310,1,0,0,0,0,0,0,3,12.022384,-5.713017,-7.628327,-4.7774677,-8.824304,-7.4481316
4311_right.jpg,4311,1,0,0,0,0,0,0,1,-1.0321006,-8.611908,-6.961822,-7.1801176,-10.025347,-7.6499953
4312_right.jpg,4312,1,0,0,0,0,0,0,0,13.876034,-10.536271,-8.615651,-12.059758,-1.34832,-11.296549
4313_right.jpg,4313,1,0,0,0,0,0,0,2,6.9979954,-11.884364,-11.831479,-8.014704,-7.9836683,-11.668632
4314_right.jpg,4314,1,0,0,0,0,0,0,4,-0.57097375,-6.754053,-4.532056,-13.812215,-5.622004,-11.222523
4315_right.jpg,4315,1,0,0,0,0,0,0,0,0.71853894,-6.860771,-8.94803,-5.7857943,-10.642925,-8.958084
4316_right.jpg,4316,1,0,0,0,0,0,0,0,1.9789122,-8.99156,-8.994149,-6.498938,-10.71,-12.170316
4317_right.jpg,4317,1,0,0,0,0,0,0,3,5.355346,-8.371978,-10.450548,-7.67628,-9.567989,-8.60785
4318_right.jpg,4318,1,0,0,0,0,0,0,4,4.5924754,-7.019743,-9.230824,-6.665818,-5.873309,-8.949384
4320_right.jpg,4320,1,0,0,0,0,0,0,2,-0.45546457,-9.852158,-6.267771,-5.854784,-7.1064906,-8.37054
4321_right.jpg,4321,1,0,0,0,0,0,0,3,3.3333476,-10.010752,-10.533287,-9.927266,-8.045421,-9.772223
4322_right.jpg,4322,0,0,0,0,0,0,1,4,2.0245337,-12.271334,-7.0970592,-7.86227,-6.7744265,-13.571275
4323_right.jpg,4323,1,0,0,0,0,0,0,2,3.8621843,-7.731785,-7.51266,-2.707273,-7.392468,-11.403125
4324_right.jpg,4324,1,0,0,0,0,0,0,2,0.18455365,-12.058372,-10.785288,-11.855656,-8.8311205,-4.9779425
4325_right.jpg,4325,1,0,0,0,0,0,0,0,0.17460638,-13.892939,-8.94351,-3.84778,-8.582664,-7.5404468
4326_right.jpg,4326,1,0,0,0,0,0,0,3,5.7638645,-8.378361,-8.632659,-6.4350123,-8.055531,-8.724359
4327_right.jpg,4327,0,0,0,0,1,0,0,3,-3.9923341,-5.99557,-11.554041,-6.8037863,-10.774301,-10.590949
4328_right.jpg,4328,0,0,0,0,0,0,1,1,-1.2439997,-9.93755,-10.424694,-5.3964314,-11.917773,-6.0658607
4329_right.jpg,4329,1,0,0,0,0,0,0,4,-0.37932548,-4.9809523,-6.030014,-11.249782,-7.3039613,-15.462733
4330_right.jpg,4330,1,0,0,1,0,0,0,4,4.481739,-5.234427,-12.743243,-4.4734654,-4.3194704,-12.6775255
4331_right.jpg,4331,1,0,0,0,0,0,0,0,0.921441,-4.862651,-4.408368,-4.2190523,-8.799373,-9.536615
4332_right.jpg,4332,1,0,0,0,0,0,0,3,-1.7373844,-7.303518,-7.2436275,-10.490737,-7.2976933,-10.992904
4333_right.jpg,4333,1,0,0,0,0,0,0,1,1.838584,-13.597116,-8.173748,-9.06244,-7.7064376,-7.51958
4334_right.jpg,4334,1,0,0,0,0,0,0,4,1.3489778,-2.3887477,-9.603838,-9.196932,-4.2755575,-10.508931
4335_right.jpg,4335,0,0,0,0,0,0,1,1,-2.1171412,-4.152849,-6.9702096,-2.0952406,-7.566532,-9.000715
4336_right.jpg,4336,1,0,0,0,0,0,0,3,-3.2490473,-5.9702287,-8.79215,-9.862602,-10.058605,-8.360456
4337_right.jpg,4337,1,0,0,0,0,0,0,3,0.9293547,-11.345289,-9.233011,-3.6854496,-2.5200562,-9.153039
4338_right.jpg,4338,0,0,0,0,0,0,1,3,-2.9881372,-7.0690846,-5.0505896,-6.905674,-5.7359943,-10.2027645
4339_right.jpg,4339,0,0,0,0,0,0,1,4,0.5505596,-9.090236,-6.8992257,-7.132106,-4.2793417,-8.820434
4340_right.jpg,4340,1,0,0,0,0,0,0,0,-3.2137864,-5.83503,-7.1791806,-5.351476,-8.486618,-7.097448
4341_right.jpg,4341,1,0,0,0,0,0,0,4,3.9823933,-7.43108,-4.058567,-10.744229,-7.118903,-7.343625
4342_right.jpg,4342,1,0,0,0,0,0,0,0,-4.2649994,-4.5478406,-4.4927444,-7.3809495,-3.3059568,-13.223857
4343_right.jpg,4343,1,0,0,0,0,0,0,2,-1.0588087,-8.772204,-8.073235,-3.9950535,-7.229706,-11.722027
4344_right.jpg,4344,1,0,0,0,0,0,0,2,11.310135,-9.725219,-10.157149,-5.7654343,-8.748003,-9.115199
4345_right.jpg,4345,1,0,0,0,0,0,0,0,0.6512228,-6.7939568,-7.6385508,-3.4905262,-8.404083,-6.8198795
4347_right.jpg,4347,1,0,0,0,0,0,0,3,4.9202156,-6.9894805,-9.573932,-5.747907,-10.098954,-8.082228
4348_right.jpg,4348,1,0,0,0,0,0,0,4,-2.563204,-12.060137,-8.56551,-4.981365,-8.12466,-10.82177
4349_right.jpg,4349,1,0,0,0,0,0,0,1,8.4015665,-10.442313,-11.77861,-12.535376,-8.4167385,-7.101604
4350_right.jpg,4350,1,0,0,0,0,0,0,1,2.727323,-1.8322965,-5.0699763,-5.703323,-3.4631386,-8.125657
4351_right.jpg,4351,0,0,0,0,0,0,1,1,-2.464525,-6.1220593,-9.5402155,-7.237256,-2.6763773,-9.178538
4352_right.jpg,4352,1,0,0,0,0,0,0,3,-1.5499766,-7.0720305,-8.608182,-5.207126,-13.510452,-8.58936
4353_right.jpg,4353,1,0,0,0,0,0,0,4,4.4233437,-11.155285,-11.157412,-12.564855,-7.8876343,-12.801187
4354_right.jpg,4354,0,0,0,0,0,0,1,4,-0.13589793,-11.303311,-7.708009,-6.706341,-7.4749603,-12.16661
4355_right.jpg,4355,1,0,0,0,0,0,0,4,0.64634764,-6.1387815,-10.512428,-9.2656555,-9.706685,-13.147599
4356_right.jpg,4356,1,0,0,0,0,0,0,1,7.5948443,-9.818659,-10.700388,-11.139145,-11.51508,-3.1740599
4357_right.jpg,4357,1,0,0,0,0,0,0,0,5.4297795,-1.7016082,-12.084441,-4.6678147,-10.075288,-6.358607
4358_right.jpg,4358,1,0,0,0,0,0,0,1,2.5129118,-11.26078,-10.506931,-7.003834,-5.0507727,-9.152175
4359_right.jpg,4359,1,0,0,0,0,0,0,0,2.4263086,-7.9667087,-5.8293138,-7.6709485,-1.9803733,-6.6416807
4360_right.jpg,4360,1,0,0,0,0,0,0,2,0.41771612,-10.490106,-7.4958253,-8.628376,-9.500645,-6.9481273
4361_right.jpg,4361,1,0,0,0,0,0,0,2,-3.445584,-2.9538229,-8.503177,-6.591009,-8.852149,-11.235995
4362_right.jpg,4362,0,0,0,0,0,0,1,1,0.23716944,-10.656677,-7.385566,-6.2021728,-6.411457,-5.7096376
4365_right.jpg,4365,1,0,0,0,0,0,0,2,1.7152971,-12.10577,-9.55828,-8.038815,-7.138099,-10.849841
4367_right.jpg,4367,1,0,0,0,0,0,0,3,2.8352897,-6.5077467,-8.879085,-9.217096,-9.260569,-10.773084
4368_right.jpg,4368,1,0,0,0,0,0,0,0,1.8606939,-8.464749,-12.203144,-8.956094,-12.391109,-10.734417
4369_right.jpg,4369,1,0,0,0,0,0,0,1,4.810651,-7.9693184,-6.0127997,-6.9074755,-10.232237,-7.188539
4371_right.jpg,4371,1,0,0,0,0,0,0,0,-2.761437,-9.408865,-8.341828,-6.892196,-5.0075636,-13.534008
4372_right.jpg,4372,1,0,0,0,0,0,0,0,-2.1008296,-8.128253,-7.7968216,-10.766948,-5.2550287,-9.033187
4373_right.jpg,4373,1,0,0,0,0,0,0,1,-0.6042347,-8.942366,-9.207328,-8.081501,-10.390858,-6.738235
4374_right.jpg,4374,1,0,0,0,0,0,0,1,-2.287566,-9.167149,-9.282406,-11.523708,-10.206867,-7.4450684
4375_right.jpg,4375,1,0,0,0,0,0,0,0,-0.29651478,-12.113956,-11.713921,-10.635952,-7.896654,-7.1845093
4377_right.jpg,4377,1,0,0,0,0,0,0,1,-2.334539,-7.9268894,-8.498346,-2.2128377,-9.265156,-9.969653
4379_right.jpg,4379,1,0,0,0,0,0,0,2,2.3371224,-9.45261,-9.055456,-8.001997,-7.210987,-9.167984
4380_right.jpg,4380,1,0,0,0,0,0,0,1,-2.3422227,-1.1557405,-12.179594,-1.5827112,-8.31633,-7.91084
4381_right.jpg,4381,1,0,0,0,0,0,0,1,2.8446681,-8.440836,-7.5930724,-5.284112,-9.157099,-9.665249
4383_right.jpg,4383,1,0,0,0,0,0,0,1,-2.6055067,-4.582165,-8.476399,-9.262912,-5.81384,-7.9319
4384_right.jpg,4384,1,0,0,0,0,0,0,1,0.9649594,-7.3404984,-6.7777505,-9.487173,-5.180372,-5.412927
4385_right.jpg,4385,1,0,0,0,0,0,0,1,7.9169784,-9.112434,-11.04291,-7.1487336,-15.002018,-10.655348
4386_right.jpg,4386,1,0,0,0,0,0,0,3,9.181797,-7.2041807,-9.743304,-5.6871357,-7.145652,-7.703597
4387_right.jpg,4387,1,0,0,0,0,0,0,2,-2.5963502,-4.858034,-7.111528,-9.962488,-5.3101997,-7.758999
4388_right.jpg,4388,1,0,0,0,0,0,0,0,3.057289,-5.9618473,-7.8496227,-10.248705,-4.0866218,-9.318779
4389_right.jpg,4389,0,0,0,0,0,0,1,0,-4.345544,-11.512725,-5.788142,-8.613228,-11.156323,-9.047178
4391_right.jpg,4391,1,0,0,0,0,0,0,1,0.9885136,-7.903084,-4.728854,-6.419745,-7.3809423,-8.391228
4392_right.jpg,4392,1,0,0,0,0,0,0,3,-1.343255,-4.3882484,-8.190907,-12.082484,-11.543021,-6.580775
4393_right.jpg,4393,1,0,0,0,0,0,0,1,11.954622,-8.719264,-10.846033,-7.6679425,-11.519541,-10.651247
4395_right.jpg,4395,0,0,0,0,0,0,1,2,-1.521311,-3.8468232,-7.289551,-4.393897,-6.4760814,-8.73669
4396_right.jpg,4396,1,0,0,0,0,0,0,3,1.4005362,-6.4024463,-10.728458,-7.9561877,-7.5807247,-10.666436
4397_right.jpg,4397,1,0,0,0,0,0,0,1,-0.95941305,-6.195264,-7.2777367,-9.107113,-12.403871,-6.7446556
4398_right.jpg,4398,1,0,0,0,0,0,0,2,6.814285,-12.0529785,-9.042704,-7.00365,-10.813037,-8.554052
4399_right.jpg,4399,1,0,0,0,0,0,0,4,2.2339838,-7.9747405,-10.581396,-10.555818,-8.103565,-10.943322
4400_right.jpg,4400,1,0,0,0,0,0,0,0,0.69617176,-5.705705,-7.7010365,-8.04274,-2.8957803,-7.5556784
4401_right.jpg,4401,1,0,0,0,0,0,0,3,-1.4968369,-3.932792,-10.614246,-5.110431,-5.8196034,-5.8847537
4402_right.jpg,4402,1,0,0,0,0,0,0,4,5.126434,-5.756619,-11.71636,-10.636082,-10.331605,-12.464979
4403_right.jpg,4403,1,0,0,0,0,0,0,4,3.122615,0.6614134,-6.2380075,1.8598331,-5.261623,-6.264586
4404_right.jpg,4404,1,0,0,0,0,0,0,3,1.0058992,-8.860429,-8.2522135,-0.859279,-7.7961135,-12.695763
4406_right.jpg,4406,1,0,0,0,0,0,0,3,4.898939,-7.890805,-8.897361,-10.513911,-6.1642704,-12.570095
4407_right.jpg,4407,1,0,0,0,0,0,0,3,3.6042762,-5.899797,-8.138798,-4.266548,-5.1787853,-7.0599246
4408_right.jpg,4408,0,0,0,0,0,0,1,1,-1.8291965,-10.652949,-10.989844,-9.246999,-7.5701933,-8.4381895
4409_right.jpg,4409,0,0,0,0,0,0,1,4,0.5176506,-7.7291927,-7.1373334,-10.45019,-5.506881,-9.706778
4410_right.jpg,4410,1,0,0,0,0,0,0,4,-2.0754979,-10.317736,-10.140186,-10.257862,-10.963547,-6.9003444
4411_right.jpg,4411,0,0,0,0,0,0,1,2,-1.1213822,-7.1734085,-8.7136965,-9.571568,-3.7230601,-6.426497
4412_right.jpg,4412,1,0,0,0,0,0,0,3,-0.34385937,-8.639442,-6.1200905,-3.9136443,-10.134584,-11.899604
4413_right.jpg,4413,1,0,0,0,0,0,0,0,-2.6219625,-7.689011,-7.5748944,-5.798652,-0.7165163,-9.155916
4414_right.jpg,4414,1,0,0,0,0,0,0,4,-0.36325848,-10.636494,-9.532142,-7.38445,-7.0462937,-11.649011
4415_right.jpg,4415,0,0,0,0,0,0,1,2,-1.4711996,-6.910408,-8.601199,-10.058678,-6.064293,-8.4101
4417_right.jpg,4417,1,0,0,0,0,0,0,2,0.78924286,-13.443813,-9.153502,-6.398722,-9.941735,-14.130699
4418_right.jpg,4418,1,0,0,0,0,0,0,0,-2.5222795,-3.1412313,-7.304947,-5.4001985,-9.185938,-4.4505944
4419_right.jpg,4419,1,0,0,0,0,0,0,4,4.8040166,-6.705415,-12.052257,-3.2896185,-6.425728,-9.422588
4420_right.jpg,4420,1,0,0,0,0,0,0,3,0.002515239,-12.006668,-11.468054,-13.3512125,-9.255907,-11.37541
4421_right.jpg,4421,1,0,0,0,0,0,0,3,1.632659,-8.786947,-4.4141774,-6.866464,-9.4403305,-13.018788
4422_right.jpg,4422,1,0,0,0,0,0,0,2,-2.2901573,-11.421739,-5.007056,-4.4196234,-5.0137534,-9.63542
4424_right.jpg,4424,1,0,0,0,0,0,0,0,0.84375066,-6.7463107,-6.5774093,-8.788606,-2.7814052,-8.203352
4425_right.jpg,4425,1,0,0,0,0,0,0,0,3.8227696,-6.8847094,-12.180687,-7.920758,-3.4062343,-6.983517
4426_right.jpg,4426,0,0,0,0,0,0,1,3,-0.8340996,-7.3962502,-8.133153,-5.8106947,-7.27224,-10.319285
4428_right.jpg,4428,0,0,0,0,0,0,1,1,-2.141905,-7.804476,-6.3639293,-5.859663,-3.7679424,-9.475391
4429_right.jpg,4429,1,0,0,0,0,0,0,0,3.335543,-5.4600463,-10.160898,-5.115755,-8.960655,-5.832184
4430_right.jpg,4430,1,0,0,0,0,0,0,1,-3.9086368,-8.489291,-13.187035,-6.601639,-10.595099,-4.6329865
4431_right.jpg,4431,1,0,0,0,0,0,0,1,1.9991825,-3.6525009,-9.64559,-9.142548,-7.7912116,-8.899209
4432_right.jpg,4432,1,0,0,0,0,0,0,1,0.7647183,-8.7755995,-8.937945,-9.320486,-6.3940005,-9.089299
4433_right.jpg,4433,1,0,0,0,0,0,0,1,1.7951059,-11.150418,-10.926009,-6.390633,-6.2520485,-7.969442
4436_right.jpg,4436,1,0,0,0,0,0,0,3,-2.9715257,-10.26431,-11.871523,-11.779966,-11.84787,-7.8278427
4437_right.jpg,4437,0,0,0,0,0,0,1,3,-3.7574983,-6.4667068,-10.898363,-1.8444246,-10.235111,-12.548353
4438_right.jpg,4438,1,0,0,0,0,0,0,1,1.4732324,-11.261496,-7.899044,-9.517818,-7.1117053,-2.9575171
4439_right.jpg,4439,1,0,0,0,0,0,0,0,-2.172214,-7.192769,-7.527373,-5.8181963,-8.014111,-7.176436
4440_right.jpg,4440,1,0,0,0,0,0,0,0,2.1237895,-11.13327,-9.309131,-8.275129,-8.301411,-7.081065
4441_right.jpg,4441,1,0,0,0,0,0,0,3,-2.3264031,-2.8786411,-8.815478,-6.178225,-12.1167145,-10.659485
4442_right.jpg,4442,1,0,0,0,0,0,0,4,-2.0017312,-9.425474,-10.172972,-11.004898,-6.857946,-11.997761
4443_right.jpg,4443,1,0,0,0,0,0,0,4,-1.3451686,-10.279322,-9.525504,1.6882662,-1.8161986,-9.935776
4444_right.jpg,4444,1,0,0,0,0,0,0,4,-2.0358284,-12.669829,-7.1048794,-7.4741135,-7.232643,-10.230346
4445_right.jpg,4445,1,0,0,0,1,0,0,1,1.3419485,-7.827194,-8.509003,-9.608418,-8.9136095,-8.293349
4447_right.jpg,4447,1,0,0,0,0,0,0,4,2.672283,-7.718607,-10.459906,-8.203599,-8.82333,-15.076071
4448_right.jpg,4448,1,0,0,0,0,0,0,3,-2.4569898,-3.9015844,-9.547534,-3.1630366,-9.945801,-4.6449933
4449_right.jpg,4449,1,0,0,0,0,0,0,1,8.968977,-10.808969,-12.306976,-8.605691,-11.1594515,-9.266103
4450_right.jpg,4450,1,0,0,0,0,0,0,2,2.1120176,-7.318256,-3.5079873,-6.7374983,-5.326871,-11.074452
4451_right.jpg,4451,1,0,0,0,0,0,0,4,-0.61225754,-6.123452,-12.09201,-11.055585,-6.6566834,-12.558914
4452_right.jpg,4452,0,0,0,0,0,0,1,4,-0.082779996,-6.7373366,-6.9448986,-9.1614485,1.538604,-10.260391
4453_right.jpg,4453,0,0,0,0,0,0,1,4,-0.13014542,-11.838744,-14.217355,-3.533535,-16.885883,-9.671911
4455_right.jpg,4455,0,0,0,0,0,0,1,0,1.3278627,-10.742617,-6.2714057,-15.765947,-2.5032654,-8.812794
4456_right.jpg,4456,1,0,0,0,0,0,0,1,4.027811,-9.291707,-5.1312,-11.649307,-10.661685,-8.519304
4458_right.jpg,4458,0,0,0,0,0,0,1,2,2.5783987,-9.075633,-9.754967,-9.35335,-2.5506287,-6.2542806
4459_right.jpg,4459,1,0,0,0,0,0,0,3,-4.0313883,-9.089088,-5.5965166,-9.346048,-16.071867,-9.028888
4460_right.jpg,4460,1,0,0,0,0,0,0,3,-1.6596919,-12.834105,-13.382315,-0.50829107,-8.721212,-14.070101
4461_right.jpg,4461,1,0,0,0,0,0,0,3,-2.8622684,-7.3372574,-7.026651,-5.7679677,-1.149068,-8.349045
4462_right.jpg,4462,1,0,0,0,0,0,0,0,-3.491293,-6.86977,-7.966395,-3.609993,-5.0528255,-2.0187469
4464_right.jpg,4464,1,0,0,0,0,0,0,0,-2.3258362,-11.189726,-5.1055226,-9.106496,-6.9360204,-8.615594
4465_right.jpg,4465,1,0,0,0,0,0,0,0,-1.4010425,-5.198398,-3.0262897,-7.50204,-3.2260892,-10.115268
4466_right.jpg,4466,1,0,0,0,0,0,0,2,5.220492,-5.544876,-5.92909,-6.175379,-4.6039243,-11.086315
4467_right.jpg,4467,1,0,0,0,0,0,0,0,5.9563127,-8.267574,-11.417031,-7.162553,-6.0814295,-3.205868
4468_right.jpg,4468,1,0,0,0,0,0,0,4,5.1222925,-6.2741904,-13.5046625,-11.586129,-6.1653357,-11.7705
4469_right.jpg,4469,1,0,0,0,0,0,0,3,-1.1804613,-10.624185,-9.31516,-6.9360046,-4.554178,-11.740679
4470_right.jpg,4470,1,0,0,0,0,0,0,4,-1.1127124,-8.300894,-10.734469,-10.761214,-5.94517,-12.759172
4471_right.jpg,4471,1,0,0,0,0,0,0,0,-1.8972831,-3.8933835,-8.04835,-5.4766264,-5.048585,-1.3178439
4472_right.jpg,4472,1,0,0,0,0,0,0,1,0.7890221,-5.330411,-6.3569703,-6.056938,-3.4970274,-5.0323
4473_right.jpg,4473,1,0,0,0,0,0,0,4,1.691713,-8.398537,-10.163548,-9.512081,-8.35642,-10.185679
4474_right.jpg,4474,1,0,0,0,0,0,0,1,-0.3361292,-8.829106,-10.935266,-5.890576,-7.300623,-8.375896
4475_right.jpg,4475,1,0,0,0,0,0,0,2,9.514016,-11.022589,-13.496449,-9.815534,-14.6318245,-9.793758
4476_right.jpg,4476,0,0,0,0,0,0,1,3,-3.2676213,-12.068168,-3.0536532,-4.081431,-9.645672,-12.966592
4477_right.jpg,4477,1,0,0,0,0,0,0,4,-1.168124,-12.856528,-9.624919,-9.241015,-13.276092,-13.066592
4478_right.jpg,4478,1,0,0,0,0,0,0,1,0.68980813,-10.013765,-6.2942705,-7.8327303,-7.535002,-8.649061
4479_right.jpg,4479,1,0,0,0,0,0,0,3,-1.528398,-8.321435,-12.469125,-6.72259,-9.941513,-11.847145
4480_right.jpg,4480,1,0,0,0,0,0,0,2,0.294621,-13.486992,-9.163877,-5.674062,-8.688986,-8.74113
4481_right.jpg,4481,1,0,0,0,0,0,0,4,-0.7034095,-10.042294,-11.1219225,-9.964728,-8.572469,-11.123512
4484_right.jpg,4484,1,0,0,0,0,0,0,4,3.8365047,-8.823132,-16.532656,-9.61326,-6.789811,-10.266099
4486_right.jpg,4486,1,0,0,0,0,0,0,3,-2.0743132,-2.8809533,-2.805832,-3.8597322,-5.241641,-4.786293
4487_right.jpg,4487,1,0,0,0,0,0,0,0,0.009113258,-6.733392,-8.451214,-10.964719,-10.796447,-9.704428
4488_right.jpg,4488,1,0,0,0,0,0,0,3,0.81222934,-8.322245,-6.2400327,-8.88558,-9.457799,-13.174839
4489_right.jpg,4489,1,0,0,0,0,0,0,3,-0.55672485,-5.315042,-5.5145664,-6.6560082,-11.812727,-11.635676
4491_right.jpg,4491,1,0,0,0,0,0,0,0,-0.3972982,-8.205859,-8.857296,-10.527416,-3.1960788,-7.701696
4492_right.jpg,4492,1,0,0,0,0,0,0,1,4.816688,-5.7580233,-7.389178,-6.041352,-5.734614,-5.906768
4493_right.jpg,4493,1,0,0,0,0,0,0,4,1.9919856,-7.7200284,-10.145192,-15.927218,-9.972537,-7.380435
4494_right.jpg,4494,1,0,0,0,0,0,0,1,-6.027275,-8.018605,-11.180369,-4.7088876,-6.1020436,-9.293688
4495_right.jpg,4495,1,0,0,0,0,0,0,0,-4.114291,-16.510616,-11.065635,-6.6832952,-15.920968,-7.6607933
4496_right.jpg,4496,1,0,0,0,0,0,0,1,-3.7543006,-6.769698,-7.778998,-5.381714,-8.0194645,-7.2240453
4497_right.jpg,4497,1,0,0,0,0,0,0,2,3.92527,-5.475849,-8.5007925,-6.524158,-3.6575065,-7.8798146
4498_right.jpg,4498,1,0,0,0,0,0,0,4,0.5447106,-7.857911,-3.6044188,-10.20788,-3.2710454,-9.872152
4499_right.jpg,4499,1,0,0,0,0,0,0,2,4.382588,-4.9679146,-8.631135,-5.944405,-6.0786076,-8.312284
4500_right.jpg,4500,1,0,0,0,0,0,0,2,-5.0995545,-12.250327,-12.050914,-6.632337,-10.034846,-10.846444
4502_right.jpg,4502,1,0,0,0,0,0,0,2,5.969856,-7.430389,-6.152154,-5.5603075,-8.064648,-9.627315
4504_right.jpg,4504,1,0,0,0,0,0,0,1,9.027499,-9.634192,-10.796934,-2.8541572,-5.345469,-10.188719
4506_right.jpg,4506,0,0,0,0,0,0,1,4,-0.3831115,-9.966678,-9.200087,-10.235165,-10.588495,-9.987207
4507_right.jpg,4507,1,0,0,0,0,0,0,1,-1.2344174,-11.999311,-11.592671,-15.110395,-13.839358,-8.251436
4508_right.jpg,4508,1,0,0,0,0,0,0,3,8.839185,-9.556652,-8.302346,-6.4039226,-4.9698067,-8.247443
4509_right.jpg,4509,1,0,0,0,0,0,0,0,0.26343724,-5.9480486,-8.094594,-5.762945,-3.5285542,-7.31339
4511_right.jpg,4511,1,0,0,0,0,0,0,4,0.73211616,-6.6565776,-13.6049185,-10.585516,-7.9635453,-10.776973
4512_right.jpg,4512,1,0,0,0,0,0,0,3,-1.8079764,-7.9487963,-7.2212877,-5.9026814,-13.132031,-10.268045
4513_right.jpg,4513,1,0,0,0,0,0,0,2,-2.680122,-7.8697147,-8.943116,-5.7766333,-8.584608,-11.693258
4515_right.jpg,4515,1,0,0,0,0,0,0,0,10.69352,-9.111808,-7.2688336,-8.870993,-2.9756193,-13.088608
4516_right.jpg,4516,1,0,0,0,0,0,0,0,-2.0764124,-11.212844,-10.926089,-5.6366863,-11.849185,-10.376961
4519_right.jpg,4519,1,0,0,0,0,0,0,0,-0.81771266,-6.8294067,-3.790169,-1.4647286,-7.5823054,-13.882988
4520_right.jpg,4520,1,0,0,0,0,0,0,4,0.21183252,-7.4178414,-7.0095577,-10.379519,-7.890157,-4.7356625
4522_right.jpg,4522,1,0,0,0,0,0,0,3,3.0055163,-1.4491206,-10.720033,-6.302295,-11.633112,-6.22772
4523_right.jpg,4523,1,0,0,0,0,0,0,3,-4.488369,-8.656518,-9.143565,-10.32566,-5.6989403,-10.330126
4524_right.jpg,4524,1,0,0,0,0,0,0,4,5.4610624,-9.96441,-13.304912,-11.271611,-11.07094,-11.24958
4525_right.jpg,4525,1,0,0,0,0,0,0,0,-5.6666207,-4.076673,-8.1324415,-8.818992,-11.978969,-13.13711
4527_right.jpg,4527,0,0,0,0,0,0,1,2,-1.3274856,-7.2003994,-10.217083,-7.6810474,-8.491448,-11.881133
4528_right.jpg,4528,0,0,0,0,0,0,1,4,-1.8088688,-6.5987124,-6.443151,-4.305885,-10.539886,-11.403755
4529_right.jpg,4529,1,0,0,0,0,0,0,1,11.240854,-9.018264,-8.550936,-10.367634,-9.219647,-7.5281305
4530_right.jpg,4530,1,0,0,0,0,0,0,2,6.7805295,-6.011585,-7.854101,-2.217506,-5.57765,-4.1493034
4531_right.jpg,4531,1,0,0,0,0,0,0,1,-2.144662,-9.050344,-8.151076,-3.7411163,-8.583982,-9.427394
4532_right.jpg,4532,1,0,0,0,0,0,0,3,-1.5498048,-9.502565,-8.948529,-8.912975,-6.522357,-8.87229
4533_right.jpg,4533,1,0,0,0,0,0,0,3,1.855591,-11.09503,-10.862689,-6.044393,-12.383469,-9.980516
4534_right.jpg,4534,1,0,0,0,0,0,0,1,4.280274,-11.7345295,-8.315689,-7.655154,-8.693111,-9.202057
4535_right.jpg,4535,1,0,0,0,0,0,0,0,8.800923,-6.9721746,-7.7221856,-2.045373,-12.714186,-13.169471
4536_right.jpg,4536,1,0,0,0,0,0,0,2,4.350575,-7.4311523,-9.860376,-2.18337,-9.93141,-6.7050834
4538_right.jpg,4538,1,0,0,0,0,0,0,4,-0.060893234,-6.01102,-8.160116,-9.837016,-5.666373,-11.648282
4539_right.jpg,4539,1,0,0,0,0,0,0,2,1.9516708,-6.7843394,-10.914596,-4.4140224,-6.9944496,-9.31955
4540_right.jpg,4540,1,0,0,0,0,0,0,1,3.786564,-10.878663,-11.209156,-9.281444,-2.740409,-9.037577
4541_right.jpg,4541,1,0,0,0,0,0,0,0,-2.0752344,-6.162577,-9.694741,-6.4311166,-6.701051,-9.398716
4542_right.jpg,4542,1,0,0,0,0,0,0,0,-3.6596406,-11.950194,-8.712537,-7.6728263,-9.064262,-10.76108
4543_right.jpg,4543,0,0,0,0,0,0,1,2,-1.2832991,-11.411297,-10.333855,-11.271535,-13.645337,-8.344181
4544_right.jpg,4544,0,0,0,0,0,0,1,2,0.23150423,-12.549392,-14.408186,-8.951996,-9.36045,-8.2263565
4545_right.jpg,4545,1,0,0,0,0,0,0,2,2.03174,-9.2204485,-9.069178,-10.06438,-6.88472,-11.351038
4546_right.jpg,4546,1,0,0,0,0,0,0,3,-0.2585075,-6.0674767,-9.173344,-7.7895336,-9.149537,-9.989431
4547_right.jpg,4547,1,0,0,0,0,0,0,4,8.653853,-5.3529763,-5.613138,-12.454873,-1.8336631,-8.421178
4548_right.jpg,4548,0,0,0,0,0,0,1,0,0.9383597,-11.262293,-8.680887,-6.4592495,-13.189982,-9.012831
4549_right.jpg,4549,1,0,0,0,0,0,0,3,2.8659325,-9.96193,-8.464436,-4.8567905,-2.9158447,-8.074621
4550_right.jpg,4550,1,0,0,0,0,0,0,0,-0.6171426,-6.636742,-7.370197,-5.388401,-8.999213,-1.7681606
4552_right.jpg,4552,1,0,0,0,0,0,0,0,2.8471842,-11.921245,-12.422974,7.4585633,-7.9758315,-11.384566
4553_right.jpg,4553,1,0,0,0,0,0,0,3,-1.1620932,-8.342359,-5.6821856,-5.943404,-6.5913343,-8.507244
4555_right.jpg,4555,1,0,0,0,0,0,0,2,-4.6134505,-3.7933025,-7.9637656,-7.9604764,-5.5355344,-8.72462
4556_right.jpg,4556,0,0,0,0,0,0,1,2,-2.4282637,-4.061947,-8.874729,-7.7345133,-5.422985,-8.705602
4557_right.jpg,4557,1,0,0,0,0,0,0,1,0.6584082,-6.0249944,-4.3539553,-8.772285,-1.9759815,-6.964609
4558_right.jpg,4558,1,0,0,0,0,0,0,0,4.5181365,-4.3753457,-9.740231,-5.488827,-8.273464,-9.671987
4559_right.jpg,4559,0,0,0,0,1,0,0,0,-1.5751201,-1.6469821,-5.0300198,-6.0571938,-6.7111015,-9.447226
4560_right.jpg,4560,1,0,0,0,0,0,0,1,3.1296217,-3.2140038,-10.545539,-6.975871,-6.4754252,-4.81905
4561_right.jpg,4561,1,0,0,0,0,0,0,1,-2.221317,-8.523286,-5.608497,-10.95339,-7.3013916,-5.1582365
4562_right.jpg,4562,0,0,0,0,1,0,0,3,-5.661524,-4.9412837,-7.6435523,2.0799203,-4.631156,-8.940397
4563_right.jpg,4563,0,0,0,0,0,0,1,1,-2.3043664,-7.843956,-7.319847,-12.5411215,-8.566013,-9.991727
4564_right.jpg,4564,1,0,0,0,0,0,0,2,-1.0107532,-14.004566,-8.136799,-13.17617,-7.869499,-17.081293
4565_right.jpg,4565,1,0,0,0,0,0,0,2,4.101698,-8.842573,-8.672553,-11.762008,-5.046687,-7.9939556
4566_right.jpg,4566,1,0,0,0,0,0,0,0,-0.08427649,-2.4245467,-8.727733,-3.5257688,-12.184617,-11.251989
4567_right.jpg,4567,1,0,0,0,0,0,0,2,-4.0258455,-4.5224195,-8.245092,-3.5180545,-6.166302,-12.139773
4568_right.jpg,4568,1,0,0,0,0,0,0,4,0.7273478,-7.2804875,-12.707795,-9.766953,-6.5714645,-9.3726845
4570_right.jpg,4570,1,0,0,0,0,0,0,3,-2.9953735,-4.5975423,-4.482768,-6.5856166,-14.869287,-10.428891
4571_right.jpg,4571,0,0,0,0,0,0,1,1,2.3270142,-6.579205,-7.952186,-6.0307055,-7.2510724,-6.8262177
4572_right.jpg,4572,1,0,0,0,0,0,0,0,0.06321249,-5.8511524,-7.3657103,-6.255173,-1.6361794,-9.087883
4573_right.jpg,4573,1,0,0,0,0,0,0,2,0.9326731,-6.0538635,-8.959237,-1.8024195,-7.0975385,-5.8955717
4574_right.jpg,4574,1,0,0,0,0,0,0,0,3.5012758,-7.5543427,-9.099332,-3.4551768,-4.1221366,-6.8414087
4575_right.jpg,4575,1,0,0,0,0,0,0,1,1.8122097,-10.259762,-13.706587,-7.053913,-8.972211,-8.505732
4576_right.jpg,4576,1,0,0,0,0,0,0,2,-1.0394515,-6.0655613,-8.263321,-6.5241446,-9.443485,-7.4245534
4577_right.jpg,4577,1,0,0,0,0,0,0,3,-1.4811208,-12.05294,-9.374033,-4.823419,-12.061442,-8.413442
4578_right.jpg,4578,1,0,0,0,0,0,0,3,1.7202623,-5.6740437,-9.054104,-5.0379477,-6.6846256,-11.919775
4579_right.jpg,4579,0,0,0,0,1,0,0,0,-2.7191467,-10.69816,-5.342971,-6.820314,-9.278211,-9.568945
4580_right.jpg,4580,1,0,0,0,0,0,0,3,-2.2112758,-10.746152,-9.000888,-6.355624,-8.448716,-11.458804
4581_right.jpg,4581,0,0,0,0,1,0,0,3,-1.2287703,-11.023426,-9.129297,-13.520185,-7.353173,-11.942168
4582_right.jpg,4582,1,0,0,0,0,0,0,0,10.975253,-8.176109,-7.731259,-6.262621,-4.4070306,-7.211349
4583_right.jpg,4583,0,0,0,0,0,0,1,2,0.26653883,-9.5875225,-10.115812,-10.713562,-7.544433,-7.3718615
4584_right.jpg,4584,1,0,0,0,0,0,0,1,1.5199023,-9.397744,-11.429222,-10.050798,-9.119695,-9.385382
4585_right.jpg,4585,1,0,0,0,0,0,0,1,2.0866623,-10.079199,-8.988805,-9.801882,2.2065172,-9.929985
4586_right.jpg,4586,0,0,0,0,0,0,1,2,-1.2568203,-8.022531,-6.737383,-9.348667,-3.750927,-9.642014
4587_right.jpg,4587,1,0,0,0,0,0,0,4,-1.4070987,-5.2979164,-4.4828176,-8.05565,-2.6488829,-8.917266
4588_right.jpg,4588,0,0,0,0,0,0,0,1,-4.1652064,-4.0412574,-10.705004,-5.281549,-11.686101,-7.259745
4589_right.jpg,4589,0,0,0,0,0,0,1,1,0.13538557,-7.332321,-6.4583516,-6.450217,0.2628814,-6.98864
4590_right.jpg,4590,0,0,0,0,0,0,1,0,-3.5372496,-10.193325,-11.027807,-6.0374722,-9.431297,-7.7603393
4591_right.jpg,4591,0,0,0,0,1,0,0,3,-0.30415407,-8.935216,-9.6537075,-8.19016,-14.536846,-10.229037
4592_right.jpg,4592,0,0,0,0,1,0,0,0,1.9939263,-5.1015716,-6.982128,-8.661356,-7.3308835,-9.270877
4593_right.jpg,4593,1,0,0,0,0,0,0,4,1.2877462,-8.573853,-8.156964,-9.8689375,-6.7559347,-6.3628016
4594_right.jpg,4594,1,0,0,0,0,0,0,4,-1.0610764,-6.008986,-6.54225,-8.513226,-8.347026,-7.069246
4595_right.jpg,4595,1,0,0,0,0,0,0,1,1.2714896,-10.789062,-10.24618,-7.1948733,-8.35028,-7.202917
4596_right.jpg,4596,1,0,0,0,0,0,0,3,0.3056078,-13.138513,-8.96134,-4.9653196,-11.034375,-6.8763337
4597_right.jpg,4597,1,0,0,0,0,0,0,0,3.2351387,-8.603384,-8.038295,-4.5194407,-4.480902,-8.448516
4599_right.jpg,4599,1,0,0,0,0,0,0,4,1.1392683,-5.3105054,-8.969901,-5.19822,-1.5619545,-10.003175
4602_right.jpg,4602,0,0,0,0,0,0,1,2,-1.7738723,-3.2226958,-5.343555,-6.6779213,-2.2548623,-7.8339
4603_right.jpg,4603,1,0,0,0,0,0,0,2,4.780324,-8.396871,-9.061375,-8.144359,-5.823939,-7.176536
4604_right.jpg,4604,1,0,0,0,0,0,0,3,-2.7444134,-6.8621697,-10.534038,-5.1244736,-7.3088956,-10.364941
4605_right.jpg,4605,1,0,0,0,0,0,0,1,-0.67860866,-6.7342935,-2.816247,-6.8255525,-4.9346185,-9.373293
4607_right.jpg,4607,1,0,0,0,0,0,0,0,-2.217986,-5.7391534,-7.9706955,-6.709633,-3.17401,-10.65256
4608_right.jpg,4608,1,0,0,0,0,0,0,0,-1.485852,-6.29804,-9.248001,-6.382955,-7.4660006,-8.778178
4609_right.jpg,4609,1,0,0,0,0,0,0,0,1.4398525,-7.881329,-9.972386,-8.547793,-2.053054,-8.2560425
4610_right.jpg,4610,1,0,0,0,0,0,0,4,1.372068,-5.9041786,-8.060994,-8.8905735,-7.0758424,-8.744713
4611_right.jpg,4611,1,0,0,0,0,0,0,3,3.747675,-0.40631807,-7.7605863,-3.7643554,-5.582037,-8.493097
4612_right.jpg,4612,1,0,0,0,0,0,0,4,5.3601885,-8.202422,-10.179798,-7.3249416,-4.4666653,-10.632651
4613_right.jpg,4613,1,0,0,0,0,0,0,0,2.0228138,-12.211908,-9.792899,-7.162758,-6.3762417,-5.8190436
4614_right.jpg,4614,1,0,0,0,0,0,0,4,-0.13769269,-6.331365,-10.6846285,-6.083354,-3.6242468,-11.034863
4615_right.jpg,4615,1,0,0,0,0,0,0,2,9.008508,-5.9636307,-10.410092,-6.034377,-7.759888,-6.733149
4616_right.jpg,4616,1,0,0,0,0,0,0,4,3.0062995,-8.26469,-8.658922,-10.057011,-11.551062,-9.659014
4617_right.jpg,4617,1,0,0,0,0,0,0,1,-1.5450075,-5.262656,-9.021772,-5.3823624,-3.265443,-9.79431
4618_right.jpg,4618,1,0,0,0,0,0,0,2,1.1856776,-9.439695,-12.527947,-4.809351,-10.456592,-12.013081
4619_right.jpg,4619,1,0,0,0,0,0,0,3,3.928815,-8.012405,-11.459361,-7.2560797,-11.9096985,-11.027806
4620_right.jpg,4620,1,0,0,0,0,0,0,2,6.819935,-7.6351924,-5.0574126,-6.8848915,-3.9000099,-10.70456
4621_right.jpg,4621,1,0,0,0,0,0,0,2,-1.4739139,-8.551084,-8.767914,-0.66902155,-6.900182,-10.134119
4622_right.jpg,4622,1,0,0,0,0,0,0,3,-1.8087167,-8.370791,-9.066572,-5.981551,-11.532895,-9.268367
4623_right.jpg,4623,1,0,0,0,0,0,0,3,11.247705,-1.6216061,-8.188159,-9.262101,-9.665764,-7.69977
4624_right.jpg,4624,1,0,0,0,0,0,0,3,6.0623865,-4.9726553,-6.1045685,-7.612608,-4.654739,-6.972096
4625_right.jpg,4625,1,0,0,0,0,0,0,0,-4.0225954,-7.985394,-4.8591075,-6.982605,-9.716501,-5.183017
4626_right.jpg,4626,0,0,0,0,0,0,1,4,-0.9266383,-1.216926,-5.955662,-6.739396,-2.9664714,-12.252301
4627_right.jpg,4627,1,0,0,0,0,0,0,1,2.4474978,-9.095108,-3.737143,-6.2538614,-8.00305,-6.3535056
4628_right.jpg,4628,1,0,0,0,0,0,0,4,-1.79608,-8.115119,-10.525714,-11.213977,-10.701069,-14.763862
4629_right.jpg,4629,1,0,0,0,0,0,0,0,9.864623,-6.128144,-11.529316,-8.914121,-6.611946,-9.760457
4630_right.jpg,4630,1,0,0,0,0,0,0,3,4.039729,-12.784377,-11.921929,-7.527113,-11.800982,-11.37296
4631_right.jpg,4631,1,0,0,0,0,0,0,4,11.070271,-4.9565663,-12.77524,-8.952285,-4.546667,-13.166392
4632_right.jpg,4632,1,0,0,0,0,0,0,4,13.342435,-10.100547,-10.13799,-11.076251,-4.869178,-9.402401
4633_right.jpg,4633,1,0,0,0,0,0,0,4,7.955863,-8.694258,-13.712767,-8.753445,-8.3614025,-10.920129
4634_right.jpg,4634,1,0,0,0,0,0,0,3,-0.65048426,-5.377592,-8.432758,-5.5022197,-5.102125,-5.5680747
4635_right.jpg,4635,1,0,0,0,0,0,0,2,1.230106,-8.487139,-8.624739,-8.007514,-8.8482275,-5.339203
4636_right.jpg,4636,1,0,0,0,0,0,0,4,-3.5388227,-4.72525,-6.905512,-10.825212,-4.9767756,-8.808894
4637_right.jpg,4637,0,0,0,0,0,0,1,2,-1.3712534,-9.0844345,-7.1341734,-5.2325053,-5.059203,-9.648593
4638_right.jpg,4638,0,0,0,0,0,0,1,3,-0.2666843,-6.8742023,-10.192523,-4.1120324,-10.521949,-8.096835
4639_right.jpg,4639,1,0,0,0,0,0,0,4,-1.1720626,-8.084725,-6.577719,-8.375572,-3.7190695,-9.321885
4640_right.jpg,4640,1,0,0,0,0,0,0,3,1.2241472,-12.764047,-12.772023,-8.80595,-8.629181,-11.263609
4641_right.jpg,4641,1,0,0,0,0,0,0,3,-0.9174882,-8.131893,-10.068349,-7.9339294,-10.279491,-7.1788745
4642_right.jpg,4642,0,0,0,0,0,0,1,1,1.7025665,-8.027722,-8.907549,-7.8979816,-5.653007,-8.054244
4643_right.jpg,4643,1,0,0,0,0,0,0,3,-2.5580754,-8.009341,-6.2106433,-6.113506,-3.7304552,-10.188446
4644_right.jpg,4644,0,0,0,0,0,0,1,0,2.3796194,-8.84722,-5.4823627,-6.22766,-6.866281,-8.7169285
4645_right.jpg,4645,1,0,0,0,0,0,0,1,11.827778,-7.921577,-8.029783,-9.262622,-8.927206,-9.217288
4647_right.jpg,4647,1,0,0,0,0,0,0,0,7.410752,-8.255861,-9.7708025,-6.535345,-3.1372948,-10.177622
4650_right.jpg,4650,1,0,0,0,0,0,0,2,-3.3765447,-10.851267,-8.333427,-5.455669,-9.497121,-11.233907
4651_right.jpg,4651,1,0,0,0,0,0,0,3,2.8900497,-12.478599,-14.095699,-8.637684,-12.949258,-12.824271
4653_right.jpg,4653,1,0,0,0,0,0,0,1,7.716549,-4.735317,-9.615987,-1.4349498,-3.568136,-9.893417
4655_right.jpg,4655,1,0,0,0,0,0,0,4,3.4649308,-8.535772,-11.943932,-12.061451,-6.495653,-9.434008
4657_right.jpg,4657,1,0,0,0,0,0,0,4,-2.196759,-9.086826,-11.4298315,-9.277471,-11.032408,-9.9766035
4658_right.jpg,4658,1,0,0,0,0,0,0,0,0.7211434,-10.846044,-6.7901735,-8.038954,-10.225813,-8.459239
4660_right.jpg,4660,0,0,0,0,0,0,1,4,0.10463215,-7.188956,-12.575022,-14.575382,-9.591733,-10.727658
4664_right.jpg,4664,1,0,0,0,0,0,0,0,-0.7465202,-6.145126,-10.699667,-8.390128,-6.6160107,-10.039201
4669_right.jpg,4669,1,0,0,0,0,0,0,4,5.228042,-5.675072,-9.582327,-8.536957,-9.664431,-9.748483
4670_right.jpg,4670,1,0,0,0,0,0,0,2,6.729753,-8.990682,-8.040119,-2.9691315,-6.653085,-5.3478746
4671_right.jpg,4671,0,0,0,0,0,0,1,1,-1.4458609,-9.245802,-9.198396,-6.9161034,-9.688985,-8.3163595
4672_right.jpg,4672,1,0,0,0,0,0,0,1,0.24557948,-4.597744,-8.737297,0.042881057,-5.3016505,-6.3417764
4673_right.jpg,4673,1,0,0,0,0,0,0,1,-5.315776,-9.872458,-7.9697413,-5.9713445,-7.005007,3.6067328
4675_right.jpg,4675,1,0,0,0,0,0,0,0,9.83368,-5.2366576,-10.424043,-5.0878167,-8.885104,-7.4374037
4676_right.jpg,4676,1,0,0,0,0,0,0,0,-1.5337179,-8.732792,-9.688478,-7.6257305,-3.6519275,-9.83248
4677_right.jpg,4677,1,0,0,0,0,0,0,2,-1.1173999,-2.1650512,-8.373248,-12.723148,-8.899242,-7.386919
4678_right.jpg,4678,1,0,0,0,0,0,0,3,3.571137,-12.081701,-8.582862,-8.049858,-9.00724,-10.778634
4679_right.jpg,4679,1,0,0,0,0,0,0,4,-0.927956,-5.489495,-8.303624,-7.121289,-9.386102,-10.088214
4682_right.jpg,4682,1,0,0,0,0,0,0,4,-0.040704098,-9.668151,-7.6758013,-11.469251,-7.9140034,-12.301212
4683_right.jpg,4683,1,0,0,0,0,0,0,0,0.6369228,-9.163229,-8.633212,-4.6120086,-6.7659883,-7.955927
4686_right.jpg,4686,1,0,0,0,0,0,0,1,14.173153,-8.846063,-9.46885,-8.897591,-13.305535,-5.996279
4688_right.jpg,4688,1,0,0,0,0,0,0,0,4.8611827,-7.656258,-9.309506,-4.4661326,-5.6616964,-11.715473
4689_right.jpg,4689,0,0,0,0,0,0,1,1,0.37962905,-9.010186,-4.429623,-10.247105,-8.54749,-8.51076
4690_right.jpg,4690,1,0,0,0,0,0,0,1,1.1823325,-6.2117968,-6.219557,-6.7424054,-7.638395,-8.534609
4784_right.jpg,4784,0,0,0,1,1,0,0,2,-2.1290133,-8.362668,-7.810116,-1.7120183,-4.6618953,-10.038905
0_left.jpg,0,0,0,1,0,0,0,0,0,-5.851308,-5.6436977,6.256925,-5.7907314,-5.3682957,-8.14282
1_left.jpg,1,0,0,0,0,0,0,1,2,-0.46353045,-7.9862094,-5.8437448,-5.287498,-3.8993921,-7.934734
3_left.jpg,3,0,0,0,0,0,0,1,4,-2.538471,-7.159893,-8.102798,-7.70706,-9.499698,-11.3829365
4_left.jpg,4,0,0,0,0,0,0,0,2,4.388413,-3.735569,-10.29395,-7.272616,-5.178916,-1.6854289
5_left.jpg,5,1,0,0,0,0,0,0,3,-4.5861306,-1.025249,-10.753981,-3.0450227,-2.9225526,-9.17766
6_left.jpg,6,0,0,0,0,0,0,0,0,1.2332164,-4.90363,-8.612251,-1.6885242,-4.8722243,-6.8781614
7_left.jpg,7,0,0,0,-1,0,0,0,0,-3.8712826,-5.3648376,-12.53254,-6.5069413,-7.04563,-6.415369
8_left.jpg,8,0,0,0,0,0,0,1,1,-6.168517,-6.3386116,-11.553654,-8.5045,-12.381175,-9.808473
9_left.jpg,9,0,0,0,0,0,0,1,1,-2.7757316,-11.972716,-8.46577,-8.545677,-9.368812,-7.7207556
10_left.jpg,10,0,0,0,0,0,0,0,1,-3.7264915,-8.188163,-12.832651,-11.529137,-6.260403,-11.047606
11_left.jpg,11,1,0,0,0,1,0,0,4,1.342355,-9.577453,-6.909363,-5.976061,-2.3986993,-11.887707
13_left.jpg,13,0,0,0,0,0,1,0,1,-3.7253153,-7.1098647,-11.365274,-11.767535,-11.442569,3.0120184
14_left.jpg,14,0,0,0,0,0,0,1,2,-2.1194348,-7.6994505,-8.18822,-7.269247,-6.450198,-10.873404
15_left.jpg,15,0,0,0,0,0,0,1,2,-0.93961704,-9.354459,-7.92534,-7.0512366,-9.522224,-12.032807
16_left.jpg,16,0,0,0,0,0,0,1,2,-1.7591681,-7.9297585,-6.611874,-6.5553603,-6.001309,-8.419013
17_left.jpg,17,0,0,0,-1,0,0,0,0,-3.9263873,-5.8537083,-9.47093,4.6738253,-8.724456,-9.01427
18_left.jpg,18,0,0,0,0,0,1,0,4,-1.3020997,-5.7761965,-7.9809847,-8.014323,-6.9330506,0.65914804
19_left.jpg,19,1,0,0,0,0,0,0,0,0.7560027,-8.579561,-7.2461348,-5.780868,-0.37265432,-6.410528
21_left.jpg,21,0,0,0,0,0,0,0,1,-1.640511,-5.2674055,-5.6221337,-3.799225,-0.59607464,-7.2966914
22_left.jpg,22,1,0,0,0,0,0,0,0,1.9436698,-7.280154,-1.2482189,-4.272868,-6.204222,-7.145023
23_left.jpg,23,0,0,0,0,1,0,0,1,-0.3271993,-3.0975838,-8.806448,-7.918103,2.9559832,-10.80163
24_left.jpg,24,0,0,0,0,0,0,1,1,-1.1644264,-7.566894,-5.0987144,-6.2892942,-7.1029987,-9.089932
25_left.jpg,25,0,0,0,0,0,0,1,2,-0.9315525,-9.571125,-9.063714,-8.047669,-11.417368,-7.544972
26_left.jpg,26,1,0,0,0,0,0,0,1,8.059357,-7.7949147,-8.188865,-3.7262824,-6.0985723,-12.739699
27_left.jpg,27,0,0,0,0,0,0,1,3,-0.8086084,-8.730839,-6.343248,-2.3242192,-5.4191446,-12.015349
28_left.jpg,28,0,0,0,0,1,0,0,2,-1.0730455,-4.7174797,-7.8600273,-1.9534922,-0.4220556,-6.036948
29_left.jpg,29,0,0,0,0,0,0,0,0,-2.6082878,-8.864583,-8.546049,-7.013968,-1.9459293,-10.259494
31_left.jpg,31,0,0,0,0,0,0,0,0,-2.6470237,-8.674856,-9.91672,-10.894315,-8.8902025,-8.832342
32_left.jpg,32,0,0,0,0,1,0,0,4,2.2378998,-7.6539836,-7.3790555,-3.5042238,1.3234725,-7.2933645
33_left.jpg,33,0,0,0,0,0,0,1,3,0.4808775,-7.0442395,-6.9666634,-9.685401,-5.8281717,-9.601538
34_left.jpg,34,0,0,0,-1,0,0,0,0,-1.8775935,-6.5640626,-5.9757895,-9.785535,-0.26091155,-7.8792195
35_left.jpg,35,0,0,0,0,0,1,0,2,-2.8428695,1.2285197,-9.282937,-3.00022,-7.214956,1.0762538
37_left.jpg,37,1,0,0,0,0,0,0,2,0.5091323,-9.996032,-8.279687,-9.074569,-3.0640218,0.06588907
39_left.jpg,39,0,0,0,0,0,1,0,2,-4.690886,-3.7609825,-8.898094,-1.9022118,-7.966724,9.722633
40_left.jpg,40,0,0,0,0,0,0,0,1,-1.9050789,-2.7007923,-7.749429,-11.903061,-7.6951056,-10.177152
41_left.jpg,41,1,0,0,0,0,0,0,4,10.567984,-6.66891,-10.765737,-11.00493,-12.812243,-10.007582
42_left.jpg,42,0,0,0,0,0,0,1,4,-0.8064335,0.5235271,-10.978627,-4.5364356,-6.4274373,-6.4163094
43_left.jpg,43,0,0,0,1,0,0,0,4,-6.102856,-6.6585836,-8.258377,6.8254433,-7.4560094,-7.597038
44_left.jpg,44,1,0,0,0,0,0,0,1,8.469514,-7.79106,-10.71375,-9.868917,-9.614605,-6.90038
45_left.jpg,45,0,0,0,0,1,0,0,2,1.05775,-5.8218317,-6.2688317,-8.461711,-0.5438299,-10.230632
46_left.jpg,46,1,0,0,0,0,0,0,1,1.6653346,-9.01123,-5.3156657,-7.7547684,-3.8353612,-11.103963
47_left.jpg,47,1,0,0,0,0,0,0,2,-0.9781424,-8.283974,-6.0976934,-6.0652814,-6.7300715,-10.023864
48_left.jpg,48,0,0,0,1,0,0,0,2,-7.922587,-8.81145,-10.361944,8.659628,-9.193249,-6.6145163
49_left.jpg,49,1,0,0,0,0,0,0,0,-2.686068,-11.719563,-7.7126727,-10.434463,-5.1825047,-13.128403
51_left.jpg,51,0,0,0,0,0,0,1,0,-1.365702,-2.8374543,-5.5099506,-6.366384,-4.4105644,-8.133957
52_left.jpg,52,0,0,0,0,0,0,1,0,-4.159517,-3.9281733,-10.428741,-10.263652,-9.742576,-9.3597355
53_left.jpg,53,0,0,0,1,0,0,0,0,-1.4631658,-4.489724,-7.011986,2.709539,-7.440074,-10.443091
54_left.jpg,54,0,0,0,0,0,0,1,3,-5.835752,-6.8948503,-6.4458714,-8.152666,-7.3117943,-10.539425
55_left.jpg,55,0,0,0,1,0,0,0,4,-2.5635626,-6.82233,-10.733781,4.29033,-8.451785,-12.147294
56_left.jpg,56,0,0,0,0,0,0,1,2,-3.171528,-1.7222719,-5.8424163,-4.299265,-2.9242716,-7.3489833
58_left.jpg,58,0,0,0,0,0,0,1,3,-3.2512498,-5.3003845,-0.01661677,-9.2863865,-8.370798,-8.911867
59_left.jpg,59,0,0,0,0,0,0,1,1,-2.9331298,-3.746167,-8.741395,-8.039526,-9.060506,-8.862577
60_left.jpg,60,0,0,0,0,0,0,1,0,-4.0423493,-9.012496,-12.251636,-9.284617,-7.7509675,-8.812823
61_left.jpg,61,0,0,0,0,0,0,0,4,-0.8101843,-10.039483,-9.282021,-5.44616,-9.875603,-11.939025
62_left.jpg,62,0,0,0,0,1,0,0,2,-1.9133947,-5.7287264,-9.278022,1.432196,-3.8055527,-5.747002
63_left.jpg,63,0,0,0,0,0,0,1,4,-1.8333163,-7.2524014,-11.702688,-5.0911293,-3.0061061,-9.56685
64_left.jpg,64,1,0,0,0,0,0,0,3,8.271784,-9.426805,-13.102496,-6.600627,-11.671494,-10.281861
65_left.jpg,65,0,0,0,0,0,0,0,2,-2.8389232,-1.8222249,-4.964018,-9.586534,-4.6005583,-8.258033
67_left.jpg,67,1,0,0,0,0,0,0,4,6.2657733,-11.920124,-10.152018,-9.635714,-5.1895,-6.2875423
68_left.jpg,68,0,0,0,0,0,0,1,2,-6.361541,-5.1334057,1.7325613,-7.09318,-1.7660719,-9.735733
69_left.jpg,69,0,0,0,0,0,0,1,1,1.8182385,-6.1776295,-5.480109,-10.90593,-4.8084416,-10.443335
70_left.jpg,70,0,0,0,0,0,0,0,0,-0.81212056,-6.403349,-7.250245,-7.5949197,-7.4998174,-7.268307
71_left.jpg,71,1,0,0,0,0,0,0,4,0.13325848,-8.575348,-6.897074,-7.3262067,-4.9969144,-9.014817
72_left.jpg,72,1,0,0,0,0,0,0,0,10.836189,-8.764052,-8.876786,-10.140222,-4.3909616,-9.7071085
73_left.jpg,73,0,0,0,0,0,0,0,1,-1.3506858,-3.6384075,-8.785849,-5.4851365,-7.04342,-8.799125
75_left.jpg,75,0,0,0,-1,0,0,0,1,-1.9344966,-4.1996894,-8.936384,0.47076023,-9.119434,-9.166123
77_left.jpg,77,1,0,0,0,0,0,0,0,-2.8540564,-8.643717,-3.4004996,-7.6173453,-6.915365,-4.8263326
79_left.jpg,79,0,0,0,0,0,0,0,2,-0.34460455,-6.693994,-7.8463616,-2.3049138,-6.5534744,-10.395401
81_left.jpg,81,1,0,1,0,0,0,0,3,-0.6932954,-7.00949,-10.047104,-8.605844,-11.948769,-11.212496
82_left.jpg,82,0,0,0,0,0,0,1,0,-0.0837689,-12.7100525,-8.931045,-10.244018,-8.660973,-11.564659
83_left.jpg,83,0,0,0,0,0,0,1,4,-2.7310128,-6.109938,-9.494928,-6.560735,-8.104735,-12.263955
84_left.jpg,84,0,0,0,0,0,0,1,1,-2.01252,-10.632257,-8.5355,-11.156907,-6.6018224,-11.009873
85_left.jpg,85,0,0,0,0,0,0,1,0,-3.8767872,-1.316211,-8.027663,-7.5781026,-2.3509657,-12.280651
86_left.jpg,86,1,0,0,0,0,0,0,0,-4.8785987,-7.087503,-8.943493,-7.37572,-4.9884963,-3.7232063
87_left.jpg,87,1,0,0,0,0,0,0,1,1.6393259,-8.124226,-8.0471,-7.682567,-9.00278,-6.478795
88_left.jpg,88,0,0,0,0,0,0,1,0,-1.1530648,-8.287422,-9.687128,-9.162809,-3.1347373,-10.087927
91_left.jpg,91,0,0,0,0,0,0,1,4,-5.20504,-7.625607,-1.6520871,-4.1926947,-5.4296627,-6.85265
92_left.jpg,92,0,0,0,0,0,0,1,2,-4.0792356,-3.1882687,-11.081256,-0.7325263,-3.7984784,-4.7104077
93_left.jpg,93,1,0,0,0,0,0,0,1,6.1553245,-1.2431765,-7.3850775,-5.170599,-13.876398,-6.687807
94_left.jpg,94,0,0,0,0,0,0,0,2,-0.6494643,-12.413981,-13.1897,-6.554658,-8.988124,-4.8816004
95_left.jpg,95,0,-1,0,0,0,0,0,0,-0.9543046,-1.8755419,-3.9947062,-8.735194,-6.3842216,-7.80045
96_left.jpg,96,0,0,0,0,0,0,0,0,2.3308265,-0.65298903,-8.2691345,-8.099315,-4.561821,-7.7576766
97_left.jpg,97,0,0,0,0,0,0,1,3,-4.4364038,-5.74878,-9.770801,-7.442707,-10.011242,-11.730649
98_left.jpg,98,0,0,0,0,0,0,0,0,2.3083065,-6.432619,-9.67983,-0.5916146,-3.8390105,-9.67736
99_left.jpg,99,0,0,0,0,0,0,0,1,0.23117769,-7.635106,-8.076919,-6.151572,-12.867457,-11.161192
100_left.jpg,100,0,0,0,0,0,0,0,0,-1.7950345,-11.823786,-12.24268,-9.05997,-8.959561,-8.748944
101_left.jpg,101,0,0,0,-1,0,0,0,3,-2.0585318,-7.7110295,-8.137602,-0.57431483,-4.0966244,-8.829814
102_left.jpg,102,0,0,0,1,0,0,0,3,-1.9078492,-7.7049713,-9.397981,2.9297771,-4.6004257,-8.850976
103_left.jpg,103,0,0,1,0,0,0,0,0,-2.190216,-5.750882,3.1134412,-6.0907207,-6.925789,-8.356303
105_left.jpg,105,0,0,0,0,0,0,0,2,-0.4073805,-8.161147,-13.455956,-6.366199,-7.488416,-5.120651
106_left.jpg,106,0,0,0,0,0,1,0,2,-4.1990786,-9.271471,-10.696198,-4.763109,-5.508874,-5.533918
107_left.jpg,107,0,0,0,0,0,0,1,3,-4.698543,-2.9922574,-5.1001163,-6.808088,-5.925486,-9.80099
110_left.jpg,110,0,0,0,0,0,0,0,1,-0.5643227,-5.23978,-11.8187,-1.8067652,-8.5117655,-10.039318
111_left.jpg,111,1,0,0,0,0,0,0,0,2.121138,-1.6074442,-10.600593,-3.450849,-6.150177,-10.457988
112_left.jpg,112,0,0,0,0,0,0,1,0,-2.3032985,-7.099831,-6.7531395,-6.03732,-10.660752,-11.076661
113_left.jpg,113,1,0,0,0,0,0,0,4,0.47196817,-8.299603,-8.964151,-5.068165,-7.8536663,-12.705657
115_left.jpg,115,0,0,0,0,0,0,0,3,-0.32988542,-9.011233,-10.701894,-3.1019704,-6.129989,-6.963254
116_left.jpg,116,0,0,0,0,1,0,0,3,0.26419353,-6.5217175,-10.177978,-3.4201343,-4.8518715,-8.077266
117_left.jpg,117,0,0,0,0,0,0,1,3,-3.6528277,-1.3796173,-7.536451,-5.6658864,-7.560646,-6.1562786
118_left.jpg,118,1,0,0,0,0,0,0,0,3.2569807,-0.61721534,-9.955325,-8.061088,0.7997862,-5.537744
119_left.jpg,119,0,0,1,0,0,0,0,2,-3.4079945,-10.5219345,-7.2041836,-6.1761055,-6.7357965,-8.931268
120_left.jpg,120,1,0,0,0,1,0,0,0,1.5383153,-3.7602096,-8.097148,-8.316831,0.7797763,-6.0056877
121_left.jpg,121,1,0,0,0,0,0,0,0,1.0340657,-6.5173244,-10.25744,-6.731807,-4.735213,-10.26324
122_left.jpg,122,0,0,0,-1,0,0,0,0,-3.7356372,-4.3155866,-8.27949,1.184409,-9.296687,-9.069867
123_left.jpg,123,0,0,0,0,0,0,0,0,-5.280216,-3.305982,-5.2925,-6.5626955,-8.289283,-10.791053
124_left.jpg,124,0,0,0,0,0,0,1,0,-4.0933423,-11.3841505,-10.070311,-3.97688,-9.266697,-9.070318
125_left.jpg,125,0,0,0,0,0,0,0,1,1.34114,-8.618028,-12.371956,-7.3487463,-6.0146923,-9.867835
126_left.jpg,126,0,0,0,1,0,0,0,0,-0.17459187,-8.819995,-9.394049,1.9961883,-12.5075245,-7.2905126
127_left.jpg,127,1,0,0,0,1,0,0,1,6.128793,-4.485631,-6.7035985,-8.460805,0.09895028,-7.8051033
128_left.jpg,128,0,0,0,0,0,0,1,1,-5.10328,-8.49029,-9.157345,-4.9698277,-14.723265,-13.582063
129_left.jpg,129,0,0,0,0,0,0,0,0,-2.9655108,-9.881216,-8.21109,-10.7653885,-5.290415,-7.5776196
130_left.jpg,130,1,0,0,0,0,0,0,4,1.3637108,-6.9748025,-8.088968,-8.320802,-5.324005,-7.546394
132_left.jpg,132,0,0,0,0,0,0,1,0,-1.9097154,-8.7333145,-7.4724116,-3.292723,-9.757043,-9.2738085
133_left.jpg,133,1,0,0,0,0,0,0,0,1.7818637,-11.323924,-7.3651986,-7.6388,-3.6055317,-6.722242
134_left.jpg,134,0,0,0,0,0,0,0,0,-4.3383923,-11.446383,-10.16684,-1.3346721,-6.3012767,-9.594838
135_left.jpg,135,0,0,0,-1,0,0,0,3,-1.1672461,-6.9129987,-8.952169,-3.320064,-8.146003,-10.384703
136_left.jpg,136,0,0,0,1,0,0,0,1,-4.085932,-4.263069,-4.785628,2.3806849,-3.234233,-8.551366
137_left.jpg,137,0,0,0,0,0,0,1,2,-2.6540797,-8.54936,-3.276932,-1.1668518,-3.5460737,-8.228938
138_left.jpg,138,0,0,0,0,0,0,0,4,-1.1990824,-3.95837,-5.7487516,-8.037131,-6.429354,-9.38529
139_left.jpg,139,1,0,0,0,1,0,0,0,4.68299,-4.2995725,-5.1752963,-10.185444,-3.2193563,-7.7383275
140_left.jpg,140,0,0,0,0,0,0,1,3,-4.486722,-8.54879,-8.450536,-5.652073,-11.033836,-9.149651
142_left.jpg,142,0,0,0,-1,0,0,0,1,-3.587869,-7.451404,-2.255244,-5.168498,-8.836017,-9.65015
143_left.jpg,143,0,0,0,0,0,0,1,1,-2.8967333,-9.742568,-5.656383,-7.9246535,-9.87063,-10.798311
144_left.jpg,144,0,0,0,0,0,1,0,0,-6.9980097,-4.2926254,-9.569616,-8.121061,-8.271328,7.5176334
145_left.jpg,145,0,0,0,0,0,1,0,4,-3.9913123,-8.028216,-9.4905205,-7.7628107,-8.84989,14.1035385
146_left.jpg,146,0,0,0,0,0,0,1,3,-0.6951238,-9.307125,-6.366706,-7.991953,-4.669941,-9.502788
147_left.jpg,147,0,0,0,0,0,0,1,4,-3.878049,-6.854195,-7.961469,-10.104543,-6.3135014,-12.903952
148_left.jpg,148,0,0,0,0,0,0,0,4,-4.2689424,-6.881339,-5.423778,-4.985577,-2.3833168,-0.6867945
149_left.jpg,149,0,0,0,0,0,0,1,3,-3.507412,-9.989971,-9.941573,-6.005606,-11.367094,-8.934543
150_left.jpg,150,0,0,0,0,0,0,0,4,-3.7515001,-10.486877,-14.289587,-2.2059622,-15.910765,-11.94297
151_left.jpg,151,0,0,0,0,0,0,1,1,-1.5485305,-8.108034,-8.790895,-8.082891,-5.663609,-7.4774656
152_left.jpg,152,0,0,0,1,0,0,0,4,-1.3274875,-9.618111,-11.614784,-2.1764169,-13.731718,-11.427802
153_left.jpg,153,0,1,0,0,0,0,0,2,-1.9519447,1.5361838,-8.076297,-11.5355425,-8.502452,-11.653568
154_left.jpg,154,0,0,0,0,0,0,0,1,-4.219508,-6.5552583,-6.83698,1.1418242,-9.17324,-11.809498
155_left.jpg,155,0,0,0,0,0,0,1,4,-0.028705278,-13.5845995,-7.2950544,-8.375832,-3.140058,-7.677971
156_left.jpg,156,0,0,0,0,0,0,0,2,-0.28188905,-3.31967,-3.54672,-10.955037,-6.0598407,-8.594526
157_left.jpg,157,1,0,0,0,0,0,0,3,10.387876,-8.386563,-7.6893163,-7.0287147,-7.7349443,-7.5476356
158_left.jpg,158,0,0,0,1,0,0,0,3,-1.6144696,-8.741194,-10.43517,6.012073,-8.16381,-7.964753
159_left.jpg,159,1,0,0,0,0,0,0,4,-2.2048383,-10.0867405,-6.410452,-2.731178,-7.3193455,-9.684115
160_left.jpg,160,0,0,0,0,0,0,1,1,-2.8231344,-8.254987,-8.499661,-2.6004188,-5.490412,-6.998416
161_left.jpg,161,1,0,0,0,0,0,0,4,-2.0415378,-2.7387257,-8.886798,-8.787125,-10.497631,-13.312782
162_left.jpg,162,0,0,0,1,0,0,0,1,-6.8333077,-4.600372,-4.5591636,8.716453,-7.3875384,-8.858042
163_left.jpg,163,1,0,0,0,0,0,0,2,-2.5517793,-6.0075283,-7.369409,-0.85471326,-5.860038,-7.5944037
164_left.jpg,164,0,0,0,1,0,0,0,4,-3.6880736,-8.873481,-10.403808,7.8112483,-10.09306,-7.325993
165_left.jpg,165,0,0,0,-1,0,0,0,1,-5.2275176,-5.523999,-10.904153,3.84294,-12.38644,-7.4525723
166_left.jpg,166,0,0,0,0,0,0,1,3,-0.9673925,-5.6606846,-7.491747,-6.2499595,-6.2202997,-8.100927
167_left.jpg,167,0,1,0,0,0,0,0,3,0.1295829,0.97766626,-4.3480306,-1.6911771,-6.2100167,-6.867058
168_left.jpg,168,0,0,0,1,0,0,0,3,-3.59858,-6.2079744,-12.153024,1.5197506,-8.889536,-4.454544
169_left.jpg,169,1,0,0,0,0,0,0,2,2.7002678,-11.945215,-8.864568,-4.4682584,-4.448735,-9.73501
170_left.jpg,170,0,0,0,0,0,0,0,3,-3.6464286,-8.909301,-14.158037,-0.6960094,-10.346148,-10.381649
172_left.jpg,172,0,0,0,0,0,0,0,2,-2.1590145,-5.9421043,-3.9242873,-5.1519566,-9.8576355,-4.3691325
173_left.jpg,173,0,0,0,0,0,0,1,0,-5.802839,-8.544356,-12.250179,-6.3183384,-11.985298,-11.895029
174_left.jpg,174,0,0,0,0,0,1,0,2,-4.824177,-6.567935,-10.077184,-8.076805,-8.32571,0.07661657
175_left.jpg,175,0,0,0,-1,0,0,0,0,-3.5609267,-6.2753286,-10.803742,-6.165574,-2.7877553,-10.173606
176_left.jpg,176,1,0,0,0,1,0,0,4,7.806267,-9.848529,-10.722222,-6.150197,-0.27327117,-11.07401
178_left.jpg,178,0,1,0,1,0,0,0,3,-8.306011,-4.186721,-7.1075835,6.4603696,-8.343568,-12.670006
179_left.jpg,179,0,0,0,0,1,0,0,3,3.792892,-5.3343873,-8.698403,-11.050318,-7.2494044,-6.411308
180_left.jpg,180,0,0,0,0,0,0,0,0,-1.7918241,-9.895493,-11.140714,-1.9919305,-5.499957,-8.360043
181_left.jpg,181,0,0,0,-1,0,0,0,2,-6.1384244,-6.7593203,-7.168028,7.284091,-7.9075093,-9.347966
182_left.jpg,182,0,0,0,0,0,0,0,0,-4.309273,-8.277883,-6.0005326,-4.064706,-9.013821,-10.457703
184_left.jpg,184,0,0,0,0,0,0,0,0,-5.476664,-5.8891945,-4.051164,-4.270437,-6.213639,-9.115615
185_left.jpg,185,0,0,0,-1,0,0,0,2,-0.33621907,-9.428312,-6.556453,-6.2164297,-3.7582054,-8.415448
186_left.jpg,186,1,0,0,0,0,0,0,2,-2.1623003,-9.08621,-7.5167093,-4.8243756,-9.120304,-9.206679
187_left.jpg,187,0,0,0,0,0,0,1,3,-1.2714736,-6.056469,-7.0709987,-5.0088005,-6.726515,-10.443292
189_left.jpg,189,0,0,0,0,0,0,1,1,1.0040613,-6.954261,-8.675726,-12.431363,-8.258845,-8.512515
190_left.jpg,190,0,0,0,0,0,0,1,2,-2.4272707,-8.637083,-7.660288,-7.255615,-6.9454694,-7.655477
191_left.jpg,191,0,0,0,0,0,0,1,2,-1.8191657,-4.097878,-8.534866,-6.5023627,-6.49272,-10.751626
193_left.jpg,193,0,0,0,-1,0,0,0,2,0.6242263,-4.117462,0.7101304,-2.2235653,-1.316925,-8.178299
194_left.jpg,194,0,0,0,0,0,0,1,0,-0.27795067,-12.420174,-6.959456,-9.206288,-7.340443,-11.700314
196_left.jpg,196,0,0,0,0,0,0,0,0,2.5184927,-9.900039,-10.540819,-9.225852,-3.9968987,-8.391821
197_left.jpg,197,0,0,0,0,0,0,1,0,-2.3995183,-10.005781,-10.053673,-7.5436125,-7.467237,-8.185978
199_left.jpg,199,0,0,0,0,0,0,0,3,4.063961,-5.499211,-8.868818,-6.097606,3.0379844,-7.165767
200_left.jpg,200,0,0,0,0,0,0,0,4,-0.36708018,-6.5005245,-6.9928417,-8.921982,-6.5137067,-7.152572
202_left.jpg,202,0,0,0,0,0,0,1,1,-2.6547644,-0.06703015,-8.54045,-9.402259,-9.101743,-10.674338
204_left.jpg,204,0,0,0,0,0,0,0,4,-0.43523452,-8.072786,-11.927387,-6.0429673,-4.8082604,-11.484084
205_left.jpg,205,0,0,0,-1,0,0,0,0,-1.0538964,-5.7935634,-6.9195414,-7.323684,-10.563624,-8.772519
206_left.jpg,206,1,0,0,0,0,0,0,4,3.3655252,-4.379846,-12.783342,-7.090989,-10.55944,-11.55976
207_left.jpg,207,1,0,0,0,0,0,0,2,-2.3421342,-1.9875724,-2.9042337,-4.689214,-3.680067,-9.290412
209_left.jpg,209,1,0,0,0,0,0,0,0,3.0594032,-8.500238,-11.022918,-6.9360976,-6.1696057,-10.88499
210_left.jpg,210,0,0,0,1,0,0,0,2,-3.213053,-8.968921,-14.130124,-1.4150975,-12.1731,-10.659324
211_left.jpg,211,1,0,0,0,0,0,0,1,6.4295855,-9.338514,-9.971664,-8.392047,-3.444347,-9.426792
212_left.jpg,212,1,0,0,1,0,0,0,1,5.20621,-8.676782,-7.885423,-4.094654,-8.666323,-6.758115
213_left.jpg,213,0,0,0,0,0,0,1,2,1.9225615,-5.486547,-6.9647775,-2.589642,-6.480358,-9.079833
214_left.jpg,214,0,0,0,0,0,0,1,0,-2.52443,-10.196898,-7.8237357,-4.777057,-10.304831,3.8832786
215_left.jpg,215,0,0,0,0,0,0,0,1,-0.22345352,-8.3839445,-6.9385223,-9.500816,-0.63687485,-8.2178335
216_left.jpg,216,1,0,0,0,0,0,0,0,-4.627175,-7.5474997,-7.661172,-5.99373,-8.592348,-8.045526
217_left.jpg,217,0,0,0,0,0,0,0,1,-2.8655617,-8.678684,-9.626967,-5.358463,-4.087569,-10.091213
218_left.jpg,218,0,0,0,0,0,0,0,0,-4.4755683,-7.033542,4.950376,-6.834441,-5.407846,-4.51025
219_left.jpg,219,0,0,0,0,0,0,0,3,-3.0535078,-3.8065882,-7.195308,1.7584736,-8.681975,-12.728604
221_left.jpg,221,1,0,0,0,0,0,0,3,-1.9492824,2.044146,-6.7901807,-6.954165,-4.910164,-10.221233
223_left.jpg,223,1,0,0,0,0,0,0,1,4.479244,-8.940587,-11.375533,-14.66478,-4.8169255,-7.6404915
225_left.jpg,225,0,0,0,0,0,1,0,4,-5.4352055,-7.764974,-7.7132626,-7.024619,-6.6900764,14.699072
226_left.jpg,226,0,0,0,0,0,0,1,4,-4.552214,-3.1473992,-7.9235463,-6.875491,-9.037624,-9.479717
227_left.jpg,227,0,0,0,0,0,0,1,1,-1.4173291,-4.1743636,-9.990166,-6.485462,1.8436445,-8.904474
228_left.jpg,228,0,0,0,0,0,0,1,3,-1.1851703,-4.9047365,-10.025591,-0.9867158,-3.557558,-11.896761
229_left.jpg,229,1,0,0,0,0,0,0,1,3.613792,-3.4221017,-8.740112,-2.5667531,-0.80781204,-9.639994
230_left.jpg,230,0,0,0,1,0,0,0,4,-2.504459,-8.041731,-11.320146,2.8993695,-10.540824,-9.38097
231_left.jpg,231,1,0,0,0,0,0,0,1,-3.944067,-3.8952942,-7.249853,-6.234348,-9.818488,-8.171654
232_left.jpg,232,0,0,0,0,0,0,0,4,-2.4513617,-10.278221,-8.74731,-7.973645,-9.762293,-11.81635
233_left.jpg,233,0,0,0,0,0,0,1,1,-1.6769886,-9.833405,-7.248399,-6.677463,-9.873514,3.8456347
234_left.jpg,234,1,0,0,0,0,0,0,2,9.849586,-5.3247905,-13.037455,-7.0105753,-10.260562,-9.477407
235_left.jpg,235,0,0,0,1,0,0,0,1,0.59661424,-9.188144,-8.369579,0.4083032,-9.481631,-11.985886
237_left.jpg,237,0,0,0,0,0,0,1,4,-1.1963221,-11.107608,-13.136137,-9.803062,-10.0215645,-9.852048
238_left.jpg,238,0,0,0,1,0,0,0,0,-4.1512604,-6.4602942,-15.178601,5.6408477,-9.228216,-1.8933864
239_left.jpg,239,0,0,0,-1,0,0,0,1,-2.2078812,-0.7873959,-10.685466,-3.8432338,-8.995988,-6.544482
240_left.jpg,240,0,0,0,-1,0,0,0,1,1.814665,-6.5105386,-12.601094,-5.2921696,-11.35201,-7.719328
241_left.jpg,241,0,0,0,0,0,0,1,3,-0.9573418,-5.3905354,-8.409754,-2.6224463,-5.0240307,-9.952211
243_left.jpg,243,0,0,0,1,0,0,0,0,-3.678329,-10.552641,-9.165921,-1.843414,-7.2929974,-10.393597
244_left.jpg,244,0,0,0,0,0,0,0,0,-2.8914773,-9.026847,-9.393782,-11.971958,-5.868431,-13.461702
245_left.jpg,245,0,0,0,0,0,0,1,3,-1.3348304,-3.338197,-5.7834196,-7.8707147,-4.733939,-10.896081
246_left.jpg,246,0,0,0,-1,0,0,0,4,-2.141847,-9.67026,-10.559922,0.67219424,-6.1557755,-9.108788
247_left.jpg,247,0,1,0,1,0,0,0,2,-2.1329267,-3.7561355,-6.1755433,-1.0274254,-0.32225955,-10.227979
249_left.jpg,249,1,0,0,0,0,0,0,4,3.8401806,-1.348157,-11.536541,-5.6426935,-3.7306464,-10.120729
250_left.jpg,250,1,0,0,0,0,0,0,4,0.046132028,-8.4186125,-8.697258,-7.2288537,-10.58171,-8.713213
251_left.jpg,251,1,0,0,0,0,0,0,1,0.974689,-3.5449958,-3.5196757,-6.5405993,-8.080788,-8.054332
252_left.jpg,252,0,0,0,0,0,0,1,3,-4.501993,-4.8701024,-8.344011,-4.1377697,-4.530333,-10.285724
253_left.jpg,253,0,0,0,0,0,0,0,3,-4.261719,-4.442421,0.49066013,-8.410349,-8.072639,-6.539097
254_left.jpg,254,0,0,1,0,0,0,0,4,-2.338462,-1.824048,-7.2390947,-6.1786904,-4.4781017,-11.31228
255_left.jpg,255,0,0,0,0,0,0,1,2,-1.7907251,-9.63688,-3.8896925,-5.985136,-4.5927544,-8.01143
256_left.jpg,256,0,0,0,0,0,0,0,0,-5.821947,-3.2009506,-8.017253,1.2660626,-6.816457,-9.116746
257_left.jpg,257,1,0,0,0,0,0,0,1,5.4282746,-0.1378815,-9.492388,-6.838209,-4.283865,-9.785037
258_left.jpg,258,0,0,0,0,0,0,1,1,1.02055,-8.588934,-5.9329104,-5.6588645,1.8503293,-5.5011225
259_left.jpg,259,0,0,0,0,0,0,1,2,-2.608817,-4.414929,-4.9614515,-5.4683104,-4.9387245,-7.4375153
260_left.jpg,260,0,0,0,1,0,0,0,3,-8.637671,-3.0827034,-9.325562,2.992171,-11.723579,-13.715896
262_left.jpg,262,1,0,0,0,0,0,0,0,14.690214,-5.1101437,-9.466694,-3.2150242,-11.895915,-15.113284
263_left.jpg,263,1,0,0,0,0,0,0,2,-1.3329109,-6.822685,-8.723712,-1.7648584,-6.7376046,-11.813758
264_left.jpg,264,0,0,0,1,0,0,0,0,-7.7064285,-3.8015928,-9.177902,6.181707,-6.243482,-7.828889
265_left.jpg,265,0,0,0,1,0,0,0,0,-4.7652674,-4.033675,2.978346,-6.7920685,-8.547666,-4.113631
266_left.jpg,266,0,0,0,1,0,0,0,4,-2.4587247,-7.1539264,-8.96811,-1.7075567,-7.2791348,-4.143446
267_left.jpg,267,1,0,0,0,0,0,0,3,2.4930975,-9.229945,-9.714161,-5.6841836,-7.665601,-8.443555
268_left.jpg,268,1,0,0,0,0,0,0,0,1.2824883,-8.682969,-9.39288,-6.265271,-7.034833,-10.833098
269_left.jpg,269,0,0,0,-1,0,0,0,3,-2.7550764,-3.7313707,-9.582014,-2.9411964,-9.382933,-4.371259
270_left.jpg,270,0,0,0,1,0,0,0,1,-2.9454203,-3.377037,-12.741126,1.4642063,-7.4581523,-0.83995616
271_left.jpg,271,0,0,0,0,0,0,0,1,-0.083356544,-5.591152,-9.220901,-4.6679835,-4.4005194,-5.923279
272_left.jpg,272,0,0,0,0,1,0,0,4,1.8270413,-6.8041844,-9.683172,-6.7526236,-0.75894016,-8.417129
273_left.jpg,273,0,0,0,0,0,0,1,2,-2.3085716,2.133962,-5.2245426,-8.765689,-3.9420373,-8.162765
274_left.jpg,274,1,0,0,0,0,0,0,0,-3.4102552,-7.43695,-6.909513,-6.8311753,-8.668526,-8.166193
275_left.jpg,275,0,0,0,0,0,0,1,2,-2.597647,-5.5056167,-7.450686,-8.0952835,-7.3873935,-10.539603
277_left.jpg,277,0,0,0,0,0,0,1,0,-5.6582932,-7.6679273,-2.8699968,-8.536873,-6.854785,-9.321191
278_left.jpg,278,0,0,0,0,0,0,1,2,-2.582886,-6.0584087,-5.2577863,-4.3813367,-3.3217194,-8.455633
279_left.jpg,279,1,0,0,0,0,0,0,0,0.054464854,-2.8711886,-8.363611,-3.147789,-7.5565333,-6.861767
281_left.jpg,281,1,0,0,0,0,0,0,3,1.6956218,-9.763252,-4.809817,-9.565178,-8.432556,-13.553561
282_left.jpg,282,1,0,0,0,0,0,0,3,-2.2018664,-8.964603,-10.477024,-8.2708,-6.4448376,-6.2224402
284_left.jpg,284,1,0,0,0,0,0,0,4,-2.21969,-5.3249593,-8.679569,-10.058984,-12.275228,-8.139561
285_left.jpg,285,0,0,0,0,0,0,1,2,-4.6444664,-9.881501,-9.104164,-6.6150417,-8.009396,-9.930951
286_left.jpg,286,0,0,0,0,0,0,0,2,-2.0919602,-3.2719884,-6.0784235,-8.623595,-6.334564,-4.4001718
287_left.jpg,287,0,0,0,0,0,0,0,0,-2.4114776,-9.569138,-9.637198,-5.8095627,-4.155439,-12.510923
288_left.jpg,288,1,0,0,0,0,0,0,0,3.420063,-8.343503,-7.722581,-5.7315564,-12.30956,-6.0749493
289_left.jpg,289,1,0,0,0,0,0,0,2,0.031562336,-1.966864,-8.682234,-5.2644157,-0.7721865,-7.3117657
290_left.jpg,290,0,0,0,0,0,0,1,3,0.5405298,-10.562437,-7.161166,-10.283795,-10.055508,-4.5827737
291_left.jpg,291,0,0,0,0,0,0,1,0,-1.4110141,-9.06698,-7.5759716,-5.333583,-3.2445035,-12.849864
292_left.jpg,292,0,0,0,1,0,0,0,0,-0.2186685,-4.1792016,-13.101321,1.685288,-2.919759,-9.569016
294_left.jpg,294,0,0,1,0,0,0,0,1,-5.97557,-7.1559334,7.539672,-6.3740864,-6.7647142,-7.3156247
295_left.jpg,295,0,0,0,0,0,0,1,1,-2.0630302,-11.453807,-10.488801,-8.672185,-6.9075933,-5.5849266
296_left.jpg,296,1,0,0,0,1,0,0,4,2.5280607,-4.594161,-8.403906,-9.359068,0.7440951,-6.5334587
297_left.jpg,297,0,0,0,0,0,0,0,1,-2.6715572,-7.543493,-14.10111,-1.7372167,-7.2737756,-8.8254385
298_left.jpg,298,0,0,0,0,0,0,0,4,-7.7170744,-5.530948,-6.117111,-6.0783134,-8.756326,-9.633927
299_left.jpg,299,1,0,0,0,0,0,0,2,2.923812,-4.351465,-4.862707,-7.932828,2.5692787,-8.450484
300_left.jpg,300,0,0,0,0,1,0,0,1,-6.335093,-10.964184,-10.172988,-4.71036,-6.262444,-13.161859
301_left.jpg,301,0,0,0,-1,0,0,0,4,-6.206707,-6.679387,-10.503294,3.1827376,-10.463435,-10.159947
302_left.jpg,302,0,0,0,0,0,0,1,4,-1.782057,-5.108853,-5.9681997,-5.248048,-6.2491965,-9.194292
303_left.jpg,303,0,0,0,0,0,0,1,0,-2.348925,-7.163856,-10.061624,-7.7103076,0.3063679,-9.256811
304_left.jpg,304,1,0,0,0,0,0,0,2,1.2952622,-6.7441397,-7.8994513,-7.32697,-2.9969327,-7.8196664
306_left.jpg,306,0,0,0,0,0,0,1,2,-1.1527662,-8.031658,-9.345288,-4.4885535,-6.1194744,-10.795963
307_left.jpg,307,0,0,0,0,0,0,1,3,-2.6789818,-5.2221727,-10.022203,-11.067114,-14.76138,-9.08605
308_left.jpg,308,1,0,0,0,0,0,0,1,-2.4010541,-7.790112,-8.786855,-6.6289186,-15.120982,-9.174119
309_left.jpg,309,1,0,0,0,0,0,0,4,3.652368,-5.1542926,-10.198747,-13.521874,-9.902015,-11.70787
310_left.jpg,310,0,0,0,0,0,0,1,4,0.7028821,-1.3102632,-5.3761396,-12.174499,-11.040141,-9.499027
311_left.jpg,311,1,0,0,0,0,0,0,2,8.101849,-12.881471,-9.005009,-7.266671,-4.786218,-10.306377
312_left.jpg,312,0,0,0,0,0,0,0,1,-4.9345336,-9.007497,-10.787418,-3.1089873,-13.710292,-11.277249
313_left.jpg,313,0,0,0,0,0,0,1,0,-1.9731823,-6.408433,-3.342809,-3.9384842,-3.877622,-8.808707
314_left.jpg,314,1,0,0,0,0,0,0,2,0.3320602,-8.341707,-8.605224,-3.8765793,-5.426636,-8.154573
315_left.jpg,315,0,0,0,0,1,0,0,1,0.64753115,-5.290981,-9.751314,-11.103612,-3.582521,-9.120525
316_left.jpg,316,0,0,0,-1,0,0,0,0,-1.7665632,-7.629363,-7.5157905,-6.9950876,-3.3904576,-8.216113
317_left.jpg,317,0,0,0,0,0,0,1,0,-1.2496653,-12.191076,-11.237225,-6.1617656,-7.1640797,-8.915617
318_left.jpg,318,0,0,0,0,0,0,0,0,-2.4761555,-9.752879,-8.49434,-4.3140974,-5.8439393,-6.1469264
319_left.jpg,319,0,0,0,1,0,0,0,0,-3.5806003,-8.904992,-11.203684,-8.015359,-9.024911,-9.373476
320_left.jpg,320,1,0,0,0,0,0,0,0,-3.4100509,-10.733834,-9.083692,-7.552394,-4.119552,-3.8931792
321_left.jpg,321,0,0,0,1,0,0,0,2,-3.1037438,-5.9990773,-8.400584,4.1305656,-6.404316,-8.551263
323_left.jpg,323,0,0,0,0,1,0,0,0,-2.687841,-2.317878,-8.636852,-4.37881,1.7087812,-5.9448514
324_left.jpg,324,1,0,0,0,0,0,0,3,11.594028,-4.4505725,-8.120216,-7.5336494,-8.628869,-9.123751
325_left.jpg,325,0,0,0,0,0,0,0,3,-3.174426,-7.375117,-11.195065,-7.2252483,-7.6136556,-6.841951
326_left.jpg,326,0,0,0,0,0,0,1,1,-2.0832164,-5.462105,-11.483449,-2.5036135,-8.775549,-10.921595
327_left.jpg,327,1,0,0,0,0,0,0,1,5.236856,-0.92884773,-5.6398225,-6.7869573,-2.5284512,-7.3064876
328_left.jpg,328,1,0,0,0,0,0,0,3,-0.7252473,-1.3090814,-1.8178757,-5.6490636,-3.2247849,-7.229896
329_left.jpg,329,0,0,0,0,0,0,0,0,-6.5581827,-6.669706,-10.562252,-3.6913757,-9.700943,-3.270044
330_left.jpg,330,0,0,1,0,0,0,0,3,-4.593095,-6.6812897,3.1814096,-6.683834,-6.8481007,-7.584334
332_left.jpg,332,0,0,0,0,0,0,1,3,-2.8949769,-12.959516,-10.948664,-12.343507,-6.429792,-12.434168
333_left.jpg,333,0,0,0,0,0,0,1,3,-1.3167957,-7.4046736,-9.891494,-7.100507,-10.01819,-9.5656595
334_left.jpg,334,0,0,0,1,0,0,0,4,-7.3688273,-5.7675185,-11.20313,7.4308233,-12.703309,-5.4653263
335_left.jpg,335,0,0,0,0,0,0,1,3,0.26756427,-7.548517,-7.874261,-6.345384,-11.258434,-7.650487
337_left.jpg,337,0,0,0,0,0,0,0,1,0.48039752,-7.3630557,-4.9461303,-8.424593,-7.751146,-8.826879
338_left.jpg,338,1,0,0,0,0,0,0,4,0.8197122,-9.2189045,-5.450459,-7.765385,-2.3979099,-7.4076977
339_left.jpg,339,0,0,0,0,0,0,1,0,-0.05068524,-11.74978,-8.897191,-3.4158044,-7.846913,-10.366693
340_left.jpg,340,1,0,0,-1,0,0,0,2,8.573323,-9.475997,-10.609761,-3.309072,-3.8978083,-7.4416003
341_left.jpg,341,1,0,0,0,0,0,0,3,-2.1337576,-6.8469667,-8.510052,-3.794169,-7.8983183,-1.9020014
343_left.jpg,343,0,0,0,0,0,0,1,2,-2.9138238,-7.4505124,-6.8107705,-6.0176735,-4.9509087,-12.0216055
344_left.jpg,344,0,0,0,0,0,0,0,2,-1.5139503,-7.3706703,-10.038242,-1.3537767,-4.9972954,-7.6890907
345_left.jpg,345,0,0,0,0,1,0,0,2,-1.0326843,-6.242641,-8.604193,-6.94534,-0.6538672,-10.564706
346_left.jpg,346,0,0,0,0,0,0,1,3,-0.7636809,-7.8600225,-7.901141,-7.4952145,-3.6760254,-9.755054
347_left.jpg,347,0,0,0,0,0,0,1,4,-0.8553631,-7.0713577,-6.7941065,-4.6336575,-7.6042657,-5.555202
348_left.jpg,348,1,0,0,0,0,0,0,2,6.9499226,-7.424716,-7.9516087,-7.050308,0.98423475,-9.876372
349_left.jpg,349,0,0,0,0,0,0,1,4,-5.116206,-3.3099496,-2.8041542,-11.474974,-9.681353,-7.4422283
350_left.jpg,350,0,0,0,0,0,0,0,2,-0.34556887,-7.29188,-7.4492364,-8.221152,-6.5049796,-6.66579
351_left.jpg,351,0,0,0,0,0,0,0,4,2.1835358,-9.104756,-13.001781,-4.3331375,-10.292866,-12.217273
352_left.jpg,352,0,0,0,0,0,0,0,2,-1.3806657,-13.559472,-7.6485143,-7.786085,-6.707303,-14.502344
353_left.jpg,353,0,0,0,0,0,0,1,3,-1.5942303,-8.805772,-7.881496,-1.5542889,-8.537389,-11.437564
354_left.jpg,354,0,0,0,0,0,0,1,0,-2.9445257,-10.901126,-5.715642,-6.384974,-8.856821,-7.614607
355_left.jpg,355,0,0,0,0,1,0,0,0,1.0129924,-14.500291,-11.172859,-7.1792727,-10.099867,-12.690105
356_left.jpg,356,0,0,0,0,0,0,1,2,-3.628503,-7.7385373,1.0662277,-8.901593,-8.618279,-3.879063
357_left.jpg,357,0,0,0,0,0,0,0,0,-1.2591925,-7.304504,-9.531823,-11.13376,-12.540327,-9.994628
358_left.jpg,358,1,0,0,-1,0,0,0,4,-3.7310414,-3.868198,-10.60269,-0.15288796,-9.213411,-9.855051
359_left.jpg,359,0,0,0,1,0,0,0,3,-1.5664556,-8.328776,-10.145594,0.01629827,0.25919363,-7.628237
360_left.jpg,360,0,0,0,0,0,0,0,1,1.2111096,-7.3411217,-6.943259,-3.672398,-5.096685,-9.202782
362_left.jpg,362,0,0,0,0,0,0,1,4,0.061283577,-6.119501,-5.5512714,-5.3378253,-2.0552025,-6.359817
363_left.jpg,363,0,0,0,0,0,0,0,1,-2.1906896,-13.734282,-8.733005,-0.31115043,-8.248057,-12.320168
364_left.jpg,364,0,0,0,0,0,0,0,4,-2.2585154,-11.466151,-8.264645,-14.44758,-5.452649,-12.732822
365_left.jpg,365,0,-1,0,0,1,0,0,4,-2.1940916,-2.3543632,-5.6817384,-4.390182,0.6334211,-11.071322
366_left.jpg,366,0,0,0,0,0,0,0,1,-3.768428,2.2921584,-9.731848,-3.23871,-9.748076,-3.2980647
367_left.jpg,367,0,0,0,0,0,0,0,4,-0.29039827,-4.515147,-10.803938,-5.8116083,-7.142752,-8.921624
368_left.jpg,368,1,0,0,0,0,0,0,4,-0.75972366,-3.0081947,-1.1665639,-9.714868,-4.956495,-7.8173795
370_left.jpg,370,0,0,0,0,0,0,0,0,-3.2824013,-10.556969,-6.5739965,-6.383848,-5.342934,-11.40544
371_left.jpg,371,0,0,0,-1,0,0,0,1,-0.44555297,-3.901427,-9.933669,-6.3146057,-10.618277,-6.054856
372_left.jpg,372,0,0,0,0,0,0,0,3,-2.2933185,-5.2594523,-2.1559827,-3.5915096,-3.9348307,-9.953209
373_left.jpg,373,0,0,0,0,0,0,1,0,-2.3536508,-10.003109,-4.477991,-7.223821,-2.3121018,-12.108672
374_left.jpg,374,0,0,0,0,1,0,0,2,-1.9224313,-10.674021,-8.228212,-6.8068476,-1.6022974,-15.686161
376_left.jpg,376,0,0,0,0,0,0,1,0,-4.475492,-6.947666,-7.5355735,-6.628425,-10.908374,-9.5529175
377_left.jpg,377,0,0,0,1,0,0,0,3,-2.6499944,-6.0279427,-10.338392,-4.645017,-13.617011,-7.313186
379_left.jpg,379,0,0,0,0,0,1,0,3,-2.0291011,-5.513798,-4.483788,-9.040271,-10.171041,-6.236282
380_left.jpg,380,1,0,0,0,0,0,0,0,5.1890807,-8.502447,-10.973037,-7.762447,-8.909306,-6.089889
381_left.jpg,381,0,0,0,0,0,0,0,4,-6.108659,-0.9940987,-7.085028,-1.5022244,-5.4487057,-8.365292
382_left.jpg,382,0,0,0,0,0,1,0,3,-1.7852328,-7.011492,-12.281107,-4.177267,-8.555793,-2.017653
383_left.jpg,383,1,0,0,0,0,0,0,2,3.103185,-7.3262367,-6.0966477,-6.869023,4.900975,-7.3930016
384_left.jpg,384,0,0,0,0,0,0,1,1,1.2295134,-9.6735325,-6.829123,-7.229987,-2.7200465,-9.912194
385_left.jpg,385,0,0,0,0,0,0,1,0,-0.055843614,-6.586862,-6.0323772,-7.853914,2.7922733,-5.2528024
386_left.jpg,386,1,0,0,0,0,0,0,4,0.36860624,-8.982934,-9.201087,-8.114025,-14.004595,-12.26912
388_left.jpg,388,0,0,0,0,0,0,0,1,-3.5180914,-1.0244725,-0.6351428,-8.6723585,-6.659206,-4.2062197
389_left.jpg,389,0,0,0,0,0,0,0,2,1.4715784,-6.6588845,-12.400392,-8.986243,-5.0118885,-5.330676
390_left.jpg,390,0,0,0,0,0,0,1,2,-1.6820667,-7.454277,-7.559175,-5.897187,-5.5094557,-3.153247
391_left.jpg,391,0,0,0,0,0,0,1,1,0.358649,2.0876083,-8.389389,-10.080835,-3.681928,-10.997491
392_left.jpg,392,0,0,0,0,0,0,0,2,0.47183475,-12.209615,-13.029625,-11.866999,-6.55713,-10.632993
394_left.jpg,394,0,0,0,0,0,0,1,3,-1.3185114,-11.516953,-5.99544,-7.3125362,-4.4889,-10.393009
395_left.jpg,395,0,0,0,-1,0,0,0,1,-0.7813718,-11.718573,-10.902201,-7.8043785,-6.870605,-8.814792
396_left.jpg,396,0,0,0,0,0,0,1,0,-0.07079651,-5.960774,-8.402091,-12.341165,-11.53205,-8.81724
397_left.jpg,397,0,0,0,-1,0,0,0,2,-2.404452,-5.951617,-6.3218355,-5.898315,-9.372414,-8.59546
398_left.jpg,398,0,0,0,0,0,0,0,4,1.3046507,-9.015605,-9.304075,-8.999298,-6.7584233,-5.983282
399_left.jpg,399,1,0,0,0,0,0,0,2,2.1337054,-4.191389,-7.5031343,-5.7232366,0.318707,-8.974804
400_left.jpg,400,0,0,0,0,0,0,1,4,-1.420648,-5.6988096,-7.030896,-7.6424246,-13.276738,-9.094005
401_left.jpg,401,0,0,0,0,0,1,0,1,-7.572986,-1.7359189,-7.135446,-5.464121,-6.292026,4.0093336
402_left.jpg,402,0,0,0,-1,0,0,0,4,-2.4373658,-7.387669,-7.201629,-1.1684211,-6.316338,-9.263008
404_left.jpg,404,0,0,0,-1,0,0,0,4,-2.9520614,-9.301427,-9.672209,-3.965721,-14.469694,-10.7438545
405_left.jpg,405,0,0,0,0,0,0,1,1,-2.2705128,-8.88017,-7.4020677,-7.9500523,-9.524588,-7.281059
406_left.jpg,406,0,0,0,0,0,0,0,0,-2.960452,-8.735339,-6.8840647,-7.424045,-9.225832,-8.254178
407_left.jpg,407,0,0,0,-1,0,0,0,0,-3.5790992,-4.08359,-9.145348,3.160577,-8.957229,-7.0047665
408_left.jpg,408,0,0,0,0,0,0,0,0,-2.6192133,-7.881424,-7.342979,-7.906789,-8.285583,-6.145232
410_left.jpg,410,0,0,0,1,0,0,0,4,-0.05574889,-3.0451708,-12.058418,-5.5586596,-7.681446,-11.773336
411_left.jpg,411,1,0,0,0,0,0,0,4,4.6112704,-7.698242,-7.683284,-8.527184,-2.3173707,-5.0980844
412_left.jpg,412,1,0,0,0,0,0,0,3,6.58266,-5.233532,-7.235251,-5.911128,-5.5279756,-7.954703
413_left.jpg,413,1,0,0,0,1,0,0,0,7.1901546,-8.609625,-8.705638,-8.300597,0.6154499,-6.3712
415_left.jpg,415,1,0,0,0,0,0,0,0,3.2748857,-6.4419866,-8.3420925,-1.0738646,-8.016643,-8.255029
416_left.jpg,416,0,0,0,0,0,0,1,0,-1.9842904,-4.0666666,-5.985262,-7.981346,-2.543142,-9.676752
419_left.jpg,419,0,0,0,1,0,0,0,1,-0.38358158,-10.083492,-9.367469,-10.994093,-8.6126995,-11.842642
420_left.jpg,420,1,0,0,0,0,0,0,1,12.748871,-6.4829645,-7.70304,-12.717608,-4.9115953,-7.0592446
421_left.jpg,421,0,0,0,-1,0,0,0,2,0.52184856,-5.9105086,-7.149992,-4.1916842,-5.3056154,-7.9822817
422_left.jpg,422,1,0,0,0,0,0,0,1,2.9697993,-10.500456,-11.11393,-11.314936,-6.8596625,-10.572123
423_left.jpg,423,0,0,0,0,0,0,1,0,-1.4377935,-2.1046617,-6.092818,-10.770976,-5.069541,-6.004632
424_left.jpg,424,0,0,0,1,0,0,0,4,-4.655932,-4.754066,-10.150668,4.228975,-10.866442,-10.019074
425_left.jpg,425,0,0,0,0,0,0,1,1,-0.8068779,-8.959064,-6.0448837,-5.5618067,-3.3151212,-5.987456
426_left.jpg,426,0,0,0,0,0,0,1,0,1.4249821,-10.79573,-12.57539,-6.3210516,-9.053538,-10.918332
428_left.jpg,428,1,0,0,0,0,0,0,0,-0.8122851,-9.844841,-6.068997,-4.3308015,-13.157134,-10.597706
429_left.jpg,429,0,0,0,0,0,0,1,1,-0.6561575,-9.139216,-9.121114,-13.360711,-11.711567,-8.688033
430_left.jpg,430,1,0,0,0,0,0,0,3,-0.13487332,-6.5400944,-10.151929,-0.67718077,-3.3423874,-6.720782
431_left.jpg,431,0,0,0,0,0,0,0,1,-1.6597974,-6.650274,-6.3797765,-4.9393244,-10.366798,-10.3521385
432_left.jpg,432,0,0,0,0,0,0,1,2,-1.7804309,-6.963051,-10.263623,-12.214715,-7.3000865,-9.943979
433_left.jpg,433,0,0,0,0,0,0,0,3,-1.8524196,-9.343342,-8.633688,-12.906421,-10.288624,-10.475082
434_left.jpg,434,0,0,0,0,0,0,1,4,3.174584,-9.634819,-8.610991,-11.131798,-6.423023,-10.864536
435_left.jpg,435,1,0,0,0,0,0,0,3,1.0004276,-9.787778,-10.317038,-6.446174,-7.753264,-12.625292
436_left.jpg,436,0,0,0,0,0,0,1,0,-2.6812549,0.41712937,-6.2557883,-5.93495,-5.8727703,-10.538859
437_left.jpg,437,0,0,0,0,0,0,1,3,-3.68285,3.85362,-5.8426256,-8.822435,-1.3984295,-6.0098457
439_left.jpg,439,0,0,0,0,0,0,1,3,-4.174445,-4.5564227,-8.3394,-8.720588,-8.108122,-12.055415
440_left.jpg,440,0,0,0,0,0,0,1,0,-5.066158,-5.860538,-9.624145,-7.10506,-7.412617,0.6758608
442_left.jpg,442,1,0,0,0,0,0,0,3,3.0154262,-9.964968,-10.305446,-10.290135,-7.6032953,-9.541228
444_left.jpg,444,1,0,0,-1,0,0,0,0,0.32568935,-6.397823,-10.322717,-12.367874,-5.1022544,-11.307311
445_left.jpg,445,1,0,0,0,0,0,0,4,7.449353,-8.003565,-9.231411,-8.441373,-2.4852,-11.591406
446_left.jpg,446,1,0,0,0,0,0,0,4,2.260617,-8.998816,-10.006262,-2.5951796,-7.32449,-8.251954
447_left.jpg,447,0,0,0,1,0,0,0,4,-0.97813267,-9.746779,-8.099608,-2.6762702,-2.2743886,-7.9806147
448_left.jpg,448,0,0,1,0,0,0,0,0,-6.2121387,-8.20398,8.862731,-7.574874,-7.8132935,-6.502681
450_left.jpg,450,0,0,0,0,0,0,0,0,-3.839606,-9.386762,-11.025103,-10.376401,-8.172809,-7.716278
451_left.jpg,451,0,0,0,0,0,0,0,1,1.2634307,-7.538273,-9.417669,-6.48717,-6.1977587,-7.0819755
452_left.jpg,452,0,0,0,0,0,0,0,4,3.2321596,-8.367781,-6.0396514,-8.200438,-5.1328416,-13.033485
454_left.jpg,454,0,0,0,0,0,0,0,1,0.36135387,-5.7431545,-10.078584,-5.4154015,-6.2021074,-9.042607
455_left.jpg,455,0,0,0,1,0,0,0,1,-6.095828,-7.5545325,-5.496381,8.013566,-4.2212524,-10.355814
456_left.jpg,456,0,0,0,0,0,0,0,2,-2.1477046,-4.3817534,-11.013303,-6.9786096,-9.184858,-8.40893
457_left.jpg,457,0,0,0,0,0,0,1,3,-2.2757711,-5.083112,-7.81128,-7.332068,-7.328836,-7.305139
458_left.jpg,458,0,0,0,0,0,0,0,2,1.8176304,-5.1843324,-5.7275457,-5.1913896,-3.898501,-9.543071
459_left.jpg,459,0,0,0,0,0,0,0,1,2.0176523,-2.6334193,-6.14378,-5.199825,-8.477636,-8.656148
460_left.jpg,460,0,0,0,0,0,0,0,0,-5.0302153,-8.279524,-0.2295229,-11.022281,-9.287952,-10.537792
461_left.jpg,461,0,0,0,0,0,0,1,3,-1.531432,-7.11017,-7.1079454,-3.0277371,-2.2261834,-10.173016
462_left.jpg,462,1,0,0,0,0,0,0,1,-3.3135126,-8.008753,-6.556396,-7.0477295,-6.0950994,-10.262248
463_left.jpg,463,0,0,0,-1,0,0,0,0,1.0049999,-1.1972508,-4.587991,-3.9524424,-4.79029,-6.279651
464_left.jpg,464,0,0,0,1,0,0,0,4,-0.18136035,-6.7967887,-6.451774,-7.1062403,-7.0695605,-6.5620832
465_left.jpg,465,0,0,1,-1,0,0,0,2,-2.3942626,-8.1825695,3.3823638,-4.51379,-8.21541,-9.689329
466_left.jpg,466,1,0,0,0,0,0,0,1,6.753059,-7.3993063,-5.57935,-10.296734,-5.562049,-10.6470375
467_left.jpg,467,0,0,0,0,0,0,1,0,-3.2609518,-12.092046,-7.500785,-8.550824,-12.096681,-10.088849
468_left.jpg,468,0,0,0,0,0,0,1,1,-3.5050442,-4.204199,-7.1921616,-2.5115356,-5.2417936,-8.272829
469_left.jpg,469,1,0,0,0,0,0,0,4,0.11962814,-6.389012,-8.175048,-10.840321,-9.296748,-8.151945
471_left.jpg,471,0,0,0,0,0,0,0,2,-0.199341,-5.567791,-5.400921,-6.7315335,-1.049993,-7.645426
473_left.jpg,473,1,0,0,0,0,0,0,1,1.4543862,-8.992137,-9.192334,-10.077406,2.364221,-6.413582
475_left.jpg,475,1,0,0,0,0,0,0,3,-2.219969,-5.42158,-9.274931,-6.714508,-8.558244,-8.771625
476_left.jpg,476,0,0,0,0,0,0,1,4,-2.1835907,-3.8927033,-12.61491,-9.781899,-8.874076,-10.675508
477_left.jpg,477,0,0,1,0,0,0,0,1,-5.0174623,-1.5373274,5.3293576,-7.9771523,-6.5866623,-4.752845
479_left.jpg,479,1,0,0,0,0,0,0,4,2.932069,-2.9692483,-9.990502,-7.2144756,-10.229039,-10.506981
480_left.jpg,480,0,0,0,0,0,0,0,1,-5.55877,-11.018454,-7.799974,-5.425904,-12.48151,-8.038636
481_left.jpg,481,0,0,0,0,0,1,0,2,-3.2070103,-9.1281185,-12.372009,-5.581483,-13.032608,6.304607
482_left.jpg,482,0,0,0,0,0,0,0,1,-2.1430168,-9.065717,-8.510116,-4.327233,-10.793292,-9.893472
483_left.jpg,483,0,0,0,0,0,0,0,2,-4.3567677,-10.661025,-6.5040603,-7.4952245,-4.282745,-7.611055
484_left.jpg,484,1,0,0,0,0,0,0,4,-1.6100086,-7.7821693,-11.416578,-5.9453516,-10.956338,-13.046297
486_left.jpg,486,1,0,0,0,0,0,0,4,2.5895474,-8.167512,-5.3023267,-9.311448,-4.6574597,-11.391475
487_left.jpg,487,0,0,0,0,0,0,0,3,-0.3953792,-12.41558,-11.975317,-7.224671,-11.33319,-15.809888
488_left.jpg,488,0,0,0,0,0,0,1,3,-2.402527,-5.1448064,-6.1155577,-8.40075,-9.599227,-8.940663
489_left.jpg,489,1,0,0,0,0,0,0,2,-2.30929,-3.9042947,-10.10989,-9.811919,-3.3311243,-8.438499
491_left.jpg,491,1,0,0,0,0,0,0,1,-8.663442,-5.7968545,-7.343822,1.1998388,-5.032243,-2.8068104
492_left.jpg,492,1,0,0,0,0,0,0,3,0.6106483,-9.205523,-9.262458,-6.896445,-7.6237197,-10.002475
493_left.jpg,493,1,0,0,0,0,0,0,0,8.162777,-13.126156,-8.383265,-6.3280854,-13.464212,-10.910435
495_left.jpg,495,1,0,0,0,0,0,0,2,6.080919,-6.9008865,-8.694333,-7.86744,-7.8716984,-11.4321
496_left.jpg,496,0,0,0,0,0,0,1,2,-0.89094394,-6.223396,-10.226724,-6.34835,-12.033987,-8.475698
498_left.jpg,498,1,0,0,0,0,0,0,0,6.8017006,-5.3300204,-8.3133955,-4.4254394,-14.517226,-10.1095705
499_left.jpg,499,0,0,0,0,1,0,0,0,-4.756452,-2.215759,-8.819809,1.4585978,-0.8915547,-11.403971
500_left.jpg,500,0,0,0,0,0,0,0,2,1.9903206,-6.067968,-6.346631,-8.867082,-10.439814,-4.6729465
501_left.jpg,501,0,0,0,0,0,0,0,2,-1.7916771,-5.1465235,-4.1288943,-1.8177409,-1.3722895,-8.230882
502_left.jpg,502,0,0,0,-1,0,0,0,1,-3.0673149,-2.6146057,-12.419448,-8.389546,-6.6218038,-9.274565
503_left.jpg,503,0,0,0,-1,0,0,0,2,-3.334451,-8.669077,-6.4863505,-3.4183357,-5.0212207,-5.4368014
504_left.jpg,504,0,0,0,0,0,1,0,0,-6.066978,-10.556479,-9.079073,-7.462133,-12.448393,11.207699
507_left.jpg,507,1,0,0,0,0,0,0,3,2.3948827,-3.0297465,-6.1224103,-4.1101694,-3.7230334,-10.9407425
508_left.jpg,508,0,0,0,-1,0,0,0,3,-0.86398655,-10.99085,-9.242138,-3.753232,-9.945039,-11.097339
509_left.jpg,509,0,0,0,0,0,0,1,1,-3.617948,-9.297136,-4.6149287,-3.463098,-12.65185,-5.794813
510_left.jpg,510,0,0,0,0,0,0,0,3,-4.267185,4.2007904,-8.921395,-11.111059,-2.2732394,-8.265923
511_left.jpg,511,0,0,0,0,0,0,1,2,-3.1784966,-12.278308,-6.5904408,-7.7729588,-4.1458464,-11.062379
512_left.jpg,512,1,0,0,0,0,0,0,0,-1.8018241,-10.659148,-11.686346,-8.403445,-8.887885,-11.641703
513_left.jpg,513,0,0,0,0,0,0,1,4,0.17312825,-6.185418,-10.725526,-7.7401533,-3.7892444,-12.683337
514_left.jpg,514,0,0,0,1,0,0,0,2,-0.45340028,-9.594857,-9.299044,0.13349053,-7.417953,-10.7141075
515_left.jpg,515,0,0,0,0,0,0,1,1,-3.2923114,-8.967857,1.0308653,-6.56741,-6.283038,-11.305257
517_left.jpg,517,0,0,0,-1,0,0,0,2,-0.25636962,-10.350161,-3.4654355,-5.8135977,-4.7611876,-9.065716
519_left.jpg,519,1,0,0,0,0,0,0,3,7.952252,-5.5222178,-11.707244,-10.448245,-14.174465,-9.2743845
520_left.jpg,520,0,0,0,-1,0,0,0,4,0.19732085,-3.011383,-9.427839,-3.9099553,-5.3039107,-6.0945964
521_left.jpg,521,0,0,0,0,0,0,1,4,-3.8161829,-7.655707,-7.7397456,-6.7444687,-8.225275,-6.5683737
522_left.jpg,522,0,0,0,0,0,0,1,2,0.3466922,-1.6358272,-6.3394766,-10.662771,-7.019297,-10.168383
523_left.jpg,523,0,0,0,0,0,0,1,0,-2.1474795,-8.850662,-7.0812764,-6.71934,-10.94518,-8.635243
524_left.jpg,524,0,0,0,0,0,0,1,0,-1.7448773,-9.686704,-8.534088,-5.293422,-4.0638,-9.034695
525_left.jpg,525,0,0,0,0,0,1,0,0,-7.224921,-6.1638994,-5.925642,-5.288441,-7.181334,1.0753163
526_left.jpg,526,0,0,0,0,0,0,0,0,-5.0199375,-4.606449,-8.520071,6.7948756,0.0029471288,-2.28748
527_left.jpg,527,0,0,0,0,0,0,0,1,0.5259648,-11.773329,-10.190585,-8.721245,-5.5513678,-5.436437
529_left.jpg,529,0,0,0,0,0,0,1,3,-4.4113073,1.1653796,-8.15064,-8.609618,-6.789927,-7.8614445
530_left.jpg,530,0,0,0,0,0,0,1,3,-0.6089922,-5.840164,-10.99126,-6.3423166,-4.040684,-6.3290367
531_left.jpg,531,0,0,0,0,0,0,0,3,-1.5050566,-5.7950044,-8.992775,-6.9754868,-10.930282,-12.390599
532_left.jpg,532,0,0,0,1,0,0,0,0,-2.7728784,-7.4233103,-6.735634,-4.2808647,-7.1957507,-7.59153
533_left.jpg,533,1,0,0,0,0,0,0,3,4.837541,-2.8216584,-9.789623,-4.5114374,-6.4981647,-9.19431
534_left.jpg,534,0,0,0,0,0,0,0,0,0.17284784,-7.170533,-5.0949497,-8.236412,-10.770194,-6.4910016
535_left.jpg,535,1,0,0,0,0,0,0,0,0.095068894,-6.1947365,-8.659924,-9.020763,-2.9055812,-10.159506
536_left.jpg,536,0,0,0,0,0,0,1,2,-2.6042929,-9.875306,-7.441653,-6.1130376,0.90194935,-6.784671
537_left.jpg,537,1,0,0,0,0,0,0,1,-2.3947136,-10.107114,-10.823507,-2.0022628,-13.550876,-8.960922
538_left.jpg,538,1,0,0,-1,0,0,0,3,7.2761636,-3.7777646,-8.870067,-8.31802,-11.086167,-8.711592
539_left.jpg,539,1,0,0,-1,0,0,0,4,0.9638861,-3.2733636,-11.527706,1.9891677,-4.819219,-10.125121
540_left.jpg,540,0,0,0,0,0,0,1,4,-4.8083377,1.3854936,-8.933762,-8.62628,-11.77097,-10.357816
542_left.jpg,542,1,0,0,0,0,0,0,4,2.4612973,-9.944907,-7.1743608,-7.3756247,-8.349429,-11.312764
543_left.jpg,543,1,0,0,0,1,0,0,4,-1.7835085,-11.20263,-7.0660157,-6.9037504,-3.5136652,-11.068884
544_left.jpg,544,0,0,0,0,0,0,1,3,-3.0550199,-4.1282187,-6.9366083,-3.278028,-10.035487,-12.481705
545_left.jpg,545,0,0,0,0,0,0,0,2,-5.732818,-6.787838,4.55647,-10.51318,-6.1221743,-3.1552074
546_left.jpg,546,0,0,0,0,0,0,0,0,4.8445783,-11.308928,-10.617829,-10.781012,-6.3102956,-8.961274
547_left.jpg,547,0,0,0,1,0,0,0,1,-6.4549465,-9.816806,-8.556418,9.989764,-3.4581156,-11.483814
549_left.jpg,549,1,0,0,0,0,0,0,1,-2.2249942,-3.8744636,-9.164842,-5.935565,-5.998202,-8.916187
550_left.jpg,550,1,0,0,0,0,0,0,4,9.186465,-8.042677,-9.332079,-14.210406,-4.838575,-10.762015
551_left.jpg,551,1,0,0,0,0,0,0,4,5.4553204,-8.91711,-7.169058,-7.348487,-5.402039,-8.010156
552_left.jpg,552,0,0,0,0,0,0,0,2,-1.1922181,-3.0505786,-6.706421,-5.4887257,0.37447286,-4.675345
553_left.jpg,553,0,0,1,0,0,0,0,4,-5.5229735,-7.6196632,5.436859,-10.973834,-8.071299,-8.669217
554_left.jpg,554,0,0,0,0,0,0,1,3,-2.2282996,-5.2096157,-8.689573,-5.322105,-13.645809,-8.801666
555_left.jpg,555,0,0,0,0,0,0,0,1,-2.86601,-8.839497,-14.380188,-5.14132,-6.6649294,-11.559246
556_left.jpg,556,1,0,0,0,0,0,0,1,-1.5238304,-0.7760392,-11.910999,-11.596399,-5.9809494,-8.720739
557_left.jpg,557,0,0,0,0,0,0,0,1,-3.583135,-4.6902413,-9.07992,-0.5614135,-6.165071,-9.043431
558_left.jpg,558,1,0,0,0,0,0,0,3,7.2596035,-11.183315,-7.172219,-3.453345,-11.100816,-10.030303
559_left.jpg,559,0,0,0,0,0,0,1,4,0.07168714,-7.5341554,-7.8025494,-8.817972,-3.4424365,-8.464301
560_left.jpg,560,0,0,1,0,0,0,0,0,-4.957712,-6.7335253,4.3873305,-7.713118,-7.032631,-6.043383
561_left.jpg,561,0,0,0,0,1,0,0,2,1.2334135,-8.388626,-10.457561,-9.263227,0.022801593,-8.421905
562_left.jpg,562,1,0,0,0,0,0,0,2,1.1631008,-3.1399205,-4.844264,-6.979209,-2.0785942,-9.421583
563_left.jpg,563,1,0,0,0,0,0,0,0,0.18618861,-8.739788,-6.9236445,-8.845417,-3.674583,-7.6382856
564_left.jpg,564,0,0,0,1,0,0,0,2,-1.6361976,-7.672489,-7.989598,-4.8416533,-7.3091288,-8.403632
565_left.jpg,565,0,0,0,1,0,0,0,0,-6.3063025,-10.861901,-11.151698,11.693666,-12.965275,-10.75454
566_left.jpg,566,0,0,0,-1,0,0,0,2,-1.7851236,-5.877798,-6.8158026,-2.4195118,-5.0042524,-7.749768
567_left.jpg,567,1,0,0,0,0,0,0,0,-1.4125897,-10.333348,-4.923967,-6.9387765,-4.2920465,-7.8712444
569_left.jpg,569,1,0,0,0,0,0,0,3,7.6858335,-12.634806,-10.180834,-10.30616,-5.648009,-8.22607
570_left.jpg,570,0,0,0,0,0,0,1,1,-3.3019392,-8.19293,-7.126287,-3.5442631,-10.478535,-6.523984
571_left.jpg,571,0,0,0,0,1,0,0,1,-0.2868091,-8.451095,-9.136632,-9.441118,-2.098101,-9.966723
572_left.jpg,572,0,0,0,1,0,0,0,0,-8.334883,-9.280087,-8.806736,0.8021138,-9.802318,-13.252444
573_left.jpg,573,0,0,0,0,0,0,1,4,-2.0357232,-8.559168,-7.553389,-5.608094,-8.949647,-10.586557
574_left.jpg,574,1,0,0,0,0,0,0,1,5.245592,-14.012525,-13.290625,-7.5842733,-14.800956,-12.941093
575_left.jpg,575,0,0,0,0,0,0,1,1,-1.7376117,-6.861839,-8.431314,-6.5670033,-4.16858,-8.024065
576_left.jpg,576,1,0,0,0,0,0,0,3,5.6950274,-7.0120945,-6.6200037,-5.2069488,-6.7558074,-10.440701
578_left.jpg,578,1,0,0,0,0,0,0,2,0.6389401,-2.9824924,-10.036964,-6.578905,-2.648244,-5.8835382
579_left.jpg,579,0,0,0,0,0,0,0,3,1.1769956,-2.0546777,-8.216747,-7.350529,-5.707745,-8.86067
580_left.jpg,580,0,0,0,0,0,0,1,3,0.58862823,-9.23429,-7.145181,-5.087505,-9.385486,-10.805757
582_left.jpg,582,1,0,0,0,0,0,0,4,7.373246,-6.1484056,-8.335169,-8.383651,-1.3645427,-7.5125823
583_left.jpg,583,0,1,0,0,0,0,0,3,0.2915882,-0.5676199,-7.3613043,-10.016432,-9.336185,-7.624329
584_left.jpg,584,0,0,0,0,0,0,0,4,-2.205374,-9.017364,-8.923877,-8.949551,-6.9458714,-14.004141
585_left.jpg,585,0,0,0,0,0,0,0,4,-3.6757808,-5.9949346,-0.4143039,-6.253446,-8.983223,-7.907729
587_left.jpg,587,0,0,0,0,0,0,0,2,-2.2523534,-5.124864,-7.0415006,-3.2462072,-1.610871,-9.4054575
588_left.jpg,588,0,0,0,0,0,0,1,1,-1.2355874,-10.83566,-6.724898,-6.503272,-1.037378,-10.482239
589_left.jpg,589,0,0,0,0,0,0,1,1,-0.81117034,-5.3442345,-6.683582,-9.360289,-6.1167197,-9.445243
590_left.jpg,590,0,0,0,0,0,0,0,2,-2.0077178,-9.825441,-7.1748624,-9.67956,-4.797826,-8.363722
591_left.jpg,591,0,0,0,0,0,0,1,4,-3.7369819,-0.14192428,-13.40203,-9.803215,-11.408393,-11.612655
594_left.jpg,594,0,0,1,0,0,0,0,3,-4.177361,-7.2695265,3.677479,-7.286224,-8.265107,-7.6821117
595_left.jpg,595,1,0,0,0,0,0,0,1,-1.8191136,-3.435964,-4.71365,-6.7908564,-10.625235,-8.875897
596_left.jpg,596,0,0,0,-1,0,0,0,3,-1.6897535,-13.483922,-11.639363,-7.1404796,-3.692852,-10.157451
597_left.jpg,597,1,0,0,0,0,0,0,4,0.30309924,-7.7279935,-9.819084,-7.0064106,-5.561133,-9.306127
598_left.jpg,598,1,0,0,0,0,0,0,4,0.13625546,-5.0706997,-9.572557,-3.3499358,-7.087245,-10.423615
599_left.jpg,599,0,0,0,0,0,0,1,2,0.16588655,-4.904695,-5.9475517,-6.9659038,-3.3024607,-11.777265
600_left.jpg,600,1,0,0,0,0,0,0,1,5.6102004,-8.092054,-9.632612,-10.228739,-7.6577687,-11.412229
601_left.jpg,601,1,0,0,0,0,0,0,3,-2.9611175,-3.8731933,-9.247351,-1.6057897,-6.1494293,-10.404312
602_left.jpg,602,0,0,0,0,0,0,0,2,0.6697669,-3.986089,-6.867353,-8.713035,-7.0518913,-7.721338
603_left.jpg,603,0,0,0,1,0,0,0,3,4.8845925,-4.747329,-12.037961,-2.4503653,-11.206061,-2.433429
604_left.jpg,604,1,0,0,0,0,0,0,0,10.148902,-4.8698473,-10.70053,-5.8617773,-14.302641,-11.167138
605_left.jpg,605,1,0,0,0,1,0,0,2,3.6417592,-14.5848875,-9.972589,-7.5703006,1.6611686,-9.092092
606_left.jpg,606,0,0,0,0,0,0,1,0,-4.2915626,-7.266906,-8.000539,-5.5760727,-9.022744,-9.487892
607_left.jpg,607,1,0,0,0,0,0,0,2,7.2124352,-7.573464,-11.042294,-10.033109,-8.898001,-12.797634
608_left.jpg,608,0,0,0,1,0,0,0,2,0.2588231,-4.895923,-8.040325,4.762292,-5.4222784,-9.376524
609_left.jpg,609,1,0,0,0,0,0,0,3,6.6526904,-8.065546,-9.959303,-7.4019756,-7.251265,-9.232984
610_left.jpg,610,0,0,0,0,0,0,1,3,1.8733943,-6.4423323,-7.2656646,-6.724047,-3.1191735,-9.476025
611_left.jpg,611,0,0,1,0,0,0,0,2,-2.6715667,-12.425356,-5.7907286,-1.852938,-8.900097,-9.753528
613_left.jpg,613,0,0,0,0,0,0,0,4,-3.052031,-6.7878404,-8.25235,-10.497423,-8.193602,-8.457027
614_left.jpg,614,0,0,0,1,0,0,0,3,-0.49023372,-2.1190972,-10.335427,-2.6296625,-7.845833,-10.951247
615_left.jpg,615,0,0,0,1,0,0,0,1,-2.462838,-9.499151,-9.85494,-5.5196342,-14.312719,-10.914157
616_left.jpg,616,1,0,0,0,0,0,0,4,-1.6874311,-5.359918,-9.332054,0.47187477,-9.293246,-5.275099
617_left.jpg,617,0,0,0,0,0,0,1,1,0.70010203,-8.395117,-8.31654,-4.859328,-2.064449,-11.837678
618_left.jpg,618,0,0,0,0,0,0,0,1,0.077687986,-9.282689,-9.192488,-2.9283063,-4.9081154,-6.918075
619_left.jpg,619,1,0,0,0,0,0,0,2,1.3012193,-4.970933,-7.209321,-5.941012,3.0781379,-6.672825
620_left.jpg,620,0,0,0,0,0,0,1,3,-3.580573,-9.293928,-5.4831266,-12.865032,-5.3922124,-11.96419
621_left.jpg,621,1,0,0,0,0,0,0,0,0.46232414,-9.763046,-10.198102,-8.406713,-10.947162,-9.4327755
622_left.jpg,622,1,0,0,0,0,0,0,3,2.6261008,-9.738311,-8.216994,-5.7151723,-3.8870072,-8.958357
623_left.jpg,623,0,0,0,0,0,0,0,4,-1.0898037,-8.817072,-9.091156,-7.4740543,-7.3229074,-3.9634326
625_left.jpg,625,0,-1,1,0,0,0,0,4,-3.991378,-4.4642153,-3.6832225,-9.508654,-7.6769094,-11.046308
627_left.jpg,627,1,0,0,0,0,0,0,1,0.55383855,-4.7561064,-6.829105,-4.014319,-5.844321,-11.360223
628_left.jpg,628,0,0,0,0,0,0,0,3,-5.778933,-5.4517384,-5.35571,6.9092436,-6.58215,-12.221448
629_left.jpg,629,0,0,1,0,0,0,0,3,-2.2999907,-2.5912535,-1.4561509,-5.6985145,-8.479423,-11.302645
630_left.jpg,630,1,0,0,0,0,0,0,3,-1.6053292,-7.3343153,-5.8437643,-6.568974,-3.2306123,-12.450066
632_left.jpg,632,0,0,0,0,0,0,0,0,-0.7334133,-7.28151,-7.0806036,-7.4060583,-11.681898,-8.711635
633_left.jpg,633,0,0,0,0,0,0,1,4,1.4003055,-10.123192,-10.617081,-8.916614,-6.9963913,-11.644404
634_left.jpg,634,1,0,0,0,0,0,0,1,8.107321,-11.008072,-8.403094,-8.502434,-7.0937076,-9.777942
635_left.jpg,635,1,0,0,0,0,0,0,3,-3.567987,-4.3259892,-4.4170136,-6.572562,-10.05755,-7.8507433
636_left.jpg,636,0,0,0,0,0,0,0,4,-4.4757047,-5.7826896,-7.9597406,-7.989461,-8.033639,-7.202802
638_left.jpg,638,0,0,0,1,0,0,0,1,-0.10771167,-9.202481,-9.8736515,1.3462024,-10.571972,-11.103655
639_left.jpg,639,1,0,0,0,0,0,0,4,2.2520585,-9.11583,-9.218293,-9.461129,-11.131421,-13.307266
640_left.jpg,640,0,0,0,0,0,0,0,1,-1.4548877,-3.744145,-4.1903286,-4.444436,-3.091518,-7.8883114
641_left.jpg,641,0,0,0,0,0,0,1,2,-2.6199741,-1.639862,-10.23791,-9.320371,-9.774304,-9.259161
642_left.jpg,642,1,0,0,0,0,0,0,3,7.5174685,-5.176117,-8.878145,-6.931202,-3.192367,-5.1331787
643_left.jpg,643,0,0,0,0,0,0,1,3,-0.6930867,-10.208237,-11.357399,-6.569648,-4.6980476,-13.598559
644_left.jpg,644,0,0,0,0,0,0,0,2,-2.4632277,-4.7439165,-0.8039255,-5.6554375,-8.581094,-8.502337
645_left.jpg,645,0,0,0,0,0,0,0,2,0.9845234,-4.6902795,-5.1153235,-3.866161,-3.6845038,-4.9277596
646_left.jpg,646,0,0,0,0,0,0,0,3,0.51809055,-14.037389,-9.623655,-4.786275,-7.0053883,-10.882145
647_left.jpg,647,1,0,0,0,0,0,0,0,5.4688935,-4.014208,-7.450564,-8.427537,-4.6405797,-10.787975
648_left.jpg,648,1,0,0,0,0,0,0,2,3.2221072,-14.692009,-11.90185,-2.634498,-8.114267,-6.8429685
649_left.jpg,649,0,0,0,0,0,0,1,3,-0.85455877,-9.88904,-7.3898606,-4.818236,-10.58693,-12.514581
650_left.jpg,650,0,0,0,0,0,0,1,2,-3.286496,-2.705708,-2.4448545,-5.640909,-4.649393,-6.600853
651_left.jpg,651,0,0,0,1,0,1,0,3,-2.9619122,-6.913924,-7.9887934,-2.3342905,-8.639569,-4.411401
652_left.jpg,652,0,0,0,0,0,0,0,4,1.0252275,-14.916234,-9.210315,-6.4996123,-12.98157,-11.34516
653_left.jpg,653,1,0,0,0,0,0,0,1,-1.7525561,-9.131023,-6.570438,-8.285023,-9.363276,-3.7069652
654_left.jpg,654,1,0,0,0,0,0,0,0,-1.9405556,-4.822969,-5.2977567,-7.1389356,-2.9207075,-6.829134
655_left.jpg,655,0,0,0,0,0,0,0,3,-0.1548479,-9.747988,-4.0641584,-7.0499334,-11.822366,-11.2348
657_left.jpg,657,0,0,0,0,0,0,0,1,-2.4214983,-5.2921457,-6.704831,-3.66109,-3.6397438,-10.149632
658_left.jpg,658,0,0,0,0,0,0,1,2,-3.6014595,-5.969919,-9.711999,-8.604576,-6.862919,-8.051515
659_left.jpg,659,0,0,0,0,0,0,0,1,-2.8842375,-6.365889,-15.673951,-0.21514763,-5.458474,-3.0322187
660_left.jpg,660,1,0,0,0,0,0,0,2,-2.0989506,-0.68238604,-9.35711,-10.490021,-2.512845,-10.059568
661_left.jpg,661,0,0,0,-1,0,0,0,4,-3.2781684,-10.220311,-10.063642,0.89666367,-11.939392,-10.1232
662_left.jpg,662,0,0,0,0,0,0,1,4,-3.1048934,-7.820223,-5.129235,-6.296923,-7.411953,-7.663622
664_left.jpg,664,1,0,0,0,0,0,0,1,5.0751433,-8.65839,-4.668761,-7.1117473,-8.013795,-10.38625
665_left.jpg,665,0,0,0,0,0,0,0,3,-0.90443414,-12.934329,-11.913998,-3.55296,-7.432366,-7.6356945
666_left.jpg,666,0,0,0,-1,0,0,0,3,-2.3015308,-6.583448,-3.4358382,-4.1801295,-7.189566,-11.729646
667_left.jpg,667,1,0,0,0,0,0,0,4,0.65966386,-1.5549235,-7.55041,-8.78851,-3.7331107,-8.342405
668_left.jpg,668,0,0,0,0,0,0,0,0,0.66288215,-7.626202,-11.19766,-7.724794,-4.868937,-6.549177
669_left.jpg,669,1,0,0,0,0,0,0,3,-2.2987366,-7.9526215,-6.123124,-11.91115,-3.6852517,-12.344642
670_left.jpg,670,0,0,0,0,0,0,0,2,-0.2634688,-7.8078566,-10.967367,-2.5931618,-7.299029,-8.591785
671_left.jpg,671,0,0,0,0,0,0,1,3,0.66179985,-5.5201,-8.311717,-6.6439734,-6.814161,-6.1767683
672_left.jpg,672,0,0,0,0,0,0,0,3,1.0287368,-7.347077,-7.538721,-5.8632126,0.0034678136,-8.862936
674_left.jpg,674,0,0,0,-1,0,0,0,0,-6.4494853,-6.822512,-9.228214,0.928631,-10.234882,-8.458896
675_left.jpg,675,0,0,0,0,1,0,0,1,-3.543206,-0.9292144,-9.832926,-9.435385,-4.842763,-6.295338
676_left.jpg,676,0,0,0,0,0,0,0,4,-3.716027,-7.6493382,-5.3655143,-3.9345725,-4.781186,-7.428666
677_left.jpg,677,1,0,0,0,0,0,0,2,2.2832606,-9.3069515,-9.212019,-5.2532783,-9.7302685,-8.056103
678_left.jpg,678,1,0,0,0,0,0,0,3,5.658582,-5.9953885,-8.984965,-5.2868104,5.165819,-7.5355334
680_left.jpg,680,0,0,0,0,0,0,0,1,-6.097493,-7.7896175,-10.062115,-3.1477964,-8.2939005,-7.7735896
681_left.jpg,681,0,0,0,1,0,0,0,3,0.5596091,-9.868955,-12.186293,-6.5732265,-12.273951,-8.26869
682_left.jpg,682,1,0,0,0,0,0,0,1,-1.5245048,-2.8937738,-6.891123,-5.6316686,-1.9697056,-8.139197
683_left.jpg,683,0,0,0,0,0,0,1,3,-4.889825,-6.6378913,-10.456013,-10.051272,-14.984287,-13.50062
684_left.jpg,684,1,0,0,0,0,0,0,4,5.2432227,-6.639272,-6.320679,-9.49339,-8.520327,-8.358191
685_left.jpg,685,0,0,0,0,0,0,0,4,-1.2602711,-5.787961,-10.597552,-17.141169,-9.048544,-12.9813175
686_left.jpg,686,0,0,0,0,1,0,0,0,-2.6430478,-5.866839,-5.0982895,-6.5208745,-1.5508025,-5.4278946
687_left.jpg,687,1,0,0,0,0,0,0,1,6.8421063,-9.172701,-13.014581,-9.125088,-4.656011,-5.910572
688_left.jpg,688,1,0,0,0,0,0,0,0,1.9339421,-0.19979608,-4.056805,-4.7100525,-2.2943063,-6.131765
689_left.jpg,689,0,0,0,0,0,0,0,4,1.3988011,-7.2731814,-8.982734,-13.400184,-8.845799,-10.779207
690_left.jpg,690,1,0,0,0,0,0,0,0,-0.2939122,-12.738036,-8.534439,-6.949886,-7.5550914,-11.102371
691_left.jpg,691,0,0,1,0,0,0,0,0,-5.208028,-5.149596,5.108769,-6.5026145,-6.867426,-4.289448
692_left.jpg,692,1,0,0,0,0,0,0,1,6.916465,-1.4979188,-7.3549557,-0.6394764,-6.438072,-6.6142483
693_left.jpg,693,0,0,0,0,0,0,0,3,-0.70452404,-3.0638382,-8.192767,-3.184241,-8.127905,-8.36514
694_left.jpg,694,0,0,0,0,0,0,0,4,-0.35917264,-4.273525,-10.620301,-5.6764927,-10.301309,-9.9689045
695_left.jpg,695,0,0,0,0,0,0,1,3,1.3199017,-12.981792,-8.9321165,-8.056834,-3.465487,-11.3197565
696_left.jpg,696,0,0,0,0,0,0,0,2,-2.1079564,-7.2716403,-4.286205,-3.944688,-6.548598,-10.1382065
697_left.jpg,697,1,0,0,0,0,0,0,1,-0.9441179,-4.665499,-13.812872,-5.386715,-0.5703802,-7.1767807
698_left.jpg,698,1,0,0,0,0,0,0,2,-3.2501044,-5.18949,-7.925964,-4.860761,-4.195075,-7.0472174
699_left.jpg,699,0,0,0,0,0,0,0,4,0.5817542,-2.3268058,-11.05958,-8.114956,-12.212415,-10.813495
700_left.jpg,700,1,0,0,-1,0,0,0,3,-3.408837,-7.0874667,-5.3786607,-4.1519613,-9.676384,-14.948315
701_left.jpg,701,0,0,0,0,0,0,1,4,-2.2421842,-5.267687,-6.2927876,-5.4110312,-7.6679187,-11.67945
702_left.jpg,702,0,0,0,0,0,0,1,1,-4.238261,-7.0776973,-9.403766,-8.530253,-11.410156,-8.554429
703_left.jpg,703,1,0,0,0,0,0,0,1,-1.1960555,-8.766632,-6.429189,-4.4912133,-5.999328,-9.958172
704_left.jpg,704,0,0,0,-1,0,0,0,0,-3.2184482,-14.695192,-12.048876,-3.0706677,-8.218045,-11.383662
707_left.jpg,707,1,0,0,0,0,0,0,3,8.6836195,-5.6005783,-5.8105016,-7.3318834,-9.262866,-8.260091
708_left.jpg,708,0,0,0,0,0,0,0,1,0.5434489,-11.902978,-9.311686,-7.358131,0.9362726,-10.668863
709_left.jpg,709,1,0,0,0,0,0,0,3,-1.9099245,2.283892,-9.911725,-1.4715648,-4.097224,-8.712595
710_left.jpg,710,0,0,0,0,0,0,1,3,-3.9949095,-7.052724,-8.074602,-11.388764,-7.609127,-9.056558
711_left.jpg,711,0,0,0,-1,0,0,0,0,-2.8569355,-7.4250813,-4.0426564,-5.228629,-8.005123,-9.674
712_left.jpg,712,0,0,0,1,0,0,0,2,-1.787979,-7.645435,-9.939584,1.0058583,-6.2708125,-8.75064
713_left.jpg,713,1,0,0,0,0,0,0,1,1.1408513,-11.2700405,-12.491019,-5.748517,-10.290906,-8.46339
714_left.jpg,714,1,0,0,0,0,0,0,3,0.38922998,-6.810726,-11.177737,-13.439705,-9.024747,-15.051752
715_left.jpg,715,0,0,0,0,0,0,0,4,-3.2020037,-11.294358,-12.341037,-6.647317,-8.517052,-6.65251
716_left.jpg,716,0,0,0,0,0,0,1,0,-4.9239106,0.58004844,-10.764805,-12.035139,-9.013807,-4.1666155
717_left.jpg,717,0,0,0,-1,0,0,0,0,-2.868009,-3.5707746,-9.648265,-6.424112,-2.525525,-12.233447
718_left.jpg,718,1,0,0,0,0,0,0,2,4.8645086,-8.401952,-8.191499,-5.591002,-4.458106,-11.859776
719_left.jpg,719,0,0,0,1,0,0,0,3,-2.5807753,-10.312438,-8.535316,-2.487506,-8.579618,-11.814882
721_left.jpg,721,0,0,0,0,0,0,0,4,-0.39929163,-7.3237934,-9.207126,-5.2035985,-1.6388216,-9.185606
722_left.jpg,722,1,0,0,0,0,0,0,1,-2.8169866,-4.096486,-6.5312614,-3.626384,-9.291126,0.4349768
723_left.jpg,723,0,0,0,0,1,0,0,2,2.9857068,-10.904872,-8.056097,-8.997454,3.4547093,-8.993578
724_left.jpg,724,0,0,0,0,0,0,1,2,-3.8877702,-9.594185,-9.358035,-1.5223267,-8.592655,-6.391326
725_left.jpg,725,0,0,0,-1,0,0,0,0,-1.9164581,-6.2489038,-11.5609045,-6.834301,-5.2083335,-9.54842
726_left.jpg,726,0,0,1,0,0,0,0,4,-7.310563,-8.68832,6.4335823,-8.587617,-8.578098,-10.508862
727_left.jpg,727,0,0,0,-1,0,0,0,3,-0.74099797,-5.6715946,-11.741045,2.481402,-10.419656,-10.627604
728_left.jpg,728,0,0,0,0,0,0,0,4,-0.4480756,-6.3782783,-11.095714,-6.117387,-9.183407,-11.489754
730_left.jpg,730,0,0,0,0,0,0,0,2,0.0417488,-9.06464,-6.3174944,-7.5103116,-4.592765,-8.978648
731_left.jpg,731,0,0,0,0,0,0,0,4,-4.7720556,-2.8703861,-5.5480733,-0.6674807,-6.156201,-10.124754
732_left.jpg,732,0,0,0,0,0,0,1,2,-1.6722591,-2.5684307,-5.724544,-6.732078,-5.685726,-10.651531
733_left.jpg,733,1,0,0,0,0,0,0,3,6.705444,-4.16623,-10.624541,-2.4738011,-4.0873,-9.195312
734_left.jpg,734,0,0,0,0,0,0,1,3,-1.8478787,-4.7996354,-8.223705,-5.772429,-10.262821,-12.10168
735_left.jpg,735,1,0,0,0,0,0,0,2,0.1917384,-7.37785,-7.8789353,-7.544442,-5.6031923,-10.910885
736_left.jpg,736,0,0,0,0,0,0,1,3,-0.79593736,-8.04285,-11.509974,-7.9886065,-11.739179,-8.287319
737_left.jpg,737,0,0,0,0,0,0,1,2,-3.6071308,-9.530156,-8.087624,-11.106257,-13.046031,-8.443307
738_left.jpg,738,0,0,0,0,0,0,0,4,-4.673968,-4.5687556,-7.8238015,4.087318,-5.284572,-7.8399873
739_left.jpg,739,0,0,0,-1,0,0,0,4,-2.2164228,-5.0554004,-9.776051,-9.6334305,-8.787243,-8.367253
740_left.jpg,740,0,0,0,0,0,0,1,3,-4.10375,-9.655348,-7.147412,-8.674372,-11.010355,-10.98721
741_left.jpg,741,0,0,0,0,0,1,0,1,-5.7966304,-7.1860857,-5.90138,-3.2324216,-6.2500744,5.6586394
742_left.jpg,742,0,0,0,0,0,0,0,1,2.0288622,-2.4737084,-6.823766,-1.5542539,-5.6820164,-10.695249
743_left.jpg,743,1,0,0,0,0,0,0,2,-0.2624458,-9.272407,-7.562825,-9.476419,-5.9022517,-10.66277
744_left.jpg,744,1,0,0,0,0,0,0,2,7.136806,-7.199438,-6.8450894,-7.1625814,-6.51857,-9.522826
745_left.jpg,745,1,0,0,0,0,0,0,0,-0.6841632,-9.613104,-10.428482,-7.6580467,-9.770404,-11.630479
746_left.jpg,746,-1,-1,0,0,0,0,0,4,-3.1267872,-0.7829961,-5.7253404,-6.815741,-5.1126404,-7.6667576
747_left.jpg,747,0,0,0,0,0,0,0,1,0.92555815,-6.0989676,-6.053328,-9.30277,-5.50938,-8.569392
748_left.jpg,748,1,0,0,0,0,0,0,3,0.759432,-9.398284,-8.445356,-9.696524,-2.6962624,-10.757129
749_left.jpg,749,0,0,0,0,0,0,0,2,2.330334,-10.540537,-6.0939355,0.7384043,-1.7883313,-14.772767
750_left.jpg,750,0,0,1,0,0,0,0,1,-5.909632,-6.1743994,7.3167167,-8.302007,-6.406858,-9.155223
752_left.jpg,752,1,0,0,0,0,0,0,2,-2.8482797,-5.273833,-9.651658,-0.11356488,-1.4706203,-9.792293
753_left.jpg,753,0,0,0,0,0,0,0,0,0.89799184,-8.174999,-10.596817,-2.3694575,-8.049794,-12.200227
754_left.jpg,754,-1,0,0,0,1,0,0,1,-0.24616787,-5.031614,-2.7475276,-1.3965492,-1.1293298,-8.038776
755_left.jpg,755,1,0,0,0,0,0,0,0,-2.8730125,-10.019689,-10.279679,-0.15296206,-7.998415,-6.137681
756_left.jpg,756,0,0,0,0,0,0,1,3,-3.0311797,-4.644411,-4.9999905,-5.596135,-4.572748,-8.590979
757_left.jpg,757,1,0,0,0,0,0,0,2,6.9740825,-2.4146214,-5.802271,-10.872605,-4.5408654,-10.318917
758_left.jpg,758,0,0,0,0,0,0,1,2,-1.7598584,-7.9224205,-4.5655766,-5.733102,-6.2489805,-11.331622
759_left.jpg,759,0,0,0,0,1,0,0,3,3.0212603,-14.068418,-7.2380953,-6.5969014,-0.32939544,-7.0884337
760_left.jpg,760,0,0,0,0,0,1,0,1,-4.5060043,-7.734064,-8.41312,-8.402808,-8.089424,6.2101707
761_left.jpg,761,0,0,0,1,0,0,0,3,-1.7546545,-2.4538765,-6.424989,0.6063641,-8.144097,-9.501815
762_left.jpg,762,1,0,0,0,0,0,0,3,-1.4964087,-7.731306,-11.204376,-4.7419324,-10.949429,-10.343785
763_left.jpg,763,1,0,0,0,0,0,0,4,8.615275,-11.8730545,-12.62538,-4.4794254,-13.225171,-11.410324
764_left.jpg,764,0,0,0,-1,0,0,0,3,-1.6455177,-4.856324,-8.858532,-2.5828006,-4.7322526,-8.384615
765_left.jpg,765,1,0,0,0,0,0,0,0,-0.23698725,-4.4626184,-5.5579863,-4.3214345,4.7530637,-5.531449
766_left.jpg,766,0,0,0,0,0,0,1,1,-0.45041126,-4.272808,-8.58026,-3.5326118,-2.8751166,-11.8756895
767_left.jpg,767,0,0,0,0,0,0,0,1,-0.8998487,-5.442565,-8.563343,-12.381911,-11.106065,-14.082972
769_left.jpg,769,1,0,0,0,0,0,0,0,0.29171762,-9.886144,-6.1785946,-9.557215,-2.073195,-9.68402
770_left.jpg,770,0,0,0,0,0,0,1,4,-0.5918483,-11.716158,-10.610291,-5.296171,-11.506333,-15.546475
771_left.jpg,771,0,0,0,0,0,1,0,0,-5.4975467,-10.844657,-9.190514,-6.887009,-9.180155,9.69602
772_left.jpg,772,0,0,0,0,0,0,0,0,-0.36285284,-7.508174,-9.117164,-11.346004,-6.763588,-3.1045163
773_left.jpg,773,0,0,0,0,0,0,0,0,-5.7550974,-6.8155184,-10.383032,-11.4462185,-5.851293,-10.540846
774_left.jpg,774,0,0,0,-1,0,0,0,4,-2.2473006,-7.5448036,-6.348227,-4.395262,-3.683134,-8.669374
775_left.jpg,775,1,0,0,1,0,0,0,0,0.5494382,-12.220581,-10.099503,2.0520031,-9.336897,-13.703902
776_left.jpg,776,0,0,0,-1,0,0,0,3,-2.2563934,-7.007162,-8.47293,-4.047908,-8.253721,-10.781914
777_left.jpg,777,0,0,0,0,1,0,0,3,-1.6793401,-3.7508717,-7.581656,-8.196283,-2.2831419,-9.255052
778_left.jpg,778,1,0,0,0,0,0,0,3,0.20480214,-3.942504,-10.476196,-4.612653,-8.340708,-11.4533
779_left.jpg,779,1,0,0,0,0,0,0,2,-3.0277095,-6.567355,-8.799955,-6.828862,-4.087846,-7.319328
780_left.jpg,780,0,0,0,0,0,0,0,2,2.1351554,-9.284986,-9.813879,-10.891748,-5.727233,-9.542359
781_left.jpg,781,0,0,0,0,0,0,1,3,-1.8319662,-12.449471,-8.597133,-10.138072,-10.741323,-10.728626
782_left.jpg,782,0,0,0,0,0,0,0,1,-0.69419897,-7.8983107,-6.6400523,-0.38041323,-6.70186,-11.655845
783_left.jpg,783,1,0,0,0,1,0,0,2,-1.0361203,-6.111053,-8.193504,-5.770401,6.10179,-7.917945
784_left.jpg,784,1,0,0,0,0,0,0,1,10.638047,-8.316958,-10.917488,-12.576793,-9.7388525,-8.373288
785_left.jpg,785,0,0,0,0,0,0,1,4,-1.9233652,-6.4838314,-7.745516,-6.3285713,-11.739811,-3.9057925
786_left.jpg,786,1,0,0,0,0,0,0,4,7.261468,-8.859248,-5.9390945,-9.442724,0.6552436,-5.9536304
787_left.jpg,787,1,0,0,0,0,0,0,4,-0.43066826,-5.149039,-4.7498264,-10.00989,-1.4384998,-11.226682
788_left.jpg,788,0,0,0,1,0,0,0,0,-5.8045483,1.1615238,-9.24818,10.299317,-4.3196106,-4.1654377
789_left.jpg,789,0,0,0,0,0,0,1,4,-1.7859797,-11.661549,-15.110088,-13.633684,-6.398234,-12.924601
790_left.jpg,790,0,0,0,0,1,0,0,1,-4.816533,-3.2137296,-4.861537,-4.017403,-6.8302474,-7.358047
791_left.jpg,791,1,0,0,0,0,0,0,4,9.024172,-9.804743,-10.501461,-9.503284,-10.353304,-13.14063
792_left.jpg,792,1,0,0,0,0,0,0,2,2.648377,-9.497678,-5.1658845,-9.591692,-9.049454,-6.6138797
794_left.jpg,794,1,0,0,0,0,0,0,2,6.832638,-11.750584,-8.400591,-5.8568335,-6.7191186,-14.500037
796_left.jpg,796,1,0,0,0,0,0,0,3,11.048835,-7.0276713,-4.2059827,-9.631771,-9.262406,-9.484564
798_left.jpg,798,0,0,0,-1,0,0,0,3,-2.6541436,-6.2997074,-11.087356,-6.0378475,-7.0162983,-9.785202
799_left.jpg,799,1,0,0,0,0,0,0,4,6.115794,-4.586249,-8.365697,-10.30522,-2.6870396,-9.517903
800_left.jpg,800,0,0,0,0,0,0,1,1,-1.4941616,-5.205255,-6.197716,-10.345298,-6.946954,-11.576093
801_left.jpg,801,1,0,0,0,0,0,0,0,1.2278236,-7.2835855,-8.202719,-8.259311,-6.3842845,-10.906552
802_left.jpg,802,0,0,0,0,0,0,0,3,0.20857845,-9.163969,-8.534686,-5.7431436,-9.749076,-11.663318
803_left.jpg,803,0,0,0,0,0,0,1,2,-1.0829157,-5.2877817,-6.487508,2.993452,-4.958232,-7.616482
804_left.jpg,804,0,0,0,0,0,0,1,4,-0.00040846592,-10.020393,-8.199155,-10.560996,-9.870253,-9.124052
805_left.jpg,805,0,0,0,0,0,0,0,1,-3.1017244,-9.041985,-11.870835,4.8815417,-9.010391,-7.8899307
806_left.jpg,806,1,0,0,0,0,0,0,1,0.04792811,-6.8029027,-6.1937857,-5.1757855,-3.8365707,-9.494709
807_left.jpg,807,1,0,0,0,0,0,0,4,0.0054044193,-10.047495,-6.096671,-5.15358,-4.7397594,-3.9909515
808_left.jpg,808,1,0,0,0,0,0,0,0,-0.86072236,-8.571847,-9.408639,-5.7154408,-6.65946,-9.27749
809_left.jpg,809,0,0,1,0,0,0,0,3,-4.491922,-8.369876,6.406258,-6.580037,-8.883927,-7.7916446
810_left.jpg,810,0,0,0,0,0,0,1,0,-0.17650655,-6.837556,-7.702253,-8.907559,-7.9247193,-9.260799
812_left.jpg,812,1,0,0,0,0,0,0,2,10.448616,-9.206307,-8.168228,-6.870671,-6.699013,-8.119931
813_left.jpg,813,1,0,0,0,0,0,0,3,1.467653,-6.697261,-8.064584,-1.905848,-10.24275,-6.6814065
814_left.jpg,814,0,0,0,-1,0,0,0,2,-0.65906394,-4.289589,-10.66818,-0.38260326,-4.086406,-10.521705
815_left.jpg,815,0,0,0,1,0,0,0,2,-3.8422608,-7.053417,-7.7297506,-3.7039258,-1.1079413,-8.675669
816_left.jpg,816,0,0,0,0,1,0,0,2,0.22115132,-2.7229924,-11.205525,-7.8522034,-8.315418,-7.558315
817_left.jpg,817,1,0,0,0,0,0,0,0,-2.2003977,-10.002954,-8.274126,-3.912424,-13.070333,-5.959363
818_left.jpg,818,1,0,0,0,1,0,0,1,2.7661426,-8.96224,-7.964668,-9.949222,3.0991216,-9.808853
820_left.jpg,820,0,0,1,0,0,0,0,1,-6.7524242,-5.6764956,5.083821,-10.2710285,-6.034724,-6.370352
821_left.jpg,821,0,0,0,1,0,0,0,3,-3.7347522,-8.756675,-7.24718,0.5579678,-7.2729177,-11.850673
822_left.jpg,822,0,0,0,0,0,0,1,1,-2.46015,-12.152478,-7.6233187,-5.8404174,-6.827655,-9.699743
824_left.jpg,824,0,0,1,0,0,0,0,2,-3.2221503,-5.806532,0.71772206,-5.9499664,-5.2499957,-7.152309
825_left.jpg,825,1,0,0,0,0,0,0,1,0.72217745,-9.819689,-10.083891,-7.780408,-9.678339,-9.575743
826_left.jpg,826,0,0,0,0,1,0,0,0,6.2640357,-10.105728,-10.906203,-9.260733,-6.027618,-12.033439
827_left.jpg,827,0,0,0,0,0,0,1,4,-4.1065097,-9.726237,-5.719296,-6.0401087,-3.1461585,-9.587185
828_left.jpg,828,0,0,0,0,0,0,1,4,-3.1058981,-11.827906,-8.433275,-5.939838,-8.255584,-4.4580693
829_left.jpg,829,0,0,0,0,0,0,0,1,-2.847603,-5.117383,-1.9929799,-5.3656354,-7.8113585,-7.5960755
830_left.jpg,830,0,0,0,0,0,0,0,4,1.7183907,-11.484664,-13.167347,-5.2553363,-8.706862,-12.133247
831_left.jpg,831,0,0,0,0,0,1,0,4,-2.948281,-4.4772663,-11.624003,-10.117985,-15.505504,1.214517
832_left.jpg,832,0,0,0,0,0,0,1,3,-0.6705648,-11.772178,-7.626742,-7.7734456,0.16620417,-10.023745
834_left.jpg,834,0,0,0,0,0,0,1,0,1.4219408,-8.152186,-5.395406,-6.6750875,-7.090341,-8.3354645
835_left.jpg,835,0,0,0,0,0,0,1,4,-4.653756,-4.008479,-4.875308,-5.196477,-6.089401,-8.332253
836_left.jpg,836,1,0,0,0,0,0,0,3,-0.97082585,-7.9358134,-9.172743,0.15044524,-6.541826,-6.349445
837_left.jpg,837,0,0,0,-1,0,0,0,4,-3.1569421,-9.363376,-9.852868,-5.2687836,-6.5053806,-10.491847
838_left.jpg,838,0,0,0,-1,0,0,0,4,1.2900382,-5.844274,-3.9917803,-3.7942028,-4.8950377,-11.376166
839_left.jpg,839,1,0,0,0,0,0,0,2,2.1933587,-10.929292,-11.432119,-9.817462,-7.904117,-12.267573
842_left.jpg,842,1,0,0,0,0,0,0,1,-3.0309439,-2.8348207,-8.582668,-5.0075226,-8.712821,-10.772577
846_left.jpg,846,0,0,0,0,0,0,0,4,-2.351351,-5.522449,-3.8048205,-7.2768607,-5.4044056,-6.667472
847_left.jpg,847,0,0,0,1,0,0,0,2,-0.12632635,-6.0460687,-6.715954,-8.512985,-8.766262,2.9250648
848_left.jpg,848,0,0,0,0,0,0,0,4,-2.7526186,-6.753411,-10.889008,-11.225937,-8.918044,-6.7381663
849_left.jpg,849,0,0,0,0,1,0,0,4,5.218106,-6.2605224,-6.0518255,-8.3463335,-1.7741711,-9.653018
850_left.jpg,850,1,0,0,0,0,0,0,1,1.9257344,-3.2324655,-4.5096126,-6.0911703,-5.1216393,-10.954084
852_left.jpg,852,0,0,0,1,0,0,0,1,-3.379232,-5.1998267,-9.423437,3.1557376,-9.087623,-6.9804287
853_left.jpg,853,0,0,0,0,0,0,0,1,-0.036436677,-10.206033,-10.699412,-0.09407768,-7.649194,-10.284632
854_left.jpg,854,0,0,0,0,0,0,1,0,-2.032666,-9.773399,-6.4378996,-9.420496,-5.07394,-8.549705
855_left.jpg,855,0,0,0,1,0,0,0,1,-0.2597811,-9.765082,-8.081951,-4.576866,-9.612416,-10.9806185
856_left.jpg,856,0,0,0,0,0,0,0,0,-3.9598534,-8.88696,-5.78115,-7.7959394,-11.560693,-8.174711
857_left.jpg,857,1,0,0,0,0,0,0,2,3.3716269,-0.68212765,-11.5747,-1.910147,-8.8692875,-10.058208
858_left.jpg,858,0,0,0,-1,0,0,0,3,-2.4750545,-6.23693,-5.021097,-6.229352,-8.779529,-9.16816
859_left.jpg,859,0,0,0,0,0,0,1,4,0.40286964,0.47394285,-7.473585,-6.3135033,-1.6611747,-11.499105
860_left.jpg,860,1,0,0,0,0,0,0,4,7.626538,-2.7432375,-8.844261,-14.77954,-6.5100446,-12.436508
861_left.jpg,861,0,0,0,0,1,0,0,1,10.098931,-6.5256114,-2.6362631,-8.227085,-2.0667517,-2.4686885
862_left.jpg,862,0,0,0,0,0,0,0,3,-1.7934154,-5.866416,-8.240665,-7.8638268,-8.654985,-6.3609157
864_left.jpg,864,1,0,0,0,0,0,0,3,2.929151,-9.838766,-10.157901,-8.45881,-5.7627835,-5.378438
865_left.jpg,865,1,0,0,-1,0,0,0,4,-2.733176,-2.794645,-2.6980731,-11.573369,-2.6700706,-10.049477
866_left.jpg,866,0,0,0,0,0,0,1,4,-2.5568106,-3.1491053,-10.970851,-8.527384,-10.232766,-8.98726
867_left.jpg,867,0,0,0,0,0,0,0,0,-6.0145183,-6.3205614,-9.8102455,2.7126594,-10.388346,-6.7775493
868_left.jpg,868,0,0,0,0,0,0,0,1,-5.318189,-7.4806647,-10.012995,-5.427262,-9.805207,-7.4605284
869_left.jpg,869,0,0,0,0,0,0,1,4,-5.132452,-6.843664,-12.13882,-17.461748,-12.022464,-14.459581
870_left.jpg,870,0,0,0,1,0,0,0,4,-6.697297,-8.1101675,-10.6200485,2.1614304,-7.3364053,-13.275698
871_left.jpg,871,1,0,0,0,0,0,0,4,1.6375829,-4.3414865,-2.1696272,-5.698178,-6.8397675,-10.186702
872_left.jpg,872,0,0,0,0,0,0,0,2,-0.87687194,-8.199432,-10.010472,-8.1846285,-6.5287123,-6.4508824
873_left.jpg,873,0,0,0,-1,0,0,0,3,-5.108141,-7.0523367,-8.985128,-8.614722,-6.3367248,-13.598505
874_left.jpg,874,1,0,1,0,0,0,0,3,-2.7887392,-5.9651494,2.611013,-5.5542126,-8.821541,-8.046922
875_left.jpg,875,0,0,0,0,0,0,0,3,-0.70629907,-10.319936,-10.738249,-10.418757,-10.090053,-11.307592
876_left.jpg,876,0,0,0,0,0,0,0,0,0.16136774,-10.162228,-6.8515134,-5.839221,-2.3866112,-8.454798
877_left.jpg,877,0,0,0,0,0,0,1,3,-4.7930336,1.0620083,-1.2154882,-6.862847,-9.72308,-6.4692
878_left.jpg,878,0,0,0,0,0,0,0,3,-0.43157643,-10.806744,-7.64005,-8.172231,-6.6219716,-8.661978
879_left.jpg,879,0,0,0,-1,0,0,0,4,0.94161224,-6.884964,-8.35118,-3.7431831,-4.6578355,-5.5128503
880_left.jpg,880,0,0,0,-1,0,0,0,4,-1.7144146,-10.23258,-11.363939,-8.694761,-15.094026,-17.534096
881_left.jpg,881,1,0,0,0,0,0,0,3,-1.4349582,-4.5863986,-6.1055317,-9.022001,-2.9336076,-9.437378
883_left.jpg,883,0,0,0,-1,0,0,0,2,-3.7821589,-7.2462153,0.38127023,-4.630493,-6.405793,-10.418467
884_left.jpg,884,0,0,0,0,0,0,0,4,-0.14873216,5.542152,-9.90692,-0.43580562,-3.094972,-11.779155
885_left.jpg,885,0,0,0,0,0,0,1,1,0.86696637,-5.809073,-4.5379114,-11.628751,-7.204852,-11.265857
886_left.jpg,886,0,0,0,0,0,0,0,2,-1.7179703,-5.500562,0.6747809,-7.4895205,-5.5170674,-7.131658
887_left.jpg,887,0,0,0,0,0,0,0,3,-1.3536013,-4.646992,-7.4533153,-6.930279,-5.3465385,-9.505276
888_left.jpg,888,0,0,0,1,0,0,0,2,-5.248548,-7.281949,-11.277068,0.93156296,-9.313114,-11.591004
889_left.jpg,889,0,0,0,1,0,0,0,2,1.2488718,-11.067219,-13.217689,-2.5809963,-11.344173,-6.861761
890_left.jpg,890,1,0,0,0,0,0,0,3,3.4341598,-3.7381392,-5.5938907,-6.2949,-5.8556957,-9.178084
891_left.jpg,891,0,0,0,-1,0,0,0,1,-0.8378352,-11.412929,-5.3857536,-9.54701,-10.843043,-9.885554
892_left.jpg,892,0,0,0,0,0,0,1,0,0.9386994,-7.703281,-7.191092,-10.439263,-2.1908462,-11.057681
893_left.jpg,893,0,0,0,0,0,0,0,1,0.79162264,-6.328751,-9.895057,-10.500681,-9.456964,-6.7680717
894_left.jpg,894,0,0,0,0,0,0,1,4,-2.6920967,-8.410196,-6.25831,-3.9557915,-1.1977819,-7.3652277
895_left.jpg,895,0,0,0,0,0,0,0,4,-3.3792598,-7.1504397,-10.086569,-3.1870344,-13.206452,-15.489594
896_left.jpg,896,0,0,0,0,0,0,1,1,-2.033768,-4.676488,-8.889788,-10.927048,-9.258757,-10.585204
897_left.jpg,897,0,0,0,0,0,0,0,0,1.888224,-6.2280865,-4.9233246,-5.59637,-5.6762867,-10.291452
898_left.jpg,898,1,0,0,0,0,0,0,0,-2.5332017,-6.484649,-9.806787,-7.419435,-6.9185066,-7.063811
899_left.jpg,899,0,0,0,-1,0,0,0,3,-0.37438884,-12.509254,-7.738745,-6.690523,-12.734262,-10.316115
900_left.jpg,900,0,0,0,0,0,0,1,4,-2.6908045,-8.21636,-9.948856,-10.910443,-9.928098,-10.642145
901_left.jpg,901,0,0,0,0,0,0,1,2,-1.5648776,-7.611901,-7.141453,-5.327601,-3.2344635,-6.1037197
902_left.jpg,902,0,0,0,0,0,0,0,4,-3.2598178,-6.7819433,-7.348512,-6.850417,-9.93703,-10.4130335
903_left.jpg,903,0,0,0,0,0,0,1,4,-2.0775633,-3.8238876,-9.90596,-11.893376,-9.228691,-10.86627
904_left.jpg,904,1,0,0,0,0,0,0,3,-2.8633728,-4.9641433,-10.982315,-8.72032,-10.72238,-12.85293
906_left.jpg,906,0,0,0,-1,0,0,0,4,0.089530766,-9.214418,-5.948718,-8.332489,-3.6307738,-10.388552
907_left.jpg,907,0,0,1,0,0,0,0,4,-4.371378,-9.424791,4.026765,-10.135376,-7.3379054,-7.6038284
909_left.jpg,909,0,0,0,0,0,0,0,4,-4.7975426,-8.234738,-10.084593,-9.471495,-0.90997666,-7.7010245
910_left.jpg,910,0,0,0,1,0,0,0,4,-5.8690057,-7.632606,-10.915158,-4.281085,-12.483832,-13.186081
911_left.jpg,911,1,0,0,0,0,0,0,1,-1.7909064,-10.100686,-7.72222,-8.422024,-12.578156,-7.043468
912_left.jpg,912,0,0,0,0,0,0,0,1,-0.7697446,-6.158271,-12.79072,-8.218411,-8.932129,-7.2562203
913_left.jpg,913,1,0,0,0,0,0,0,4,1.3776199,-11.65311,-8.289062,-6.4635606,-7.557889,-12.694716
914_left.jpg,914,1,0,0,0,0,0,0,1,4.7607517,-5.1923766,-6.199436,-5.920945,-3.7645645,-8.711981
915_left.jpg,915,0,0,0,0,0,0,1,0,-5.177912,-10.249924,-6.863417,-10.035334,-6.9003534,-10.594755
916_left.jpg,916,1,0,0,0,0,0,0,3,0.81974334,-7.452227,-8.968833,-9.1816,-2.3964913,-6.4500103
917_left.jpg,917,0,0,0,0,0,0,1,3,1.5944036,-8.771928,-7.1084766,-9.449856,-8.694577,-10.180555
918_left.jpg,918,0,0,0,0,0,0,0,3,0.2341562,-7.62653,-6.379992,-8.559796,-2.559096,-10.957187
919_left.jpg,919,0,0,0,0,0,0,0,3,-0.8144674,-3.423445,-6.612898,-6.1007867,-4.298588,-7.265357
920_left.jpg,920,1,0,0,0,0,0,0,0,8.913216,-8.211197,-12.95763,-5.9361806,-5.005615,-11.024298
921_left.jpg,921,0,0,0,-1,0,0,0,0,1.3607593,-9.457467,-7.04952,-12.801929,-7.4249463,-11.022958
922_left.jpg,922,0,0,0,0,0,0,0,1,1.1446095,-7.096484,-5.255609,-12.417599,-5.492117,-7.363868
923_left.jpg,923,1,0,0,0,0,0,0,3,0.41396892,-6.7355328,-7.5380235,-3.8602881,-8.636873,-6.7539344
924_left.jpg,924,0,0,0,0,0,0,1,0,-3.408333,-9.652752,-10.324481,-5.7111406,-8.255994,-7.974444
925_left.jpg,925,0,0,0,0,0,0,1,0,-2.8498516,-7.118203,-7.116719,-4.343517,-1.7070426,-6.842249
926_left.jpg,926,1,0,0,0,0,0,0,3,3.2861242,-6.7411933,-11.009285,-3.7720828,-6.9697237,-7.3464217
927_left.jpg,927,0,0,0,1,0,0,0,0,-4.2174773,-6.3672175,-12.380947,-0.8713935,-7.88484,-10.169631
928_left.jpg,928,0,0,0,-1,0,0,0,2,-1.7124344,-6.473275,-6.5624022,0.28757188,-4.398892,-6.946782
929_left.jpg,929,1,0,0,0,0,0,0,2,-7.7774096,-1.7178719,-11.302688,-0.94970566,-9.484992,-9.04489
930_left.jpg,930,0,0,0,0,0,0,0,3,-4.7405915,-12.73216,1.1332203,-9.436712,-8.978552,-9.588553
931_left.jpg,931,1,-1,0,0,0,0,0,3,-0.3528456,-3.4151134,-7.3770356,1.0238887,-7.729486,-7.3009486
932_left.jpg,932,0,0,0,0,0,0,0,4,-0.71622896,-9.758644,-6.456762,-5.666436,-5.269906,-7.3464293
933_left.jpg,933,0,0,0,0,0,0,1,3,-4.6211305,-13.240328,-6.6590242,-9.704341,-3.5282235,-9.544992
934_left.jpg,934,1,0,0,0,0,0,0,4,5.022998,-7.630426,-6.892647,0.2033372,-3.1717985,-10.364653
938_left.jpg,938,0,0,0,1,0,1,0,0,-8.2736435,-2.3021615,-8.239675,-4.725754,-4.9757214,3.637858
939_left.jpg,939,0,0,0,0,0,0,1,2,-1.8643553,-7.3899045,-8.728778,-3.7112606,-6.8623624,-9.837861
941_left.jpg,941,0,0,0,0,0,0,0,2,-3.1972973,-7.557704,-13.766882,-7.9860163,-10.738848,-15.563763
942_left.jpg,942,0,0,0,0,0,0,0,1,-2.0098593,-8.270743,-11.030114,-4.04224,-2.4926481,-10.541314
943_left.jpg,943,0,0,0,0,0,0,0,4,-0.06327971,-7.3081017,-12.488663,-5.9657445,-13.375169,-11.13625
944_left.jpg,944,1,0,0,0,0,0,0,0,-1.071589,-6.22002,-7.6712184,-9.112305,-4.0290513,-8.729888
945_left.jpg,945,0,0,0,0,0,0,1,3,-3.9084363,-8.691499,-2.183984,-8.401785,-7.8935766,-9.811293
946_left.jpg,946,0,0,0,0,0,0,1,0,-3.2991235,-5.6758676,-5.229209,-7.400936,-8.95301,-10.689825
947_left.jpg,947,1,0,0,0,0,0,0,4,4.164291,-3.6998665,-6.986621,-1.9364005,-4.923152,-6.6535263
948_left.jpg,948,1,0,0,0,0,0,0,0,1.3867726,-5.850407,-6.4610715,-5.958536,-4.2268863,-10.050347
949_left.jpg,949,1,0,0,0,0,0,0,3,10.233293,-8.841309,-10.688708,-6.819037,-10.361402,-10.91796
950_left.jpg,950,0,0,0,0,0,0,1,4,-0.19937038,-0.5796767,-6.630369,-10.368989,-1.910001,-11.111367
951_left.jpg,951,0,0,0,0,0,0,1,2,-1.7067254,-4.2463665,-8.236125,-5.604973,-3.7859876,-9.0426445
952_left.jpg,952,1,0,0,0,0,0,0,2,-1.7106879,-5.52717,-12.42244,-5.3949504,-9.883189,-10.140705
953_left.jpg,953,1,0,0,0,0,0,0,3,-2.5257547,-3.9382927,-9.561342,-7.2099323,-7.083379,-7.1228952
954_left.jpg,954,0,0,0,0,0,0,0,4,0.8591805,-4.634325,-10.579527,-8.633936,-9.000646,-9.535099
956_left.jpg,956,1,0,0,0,0,0,0,4,0.4239139,-8.82305,-8.923025,-1.9962021,-5.2611985,-8.780496
957_left.jpg,957,0,0,0,0,1,0,0,2,-1.8869787,-6.7215557,-8.475441,-7.466231,-2.6730464,-7.8677297
958_left.jpg,958,0,0,0,0,0,0,0,1,-2.9099336,-6.8389072,-8.382021,-7.618372,-7.2459617,-5.7333612
959_left.jpg,959,1,0,0,-1,0,0,0,4,-1.1380582,-7.81387,-8.749974,-5.921851,-9.496718,-12.014482
960_left.jpg,960,1,0,0,0,0,0,0,1,7.5791774,-9.063844,-7.0019426,-10.993437,-9.941194,-6.736369
961_left.jpg,961,0,0,0,1,0,0,0,3,-6.0965796,-6.965093,-10.979899,0.88483083,-7.8883004,-11.04594
962_left.jpg,962,1,0,0,-1,0,0,0,1,-4.5933037,-7.8232613,-6.797562,4.1052694,-8.911097,-8.902073
963_left.jpg,963,0,0,0,-1,0,0,0,2,-0.9033945,-6.2055836,-6.028894,2.5451698,-4.746579,-7.6861997
964_left.jpg,964,1,0,0,0,0,0,0,1,-0.24482077,-3.0647168,-8.095507,-7.595665,2.3815491,-8.391825
965_left.jpg,965,0,0,0,0,0,0,0,3,-3.7531781,-6.2575145,-11.982184,-3.8038356,-6.252266,-8.526454
966_left.jpg,966,1,0,0,0,0,0,0,4,0.22826391,-2.8534248,-8.269878,-3.929307,-2.075137,-6.739182
968_left.jpg,968,0,0,0,0,1,0,0,1,-3.418127,1.6170483,-7.5322986,-9.489226,-7.67679,-8.733566
969_left.jpg,969,0,0,0,0,0,0,0,0,-2.2506828,-10.769136,-8.395194,-3.1865616,-10.1068735,-7.3847356
970_left.jpg,970,1,0,1,0,0,0,0,3,-3.946697,-7.835722,4.696437,-7.2975636,-4.58913,-6.3905964
971_left.jpg,971,0,0,0,1,0,0,0,0,-2.0443246,-6.507385,-6.5273147,-4.272851,-8.875122,-7.7115226
972_left.jpg,972,1,0,0,0,0,0,0,1,9.650083,-4.0950203,-11.266145,-4.598828,-8.93964,-10.977712
973_left.jpg,973,0,0,0,0,0,0,0,3,-2.3321033,-8.582099,-4.430998,-8.883416,-9.954053,-13.645672
974_left.jpg,974,0,0,0,0,0,0,0,1,0.30297494,-7.1974974,-5.5405145,-2.7633855,-11.076912,-4.4895744
975_left.jpg,975,0,0,0,0,0,0,1,4,-3.4981258,-2.6238968,-13.145982,-14.601425,-14.50088,-14.289725
976_left.jpg,976,1,0,0,0,0,0,0,1,-1.7626567,-9.205739,-7.4275966,-4.726134,-11.639084,-9.774642
977_left.jpg,977,0,0,0,1,0,0,0,0,-5.4863944,-4.0086913,-7.899517,0.53108245,-5.9552217,-2.2342856
978_left.jpg,978,1,0,0,1,0,0,0,4,2.860857,-7.200981,-12.598181,0.46714061,-9.190926,-6.411168
979_left.jpg,979,0,0,0,0,0,0,1,0,-4.5756755,-6.207178,-6.079809,-5.4273443,-11.6501,-12.024531
980_left.jpg,980,1,0,0,0,0,0,0,0,5.3073792,-9.346844,-9.923766,-4.2043552,-6.5033345,-9.291893
981_left.jpg,981,1,0,0,0,0,0,0,3,3.7654603,-0.63582367,-9.906822,-6.165952,-8.573148,-7.3341613
982_left.jpg,982,0,0,0,0,0,0,1,2,-2.726041,-10.902302,-7.2779007,-7.5968165,-6.474282,-12.254423
983_left.jpg,983,0,0,0,0,1,0,0,4,1.3402386,-5.099509,-8.848318,-6.5629535,-3.075291,-5.8714695
984_left.jpg,984,0,0,0,0,0,0,1,2,0.52574,-6.553379,-8.165979,-9.114831,-4.669875,-7.485665
986_left.jpg,986,0,0,0,0,0,0,0,3,-2.9709117,-12.260625,-10.859755,-18.122793,-8.78412,-18.188744
987_left.jpg,987,0,0,0,0,0,0,0,0,-0.3075882,-12.911751,-7.151635,-6.318557,-7.80215,-11.02107
990_left.jpg,990,0,0,0,0,0,0,1,2,-0.88547635,-10.95232,-6.7242846,-14.574112,-7.5086436,-11.198983
992_left.jpg,992,0,0,0,1,0,0,0,0,-4.901576,-8.483933,-11.543476,3.6055975,-7.714045,-8.545524
994_left.jpg,994,0,0,0,0,0,0,1,2,-1.9992446,-10.249239,-2.4108489,-6.208239,-8.196182,-7.693339
996_left.jpg,996,0,0,0,0,0,0,0,4,-1.7274616,-7.973317,-7.9493823,-4.846237,-8.828343,-11.740647
997_left.jpg,997,1,0,0,0,0,0,0,1,3.0607595,-6.142405,-8.215689,1.2641704,-9.717385,-5.275705
998_left.jpg,998,0,0,0,1,1,0,0,0,-2.5842338,-4.882739,-5.893324,-2.1997273,-0.9259768,-9.583269
999_left.jpg,999,0,0,1,0,0,0,0,3,-3.036943,-7.964058,6.724027,-7.3616133,-5.6496286,-4.941376
1006_left.jpg,1006,0,0,0,0,0,0,1,4,-1.8103187,1.6625702,-6.420746,-11.194416,-3.9374945,-7.422825
1008_left.jpg,1008,0,0,0,0,0,0,1,3,-1.1689646,-7.0333223,-8.185841,-7.3387103,-10.807191,-8.607799
1010_left.jpg,1010,0,0,0,0,0,0,1,0,-2.8733218,-8.703104,-6.551504,-2.6510077,-9.45752,-6.0452595
1011_left.jpg,1011,0,0,0,0,0,0,1,4,-2.1601777,-7.8956175,-6.942615,-6.905538,-4.6155257,-8.691762
1012_left.jpg,1012,0,0,0,-1,0,0,0,3,-8.0137,-6.449014,-9.644165,4.629754,-9.491318,-9.369463
1013_left.jpg,1013,0,0,0,0,0,0,1,2,-0.2355318,-6.6218925,-8.858331,-9.753232,-7.19985,-6.294155
1015_left.jpg,1015,0,0,0,-1,0,0,0,4,-3.847459,-5.680671,-7.61773,4.553661,-5.157157,-11.777756
1016_left.jpg,1016,0,0,0,0,0,0,1,0,-4.1800113,-8.136484,-7.714537,-2.951399,-12.340054,-7.6628184
1019_left.jpg,1019,0,0,0,0,0,0,0,0,-5.223967,-8.480635,6.9373593,-6.3469048,-6.7046695,-7.9597073
1020_left.jpg,1020,0,1,0,0,0,0,0,0,-4.6547146,-1.0784886,-8.420929,-1.9435215,-7.6442904,0.12668748
1021_left.jpg,1021,0,0,0,0,0,0,1,0,-1.2098899,-5.788711,-7.5454187,-5.811356,-10.589141,-4.3376255
1022_left.jpg,1022,1,0,0,0,0,0,0,3,7.949428,-5.6941514,-9.133189,-8.4059105,-9.297994,-7.158859
1023_left.jpg,1023,0,0,0,0,0,0,1,1,-2.5238442,-4.8598194,-8.921284,-1.6891688,-9.421453,-3.9097993
1024_left.jpg,1024,0,0,0,0,1,0,0,2,-0.178107,-10.0918045,-10.529981,-10.824846,-0.7971058,-7.491762
1028_left.jpg,1028,0,0,0,0,0,0,0,0,-0.5883195,-10.952465,-10.848911,-4.792868,-6.3257065,-9.009867
1031_left.jpg,1031,0,0,0,-1,0,0,0,4,-2.644982,-7.0884576,-11.54729,-1.2929615,2.966511,-9.033189
1032_left.jpg,1032,0,0,0,0,0,0,1,1,-1.9539179,-2.5316641,-4.5461316,-4.495038,-6.209019,-4.795463
1034_left.jpg,1034,0,0,0,0,0,0,1,1,2.4867284,-8.012184,-9.162547,-7.458746,-3.3015907,-8.836566
1035_left.jpg,1035,0,0,0,0,0,0,1,4,-1.4327953,-6.048982,-8.184557,-7.071568,-0.78626746,-7.2825685
1038_left.jpg,1038,0,0,0,0,0,0,1,2,-3.0892904,-8.683025,-2.1825237,-6.8602,-3.185043,-9.754493
1039_left.jpg,1039,0,0,0,0,0,0,0,0,0.5742893,-11.436974,-8.948309,-6.375663,-13.577203,-12.456035
1040_left.jpg,1040,0,0,0,0,0,0,0,2,-6.010136,-8.812788,-9.104666,-7.8923526,-12.092895,-9.062159
1041_left.jpg,1041,0,0,0,0,0,0,1,1,-1.3085613,-4.814148,-7.043277,-1.0902199,-10.573999,-11.987615
1043_left.jpg,1043,0,0,0,1,0,0,0,4,-3.3987973,-9.0693445,-9.661915,2.3514283,-10.992779,-9.519032
1045_left.jpg,1045,0,0,0,0,1,0,0,4,2.1688845,-8.454237,-9.112115,-7.082451,-4.5881376,-12.621439
1046_left.jpg,1046,0,0,0,0,1,0,0,3,-0.32663646,-5.288937,-8.306846,-8.876849,1.819722,-7.115477
1048_left.jpg,1048,0,0,0,0,1,0,0,2,2.338927,-6.198116,-7.3171496,-5.5987062,-3.1859894,-10.288817
1050_left.jpg,1050,0,0,0,-1,0,0,0,0,-1.9671735,-4.6196938,-6.3127794,-4.962344,-2.4808106,-6.876591
1052_left.jpg,1052,0,0,0,0,0,0,0,2,-5.0862017,-8.007098,-0.022713982,-7.0949626,-3.9748836,-9.0414505
1053_left.jpg,1053,0,0,0,0,0,0,1,1,-1.666466,-6.258961,-8.152044,-8.928668,-4.947785,-5.892528
1054_left.jpg,1054,0,0,0,0,0,0,1,3,-2.337067,-7.2230787,-4.622581,-6.0159984,-7.5464,-12.860577
1056_left.jpg,1056,0,0,0,0,1,0,0,3,-4.763477,0.030674154,-5.23518,-5.7693186,-3.0838275,-7.4912395
1058_left.jpg,1058,0,0,0,0,0,0,1,1,0.030577123,-10.089922,-9.377122,-13.785342,-7.0233126,-8.615782
1059_left.jpg,1059,0,0,0,0,0,0,0,3,-3.9574025,-7.059886,-10.416235,-1.9882492,-7.664934,-11.190801
1060_left.jpg,1060,0,0,0,0,0,0,1,2,-0.7824755,-3.935717,-9.448295,-7.472835,-6.9593825,-8.419953
1064_left.jpg,1064,0,0,0,1,0,0,0,3,-5.6072316,-6.2558956,-6.8120174,4.3557,-7.2501526,-12.622825
1065_left.jpg,1065,0,0,0,1,0,0,0,0,-4.920555,-5.8792686,-5.9855494,-5.6370435,-5.6590867,6.249163
1068_left.jpg,1068,1,0,0,0,0,0,0,2,4.543495,-4.6098247,-9.773716,-4.5977697,-0.27692783,-6.0772204
1071_left.jpg,1071,1,0,0,0,0,0,0,4,0.5681562,-8.335248,-7.387661,-8.0554,-3.415195,-7.415677
1072_left.jpg,1072,0,0,0,0,0,0,1,0,1.0336866,-11.1194315,-10.285855,-8.161316,-13.094852,-6.3916683
1074_left.jpg,1074,0,0,0,0,0,0,0,2,-1.198229,-8.200869,-9.481065,-7.5988827,-7.855633,-6.9343486
1075_left.jpg,1075,0,0,0,1,0,0,0,0,-4.5506682,-6.396277,-7.8211374,5.9989886,-3.4761279,-10.181024
1079_left.jpg,1079,0,0,0,0,0,0,0,3,-1.5800029,-5.4440885,-8.868065,-5.1502614,-5.3738804,-9.438654
1080_left.jpg,1080,0,0,0,0,0,0,0,3,-6.3292365,-7.1781507,-8.035333,1.9335674,-11.738363,-7.8214326
1081_left.jpg,1081,0,0,0,0,1,0,0,1,-1.0017546,-7.9642353,-10.518179,-4.5542397,-3.1847417,-10.029412
1082_left.jpg,1082,1,0,0,0,0,0,0,0,3.0954368,-6.403454,-8.85277,-7.837878,-6.103665,-8.011398
1083_left.jpg,1083,1,0,1,0,0,0,0,2,-1.1049491,-8.831943,-4.568491,-3.453014,-5.2982965,-12.5763035
1084_left.jpg,1084,1,0,0,0,0,0,0,4,0.26965708,-4.5765967,-3.4857366,-7.7879095,-3.665181,-9.155247
1085_left.jpg,1085,0,0,0,1,0,0,0,0,-8.066336,-8.879147,-10.140489,12.835592,-4.676117,-8.180764
1086_left.jpg,1086,0,0,0,0,0,0,1,1,-3.3339212,-8.804623,-10.725468,-7.036675,-8.451534,-11.139444
1089_left.jpg,1089,0,0,0,0,0,0,1,4,1.5236017,-6.830688,-8.163918,-5.0258684,-4.566468,-9.661618
1090_left.jpg,1090,0,0,0,0,0,0,0,3,-2.2589085,-9.098126,-8.091351,-3.2942567,-4.308704,-3.6721685
1091_left.jpg,1091,0,0,0,1,0,0,0,2,-3.436718,-1.4010324,-6.131565,-0.1662277,-5.350029,-8.710706
1092_left.jpg,1092,0,0,0,0,0,0,1,0,-3.156673,-7.7128463,-10.480341,-7.331659,-7.8147216,-12.366734
1093_left.jpg,1093,0,0,0,0,0,0,0,1,-2.2144387,-4.43243,-11.542851,-6.607005,-6.473099,-8.017616
1094_left.jpg,1094,1,0,0,0,0,0,0,1,3.3541796,-12.411325,-12.453384,-8.020551,-9.540538,-6.181632
1095_left.jpg,1095,0,0,0,0,0,0,0,4,-0.21844536,-11.813834,-5.6264133,-7.2051253,-7.224686,-9.373055
1096_left.jpg,1096,0,0,0,0,0,0,1,4,-2.6516414,-7.0406675,-9.004628,-12.621822,-6.3235,-12.703895
1097_left.jpg,1097,0,0,0,0,0,0,1,4,-0.98285717,-0.34415144,-5.948313,-11.766619,-2.337242,-9.023046
1098_left.jpg,1098,0,0,0,1,0,0,0,1,-2.7610478,-9.655748,-9.85952,-7.297213,-14.10247,-11.534652
1099_left.jpg,1099,0,0,0,0,0,0,0,1,-2.2495687,-4.5295258,-4.7009134,-3.7329266,-2.2547033,-9.553221
1102_left.jpg,1102,0,0,1,0,0,0,0,4,-1.9032309,-3.1614022,-4.524787,-4.336613,-7.326079,-10.718331
1103_left.jpg,1103,0,0,0,0,0,1,0,1,-3.831286,-5.7122464,-6.8931184,-7.699381,-7.87061,9.101198
1104_left.jpg,1104,0,0,0,1,0,0,0,1,-0.78530204,-6.3191643,-7.8609304,1.1605686,-5.399023,-8.03001
1106_left.jpg,1106,1,0,0,0,0,0,0,0,3.2487557,-6.249757,-6.111529,-5.882363,-2.456625,-5.412218
1109_left.jpg,1109,0,0,0,0,0,0,1,3,-4.5132995,-10.299249,-7.8431683,-7.3947163,-12.39987,-9.783452
1111_left.jpg,1111,0,0,0,1,0,0,0,2,-3.2989717,-8.586561,-10.3142185,-1.3015931,-5.2366157,-9.077221
1113_left.jpg,1113,0,0,0,0,0,0,1,1,3.3820739,-9.071049,-7.27673,-6.891014,-1.4147606,-8.675444
1114_left.jpg,1114,0,0,0,0,0,0,0,4,-5.5119653,-6.5551,-1.8776757,-12.561641,-6.565248,-4.1199164
1115_left.jpg,1115,0,0,1,0,0,0,0,1,-8.708452,-4.417995,6.407591,-8.348396,-8.702724,-4.769222
1117_left.jpg,1117,0,0,0,0,0,0,1,2,2.4844382,-8.457224,-7.6089706,-8.143283,-6.843849,-8.765
1118_left.jpg,1118,0,0,0,0,0,0,1,4,0.19966078,-5.3193564,-9.224525,-11.329781,-10.325631,-12.940423
1119_left.jpg,1119,0,0,0,0,0,0,0,3,-0.9537356,-8.416067,-1.2367651,-10.007913,-4.6708627,-10.04784
1120_left.jpg,1120,0,0,0,0,0,0,1,2,2.1535072,-10.262269,-8.828009,-12.526839,-5.625901,-8.620879
1122_left.jpg,1122,0,0,0,0,0,0,0,2,1.6001737,-9.256637,-10.265303,-6.9227853,-6.453749,-5.235575
1123_left.jpg,1123,0,0,0,0,0,0,1,1,1.763413,-8.939381,-11.970272,-5.647387,-6.141636,-8.806253
1124_left.jpg,1124,0,0,0,0,0,0,0,4,-1.2346516,-7.5399065,-9.93673,-9.134726,-11.779861,-9.856926
1125_left.jpg,1125,0,0,0,1,0,0,0,0,-7.089376,-8.86957,-11.929926,1.0787146,-7.8598857,-10.413992
1126_left.jpg,1126,0,0,0,0,0,0,1,4,0.6384164,-3.1667318,-7.481036,-8.303398,-8.808795,-9.779291
1129_left.jpg,1129,0,0,0,0,0,0,0,0,-6.059042,-8.1878805,-7.915706,-2.1332395,-10.014755,-9.554805
1132_left.jpg,1132,0,0,0,0,0,0,1,1,-0.01297877,-2.4741492,-5.244122,-4.8114533,-7.941073,-7.9748073
1133_left.jpg,1133,0,0,0,0,0,0,0,1,-2.2725382,-8.061272,-9.22692,-3.6566575,-3.8968644,-6.8625503
1136_left.jpg,1136,1,0,0,0,0,0,0,4,5.6861415,-2.258238,-10.228655,-2.4427598,-1.5027263,-9.600068
1137_left.jpg,1137,0,0,0,0,0,0,0,1,-3.4103427,-0.8477651,-9.908334,-9.619747,-14.215679,-7.190053
1138_left.jpg,1138,1,0,0,0,0,0,0,2,10.2113,-12.035139,-10.570739,-5.3101206,-1.2095283,-12.316084
1143_left.jpg,1143,0,0,0,0,0,0,0,1,-0.7583559,-11.064156,-11.270795,-1.3147932,-11.383404,-11.458091
1144_left.jpg,1144,0,0,1,0,0,0,0,1,-2.0854988,-7.315822,-2.4996274,-6.176571,-8.253613,-6.8426027
1146_left.jpg,1146,0,0,0,-1,0,0,0,1,-3.1364944,-5.3604765,-7.9225245,-4.8115563,-6.4179106,-11.069049
1147_left.jpg,1147,1,0,0,0,0,0,0,2,2.5391393,-12.179369,-8.330449,-6.468275,-1.1945146,-8.529396
1150_left.jpg,1150,0,0,0,0,0,1,0,1,-5.799587,-4.913845,-7.4168086,-4.271759,-9.384513,3.7658165
1151_left.jpg,1151,0,0,0,0,0,0,1,4,-1.377347,-8.155845,-10.088726,-8.226611,-5.7351837,-6.000169
1152_left.jpg,1152,1,0,0,0,0,0,0,1,6.5946617,-3.706009,-11.1207695,-6.8310375,-5.360052,-9.416739
1153_left.jpg,1153,1,0,0,0,0,0,0,0,2.440648,-9.198418,-4.408127,-5.068878,-8.283518,-1.9103036
1154_left.jpg,1154,0,0,0,1,0,0,0,3,0.9083953,-7.296814,-8.66431,-2.0674963,-11.424043,-13.195132
1156_left.jpg,1156,0,0,0,-1,0,0,0,0,-5.8877306,-7.126778,-10.774932,0.8939521,-12.196201,-12.370307
1157_left.jpg,1157,1,0,0,0,0,0,0,2,8.274295,-9.830914,-8.357259,-8.3328495,0.0016033491,-9.472301
1160_left.jpg,1160,0,0,0,0,0,0,1,4,-1.5717577,-3.8507698,-9.730842,-0.8867022,-9.612789,-9.233723
1162_left.jpg,1162,0,0,0,0,0,0,1,1,-0.8412726,-9.110952,-10.99421,-11.586914,-11.130249,-11.218626
1164_left.jpg,1164,0,0,1,0,0,0,0,2,-6.01028,-9.440727,6.449279,-10.769048,-8.889139,-9.664698
1165_left.jpg,1165,0,0,0,0,0,0,1,0,-0.7453203,-13.766408,-10.041536,-6.948678,-8.64965,-5.621883
1166_left.jpg,1166,0,0,0,0,0,0,1,0,-4.998188,-7.3376365,-6.362346,-4.927652,-7.2636137,-8.69183
1167_left.jpg,1167,1,0,0,0,0,0,0,2,12.73975,-10.992153,-7.970959,-6.699245,-10.044115,-10.178435
1168_left.jpg,1168,0,0,0,0,0,0,1,0,-4.12136,-4.7540746,-8.326743,-7.0766864,-9.978006,-10.774839
1169_left.jpg,1169,0,0,0,0,0,0,0,3,-6.6162744,-8.066978,-11.442537,-2.8253536,-10.755985,-14.1533
1170_left.jpg,1170,0,0,0,-1,0,0,0,2,-1.4617497,-8.068358,-9.408332,-7.278189,-7.4832687,-7.6275883
1171_left.jpg,1171,0,0,0,0,0,0,0,1,1.5119867,-8.449265,-9.74481,-8.323141,-11.999657,-8.512359
1172_left.jpg,1172,0,0,0,0,0,0,0,3,-2.1515183,-6.409702,-11.618629,-3.0798008,-11.582228,-13.169745
1173_left.jpg,1173,0,0,0,0,0,0,0,3,-2.4287963,-5.1304,-7.79812,1.3078971,-6.8809414,-8.413151
1174_left.jpg,1174,0,0,0,0,0,0,0,0,-2.6240115,-7.980252,-7.6803823,-4.24077,-9.570571,-14.567048
1176_left.jpg,1176,0,0,0,0,0,0,1,2,-4.174531,-2.2285652,-10.973868,-9.437236,-8.595147,-8.205761
1186_left.jpg,1186,0,0,0,0,0,0,0,2,-3.1708186,-7.3246408,-11.236576,-8.628177,-3.115276,-3.7573411
1191_left.jpg,1191,1,0,0,1,0,0,0,1,0.1557119,-7.72142,-13.058012,1.4960735,-4.811206,-7.376729
1195_left.jpg,1195,0,0,0,0,0,0,0,1,-1.31838,-7.8154655,-11.960341,-2.407742,-7.3577647,-8.877817
1196_left.jpg,1196,0,0,0,1,0,0,0,3,-0.7714511,-0.65787345,-10.573471,-1.1799955,-8.335872,-13.801627
1197_left.jpg,1197,0,0,0,1,0,0,0,4,-7.5289,-6.7783284,-9.365956,7.6658306,-10.155056,-10.787001
1198_left.jpg,1198,0,0,0,0,0,0,0,3,-1.3898698,-5.071156,-8.758408,-6.7463007,-9.367147,-5.66085
1200_left.jpg,1200,0,0,0,0,0,0,1,4,0.7934167,-5.250006,-7.31033,-9.525533,-7.7499614,-8.179254
1202_left.jpg,1202,0,0,0,1,0,0,0,4,-0.90435094,-8.798515,-12.269764,3.7555325,-11.350685,-11.910984
1205_left.jpg,1205,1,0,0,0,0,0,0,3,-2.6133883,-7.3834643,-9.414508,-2.920566,-5.2794743,-12.069094
1206_left.jpg,1206,1,0,0,0,0,0,0,4,-1.5656396,-4.390086,-8.023798,-4.3340673,-5.2677894,-8.593189
1207_left.jpg,1207,0,0,0,0,0,0,0,3,-0.98886997,-10.248292,-8.868834,-6.811246,-11.723284,-7.6230955
1209_left.jpg,1209,0,1,0,0,0,0,0,4,-10.230531,-3.130884,-0.39435753,-9.401679,-7.695703,-3.3307912
1210_left.jpg,1210,0,1,0,0,0,0,0,3,-5.5836205,5.872917,-5.279931,-10.184149,-4.882134,-7.3144608
1211_left.jpg,1211,0,1,0,0,0,0,0,4,-3.0900912,3.4115968,-2.0646114,-6.521362,-2.957988,-10.0913105
1212_left.jpg,1212,0,1,0,0,0,0,0,3,-6.598997,6.27835,-8.212683,-4.5443377,-6.8180184,-5.061609
1213_left.jpg,1213,0,1,0,0,0,1,0,0,-4.495491,2.7808223,-5.6363497,-10.806462,-7.9273925,-2.2828336
1214_left.jpg,1214,0,1,0,0,0,0,0,3,-1.7156632,0.9480171,-9.661455,-4.156458,-6.8686523,-11.054535
1215_left.jpg,1215,0,1,0,0,0,0,0,2,-5.530607,3.630548,-4.994158,-3.7005775,-4.8538465,-9.572868
1216_left.jpg,1216,0,1,0,0,0,0,0,0,-7.765854,-1.8949838,-8.734645,-5.1898203,-8.751229,-13.78666
1217_left.jpg,1217,0,1,0,0,0,0,0,1,-0.47974926,-5.5685153,-5.5965486,-5.481956,-10.541475,-5.0308504
1218_left.jpg,1218,0,1,0,0,0,0,0,1,-6.189319,7.4167666,-6.0509295,-3.05885,-3.7282925,-9.022518
1219_left.jpg,1219,0,0,0,0,0,1,0,1,-3.6442327,-6.3254743,-7.7192574,-4.9571595,-11.853047,8.00134
1220_left.jpg,1220,0,1,0,0,0,0,0,1,-5.7824464,-4.6633735,-4.7922897,-11.402498,-12.07001,-8.622295
1221_left.jpg,1221,0,1,0,0,0,0,0,3,-4.6261816,1.583896,-10.298621,-5.658302,-10.18713,-9.326392
1222_left.jpg,1222,0,1,0,0,0,0,0,4,-6.386689,-0.0020965836,-11.6838665,-10.505059,-8.246124,-9.281006
1225_left.jpg,1225,0,1,0,0,0,1,0,2,-6.570937,4.259174,-6.372375,-8.675207,-7.638778,-2.9633362
1226_left.jpg,1226,0,1,0,0,0,0,0,1,-4.3715963,-3.005733,-8.257871,-7.9968085,-6.5915546,-8.383393
1227_left.jpg,1227,0,1,0,0,0,0,0,3,-5.8237705,4.453522,-9.681242,-4.8548303,-10.65427,-10.137186
1228_left.jpg,1228,1,1,0,0,0,0,0,0,0.6245312,-3.2509823,0.42974314,-6.19989,-7.0533795,-9.351185
1229_left.jpg,1229,0,1,0,0,0,0,0,2,-2.90685,-3.6750484,-7.4240365,-7.506614,-4.724495,-9.452038
1230_left.jpg,1230,1,1,0,0,0,0,0,4,5.6700287,0.046142768,-11.594139,-9.361616,-4.1793523,-11.973291
1231_left.jpg,1231,0,1,0,0,0,0,0,1,-1.5340734,-0.08488564,-10.036122,-5.531681,-2.2052948,-9.273558
1232_left.jpg,1232,0,1,0,0,0,0,0,1,-3.7518427,7.1909914,-8.433951,-4.790301,-4.947471,-6.971101
1234_left.jpg,1234,0,1,0,0,0,0,0,0,-1.7014999,-1.0321436,-6.349209,-8.708713,-10.217485,-8.890468
1237_left.jpg,1237,0,1,0,0,0,0,0,2,0.38507232,1.7460433,-8.002318,-5.601896,-5.670535,-4.7305617
1238_left.jpg,1238,1,0,0,0,0,0,0,1,5.871341,-1.4418472,-7.323788,-8.723403,-4.492923,-7.824995
1239_left.jpg,1239,0,1,0,0,0,0,0,1,-2.0519505,3.6363037,-6.85195,-9.203107,-3.9972005,-7.029427
1240_left.jpg,1240,0,0,0,0,0,0,1,3,-2.6977298,-3.4657762,-3.5842853,-4.1318164,-5.295006,-8.243404
1241_left.jpg,1241,0,1,0,0,0,0,0,3,-2.4196453,1.9921871,-5.7936516,-8.703435,-5.091757,-6.5935774
1245_left.jpg,1245,0,0,0,0,0,0,1,2,-2.7074103,1.795273,-3.3233404,-5.3889318,-5.5205274,-9.799127
1246_left.jpg,1246,0,1,0,0,0,0,0,1,-4.333617,3.890517,-9.726376,-5.3859053,-8.830608,-7.4240947
1247_left.jpg,1247,0,1,0,0,0,0,0,0,-4.6430287,-0.0863333,-1.201769,-2.4098132,-7.8545537,-12.274002
1248_left.jpg,1248,0,1,0,0,0,0,0,1,-8.221603,7.182005,-10.393151,-9.103889,-9.932298,-6.97632
1250_left.jpg,1250,0,1,0,0,0,0,0,0,-2.4099824,-3.3388188,-8.433866,-7.5315046,-8.338231,-6.805954
1251_left.jpg,1251,1,1,0,0,0,0,0,2,1.5554146,0.4464361,-5.4196897,-2.1054075,-8.303482,-9.318447
1253_left.jpg,1253,0,0,0,0,0,0,1,1,-3.5412385,-3.0549197,-10.353252,-7.365473,-8.940057,-6.254445
1255_left.jpg,1255,0,1,0,0,0,0,0,2,-1.4031104,-3.447089,-5.214695,-3.2313924,-8.674912,7.8244224
1256_left.jpg,1256,0,1,0,0,0,0,0,1,-2.547623,3.5065396,-3.9500074,-5.849292,-3.5401502,-10.036283
1258_left.jpg,1258,0,1,0,0,0,0,0,4,-5.022011,4.0767827,-8.300021,-2.6798694,-9.993079,-9.352969
1259_left.jpg,1259,0,1,0,0,0,0,0,0,1.2084296,-0.9581415,-6.9488087,-7.5125394,-10.999646,-8.706028
1260_left.jpg,1260,0,1,0,0,0,0,0,3,-2.2231295,-2.30656,-12.431423,-3.36672,-7.0528774,-9.614645
1261_left.jpg,1261,0,1,0,0,0,0,0,1,-6.3967357,3.8821433,-6.936163,-7.7226233,-8.354998,-5.821624
1262_left.jpg,1262,0,0,0,0,0,0,1,0,-3.0382252,-5.333935,-6.391193,-8.416125,-10.255689,-9.417063
1264_left.jpg,1264,0,1,0,0,0,0,0,2,1.8066194,5.8272934,-6.4956055,-5.9968305,-3.3977628,-10.029441
1265_left.jpg,1265,0,1,0,0,0,0,0,1,-5.974409,5.451591,-8.5538435,-2.1951182,-9.221742,-0.853466
1266_left.jpg,1266,0,1,0,0,0,0,0,4,-6.1069927,2.3063889,-8.192612,-6.334989,-9.481088,-10.432941
1267_left.jpg,1267,0,1,0,0,0,0,0,4,-1.1485616,-6.410574,-6.5496063,-5.61158,-10.786415,-7.3142376
1268_left.jpg,1268,0,1,0,0,0,0,0,4,-6.6768637,5.2521367,-7.0093665,-6.2549295,-5.8593807,-8.323871
1269_left.jpg,1269,0,1,0,0,0,0,0,4,-2.8274565,3.2472367,-8.377386,-7.3539796,-6.086138,-4.5668535
1270_left.jpg,1270,0,1,0,0,0,0,0,3,-3.2379496,2.7747571,-5.8422694,-9.4031925,-7.2826347,-10.552157
1271_left.jpg,1271,0,1,0,0,0,0,0,1,-3.2062867,3.5396435,-6.621128,-7.332163,-7.397001,-3.3810325
1272_left.jpg,1272,0,1,0,0,0,0,0,2,-0.42575708,1.0906467,-8.944375,-7.7313604,-3.9395654,-7.3002872
1274_left.jpg,1274,0,0,0,0,0,0,1,1,0.49040544,-11.207352,-12.341778,-7.4431324,-4.916088,-9.310559
1276_left.jpg,1276,0,1,0,0,0,0,0,2,-4.8323097,4.476594,-5.189997,-7.322213,-7.105132,-5.603012
1277_left.jpg,1277,0,1,0,0,0,0,0,2,-1.3243229,-7.506854,-6.600574,-4.461185,-4.5425873,-10.022044
1279_left.jpg,1279,0,1,0,0,0,1,0,3,-0.21811706,0.40761864,-10.582362,-6.8993783,-8.029339,2.2104928
1280_left.jpg,1280,0,1,0,1,0,0,0,2,-3.382874,3.1864467,-7.1349907,-1.1504301,-4.718465,-1.9829197
1281_left.jpg,1281,1,1,0,0,0,0,0,1,0.36370704,-2.3460925,-0.14253122,-7.577935,-6.793883,-5.708527
1282_left.jpg,1282,0,1,0,0,0,0,0,0,-4.452248,2.6601682,-7.5594606,-9.058119,-6.37716,-7.913558
1284_left.jpg,1284,0,1,0,0,0,0,0,4,-4.138519,-6.1345496,-9.049454,-9.535314,-8.201638,-8.726021
1285_left.jpg,1285,0,0,1,0,0,0,0,1,-6.627661,-8.746296,9.514297,-8.856172,-8.158469,-6.2673497
1286_left.jpg,1286,1,1,0,0,0,0,0,4,3.0593238,-2.246269,-11.673918,-3.887424,-4.4131064,-5.1978517
1287_left.jpg,1287,0,1,0,0,0,0,0,0,-3.0690653,-3.744204,-10.16293,-3.4973397,-7.646872,-3.0339139
1288_left.jpg,1288,0,1,0,0,0,0,0,4,-4.5176835,-2.431833,-8.208714,-9.092355,-6.8359685,-2.1013002
1289_left.jpg,1289,0,1,0,0,0,1,0,4,-5.399479,-5.733257,0.10832855,-7.8626237,-4.731685,5.8075013
1290_left.jpg,1290,0,1,0,0,1,0,0,3,-1.0737063,-0.13343313,-6.4642034,-3.4217281,-4.6742578,-8.383163
1291_left.jpg,1291,0,1,0,0,0,0,0,0,-5.5578194,0.83312684,-2.7534475,-5.3674808,-8.366358,-7.973601
1294_left.jpg,1294,0,1,0,0,0,0,0,0,-4.468346,-2.1749613,-4.136458,-5.331432,-4.8813787,-9.864576
1295_left.jpg,1295,0,0,0,1,0,0,0,4,-3.6800697,0.9694253,-11.619566,-2.1602628,-7.24982,-2.170429
1296_left.jpg,1296,0,0,0,0,0,0,1,2,-0.13618204,-6.214703,-5.998447,-7.3411236,-7.9794893,-8.301553
1297_left.jpg,1297,0,1,0,0,0,0,0,4,-3.468435,-7.3263936,-10.118394,-2.9114292,-8.389046,-10.724384
1299_left.jpg,1299,0,0,0,0,0,0,0,3,-2.5037076,-6.366235,-10.0642805,-0.3319643,-5.741425,-10.993626
1301_left.jpg,1301,0,1,0,0,0,0,0,4,-3.9420903,-4.710088,-7.7883134,-7.220449,-11.103107,-8.978656
1302_left.jpg,1302,1,1,0,0,0,0,0,4,4.52096,-0.17295113,-9.245607,-6.378737,-8.145058,-3.745335
1303_left.jpg,1303,0,1,0,0,0,0,0,3,-1.3259801,-3.6229599,-8.36533,-7.3982,-1.7446266,-3.0866709
1304_left.jpg,1304,0,0,0,-1,0,0,0,0,-5.4187183,-10.744321,-13.679461,-1.7789358,-15.450155,-11.288645
1306_left.jpg,1306,0,1,0,0,0,0,0,1,0.3477706,2.0055666,-5.3549023,-7.2723355,-1.2948111,-10.238208
1307_left.jpg,1307,0,1,0,0,0,0,0,0,-4.3487315,-4.4216475,-7.3960676,-3.2132375,-9.656106,-10.6047735
1308_left.jpg,1308,0,0,0,0,0,0,0,4,0.13900799,-3.7165873,-11.981872,-8.430315,-8.831368,-12.952027
1309_left.jpg,1309,0,1,0,0,1,0,0,3,-2.506425,-1.9586489,-2.6852965,-5.166427,-1.812283,-9.056846
1311_left.jpg,1311,0,0,0,0,0,0,1,3,-3.044405,-5.142965,-5.4532967,-8.65973,-2.8993876,-9.658255
1314_left.jpg,1314,0,1,0,1,0,0,0,1,-4.1856127,0.44965297,-6.9267035,4.3897624,-4.666399,-12.222791
1318_left.jpg,1318,0,1,0,0,0,0,0,4,-3.2811859,5.025573,-8.229385,-10.163612,-6.8847494,-1.1344699
1325_left.jpg,1325,0,1,0,0,0,0,0,3,-0.92140335,-4.01853,-7.529276,-5.7977705,-6.4040737,-9.818053
1327_left.jpg,1327,0,1,0,0,0,0,0,2,-4.0145864,0.36354125,-8.900399,-6.1370616,-2.8457627,-7.7289324
1330_left.jpg,1330,0,1,0,0,0,0,0,0,-2.937927,8.657346,-7.3796253,-10.220572,-5.7775745,-5.8133626
1334_left.jpg,1334,0,1,0,0,0,0,0,4,-6.356544,5.860403,-9.882787,-7.5997257,-11.437857,-8.607345
1344_left.jpg,1344,0,1,0,0,0,0,0,3,-4.0162907,0.9094007,-8.146362,-7.7194796,-4.604315,-8.65159
1345_left.jpg,1345,0,1,0,0,0,0,0,1,-2.7288156,6.0361853,-5.9571247,-6.1467543,-6.2614436,-6.4596977
1349_left.jpg,1349,0,0,0,0,0,1,0,2,-6.336086,-7.152691,-7.9880033,-8.054719,-10.379504,7.4197936
1351_left.jpg,1351,0,1,0,0,0,0,0,1,-4.4695716,-11.791804,-10.480557,-13.193855,-14.112965,-10.225414
1352_left.jpg,1352,0,1,0,0,0,0,0,2,-3.4911294,1.1863416,-5.231942,-10.623957,-5.674233,-7.85964
1353_left.jpg,1353,0,1,0,0,0,0,0,3,-7.0400195,-2.3278913,-4.9974856,-10.622625,-9.898537,-7.4227223
1362_left.jpg,1362,0,1,0,0,0,0,0,0,-2.1103916,0.7172145,-5.655462,-7.6589227,-7.809726,-8.502451
1364_left.jpg,1364,0,0,0,0,0,0,1,1,-3.8321288,-3.8899915,-11.911088,-7.6650047,-9.865168,-0.4988928
1365_left.jpg,1365,0,1,0,0,0,0,0,2,-1.5570418,1.5603571,-1.5457366,-7.765579,-5.1203613,-11.719054
1369_left.jpg,1369,0,1,0,0,0,0,0,2,-1.4183171,-6.5164905,-2.7781503,-7.630691,-5.106786,-7.1094217
1371_left.jpg,1371,0,1,0,0,0,0,0,0,-1.7576995,0.063527346,-6.570486,-8.7871685,-4.8184114,-4.8579235
1373_left.jpg,1373,0,0,0,0,1,0,0,4,-2.8136082,-10.001016,-11.859081,-5.776405,-1.9111418,-8.074315
1374_left.jpg,1374,0,1,0,0,0,0,0,3,-7.0377364,6.6146245,-8.26129,-8.116618,-3.583017,-6.622258
1377_left.jpg,1377,0,0,0,0,1,0,0,0,1.0831276,-11.780952,-8.04797,-7.4315248,-11.554612,-14.795395
1378_left.jpg,1378,0,1,0,0,0,0,0,3,-3.4705937,4.775019,-10.888586,-9.478134,-5.946312,-9.231583
1383_left.jpg,1383,0,1,0,0,0,0,0,4,-2.4946928,-6.0292573,-7.283263,-7.403763,-3.1214693,-9.006846
1386_left.jpg,1386,0,1,0,0,0,0,0,1,-2.4875653,-1.7456807,-7.078296,-2.3421745,-5.487704,-7.14173
1388_left.jpg,1388,1,0,0,0,0,0,0,1,2.6833546,-11.156786,-14.499944,-11.179834,-11.11299,-11.832848
1389_left.jpg,1389,0,1,0,0,0,0,0,2,-3.0097816,-4.234641,-8.551082,-9.268974,0.6487224,-7.1541657
1392_left.jpg,1392,0,1,0,0,0,0,0,0,-3.9610147,1.1168718,-6.815552,-8.181967,-8.089601,-4.891878
1393_left.jpg,1393,0,0,0,0,0,0,1,0,1.2253488,-1.0752516,-8.020234,-5.0750256,-6.2352476,-8.229985
1396_left.jpg,1396,0,-1,0,0,0,0,0,2,-7.489529,0.7177489,-8.422748,-6.6728835,-9.569563,-9.205675
1397_left.jpg,1397,0,1,0,0,0,0,0,3,-1.3954284,-0.46674782,-7.9371157,-7.1402497,-8.005365,-4.237839
1402_left.jpg,1402,1,-1,0,0,0,0,0,3,-4.2199016,1.6486721,-9.689062,-7.6690855,-11.384245,-6.884462
1404_left.jpg,1404,0,-1,0,0,0,0,0,4,-7.5495768,-1.4963498,-10.5264435,-7.880754,-5.490626,-7.2225447
1405_left.jpg,1405,0,-1,0,0,0,0,0,2,-3.4508584,-3.4874406,3.9233882,-10.894703,-7.594335,-6.8082333
1406_left.jpg,1406,1,-1,0,0,0,0,0,1,-8.131262,11.37618,-8.979044,-8.287668,-12.339459,-6.0557365
1408_left.jpg,1408,0,0,0,0,0,0,0,0,-5.467959,5.966618,-8.526165,-4.167098,-11.465414,-4.3672023
1409_left.jpg,1409,1,0,0,0,0,0,0,1,-2.8184338,-1.279334,-9.421297,-6.615831,-8.672923,-5.9351277
1410_left.jpg,1410,0,-1,0,0,0,0,0,0,-3.0834186,1.508473,-3.4416025,-7.393144,-6.7009563,-6.2104325
1411_left.jpg,1411,0,1,0,0,0,0,0,4,-6.067653,8.44411,-8.297183,-8.544268,-6.7452245,-11.40632
1413_left.jpg,1413,1,0,0,0,0,0,0,3,-4.745238,-5.1152973,-9.572987,-6.688278,-7.089083,-9.372987
1414_left.jpg,1414,0,-1,0,0,0,0,0,2,-3.8293464,0.743464,-8.200845,-6.0637927,-7.315135,-1.5351456
1415_left.jpg,1415,0,0,1,0,0,0,0,2,-2.7456307,-5.608378,-8.077486,-5.4461117,-9.842997,-9.5022335
1416_left.jpg,1416,0,0,0,0,0,0,1,1,-5.2994,-2.4912868,-8.930124,-9.160265,-17.713148,-11.111807
1417_left.jpg,1417,0,0,0,0,0,0,1,0,-4.1223903,-4.9616175,2.930398,-7.5102315,-6.8798103,-5.1286283
1418_left.jpg,1418,0,-1,0,0,0,0,0,3,-1.0358315,-0.4036234,-8.835524,-11.462764,-7.9214873,-9.406274
1419_left.jpg,1419,0,-1,0,-1,0,0,0,2,-0.49531737,3.2800248,-6.886698,-4.5474606,-2.6714306,-6.381158
1420_left.jpg,1420,0,0,0,0,0,0,0,3,-3.7041638,-5.311027,3.9245539,-8.953114,-7.1996207,-7.8569465
1421_left.jpg,1421,0,-1,0,0,0,0,0,0,-5.0344253,0.5041189,-4.129846,-9.568925,-8.827636,-9.053721
1423_left.jpg,1423,0,-1,0,0,0,0,0,3,-4.1696253,2.9155695,-5.065846,-6.7178783,-4.5607824,-6.1507134
1424_left.jpg,1424,0,-1,0,0,0,0,0,4,-6.0067315,-3.8131142,-4.764648,-4.8539214,-10.883486,-2.1477768
1425_left.jpg,1425,0,0,0,0,0,0,1,2,-4.0891643,-2.0598307,-7.297642,-5.9076576,-4.3525424,-6.023708
1426_left.jpg,1426,0,-1,0,-1,0,0,0,2,-0.35124636,3.7569447,-5.8329434,-4.7826705,-5.6804833,-8.105171
1427_left.jpg,1427,0,0,0,0,0,0,1,4,-4.56192,-6.029696,-6.3085513,-4.775504,-6.0970707,-7.4126544
1428_left.jpg,1428,1,-1,0,0,0,0,0,3,1.2098097,-2.0493553,-4.500303,-8.887512,-5.991178,-7.367245
1429_left.jpg,1429,0,-1,0,0,0,0,0,0,-4.600288,-3.882197,-6.546277,-10.429591,-5.032462,-8.492332
1431_left.jpg,1431,0,-1,0,0,0,0,0,3,-4.246966,1.2375067,-9.035904,-7.482208,-7.0742326,-7.4713135
1433_left.jpg,1433,0,1,0,0,0,0,0,1,-4.284225,-2.174942,-10.470869,-6.8399253,-2.077881,-11.605495
1434_left.jpg,1434,1,-1,0,0,0,0,0,0,-2.4728465,7.480154,-7.2249947,-6.3735123,-3.627883,-8.566808
1435_left.jpg,1435,0,0,1,0,0,0,0,3,-5.8438287,-1.2842046,1.7372596,-5.8808756,-6.611373,-8.370648
1436_left.jpg,1436,0,1,0,0,0,0,0,2,-0.52749836,-6.908932,-10.066884,-7.4247284,0.56159353,-14.119561
1439_left.jpg,1439,0,1,0,0,0,0,0,2,-1.11279,-1.1640888,-5.252585,-9.5552635,-5.080968,-5.557834
1440_left.jpg,1440,0,1,0,0,0,0,0,2,-0.91262895,-2.5264468,-8.839776,-6.2041216,-6.5124745,-5.700808
1441_left.jpg,1441,0,1,0,0,0,0,0,3,-8.186666,0.047274403,-11.367338,-12.879145,-12.514963,-8.862031
1442_left.jpg,1442,1,1,0,0,0,0,0,4,-1.7804146,0.19963188,-10.119681,-2.6138434,-3.9698071,-8.721197
1443_left.jpg,1443,0,1,0,0,0,0,0,0,-5.732768,3.3807886,-8.26865,-8.382004,-9.553304,-8.032013
1444_left.jpg,1444,0,0,1,0,0,0,0,1,-5.113465,-3.8578837,-1.6490953,-7.52847,-7.8652954,-7.556507
1447_left.jpg,1447,0,1,0,0,0,0,0,0,-3.7229953,0.8727151,-4.717045,-6.950192,-9.741098,-7.9263964
1450_left.jpg,1450,0,1,0,0,0,0,0,1,-1.4972316,2.237912,-6.5584245,-3.4535,0.9272193,-10.266507
1452_left.jpg,1452,0,0,1,0,0,0,0,3,-7.3230057,-4.548872,-4.501074,-6.749004,-9.706774,-9.01139
1453_left.jpg,1453,0,0,0,0,0,0,1,1,-1.5677481,-0.40406537,-5.9437833,-10.938112,-4.7974496,-7.5102277
1454_left.jpg,1454,0,0,0,0,0,0,0,0,-2.4949615,2.7047977,-5.271223,-7.9101653,-3.2161784,-3.367852
1456_left.jpg,1456,0,0,1,0,0,0,0,4,-7.512428,1.1787392,-4.863452,-10.457248,-8.415594,-7.2256804
1458_left.jpg,1458,0,1,0,1,0,0,0,0,-4.3667703,1.0294154,-9.769753,-1.1827916,-5.199071,-6.978304
1460_left.jpg,1460,0,0,0,0,0,0,1,3,-4.3016925,1.0864072,-3.9318883,-7.2184834,-2.483757,-8.546503
1462_left.jpg,1462,0,1,0,0,0,0,0,1,-3.8057063,-5.1123505,-6.9994245,-9.717386,-6.640816,-10.549671
1465_left.jpg,1465,0,0,0,0,0,0,1,3,-4.8498626,-6.511361,-0.98022586,-6.5827265,-8.3687315,-11.016752
1468_left.jpg,1468,0,0,1,0,0,0,0,4,-5.7401695,-0.16393296,0.63263065,-11.280102,-7.4031878,-7.501468
1469_left.jpg,1469,0,1,0,0,0,0,0,0,-4.0844517,0.40754476,-5.5732164,-10.626663,-7.0922937,-9.676787
1470_left.jpg,1470,0,1,0,0,0,0,0,0,-3.276244,2.881379,-8.869337,-7.248478,-12.927666,-9.91139
1471_left.jpg,1471,0,1,0,0,0,0,0,1,-5.0615926,7.5100403,-4.6581807,-11.737577,-6.5139112,-7.8963294
1473_left.jpg,1473,0,1,0,0,0,0,0,4,-5.2410655,-6.381697,-10.200883,-9.8417425,-12.059961,-7.3739085
1474_left.jpg,1474,1,1,0,0,0,0,0,3,-3.1124995,-4.7509594,-9.915915,-10.915371,-5.768263,-3.343117
1476_left.jpg,1476,0,0,0,0,0,0,1,3,-2.2454524,-0.9579917,-4.4807706,-7.9640203,-9.047666,-7.5955033
1477_left.jpg,1477,0,1,0,0,0,0,0,2,-3.36479,-6.3545356,-8.512057,-4.7146583,-6.769992,-11.834498
1478_left.jpg,1478,0,1,0,0,0,0,0,2,-2.6306858,4.617383,-6.3587317,-6.471831,-7.323069,-7.3306575
1479_left.jpg,1479,0,1,0,0,0,0,0,4,-5.611746,0.3830286,-5.3456087,-11.613981,-6.9973497,-7.112281
1480_left.jpg,1480,0,0,0,0,0,0,0,4,-4.027101,-1.7378913,2.2469072,-9.657695,-6.3949065,-4.19805
1482_left.jpg,1482,1,1,0,0,0,0,0,4,-3.7529213,0.38120392,-10.309455,-10.859109,-7.2939186,-10.449274
1483_left.jpg,1483,0,0,1,0,0,0,0,4,-4.161552,-3.3634613,-3.081567,-8.803462,-10.829078,-8.598618
1484_left.jpg,1484,0,0,1,0,0,0,0,3,-3.8835974,-2.2648833,2.2346442,-6.8189826,-7.647751,-5.852214
1485_left.jpg,1485,0,0,0,0,0,0,1,4,0.8051606,-1.8259958,-7.4124236,-10.360386,-8.084479,-5.5333548
1486_left.jpg,1486,0,1,0,0,0,0,0,0,-4.9270706,-5.3673906,-9.279966,-7.33909,-9.542787,-6.0270543
1487_left.jpg,1487,0,1,0,0,0,0,0,0,-5.134127,-6.03747,-6.2870398,-7.1518598,-9.962355,-10.935507
1488_left.jpg,1488,0,1,0,0,0,0,0,2,-1.2657319,-1.7219664,-5.780836,-4.986416,-6.7936354,-10.963754
1489_left.jpg,1489,0,1,0,0,0,0,0,1,-4.9634204,4.896387,-4.833985,-6.101421,-1.4723057,-10.924001
1490_left.jpg,1490,0,0,0,0,0,0,1,2,-6.946349,-8.28468,-4.8142457,-6.248353,-6.2167115,-9.819233
1491_left.jpg,1491,0,1,0,0,0,0,0,0,-3.9416244,-5.85151,-5.532639,-9.105502,-4.9410005,-9.679142
1492_left.jpg,1492,0,1,0,0,0,0,0,2,-1.842712,1.0017238,-5.870518,-3.5625415,-1.1324215,-11.92798
1493_left.jpg,1493,0,1,0,0,0,0,0,3,-3.3106508,3.1268585,-4.8083673,-3.398501,-4.153502,-10.806324
1494_left.jpg,1494,0,1,0,0,0,0,0,4,-2.9499688,2.3462274,-7.277386,-9.795425,-7.5433,-12.584908
1495_left.jpg,1495,0,1,0,0,0,0,0,2,-3.27106,3.7020223,-8.008013,-3.391951,-3.2900057,-7.9021754
1496_left.jpg,1496,1,0,0,0,0,0,0,0,1.709083,-8.001162,-9.437844,-1.5189537,-5.493685,-2.6837652
1497_left.jpg,1497,0,1,0,0,0,0,0,4,-4.6561327,-2.9046056,-9.76618,-11.069966,-11.779832,-6.286204
1498_left.jpg,1498,0,1,0,0,0,0,0,0,-3.410481,-11.441843,-7.982371,-4.3243017,-8.733986,-8.826481
1503_left.jpg,1503,0,0,0,0,0,0,1,3,-4.3670177,0.40035838,-11.02796,-11.354556,-10.208775,-11.474653
1507_left.jpg,1507,0,0,0,0,0,0,1,2,-4.6731024,-1.2258608,-12.262367,-9.826302,-7.560643,-5.2187614
1510_left.jpg,1510,0,0,0,0,0,0,1,0,-2.6298175,-4.1379757,-7.3542466,-7.199647,-3.8839576,-14.578928
1513_left.jpg,1513,0,0,0,0,0,0,1,3,-3.4142003,-6.4088225,-2.8499854,-6.273294,-7.4333725,-5.5407324
1514_left.jpg,1514,0,1,0,0,0,0,0,1,-6.951481,-5.3127713,-12.216674,-8.325698,-13.762217,-12.968418
1515_left.jpg,1515,0,1,0,0,0,0,0,1,-5.065108,-3.5060918,0.68915904,-9.816256,-4.722016,-9.607725
1516_left.jpg,1516,0,0,0,0,0,0,0,4,-3.0756476,-5.5040774,-0.507941,-7.9039655,-11.00138,-3.1712866
1519_left.jpg,1519,0,0,0,0,0,0,1,4,-6.056391,-2.7484086,-10.61899,-10.994608,-8.343077,-5.0051394
1520_left.jpg,1520,0,0,0,0,0,1,0,3,-8.012474,-5.675937,-10.118397,-6.865606,-9.149023,-6.00899
1523_left.jpg,1523,0,0,0,0,0,1,0,4,-1.0314724,-4.8466,-6.5413117,-10.536667,-4.1680865,0.9707456
1526_left.jpg,1526,0,0,0,0,0,1,0,0,-0.9788025,-6.4429154,-11.282902,-5.603735,-8.737141,1.292453
1527_left.jpg,1527,0,0,0,0,0,1,0,1,-7.1056123,-5.385006,-9.012877,-7.901853,-7.749101,9.811036
1528_left.jpg,1528,0,0,0,0,0,1,0,3,-7.3221507,-5.405909,-12.61247,-7.6428323,-8.77531,7.7315083
1529_left.jpg,1529,0,0,0,0,0,1,0,3,-5.6281767,-13.121028,-13.655939,-11.686207,-15.2168455,8.608569
1530_left.jpg,1530,0,0,0,0,0,1,0,1,-2.739281,-7.9906917,-8.1607895,-4.3924704,-5.532063,5.149968
1531_left.jpg,1531,0,0,0,0,0,1,0,1,-3.8418717,-4.577962,-6.7311983,-5.8732038,-7.375023,7.483078
1532_left.jpg,1532,0,0,0,0,0,1,0,2,-4.9410043,-5.458377,-6.8357277,-5.802579,-7.5896173,8.239352
1533_left.jpg,1533,0,0,0,0,0,1,0,2,-0.5457774,-3.4860804,-6.6762075,-6.3548317,-9.829371,7.884588
1534_left.jpg,1534,0,0,0,0,0,1,0,4,-4.1840825,-6.645294,-10.542311,-3.9085963,-4.225427,10.564837
1535_left.jpg,1535,0,0,0,0,0,1,0,4,-6.8769245,-8.755902,-5.2246146,-11.739998,-6.39669,8.610591
1536_left.jpg,1536,0,0,0,0,0,1,0,1,-1.6466095,-3.2357817,-5.3940234,-4.537567,-8.603764,9.551183
1537_left.jpg,1537,0,0,0,0,0,1,0,3,-3.581287,-8.182703,-10.349086,-6.6170444,-10.248739,8.006437
1538_left.jpg,1538,0,0,0,0,0,1,0,2,-0.44570765,-6.045554,-4.5291343,-7.887196,-7.7122297,6.3290715
1539_left.jpg,1539,0,0,0,0,0,1,0,3,-5.3977265,-7.3203697,-9.61105,-6.2551694,-8.804695,10.1749735
1541_left.jpg,1541,0,0,0,0,0,1,0,3,-4.7082944,-5.407235,-5.3904414,-10.508365,-11.749812,5.6823797
1543_left.jpg,1543,1,0,0,0,0,1,0,0,-2.5030396,-2.1268396,-7.2475014,-8.194049,-6.5580425,8.117105
1544_left.jpg,1544,0,0,0,0,0,1,0,1,-4.7709794,-12.8390255,-9.783773,-7.786187,-9.88488,13.734571
1545_left.jpg,1545,0,0,0,0,0,1,0,3,-4.418367,-2.6288784,-9.78557,-7.3834596,-10.125842,2.453019
1546_left.jpg,1546,0,0,0,0,0,1,0,0,-7.695168,-11.422184,-7.7186465,-7.9514003,-9.5804205,10.046306
1547_left.jpg,1547,0,0,0,0,0,1,0,3,-5.7892685,-9.007877,-7.5222588,-9.360496,-7.419443,11.871026
1548_left.jpg,1548,0,0,0,0,0,1,0,0,-4.0859923,-5.299431,-11.513882,-6.3625865,-9.770453,9.811744
1549_left.jpg,1549,0,0,0,0,0,1,0,3,-4.937606,-5.764579,-3.7983837,-5.0731993,-9.5081835,4.2189937
1550_left.jpg,1550,0,0,0,0,0,1,0,3,-1.4096557,-12.701011,-12.997208,-12.635781,-10.269319,8.801924
1551_left.jpg,1551,0,0,0,0,0,1,0,0,-4.0201907,-12.703674,-8.988123,-4.616304,-11.375978,6.0507264
1552_left.jpg,1552,0,0,0,0,0,1,0,3,-4.4583874,-7.395554,-9.242248,-10.860451,-11.259857,4.4034724
1553_left.jpg,1553,0,0,0,0,0,1,0,3,1.9974003,-5.615656,-6.263452,-9.516228,-9.518173,3.549332
1554_left.jpg,1554,0,0,0,0,0,1,0,4,-5.3098674,-5.6439366,-6.780033,-2.0234838,-6.5676312,4.329585
1555_left.jpg,1555,0,0,0,0,0,1,0,2,-4.2074046,-5.674778,-11.33099,-8.281482,-10.790387,15.050775
1556_left.jpg,1556,0,0,0,0,0,1,0,0,-5.2519593,-10.884022,-11.506794,-8.648673,-10.176061,9.728792
1557_left.jpg,1557,0,0,0,0,0,1,0,1,-3.67613,-1.046742,-9.597783,-4.9805694,-9.500309,-1.565227
1558_left.jpg,1558,0,0,0,0,0,1,0,0,-8.162791,-7.2984166,-6.691996,-8.13871,-7.917956,11.869306
1559_left.jpg,1559,0,0,0,0,0,1,0,1,-0.9089054,-8.7346325,-8.411311,-8.489425,-9.873589,6.5679364
1561_left.jpg,1561,0,0,0,0,0,1,0,1,-4.0467505,-9.206833,-7.548971,-6.1962132,-11.6532545,9.013348
1562_left.jpg,1562,0,0,0,0,0,1,0,2,-4.9663014,-2.300973,-8.975258,-2.010168,-4.745159,11.121144
1563_left.jpg,1563,0,0,0,0,0,1,0,3,-5.9125032,-10.085981,-8.747722,-8.708537,-13.694822,11.067228
1564_left.jpg,1564,0,0,0,0,0,1,0,2,-6.132114,-8.79854,-7.2586727,-8.0433855,-9.544547,9.022405
1565_left.jpg,1565,0,0,0,0,0,1,0,3,-6.943208,-10.129721,-6.6965475,-10.90659,-10.52967,14.474101
1566_left.jpg,1566,0,0,0,0,0,1,0,3,-4.1968613,-8.399577,-12.950716,-13.798142,-10.05183,12.758882
1568_left.jpg,1568,0,0,0,0,0,1,0,4,-7.2243075,-11.326102,-7.9145436,-9.015719,-9.688257,7.877201
1569_left.jpg,1569,0,0,0,0,0,0,1,2,-3.0629475,-10.954635,-8.482137,-7.9462132,-7.263395,-7.1468897
1570_left.jpg,1570,0,0,0,0,0,1,0,3,-5.6812754,-9.613354,-6.974234,-7.1749535,-12.978032,10.413033
1571_left.jpg,1571,0,0,0,0,0,1,0,4,-4.4775662,-3.3122659,1.3769871,-5.821818,-2.626409,0.9636729
1572_left.jpg,1572,0,0,0,0,0,1,0,1,-4.402895,-7.8971515,-11.096246,-4.204381,-9.297096,10.031616
1576_left.jpg,1576,0,0,0,0,0,1,0,2,-2.2333891,-5.834363,-10.250918,-4.4563546,-7.2795076,7.6955695
1578_left.jpg,1578,0,0,0,0,0,1,0,4,-7.6270275,-8.400798,-5.912545,-2.4364944,-7.022552,6.636691
1579_left.jpg,1579,0,0,0,0,0,1,0,0,-4.2974772,-9.870707,-8.278369,-7.238762,-9.382327,7.5818744
1580_left.jpg,1580,0,0,0,0,0,1,0,4,-4.6418657,-8.393988,-10.315555,-10.318375,-8.580195,10.661051
1583_left.jpg,1583,0,0,0,0,0,1,0,0,-4.262228,-4.386874,-5.3100815,-4.0207763,-5.5881,6.0483127
1584_left.jpg,1584,0,0,0,0,0,1,0,4,-4.1699347,-6.243802,-9.27372,-6.8819976,-5.333862,12.238589
1586_left.jpg,1586,0,0,0,0,0,1,0,3,-3.8098369,-2.0443525,-9.595032,-6.5816402,-12.610425,11.78931
1588_left.jpg,1588,0,0,0,0,0,1,0,2,-4.75729,-7.50136,-10.667867,-7.029569,-11.353,8.442386
1589_left.jpg,1589,0,0,0,0,0,1,0,4,-3.7972963,-8.584596,-10.729455,-7.593689,-6.062144,13.6299095
1590_left.jpg,1590,0,0,0,0,0,0,1,0,-1.1646982,-0.6394711,-8.567545,-7.2527804,-6.9024496,-7.614056
1591_left.jpg,1591,0,0,0,0,0,1,0,1,-5.29398,-5.1562533,-8.955471,-7.1981564,-7.3396993,5.8414564
1593_left.jpg,1593,0,0,0,0,0,1,0,1,-1.9974408,-8.79185,-10.899613,-9.52614,-6.195848,10.683167
1594_left.jpg,1594,0,0,0,0,0,1,0,0,-2.712631,-8.594027,-5.7569847,-4.412039,-10.641976,7.759729
1598_left.jpg,1598,0,0,0,0,0,1,0,2,-2.2959073,-3.3378015,-10.598792,-6.559419,-6.6551414,5.423677
1599_left.jpg,1599,0,0,0,0,0,1,0,0,-6.7384315,-8.732156,-6.225156,-5.1056194,-10.613751,9.651942
1600_left.jpg,1600,0,0,0,0,0,1,0,0,-5.266968,-6.061451,-6.851137,-10.219882,-7.0284696,12.519637
1601_left.jpg,1601,0,0,0,0,0,1,0,2,-5.359162,-6.0332,-10.524819,-13.632155,-8.63077,8.1812525
1602_left.jpg,1602,0,0,0,0,0,1,0,1,-5.82589,-8.406205,-7.420897,-8.309369,-11.446959,10.129338
1603_left.jpg,1603,0,0,0,0,0,1,0,4,-3.4720447,-7.2784557,-5.6384645,-7.4026814,-5.831357,10.578605
1605_left.jpg,1605,0,0,0,0,0,1,0,0,-4.7529516,-6.8633447,-8.783628,-7.2226424,-8.189132,9.5272
1606_left.jpg,1606,0,0,0,0,0,1,0,2,-3.992903,-5.5237665,-10.060918,-4.2548356,-11.404752,13.678143
1607_left.jpg,1607,0,0,0,0,0,1,0,4,-0.4307958,-11.413534,-11.859439,-5.400946,-7.960991,7.0439467
1609_left.jpg,1609,0,0,0,0,0,1,0,3,-6.035701,-7.054526,-9.47477,-9.738981,-10.937668,12.816559
1610_left.jpg,1610,0,0,0,0,0,1,0,4,-5.176205,-6.066342,-10.828901,-8.708244,-6.2044806,10.456805
1611_left.jpg,1611,0,0,0,0,0,1,0,4,-2.2548854,-7.0594788,-5.865793,-6.2712083,-7.722915,6.8790736
1612_left.jpg,1612,0,0,0,0,0,1,0,2,-5.483401,-9.508033,-8.765173,-9.499381,-10.004281,13.913395
1613_left.jpg,1613,0,0,0,0,0,1,0,0,-5.8210483,-7.8253617,-7.151067,-6.8751936,-9.00304,8.565775
1615_left.jpg,1615,0,0,0,0,0,1,0,0,-4.567196,-8.539999,-7.158845,-8.008556,-8.369578,8.272792
1616_left.jpg,1616,0,0,0,0,0,1,0,4,-5.9158435,-12.281346,-9.943757,-9.085662,-7.5032187,14.42394
1617_left.jpg,1617,0,0,0,0,0,1,0,4,-1.994972,-5.973004,-10.143034,-9.146057,-9.793062,8.786224
1618_left.jpg,1618,0,0,0,0,0,1,0,4,-6.357082,-10.91397,-4.649727,-2.9493313,-9.763665,12.4683695
1619_left.jpg,1619,0,0,0,0,0,0,1,2,-0.2991976,-3.788025,-5.4879394,-2.379057,-8.825477,-2.236973
1620_left.jpg,1620,0,0,0,0,0,0,1,3,-2.0435195,-11.692727,-6.37834,-9.181152,-8.426501,-6.8119965
1621_left.jpg,1621,0,0,0,0,0,1,0,0,-4.7112374,-10.168419,-7.133708,-4.921909,-12.07759,6.8743997
1623_left.jpg,1623,0,0,0,0,0,1,0,2,-7.0334897,-8.112358,-4.4860487,-6.0198183,-10.090746,7.6773853
1624_left.jpg,1624,0,0,0,0,0,1,0,4,-6.5561776,-7.9200964,-8.176315,-8.970459,-9.161464,11.268545
1626_left.jpg,1626,0,0,0,0,0,1,0,0,-0.58970726,-5.3517427,-5.8426547,-8.922169,-8.867955,3.550264
1628_left.jpg,1628,0,0,0,0,0,1,0,4,-5.9206824,-9.42979,-11.402044,-10.5281105,-8.963951,5.9512525
1629_left.jpg,1629,0,0,0,0,0,1,0,2,-5.265974,-9.520238,-5.86401,-6.178908,-9.686706,13.302612
1630_left.jpg,1630,0,0,0,0,0,1,0,3,-5.9144607,-10.923359,-7.979778,-11.368597,-9.440182,11.73574
1638_left.jpg,1638,0,0,0,0,0,1,0,3,-5.07395,-3.7633834,-10.629238,3.4631417,-9.517916,-1.8222826
1640_left.jpg,1640,0,0,0,0,0,1,0,2,-2.5801153,-5.70389,-6.8984494,-4.3586297,-8.632001,8.278086
1643_left.jpg,1643,0,0,0,0,0,1,0,4,-6.2813497,-7.1076236,-8.535669,-10.174926,-4.8404803,7.6136136
1644_left.jpg,1644,0,0,0,0,0,0,0,1,-5.4707084,-6.9930806,8.938194,-8.99552,-7.7931285,-8.063275
1647_left.jpg,1647,0,0,0,0,0,1,0,2,-4.9139404,-11.177305,-9.262327,-8.833603,-13.416091,10.237218
1662_left.jpg,1662,0,0,0,0,0,1,0,1,-2.7579508,-1.3291149,-0.822531,-4.1907854,-5.28298,1.9811902
1663_left.jpg,1663,0,0,0,0,0,1,0,1,-2.9084022,-2.9751158,-6.0067897,-5.8794723,-8.364411,4.527332
1666_left.jpg,1666,0,0,0,0,0,0,1,0,-2.9409213,-0.64625174,-8.209305,-13.002771,-6.2590475,-8.368004
1673_left.jpg,1673,0,0,0,0,0,0,0,2,-1.6027093,-2.7568002,-8.710704,-7.8014765,-4.1441903,-8.827706
1674_left.jpg,1674,1,0,0,0,0,1,0,0,-2.7956212,-7.7852025,-5.369156,-11.080526,-9.513471,10.849408
1681_left.jpg,1681,0,0,0,0,0,0,0,4,-4.5667133,-6.2047133,3.7097747,-10.927308,-5.46463,-6.3768854
1686_left.jpg,1686,0,0,0,0,0,1,0,1,-3.855163,-3.5127442,-8.083707,-5.1881027,-6.8589625,5.523993
1694_left.jpg,1694,0,0,0,0,0,0,0,1,-3.244425,-3.0577939,1.6294676,-3.6210904,-7.0881705,1.0981747
1710_left.jpg,1710,0,0,0,0,0,1,0,4,-1.7600205,-8.531432,-9.085436,-7.3208103,-6.852478,8.246593
1716_left.jpg,1716,0,0,0,0,0,1,0,1,-8.1999235,-4.0192876,-11.3994055,-8.825622,-12.512479,5.354654
1718_left.jpg,1718,1,0,0,0,0,0,0,2,2.953292,-1.948246,-6.6640744,-6.688064,-3.2235262,-1.8301054
1731_left.jpg,1731,0,0,0,0,0,1,0,1,-3.183285,-2.218065,0.3637495,-8.167254,-7.9608674,1.696685
1817_left.jpg,1817,0,0,0,1,0,0,0,2,-5.0289335,-5.2409697,-9.251602,6.2532783,-5.9239573,-7.565047
1819_left.jpg,1819,0,0,0,1,0,0,0,1,-1.1317993,-5.9318023,-10.331049,6.0636406,-10.742622,-7.816734
1820_left.jpg,1820,0,0,0,1,0,0,0,2,-3.7196624,-3.474608,-5.9334207,3.1081407,-6.1071486,-7.9480634
1829_left.jpg,1829,0,0,0,1,0,0,0,4,-6.871211,-3.9097202,-9.396354,5.3934016,-9.878438,-7.344652
1830_left.jpg,1830,0,0,0,1,0,0,0,1,-4.6307845,-2.8385606,-9.040464,5.9102855,-9.328699,-8.037864
1831_left.jpg,1831,0,0,0,1,0,0,0,1,-6.490527,-8.696591,-13.2256,10.133373,-13.9073105,0.7343822
1833_left.jpg,1833,0,0,0,0,1,0,0,0,3.5845983,-5.093316,-6.4276423,-3.0820453,-3.7438736,-8.313329
1834_left.jpg,1834,0,0,0,1,0,0,0,1,-4.4047947,-11.411657,-7.9564066,8.79921,-8.949257,-10.311556
1835_left.jpg,1835,0,0,0,1,0,0,0,0,-6.9547844,-6.132954,-14.2494135,7.411649,-9.991816,-9.4981165
1836_left.jpg,1836,0,0,0,1,0,0,0,2,-4.087783,-1.6944242,-5.98729,8.529069,-4.518017,-4.738526
1837_left.jpg,1837,0,0,0,0,0,0,1,1,-2.233987,-12.410787,-11.492674,-7.721298,-9.305118,-10.237019
1838_left.jpg,1838,1,0,0,0,0,0,0,3,7.7122335,-5.3157663,-6.5569,-3.7039936,-5.036132,-7.7043133
1840_left.jpg,1840,0,0,0,1,0,0,0,1,-4.3687534,-6.898688,-7.7512403,11.43228,-11.6257925,-8.554998
1841_left.jpg,1841,0,0,0,1,0,0,0,0,-2.5265162,1.5180249,-7.485217,0.11537272,-7.6462355,-7.1580153
1843_left.jpg,1843,0,0,0,1,0,0,0,2,-5.766939,-4.7603703,-11.107998,7.0504127,-9.164093,-6.1487446
1844_left.jpg,1844,0,0,0,1,0,0,0,4,-4.748746,-6.368322,-10.962528,4.5166306,-14.918183,-4.8501554
1845_left.jpg,1845,0,0,0,1,0,0,0,4,1.3828065,-9.569607,-10.059749,4.656698,-7.8078246,-10.005884
1846_left.jpg,1846,0,0,0,1,0,0,0,2,-3.8518698,-4.2447,-2.0924504,-1.623599,-4.8550444,-5.1566234
1847_left.jpg,1847,0,0,0,1,0,0,0,1,-9.518332,-5.951992,-8.446659,9.409292,-11.629362,-10.391477
1850_left.jpg,1850,0,0,0,1,0,0,0,2,-2.3483665,-6.633869,-7.7124467,5.87335,-5.159236,-7.5312486
1853_left.jpg,1853,0,0,0,0,1,0,0,3,0.23062144,-1.0904096,-6.81816,-5.422643,-2.6875675,-8.473625
1854_left.jpg,1854,0,0,0,1,0,0,0,4,-4.77985,-4.3853345,-9.370434,-2.8547828,-8.25512,2.9678066
1856_left.jpg,1856,0,0,0,1,0,0,0,3,-9.077522,-0.8784417,-13.761586,10.0102,-7.943441,-6.960415
1857_left.jpg,1857,0,0,0,1,0,0,0,3,1.4737288,-7.0098424,-8.063969,-6.9007506,-7.5899186,0.95081323
1859_left.jpg,1859,0,0,0,1,0,0,0,4,-3.3100991,-3.1414087,-11.12544,4.933072,-10.875271,-8.76114
1862_left.jpg,1862,0,0,0,1,0,0,0,1,-8.430289,-6.417701,-7.67175,9.5548725,-9.861309,-7.5714507
1867_left.jpg,1867,0,0,0,0,1,0,0,1,0.60177493,-9.891609,-11.07978,-2.3238409,-4.3979754,-7.8262587
1868_left.jpg,1868,0,0,0,0,0,0,1,2,-2.3703074,-9.072528,-6.274453,-6.802613,-6.582065,-10.720428
1869_left.jpg,1869,0,0,0,1,0,0,0,3,-9.219897,-7.5764885,1.1958228,4.2067533,-9.517659,-4.8293033
1872_left.jpg,1872,0,0,0,1,0,0,0,3,-3.0136313,-7.8529086,-11.138097,5.4202375,-8.2960825,-12.217476
1873_left.jpg,1873,0,0,0,0,0,0,1,3,-1.4892141,-6.192803,-8.387297,-8.058646,-10.358531,-13.955368
1874_left.jpg,1874,0,0,0,1,0,0,0,1,-4.6493273,-5.957715,-10.92786,5.429899,-13.1322,-1.5805031
1876_left.jpg,1876,0,0,0,0,0,0,1,4,-4.1649566,-4.352686,-7.541167,1.9417185,-8.774497,-10.455994
1877_left.jpg,1877,0,0,0,1,0,0,0,1,-5.5278234,-5.04402,-6.992382,6.8508883,-5.381716,-8.330396
1878_left.jpg,1878,0,0,0,1,0,0,0,2,0.1357668,-11.640354,-11.33958,5.3133774,-11.464969,-11.567207
1879_left.jpg,1879,0,0,0,1,0,0,0,4,-5.6348586,-9.409703,-15.770967,2.5397878,-16.804188,-8.634105
1880_left.jpg,1880,0,0,0,1,0,0,0,2,-4.0253415,-7.480423,-11.353793,-3.3551192,-9.154745,-9.775529
1881_left.jpg,1881,0,1,0,1,0,0,0,4,-3.351243,-2.4320967,-10.649451,2.8410308,-8.540422,-4.5721493
1884_left.jpg,1884,0,0,0,0,0,0,0,3,-6.911457,1.2164699,1.8927447,-9.396552,-5.932809,-7.231119
1885_left.jpg,1885,0,0,0,1,0,0,0,3,-3.2638855,-7.8888845,-14.61451,4.919861,-6.4822187,-8.223892
1886_left.jpg,1886,0,0,0,1,0,0,0,3,-6.269354,-6.8922405,-7.812391,2.5463989,-7.9387054,-5.1729274
1889_left.jpg,1889,0,0,0,1,0,0,0,0,-6.8063073,-5.926284,-10.484528,9.505529,-6.718527,-5.4299297
1890_left.jpg,1890,0,0,0,1,0,0,0,1,2.2384963,-3.6894321,-9.507376,-1.769899,-4.54631,-7.5451612
1891_left.jpg,1891,0,0,0,-1,0,0,0,0,-4.328289,-6.9404306,-7.9707346,-4.4689555,-11.8549,-13.523815
1892_left.jpg,1892,0,0,0,1,0,0,0,0,-4.369329,-7.5525475,-4.608033,0.104686975,-7.5862813,-2.3072298
1893_left.jpg,1893,0,0,0,1,0,0,0,1,-1.7594656,-5.4561076,-11.717959,4.204717,-4.363779,-7.5285153
1919_left.jpg,1919,0,0,0,0,0,0,0,3,-4.354843,-6.0421453,1.5417322,-6.1416287,-4.7408595,-5.551398
1942_left.jpg,1942,1,0,0,1,0,0,0,2,3.6029766,-6.8423915,-14.355461,-1.2199879,-3.4414065,-13.847425
1959_left.jpg,1959,0,1,0,0,0,0,0,3,-5.718479,0.53534603,-8.268609,-0.2234513,-8.286853,-9.737566
1963_left.jpg,1963,1,0,0,0,0,0,0,4,-2.1030667,-10.989948,-12.017201,-8.659935,-9.372062,-10.966719
1964_left.jpg,1964,0,1,0,0,0,0,0,4,-5.1767435,-5.121759,-7.690623,-1.2759944,-7.961699,-10.79568
1965_left.jpg,1965,1,1,0,0,0,0,0,4,2.1858742,9.0005045,-10.632309,-10.008459,-5.281832,-6.294437
1967_left.jpg,1967,0,1,0,0,0,0,0,4,-6.5768046,3.9506466,-11.149552,-9.074125,-9.730062,-7.9301357
1968_left.jpg,1968,0,0,1,0,0,0,0,4,-1.6848726,-3.630963,1.0448732,-7.0669036,-5.1110115,-7.2484784
1970_left.jpg,1970,0,1,0,0,0,0,0,3,-4.7289863,8.949632,-11.648156,-5.515304,-7.4934597,-6.5217195
1971_left.jpg,1971,0,-1,0,0,0,0,0,0,-4.681877,2.323784,-5.119578,-8.480013,-9.581633,-7.9395466
1975_left.jpg,1975,0,1,0,0,0,0,0,2,-3.0325234,-2.419555,-6.6655087,-1.0983652,-10.442445,-7.6265516
1977_left.jpg,1977,0,1,0,0,0,0,0,2,-5.3974566,-1.7267935,-2.519765,-9.417924,-10.256616,-2.6531117
1985_left.jpg,1985,1,1,0,0,0,0,0,1,0.5005195,-4.5446696,-8.605036,-5.718406,-1.9475005,-7.913223
1986_left.jpg,1986,0,1,0,0,0,0,0,1,-6.478987,2.8708067,-7.10564,-6.3765345,-9.149062,-7.547464
1987_left.jpg,1987,0,0,1,0,0,0,0,3,-3.764684,-7.32194,2.0294433,-10.211092,-4.9053464,-8.564408
1989_left.jpg,1989,0,0,0,0,1,0,0,4,-1.4314485,-5.040416,-5.570661,-10.312304,-5.709892,-10.622883
1990_left.jpg,1990,0,0,0,0,0,0,1,2,0.96823204,-8.687595,-5.3774114,-3.8903565,-3.0434453,-8.921616
1994_left.jpg,1994,1,0,1,0,0,0,0,1,-2.408897,-2.5221794,0.20647092,-6.474166,-4.712614,-6.8112707
1999_left.jpg,1999,0,0,0,0,0,0,0,2,5.532031,-2.2666712,-12.433938,-7.388885,-9.086137,-7.025676
2004_left.jpg,2004,0,0,0,0,1,0,0,0,0.9952645,-4.0744033,-7.225062,-5.7974596,-0.08210395,-8.047746
2006_left.jpg,2006,0,1,0,0,0,0,0,0,-2.1744099,-3.6689887,-7.7277923,-0.10941428,-3.00812,-7.914983
2010_left.jpg,2010,1,-1,0,0,0,0,0,1,-4.1295857,-1.3298385,-10.1721735,-7.7163167,-3.645656,-8.140992
2020_left.jpg,2020,0,-1,0,0,0,0,0,4,-2.7384665,1.6043308,-8.738768,-11.687838,-4.961613,-10.265119
2030_left.jpg,2030,0,1,0,0,0,0,0,1,-4.3949924,6.536745,-4.61526,-6.9771147,-3.939907,-10.113965
2032_left.jpg,2032,1,0,0,0,0,0,0,0,-0.77572834,-11.00628,-11.443435,-8.364648,-7.730982,-9.946446
2034_left.jpg,2034,0,0,0,1,0,0,0,4,-0.08123502,-3.2685673,-11.269272,-5.495742,-6.80537,-9.81037
2041_left.jpg,2041,0,1,0,1,0,0,0,4,1.951217,-4.497608,-5.279646,-5.2044306,-3.3990793,-6.702284
2048_left.jpg,2048,0,0,0,0,1,0,0,1,-2.5063326,-6.356529,-1.7978568,-6.735779,-13.594074,-7.290391
2052_left.jpg,2052,0,0,1,0,1,0,0,3,-2.530463,-4.870088,-8.462082,-5.097313,-4.145027,-8.429564
2053_left.jpg,2053,0,0,0,1,0,0,0,2,-4.148505,-12.4964075,-5.6793933,-7.4271913,-5.6105466,-8.103452
2063_left.jpg,2063,0,1,0,0,0,0,0,3,-1.4284977,5.311752,-8.217117,-7.09387,-5.504436,-6.2387004
2064_left.jpg,2064,1,0,0,0,1,0,0,3,3.0547748,-4.571985,-3.8448117,-2.8950934,1.5941216,-10.32683
2065_left.jpg,2065,0,0,0,1,0,0,0,4,-3.7398703,-7.033055,-7.949275,2.2370074,-9.957423,-11.321295
2066_left.jpg,2066,0,0,0,0,1,0,0,2,0.72192454,-14.486387,-10.933341,-9.775448,-2.990093,-12.996691
2070_left.jpg,2070,0,0,0,0,1,0,0,4,-1.2161503,-7.709754,-9.705672,-6.1347666,-9.64995,-11.45916
2074_left.jpg,2074,0,1,0,0,0,0,0,3,-2.3461568,4.6831665,-7.0751853,-8.287026,-5.288069,-8.398542
2078_left.jpg,2078,1,0,0,1,0,0,0,3,-0.7994479,-0.7652486,-5.0963187,-6.186307,-4.303923,-10.2197275
2095_left.jpg,2095,0,0,0,0,0,0,1,4,-3.720372,-7.153609,-1.8107103,-3.5557423,-9.176531,1.0480573
2096_left.jpg,2096,1,0,0,0,0,0,0,2,-4.2397175,-11.543701,-8.922813,-5.712558,-7.5110474,-10.051289
2097_left.jpg,2097,0,0,0,0,0,0,1,0,-4.551458,-4.12742,-6.2664905,-7.817442,-13.524824,-7.1003613
2098_left.jpg,2098,0,0,1,0,0,0,0,0,-5.6248555,-5.271831,4.59522,-9.069485,-7.0776143,-3.0857122
2099_left.jpg,2099,0,0,1,0,0,0,0,0,-1.3303773,-4.9849677,3.9725072,-8.919787,-7.2644043,-6.459676
2100_left.jpg,2100,1,0,0,0,0,0,0,2,-4.2586656,-4.039439,1.3252302,-3.8707023,-4.3514314,-7.5202966
2101_left.jpg,2101,0,0,1,0,0,0,0,4,-7.8229804,-2.4479854,2.9037688,-7.9037786,-7.2935233,-5.299085
2103_left.jpg,2103,1,0,1,0,0,0,0,1,-4.1808743,-8.960202,3.5891073,-7.339428,-4.13547,-10.764105
2104_left.jpg,2104,0,0,1,0,0,0,0,1,-7.193119,-2.1785345,4.152903,-6.9617977,-6.2979946,-7.776232
2105_left.jpg,2105,0,0,1,0,0,0,0,0,-4.264153,-6.3291535,4.5416718,-6.811621,-5.7983766,-6.180072
2106_left.jpg,2106,0,0,0,0,0,0,1,0,0.33019587,-5.52051,-8.860914,-8.973624,-11.463336,-10.719688
2107_left.jpg,2107,0,0,1,0,0,0,0,1,-5.16052,-3.3255606,3.2744362,-8.041616,-6.713281,-6.4617386
2108_left.jpg,2108,0,0,1,0,0,0,0,2,-6.0352583,-6.7240505,3.6625552,-8.318633,-7.5849543,-8.799417
2109_left.jpg,2109,0,0,1,0,0,0,0,4,-5.045623,-8.335544,5.1409836,-8.076878,-6.7780557,-6.749048
2110_left.jpg,2110,0,0,1,0,0,0,0,2,-6.8413544,-7.5526857,6.5051436,-8.9085655,-8.9821205,-9.534444
2111_left.jpg,2111,0,0,1,0,0,0,0,4,-4.5129514,-8.767479,5.4938216,-9.182153,-7.32472,-7.92581
2112_left.jpg,2112,0,0,0,0,0,0,0,1,-7.206005,-2.514776,-2.4112692,-7.205747,-10.319015,-7.0151467
2113_left.jpg,2113,0,0,1,0,0,0,0,3,-5.1390696,-9.963415,5.7209926,-7.7534204,-8.908287,-7.988839
2114_left.jpg,2114,0,0,1,0,0,0,0,3,-2.367292,-7.2777877,0.87521905,-11.189003,-4.432834,-7.6829796
2115_left.jpg,2115,1,0,0,0,0,0,0,3,-4.518952,-7.059167,1.0025445,-7.949253,-8.760909,-8.05677
2116_left.jpg,2116,0,0,1,0,0,0,0,3,-7.7880926,-7.4662223,4.6036015,-9.398682,-5.7579827,-8.054789
2117_left.jpg,2117,0,0,1,0,0,0,0,2,-6.5605025,-8.303198,7.2569065,-8.821921,-7.6644673,-8.9363985
2118_left.jpg,2118,0,0,0,0,0,0,0,1,-2.4755952,-4.571209,-4.440795,-6.6239986,-6.056578,-5.8269134
2119_left.jpg,2119,0,0,0,0,0,0,1,0,-4.061759,-6.304913,-8.289437,-9.956001,-5.7475514,-10.020849
2120_left.jpg,2120,0,0,1,0,0,0,0,0,-4.2502427,-2.9538157,3.3079145,-8.389161,-6.356928,-4.257913
2121_left.jpg,2121,0,0,1,0,0,0,0,1,-5.1244206,-4.780595,6.2586827,-7.620262,-7.834175,-7.666264
2122_left.jpg,2122,0,0,1,0,0,0,0,4,-2.6493802,-2.4979281,5.3834085,-10.595188,-7.5071115,-5.0489326
2123_left.jpg,2123,0,0,1,0,0,0,0,4,-5.7546477,-6.8396554,3.6688378,-7.482983,-9.435839,-4.8124967
2124_left.jpg,2124,0,0,1,0,0,0,0,3,-5.4260697,-5.712587,3.4244573,-5.9291487,-7.6117954,-7.979985
2125_left.jpg,2125,0,0,1,0,0,0,0,4,-5.1368637,-7.9660487,6.6025395,-8.015395,-6.7711,-6.578195
2126_left.jpg,2126,0,0,1,0,0,0,0,1,-4.88533,-1.01645,-5.621262,-6.3882413,-7.3216953,-3.7384546
2127_left.jpg,2127,0,0,1,0,0,0,0,1,-4.8992434,-3.8015633,4.098174,-10.196614,-5.660601,-6.56701
2128_left.jpg,2128,0,0,1,0,0,0,0,4,-5.7384963,-5.219742,3.937752,-4.5084376,-7.0089817,-6.0206294
2129_left.jpg,2129,0,0,1,0,0,0,0,3,-4.8292446,-7.2007637,7.351807,-9.531596,-7.7337813,-7.430728
2130_left.jpg,2130,0,0,1,0,0,0,0,3,-4.471661,-8.753184,4.2203374,-6.286738,-8.137081,-5.6302834
2132_left.jpg,2132,0,0,1,0,0,0,0,0,-5.83267,-6.260596,5.838277,-7.2287993,-6.2449136,-5.243132
2133_left.jpg,2133,0,0,1,0,0,0,0,0,-6.4314213,-6.7769365,5.553285,-7.677186,-8.56211,-6.155691
2134_left.jpg,2134,0,0,1,0,0,0,0,0,-8.045988,-4.024,-0.8158631,-6.187473,-8.017753,-7.1813345
2135_left.jpg,2135,0,0,1,0,0,0,0,2,-4.6317477,-9.844116,2.2327008,-8.900369,-4.1955924,-8.702314
2136_left.jpg,2136,0,0,1,0,0,0,0,2,-5.628733,-10.545489,6.3221517,-6.6401877,-7.1941156,-7.348349
2137_left.jpg,2137,0,0,1,0,0,0,0,1,-3.8529942,-5.617363,4.868924,-5.639953,-6.049503,-6.6010337
2138_left.jpg,2138,0,0,1,0,0,0,0,3,-4.001104,-6.2925797,5.004988,-6.3649397,-7.122104,-6.0662694
2140_left.jpg,2140,0,0,1,0,0,0,0,1,-2.3815525,-4.934363,5.565253,-9.029676,-6.0179653,-6.5195603
2141_left.jpg,2141,1,0,0,0,0,0,0,4,-2.2915478,-10.995339,-8.639467,-8.784466,-5.150338,-11.551544
2142_left.jpg,2142,0,0,1,0,0,0,0,1,-6.3768163,-6.563704,8.148019,-6.702417,-8.432043,-7.9093065
2143_left.jpg,2143,0,0,0,0,0,0,1,1,-5.078547,0.5465904,-4.5731807,-6.9990854,-9.698786,-4.1653996
2144_left.jpg,2144,0,0,1,0,0,0,0,4,-5.138205,-8.703991,6.672007,-10.498027,-6.1623197,-7.190006
2145_left.jpg,2145,0,0,1,0,0,0,0,2,-1.5252602,-11.705703,5.580035,-8.151247,-5.65116,-6.762012
2146_left.jpg,2146,0,0,1,0,0,0,0,1,-2.7066329,-7.012125,5.5136466,-7.9948564,-5.852059,-5.736135
2147_left.jpg,2147,0,0,1,0,0,0,0,2,-5.6964545,-6.626213,5.5226383,-10.166805,-8.294992,-11.115784
2149_left.jpg,2149,0,0,0,0,0,0,1,4,-5.0764637,-4.7556186,-2.18546,-4.858818,-8.637453,-9.395182
2150_left.jpg,2150,0,0,1,0,0,0,0,4,-5.472956,-9.569494,5.7652636,-9.657297,-8.049177,-7.271263
2151_left.jpg,2151,0,0,1,0,0,0,0,4,-5.44407,-8.292235,6.969188,-10.432382,-6.0361977,-6.798175
2152_left.jpg,2152,0,0,1,0,0,0,0,4,-2.9106927,-8.507047,5.022657,-10.073748,-6.854472,-6.546638
2153_left.jpg,2153,0,0,1,0,0,0,0,3,-2.929315,-4.390681,1.129054,-6.081745,-6.655852,-4.971088
2154_left.jpg,2154,0,0,1,0,0,0,0,0,-5.140738,-6.347168,8.040284,-7.54101,-6.8779583,-7.219342
2155_left.jpg,2155,0,0,1,0,0,0,0,3,-2.8090916,-6.2652035,3.4835086,-5.6740513,-7.297966,-6.9311614
2156_left.jpg,2156,0,0,1,0,0,0,0,4,-5.84964,-8.435828,5.930031,-9.825211,-8.375328,-6.3849626
2157_left.jpg,2157,0,0,1,0,0,0,0,0,-2.6121566,-6.104696,5.9961658,-9.287333,-5.776308,-6.8498755
2158_left.jpg,2158,0,0,1,0,0,0,0,0,-4.4218163,-3.040138,3.5271633,-8.146052,-3.6855912,-4.663076
2159_left.jpg,2159,0,0,1,0,0,0,0,1,-3.829783,-7.7921953,3.229613,-7.7726917,-6.678288,-7.7460327
2160_left.jpg,2160,0,0,0,0,0,0,1,4,-1.5411776,-4.2152677,-7.7490315,-10.838201,-5.8106384,-11.710447
2161_left.jpg,2161,1,0,0,0,0,0,0,4,7.9220576,-8.139527,-7.3075953,-7.101189,-5.0310264,-6.445776
2162_left.jpg,2162,0,0,0,0,0,0,1,4,-4.1534553,-5.2823105,-10.914529,-8.675846,-9.140908,-6.0364304
2163_left.jpg,2163,0,0,1,0,0,0,0,2,-5.073816,-9.555578,5.635231,-7.7512574,-6.695851,-6.235347
2164_left.jpg,2164,1,0,1,0,0,0,0,0,-3.84395,-6.087908,2.537467,-8.764119,-9.522702,-7.234858
2165_left.jpg,2165,1,0,0,0,0,0,0,2,-1.0066854,-8.033562,4.9973893,-5.4485273,-3.2739828,-4.670984
2166_left.jpg,2166,0,0,1,0,0,0,0,1,-5.990071,-5.106052,1.9859562,-4.7011356,-3.6381135,-4.8675346
2167_left.jpg,2167,0,0,1,0,0,0,0,4,0.5530705,-6.1174464,6.5239806,-8.433441,-6.7033644,-7.631347
2168_left.jpg,2168,0,0,1,0,0,0,0,3,-5.8404875,-9.011829,3.4057636,-5.8680315,-5.4171457,-10.548346
2169_left.jpg,2169,0,0,1,0,0,0,0,1,-4.493222,-7.5210834,6.1443596,-6.3660398,-6.089809,-5.4060307
2170_left.jpg,2170,0,0,1,0,0,0,0,2,-6.587901,-6.473471,8.024233,-10.07064,-8.024848,-7.2688065
2171_left.jpg,2171,0,0,1,0,0,0,0,1,-7.335077,-6.7051125,3.436428,-5.535835,-4.229914,-5.556842
2172_left.jpg,2172,0,0,1,0,0,0,0,1,-5.0303044,-3.3959246,2.2586744,-5.3596706,-5.714959,-5.3603144
2173_left.jpg,2173,0,0,0,0,0,0,0,2,-4.834433,-3.7056093,-1.312608,-5.6124578,-6.4940886,-2.2688112
2174_left.jpg,2174,0,0,0,0,0,0,1,2,-0.48129138,-9.307383,-1.9492115,-4.8242435,-4.126881,-9.083141
2175_left.jpg,2175,0,0,1,0,0,0,0,4,-6.458759,-7.9185205,5.318681,-6.1995487,-5.491627,-4.9315853
2176_left.jpg,2176,0,0,1,0,0,0,0,1,-4.4558506,-7.690959,4.9619894,-5.715311,-5.645931,-8.276242
2177_left.jpg,2177,0,0,0,0,0,0,0,0,-3.5282342,-3.8916304,2.6644177,-5.885465,-5.2437987,-5.6502595
2178_left.jpg,2178,0,0,1,0,0,0,0,4,-6.689923,-3.9030547,-0.6667226,-10.387268,-4.958292,-7.5203824
2179_left.jpg,2179,0,0,1,0,0,0,0,0,-5.564113,-5.6121902,4.761894,-8.856631,-6.626241,-4.745133
2180_left.jpg,2180,0,0,1,0,0,0,0,0,-6.2073364,-6.8554935,6.259223,-5.3683853,-7.921253,-6.7599335
2181_left.jpg,2181,0,0,1,0,0,0,0,0,-3.5524268,-7.6186,6.282354,-5.4814134,-8.285331,-6.366812
2182_left.jpg,2182,0,0,1,0,0,0,0,2,-4.076427,-7.9099197,6.5874324,-6.0530524,-5.4946065,-6.348492
2183_left.jpg,2183,0,0,1,0,0,0,0,2,-5.846383,-9.14494,8.765283,-6.4777164,-9.425768,-9.876266
2184_left.jpg,2184,0,0,1,0,0,0,0,4,-7.8766303,-6.4195447,5.6799088,-10.242538,-6.958266,-6.7301984
2185_left.jpg,2185,0,0,1,0,0,0,0,2,-3.6600928,-8.281844,6.415648,-7.58822,-7.4522076,-7.996544
2187_left.jpg,2187,0,0,0,0,0,0,1,0,-0.94003177,-8.687633,-6.3173923,-4.5916753,-6.8936872,-12.321196
2189_left.jpg,2189,0,0,1,0,0,0,0,2,-7.964022,-8.241957,4.255782,-11.286976,-7.5649853,-8.744331
2190_left.jpg,2190,0,0,0,0,0,0,1,2,-4.517713,-7.1520867,-4.9847403,-6.387332,-7.999825,-6.0178466
2191_left.jpg,2191,0,0,0,0,0,0,1,2,-1.7858037,-4.3725505,-2.8374228,-4.616711,-5.4388247,-3.244461
2192_left.jpg,2192,0,0,1,0,0,0,0,3,-3.1211767,-5.32816,3.6895194,-2.567412,-5.493374,-4.581339
2193_left.jpg,2193,0,0,0,0,0,0,1,3,-2.852317,-5.316742,-0.23320109,-3.8906674,-4.9818954,-7.690119
2194_left.jpg,2194,0,0,1,0,0,0,0,0,-4.6753244,-6.505775,6.4594584,-7.0081234,-5.3971186,-7.9475822
2195_left.jpg,2195,0,0,1,0,0,0,0,4,-3.9041562,-8.484392,6.7993193,-10.157274,-7.6455674,-7.754728
2196_left.jpg,2196,0,0,0,0,0,0,1,4,-2.6869621,-4.1343274,-3.4921458,-4.8180137,-10.328936,-5.198987
2197_left.jpg,2197,0,0,0,0,0,0,1,1,-2.9924235,-5.244129,-7.328249,-7.8486753,-9.145488,-5.611873
2198_left.jpg,2198,0,0,1,0,0,0,0,1,-4.850269,-7.5060463,0.08300987,-7.242818,-3.296114,-10.712691
2199_left.jpg,2199,0,0,1,0,0,0,0,3,-7.3616166,-10.801269,8.19639,-6.494714,-6.689699,-9.06583
2200_left.jpg,2200,0,0,1,0,0,0,0,3,-4.7237253,-8.131216,6.6957064,-9.168851,-4.9496727,-6.273233
2201_left.jpg,2201,1,0,0,0,0,0,0,4,2.0776987,-7.598122,-0.6703479,-13.180775,-6.450546,-9.7500725
2203_left.jpg,2203,0,0,1,0,0,0,0,1,-2.5589786,-5.3937235,3.021247,-8.6225815,-5.515431,-9.422624
2204_left.jpg,2204,0,0,1,0,0,0,0,1,-4.939512,-3.6602967,6.694164,-7.0104585,-4.555369,-6.233063
2205_left.jpg,2205,0,0,0,0,0,0,1,1,-3.0065832,-9.529235,-0.8997663,-7.7984962,-5.995317,-12.0729885
2206_left.jpg,2206,0,0,1,0,0,0,0,0,-4.6649303,-6.449995,6.080577,-5.5418496,-6.029805,-7.1530466
2207_left.jpg,2207,0,0,1,0,0,0,0,4,-4.318245,-7.64977,2.6160915,-10.714463,-8.26985,-7.9693837
2208_left.jpg,2208,0,0,0,0,0,0,0,3,-1.6849134,-5.0813074,-5.23609,-5.4582543,-13.23753,-13.011715
2209_left.jpg,2209,0,0,1,0,0,0,0,2,-2.6416821,-7.148301,6.4317255,-9.843501,-5.6672177,-7.2317104
2210_left.jpg,2210,0,0,1,0,0,0,0,2,-5.8626513,-5.766315,5.4568663,-6.7824173,-7.195008,-7.315567
2211_left.jpg,2211,0,0,1,0,0,0,0,0,-7.826677,-8.448624,8.977974,-6.5522017,-8.356744,-7.515713
2212_left.jpg,2212,0,0,1,0,0,0,0,1,-6.9213433,-4.0113716,4.576466,-4.7644963,-6.8566146,-5.5544324
2213_left.jpg,2213,0,0,1,0,0,0,0,2,-4.1463037,-6.8800716,2.0858855,-8.677651,-4.280335,-8.455293
2215_left.jpg,2215,0,0,1,0,0,0,0,3,-3.2329886,-5.4278708,2.9160292,-11.319843,-7.328431,-4.482706
2216_left.jpg,2216,0,0,1,0,0,0,0,2,-3.8781893,-5.734884,8.686991,-10.79487,-3.5692606,-8.69371
2217_left.jpg,2217,0,0,1,0,0,0,0,2,-4.2654004,-6.564607,5.8218246,-7.1584663,-6.1333747,-7.7266526
2218_left.jpg,2218,0,0,0,0,0,0,1,2,-6.314053,-9.762051,-9.901571,-7.0186753,-8.379999,-14.077377
2219_left.jpg,2219,0,0,1,0,0,0,0,3,-6.023135,-9.156787,10.058129,-10.420936,-5.147357,-6.417502
2220_left.jpg,2220,1,0,0,0,0,0,0,0,-2.9453616,-2.3959074,2.0502257,-10.921581,-6.729176,-0.83802354
2221_left.jpg,2221,0,0,1,0,0,0,0,0,-6.070079,-6.86729,7.0891037,-6.4812903,-3.9406388,-7.597992
2222_left.jpg,2222,0,0,1,0,0,0,0,0,-1.4527589,-4.4203906,1.1351987,-7.5586677,-8.296165,-6.990006
2223_left.jpg,2223,0,0,1,0,0,0,0,2,-4.5997634,-10.051293,7.6731687,-7.5384235,-7.0288377,-10.159742
2225_left.jpg,2225,0,0,1,0,0,0,0,2,-1.6647648,-6.3435907,-1.3902781,-8.706551,-4.945247,-11.648225
2226_left.jpg,2226,0,0,1,0,0,0,0,2,-4.716204,-9.2505865,1.3824177,-10.461623,-4.815944,-7.7009025
2227_left.jpg,2227,0,0,1,0,0,0,0,0,-4.4722843,0.9908878,2.0731277,-5.444489,-7.2547727,-6.167229
2228_left.jpg,2228,1,0,0,0,0,0,0,0,-0.6548549,-8.400968,-6.091774,-9.354025,-7.2306757,-8.447866
2229_left.jpg,2229,0,0,1,0,0,0,0,3,-4.678762,-8.731232,8.176923,-6.7581415,-7.341442,-8.058362
2232_left.jpg,2232,0,0,1,0,0,0,0,1,-8.011953,-6.0433564,6.5819087,-6.3008585,-6.8862853,-5.784714
2233_left.jpg,2233,0,0,1,0,0,0,0,3,-5.539978,-9.497665,7.315971,-8.010152,-5.7108903,-8.947404
2234_left.jpg,2234,0,0,1,0,0,0,0,4,-6.0311074,-3.8905509,4.519695,-8.762,-7.6481066,-6.7102265
2235_left.jpg,2235,0,0,1,0,0,0,0,1,-7.497849,-5.5439625,5.7369785,-6.5857263,-7.9094224,-6.78508
2236_left.jpg,2236,0,0,1,0,0,0,0,0,-6.0925646,-6.86576,-7.444717,-6.814768,-12.912173,1.4288423
2237_left.jpg,2237,0,0,0,0,0,0,1,1,-4.762962,-3.663272,-2.3415163,-6.678939,-3.4419894,-8.735246
2239_left.jpg,2239,0,0,1,0,0,0,0,3,-6.5705986,-10.689575,9.217375,-8.102265,-7.3482547,-11.940088
2240_left.jpg,2240,0,0,1,0,0,0,0,1,-8.806538,-8.270491,10.074579,-7.6534967,-10.487524,-7.95978
2241_left.jpg,2241,0,0,1,0,0,0,0,3,-2.9186702,-9.045534,5.585454,-8.722415,-6.4033213,-6.8544774
2242_left.jpg,2242,0,0,1,0,0,0,0,1,-4.9369626,-4.554805,6.811461,-5.9977093,-7.7241917,-6.9187307
2243_left.jpg,2243,0,0,1,0,0,0,0,3,-5.88259,-5.053962,5.2274933,-9.284582,-7.6984854,-7.49145
2246_left.jpg,2246,0,0,1,0,0,0,0,3,-4.297952,-7.1244555,4.2173824,-8.092649,-4.242167,-6.959375
2247_left.jpg,2247,0,0,1,0,0,0,0,1,-4.3337417,-5.93463,2.484002,-5.147008,-7.1387563,-5.1203895
2248_left.jpg,2248,0,0,1,0,0,0,0,2,-6.0717688,-6.2522683,5.6521435,-7.3840756,-5.8766255,-7.000631
2262_left.jpg,2262,0,0,1,0,0,0,0,3,-6.093677,-9.775853,6.1550674,-7.3934164,-6.1880965,-8.790453
2282_left.jpg,2282,1,0,0,0,0,0,0,4,0.76871204,-4.6323895,-6.616658,-7.2164183,-1.432152,6.186421
2329_left.jpg,2329,0,0,0,0,0,0,1,0,-3.956971,-10.566868,-7.8825245,-11.50892,-6.28004,-11.574051
2330_left.jpg,2330,0,0,0,0,0,0,1,2,-4.349569,-3.6740417,-10.026852,-5.940236,-7.7100425,-9.473908
2331_left.jpg,2331,0,0,0,0,0,0,1,3,-0.054542873,-4.8571095,-6.046156,-3.4320467,-8.161274,-11.131302
2332_left.jpg,2332,0,0,0,0,0,0,1,0,-3.2517848,-5.3275924,-6.790609,-10.98733,-9.363688,-9.595644
2333_left.jpg,2333,0,0,0,0,0,0,1,2,3.1283596,-10.114212,-11.96445,-13.043753,-10.853441,-7.6626034
2334_left.jpg,2334,0,0,0,0,0,0,1,3,-1.9419284,-11.844897,-6.1226015,-8.162483,-5.7725368,-11.88557
2335_left.jpg,2335,0,0,0,0,0,0,1,1,-6.1328616,-8.378162,-12.800793,-7.4123983,-14.605792,-10.596879
2336_left.jpg,2336,0,0,0,0,0,0,1,1,0.76287276,-10.469062,-11.792225,-8.283025,-7.868082,-7.8020115
2337_left.jpg,2337,0,0,0,0,0,0,1,1,-2.1002238,-5.3396773,-7.2927494,-2.8152804,-9.077369,-7.380233
2338_left.jpg,2338,0,0,0,0,0,0,1,3,-4.8058376,-9.528475,-6.890618,-7.960102,-8.367098,-9.780913
2339_left.jpg,2339,0,0,0,0,0,0,1,3,-2.3373494,-8.86258,-10.66501,-3.608241,-10.234587,-10.141128
2340_left.jpg,2340,0,0,0,0,0,0,1,4,-2.3776467,-6.8742185,-9.222247,-5.5692835,-10.787892,-13.901265
2341_left.jpg,2341,0,0,0,0,0,0,1,1,-3.92302,-4.584996,2.9450016,-8.0768385,-8.197069,-7.3671675
2342_left.jpg,2342,0,0,0,0,0,0,1,2,-1.5373327,-4.761851,-9.155206,-6.7839856,-8.640466,-8.878458
2343_left.jpg,2343,0,0,0,0,0,0,1,2,-2.233316,-7.8615465,-9.83772,-9.209661,-7.5599585,-12.1077795
2345_left.jpg,2345,0,0,0,0,0,0,1,2,-3.0146945,-11.166236,-10.718433,-5.465835,-8.406418,-10.156279
2346_left.jpg,2346,0,0,0,0,0,0,1,3,-6.324337,-4.8671193,-5.1929593,-9.497945,-12.381573,-1.9291651
2347_left.jpg,2347,0,0,0,0,0,0,1,0,-4.774023,-2.4722016,-6.5439057,-1.6615324,-10.100551,-6.880514
2348_left.jpg,2348,0,0,0,0,0,0,1,4,-1.9494497,-6.842405,-6.990087,-7.3673215,-9.415904,-10.719768
2349_left.jpg,2349,0,0,0,0,0,0,1,2,-1.2130475,-9.401307,-6.399203,-11.101579,-10.563482,-10.520031
2350_left.jpg,2350,0,0,0,0,0,0,0,4,-1.7415485,-9.597866,-4.751716,-7.81303,-11.960057,-9.117351
2351_left.jpg,2351,0,0,0,0,0,0,1,1,-2.8570917,-3.9318259,-10.228332,-6.1501384,-10.380678,-10.490611
2352_left.jpg,2352,0,0,0,0,0,0,1,4,-1.4776716,-6.518023,-10.4869995,-1.9111217,-11.73203,-8.782359
2353_left.jpg,2353,0,0,0,0,0,0,1,0,-7.907192,-0.06695404,-7.2094283,-3.734778,-9.412524,-10.170382
2354_left.jpg,2354,0,0,0,0,0,0,1,3,-1.3172519,-6.3142705,-12.30978,-6.6098685,-9.036519,-12.714537
2355_left.jpg,2355,0,0,0,0,0,0,1,4,-4.5588274,-7.650061,-9.272099,-10.872263,-12.846438,-10.615879
2356_left.jpg,2356,0,0,0,0,0,0,1,4,4.602236,-5.9140973,-8.707995,-5.8685703,-10.592831,-8.099524
2357_left.jpg,2357,0,0,0,0,0,0,0,2,-3.8181942,-6.4189763,-8.8322525,0.8831731,-11.30002,-6.759702
2359_left.jpg,2359,0,0,0,0,0,0,1,2,-2.850935,-7.709646,-7.4913497,-6.579628,-5.471764,-4.925224
2360_left.jpg,2360,0,0,0,0,0,0,1,0,-6.448946,-5.539298,-6.406627,-6.7464914,-5.728436,-7.911882
2361_left.jpg,2361,0,0,0,0,0,0,1,3,-3.5714712,-6.7670984,-6.452471,-6.250686,-9.668822,-0.61858916
2362_left.jpg,2362,0,0,0,0,0,0,1,0,-2.1929572,-13.760996,-7.054231,-11.525362,-6.9087634,-6.357577
2363_left.jpg,2363,0,0,0,0,0,0,1,2,1.5876153,-11.558564,-10.89587,-9.440964,-5.8222904,-6.614248
2364_left.jpg,2364,0,0,0,0,0,0,1,4,-1.095413,-11.586327,-14.975339,-3.8107858,-2.5093522,-2.452539
2365_left.jpg,2365,0,0,0,0,0,0,1,4,-7.6528435,-3.4276743,-11.50061,-10.051023,-13.24268,-6.7694726
2366_left.jpg,2366,0,0,0,0,0,0,1,4,-2.3352344,-5.8307657,-6.1894574,-4.9353375,-5.832511,-7.6576576
2367_left.jpg,2367,0,0,0,0,0,0,1,3,-3.2018747,-3.4594553,-6.0940986,-6.242518,-8.086764,-8.48005
2368_left.jpg,2368,0,0,0,0,0,0,1,1,-3.3367548,-7.33121,-14.460302,0.6808074,-11.505264,-11.014241
2369_left.jpg,2369,0,0,0,0,0,0,1,4,-2.9038734,-12.263316,-9.924319,-9.45439,-9.137716,-8.382565
2370_left.jpg,2370,0,0,0,0,0,0,1,3,-0.8332175,-7.4764605,-5.436339,-1.9917461,-6.603027,-10.417937
2371_left.jpg,2371,0,0,0,0,0,0,1,3,-2.6198745,-6.526109,-11.974744,-2.1156929,-8.926657,-15.405521
2372_left.jpg,2372,0,0,0,0,0,0,1,3,-3.3629336,-2.5355713,-5.566156,-5.035656,-5.4749594,-9.743983
2373_left.jpg,2373,0,0,0,0,0,0,1,1,-3.9476807,-2.6344297,-9.568282,-5.0986967,-9.1880665,-8.828315
2374_left.jpg,2374,0,0,0,0,0,0,1,1,-0.21443021,-2.6092732,-8.698075,-14.781506,-7.217313,-12.71481
2375_left.jpg,2375,0,0,0,0,0,0,1,3,-0.90750617,-3.5417304,-5.080789,-5.727723,-6.2334423,-9.412339
2376_left.jpg,2376,0,0,0,0,0,0,1,0,-2.6456351,-10.195706,-4.330624,-7.830708,-2.1130245,-9.265446
2377_left.jpg,2377,0,0,0,0,0,0,1,2,1.7990719,-8.64206,-3.2768044,-7.22824,-1.3294818,-6.5530868
2378_left.jpg,2378,0,0,0,0,0,0,1,3,-3.0913877,-8.058055,-9.748102,-5.692347,-10.698517,-9.257727
2379_left.jpg,2379,0,0,0,0,0,0,1,0,-3.2202477,-1.4432036,-3.2629516,-8.761857,-3.6192627,-9.144755
2380_left.jpg,2380,0,0,0,0,0,0,1,0,-3.5611396,-8.615257,-5.059161,-6.0324845,-8.101914,-9.41398
2381_left.jpg,2381,0,0,0,0,0,0,1,4,-0.759732,-7.8516607,-5.6665907,-10.401013,-5.723317,-10.895345
2382_left.jpg,2382,0,0,0,0,0,0,1,3,-1.1743708,-3.4239123,-6.3565645,-10.579446,-7.314532,-9.551169
2383_left.jpg,2383,0,0,0,0,0,0,1,4,-2.8921402,-5.9427166,-7.7987905,-9.627539,-7.6917458,-10.242003
2384_left.jpg,2384,0,0,0,0,0,0,1,4,1.2328329,-5.276466,-6.384143,-5.5760565,-5.5573125,-5.698172
2385_left.jpg,2385,0,0,0,0,0,0,1,0,-0.7115561,-1.1184517,-9.266579,-6.915639,-9.708748,-7.496389
2386_left.jpg,2386,0,0,0,0,0,0,1,1,-2.5886004,-7.2790384,-8.152186,-5.110428,-4.564019,-10.624179
2387_left.jpg,2387,0,0,0,0,0,0,1,4,-1.2797471,-9.294217,-11.054336,-10.921245,-7.473837,-10.613743
2388_left.jpg,2388,0,0,0,0,0,0,1,1,-4.432327,-5.2560005,-5.789554,-6.707842,-11.1283655,-6.5638785
2389_left.jpg,2389,0,0,0,0,0,0,1,1,-2.904248,-7.592768,-9.808261,-4.2757964,-8.812311,-7.5174694
2390_left.jpg,2390,0,0,0,0,0,0,1,1,-2.0891893,-3.4500754,-4.2405624,-7.366199,-8.578059,-10.774413
2391_left.jpg,2391,0,0,0,0,0,0,1,4,-2.033617,-9.136408,-6.1454606,-11.627139,-9.334974,-12.626268
2392_left.jpg,2392,0,0,0,0,0,0,1,3,2.4437997,-10.172939,-9.557704,-11.184984,-10.669961,-10.511446
2393_left.jpg,2393,0,0,0,0,0,0,1,2,-1.9921976,-8.832575,-6.1232033,-5.5943346,-7.3086147,-14.526143
2394_left.jpg,2394,0,0,0,0,0,0,1,2,-3.2594354,-6.405528,-2.9403515,-4.4669113,-5.6487,-0.88409925
2395_left.jpg,2395,0,0,0,0,0,0,1,0,-3.5763373,-2.2468545,-5.868815,-7.388476,-4.0873013,-8.298964
2396_left.jpg,2396,0,0,0,0,0,0,1,3,-3.8988104,-11.681383,-3.6048381,-5.62471,-7.0039,-11.195033
2397_left.jpg,2397,0,0,0,0,0,0,1,4,-3.239673,-13.133926,-8.715669,-10.384691,-11.715429,-7.7786174
2398_left.jpg,2398,0,0,0,0,0,0,1,4,1.3144218,-9.789398,-9.082895,-5.65517,-10.828372,-10.271269
2399_left.jpg,2399,0,0,0,0,0,0,1,1,-1.7412405,-9.058117,-5.929234,-1.7393012,-9.651844,-7.386688
2401_left.jpg,2401,0,0,0,0,0,0,1,1,-1.0541233,-6.3722816,-8.694122,-4.6917686,-5.5313115,-9.658424
2402_left.jpg,2402,0,0,0,0,0,0,1,2,1.2019601,-9.83726,-7.3090243,-0.57095164,-7.5737014,-9.377692
2403_left.jpg,2403,0,0,0,0,0,0,1,0,-0.9545619,-7.197222,-7.817914,-3.3967087,-3.8732777,-11.015182
2404_left.jpg,2404,0,0,0,0,0,0,1,2,-0.23367064,-9.751248,-7.6189933,-8.780286,-6.3996277,-8.722599
2405_left.jpg,2405,0,0,0,0,0,0,1,1,1.1915715,-10.277105,-8.404291,-8.558299,-10.168186,-11.142741
2406_left.jpg,2406,0,0,0,0,0,0,1,1,-2.358091,-0.8688883,-9.086763,-7.845027,-2.8575504,-9.862454
2407_left.jpg,2407,0,0,0,0,0,0,1,0,-1.9656525,-5.550396,-6.6037936,-6.2856374,-7.623022,-8.078854
2408_left.jpg,2408,0,0,0,0,0,0,1,3,2.5906947,-12.343189,-9.643631,-10.642436,-11.365308,-11.260421
2409_left.jpg,2409,0,0,0,0,0,0,1,1,0.74852514,-5.169566,-5.3712535,-6.241153,-0.3168444,-7.8067656
2410_left.jpg,2410,0,0,0,0,0,0,1,1,-3.1259224,-9.266696,-5.119105,-11.74596,-14.899408,-9.962329
2411_left.jpg,2411,0,0,0,0,0,0,1,4,-2.2202206,-9.296523,-11.12506,-9.243088,-10.646137,-11.307676
2412_left.jpg,2412,0,0,0,0,0,0,1,0,-1.445659,-8.64632,-6.780128,-8.689487,-9.14209,-9.470483
2413_left.jpg,2413,0,0,0,0,0,0,1,2,-2.7339628,-9.235431,-7.87638,-5.6377068,-4.2295847,-7.2481036
2414_left.jpg,2414,0,0,0,0,0,0,1,2,1.1018325,-9.979066,-3.4555738,-8.322837,-2.3955338,-10.405316
2415_left.jpg,2415,0,0,0,0,0,0,1,1,-1.1446995,-8.7247095,-7.166757,-8.2797785,-6.2086186,-4.623373
2416_left.jpg,2416,0,0,0,0,0,0,1,0,-2.5121908,-9.234107,-10.091606,-8.219645,-5.481661,-8.621184
2417_left.jpg,2417,0,0,0,0,0,0,1,0,-3.4595637,-7.11518,-6.4484153,-8.2300625,-6.3907146,-9.36409
2418_left.jpg,2418,0,0,0,0,0,0,1,2,-1.1530164,-8.906143,-6.3029356,-6.470882,-8.714905,-7.0641565
2419_left.jpg,2419,0,0,0,0,0,0,1,0,-5.7449517,-3.1812189,-2.3390822,-3.2140875,-3.3515651,-10.9349
2420_left.jpg,2420,0,0,0,0,0,0,1,1,-1.8772781,-11.082601,-8.000409,-6.5948715,-8.339755,-7.4079146
2421_left.jpg,2421,0,0,0,0,0,0,1,4,1.7215128,-7.5126767,-7.3358026,-7.3690867,-4.91025,-12.384748
2422_left.jpg,2422,0,0,0,0,0,0,1,4,-0.8943517,-10.762194,-7.0130343,-4.234087,-6.7690377,-10.496244
2423_left.jpg,2423,0,0,0,0,0,0,1,4,-1.7712075,-10.434278,-10.138264,-10.302694,-9.229446,-10.501452
2424_left.jpg,2424,0,0,0,0,0,0,1,1,-5.234401,-8.366005,-12.255567,-5.6956453,-16.440182,-9.9342375
2425_left.jpg,2425,0,0,0,0,0,0,1,1,-4.3815837,-10.605363,-9.4881315,-6.6753416,-5.3939204,-10.122607
2426_left.jpg,2426,0,0,0,0,0,0,1,2,-0.67392266,-8.948609,-4.7061315,-8.544939,-5.4574857,-9.809502
2427_left.jpg,2427,0,0,0,0,0,0,1,3,-3.6968367,-8.983838,-5.501043,-7.3263965,-5.9746904,-14.400028
2428_left.jpg,2428,0,0,0,0,0,0,0,4,-5.6458435,1.1450803,-9.454152,-7.6559463,-7.4766445,-7.869058
2429_left.jpg,2429,0,0,0,0,0,0,1,4,-0.6970579,-0.8213311,-3.4002914,-0.9324642,-4.669019,-4.692856
2430_left.jpg,2430,0,0,0,0,0,0,1,0,-2.7762382,-4.422633,-8.366173,-5.767936,-1.9172969,-6.9417105
2431_left.jpg,2431,0,0,0,0,0,0,1,3,-3.7016327,-6.692147,-9.861588,-6.9276886,-2.1556153,-10.776387
2432_left.jpg,2432,0,0,0,0,0,0,1,4,-0.9241483,-6.892517,-8.78567,0.429883,-6.4263444,-9.87382
2433_left.jpg,2433,0,0,0,0,0,0,1,3,-2.1168058,-4.060501,-7.5101666,-5.4689937,-10.631389,-7.6964827
2434_left.jpg,2434,0,0,0,0,0,0,1,1,-0.07071294,-6.274148,-7.0534177,-8.196452,-1.7545776,-7.684208
2435_left.jpg,2435,0,0,0,0,0,0,1,3,-2.0650408,-7.013312,-11.939852,-11.861924,-9.61811,-7.3509455
2436_left.jpg,2436,0,0,0,0,0,0,1,0,-2.2731228,-11.166435,-6.504171,-6.7381234,-6.7361093,-9.2833
2437_left.jpg,2437,0,0,0,0,0,0,1,0,-5.645519,-4.3102555,-5.26795,-6.1965837,-5.659433,-6.0939765
2438_left.jpg,2438,0,0,0,0,0,0,1,0,-2.8294554,-8.796042,-10.71624,-10.461705,-8.18065,-8.689238
2439_left.jpg,2439,0,0,0,0,0,0,1,2,-1.3822606,-3.2981312,-9.455727,-7.869953,-4.471853,-9.5097885
2440_left.jpg,2440,0,0,0,0,0,0,1,3,1.4267446,-4.8876843,-8.05895,-3.117269,-10.977074,-7.130992
2441_left.jpg,2441,0,0,0,0,0,0,1,1,-0.80984247,-8.566842,-4.2223234,-4.0599914,-6.514167,-9.521676
2442_left.jpg,2442,0,0,0,0,0,0,1,0,-4.579098,-9.370061,-8.420104,-5.449076,-9.847726,-9.672569
2443_left.jpg,2443,0,0,0,0,0,0,1,3,-0.91983664,-9.773595,-10.290208,-5.495452,-11.338909,-11.153242
2444_left.jpg,2444,0,0,0,0,0,0,1,2,-3.7944713,-6.67647,-12.041953,-14.08873,-11.229546,-10.728312
2445_left.jpg,2445,0,0,0,0,0,0,1,2,-1.0658876,-12.405195,-6.2927146,-8.872516,-10.6465025,-11.208304
2446_left.jpg,2446,0,0,0,0,0,0,1,2,-0.70305854,-7.0598497,-6.9447355,-1.7459024,-4.2754483,-6.42944
2447_left.jpg,2447,0,0,0,0,0,0,1,0,0.17269018,-11.60096,-9.068511,-8.41552,-10.136339,-3.8396835
2448_left.jpg,2448,0,0,0,0,0,0,1,3,-0.6518136,-10.281195,-12.629571,-7.2569222,-9.901903,-9.694528
2449_left.jpg,2449,0,0,0,0,0,0,1,2,-2.6158898,-8.959815,-6.061592,-8.442932,-11.083186,-10.6097355
2451_left.jpg,2451,0,0,0,0,0,0,1,1,-6.4727197,2.7285829,-5.050982,-3.914169,-8.343494,-2.740447
2452_left.jpg,2452,0,0,0,0,0,0,1,3,0.7080149,-6.2420125,-7.9254537,-7.274167,-3.9963326,-9.888677
2454_left.jpg,2454,0,0,0,0,0,0,1,1,-3.302848,-3.1789272,-8.618571,-3.193268,-6.3917494,-9.8992
2456_left.jpg,2456,0,0,0,0,0,0,1,3,-9.374996,0.9409077,-4.357658,-5.40279,-9.372292,-7.0543337
2457_left.jpg,2457,0,0,0,0,0,0,1,3,-0.6204686,-11.236799,-4.738001,-3.1527216,-5.670813,-8.544118
2458_left.jpg,2458,0,0,0,0,0,0,1,1,-2.2487557,-7.6424003,-8.133976,-6.5759206,-5.0868573,-7.1948013
2459_left.jpg,2459,0,0,0,0,0,0,1,3,-0.73643243,-10.712911,-5.5133743,-6.297523,-12.542882,-10.347652
2460_left.jpg,2460,0,0,0,0,0,0,1,1,-1.0756345,-8.825713,-6.2085485,-3.1241124,-3.3026407,-8.273578
2461_left.jpg,2461,0,0,0,0,0,0,1,0,-6.107104,-3.6837091,-5.8743362,-5.6629305,-10.391444,-8.240091
2462_left.jpg,2462,0,0,0,0,0,0,1,1,-7.7013235,-1.4719816,-9.763772,-8.3510065,-12.604189,-9.205541
2463_left.jpg,2463,0,0,0,0,0,0,1,4,-1.4795558,-9.136623,-11.484697,-12.893343,-12.647619,-8.214927
2465_left.jpg,2465,0,0,0,0,0,0,1,4,1.270901,-10.839215,-12.076687,-7.6953745,-12.999648,-10.446208
2466_left.jpg,2466,0,0,0,0,0,0,1,0,-1.8931049,-1.7404523,-5.22098,-7.929502,-5.0808334,-4.747591
2467_left.jpg,2467,0,0,0,0,0,0,1,1,-2.2655728,-8.439152,-8.082089,-4.24331,-7.4818935,-4.42274
2469_left.jpg,2469,0,0,0,0,0,0,1,4,-1.1931865,-6.2497344,-7.4591136,-8.112155,-4.9855614,-10.822356
2470_left.jpg,2470,0,0,0,0,0,0,1,2,-3.5892322,-1.5357122,-6.542662,-3.0385215,-7.1355495,2.0965595
2471_left.jpg,2471,0,0,0,0,0,0,1,2,0.0104096895,-9.5804825,-7.5423756,-8.224764,-9.236842,-11.532888
2472_left.jpg,2472,0,0,0,0,0,0,1,1,0.8835212,-8.379101,-10.793403,-9.355713,-8.884794,-11.412367
2473_left.jpg,2473,0,0,0,0,0,0,1,3,-0.14359272,-7.0153227,-7.2949486,-8.88861,-5.775331,-3.1182027
2474_left.jpg,2474,0,0,0,0,0,0,1,0,0.7422141,-11.096829,-8.155072,-8.748359,-8.143215,-8.4919405
2475_left.jpg,2475,0,0,0,0,0,0,1,1,-5.4013786,-5.2779574,-11.8160925,-13.741234,-13.184105,-8.006518
2476_left.jpg,2476,0,0,0,0,0,0,1,3,-6.878361,-1.9101524,-8.116054,-3.6811066,-8.4994335,-13.872805
2477_left.jpg,2477,0,0,0,0,0,0,0,1,1.6976337,-15.740006,-12.288988,-9.577762,-11.097085,-14.898079
2478_left.jpg,2478,0,0,0,0,0,0,0,2,-2.2272596,-5.1110516,-6.327857,-7.1564083,-3.7643054,-9.91501
2479_left.jpg,2479,0,0,0,0,0,0,1,0,-6.8462477,0.13353124,-12.351693,-8.421608,-10.142111,-5.5665884
2480_left.jpg,2480,0,0,0,0,0,0,1,0,-4.8882227,-2.3068168,-10.250683,-5.4481177,-5.1926594,-6.072642
2481_left.jpg,2481,0,0,0,0,0,0,1,3,-2.3241866,-0.3888618,-2.9806244,-5.9156013,-7.4128103,-7.175069
2482_left.jpg,2482,0,0,0,0,0,0,1,3,-1.6473664,-11.5003605,-11.886449,-6.7433248,-13.1877775,-7.4245825
2483_left.jpg,2483,0,0,0,0,0,0,0,0,0.55639637,-6.0460014,-4.4375234,-5.036508,-9.391044,-5.245169
2484_left.jpg,2484,0,0,0,0,0,0,1,2,-2.5791173,-13.588166,-8.611276,-8.656302,-6.073572,-11.994099
2485_left.jpg,2485,0,0,0,0,0,0,1,0,-1.1812954,-5.4197493,-9.621524,-11.4472,-5.6524525,-9.493439
2486_left.jpg,2486,0,0,0,0,0,0,0,1,0.3147524,-6.6018653,-12.25116,0.010042874,-8.158266,-7.849318
2487_left.jpg,2487,0,0,0,0,0,0,1,3,-6.9028516,-4.174598,-5.1967087,-6.0546055,-8.646551,-7.2956886
2488_left.jpg,2488,0,0,0,0,0,0,1,1,2.4131637,-6.970112,-5.6108646,-10.851341,-11.257879,-6.103883
2489_left.jpg,2489,0,0,0,0,0,0,1,2,-3.7960904,-5.5826693,-10.841675,-5.3291016,-3.5591812,-11.628473
2490_left.jpg,2490,0,0,0,0,0,0,1,1,1.5334747,-9.204882,-10.504942,-9.170347,-4.0613813,-8.962962
2492_left.jpg,2492,0,0,0,0,0,0,1,2,-1.8625321,-6.852946,-10.967904,-8.768997,-9.644028,-8.909298
2493_left.jpg,2493,0,0,0,0,0,0,1,3,-0.7630831,-9.112661,-9.239035,-8.198428,-9.193724,-7.8778124
2497_left.jpg,2497,0,0,0,0,0,0,1,1,-0.847711,-5.122793,-9.2343445,-5.9275923,-9.940272,-3.9254653
2498_left.jpg,2498,0,0,0,0,0,0,1,1,-0.38870412,-5.586723,-8.202572,-9.410238,-2.8231456,-9.535957
2499_left.jpg,2499,0,0,0,0,0,0,1,4,-2.0385525,-7.203201,-5.92619,-5.0249205,-13.092283,-9.994589
2500_left.jpg,2500,0,0,0,0,0,0,1,2,-2.2294824,-8.2095995,-6.6461296,-6.4556556,-9.976719,-6.2589707
2501_left.jpg,2501,0,0,0,0,0,0,1,1,-2.6454244,-6.503236,-9.134896,-8.941368,-5.153721,-9.341093
2502_left.jpg,2502,0,0,0,0,0,0,1,2,1.8308312,-4.6462107,-7.687169,-5.8099036,-8.034401,-7.8428364
2503_left.jpg,2503,0,0,0,0,0,0,1,3,-3.5653155,-6.598358,-6.875999,-5.0643578,-12.269702,-13.241671
2504_left.jpg,2504,0,0,0,0,0,0,1,0,-2.2599208,-5.6562347,-6.0354853,-9.918513,-8.78986,-7.854657
2505_left.jpg,2505,0,0,0,0,0,0,1,2,-2.5643384,-7.523319,-5.416088,-9.481274,-8.409546,-11.265916
2506_left.jpg,2506,0,0,0,0,0,0,1,1,-1.5870873,-5.2864447,-6.2359605,-7.50092,-6.7415857,-10.234959
2507_left.jpg,2507,0,0,0,0,0,0,1,4,-1.6191897,-5.068428,-14.073165,-8.067637,1.2029395,-10.620294
2508_left.jpg,2508,0,0,0,0,0,0,1,2,0.03844624,-10.476041,-9.408391,-5.671772,-6.432131,-9.238116
2509_left.jpg,2509,0,0,0,0,0,0,0,1,1.4160953,-8.685194,-3.781824,-5.039133,-7.5960894,-8.397036
2510_left.jpg,2510,0,0,0,0,0,0,1,1,-0.43264952,-6.272296,-7.3413835,-9.550307,-10.04178,-4.993747
2511_left.jpg,2511,0,0,0,0,0,0,1,0,0.85349774,-8.329806,-8.074347,-11.138889,-2.6372795,-11.714745
2512_left.jpg,2512,0,0,0,0,0,0,1,2,-2.7116592,-5.026282,1.1471918,-8.241209,-8.388279,-6.1432424
2513_left.jpg,2513,0,0,0,0,0,0,1,2,-4.8021955,-5.8121114,-8.9620495,-10.504142,-12.333394,-8.105466
2514_left.jpg,2514,0,0,0,0,0,0,1,2,-1.9788603,-6.820205,-0.3784372,-11.342437,-4.884711,-6.5178347
2515_left.jpg,2515,0,0,0,0,0,0,1,3,0.9854259,-4.9164476,-12.688684,-9.263271,-17.730715,-12.858228
2516_left.jpg,2516,0,0,0,0,0,0,0,3,-2.0678458,-1.1993712,-4.836407,-8.692068,-3.4307694,-9.062331
2517_left.jpg,2517,0,0,0,0,0,0,1,4,-3.1656518,-4.5973587,-10.10127,-8.656232,-7.55798,-10.432618
2518_left.jpg,2518,0,0,0,0,0,0,1,0,-5.688546,-2.417359,-8.128146,-9.608823,-7.645574,-10.259593
2519_left.jpg,2519,0,0,0,0,0,0,1,3,-3.5433154,-11.217068,-7.7742133,-8.217429,-8.909606,-11.288064
2520_left.jpg,2520,0,0,0,0,0,0,1,4,-3.759749,-4.511558,-8.303964,-3.780952,-10.437424,-9.995812
2521_left.jpg,2521,0,0,0,0,0,0,1,2,-2.1230137,-7.5313134,-10.218528,-7.1202993,-8.05283,-5.321632
2522_left.jpg,2522,0,0,0,0,0,0,1,4,-3.775151,-2.3551812,-7.395464,-11.2203455,-1.1976093,-3.43411
2523_left.jpg,2523,0,0,0,0,0,0,1,1,-0.13722686,-8.852929,-9.488996,-7.6016855,-2.0484626,-9.261755
2524_left.jpg,2524,0,0,0,0,0,0,1,1,0.056088388,-2.980608,-6.5521393,-3.538334,-9.08266,-7.5168877
2525_left.jpg,2525,0,0,0,0,0,0,1,1,-4.984298,-7.0889688,-7.2153134,-8.441706,-14.957451,-8.556728
2526_left.jpg,2526,0,0,0,0,0,0,1,2,-2.0000722,-10.869565,-13.2708235,-7.3958306,-7.973632,2.7839873
2527_left.jpg,2527,0,0,0,0,0,0,1,3,-2.9686475,-8.550186,-10.869655,-8.493525,-7.5254555,-6.3131833
2528_left.jpg,2528,0,0,0,0,0,0,1,0,-1.7932105,-12.281452,-8.960971,-8.383907,-8.503675,-10.904538
2529_left.jpg,2529,0,0,0,0,0,0,1,4,-0.6039619,-4.9261146,-9.374975,-5.617096,-9.345831,-10.964772
2530_left.jpg,2530,0,0,0,0,0,0,1,0,-2.9079368,-8.214054,-7.505592,-1.3682003,-10.139941,-8.934218
2531_left.jpg,2531,0,0,0,0,0,0,1,2,-1.7809695,-7.301635,-8.572058,-10.26072,-5.3970156,-11.177877
2532_left.jpg,2532,0,0,0,0,0,0,1,3,-0.12850441,-4.711531,-7.9310646,-7.628877,-3.8427925,-8.774355
2533_left.jpg,2533,0,0,0,0,0,0,1,3,-4.110012,-5.788417,-11.330702,-1.5265826,-11.240763,-2.1962798
2534_left.jpg,2534,0,0,0,0,0,0,1,2,-5.2122626,-7.859393,-5.0968785,-3.5406194,-6.6388826,-4.942436
2535_left.jpg,2535,0,0,0,0,0,0,1,2,-2.2544053,-8.524237,-13.626728,-8.409535,-9.2742,-9.397036
2537_left.jpg,2537,0,0,0,0,0,0,1,0,-2.6792917,-8.758616,-12.249708,-4.4747577,-12.914025,-9.010411
2538_left.jpg,2538,0,0,0,0,0,0,1,4,-0.99873435,-6.1272125,-10.402183,-6.8314657,-11.931339,-9.296917
2539_left.jpg,2539,0,0,0,0,0,0,1,2,-0.71406245,-9.320533,-10.263643,-3.5544853,-7.4086275,-9.706245
2540_left.jpg,2540,0,0,0,0,0,0,1,4,-0.00040272897,-5.7320027,-3.5538762,-7.3946404,-5.9458265,-7.485556
2541_left.jpg,2541,0,0,0,0,0,0,1,4,-2.4433973,-4.1992383,-3.56143,-9.001065,-6.524678,-8.316463
2542_left.jpg,2542,0,0,0,0,0,0,1,3,-5.2997355,-10.195051,-9.641833,-5.704457,-10.565773,-9.719448
2543_left.jpg,2543,0,0,0,0,0,0,1,1,-0.96965945,-10.159019,-7.646518,-5.6175623,-5.42389,-6.9190288
2544_left.jpg,2544,0,0,0,0,0,0,1,3,-0.099180385,-8.394506,-11.045418,-5.4825497,-11.162903,-10.820162
2545_left.jpg,2545,0,0,0,0,0,0,1,2,-3.155987,-5.772154,-9.041516,-4.344985,-9.8531065,-8.43384
2546_left.jpg,2546,0,0,0,0,0,0,0,0,-2.165813,-8.428079,-8.427773,-6.3560257,-14.004882,-7.749896
2547_left.jpg,2547,0,0,0,0,0,0,1,4,-2.5207343,-9.68327,-8.18951,-10.589135,-13.654597,-5.4325323
2548_left.jpg,2548,0,0,0,0,0,0,1,3,-2.6774259,-9.211634,-5.917395,-5.4738145,-10.028249,-8.883497
2549_left.jpg,2549,0,0,0,0,0,0,1,3,-1.6122471,-8.318495,-3.9217522,-5.2998786,-9.103332,-10.795581
2551_left.jpg,2551,0,0,0,0,0,0,1,4,-2.372248,-7.8638096,-3.6843772,-7.69945,-8.862785,-13.273698
2552_left.jpg,2552,0,0,0,0,0,0,1,0,-6.8252044,-1.0037471,-6.6772213,-8.1861315,-10.937392,-8.90595
2553_left.jpg,2553,0,0,0,0,0,0,1,1,-3.6098077,-7.40364,-9.376595,-11.304074,-8.159775,-8.434478
2554_left.jpg,2554,0,0,0,0,0,0,1,0,-4.351377,-4.4822984,-6.0437436,-5.8091283,-3.567675,-5.9783125
2555_left.jpg,2555,0,0,0,0,0,0,1,1,-3.0040824,-8.781869,-7.9691067,-11.825049,-9.113027,-7.948043
2556_left.jpg,2556,0,0,0,0,0,0,1,0,-1.5516876,-10.947994,-7.5752497,-8.662249,-12.527383,-16.657114
2557_left.jpg,2557,0,0,0,0,0,0,1,1,-4.3938127,-7.685831,-10.30261,4.4474397,-11.539578,-6.053209
2558_left.jpg,2558,0,0,0,0,0,0,1,1,-0.9447063,-7.3201246,-7.6367164,-6.218135,-1.4195387,-9.964363
2559_left.jpg,2559,0,0,0,0,0,0,1,2,-1.2844931,-4.719189,-5.038085,-6.407634,-6.398222,-7.494812
2560_left.jpg,2560,0,0,0,0,0,0,1,4,-1.8414353,-6.414302,-7.940666,-11.507599,-7.5375533,-11.597419
2561_left.jpg,2561,0,0,0,0,0,0,1,3,-4.116052,-6.3733034,-8.870675,-5.3725514,-5.483244,-8.505662
2562_left.jpg,2562,0,0,0,0,0,0,1,1,-0.40560654,-7.001331,-7.4000998,-4.3403077,-7.771091,-1.529664
2563_left.jpg,2563,0,0,0,0,0,0,1,2,-4.206473,-6.807339,-8.367061,-5.6482377,-9.386157,-10.331661
2564_left.jpg,2564,0,0,0,0,0,0,1,1,1.407603,-9.593943,-9.437506,-8.432481,-3.4011512,-7.310958
2565_left.jpg,2565,0,0,0,0,0,0,1,3,-0.79254985,-1.5341402,-6.2165446,-6.777278,-2.1562421,-10.437717
2566_left.jpg,2566,0,0,0,0,0,0,0,3,-0.8954174,-11.638015,-7.1778107,-5.263514,-7.6428576,-7.969025
2567_left.jpg,2567,0,0,0,0,0,0,1,0,-1.4093702,-12.545591,-10.11611,-9.323958,-2.9613671,-11.17695
2568_left.jpg,2568,0,0,0,0,0,0,1,0,-0.44962966,-9.192965,-7.5934763,-9.484047,-3.7807758,-11.724602
2569_left.jpg,2569,0,0,0,0,0,0,1,3,-3.483548,-4.9489384,-7.832143,-8.374475,-9.488298,-6.9516206
2570_left.jpg,2570,0,0,0,0,0,0,1,3,-1.3354021,-7.7590547,-7.092343,-6.6767874,-8.643026,-8.461441
2572_left.jpg,2572,0,0,0,0,0,0,1,0,-0.2526441,-9.753594,-8.881451,-5.872008,-6.027345,-10.804954
2573_left.jpg,2573,0,0,0,0,0,0,1,3,-2.854197,-9.406549,-10.283081,-7.9036236,-6.403306,-12.356418
2574_left.jpg,2574,0,0,0,0,0,0,1,3,-2.4443367,-6.366515,-8.818754,-6.277087,-6.4125423,-11.635836
2575_left.jpg,2575,0,0,0,0,0,0,1,4,-2.4459107,-5.060281,-6.2500205,-9.358085,-5.258308,-10.530859
2576_left.jpg,2576,0,0,0,0,0,0,1,1,-4.7080507,-3.9731886,-6.735184,-5.24218,-3.114621,-9.881405
2577_left.jpg,2577,0,0,0,0,0,0,1,1,-2.6332757,-8.747127,-10.478707,-8.66115,-14.247525,-1.896658
2579_left.jpg,2579,0,0,0,0,0,0,1,2,-5.1789117,-6.770788,-5.1634088,-4.239821,-5.0902157,-5.9689355
2581_left.jpg,2581,0,0,0,0,0,0,1,0,-1.5656875,-5.5626454,-6.872352,-5.889411,-4.825979,-8.710102
2583_left.jpg,2583,0,0,0,0,0,0,1,3,-0.9801869,-7.167234,-5.4362283,-7.8957334,-12.680322,-10.496998
2584_left.jpg,2584,0,0,0,0,0,0,1,2,-3.3219483,-10.747376,-13.599611,-2.8960793,-8.876472,-13.569581
2585_left.jpg,2585,0,0,0,0,0,0,1,0,-2.6137133,-8.281271,-5.7539206,-1.6742613,-9.209601,-7.9507337
2586_left.jpg,2586,0,0,0,0,0,0,1,2,-4.417406,0.94798017,-8.021509,-7.474747,-7.3865232,-6.484947
2587_left.jpg,2587,0,0,0,0,0,0,1,1,-0.7072796,-6.0470433,-9.53634,-12.402174,-8.942679,-9.464473
2588_left.jpg,2588,0,0,0,0,0,0,1,0,-5.3514247,-11.086195,-3.272794,-11.598537,-8.279475,-8.743552
2590_left.jpg,2590,0,0,0,0,0,0,1,3,-2.0280352,-13.090837,-11.011143,-12.926821,-8.158971,-11.973975
2591_left.jpg,2591,0,0,0,0,0,0,1,1,-1.0668825,-4.25693,-9.087255,-11.395573,-9.30394,-9.485818
2592_left.jpg,2592,0,0,0,0,0,0,1,0,-0.8405279,-12.138915,-11.306326,-10.935474,0.18246154,-9.863797
2593_left.jpg,2593,0,0,0,0,0,0,1,3,-7.099534,0.551258,-6.388877,-12.239617,-9.005632,-5.056913
2594_left.jpg,2594,0,0,0,0,0,0,1,1,0.502071,-10.522327,-8.438214,-11.92247,-6.577912,-10.156689
2595_left.jpg,2595,0,0,0,0,0,0,1,2,0.6941093,-9.898932,-10.599343,-7.3928504,-5.5094976,-6.2015567
2596_left.jpg,2596,0,0,0,0,0,0,1,3,-3.28138,-6.6643276,-6.424235,-14.061363,-8.080914,-10.776967
2597_left.jpg,2597,0,0,0,0,0,0,1,2,2.4055977,-4.3129196,-5.564533,-8.391704,-6.30639,-7.170673
2598_left.jpg,2598,0,0,0,0,0,0,0,4,-2.3936114,-6.3180747,-8.729718,-7.0782375,-6.6046066,-13.525433
2599_left.jpg,2599,0,0,0,0,0,0,1,0,-5.3239617,-5.45915,-12.592643,2.1150305,-8.103943,-6.8651295
2600_left.jpg,2600,0,0,0,0,0,0,1,3,-6.334049,-7.934835,-9.380611,-9.718546,-12.316694,9.128089
2601_left.jpg,2601,0,0,0,0,0,0,1,2,-2.247813,-11.453656,-8.870282,-11.36616,-7.4141364,-6.8079123
2602_left.jpg,2602,0,0,0,0,0,0,1,0,-0.90617865,-6.787493,-7.576791,-9.854718,-7.2962465,-8.046607
2603_left.jpg,2603,0,0,0,0,0,0,1,1,-4.9582653,-2.9709947,-4.2241364,-8.287863,-9.046626,-6.948207
2604_left.jpg,2604,0,0,0,0,0,0,1,1,-1.7712653,-10.24811,-9.668492,-3.1253972,-11.541761,-8.436265
2605_left.jpg,2605,0,0,0,0,0,0,1,2,1.6152372,-6.658678,-4.4667664,-2.0975282,-4.600732,-6.786941
2608_left.jpg,2608,0,0,0,0,0,0,1,4,2.4751751,-8.030904,-12.509476,-4.5493727,-3.0251691,-8.730186
2609_left.jpg,2609,0,0,0,0,0,0,1,1,-5.316915,-3.8544962,-9.994002,-11.655762,-7.1503944,-7.6006594
2610_left.jpg,2610,0,0,0,0,0,0,1,2,0.8161477,-6.2117205,-6.95506,-4.9294033,-5.3194447,-12.391449
2612_left.jpg,2612,0,0,0,0,0,0,1,0,-2.4120443,-0.002609666,-6.7094173,-6.090561,-3.1248953,-9.225609
2613_left.jpg,2613,0,0,0,0,0,0,1,2,-2.5755057,-12.701966,-8.449524,-4.52342,-5.0462713,-11.347666
2614_left.jpg,2614,0,0,0,0,0,0,1,3,-2.2767508,-7.211351,-8.528068,-6.622984,-6.150497,-10.742087
2615_left.jpg,2615,0,0,0,0,0,0,1,2,-0.92149764,-4.819222,-7.0872936,-7.890272,-7.690153,-10.517328
2616_left.jpg,2616,0,0,0,0,0,0,1,2,-0.8361272,-16.511734,-5.9777503,-6.804744,-10.795273,-12.669822
2617_left.jpg,2617,0,0,0,0,0,0,1,4,-1.892652,-2.8271778,-7.9076347,-5.755566,-4.307603,-9.627179
2618_left.jpg,2618,0,0,0,0,0,0,1,3,-2.7418869,-8.754232,-8.747687,-5.3890495,-6.70239,-9.121749
2619_left.jpg,2619,0,0,0,0,0,0,1,2,-1.7963877,-5.514395,-8.501339,-6.0819283,-7.270992,-11.13058
2621_left.jpg,2621,0,0,0,0,0,0,1,0,-4.110465,-7.056465,-9.600884,-4.092874,-8.435706,-4.5372906
2622_left.jpg,2622,0,0,0,0,0,0,1,1,-1.5165892,-7.967715,-8.547278,-5.0621443,-5.9129095,-8.358303
2623_left.jpg,2623,0,0,0,0,0,0,1,1,-1.277636,-5.854971,-6.938041,-10.168936,-6.9619956,-8.266244
2624_left.jpg,2624,0,0,0,0,0,0,1,2,-0.2232706,-10.879215,-8.261487,-6.6782513,-4.0355225,-10.540802
2625_left.jpg,2625,0,0,0,0,0,0,1,4,-2.8260705,-12.183817,-11.014955,-9.20109,-8.089898,-11.021378
2626_left.jpg,2626,0,0,0,0,0,0,1,3,-2.7557402,-3.325944,-4.916255,-5.508805,-6.4495187,-8.641855
2627_left.jpg,2627,0,0,0,0,0,0,1,4,-0.92293143,-10.087953,-5.909996,-8.781465,-7.7474136,-8.564999
2628_left.jpg,2628,0,0,0,0,0,0,1,3,-4.57686,-10.192157,-9.679235,-7.3033814,-6.2435284,-11.905863
2630_left.jpg,2630,0,0,0,0,0,0,1,2,-2.2550964,-11.151212,-11.134057,-11.616439,-6.02214,-9.675114
2631_left.jpg,2631,0,0,0,0,0,0,1,2,-5.1578407,-3.1227646,-1.0590955,-5.3773613,-7.698449,-11.938801
2632_left.jpg,2632,0,0,0,0,0,0,1,2,-2.8879395,-7.4447103,-5.652254,-6.576128,-6.678737,-7.7319074
2633_left.jpg,2633,0,0,0,0,0,0,1,2,-1.825791,-6.9268117,-7.372149,-7.4847393,-9.099288,-11.796454
2634_left.jpg,2634,0,0,0,0,0,0,1,1,-6.0743284,6.096768,-6.9113293,-12.966084,-14.767334,-7.544141
2635_left.jpg,2635,0,0,0,0,0,0,1,4,-1.791851,-7.7438765,-2.4937153,-12.486542,-9.580124,-8.488865
2636_left.jpg,2636,0,0,0,0,0,0,1,3,-4.817385,-5.6156597,-7.8423676,-9.194426,-10.706184,-4.4657044
2637_left.jpg,2637,0,0,0,0,0,0,1,3,-2.3134968,-10.774655,-9.106259,-6.379305,-9.708392,-11.51064
2638_left.jpg,2638,0,0,0,0,0,0,1,3,-3.8372273,-8.586483,-8.44897,-7.643586,-9.910653,-15.98969
2639_left.jpg,2639,0,0,0,0,0,0,1,1,-2.138235,-5.0936213,-1.9839941,-6.8147016,-3.0619044,-5.942551
2640_left.jpg,2640,0,0,0,0,0,0,1,2,-5.3175697,-8.481007,-8.873748,-8.725226,-8.170014,0.7281104
2641_left.jpg,2641,0,0,0,0,0,0,1,3,-1.8776044,-9.493053,-11.554453,-5.239889,-17.928394,-13.519724
2642_left.jpg,2642,0,0,0,0,0,0,1,1,-3.9119506,-1.3211172,-6.0795302,-8.197327,-9.647011,-3.629045
2643_left.jpg,2643,0,0,0,0,0,0,1,4,-2.430691,-4.387381,-13.939252,-6.207073,-9.017245,-12.206423
2644_left.jpg,2644,0,0,0,0,0,0,1,1,-9.3862295,-2.4254763,-14.026398,-6.7531376,-16.253368,-10.558537
2645_left.jpg,2645,0,0,0,0,0,0,1,3,-3.934585,-8.158923,-7.060286,-7.8392806,-6.1461616,-9.336625
2646_left.jpg,2646,0,0,0,0,0,0,1,4,-2.6619313,-5.9102917,-11.858261,-6.884152,-9.798209,-8.355147
2647_left.jpg,2647,0,0,0,0,0,0,1,3,-5.0256853,-14.556433,-8.592053,-9.27586,-15.37323,-10.117035
2649_left.jpg,2649,0,0,0,0,0,0,1,4,-0.90439653,-3.9621773,-4.1919613,-6.3456573,-5.7248406,-8.078524
2650_left.jpg,2650,0,0,0,0,0,0,1,2,-4.5276814,-4.9833803,-9.521954,-3.0455246,-6.0895004,-9.893105
2651_left.jpg,2651,0,0,0,0,0,0,1,2,-1.130494,-9.618891,-8.347003,-8.921718,-2.103429,-9.093394
2652_left.jpg,2652,0,0,0,0,0,0,0,0,2.7680793,-13.437065,-9.140131,-11.293239,-6.442926,-11.1943865
2653_left.jpg,2653,0,0,0,0,0,0,1,2,-1.6765882,-6.9384446,-11.4213705,-8.3464775,-4.5966268,-5.772881
2654_left.jpg,2654,0,0,0,0,0,0,1,2,-6.7123055,-4.5321026,-9.526805,-8.26849,-8.838439,-0.7214667
2655_left.jpg,2655,0,0,0,0,0,0,1,4,-4.065774,-2.0588074,-3.702946,-5.4767666,-7.3533974,-11.195706
2657_left.jpg,2657,0,0,0,0,0,0,1,1,-4.391096,-9.373909,-12.792938,-8.233258,-8.385929,-11.126222
2658_left.jpg,2658,0,0,0,0,0,0,1,1,-0.30547258,-7.3003845,-8.94841,-4.332979,-4.061589,-11.880974
2659_left.jpg,2659,0,0,0,0,0,0,1,4,-1.334964,-5.654725,-9.82195,-10.304844,-4.128032,-12.48772
2660_left.jpg,2660,0,0,0,0,0,0,1,3,-0.44152886,-11.6142645,-7.9084992,-5.0886936,-10.585236,-7.9638553
2661_left.jpg,2661,0,0,0,0,0,0,0,2,-2.8150656,-6.0369854,-6.4352975,-5.2580533,-10.645261,-6.089553
2662_left.jpg,2662,0,0,0,0,0,0,1,0,-3.2543945,-11.543725,-9.477973,-8.961381,-5.8589115,-14.013228
2663_left.jpg,2663,0,0,0,0,0,0,1,0,-4.7461624,-6.440887,-9.106199,-2.7301323,-7.280498,-10.225294
2664_left.jpg,2664,0,0,0,0,0,0,0,0,-1.3600377,-6.559802,-6.4154243,-6.127933,-4.4966106,-6.416345
2665_left.jpg,2665,0,0,0,0,0,0,1,4,-1.3341968,-5.9019585,-9.54788,-12.882582,-7.1195483,-10.9732895
2666_left.jpg,2666,0,0,0,0,0,0,1,2,-3.9391851,-5.3414054,-7.6541424,-6.235322,-6.075302,-10.764533
2667_left.jpg,2667,0,0,0,0,0,0,1,1,-3.1883545,1.4573895,-8.1285095,-3.508756,-3.0063713,-8.536653
2668_left.jpg,2668,0,0,0,0,0,0,1,4,-3.9855933,-8.491722,-6.997533,-11.619625,-11.747732,-11.623743
2669_left.jpg,2669,0,0,0,0,0,0,1,2,-1.7187859,-7.826295,-5.336454,0.4739992,-4.29085,-3.8655946
2670_left.jpg,2670,0,0,0,0,0,0,1,2,-4.7755513,-8.742606,-9.548474,-3.1189308,-7.145772,-8.208046
2671_left.jpg,2671,0,0,0,0,0,0,1,1,0.8692379,-6.2829933,-6.657012,-2.047145,-6.9294205,-7.579468
2672_left.jpg,2672,0,0,0,0,0,0,1,2,-0.6120237,-6.0062237,-8.991829,-5.3393297,-8.30068,-1.7751942
2673_left.jpg,2673,0,0,0,0,0,0,1,4,-1.307421,-7.518535,-6.86721,-8.066377,-7.4244337,-11.579396
2675_left.jpg,2675,0,0,0,0,0,0,1,4,-1.2957531,-8.163659,-7.674032,-10.532555,-5.8918486,-8.834474
2677_left.jpg,2677,0,0,0,0,0,0,1,1,-3.4105594,-3.4066207,-5.072148,-7.4565153,-10.476153,-3.5760972
2678_left.jpg,2678,0,0,0,0,0,0,1,0,-3.5386462,-3.0788336,-6.6528625,-8.135236,-4.940636,-9.488926
2679_left.jpg,2679,0,0,0,0,0,0,1,4,1.0570275,-7.7007575,-10.661751,-3.2166996,-9.562868,-13.180379
2680_left.jpg,2680,0,0,0,0,0,0,1,4,-6.1558013,2.427438,-8.33239,-7.7600913,-10.451273,-8.352148
2681_left.jpg,2681,0,0,0,0,0,0,1,4,-1.3656666,-8.663481,-7.9088316,2.4323583,-4.517274,-9.671307
2682_left.jpg,2682,0,0,0,0,0,0,1,3,-3.0237267,-9.905322,-8.787861,-7.6050143,-12.453506,-10.329173
2683_left.jpg,2683,0,0,0,0,0,0,1,3,-2.6484756,-3.3170948,-7.149664,-1.7862461,-11.87903,-10.326978
2684_left.jpg,2684,0,0,0,0,0,0,1,0,-1.0073332,-10.524837,-7.2105966,-5.956966,-7.666014,-10.2100935
2685_left.jpg,2685,0,0,0,0,0,0,1,1,-2.5902553,-9.493013,-9.288397,-7.0464973,-4.2346425,-8.082672
2687_left.jpg,2687,0,0,0,0,0,0,1,3,-4.122575,-1.2417886,-8.30669,-5.799964,-5.5704193,-7.318862
2688_left.jpg,2688,0,0,0,0,0,0,1,3,-4.7995057,-5.4483767,-10.815752,-6.7125072,-14.147379,-12.139197
2689_left.jpg,2689,0,0,0,0,0,0,1,4,-2.3082063,-3.7397954,-9.451924,-7.903027,-2.1639037,-7.5271926
2690_left.jpg,2690,0,0,0,0,0,0,1,1,-3.3174818,-7.6753387,-8.000858,-9.83209,-13.767108,-8.524682
2691_left.jpg,2691,0,0,0,0,0,0,0,2,-2.712821,-7.412301,-7.6818786,0.766557,-5.6457787,-8.527621
2692_left.jpg,2692,0,0,0,0,0,0,1,4,-6.523985,5.630099,-3.5177484,-10.185477,-9.876093,-2.3793926
2693_left.jpg,2693,0,0,0,0,0,0,1,1,-0.5616844,-8.926287,-11.275408,-13.771677,-8.404393,-12.473736
2695_left.jpg,2695,0,0,0,0,0,0,1,0,0.15207751,-6.054822,-9.743474,-6.8390865,-7.669086,-7.9581537
2696_left.jpg,2696,0,0,0,0,0,0,1,1,-1.9202673,-8.11931,-8.146475,-1.4353936,-5.029545,-7.6111393
2697_left.jpg,2697,0,0,0,0,0,0,1,0,-4.391231,-8.055339,-10.580856,-10.413822,-8.110549,-10.094157
2698_left.jpg,2698,0,0,0,0,0,0,1,3,-4.7862988,-6.2915115,-0.5826667,-8.012822,-7.2271056,-4.5077806
2699_left.jpg,2699,0,0,0,0,0,0,1,1,1.3705341,-11.53566,-11.562634,-10.189824,-8.897283,-8.611905
2701_left.jpg,2701,0,0,0,0,0,0,1,3,-0.10573976,-10.794831,-9.503967,-10.694319,-5.255728,-10.156401
2702_left.jpg,2702,0,0,0,0,0,0,1,3,-3.3443928,-8.946682,-7.36315,-6.7951393,-9.556104,-11.682257
2703_left.jpg,2703,0,0,0,0,0,0,1,2,0.57234955,-8.765989,-3.9342384,-1.8979625,-7.2692513,-7.6583934
2704_left.jpg,2704,0,0,0,0,0,0,1,4,-0.36908293,-10.1120405,-7.963354,-0.5654631,-7.1635556,-12.574365
2705_left.jpg,2705,0,0,0,0,0,0,1,3,-5.580114,-13.333668,-9.624463,-6.2734056,-13.2391405,-12.472186
2706_left.jpg,2706,0,0,0,0,0,0,1,2,1.1937047,-11.22626,-6.1373806,-7.7960224,-2.548665,-9.576904
2707_left.jpg,2707,0,0,0,0,0,0,1,0,-1.7708938,-11.118795,-7.182372,-5.516455,-10.470571,-11.887419
2708_left.jpg,2708,0,0,0,0,0,0,1,1,-3.7986116,2.7942073,-8.94067,-4.128798,-9.951199,-10.69235
2709_left.jpg,2709,0,0,0,0,0,0,1,3,-3.0673058,-9.327304,-10.68184,-5.296795,-15.162871,-11.283916
2710_left.jpg,2710,0,0,0,0,0,0,1,1,-6.5804105,-2.3633845,-3.5209873,-9.722737,-9.0617075,-9.246408
2711_left.jpg,2711,0,0,0,0,0,0,1,2,-5.326685,-8.845024,-9.078177,-8.823601,-7.790727,-9.018425
2712_left.jpg,2712,0,0,0,0,0,0,1,0,-3.0267432,-9.932818,-11.417257,-3.3556728,-10.501868,-9.081792
2713_left.jpg,2713,0,0,0,0,0,0,1,1,-4.6524224,-6.6433363,-7.218341,-3.5253406,-8.949688,0.93778294
2714_left.jpg,2714,0,0,0,0,0,0,1,3,-0.2843009,-0.8215635,-6.658824,-7.782322,-3.2258158,-8.184342
2715_left.jpg,2715,0,0,0,0,0,0,1,1,-2.4381928,-0.10898221,-5.711746,-4.3319807,0.4589675,-10.453376
2716_left.jpg,2716,0,0,0,0,0,0,1,0,0.6699479,-8.983586,-9.8467245,-4.683557,-4.170361,-12.3401575
2717_left.jpg,2717,0,0,0,0,0,0,1,0,-3.2578545,-8.06367,-4.6559777,-6.8466845,-4.2078667,-7.8338113
2718_left.jpg,2718,0,0,0,0,0,0,1,3,-2.8346374,-1.7949954,-9.006109,-5.916954,-5.521819,-4.319825
2719_left.jpg,2719,0,0,0,0,0,0,0,3,-0.07904552,-9.407114,-6.1314054,-5.2251606,-12.636593,-13.390872
2720_left.jpg,2720,0,0,0,0,0,0,1,0,0.2590634,-6.0411496,-4.863328,-6.7398925,-8.4645405,-8.37484
2721_left.jpg,2721,0,0,0,0,0,0,0,3,0.29557952,-12.483713,-8.825747,-13.412779,-7.4117427,-13.040897
2722_left.jpg,2722,0,0,0,0,0,0,1,2,1.3951688,-9.24285,-6.059864,-6.6581655,-6.094571,-6.4734974
2723_left.jpg,2723,0,0,0,0,0,0,1,3,0.7580846,-9.4485855,-7.9421225,-3.75601,-13.389175,-5.574868
2724_left.jpg,2724,0,0,0,0,0,0,1,3,1.1732537,-10.385677,-7.7812057,-5.323739,-6.810712,-6.7695837
2725_left.jpg,2725,0,0,0,0,0,0,1,2,-0.6312221,-12.008031,-7.748871,-7.8899555,-4.330888,-6.0929704
2726_left.jpg,2726,0,0,0,0,0,0,0,2,0.78635,-8.723105,-8.181004,-4.409444,-6.7208896,-11.375121
2727_left.jpg,2727,0,0,0,0,0,0,1,3,-1.8239243,-6.1972837,-7.8296394,-2.1153948,-8.698205,-13.100279
2728_left.jpg,2728,0,0,0,0,0,0,1,3,-2.8855329,-8.46759,-12.6939125,-6.8032537,-18.144516,-9.547574
2729_left.jpg,2729,0,0,0,0,0,0,1,2,1.1941389,-5.8730993,-8.313523,-6.742914,-9.274991,-8.733971
2730_left.jpg,2730,0,0,0,0,0,0,1,2,-2.0884945,-4.1242886,-10.691034,-10.136353,-5.023695,-9.375084
2731_left.jpg,2731,0,0,0,0,0,0,1,2,-2.5044384,-4.453598,-5.6224494,-5.448615,-2.1520262,-8.65166
2732_left.jpg,2732,0,0,0,0,0,0,1,0,-7.654533,0.76946855,-7.5516744,-13.484191,-9.32128,-9.491675
2733_left.jpg,2733,0,0,0,0,0,0,1,0,-0.9716368,-4.208289,-8.041627,-7.1437654,-5.4799294,-8.917356
2735_left.jpg,2735,0,0,0,0,0,0,1,3,-2.4670854,-1.1634059,-11.941401,-7.097947,-9.634302,-7.121519
2736_left.jpg,2736,0,0,0,0,0,0,1,0,0.97625166,-10.496523,-10.659246,-10.744314,-5.688912,-14.152017
2738_left.jpg,2738,0,0,0,0,0,0,1,1,-5.0724754,-7.15174,-13.213506,3.4180222,-9.615125,-7.9094424
2740_left.jpg,2740,0,0,0,0,0,0,1,3,-6.4906993,-2.9633136,-9.722254,-7.841483,-13.58394,-12.069003
2742_left.jpg,2742,0,0,0,0,0,0,1,4,-5.7166643,-1.6573893,-8.293213,-9.452496,-10.387788,-7.6826777
2743_left.jpg,2743,0,0,0,0,0,0,1,2,-3.1063612,-6.9888725,-9.386312,-9.34105,-4.7452054,-15.323804
2744_left.jpg,2744,0,0,0,0,0,0,1,2,-1.9254591,-6.4828024,-10.633356,-6.503719,-10.530549,-8.669834
2745_left.jpg,2745,0,0,0,0,0,0,1,4,0.123289354,-4.073522,-8.328019,-8.097754,-7.18152,-3.7568977
2746_left.jpg,2746,0,0,0,0,0,0,1,0,-3.7539818,-6.595565,-10.129017,-1.1576464,-7.572384,-5.9230084
2747_left.jpg,2747,0,0,0,0,0,0,1,2,-0.29391435,-4.971051,-6.4579344,-4.0989156,-5.5832767,-7.274735
2748_left.jpg,2748,0,0,0,0,0,0,1,2,-4.3697014,-6.3633585,-9.519364,-4.199678,-8.055629,-10.236714
2749_left.jpg,2749,0,0,0,0,0,0,1,2,-2.8124764,-8.201592,-7.08908,-7.3216467,-7.9336185,-9.952456
2750_left.jpg,2750,0,0,0,0,0,0,1,4,-0.061396804,-5.791588,-9.312008,-7.7898774,-9.441216,-7.318171
2753_left.jpg,2753,0,0,0,0,0,0,1,1,-0.11056341,-7.5892277,-5.4240575,-4.398911,-7.197961,-8.928251
2754_left.jpg,2754,0,0,0,0,0,0,1,3,0.6002978,-9.368483,-5.6379037,-5.6303563,-8.062247,-8.859037
2755_left.jpg,2755,0,0,0,0,0,0,1,1,-2.448246,-7.974724,-6.2545033,-6.1032515,-8.209557,-5.241179
2757_left.jpg,2757,0,0,0,0,0,0,1,4,-3.1654813,-6.517289,-5.11855,-8.66614,-9.042432,-12.698874
2758_left.jpg,2758,0,0,0,0,0,0,1,1,-8.9661045,-12.020473,-9.77563,-8.664167,-13.6444,-10.547459
2760_left.jpg,2760,0,0,0,0,0,0,1,3,-4.5032706,-4.958609,-11.36862,-13.244211,-9.295957,-7.772425
2761_left.jpg,2761,0,0,0,0,0,0,1,0,-0.21687704,-7.7475843,-9.1027775,-7.0757475,-7.9190407,-10.906871
2762_left.jpg,2762,0,0,0,0,0,0,1,1,-2.1671474,-6.7109647,-7.7168193,-7.0999227,-3.0090394,-7.487422
2763_left.jpg,2763,0,0,0,0,0,0,1,0,-4.1491427,-8.437732,-12.654451,-5.650698,-11.630676,-7.02232
2764_left.jpg,2764,0,0,0,0,0,0,1,0,-3.483694,-10.270332,-8.953171,-10.075715,-4.2499943,-10.4405155
2765_left.jpg,2765,0,0,0,0,0,0,1,0,-1.5566576,-6.8699903,-6.0124717,-7.566375,-4.696316,-8.808859
2766_left.jpg,2766,0,0,0,0,0,0,1,0,-4.9557114,-11.366013,-12.565946,-4.935897,-8.740077,-8.857399
2767_left.jpg,2767,0,0,0,0,0,0,1,4,-0.8322864,-5.084452,-6.7688146,-10.098165,-6.380141,-7.2054634
2768_left.jpg,2768,0,0,0,0,0,0,1,2,0.21854138,-11.892087,-11.317809,-9.671901,-5.5457573,-12.011629
2769_left.jpg,2769,0,0,0,0,0,0,1,1,-3.2794192,1.0632375,-7.3233056,-6.1768656,-4.298747,-7.309029
2770_left.jpg,2770,0,0,0,0,0,0,1,3,-3.9517663,-8.433654,-10.5404215,-5.143311,-6.7067113,-13.816995
2771_left.jpg,2771,0,0,0,0,0,0,1,1,-0.6821658,-5.907537,-7.7204957,-1.933116,-9.595337,-8.829707
2772_left.jpg,2772,0,0,0,0,0,0,1,4,-1.4741442,-7.624916,-8.613126,-7.5074635,-9.149692,-9.711937
2773_left.jpg,2773,0,0,0,0,0,0,1,0,-4.8072243,4.8323436,-6.437712,-4.640364,-3.703639,-11.522009
2774_left.jpg,2774,0,0,0,0,0,0,1,2,-2.1346555,-5.3047075,-6.735004,-5.0532556,-4.679794,-8.829046
2775_left.jpg,2775,0,0,0,0,0,0,1,4,-3.3249602,-10.206717,-7.436717,-7.000153,-8.111714,-11.589189
2776_left.jpg,2776,0,0,0,0,0,0,1,4,-7.2744436,-8.660159,-12.715476,-3.204204,-12.8177395,-13.569891
2777_left.jpg,2777,0,0,0,0,0,0,1,0,-7.0154386,-11.147304,-10.931328,-6.1996846,-12.990712,-10.997924
2778_left.jpg,2778,0,0,0,0,0,0,1,4,-2.7697585,-4.5856495,-5.235153,-5.6721773,-6.607409,-8.682669
2779_left.jpg,2779,0,0,0,0,0,0,1,4,1.2786171,-7.894846,-11.233614,-10.678376,-1.2705613,-10.093547
2780_left.jpg,2780,0,0,0,0,0,0,1,1,-4.724975,-4.8918414,-7.896225,-9.730818,-6.840608,-9.755454
2781_left.jpg,2781,0,0,0,0,0,0,1,4,-5.037471,-3.8004897,-5.7057652,-8.157014,-8.832788,-7.6753187
2782_left.jpg,2782,0,0,0,0,0,0,1,0,-2.5279074,-7.589553,-6.7667584,-6.6908727,-6.9434485,-9.026533
2783_left.jpg,2783,0,0,0,0,0,0,1,4,-1.0091239,-8.007943,-5.627159,-5.384928,-3.8097053,-8.867391
2784_left.jpg,2784,0,0,0,0,0,0,1,4,-4.3596663,4.621115,-8.209398,-5.2894197,-5.2195115,-9.644606
2785_left.jpg,2785,0,0,0,0,0,0,1,4,-0.2281944,-7.183066,-8.271236,-6.371065,-9.0237,-7.554612
2786_left.jpg,2786,0,0,0,0,0,0,1,2,-4.576801,-7.0575314,-10.414685,-8.388559,-8.81518,-8.671734
2787_left.jpg,2787,0,0,0,0,0,0,1,0,-3.6115766,-9.272639,-10.19821,-7.3990746,-11.774664,-7.8405943
2788_left.jpg,2788,0,0,0,0,0,0,1,0,-5.012735,-6.433718,-6.2899437,-1.9554704,-10.626051,-6.3891172
2789_left.jpg,2789,0,0,0,0,0,0,1,4,-1.8868513,-7.6920204,-6.540351,-9.399786,-10.356742,-13.072917
2790_left.jpg,2790,0,0,0,0,0,0,1,0,-2.8616683,-9.681438,-7.0590158,-9.860106,-3.2869358,-8.659354
2791_left.jpg,2791,0,0,0,0,0,0,1,0,-4.420846,1.1472194,-7.5456076,-8.131469,-10.546107,-6.4777474
2792_left.jpg,2792,0,0,0,0,0,0,0,3,-0.22667144,-10.229195,-7.757601,-12.269211,-2.8553326,-10.480036
2793_left.jpg,2793,0,0,0,0,0,0,1,4,-2.1330044,-4.4365478,-12.089493,-0.5655315,-6.053476,-11.935022
2794_left.jpg,2794,0,0,0,0,0,0,1,0,-1.3152133,-6.3644757,-5.9251566,-13.70173,-7.969648,-10.763251
2795_left.jpg,2795,0,0,0,0,0,0,1,2,-1.6068405,-8.696262,-9.957167,-5.6585336,-6.97218,-7.7465863
2796_left.jpg,2796,0,0,0,0,0,0,1,3,-2.536257,-4.340737,-5.7481055,-4.405026,-6.922029,-10.119073
2797_left.jpg,2797,0,0,0,0,0,0,1,2,-0.8507377,-9.590541,-12.922947,-11.121373,-8.72759,-12.610123
2798_left.jpg,2798,0,0,0,0,0,0,1,3,-7.1001225,6.0049872,-10.272864,-6.152153,-7.792411,-6.9268565
2799_left.jpg,2799,0,0,0,0,0,0,1,4,-1.986901,-3.0247269,-9.653602,-3.501706,-7.542036,-8.428472
2800_left.jpg,2800,0,0,0,0,0,0,1,3,1.7340643,-5.1412625,-6.719132,-10.504954,-7.2544956,-10.221263
2801_left.jpg,2801,0,0,0,0,0,0,1,1,-1.444054,-8.759065,-8.639326,-10.174389,-6.4528027,-8.07626
2802_left.jpg,2802,0,0,0,0,0,0,1,4,-0.5816452,-7.9501805,-9.584106,-8.48907,-6.741182,-10.865685
2803_left.jpg,2803,0,0,0,0,0,0,1,4,-2.8038254,1.7676537,-8.07933,-8.289148,-8.099366,-10.351954
2804_left.jpg,2804,0,0,0,0,0,0,1,1,-0.97020465,-7.525924,-8.258978,-5.4456754,-5.629719,-7.2966266
2805_left.jpg,2805,0,0,0,0,0,0,1,3,-4.0614157,-1.8491436,-7.9766526,-8.8987875,-1.3777114,-9.558416
2806_left.jpg,2806,0,0,0,0,0,0,1,3,-4.4740567,-0.37149626,-10.020683,2.4998505,-7.3218093,-6.4708576
2807_left.jpg,2807,0,0,0,0,0,0,1,0,-0.046311818,-7.769534,-9.090699,-9.790171,0.28226712,-8.693036
2808_left.jpg,2808,0,0,0,0,0,0,1,2,0.9653474,-7.407118,-10.862348,-7.2612915,-12.76106,-3.989841
2809_left.jpg,2809,0,0,0,0,0,0,1,1,0.2906705,-8.051996,-5.5319624,-4.8120365,-3.9684968,-9.471107
2810_left.jpg,2810,0,0,0,0,0,0,1,3,-2.0167994,-14.561853,-7.441753,-6.4508886,-5.2488112,-6.398496
2811_left.jpg,2811,0,0,0,0,0,0,1,4,-2.782757,-5.5184307,-10.398297,-3.953379,-9.334588,-10.28949
2812_left.jpg,2812,0,0,0,0,0,0,1,4,-2.4092855,-7.605092,-11.358627,-1.6839626,-10.26273,-7.8390007
2813_left.jpg,2813,0,0,0,0,0,0,1,4,-3.830884,-9.870746,-6.4825606,-8.281732,-6.427797,-7.5676355
2814_left.jpg,2814,0,0,0,0,0,0,1,4,-2.8187163,-5.0795665,-7.665772,-11.696147,-6.865434,-7.4081545
2815_left.jpg,2815,0,0,0,0,0,0,1,3,-6.0596194,6.956756,-9.240144,-5.341438,-7.854892,-7.7384624
2816_left.jpg,2816,0,0,0,0,0,0,1,4,0.81584173,-8.332498,-12.990828,-11.092105,-11.075105,-13.073394
2817_left.jpg,2817,0,0,0,0,0,0,1,0,-2.7136877,-5.6043844,-4.411258,-11.387973,-8.101904,-8.059728
2818_left.jpg,2818,0,0,0,0,0,0,1,3,-1.7320505,-10.616329,-8.684239,-11.892186,-5.156765,-14.770806
2819_left.jpg,2819,0,0,0,0,0,0,1,0,-4.893137,-3.0403967,-2.0462341,-14.117488,-4.5015492,-6.193168
2820_left.jpg,2820,0,0,0,0,0,0,1,2,-1.226752,-6.354522,-7.961161,-10.139571,-8.900166,-11.030638
2821_left.jpg,2821,0,0,0,0,0,0,1,2,-3.9153333,-6.120273,-6.83732,-0.31129915,-6.9950514,-7.2505684
2822_left.jpg,2822,0,0,0,0,0,0,1,0,-7.3285694,-9.212653,-9.640822,2.127916,-9.782019,-6.2249646
2823_left.jpg,2823,0,0,0,0,0,0,1,2,-0.7738786,-5.936073,-9.055516,-5.38961,-5.7218404,-8.2103405
2824_left.jpg,2824,0,0,0,0,0,0,1,1,-1.3346479,-7.7798047,-10.713893,-2.0841465,-6.2371254,-6.6694894
2825_left.jpg,2825,0,0,0,0,0,0,1,0,-1.5709498,-5.943416,-6.0858808,-0.59967595,-6.2359905,-7.0809035
2826_left.jpg,2826,0,0,0,0,0,0,1,0,-4.129042,1.7806787,-9.757068,-7.528519,-10.000199,-7.7006435
2827_left.jpg,2827,0,0,0,0,0,0,1,0,-1.5150218,-5.2339163,-6.6036963,-8.418161,-8.043401,-9.4791565
2828_left.jpg,2828,0,0,0,0,0,0,1,4,0.36807793,-4.7067785,-11.005946,-1.2272851,-7.7369,-7.735437
2829_left.jpg,2829,0,0,0,0,0,0,1,2,0.08129684,-4.9818873,-7.35182,-5.377232,-6.399626,-12.244436
2830_left.jpg,2830,0,0,0,0,0,0,1,2,1.9852769,-7.1863832,-8.969241,-6.9892817,-4.063483,-11.357643
2831_left.jpg,2831,0,0,0,0,0,0,1,0,-0.45043707,-8.82616,-11.157613,-5.911624,-8.291906,-8.6872835
2832_left.jpg,2832,0,0,0,0,0,0,1,4,-3.027928,-9.886239,-11.817709,-7.3426714,-13.065976,-7.487755
2833_left.jpg,2833,0,0,0,0,0,0,1,0,-7.46627,-5.870633,-1.4108732,-9.060056,-5.930108,-7.1486845
2834_left.jpg,2834,0,0,0,0,0,0,1,3,-4.3550963,-2.3883395,-5.1667213,-9.456625,-4.4990067,-7.463821
2835_left.jpg,2835,0,0,0,0,0,0,1,0,-3.720313,-0.753217,-5.9399514,-6.384222,-2.1093261,-4.7706833
2836_left.jpg,2836,0,0,0,0,0,0,1,3,-1.4181622,-4.3171554,-6.0256696,-6.090478,-7.949393,-11.609828
2837_left.jpg,2837,0,0,0,0,0,0,1,0,-6.0254846,-8.060956,-10.664867,-9.767508,-11.456217,-9.847812
2838_left.jpg,2838,0,0,0,0,0,0,1,1,-0.3534342,-7.012154,-9.533873,-3.3047504,-14.333336,-8.655697
2839_left.jpg,2839,0,0,0,0,0,0,1,0,-1.5310358,-2.8602087,-11.02382,-6.9238963,-9.6292925,-11.201738
2841_left.jpg,2841,0,0,0,0,0,0,1,2,-3.3837755,-4.484276,-9.277079,-3.563963,-7.239075,1.6148056
2842_left.jpg,2842,0,0,0,0,0,0,1,1,-2.2239373,-6.896055,-7.1198564,-8.414062,-11.332361,-9.120885
2843_left.jpg,2843,0,0,0,0,0,0,1,1,-3.2279177,-9.088221,-8.702647,-6.554132,-10.344637,-9.581047
2844_left.jpg,2844,0,0,0,0,0,0,1,0,-0.6996885,-5.417345,-10.267064,-7.1813035,-11.308241,-6.786813
2845_left.jpg,2845,0,0,0,0,0,0,1,4,-3.536935,-6.5971637,-11.088758,-0.013479167,-9.018933,-10.128653
2846_left.jpg,2846,0,0,0,0,0,0,1,3,-2.6163964,-3.7398562,-5.492974,-5.9814696,-6.863853,-6.917308
2847_left.jpg,2847,0,0,0,0,0,0,1,0,-3.8990018,-10.1819315,-7.6638517,-4.7831674,-11.095906,-7.1987557
2848_left.jpg,2848,0,0,0,0,0,0,1,2,-4.7067723,-3.129996,-9.209254,-8.420063,-7.7300396,-12.417147
2849_left.jpg,2849,0,0,0,0,0,0,1,4,-4.1077266,-4.8179584,-6.8830247,-5.9735446,-10.04695,-9.6182
2850_left.jpg,2850,0,0,0,0,0,0,1,2,-1.8722589,-11.1155615,-6.6596575,-6.5424585,-11.493132,-11.3907585
2852_left.jpg,2852,0,0,0,0,0,0,1,0,0.36353686,-6.408223,-8.67447,-7.017241,-9.587436,-8.5020075
2853_left.jpg,2853,0,0,0,0,0,0,1,2,-3.7005134,0.25748467,-8.843994,-6.17599,-1.8098332,-8.350162
2854_left.jpg,2854,0,0,0,0,0,0,1,4,-5.7670712,0.6743612,-12.903596,-8.819116,-11.134257,-7.9570045
2855_left.jpg,2855,0,0,0,0,0,0,1,2,-0.6089101,-6.7572947,-8.40904,-8.0645275,-5.967506,-7.5210247
2856_left.jpg,2856,0,0,0,0,0,0,1,0,-5.596297,3.4484818,-7.8273554,-8.555534,-13.050433,-3.5873163
2857_left.jpg,2857,0,0,0,0,0,0,1,4,-2.0182738,-10.845638,-10.938689,-9.356624,-9.341139,-11.777646
2858_left.jpg,2858,0,0,0,0,0,0,1,2,-4.7775607,-2.571134,-6.4872627,-0.23810999,-7.3211274,-8.786859
2859_left.jpg,2859,0,0,0,0,0,0,1,2,-0.098669015,-9.224187,-7.8443694,-8.312784,-3.070626,-10.564319
2860_left.jpg,2860,0,0,0,0,0,0,1,4,-3.1412997,-5.5549297,-9.823026,1.4222623,-8.5435,-11.807713
2861_left.jpg,2861,0,0,0,0,0,0,1,4,-6.3824325,-1.4913787,-13.660976,-5.6835594,-8.295932,-7.576156
2862_left.jpg,2862,0,0,0,0,0,0,1,0,-5.2859654,-0.34313828,-7.1275454,-10.578187,-8.528835,-9.48844
2864_left.jpg,2864,0,0,0,0,0,0,1,1,-3.1783376,-2.4475977,-7.0886517,-9.403331,-5.953836,-9.972646
2865_left.jpg,2865,0,0,0,0,0,0,1,1,-6.073609,-5.7967305,-6.3660817,-2.1980333,-9.571369,-9.336483
2866_left.jpg,2866,0,0,0,0,0,0,1,0,1.0420614,-6.592632,-7.0810018,-2.873293,-1.6405485,-6.712181
2867_left.jpg,2867,0,0,0,0,0,0,1,1,-2.2157996,-7.4662876,-10.476405,1.9790428,-7.0896564,-12.522474
2868_left.jpg,2868,0,0,0,0,0,0,1,3,-4.352999,-4.9453416,-8.875621,-7.692658,-10.3099985,-10.585386
2869_left.jpg,2869,0,0,0,0,0,0,1,3,-4.56313,-9.785664,-6.3206143,-7.2828703,-3.220894,-9.659426
2871_left.jpg,2871,0,0,0,0,0,0,1,1,-2.827284,-7.869379,-5.508614,-7.5249996,-9.073266,-8.506416
2872_left.jpg,2872,0,0,0,0,0,0,1,1,-5.3186464,1.263057,-9.447792,-10.830868,-8.8262005,-7.9793434
2873_left.jpg,2873,0,0,0,0,0,0,1,4,-0.64122075,-9.525962,-7.4437404,-7.241446,-5.456379,-9.660757
2874_left.jpg,2874,0,0,0,0,0,0,1,3,-3.1223087,-0.11049361,-8.697639,-8.458021,-7.5091753,-12.519612
2876_left.jpg,2876,0,0,0,0,0,0,1,4,-1.9616708,-9.087117,-6.6653686,-6.125478,-9.1586,-10.681612
2877_left.jpg,2877,0,0,0,0,0,0,1,2,-2.132984,-9.769659,-9.667869,-8.276229,-9.547125,-10.632054
2878_left.jpg,2878,0,0,0,0,0,0,1,0,-3.09759,-0.6851987,-11.993603,-11.223795,-8.985236,-3.0324037
2879_left.jpg,2879,0,0,0,0,0,0,1,4,-1.5614558,-7.0226693,-7.849876,-6.1657286,-7.0077076,-11.531601
2880_left.jpg,2880,0,0,0,0,0,0,1,2,0.18577054,-4.6495805,-7.099533,-8.835615,1.2782003,-8.23281
2881_left.jpg,2881,0,0,0,0,0,0,1,4,-4.0084834,-10.371523,-6.7113986,-8.79067,-5.0132327,-8.796709
2882_left.jpg,2882,0,0,0,0,0,0,1,0,-4.0908246,-13.253877,-9.883183,-8.618943,-5.6935954,-7.930499
2883_left.jpg,2883,0,0,0,0,0,0,1,4,-2.9292357,-2.307478,-7.6984906,-10.740488,-9.524819,-11.723186
2884_left.jpg,2884,0,0,0,0,0,0,1,3,-5.53381,-3.860904,-4.724831,-4.7421193,-6.898532,-8.936779
2885_left.jpg,2885,0,0,0,0,0,0,1,3,0.12608333,-12.403845,-7.91812,-6.647244,-5.4921775,-5.134633
2886_left.jpg,2886,0,0,0,0,0,0,1,0,-2.1607227,-7.8550735,-9.849713,-5.15735,-11.2960615,-7.495963
2887_left.jpg,2887,0,0,0,0,0,0,1,1,-2.2527702,-9.60587,-7.3426714,-7.3969693,-11.895366,-6.132645
2888_left.jpg,2888,0,0,0,0,0,0,1,1,-6.350881,4.452443,-5.833892,-11.749102,-9.9761715,-5.1111207
2889_left.jpg,2889,0,0,0,0,0,0,1,0,-0.60954493,-7.6826196,-7.547406,-8.292384,-8.2250185,-8.091621
2890_left.jpg,2890,0,0,0,0,0,0,1,2,0.9025081,0.3361578,-5.6070824,-10.546043,-5.3866277,-10.730556
2892_left.jpg,2892,0,0,0,0,0,0,1,0,-3.028561,-9.246711,-7.0369563,-9.9146805,-7.046686,-3.989945
2895_left.jpg,2895,0,0,0,0,0,0,1,2,-0.920907,-9.161471,-10.1528,-13.155304,-12.157504,-13.970766
2896_left.jpg,2896,0,0,0,0,0,0,1,4,-5.1997204,-6.5350213,-12.41794,-5.974734,-5.1833463,-11.184975
2897_left.jpg,2897,0,0,0,0,0,0,1,2,-4.334497,-5.7887554,-8.753546,-2.3580785,-6.879497,-8.780048
2898_left.jpg,2898,0,0,0,0,0,0,1,3,-2.6835778,-15.235362,-2.4348025,-10.079189,-6.1844616,-12.615131
2899_left.jpg,2899,0,0,0,0,0,0,1,2,-0.11926434,-7.077606,-7.10773,-6.140825,-4.813626,-8.427272
2900_left.jpg,2900,0,0,0,0,0,0,1,2,-3.0563986,-3.4256217,-8.611099,-6.258337,-4.3612843,-7.8950934
2901_left.jpg,2901,0,0,0,0,0,0,1,4,0.18755674,-8.07105,-8.742986,-6.9462204,-3.3077745,-11.984911
2902_left.jpg,2902,0,0,0,0,0,0,1,3,-0.12059015,-7.5436926,-10.030664,-9.787363,-7.376948,-10.89397
2903_left.jpg,2903,0,0,0,0,0,0,1,2,-3.335023,-6.9712925,-7.6310954,-9.063635,-15.270576,-11.54238
2904_left.jpg,2904,0,0,0,0,0,0,1,3,-1.960996,-11.952087,-8.491528,-10.093226,-10.41762,-10.227391
2905_left.jpg,2905,0,0,0,0,0,0,1,3,-1.4490178,-8.396383,-6.0964756,-7.8967667,-11.30613,-16.6685
2906_left.jpg,2906,0,0,0,0,0,0,1,0,-3.4813,-7.555355,-10.006127,-9.327917,-12.346104,-8.305817
2907_left.jpg,2907,0,0,0,0,0,0,1,2,-3.0652475,-3.109112,-10.250428,-7.5837235,-7.5810905,-6.759028
2908_left.jpg,2908,0,0,0,0,0,0,1,3,-3.43127,-5.923758,-11.637068,-6.1296997,-6.759931,-8.371231
2909_left.jpg,2909,0,0,0,0,0,0,1,1,-5.1647325,-3.0402997,-4.488517,-6.247273,-7.554382,-5.3762355
2910_left.jpg,2910,0,0,0,0,0,0,1,0,-4.92711,-6.090436,-5.329905,-10.033146,-8.633524,-10.485262
2911_left.jpg,2911,0,0,0,0,0,0,1,1,-7.3781266,-5.396752,4.010686,-9.246537,-8.90085,-8.717145
2912_left.jpg,2912,0,0,0,0,0,0,1,2,-0.5685902,-10.474132,-8.325072,-9.964028,-9.834812,-1.564927
2913_left.jpg,2913,0,0,0,0,0,0,1,1,0.15144345,-11.048148,-7.732965,-5.9440594,-9.178677,-6.8403077
2914_left.jpg,2914,0,0,0,0,0,0,1,2,-0.024875365,-9.042377,-5.90646,-6.9456077,-3.596369,-8.786154
2915_left.jpg,2915,0,0,0,0,0,0,1,4,-2.7126925,-10.949643,-7.566025,-7.1787815,-7.3457046,-12.7586155
2916_left.jpg,2916,0,0,0,0,0,0,1,4,-1.8778454,-10.1006,-10.231089,-13.850079,-7.431827,-8.943279
2917_left.jpg,2917,0,0,0,0,0,0,1,3,-3.210608,-3.804798,-4.030416,-7.1077547,-12.670401,-6.941242
2918_left.jpg,2918,0,0,0,0,0,0,1,3,-2.6565244,-13.031266,-6.3219247,-3.5869725,-6.679794,-14.722715
2919_left.jpg,2919,0,0,0,0,0,0,1,0,-1.7071242,-5.82673,-6.3632336,-6.609875,-8.105168,-8.888451
2920_left.jpg,2920,0,0,0,0,0,0,1,0,-2.2249258,-2.1393251,-8.467736,-10.764244,-6.9771485,-8.825872
2921_left.jpg,2921,0,0,0,0,0,0,1,3,-0.7853874,-6.970965,-10.705922,-6.482832,-8.887878,-8.671733
2923_left.jpg,2923,0,0,0,0,0,0,1,0,-3.6816347,-5.004579,-4.8098674,-6.3759217,-7.2419147,-5.2473874
2924_left.jpg,2924,0,0,0,0,0,0,1,0,-1.8378626,-4.233492,-6.112537,-3.0440145,-8.486121,-6.8632216
2925_left.jpg,2925,0,0,0,0,0,0,1,3,-0.32122335,-9.54665,-9.227791,-10.843073,-8.517869,-12.347133
2926_left.jpg,2926,0,0,0,0,0,0,1,0,-4.4952526,-11.070697,-7.293728,-1.8728399,-10.392185,-14.083377
2927_left.jpg,2927,0,0,0,0,0,0,1,1,-2.471305,-2.8594515,-14.259228,-9.289149,-7.9942827,-9.4226055
2929_left.jpg,2929,0,0,0,0,0,0,1,4,-1.8195481,-10.018159,-4.5076976,-6.710732,-13.396762,-10.106539
2931_left.jpg,2931,0,0,0,0,0,0,1,0,-1.624546,-2.2591813,-8.61362,-5.313273,-4.7930727,-15.037958
2932_left.jpg,2932,0,0,0,0,0,0,1,1,-0.38155147,-5.434645,-8.1242695,-0.35471398,-7.340139,-12.21048
2933_left.jpg,2933,0,0,0,0,0,0,1,2,0.16299996,-7.6220813,-10.504979,-12.563991,-5.8092637,-13.642362
2934_left.jpg,2934,0,0,0,0,0,0,1,4,-1.1129907,-11.514217,-7.352483,-11.377411,-12.167972,-11.052522
2935_left.jpg,2935,0,0,0,0,0,0,1,1,-4.722098,-0.9515968,-1.9825364,-6.6078672,-8.171903,-8.69645
2936_left.jpg,2936,0,0,0,0,0,0,1,4,0.65509886,-12.334163,-7.3883896,-9.757217,-6.250769,-11.42261
2937_left.jpg,2937,0,0,0,0,0,0,1,4,-1.2542984,-4.583368,-10.23563,-7.9142685,-11.132203,1.4775507
2938_left.jpg,2938,0,0,0,0,0,0,1,1,-0.40416658,-8.922776,-9.108098,-6.685061,-1.5825527,-7.4428205
2939_left.jpg,2939,0,0,0,0,0,0,1,0,-2.2413123,-5.2000628,-6.564058,-7.899024,-11.640563,-13.962654
2940_left.jpg,2940,0,0,0,0,0,0,1,0,-3.4549007,-6.0255685,-8.95026,-7.484017,-8.814752,-9.624281
2941_left.jpg,2941,0,0,0,0,0,0,1,2,-0.15705508,-5.7572813,-8.36623,-2.8961785,-4.340911,-9.239977
2942_left.jpg,2942,0,0,0,0,0,0,1,2,-4.1664777,1.8488187,-8.20412,-6.0354195,-7.508175,-10.303189
2943_left.jpg,2943,0,0,0,0,0,0,1,1,-3.7921436,-1.4176368,-8.215352,-11.922837,-13.056068,-6.9321957
2944_left.jpg,2944,0,0,0,0,0,0,1,2,-4.987228,-2.3447423,-8.079127,-5.390878,-2.430859,-10.415167
2945_left.jpg,2945,0,0,0,0,0,0,1,4,-4.6515126,4.2826757,-7.633063,-5.88929,-5.6548595,-10.273401
2946_left.jpg,2946,0,0,0,0,0,0,1,4,-0.21472633,-8.892603,-6.385571,-9.603479,-6.1985006,-9.109715
2948_left.jpg,2948,0,0,0,0,0,0,1,1,-2.4944637,-5.33159,-7.6765065,-7.974319,-4.108222,-7.601875
2949_left.jpg,2949,0,0,0,0,0,0,1,2,-4.6374736,-2.2715914,-6.7601547,-7.5017123,-5.9892945,-9.878508
2950_left.jpg,2950,0,0,0,0,0,0,1,0,0.042719208,-10.583541,-8.590499,-8.6771145,-8.868512,-10.088909
2951_left.jpg,2951,0,0,0,0,0,0,1,3,0.5971924,-4.157041,-5.649241,-9.401049,-4.2076817,-11.17782
2952_left.jpg,2952,0,0,0,0,0,0,1,3,-1.6642114,-7.4729595,-9.198565,-10.608587,-8.640237,-12.705244
2953_left.jpg,2953,0,0,0,0,0,0,1,2,-1.1465309,-10.394737,-11.173332,-13.5005865,-13.2442875,-10.017394
2954_left.jpg,2954,0,0,0,0,0,0,1,4,-1.1537622,-5.637633,-8.928413,-11.832478,-8.79274,-10.341353
2955_left.jpg,2955,0,0,0,0,0,0,1,1,-2.7641928,-4.8153105,-6.3493114,-6.8803964,-11.132754,-8.215826
2956_left.jpg,2956,0,0,0,0,0,0,1,0,-0.9869428,-8.402267,-6.523457,-6.526187,-8.290732,-7.840761
2957_left.jpg,2957,0,0,0,0,0,0,1,0,-4.199744,-6.5345297,-4.9912343,-5.092286,-10.376918,-12.58096
2958_left.jpg,2958,0,0,0,0,0,0,1,4,-1.2361556,-6.8394647,-5.3541164,-7.1948996,-7.7977405,-7.521565
2960_left.jpg,2960,0,0,0,0,0,0,1,0,-0.599696,-8.800821,-7.454778,-9.6134815,-14.839623,-13.237276
2961_left.jpg,2961,0,0,0,0,0,0,1,1,-2.6574266,-3.7842941,-6.029483,-7.697977,-9.277928,-4.157298
2962_left.jpg,2962,0,0,0,0,0,0,1,4,-0.85164523,-6.318752,-4.9322042,-11.269352,-2.7323844,-10.153577
2963_left.jpg,2963,0,0,0,0,0,0,1,1,-2.8127084,-2.3662403,-4.0012817,-1.2606354,-4.618923,-8.694654
2964_left.jpg,2964,0,0,0,0,0,0,1,1,-6.6769347,-5.590034,2.8219848,-9.611254,-10.08766,-6.997397
2965_left.jpg,2965,0,0,0,0,0,0,1,2,1.4490339,-14.074024,-11.034149,-7.7477164,-6.087183,-8.302992
2966_left.jpg,2966,0,0,0,0,0,0,1,0,-2.8463335,-8.293127,-7.864867,-5.900881,-10.26368,-11.840815
2967_left.jpg,2967,0,0,0,0,0,0,1,2,-6.332317,-5.535424,-3.7927666,-7.9175715,-8.642175,-6.1828947
2968_left.jpg,2968,0,0,0,0,0,0,1,3,-4.1175256,-10.413896,-10.34263,-12.739845,-8.513755,-11.39805
2969_left.jpg,2969,0,0,0,0,0,0,1,1,-3.5575454,-1.799979,-3.9411726,-5.9846606,-4.8092275,-8.8839
2970_left.jpg,2970,0,0,0,0,0,0,1,3,-0.05582886,-11.276973,-8.938593,-7.705698,-8.741966,-10.908206
2971_left.jpg,2971,0,0,0,0,0,0,1,1,0.41593862,-11.413967,-8.806563,-9.661268,-10.510584,-9.489773
2972_left.jpg,2972,0,0,0,0,0,0,1,0,-0.3817303,-8.898491,-9.972598,-11.678992,-5.3784976,-11.571353
2973_left.jpg,2973,0,0,0,0,0,0,1,3,-0.79597443,-5.8747,-7.2876773,-6.6789865,-6.94987,-8.5801325
2974_left.jpg,2974,0,0,0,0,0,0,1,2,-0.84787786,-6.021768,-7.1063895,-3.7567983,-7.5654583,-10.924858
2975_left.jpg,2975,0,0,0,0,0,0,1,4,-2.3497713,-5.3316045,-11.064617,-4.2672076,-5.4619546,-9.645979
2976_left.jpg,2976,0,0,0,0,0,0,1,2,0.35706237,-10.038648,-8.499727,-2.6087105,-5.5657015,-8.068644
2977_left.jpg,2977,0,0,0,0,0,0,1,2,-5.0570025,-4.411646,-7.0105844,-8.293786,-6.744907,-8.828003
2978_left.jpg,2978,0,0,0,0,0,0,1,0,-1.4502621,-5.8798385,-9.111954,-5.4240794,-9.990623,-10.833325
2979_left.jpg,2979,0,0,0,0,0,0,1,0,-1.9293561,-8.574978,-7.08528,-2.2061882,-7.8816786,-8.791961
2980_left.jpg,2980,0,0,0,0,0,0,1,0,-5.886419,5.227541,-8.7516365,-9.99156,-8.325754,-10.861393
2981_left.jpg,2981,0,0,0,0,0,0,1,3,-2.0795019,-5.2104645,-10.662567,-10.296382,-6.322581,-9.308888
2982_left.jpg,2982,0,0,0,0,0,0,1,0,-1.020897,-10.35427,-8.247256,-5.1099706,-7.370673,-8.096855
2983_left.jpg,2983,0,0,0,0,0,0,1,2,-2.0064418,-8.790603,-9.278364,-5.58126,-7.96027,-10.808624
2984_left.jpg,2984,0,0,0,0,0,0,1,3,-5.0667753,-1.8884146,-10.06928,-10.121573,-14.853336,-12.025134
2985_left.jpg,2985,0,0,0,0,0,0,1,2,-2.1790783,-9.553411,-10.169541,-4.88575,-4.71491,-14.660315
2986_left.jpg,2986,0,0,0,0,0,0,1,0,-3.127553,-7.8073826,-4.384263,-4.6791186,-8.0267105,-8.586491
2987_left.jpg,2987,0,0,0,0,0,0,1,1,0.030688703,-6.6188946,-10.161159,-6.658863,-8.696123,-10.387565
2988_left.jpg,2988,0,0,0,0,0,0,1,3,1.3102709,-3.8821213,-9.55006,-5.5963635,-8.533077,-11.072877
2989_left.jpg,2989,0,0,0,0,0,0,1,2,-1.7722269,-5.5457616,-9.487311,-9.794473,-5.686957,-8.249702
2990_left.jpg,2990,0,0,0,0,0,0,1,3,1.6820495,-12.825351,-10.386118,-7.1456885,-10.1425705,-11.276319
2991_left.jpg,2991,0,0,0,0,0,0,1,3,-3.6540859,-8.826972,-3.7992673,-4.98436,-6.601649,-7.987592
2992_left.jpg,2992,0,0,0,0,0,0,1,1,-5.272227,-3.192662,3.376349,-8.577494,-7.134653,-7.0330973
2993_left.jpg,2993,0,0,0,0,0,0,1,1,-2.3354094,-6.3315306,-8.849784,-7.833365,-6.6019225,-10.318568
2994_left.jpg,2994,0,0,0,0,0,0,1,3,-2.6285982,-3.0246012,-9.262026,-5.446649,-6.8503304,-5.693988
2995_left.jpg,2995,0,0,0,0,0,0,1,3,-1.7960517,-5.4842844,-1.7881916,-6.634674,-6.9273944,-8.437288
2996_left.jpg,2996,0,0,0,0,0,0,1,1,-0.047467828,-2.554996,-8.705651,-8.390058,-6.731344,-10.087553
2997_left.jpg,2997,0,0,0,0,0,0,1,2,1.1123942,-6.6209345,-9.265623,-7.2111216,-2.2855148,-5.8572593
2998_left.jpg,2998,0,0,0,0,0,0,1,3,-3.8762712,-0.5302787,-8.7941475,-8.174611,-12.821495,-9.421349
2999_left.jpg,2999,0,0,0,0,0,0,1,4,-1.8160218,-6.9911885,-11.610201,-5.676421,-9.479383,-8.834298
3000_left.jpg,3000,0,0,0,0,0,0,1,2,-2.2955186,-9.4698105,-10.637035,-0.9729165,-7.403916,-8.21853
3001_left.jpg,3001,0,0,0,0,0,0,1,0,0.17530432,-6.7092085,-8.791445,-11.170771,-9.025271,-10.884393
3002_left.jpg,3002,0,0,0,0,0,0,1,1,-0.65005237,0.9980214,-8.0479965,-1.6608003,-6.581084,-8.268674
3003_left.jpg,3003,0,0,0,0,0,0,1,3,-6.0080934,-10.446146,-2.8423307,-8.809076,-9.872097,-11.091569
3004_left.jpg,3004,0,0,0,0,0,0,1,3,-3.352916,-7.4647527,-9.185638,-8.8125305,-9.723151,-11.168062
3005_left.jpg,3005,0,0,0,0,0,0,1,0,-3.302525,0.050554547,-9.340324,-6.852543,-6.4426894,-9.994929
3007_left.jpg,3007,0,0,0,0,0,0,1,0,-0.77510834,-6.3497753,-10.092894,-4.4420023,-7.5716615,-8.454366
3008_left.jpg,3008,0,0,0,0,0,0,1,1,0.98233956,-7.1080403,-6.427382,-0.9645838,-4.1240115,-6.1676826
3009_left.jpg,3009,0,0,0,0,0,0,1,3,-2.3020203,0.086049594,-5.438135,-9.092003,-6.4788256,-7.9761176
3010_left.jpg,3010,0,0,0,0,0,0,1,0,-0.07924782,-3.170224,-9.321606,-4.1196575,-9.810684,-4.586619
3011_left.jpg,3011,0,0,0,0,0,0,1,2,-2.4702854,-4.958812,-6.547921,-6.852713,-7.298121,-7.220944
3012_left.jpg,3012,0,0,0,0,0,0,1,3,-2.0218742,-11.092243,-10.72087,-8.43754,-9.577403,-7.75287
3013_left.jpg,3013,0,0,0,0,0,0,1,3,-2.1757658,-11.7568035,-8.627029,-6.3686075,-15.646185,-9.343711
3014_left.jpg,3014,0,0,0,0,0,0,1,1,-7.279586,2.5602138,-6.054474,-4.8968773,-7.1925826,-7.717457
3015_left.jpg,3015,0,0,0,0,0,0,1,0,-0.52486145,-9.838753,-5.5866575,-5.2642374,-8.275656,-6.2307367
3016_left.jpg,3016,0,0,0,0,0,0,1,3,-5.531823,-7.330167,-7.7875476,-10.521875,-11.390982,-4.3553095
3017_left.jpg,3017,0,0,0,0,0,0,1,4,-3.6986692,-10.200619,-11.393578,-2.8598962,-14.772749,-9.208592
3018_left.jpg,3018,0,0,0,0,0,0,1,2,-1.7232193,-6.821514,-8.7869,-12.3439665,-4.9004426,-12.400557
3019_left.jpg,3019,0,0,0,0,0,0,1,2,-2.4760752,-7.8669434,-6.2489696,-7.017069,-7.9455986,-9.476948
3020_left.jpg,3020,0,0,0,0,0,0,1,1,-2.7563188,-2.7406843,-7.699434,-3.7198367,-5.51267,-6.502366
3021_left.jpg,3021,0,0,0,0,0,0,1,3,0.3834177,-8.474934,-10.775855,-10.072227,-9.781744,-12.479694
3023_left.jpg,3023,0,0,0,0,0,0,1,1,-1.7119544,-7.562547,-10.265834,-4.079065,-9.853065,-8.323173
3025_left.jpg,3025,0,0,0,0,0,0,1,1,1.3326622,-9.194585,-7.738877,-7.9458895,2.0594797,-5.576523
3026_left.jpg,3026,0,0,0,0,0,0,1,1,-2.1668465,-10.6668625,-5.4969525,-11.770734,-7.3735414,-8.159505
3027_left.jpg,3027,0,0,0,0,0,0,1,1,-5.3619685,1.1680449,-10.71196,-9.423082,-6.850548,-8.670875
3028_left.jpg,3028,0,0,0,0,0,0,1,4,-1.2174557,-7.140239,-4.5793467,-10.184944,-10.672072,-4.888881
3029_left.jpg,3029,0,0,0,0,0,0,1,4,-4.225583,-9.673399,3.8702433,-10.895625,-7.131386,-7.223397
3030_left.jpg,3030,0,0,0,0,0,0,1,0,-2.1004496,-7.453754,-5.7744756,-5.8618865,-8.20459,-7.978381
3033_left.jpg,3033,0,0,0,0,0,0,1,0,0.44214988,-6.457721,-11.674837,-8.758438,-8.87338,-7.075814
3034_left.jpg,3034,0,0,0,0,0,0,1,1,-3.7494972,-11.55841,-6.47137,-8.703979,-7.6822977,-10.466415
3035_left.jpg,3035,0,0,0,0,0,0,1,4,-1.4386787,-2.3397915,-6.7844024,-6.350243,-6.4829783,-8.49678
3036_left.jpg,3036,0,0,0,0,0,0,1,2,-2.1003118,-8.788468,-8.645964,-4.8246703,-6.0718393,-10.478035
3038_left.jpg,3038,0,0,0,0,0,0,1,4,-7.3949575,-6.244138,-10.643194,-8.34345,-10.193965,-11.099082
3040_left.jpg,3040,0,0,0,0,0,0,1,4,-3.052177,-10.770992,-9.90999,-7.3620605,-8.164177,-11.348488
3041_left.jpg,3041,0,0,0,0,0,0,1,4,-4.1359143,-7.2122903,-7.351219,-6.719639,-5.1579356,-11.262359
3042_left.jpg,3042,0,0,0,0,0,0,1,0,-6.027671,-6.5779834,-8.862273,1.4511933,-7.1027803,-9.818279
3043_left.jpg,3043,0,0,0,0,0,0,1,3,-6.8204117,-2.4521632,-2.5844162,-7.805372,-6.5372863,-8.926874
3044_left.jpg,3044,0,0,0,0,0,0,1,4,-0.1077955,-9.384245,-10.410677,-14.771491,-8.580317,-9.168863
3045_left.jpg,3045,0,0,0,0,0,0,1,2,-4.326211,-9.434738,-10.085817,-9.269277,-7.738974,-8.629432
3047_left.jpg,3047,0,0,0,0,0,0,1,3,-6.9762797,2.6572618,-10.616207,-8.699429,-12.177842,-6.512569
3048_left.jpg,3048,0,0,0,0,0,0,1,2,-3.5671148,3.5878315,-5.5587287,-6.6394224,-2.6895978,-10.526305
3049_left.jpg,3049,0,0,0,0,0,0,1,0,1.3123281,-12.6742735,-11.569707,-8.957887,-6.3779116,-10.354337
3050_left.jpg,3050,0,0,0,0,0,0,1,4,0.07696427,-7.7601933,-7.2752566,-7.890785,-4.0201535,-12.089042
3051_left.jpg,3051,0,0,0,0,0,0,1,4,-5.316928,-1.399655,-3.570249,-7.4900317,-4.9544415,-10.15401
3052_left.jpg,3052,0,0,0,0,0,0,1,2,-2.2417715,-7.6725445,-5.8216324,-5.940993,-6.877483,-9.3540945
3054_left.jpg,3054,0,0,0,0,0,0,1,1,-2.2416024,-6.2389693,-5.405259,-10.9228,-9.676525,-7.7180753
3056_left.jpg,3056,0,0,0,0,0,0,1,3,-0.12810843,-6.5906444,-5.3281536,-6.720316,-4.5984097,-9.864793
3057_left.jpg,3057,0,0,0,0,0,0,1,2,1.6709832,-7.3474197,-8.662388,-8.033703,-3.689709,-10.731979
3058_left.jpg,3058,0,0,0,0,0,0,1,4,-2.7074082,-9.927595,-14.127649,-5.915666,-8.237165,-13.188702
3059_left.jpg,3059,0,0,0,0,0,0,1,3,-2.7574122,-5.9724407,-6.644116,-4.2994156,-8.8055315,-9.299036
3061_left.jpg,3061,0,0,0,0,0,0,1,3,-9.46641,-3.8681815,-11.1631565,-9.258213,-13.048634,-12.160889
3062_left.jpg,3062,0,0,0,0,0,0,1,3,-0.045030493,-3.4692597,-3.9197383,-5.767035,-6.35904,-0.9050409
3063_left.jpg,3063,0,0,0,0,0,0,1,0,-1.4020063,-1.8508303,-6.902696,-2.3735359,-7.176466,-7.0809865
3064_left.jpg,3064,0,0,0,0,0,0,1,2,-0.59624434,-10.18896,-5.7418275,-6.2285595,-5.6109834,-5.625716
3065_left.jpg,3065,0,0,0,0,0,0,1,4,-3.1523376,-6.4630527,-11.064779,-5.4584255,-12.584019,-7.0493236
3066_left.jpg,3066,0,0,0,0,0,0,1,0,1.7946953,-2.9208562,-9.9708605,-9.438122,-4.601955,-6.219823
3067_left.jpg,3067,0,0,0,0,0,0,1,4,-2.2891083,-4.1306643,-8.380222,-4.0962477,-6.4762545,-8.138194
3068_left.jpg,3068,0,0,0,0,0,0,1,0,-0.35421848,-3.324787,-9.6713505,-10.990925,-5.603453,-8.980861
3069_left.jpg,3069,0,0,0,0,0,0,1,3,-6.4662127,-1.0642213,-6.2628303,-5.7205834,-9.133609,-9.431004
3070_left.jpg,3070,0,0,0,0,0,0,1,4,-2.747622,-4.1404305,-10.5127125,-4.6877747,-8.766579,-8.421783
3071_left.jpg,3071,0,0,0,0,0,0,1,1,4.5722384,-3.5586486,-10.47172,-6.0525236,-13.875339,-12.055717
3072_left.jpg,3072,0,0,0,0,0,0,1,1,-0.6543535,-9.623585,-12.327787,-1.0133878,-3.7254694,-9.874882
3073_left.jpg,3073,0,0,0,0,0,0,1,2,-0.81215996,-9.231767,-10.045225,-10.848271,-9.635735,-11.022049
3074_left.jpg,3074,0,0,0,0,0,0,1,1,-3.8163624,-4.745008,-8.137509,-5.077522,-6.580435,-7.504938
3075_left.jpg,3075,0,0,0,0,0,0,1,2,0.28130937,-6.637757,-5.86283,-5.9523773,-5.5621505,-9.211321
3076_left.jpg,3076,0,0,0,0,0,0,1,1,-0.6239782,-2.958788,-1.8996274,-4.04463,-4.2071104,-10.494961
3077_left.jpg,3077,0,0,0,0,0,0,1,2,-4.467959,-5.586024,-2.4947712,-7.315127,-7.3130035,-8.099758
3078_left.jpg,3078,0,0,0,0,0,0,1,2,-3.7740772,3.8687174,-2.1113536,-0.83865756,3.5587463,-9.391209
3079_left.jpg,3079,0,0,0,0,0,0,1,2,-0.3719094,-9.567503,-7.8150806,-7.5386906,-11.875544,-11.0723915
3080_left.jpg,3080,0,0,0,0,0,0,1,0,-2.870502,-6.06937,-16.291956,-0.19489652,-10.4533825,-11.811921
3081_left.jpg,3081,0,0,0,0,0,0,1,0,-4.617375,-1.0392096,-9.361113,-11.722746,-7.0202827,-6.0253043
3082_left.jpg,3082,0,0,0,0,0,0,1,0,-2.545963,-4.841963,-6.2050185,-6.223278,-8.308943,-9.714832
3083_left.jpg,3083,0,0,0,0,0,0,1,1,-2.944743,-3.6069982,-6.528309,-8.301942,-5.1815615,-8.6807
3084_left.jpg,3084,0,0,0,0,0,0,1,3,-1.7745528,-6.0311346,-7.0568104,-1.1026558,-7.759116,-9.561058
3085_left.jpg,3085,0,0,0,0,0,0,1,4,-0.19049776,-5.531342,-7.8080215,-6.728922,-6.267649,-7.0234995
3086_left.jpg,3086,0,0,0,0,0,0,1,2,-0.99923843,-5.6761284,-6.430208,-9.18615,-1.5336852,-4.5604744
3087_left.jpg,3087,0,0,0,0,0,0,1,0,-1.4878442,-9.088311,-5.898984,-2.312526,-7.443395,-8.0682
3088_left.jpg,3088,0,0,0,0,0,0,1,3,-6.3992705,-6.3320007,-2.6619694,-11.392546,-6.603366,-11.281516
3089_left.jpg,3089,0,0,0,0,0,0,1,4,-4.6624136,-7.7984195,-10.279535,-7.395778,-11.666949,-6.158167
3090_left.jpg,3090,0,0,0,0,0,0,1,1,-4.481015,-6.7326193,-11.245295,-6.263309,-14.996409,-11.280535
3091_left.jpg,3091,0,0,0,0,0,0,1,3,-1.2638582,-11.672844,-12.883229,-5.661309,-10.903585,-7.258327
3092_left.jpg,3092,0,0,0,0,0,0,1,3,-3.3981311,-9.775332,-7.4000545,-2.7541192,-6.971991,-9.021552
3093_left.jpg,3093,0,0,0,0,0,0,1,2,2.6087549,5.5321765,-3.034217,-6.252488,-4.117301,-10.565726
3094_left.jpg,3094,0,0,0,0,0,0,1,0,-1.8883917,-11.005172,-6.8746624,-6.3019533,-7.504793,-6.531801
3095_left.jpg,3095,0,0,0,0,0,0,1,1,-4.1550345,-7.531379,-8.213567,3.9974506,-10.07008,-7.476202
3096_left.jpg,3096,0,0,0,0,0,0,1,4,-2.5044277,-9.772791,-3.4014034,-3.6192842,-8.8739,-2.958043
3097_left.jpg,3097,0,0,0,0,0,0,1,3,-1.5623894,-6.1729302,-6.5874014,-7.045633,-8.809572,-8.361663
3098_left.jpg,3098,0,0,0,0,0,0,1,2,0.78746784,-2.405625,-8.304494,-8.0088005,-5.1283293,-2.5963955
3099_left.jpg,3099,0,0,0,0,0,0,1,1,-5.5757146,-5.5428276,-14.257416,3.0298507,-11.798119,-9.517389
3100_left.jpg,3100,0,0,0,0,0,0,1,4,-2.09134,-5.65988,-6.677369,-7.455805,-5.881479,-6.6696024
3101_left.jpg,3101,0,0,0,0,0,0,1,3,-1.3703104,-6.790637,-7.079981,-6.1881537,-9.482121,-10.240912
3102_left.jpg,3102,0,0,0,0,0,0,1,4,-2.261921,1.0904306,-8.724502,-10.073928,-7.9040995,-8.9644165
3103_left.jpg,3103,0,0,0,0,0,0,1,0,-3.0433018,-1.8436987,-7.892156,-6.7951593,-6.5508094,-6.7611027
3104_left.jpg,3104,0,0,0,0,0,0,1,2,-0.41359422,-5.09525,-6.332609,-7.6793876,-4.9341555,-11.981337
3105_left.jpg,3105,0,0,0,0,0,0,1,3,-0.20602536,-8.808061,-6.424993,-4.4626293,-8.564526,-8.218072
3106_left.jpg,3106,0,0,0,0,0,0,1,0,1.2356358,-6.486644,-4.5754304,-5.4303355,-3.67097,-7.726149
3107_left.jpg,3107,0,0,0,0,0,0,1,0,-2.823525,-3.3416924,-9.330806,-5.488357,-5.436967,-9.043072
3108_left.jpg,3108,0,0,0,0,0,0,1,0,-1.9516833,-9.527592,-7.9789577,-9.727084,-9.020401,-8.427778
3109_left.jpg,3109,0,0,0,0,0,0,1,2,-3.7243586,-12.060606,-7.367335,-8.492903,-4.8763523,-8.710989
3110_left.jpg,3110,0,0,0,0,0,0,1,4,-0.31588477,-6.048753,-10.021879,-7.3399816,-6.277238,-10.621504
3111_left.jpg,3111,0,0,0,0,0,0,1,0,-0.7524552,-10.353635,-6.931114,-6.483878,-7.539508,-7.6598887
3112_left.jpg,3112,0,0,0,0,0,0,1,4,-1.6168747,-4.622233,-10.527392,-10.274718,-9.130182,-10.305245
3113_left.jpg,3113,0,0,0,0,0,0,1,4,-7.363302,-4.626037,-1.194098,-8.157589,-7.2352533,-6.0470805
3114_left.jpg,3114,0,0,0,0,0,0,1,2,-1.8567578,-8.820925,-5.8839397,-4.8499613,-4.570733,-7.832608
3115_left.jpg,3115,0,0,0,0,0,0,1,0,-1.6359537,-10.737583,-8.291767,-8.733254,-7.423182,-7.24547
3116_left.jpg,3116,0,0,0,0,0,0,1,0,-5.0892587,-3.4547858,-12.91689,-7.8121624,-8.945643,-8.030938
3117_left.jpg,3117,0,0,0,0,0,0,1,3,-3.8191724,2.316747,-8.128269,-7.6930313,-9.491032,-9.578304
3119_left.jpg,3119,0,0,0,0,0,0,0,3,-1.4783784,-3.3781903,-5.6380315,-8.851706,-1.0950603,-10.746893
3120_left.jpg,3120,0,0,0,0,0,0,1,1,0.52909315,-3.7045004,-9.59062,-7.834802,-13.28956,-7.5144615
3121_left.jpg,3121,0,0,0,0,0,0,1,1,-1.1169652,-11.963324,-13.435752,-8.646258,-10.330846,-10.698273
3122_left.jpg,3122,0,0,0,0,0,0,1,2,-0.4126346,-7.3616824,-7.9748793,-9.089781,-5.300419,-7.649371
3123_left.jpg,3123,0,0,0,0,0,0,1,2,-0.37800273,-6.1544,-5.14288,-4.2877617,-2.7391055,-5.485192
3124_left.jpg,3124,0,0,0,0,0,0,1,0,-4.4357395,-7.490346,-6.557353,-6.7071247,-7.3202543,-8.994692
3125_left.jpg,3125,0,0,0,0,0,0,1,4,-4.3996162,-4.5226035,-5.0103817,-9.081239,-6.3675504,-12.891782
3126_left.jpg,3126,0,0,0,0,0,0,1,0,0.08638481,-8.934148,-10.208206,-6.8100967,-7.351708,-10.863887
3127_left.jpg,3127,0,0,0,0,0,0,1,4,-1.539675,-4.7534094,-9.149129,-7.4030476,-11.836725,-6.876675
3128_left.jpg,3128,0,0,0,0,0,0,1,4,-1.6962395,-5.869901,-3.3806357,-12.109646,-6.3645387,-10.239785
3129_left.jpg,3129,0,0,0,0,0,0,1,0,-4.2758,-10.273451,-8.910717,-5.257613,-5.5108223,-7.7371264
3130_left.jpg,3130,0,0,0,0,0,0,1,4,-4.0709605,3.4060237,-15.780236,-10.224829,-10.455966,-7.5412707
3131_left.jpg,3131,0,0,0,0,0,0,1,3,-5.7095227,-2.5026376,-11.570343,-6.1145115,-9.752057,-10.390997
3132_left.jpg,3132,0,0,0,0,0,0,1,1,-2.783012,-2.9027712,3.0491216,-6.1764565,-1.7242937,-9.598165
3134_left.jpg,3134,0,0,0,0,0,0,1,4,-4.648438,-6.7804875,-11.05338,-7.8272567,-13.476325,-6.8510013
3135_left.jpg,3135,0,0,0,0,0,0,1,3,-0.43306166,-7.9142733,-9.698389,-9.696553,-8.513749,-7.114982
3136_left.jpg,3136,0,0,0,0,0,0,1,4,0.8918851,-11.713202,-10.692165,-5.946658,-5.244491,-7.093581
3137_left.jpg,3137,0,0,0,0,0,0,0,1,-3.3658826,-11.148211,-0.4145284,-5.2599506,-8.338166,-12.850705
3138_left.jpg,3138,0,0,0,0,0,0,1,1,-5.779879,7.6809583,-6.9868937,-3.635419,-7.540014,-5.373495
3139_left.jpg,3139,0,0,0,0,0,0,1,4,-0.09511759,-4.8412986,-8.084475,-5.738366,-5.858705,-8.698725
3140_left.jpg,3140,0,0,0,0,0,0,1,2,0.3219062,-5.7582045,-8.034203,-2.770316,-6.8143477,-4.519872
3141_left.jpg,3141,0,0,0,0,0,0,1,2,1.6236619,-9.31527,-10.450539,-12.108759,-5.591122,-7.095613
3142_left.jpg,3142,0,0,0,0,0,0,1,4,-1.7556652,-10.996162,-11.70568,-8.697996,-9.273238,-9.434235
3143_left.jpg,3143,0,0,0,0,0,0,1,3,-3.003132,-8.101618,-4.920855,-8.888745,-9.916678,-10.764568
3144_left.jpg,3144,0,0,0,0,0,0,1,3,-1.9060671,-3.3142636,-7.605867,-4.0233064,-6.1981096,-7.427178
3145_left.jpg,3145,0,0,0,0,0,0,1,2,0.07157134,-10.015475,-5.880991,-7.9938955,-9.665146,-11.86788
3146_left.jpg,3146,0,0,0,0,0,0,1,0,-5.22165,-5.111819,-3.1777632,-5.8841615,-4.765045,-7.4344625
3147_left.jpg,3147,0,0,0,0,0,0,1,4,-2.713456,-1.2420809,-4.6841807,-3.878937,-6.0881186,-6.6540074
3149_left.jpg,3149,0,0,0,0,0,0,1,2,-4.683107,-1.773679,-1.6884835,-6.3652735,-7.166552,-5.6959405
3150_left.jpg,3150,0,0,0,0,0,0,1,1,-3.9007893,-4.220876,-6.74985,-3.6870596,-6.7924595,-10.973435
3151_left.jpg,3151,0,0,0,0,0,0,1,3,-3.48038,-2.9842825,-8.224895,-6.5416145,-6.7405806,-10.273297
3152_left.jpg,3152,0,0,0,0,0,0,1,3,-3.232148,-6.259421,-8.457112,-5.3446426,-9.429344,-11.290225
3153_left.jpg,3153,0,0,0,0,0,0,1,4,-4.719816,-8.947993,-9.873963,-2.8814762,-10.813402,-10.078778
3154_left.jpg,3154,0,0,0,0,0,0,0,2,-1.9131742,-4.6167507,0.33651122,-8.311998,-2.1336887,-6.968591
3155_left.jpg,3155,0,0,0,0,0,0,1,0,-3.3770387,-4.355789,-7.5182962,-6.0229526,-9.298497,-3.8586335
3156_left.jpg,3156,0,0,0,0,0,0,1,3,-3.883805,-2.6751661,-6.686427,-10.742979,-8.498227,-10.8515005
3157_left.jpg,3157,0,0,0,0,0,0,1,0,-4.366908,-8.039646,-9.680977,-8.729228,-9.103203,-8.594646
3159_left.jpg,3159,0,0,0,0,0,0,1,0,0.14008915,-9.816794,-4.871346,-7.923034,-6.369082,-11.501138
3160_left.jpg,3160,0,0,0,0,0,0,1,0,-2.4344397,-11.91921,-10.596066,-9.471539,-9.735843,-7.7264633
3161_left.jpg,3161,0,0,0,0,0,0,1,0,-7.203068,2.0421789,-11.72336,-10.052855,-13.483395,-12.080812
3162_left.jpg,3162,0,0,0,0,0,0,1,2,-3.4234657,-4.2367043,-6.7601337,-6.9802117,-10.75198,-6.473309
3163_left.jpg,3163,0,0,0,0,0,0,1,0,-1.7217468,-9.056089,-8.352538,-7.066872,-5.1727614,-6.255556
3165_left.jpg,3165,0,0,0,0,0,0,1,4,-3.608869,-3.55074,-9.756051,-9.444651,-8.553252,-9.827242
3166_left.jpg,3166,0,0,0,0,0,0,1,1,-1.2923554,-2.233816,-7.5456123,-5.9795074,-1.3970531,-6.3346086
3167_left.jpg,3167,0,0,0,0,0,0,1,4,1.9136186,-5.073774,-12.361896,-6.966328,-7.913669,-8.325196
3168_left.jpg,3168,0,0,0,0,0,0,1,2,-3.0571966,-7.400228,-9.628548,-4.557256,-2.8234293,-5.8472466
3169_left.jpg,3169,0,0,0,0,0,0,1,3,1.1749599,-10.710435,-6.217396,-9.265794,-9.088593,-9.765656
3170_left.jpg,3170,0,0,0,0,0,0,1,4,-5.648094,4.3482685,-5.1098194,-5.6186795,-4.775328,-7.7659736
3171_left.jpg,3171,0,0,0,0,0,0,1,3,-1.6394997,-6.636157,-5.4514747,-8.27684,-6.7612906,-12.750995
3172_left.jpg,3172,0,0,0,0,0,0,1,0,-7.8482604,-3.305296,-6.9335885,-0.89152473,-10.3511915,-13.706318
3173_left.jpg,3173,0,0,0,0,0,0,1,3,-3.391384,-2.1652396,-9.510284,-11.385772,-6.5077825,-9.917909
3174_left.jpg,3174,0,0,0,0,0,0,1,3,-1.9652269,-6.844531,-6.274139,-5.7251124,-5.1344075,-9.400564
3175_left.jpg,3175,0,0,0,0,0,0,1,3,-2.624377,-8.579773,-12.071819,-6.5754294,-13.647283,-10.763355
3176_left.jpg,3176,0,0,0,0,0,0,1,0,-2.098669,-10.508231,-10.198155,-9.432716,-7.0300174,-8.22197
3177_left.jpg,3177,0,0,0,0,0,0,1,4,-1.8738518,-5.2934113,-7.6781225,-4.674003,-5.275031,-7.461186
3178_left.jpg,3178,0,0,0,0,0,0,1,3,-2.2591987,-5.848035,-11.79851,-7.58059,-6.0322747,-8.972104
3179_left.jpg,3179,0,0,0,0,0,0,1,1,-5.1655517,-5.2534227,-11.08734,-10.811755,-15.027149,-0.5267972
3180_left.jpg,3180,0,0,0,0,0,0,1,0,-1.6286365,-9.447143,-6.9865584,-3.5263538,-5.646127,-10.576085
3182_left.jpg,3182,0,0,0,0,0,0,1,2,-0.77862775,-2.9024568,-5.2490993,-4.8491955,-5.681354,-8.972454
3183_left.jpg,3183,0,0,0,0,0,0,1,2,-4.270861,-8.703047,-5.726814,-8.613068,-6.851792,-9.609832
3184_left.jpg,3184,0,0,0,0,0,0,0,1,-1.24572,-10.636631,-9.044707,-4.5758724,-8.465238,-9.397087
3185_left.jpg,3185,0,0,0,0,0,0,1,1,-4.7907233,-7.2546206,-4.9035506,-8.404519,-7.666483,-10.982087
3186_left.jpg,3186,0,0,0,0,0,0,1,0,-3.422957,-4.87043,-9.179432,-6.176627,-13.184505,-7.644341
3187_left.jpg,3187,0,0,0,0,0,0,1,4,-3.6005244,-9.040223,-8.442049,-7.3322015,-13.245891,-7.533374
3188_left.jpg,3188,0,0,0,0,0,0,1,3,-2.7325811,-9.180075,-8.646612,-8.513082,-9.122647,-9.803959
3189_left.jpg,3189,0,0,0,0,0,0,1,1,-0.86367613,-10.793357,-12.100563,-10.093435,-8.211541,-7.617793
3190_left.jpg,3190,0,0,0,0,0,0,1,0,-1.4805331,-5.807829,-8.200408,-6.244573,-7.1626816,-12.955545
3191_left.jpg,3191,0,0,0,0,0,0,1,0,-5.114548,-2.2039244,-9.386777,-8.899516,-9.964088,-7.985979
3192_left.jpg,3192,0,0,0,0,0,0,1,0,-3.7752519,-7.230353,-9.624108,-8.104758,-11.260142,-10.469094
3193_left.jpg,3193,0,0,0,0,0,0,1,1,-0.6805773,-6.733281,-5.6199965,-9.817915,-4.9691396,-8.620679
3194_left.jpg,3194,0,0,0,0,0,0,1,2,-2.9612455,-7.543345,-8.057951,-5.4029956,-5.041584,-9.094236
3195_left.jpg,3195,0,0,0,0,0,0,1,1,-2.9271026,-7.7000284,-9.305439,-5.1994104,-10.4076,-6.7946763
3196_left.jpg,3196,0,0,0,0,0,0,1,4,-1.2894797,-8.095635,-10.10901,2.4774103,-8.422389,-14.856104
3197_left.jpg,3197,0,0,0,0,0,0,1,4,-0.7020117,-7.9695086,-10.928404,-5.038107,-8.126849,-7.1598506
3198_left.jpg,3198,0,0,0,0,0,0,1,1,-0.4199365,-9.586297,-12.1227865,-5.9570756,-9.064693,-8.441282
3199_left.jpg,3199,0,0,0,0,0,0,1,2,1.0134449,-11.36617,-7.562896,-10.671899,-4.030142,-12.203157
3200_left.jpg,3200,0,0,0,0,0,0,1,4,-1.6025885,-6.81619,-8.87755,-7.4073706,-6.982256,-9.5691805
3201_left.jpg,3201,0,0,0,0,0,0,1,1,0.25018686,-4.0896006,-10.435075,-8.220817,-2.7647233,-8.950734
3202_left.jpg,3202,0,0,0,0,0,0,1,0,-3.5712216,-5.2211566,-13.422002,-9.310363,-13.782937,-10.410652
3203_left.jpg,3203,0,0,0,0,0,0,1,0,-3.1989112,-7.24867,-3.446835,-8.129611,-10.747578,-6.234934
3204_left.jpg,3204,0,0,0,0,0,0,1,1,-2.9982922,-2.3260329,-9.113985,-7.175915,-9.308061,-7.616145
3205_left.jpg,3205,0,0,0,0,0,0,1,1,-5.237453,-1.9824326,-3.0322535,-5.8821063,-11.268023,-8.727438
3206_left.jpg,3206,0,0,0,0,0,0,1,4,-2.8556101,-5.8617454,-3.355104,-7.0260067,-6.7679663,-7.8830485
3207_left.jpg,3207,0,0,0,0,0,0,1,3,-4.50607,1.36976,-7.765202,-7.1543694,-8.167607,-6.5186143
3208_left.jpg,3208,0,0,0,0,0,0,1,1,-3.907397,-2.6463957,-6.4861846,-6.0475845,-6.242232,-7.2416625
3209_left.jpg,3209,0,0,0,0,0,0,1,2,-2.829482,-9.221048,-10.950535,-8.826793,-8.304742,-8.589439
3210_left.jpg,3210,0,0,0,0,0,0,1,2,2.1584594,-6.1664248,-5.261463,-6.5324054,-7.3308697,-7.46672
3211_left.jpg,3211,0,0,0,0,0,0,1,4,-2.501488,-6.2659206,-6.033305,-1.9516863,-4.4350376,-9.156133
3212_left.jpg,3212,0,0,0,0,0,0,1,3,-2.234951,-8.273798,-8.651629,-6.394493,-6.8115997,-11.198065
3213_left.jpg,3213,0,0,0,0,0,0,1,4,-6.527026,2.7626617,-7.0669966,-11.7122965,-7.4574428,-6.8690805
3214_left.jpg,3214,0,0,0,0,0,0,1,4,-1.6532629,-9.2297535,-11.760977,-11.979714,-8.092662,-11.202211
3215_left.jpg,3215,0,0,0,0,0,0,1,4,-0.6962519,-7.6013546,-5.2829156,-3.6247737,-8.202821,-9.423715
3216_left.jpg,3216,0,0,0,0,0,0,1,1,-6.355798,-2.8565674,-4.1884546,-7.100718,-8.627964,-7.271797
3217_left.jpg,3217,0,0,0,0,0,0,1,3,-0.22157829,-9.487111,-4.1256623,-6.728268,-8.242824,-9.718081
3218_left.jpg,3218,0,0,0,0,0,0,1,0,-4.1237955,-7.704845,-13.157017,-2.3674712,-14.598698,3.7508557
3219_left.jpg,3219,0,0,0,0,0,0,1,3,0.86270744,-14.096697,-8.330844,-5.914639,-9.433961,-11.132481
3221_left.jpg,3221,0,0,0,0,0,0,1,0,-3.0546563,-9.84065,-7.4114275,-9.19612,-5.453284,-13.194072
3222_left.jpg,3222,0,0,0,0,0,0,1,2,-3.1271386,-9.995537,-9.137843,-8.127963,-7.905306,-10.089482
3223_left.jpg,3223,0,0,0,0,0,0,1,2,-2.8860009,-4.1413255,-7.1573186,-7.623961,-7.515495,-10.184647
3224_left.jpg,3224,0,0,0,0,0,0,1,1,-1.5201738,-5.3811474,-8.567773,-10.85031,-8.821009,-10.848292
3225_left.jpg,3225,0,0,0,0,0,0,1,0,-6.326037,-6.1447,-6.3732862,-4.215016,-3.7579563,-8.679868
3226_left.jpg,3226,0,0,0,0,0,0,1,0,-3.7870436,-8.628752,-3.9651098,-5.7903366,-7.340911,-9.541633
3227_left.jpg,3227,0,0,0,0,0,0,1,1,-2.6449387,-6.5079246,-7.2929034,-8.435406,-7.706166,-8.797979
3228_left.jpg,3228,0,0,0,0,0,0,1,2,-2.0749278,-5.4774246,-9.121976,-10.56931,-7.8982487,-12.108378
3229_left.jpg,3229,0,0,0,0,0,0,1,1,-3.9104738,-7.4361677,-11.326408,-10.93343,-11.239415,-5.459027
3230_left.jpg,3230,0,0,0,0,0,0,1,4,-2.064081,-5.0847287,-9.605122,-10.491138,-9.318199,-12.7724085
3231_left.jpg,3231,0,0,0,0,0,0,1,4,-0.6575341,-5.667427,-5.8216496,-10.075582,-5.5513964,-5.9057307
3232_left.jpg,3232,0,0,0,0,0,0,1,4,-1.8409307,-5.712021,-3.729991,-11.4884405,-10.546909,-11.7115135
3234_left.jpg,3234,0,0,0,0,0,0,1,3,-1.2050676,-10.258976,-8.477087,-5.246256,-11.233038,-11.16148
3235_left.jpg,3235,0,0,0,0,0,0,1,4,-1.7539535,-10.51004,-3.8277605,-8.0401745,-7.493039,-10.904374
3236_left.jpg,3236,0,0,0,0,0,0,1,3,-0.9123171,-10.451185,-9.06947,-7.7256064,-9.8577,-11.150333
3237_left.jpg,3237,0,0,0,0,0,0,1,4,-3.1829398,-8.1673975,-8.272468,-8.492035,-9.300707,-10.003263
3240_left.jpg,3240,0,0,0,0,0,0,1,4,-4.730354,-9.146881,-7.602635,-13.2736,-10.734766,-10.07905
3241_left.jpg,3241,0,0,0,0,0,0,1,3,-0.96339756,0.006423974,-9.69349,-12.381747,-8.787622,-6.2434964
3242_left.jpg,3242,0,0,0,0,0,0,1,4,-5.933548,1.3595263,-10.330978,-8.965568,-8.190575,-7.082582
3243_left.jpg,3243,0,0,0,0,0,0,1,4,1.4104264,-5.755958,-10.622456,-9.197449,-9.408145,-10.577245
3244_left.jpg,3244,0,0,0,0,0,0,1,2,-0.5855507,-9.944627,-14.009644,-6.2301283,-10.535092,-11.188999
3245_left.jpg,3245,0,0,0,0,0,0,1,4,-3.4886558,-9.89354,-6.9900312,-3.0117748,-9.644647,-9.634903
3246_left.jpg,3246,0,0,0,0,0,0,1,4,-2.47543,-11.087268,-10.265741,-7.43704,-11.258124,-9.8290205
3247_left.jpg,3247,0,0,0,0,0,0,1,0,-7.8569336,-1.688966,-6.233659,-8.644991,-10.750038,-12.136159
3248_left.jpg,3248,0,0,0,0,0,0,1,3,-5.084993,-3.841936,-4.3990636,0.8180006,-7.787213,-8.266158
3249_left.jpg,3249,0,0,0,0,0,0,1,2,-1.2769171,-8.861282,-6.852194,-6.3310437,-8.314353,-8.205159
3250_left.jpg,3250,0,0,0,0,0,0,1,1,-5.9390955,0.46646893,-5.7526298,-7.019721,-10.735979,-7.2608967
3251_left.jpg,3251,0,0,0,0,0,0,1,0,2.8786688,-10.214526,-6.1718884,-6.461948,-2.6759121,-11.158382
3252_left.jpg,3252,0,0,0,0,0,0,1,4,-2.8572726,-6.296887,-6.159268,-6.185364,-7.730869,-9.185295
3253_left.jpg,3253,0,0,0,0,0,0,1,4,-0.48920754,-10.432742,-7.6067886,-9.048658,-6.70793,-6.0705247
3254_left.jpg,3254,0,0,0,0,0,0,1,3,-3.1814647,-3.500424,-9.440531,-4.9856834,-5.351067,-10.556652
3255_left.jpg,3255,0,0,0,0,0,0,1,4,-6.479311,-9.031838,-8.48256,-7.395007,-9.236993,-6.806021
3257_left.jpg,3257,0,0,0,0,0,0,1,3,-5.1547213,-3.7090058,-11.341129,-5.5188375,-7.875736,-12.916667
3258_left.jpg,3258,0,0,0,0,0,0,1,0,2.8520927,-0.4945907,-2.7062118,-9.593928,-6.2323256,-10.444623
3259_left.jpg,3259,0,0,0,0,0,0,1,4,-0.4095334,-6.904594,-9.2315035,-9.978685,-4.4857287,-11.168289
3260_left.jpg,3260,0,0,0,0,0,0,1,3,-1.748491,-6.6925716,-9.155463,-6.3076844,-5.7679086,-11.029861
3261_left.jpg,3261,0,0,0,0,0,0,1,0,-4.1846347,-7.0725374,-4.4169955,-5.4620113,-6.230938,-13.524018
3262_left.jpg,3262,0,0,0,0,0,0,1,3,0.26674983,-7.7744956,-5.9793215,-7.35276,-12.111904,-9.087413
3263_left.jpg,3263,0,0,0,0,0,0,1,4,-3.2716165,-3.4698899,-10.327415,-12.787065,-9.553906,-9.103026
3264_left.jpg,3264,0,0,0,0,0,0,1,4,-0.080703296,-11.599019,-7.5622854,-6.001121,-7.3978662,-14.132533
3266_left.jpg,3266,0,0,0,0,0,0,1,3,-6.076691,-9.606944,-6.7496414,-6.7567506,-4.671322,-12.556754
3267_left.jpg,3267,0,0,0,0,0,0,1,1,-2.7322488,-15.241392,-11.765752,-6.7876134,-9.6054945,-10.939082
3268_left.jpg,3268,0,0,0,0,0,0,1,1,-5.7306056,-7.14393,-12.575235,-2.0072734,-14.096824,-9.014649
3269_left.jpg,3269,0,0,0,0,0,0,1,2,-4.6298423,-6.7678213,-10.630163,-2.306107,-9.969159,-10.236891
3270_left.jpg,3270,0,0,0,0,0,0,1,1,-6.529818,-5.70052,-10.27189,-5.7157345,-8.318365,-9.37984
3271_left.jpg,3271,0,0,0,0,0,0,1,4,-3.7919483,-11.225701,-8.48563,-3.4808393,-10.38288,-8.521672
3272_left.jpg,3272,0,0,0,0,0,0,1,0,-4.4542427,-7.1443696,-3.331318,-8.7069645,-9.302108,-9.56542
3273_left.jpg,3273,0,0,0,0,0,0,1,2,-1.3304863,-4.162344,-4.709146,-8.297038,-1.3762774,-14.2977705
3274_left.jpg,3274,0,0,0,0,0,0,1,0,-3.1701794,-3.2317727,-6.179541,-10.324693,-2.5397809,-4.859328
3275_left.jpg,3275,0,0,0,0,0,0,1,3,-3.7670102,-5.7285523,-4.9942327,-3.3210816,-5.6286964,-12.30798
3276_left.jpg,3276,0,0,0,0,0,0,1,4,-3.5089786,-9.42082,-6.707761,-11.246183,-11.395122,-13.30636
3281_left.jpg,3281,0,0,0,0,0,0,0,4,-1.6908379,-9.521856,-8.339501,-8.873535,-5.2832174,-11.393291
3282_left.jpg,3282,0,0,0,0,0,0,1,4,0.8811484,-9.397315,-10.009145,-7.476152,-8.656947,-9.266669
3283_left.jpg,3283,0,0,0,0,0,0,1,2,0.009482552,-4.7927313,-8.094258,-9.478465,-5.8568916,-7.846972
3284_left.jpg,3284,0,0,0,0,0,0,1,4,-0.8517303,-6.8750453,-12.761033,-8.902382,-5.5167456,-8.223701
3285_left.jpg,3285,0,0,0,0,0,0,1,1,-1.1749039,-6.9557385,-11.282194,-6.281971,-8.599674,-8.676381
3286_left.jpg,3286,0,0,0,0,0,0,1,4,-2.434278,-7.0065675,-6.0639315,-11.506919,-6.777796,-6.0307646
3287_left.jpg,3287,0,0,0,0,0,0,1,2,-1.9940178,-1.4938501,-4.1589084,-10.296359,-0.3329963,-9.697193
3288_left.jpg,3288,0,0,0,0,0,0,1,2,-3.2372682,-8.2220955,-2.660788,-4.7239604,-4.6070337,-9.108063
3289_left.jpg,3289,0,0,0,0,0,0,1,0,-1.7775726,-2.9214947,-8.592275,-9.989863,-8.215262,-10.555889
3290_left.jpg,3290,0,0,0,0,0,0,1,3,-2.9412637,-1.85074,-7.34338,-7.88661,-7.6682205,-10.835585
3291_left.jpg,3291,0,0,0,0,0,0,1,3,-0.72446954,-7.9542246,-7.634066,-8.270372,-7.842988,-9.830688
3292_left.jpg,3292,0,0,0,0,0,0,1,1,-2.516957,-8.66423,-11.351966,-4.7595296,-5.7065787,-12.611791
3293_left.jpg,3293,0,0,0,0,0,0,1,2,-1.9963818,-12.30942,-5.8532624,-7.997186,-10.91947,-8.079831
3294_left.jpg,3294,0,0,0,0,0,0,1,3,-2.6788504,-11.160925,-9.934236,-2.0956578,-9.902554,-12.410893
3295_left.jpg,3295,0,0,0,0,0,0,1,2,0.9615625,-8.2901745,-7.960692,-6.2818255,-3.9244063,-7.652117
3296_left.jpg,3296,0,0,0,0,0,0,1,0,-1.1076521,2.1131809,-10.236805,-10.391611,-3.856325,-8.439046
3297_left.jpg,3297,0,0,0,0,0,0,1,4,-3.6540756,-6.365338,-11.579647,-6.169139,-6.540051,-10.966119
3298_left.jpg,3298,0,0,0,0,0,0,1,1,-5.9202747,-4.381567,-5.0000086,-13.327012,-9.71694,-6.6529074
3299_left.jpg,3299,0,0,0,0,0,0,1,1,-5.7985873,-1.7665249,-10.2094555,-8.737348,-9.744661,-4.147703
3300_left.jpg,3300,0,0,0,0,0,0,0,3,-2.7375584,-8.507811,-6.8624983,-2.5730562,-6.615926,-9.142143
3301_left.jpg,3301,0,0,0,0,0,0,1,4,-3.525148,-0.8700223,-9.358996,-6.231388,-7.8823686,-10.724288
3302_left.jpg,3302,0,0,0,0,0,0,1,3,-0.7235999,-8.751601,-8.856878,-8.419722,-7.2379394,-10.6647625
3303_left.jpg,3303,0,0,0,0,0,0,1,1,-3.344609,-12.7439165,-12.23113,-8.576848,-10.409183,-10.56118
3304_left.jpg,3304,0,0,0,0,0,0,1,1,-0.109428264,-10.478734,-7.334147,-6.926364,-3.896848,-7.796549
3305_left.jpg,3305,0,0,0,0,0,0,1,1,-2.3367512,-2.6177263,-11.24805,-5.204397,-11.874178,-3.1303418
3306_left.jpg,3306,0,0,0,0,0,0,1,4,-1.735205,-3.6382866,-8.225592,-3.453373,-5.151438,-6.756978
3307_left.jpg,3307,0,0,0,0,0,0,1,0,-3.7965727,-7.80815,-14.714085,-10.411952,-10.166527,-1.988193
3308_left.jpg,3308,0,0,0,0,0,0,1,3,2.417925,4.780583,-8.170752,-6.648633,-10.941341,-9.54244
3309_left.jpg,3309,0,0,0,0,0,0,1,0,-8.081334,-7.1440635,-7.922274,-10.126504,-6.500909,-5.473428
3310_left.jpg,3310,0,0,0,0,0,0,1,1,-0.4779224,-4.5054836,-7.590136,-5.446598,-2.2568092,-4.1499104
3311_left.jpg,3311,0,0,0,0,0,0,1,2,-0.12486019,-7.338734,-8.95385,-8.590986,-9.592402,-10.098553
3312_left.jpg,3312,0,0,0,0,0,0,1,1,-6.5598507,-5.4152603,-6.6321793,-5.105088,-7.2747455,-3.7729487
3313_left.jpg,3313,0,0,0,0,0,0,1,3,-5.944177,-10.728786,-6.6158004,-6.9120026,-11.446686,-12.376944
3315_left.jpg,3315,0,0,0,0,0,0,1,4,-1.3251129,-3.8302047,-9.0952635,-5.95047,-10.70591,1.5068414
3316_left.jpg,3316,0,0,0,0,0,0,1,0,-5.800237,1.9354457,-7.424826,-6.8146467,-12.54882,-9.122108
3317_left.jpg,3317,0,0,0,0,0,0,1,3,-0.53717464,-6.985121,-8.983344,-7.345801,-10.420275,-10.8814535
3318_left.jpg,3318,0,0,0,0,0,0,1,2,-1.3752407,-8.680569,-9.678255,-6.646432,-10.716601,-7.5113974
3319_left.jpg,3319,0,0,0,0,0,0,1,1,-4.025807,-7.465676,-8.789083,-5.821307,-7.642351,-7.926118
3321_left.jpg,3321,0,0,0,0,0,0,1,0,-1.1565838,-10.965264,-7.2560077,-6.2327256,-8.48769,-6.74421
3323_left.jpg,3323,0,0,0,0,0,0,1,2,-1.9134887,-8.553813,-8.890258,-4.0909824,-6.8922615,-8.213447
3324_left.jpg,3324,0,0,0,0,0,0,1,4,-0.8337385,-1.2967486,-16.530052,-14.94696,-12.8984995,-14.184614
3325_left.jpg,3325,0,0,0,0,0,0,1,2,-0.29595676,-14.035364,-10.052691,-13.372518,-10.438212,-11.329991
3326_left.jpg,3326,0,0,0,0,0,0,1,0,-0.1578165,-8.730371,-8.921311,-6.9153237,-12.636647,-5.6156797
3327_left.jpg,3327,0,0,0,0,0,0,1,3,-7.1093097,0.18344694,-9.592412,-4.116094,-15.618199,-5.8804426
3328_left.jpg,3328,0,0,0,0,0,0,1,2,-1.5343189,-8.041943,-7.6771836,-4.578244,-4.576002,-12.265236
3329_left.jpg,3329,0,0,0,0,0,0,1,2,-3.5800042,-10.594904,-7.1012387,-1.7810227,-8.80402,-6.2187605
3330_left.jpg,3330,0,0,0,0,0,0,1,4,-0.90670246,-4.902851,-10.101823,-5.2651963,-5.3842244,-9.10977
3331_left.jpg,3331,0,0,0,0,0,0,1,1,1.2132114,-7.26005,-9.841576,-4.2300487,-11.573646,-8.243689
3332_left.jpg,3332,0,0,0,0,0,0,1,2,-1.6209472,0.12583597,-5.6015086,-4.0163426,-7.861447,-9.076734
3333_left.jpg,3333,0,0,0,0,0,0,1,1,-1.7778345,-5.180919,-8.239244,-3.5224075,-6.4400225,-1.316222
3334_left.jpg,3334,0,0,0,0,0,0,1,2,-1.5181315,-4.4288316,-6.3417587,-1.9468085,-0.6872398,-7.74729
3335_left.jpg,3335,0,0,0,0,0,0,1,1,-3.4697824,-7.6876807,-8.342407,-6.2978573,-13.7520895,-8.638247
3336_left.jpg,3336,0,0,0,0,0,0,1,4,-1.7162776,-3.8543007,-11.31869,-6.3132224,-8.955903,-10.528806
3337_left.jpg,3337,0,0,0,0,0,0,1,2,-5.0456014,-2.0039668,-10.30902,-6.6070566,-13.860866,-11.1608095
3338_left.jpg,3338,0,0,0,0,0,0,1,4,-1.3121631,-9.210382,-6.4621425,-7.225399,-7.5203533,-12.707893
3339_left.jpg,3339,0,0,0,0,0,0,1,3,0.6606434,-8.460506,-8.048237,-6.3175917,-3.3767838,-10.60637
3340_left.jpg,3340,0,0,0,0,0,0,1,3,-1.876237,-3.286715,-7.693422,-6.3141713,-4.619929,-5.2212987
3341_left.jpg,3341,0,0,0,0,0,0,1,1,-1.0047897,-7.77525,-7.5340953,-8.741342,-7.3355975,-10.022333
3342_left.jpg,3342,0,0,0,0,0,0,1,1,-8.321375,-3.4142928,-13.6764965,-9.168811,-12.342854,-10.420926
3343_left.jpg,3343,0,0,0,0,0,0,1,2,0.12599638,-7.6545596,-5.8499546,-7.348416,-2.173908,-4.231268
3344_left.jpg,3344,0,0,0,0,0,0,1,2,-1.926178,-9.543958,-9.594191,-3.2966058,-10.8536415,-11.901305
3345_left.jpg,3345,0,0,0,0,0,0,1,0,-7.3763537,-3.5377061,-3.5459895,-5.926522,-5.189278,-8.432444
3347_left.jpg,3347,0,0,0,0,0,0,1,3,-2.4325876,-7.126635,-8.867988,-7.813798,-6.583618,-7.1215763
3348_left.jpg,3348,0,0,0,0,0,0,1,0,-6.2857847,-4.4778647,-10.335209,-9.847068,-12.775586,-8.132501
3350_left.jpg,3350,0,0,0,0,0,0,1,1,-2.2510784,-4.741824,-6.9563303,-4.525737,-11.526742,-9.208099
3351_left.jpg,3351,0,0,0,0,0,0,1,2,-3.605809,-5.0705104,-8.336684,-5.3178596,-11.625352,-8.850288
3352_left.jpg,3352,0,0,0,0,0,0,1,0,-1.6684241,-9.516837,-12.550601,-3.590381,-10.489539,-9.060451
3353_left.jpg,3353,0,0,0,0,0,0,1,3,0.8302741,-10.661051,-8.459127,-4.956151,-5.8089137,-8.422816
3354_left.jpg,3354,0,0,0,0,0,0,1,3,-1.7134632,-9.243556,-7.4113297,-5.708428,-10.7553005,-11.546595
3355_left.jpg,3355,0,0,0,0,0,0,1,4,-5.287124,-4.99059,-6.775932,-5.5808616,-8.735382,-6.3008466
3356_left.jpg,3356,0,0,0,0,0,0,1,2,-0.9924683,-8.975861,-6.739972,-9.089869,-7.838365,-10.411553
3357_left.jpg,3357,0,0,0,0,0,0,1,4,-2.2148376,-8.061545,-6.499982,-5.090882,-5.9730573,-9.661132
3358_left.jpg,3358,0,0,0,0,0,0,1,1,-0.51551425,-8.719818,-9.811462,-7.5936685,-3.0364342,-8.987541
3359_left.jpg,3359,0,0,0,0,0,0,1,2,-1.5840348,-7.6733885,-7.1604753,-4.649086,-6.1431065,-9.317135
3360_left.jpg,3360,0,0,0,0,0,0,1,2,0.07122926,-7.048306,-6.5546107,-4.0409284,-5.916229,-10.207872
3361_left.jpg,3361,0,0,0,0,0,0,1,0,-7.4503055,-3.4232345,-9.097155,-6.467652,-10.965442,-8.0629835
3362_left.jpg,3362,0,0,0,0,0,0,1,2,-2.8516135,-2.438631,-4.888623,-4.4035864,-5.676044,-9.890206
3363_left.jpg,3363,0,0,0,0,0,0,1,1,-1.5625709,-0.79130316,-5.103975,-4.619107,-5.764682,-6.7240663
3364_left.jpg,3364,0,0,0,0,0,0,1,1,-2.201258,-0.5370681,-7.0893054,-7.609914,-4.726079,-8.972107
3365_left.jpg,3365,0,0,0,0,0,0,1,3,-2.7098582,-4.3768215,-9.368583,-7.949334,-9.898558,-7.8033667
3366_left.jpg,3366,0,0,0,0,0,0,1,0,-1.552577,-10.355092,-8.451417,-5.7172394,-12.077058,-9.556611
3367_left.jpg,3367,0,0,0,0,0,0,1,0,2.4301832,-12.184664,-8.743303,-6.996437,-3.6508605,-9.369359
3368_left.jpg,3368,0,0,0,0,0,0,1,3,-1.238054,-7.098962,-8.790902,-5.8888516,-4.6880083,-9.956917
3369_left.jpg,3369,0,0,0,0,0,0,0,3,-1.7986367,-13.638552,-14.461761,-11.5058365,-12.156483,-10.248644
3370_left.jpg,3370,0,0,0,0,0,0,1,4,0.74072534,-6.48003,-8.835187,-12.198824,-6.5777984,-10.559358
3371_left.jpg,3371,0,0,0,0,0,0,1,0,0.9188431,-9.019743,-7.3932405,-8.321382,-6.908226,-5.4413958
3372_left.jpg,3372,0,0,0,0,0,0,1,2,0.09999064,-11.178891,-11.490218,-9.795725,-6.8259196,-11.599923
3373_left.jpg,3373,0,0,0,0,0,0,1,2,0.11614782,-9.438267,-8.653029,-3.6019733,-8.239944,-6.74199
3374_left.jpg,3374,0,0,0,0,0,0,1,0,-6.604157,-5.658753,-9.911497,-11.998149,-6.044387,-11.005728
3375_left.jpg,3375,0,0,0,0,0,0,1,0,-2.7928045,-0.058055002,-7.1201453,-12.098713,-5.5554953,-13.476277
3376_left.jpg,3376,0,0,0,0,0,0,1,1,-1.7346207,-2.701887,-5.936385,-6.1715474,-5.557819,-6.695781
3377_left.jpg,3377,0,0,0,0,0,0,1,4,-0.8219026,-4.1600842,-6.630177,-8.113897,-6.8886957,-9.228176
3378_left.jpg,3378,0,0,0,0,0,0,1,0,-7.3418374,-15.041203,-5.6308947,-3.812328,-12.630086,-1.7944343
3379_left.jpg,3379,0,0,0,0,0,0,1,0,-0.862248,-8.647167,-8.217501,-7.381311,-8.708255,-6.4481807
3380_left.jpg,3380,0,0,0,0,0,0,1,2,-4.6980247,-8.100253,-9.5899935,-4.8009763,-5.5524235,-9.396917
3381_left.jpg,3381,0,0,0,0,0,0,1,1,-1.1724805,-4.661976,-5.6684966,-5.1574636,-3.5419595,-7.569762
3382_left.jpg,3382,0,0,0,0,0,0,1,4,-2.4470751,-7.2284303,-5.6458454,-6.2792177,-11.751705,-9.063844
3384_left.jpg,3384,0,0,0,0,0,0,1,0,-1.723135,-11.2919,-6.4572916,-8.701758,-9.748735,-5.9972334
3385_left.jpg,3385,0,0,0,0,0,0,1,1,-3.084628,-1.7501035,-8.883156,-6.008944,-4.1104064,-7.647235
3386_left.jpg,3386,0,0,0,0,0,0,1,1,-3.172935,-9.368461,-7.72773,-7.37588,-7.6738863,-10.180167
3387_left.jpg,3387,0,0,0,0,0,0,1,2,-3.9128196,-9.160335,-7.804017,-8.046252,-5.8727756,-5.451139
3388_left.jpg,3388,0,0,0,0,0,0,1,3,-3.5208483,-4.8840423,-10.405979,-5.8028274,-6.016976,-6.3851395
3389_left.jpg,3389,0,0,0,0,0,0,1,1,-5.0065536,1.1481985,-9.7649145,-10.070968,-11.109856,-7.311378
3390_left.jpg,3390,0,0,0,0,0,0,1,3,-3.1998725,-7.009079,-7.886592,-5.4998703,-11.082536,-8.252402
3391_left.jpg,3391,0,0,0,0,0,0,1,4,-0.21681847,-6.5888286,-6.6908393,-10.044984,-7.2751184,-7.021146
3392_left.jpg,3392,0,0,0,0,0,0,1,4,0.4599502,-7.090451,-7.728356,-4.9087286,-8.351303,-6.2879834
3393_left.jpg,3393,0,0,0,0,0,0,1,4,-2.1859307,-5.9480786,-7.3055973,-7.591654,-7.01506,-11.670589
3394_left.jpg,3394,0,0,0,0,0,0,1,4,-2.8473659,-4.8812027,-11.139993,-5.535413,-10.998565,-11.306871
3395_left.jpg,3395,0,0,0,0,0,0,1,0,-1.2674472,-9.037663,-9.737078,-8.368604,-2.9676168,-11.381775
3397_left.jpg,3397,0,0,0,0,0,0,1,4,-2.6143916,-4.5125275,-4.8358235,-11.686374,-7.643988,-12.072906
3398_left.jpg,3398,0,0,0,0,0,0,1,0,-1.5897683,-9.730837,-5.492419,-3.004164,-7.216601,-10.235724
3399_left.jpg,3399,0,0,0,0,0,0,1,4,1.3051386,-5.7789516,-9.847116,-10.216614,-1.8800876,-8.056934
3400_left.jpg,3400,0,0,0,0,0,0,1,1,-4.2246075,-1.8975375,-8.654938,-3.0617146,-9.85578,-9.772508
3401_left.jpg,3401,0,0,0,0,0,0,1,3,-3.6275334,-7.6945915,-6.552308,-10.516124,-4.6298637,-11.57986
3403_left.jpg,3403,0,0,0,0,0,0,1,1,-3.450545,-7.1995435,-8.426153,-4.2825284,-9.800494,-8.611562
3404_left.jpg,3404,0,0,0,0,0,0,1,0,-2.7286694,-4.4107275,-6.205383,-3.3385344,-6.8142586,-11.139673
3405_left.jpg,3405,0,0,0,0,0,0,1,2,-1.1170732,-6.95697,-7.618333,-4.100726,-10.513606,-9.144689
3406_left.jpg,3406,0,0,0,0,0,0,1,3,-3.1236744,-8.12696,-7.971198,-6.5952744,-9.411859,-3.6312957
3407_left.jpg,3407,0,0,0,0,0,0,1,3,-1.7752974,-11.162128,-12.184116,-9.565554,-19.746035,-8.629603
3408_left.jpg,3408,0,0,0,0,0,0,1,0,-5.0006137,1.701104,-8.331179,-6.1081758,-7.727648,-10.034086
3409_left.jpg,3409,0,0,0,0,0,0,1,1,-3.4460433,-10.396502,-8.98627,-10.268825,-3.3320098,-11.68288
3410_left.jpg,3410,0,0,0,0,0,0,1,1,-5.1914663,-1.5260017,-4.6768928,-7.498075,-8.104298,-7.8730836
3411_left.jpg,3411,0,0,0,0,0,0,1,1,0.6221091,-3.1454217,-7.708182,-5.8314705,-7.3668857,-8.085377
3412_left.jpg,3412,0,0,0,0,0,0,1,2,-2.0386922,-6.634248,-5.0814314,-5.027467,-3.3120873,-7.0051494
3414_left.jpg,3414,0,0,0,0,0,0,1,1,-1.2356222,-7.854247,-7.741204,-4.435679,-10.97081,-8.4677515
3415_left.jpg,3415,0,0,0,0,0,0,1,4,-4.2783184,-6.977508,-7.07926,-4.1129947,-10.835481,-11.943991
3416_left.jpg,3416,0,0,0,0,0,0,1,3,-5.1798615,-8.804672,-5.461605,-8.8604765,-8.610299,-12.112125
3417_left.jpg,3417,0,0,0,0,0,0,1,3,2.3090706,-3.3808825,-6.8290076,-8.414956,-4.5383167,-9.621699
3418_left.jpg,3418,0,0,0,0,0,0,1,0,-4.747953,-9.043223,-6.3126435,-8.09553,-7.511985,-9.434842
3419_left.jpg,3419,0,0,0,0,0,0,1,0,-0.8055493,-11.456913,-4.3277307,-7.215853,-2.1326497,-12.308665
3420_left.jpg,3420,0,0,0,0,0,0,1,3,-2.312018,-4.7348795,-7.901307,-9.977907,-5.3174195,-10.51128
3421_left.jpg,3421,0,0,0,0,0,0,1,4,-3.623866,-6.313193,-11.75703,-11.613968,-14.6392975,-10.365895
3422_left.jpg,3422,0,0,0,0,0,0,1,1,-0.8921441,-7.0005226,-5.4363422,-7.228585,-5.81173,-8.672995
3423_left.jpg,3423,0,0,0,0,0,0,1,1,-2.8009622,-8.546492,-9.792628,-11.588634,-7.076493,-8.319269
3424_left.jpg,3424,0,0,0,0,0,0,1,3,1.9821839,-8.991802,-10.006131,-6.4841475,-10.521384,-6.9895463
3425_left.jpg,3425,0,0,0,0,0,0,1,2,0.11142025,-8.952749,-5.54924,-5.564194,-5.3969126,-11.903021
3426_left.jpg,3426,0,0,0,0,0,0,1,4,-2.7214265,1.4724022,-6.7409315,-8.378221,-4.353489,-10.70501
3427_left.jpg,3427,0,0,0,0,0,0,1,4,-1.4175189,-7.845674,-7.1105814,-13.386828,-9.498771,-6.882389
3428_left.jpg,3428,0,0,0,0,0,0,1,2,-0.5433012,-6.406715,-4.565304,-6.1675053,-6.756259,-7.2870903
3429_left.jpg,3429,0,0,0,0,0,0,1,4,-2.7367184,-4.9120564,-5.361235,-13.569141,-13.920631,-10.140669
3430_left.jpg,3430,0,0,0,0,0,0,1,0,-3.5878458,-4.210667,-5.8340664,-3.7644641,-4.7791667,-4.0705547
3431_left.jpg,3431,0,0,0,0,0,0,1,3,-1.2595011,-13.490905,-8.822458,-4.6962895,-11.418315,-8.013781
3432_left.jpg,3432,0,0,0,0,0,0,1,1,-7.600342,-1.0960443,-7.9601626,-7.102363,-8.021826,-9.618681
3433_left.jpg,3433,0,0,0,0,0,0,1,1,-1.7375815,-8.532515,-7.40171,-7.2683654,-6.4477615,-8.598986
3434_left.jpg,3434,0,0,0,0,0,0,1,3,-2.0235755,-8.141242,-3.7470212,-4.7846336,-7.861282,-8.854661
3435_left.jpg,3435,0,0,0,0,0,0,1,2,-2.673855,-7.427067,-7.7875266,-4.6334624,-5.944763,-8.781005
3436_left.jpg,3436,0,0,0,0,0,0,1,0,-3.426357,-2.9384322,-10.931929,-4.464561,-10.834214,-11.344237
3437_left.jpg,3437,0,0,0,0,0,0,1,0,-2.1103082,-4.3377094,-9.639591,-8.47804,-9.652347,-6.1377797
3438_left.jpg,3438,0,0,0,0,0,0,1,4,-4.0005455,-10.525154,-8.557475,-8.606043,-10.618073,-8.176649
3439_left.jpg,3439,0,0,0,0,0,0,1,0,-4.5019217,0.06878058,-7.4073033,-0.644043,-7.1180706,-12.312363
3440_left.jpg,3440,0,0,0,0,0,0,1,4,-3.8160264,-3.898038,-4.017013,-7.13767,-2.328342,-9.104332
3441_left.jpg,3441,0,0,0,0,0,0,1,3,-3.224794,-5.585349,-10.28286,-7.179168,-9.005871,-9.066014
3442_left.jpg,3442,0,0,0,0,0,0,1,2,-1.5481576,-5.605172,-9.688727,-5.015271,-7.469684,-12.1569195
3443_left.jpg,3443,0,0,0,0,0,0,1,2,-2.6000836,-0.5875252,-15.22903,-10.1150675,-7.363888,-13.142069
3444_left.jpg,3444,0,0,0,0,0,0,1,1,-0.47602597,-5.56855,-0.83752346,-1.8100097,-9.479598,-6.632209
3445_left.jpg,3445,0,0,0,0,0,0,1,4,-1.6739597,-7.564939,-13.100501,2.8473983,-7.0699086,-11.425131
3446_left.jpg,3446,0,0,0,0,0,0,1,3,1.7291852,-5.5244756,-6.4080544,-3.4220045,-7.0811195,-6.223612
3448_left.jpg,3448,0,0,0,0,0,0,1,1,-0.8297948,-4.0573297,-8.945641,-9.118973,-1.9347811,-9.546525
3450_left.jpg,3450,0,0,0,0,0,0,1,4,-3.032105,-7.186338,-11.503984,-2.650938,-7.601389,-12.553618
3485_left.jpg,3485,0,0,0,0,0,0,1,1,-6.4113884,-1.4380522,-5.2419496,-8.487902,-8.66221,-8.01918
3932_left.jpg,3932,1,0,0,0,0,0,0,2,3.167132,-4.374032,-7.940153,-4.2840223,-3.1014462,-10.839412
3934_left.jpg,3934,1,0,0,0,0,0,0,3,-0.91695136,-9.761662,-8.677004,-6.9227147,-7.380265,-10.579546
3936_left.jpg,3936,1,0,0,0,1,0,0,0,1.5315435,-8.940891,-8.737143,-9.918075,-0.44170213,-8.001512
3937_left.jpg,3937,0,0,0,0,0,0,1,3,-5.285743,-11.417946,-9.522642,-7.182495,-9.407973,-10.370247
3938_left.jpg,3938,1,0,0,0,0,0,0,2,-0.5632315,-5.3421884,-5.692991,-8.87466,-7.534092,-11.891635
3939_left.jpg,3939,1,0,0,0,1,0,0,3,7.516731,-0.39984775,-7.489509,-5.878668,-4.7876854,-9.488266
3940_left.jpg,3940,0,0,0,0,0,0,1,0,-4.9541,-9.651412,-10.2130575,-7.017833,-13.710136,-11.420557
3941_left.jpg,3941,1,0,0,0,0,0,0,3,-0.049406555,-5.0752454,-7.352759,-6.722045,-4.554476,-10.994794
3943_left.jpg,3943,1,0,0,0,0,0,0,2,1.0661353,-11.291155,-10.134156,-6.9977403,-8.644434,-7.2691875
3944_left.jpg,3944,1,0,0,0,0,0,0,2,3.373277,-9.201554,-8.93781,-5.438779,-5.557083,-9.412688
3945_left.jpg,3945,1,0,0,0,0,0,0,4,4.225808,-9.478548,-11.546193,-5.258011,-8.929702,-9.353493
3946_left.jpg,3946,1,0,0,0,0,0,0,1,-0.639993,-7.0947304,-4.854367,0.45585018,-6.0024934,-9.707186
3947_left.jpg,3947,1,0,0,0,0,0,0,1,0.98522747,-5.264112,-6.889656,-9.071388,-5.6032057,-7.155279
3948_left.jpg,3948,1,0,0,0,0,0,0,2,1.0616542,-9.312671,-8.404712,-5.9141607,-7.3773527,-9.974276
3949_left.jpg,3949,0,0,0,0,0,0,1,1,2.0224493,-7.616144,-8.67504,-7.5880084,-2.7714334,-10.796005
3950_left.jpg,3950,1,0,0,0,0,0,0,4,3.6293657,-7.9153504,-8.449988,-7.5832143,-4.6491256,-9.850204
3951_left.jpg,3951,1,0,0,0,1,0,0,0,-1.2853074,-9.110948,-8.076017,-10.467548,-3.678438,-9.018444
3952_left.jpg,3952,1,0,0,0,0,0,0,0,1.5461148,-5.551171,-8.670774,-6.7026453,-7.949517,-10.627269
3953_left.jpg,3953,1,0,0,0,0,0,0,4,-1.6393261,-6.3105116,-10.014049,-9.888292,-1.8617337,-9.66606
3954_left.jpg,3954,1,0,0,0,0,0,0,2,2.3438306,-7.1940346,-7.143578,-6.31434,-6.0884447,-10.120245
3955_left.jpg,3955,1,0,0,0,0,0,0,2,-0.79665846,-7.7477336,-10.984982,-3.0504448,-10.391611,-15.980879
3956_left.jpg,3956,1,0,0,0,0,0,0,4,-1.4681816,-7.1674614,-3.248724,-8.02458,-0.24775974,-5.664848
3957_left.jpg,3957,1,0,0,0,0,0,0,2,2.9516013,-9.90393,-7.137803,-10.374628,-7.955694,-7.375808
3958_left.jpg,3958,1,0,0,0,0,0,0,3,-2.448893,-10.614108,-10.731576,-6.779606,-9.809431,-11.415125
3960_left.jpg,3960,1,0,0,0,0,0,0,1,0.13408852,-0.7464541,-10.74791,-9.07687,-7.43621,-7.2652655
3961_left.jpg,3961,0,0,0,0,0,0,1,4,-1.485975,-8.04861,-7.6635976,-5.505536,-5.2424254,-6.6846786
3962_left.jpg,3962,1,0,0,0,0,0,0,1,5.613261,-6.903681,-8.472572,-7.9901085,-4.7409062,-9.199418
3965_left.jpg,3965,1,0,0,0,0,0,0,2,0.5967587,-7.786718,0.33982942,-8.142181,-2.9330633,-9.919223
3966_left.jpg,3966,1,0,0,0,1,0,0,2,4.305678,-9.807401,-6.476758,-10.573004,-4.928268,-11.311144
3968_left.jpg,3968,1,0,0,0,0,0,0,3,0.1841408,-10.809333,-7.8275824,-6.459505,-9.817783,-11.21252
3969_left.jpg,3969,1,0,0,0,0,0,0,0,-1.9009117,-6.859351,-6.707452,-10.011646,-13.36755,-6.9148293
3970_left.jpg,3970,0,0,0,0,0,0,1,0,0.52096117,-8.703649,-7.6810913,-5.029268,-7.9762135,-7.083741
3971_left.jpg,3971,1,0,0,0,0,0,0,4,2.1974862,-8.579214,-10.001719,-6.037,-4.283106,-6.9745693
3972_left.jpg,3972,1,0,0,0,0,0,0,1,7.219153,-7.0599813,-6.246072,-5.9175363,-5.755134,-6.7416654
3973_left.jpg,3973,1,0,0,0,0,0,0,2,6.0889363,-10.262647,-8.042421,-8.121136,-7.482252,-12.7065525
3976_left.jpg,3976,1,0,0,0,0,0,0,2,6.3699965,-10.485598,-10.970338,-4.851866,-9.536485,-12.379868
3977_left.jpg,3977,1,0,0,0,0,0,0,1,-4.355858,-7.43764,-7.6633363,-9.717426,-7.817994,-8.030872
3978_left.jpg,3978,1,0,0,0,0,0,0,3,0.7323075,-7.3690495,-11.12057,-4.8058357,-7.694891,-8.372101
3979_left.jpg,3979,1,0,0,1,0,0,0,0,-3.3223586,-5.994469,-7.8421893,-3.0212598,-6.0745163,-8.777205
3980_left.jpg,3980,1,0,0,0,0,0,0,1,0.18849151,-11.445241,-9.667424,-4.8197155,-3.6067414,-5.3125653
3981_left.jpg,3981,1,0,0,0,1,0,0,2,-2.354529,-3.8398848,-5.721949,-4.6255007,-0.5230982,-9.416829
3982_left.jpg,3982,1,0,0,0,1,0,0,0,0.45898676,-8.813945,-5.0195994,-7.359523,0.1565298,-6.211439
3983_left.jpg,3983,0,0,0,0,0,0,1,3,-0.3012345,-6.29372,-8.647779,-6.3196816,-9.720993,-6.4230556
3984_left.jpg,3984,1,0,0,0,0,0,0,3,-2.1626213,-5.500298,-10.184109,-10.168508,-7.6894197,-13.388655
3985_left.jpg,3985,1,0,0,0,0,0,0,4,-3.0336359,-7.420014,-8.661099,-3.5835822,-8.07614,-7.7014823
3986_left.jpg,3986,1,0,0,0,1,0,0,1,5.335028,-3.6140199,-6.4107566,-4.027012,1.5320725,-9.260254
3987_left.jpg,3987,1,0,0,0,0,0,0,3,-0.13431297,-8.849042,-10.705252,-4.779694,-6.3197637,-9.231675
3990_left.jpg,3990,1,0,0,0,0,0,0,1,2.173,-9.001964,-5.5790906,-9.14206,-2.6013446,-10.57562
3991_left.jpg,3991,1,0,0,0,0,0,0,0,-0.71395475,-4.049247,-10.590857,-6.528742,-13.234191,-8.542279
3992_left.jpg,3992,1,0,0,0,0,0,0,1,-1.7581539,-5.476561,-7.217564,1.4769126,-10.918808,-15.50298
3993_left.jpg,3993,1,0,0,0,0,0,0,4,1.8747327,-13.398502,-10.469618,-9.510761,-9.820699,-11.178144
3994_left.jpg,3994,1,0,0,0,0,0,0,2,0.010323352,-10.095136,-7.996305,-2.249957,-3.5060284,-6.592346
3995_left.jpg,3995,1,0,0,0,0,0,0,0,-2.022091,-9.143171,-11.078784,-7.3343124,-3.7937975,-8.952044
3996_left.jpg,3996,1,0,0,0,0,0,0,0,12.672112,-11.233033,-8.125595,-9.481121,-6.488123,-10.645071
3997_left.jpg,3997,1,0,0,0,0,0,0,1,8.711825,-6.1132812,-7.794438,-6.5362105,-7.163769,-4.4344816
3998_left.jpg,3998,1,0,0,0,0,0,0,3,0.42194283,-7.006734,-11.88547,-8.691043,-5.057013,-8.365013
3999_left.jpg,3999,1,0,0,0,0,0,0,3,-4.17765,-6.420473,-10.993513,-4.683732,-10.424844,-8.736862
4001_left.jpg,4001,1,0,0,0,0,0,0,2,-1.6204294,-11.475456,-5.8136334,-10.701316,-11.988831,-13.587186
4002_left.jpg,4002,1,0,0,0,0,0,0,4,6.0208015,-7.4241157,-10.921469,-6.8383756,-10.330441,-8.317535
4003_left.jpg,4003,1,0,0,0,0,0,0,3,3.617597,-7.0847163,-10.057657,-7.675924,-6.386242,-8.280433
4005_left.jpg,4005,1,0,0,0,0,0,0,0,0.7866644,-10.302358,-9.342903,-7.181849,-5.1593366,-9.967057
4008_left.jpg,4008,1,0,0,0,0,0,0,1,4.953243,-6.130405,-10.384229,-10.120109,-7.019379,-9.225281
4009_left.jpg,4009,1,0,0,0,0,0,0,4,4.4960527,-6.7882805,-7.637979,-9.7946,-5.8097315,-9.488875
4011_left.jpg,4011,1,0,0,0,0,0,0,0,6.391414,-3.8041673,-4.5686116,-6.663089,-5.0539722,-9.797175
4012_left.jpg,4012,1,0,0,0,1,0,0,4,-2.5979517,-8.31322,-7.4117217,-7.9378157,-5.1146708,-7.52119
4013_left.jpg,4013,1,0,0,0,0,0,0,1,-0.5604655,-4.807982,-0.88606656,-6.60123,-3.9341576,-11.062704
4014_left.jpg,4014,1,0,0,0,0,0,0,0,9.761982,-4.732452,-7.085345,-5.9470387,-4.284365,-6.461663
4015_left.jpg,4015,1,0,0,0,0,0,0,2,-1.8100556,-10.653198,-7.178544,-7.313206,-5.98186,-14.939018
4016_left.jpg,4016,1,0,0,0,0,0,0,2,-0.7791818,-10.284239,-9.004248,-10.860328,-9.437764,-10.106617
4018_left.jpg,4018,1,0,0,0,0,0,0,1,10.121377,-11.253383,-10.462711,-7.554741,-9.352197,-9.295968
4020_left.jpg,4020,1,0,0,0,0,0,0,0,1.3488415,-2.4436224,-9.386966,-9.193169,-5.869671,-8.735356
4021_left.jpg,4021,1,0,0,0,0,0,0,2,1.6248784,-7.154563,-8.016599,-7.7817903,-1.2125642,-11.457128
4022_left.jpg,4022,1,0,0,0,0,0,0,3,3.2812595,-4.249641,-5.3433805,-9.489069,-3.7189002,-7.495153
4023_left.jpg,4023,0,0,0,0,0,0,1,3,-2.7056534,-9.173786,-10.237089,-4.8722267,-8.108511,-6.56313
4024_left.jpg,4024,0,0,0,0,0,0,1,0,-2.1842105,-11.241665,-10.327028,-8.877797,-8.747221,-8.098837
4025_left.jpg,4025,1,0,0,0,0,0,0,3,1.3479251,-9.215909,-9.702399,-5.365047,-7.6300583,-8.243373
4026_left.jpg,4026,0,0,0,0,0,0,1,3,-0.31272125,-3.7272353,-9.535995,-6.9008384,-13.971736,-9.089017
4027_left.jpg,4027,0,0,0,0,0,0,1,0,-1.082483,-8.764588,-7.3028436,-8.188953,-5.503794,-8.091367
4028_left.jpg,4028,1,0,0,0,0,0,0,0,-0.1638943,-8.71254,-7.8940463,-9.156613,-6.7857294,-7.690899
4029_left.jpg,4029,1,0,0,0,0,0,0,2,2.4240391,-6.0817747,-6.3747616,-5.154484,-4.154443,-9.26595
4030_left.jpg,4030,1,0,0,0,0,0,0,0,0.8201881,-9.015205,-8.632407,-5.547531,-8.1913595,-10.659435
4032_left.jpg,4032,1,0,0,0,0,0,0,2,4.8610144,-7.035469,-8.352326,-8.422898,-14.655932,-9.031236
4033_left.jpg,4033,1,0,0,0,0,0,0,2,-1.6100473,-5.4372196,-8.000873,-5.5538883,-5.739482,-10.9838915
4034_left.jpg,4034,1,0,0,0,0,0,0,4,3.8391123,-6.9715376,-7.591437,-7.1814165,-6.5553885,-9.524353
4035_left.jpg,4035,1,0,0,0,0,0,0,1,-6.484972,-3.853508,-8.628561,-11.079196,-12.875095,-8.468688
4036_left.jpg,4036,0,0,0,0,0,0,1,4,0.3823343,-3.8910313,-7.787052,-8.671541,-6.806926,-9.496202
4037_left.jpg,4037,1,0,0,0,1,0,0,1,2.696278,-4.6627283,-9.0945215,-1.6628591,-4.0504704,-9.056611
4038_left.jpg,4038,0,0,0,0,0,0,1,0,-2.3969164,-5.2122455,0.21156804,-10.16485,-11.172959,-4.7212996
4039_left.jpg,4039,1,0,0,0,0,0,0,3,-2.2143962,-11.057545,-11.423415,-4.9444795,-10.16619,-12.031379
4040_left.jpg,4040,1,0,0,0,0,0,0,3,-1.414678,-5.7684407,-5.267043,-4.0811386,-2.858997,-8.940222
4041_left.jpg,4041,1,0,0,0,0,0,0,2,2.3142107,-8.471637,-6.093581,-11.017941,-4.4158106,-13.317686
4043_left.jpg,4043,1,0,0,0,0,0,0,3,7.861282,-9.014475,-8.664378,-5.956579,-7.84865,-8.746459
4044_left.jpg,4044,1,0,0,0,0,0,0,1,3.0322165,0.33353695,-8.696623,-7.1559877,-5.8365917,-8.122792
4045_left.jpg,4045,1,0,0,0,0,0,0,4,-0.32765126,-8.942598,-1.5130278,-7.389364,-2.3779805,-6.014781
4046_left.jpg,4046,1,0,0,0,0,0,0,4,4.046745,-6.630605,-7.484486,-10.4273205,-8.366099,-7.2170243
4047_left.jpg,4047,1,0,0,0,0,0,0,3,1.9774475,-9.440896,-10.1615,-6.761583,-8.643059,-5.743482
4048_left.jpg,4048,1,0,0,0,0,0,0,2,1.5998684,-4.827181,-8.34456,-7.366763,-3.3506842,-8.326283
4049_left.jpg,4049,1,0,0,0,0,0,0,0,6.619836,-6.4466577,-11.212183,-6.495512,-5.6343436,-8.815465
4050_left.jpg,4050,1,0,0,0,0,0,0,2,-0.92817676,-9.669308,-10.552548,-6.300932,-6.7351856,-11.611814
4051_left.jpg,4051,1,0,0,0,0,0,0,0,0.86344117,-9.56245,-8.680001,-5.241726,-7.64854,-8.700079
4052_left.jpg,4052,1,0,0,0,0,0,0,0,-2.1272223,-7.3438807,-7.2443123,-8.323168,-8.389388,-7.994782
4053_left.jpg,4053,1,0,0,0,0,0,0,1,0.8847059,-13.1352005,-8.377383,-5.925019,-9.98731,-6.582998
4054_left.jpg,4054,1,0,0,0,0,0,0,0,1.1469979,-9.630879,-8.138132,-3.7451491,-7.971748,-10.10954
4055_left.jpg,4055,1,0,0,0,1,0,0,2,0.46041784,-3.4835103,-7.93323,-7.3437815,-7.4580884,-9.683048
4056_left.jpg,4056,0,0,0,0,0,0,1,2,0.6947587,-5.309097,-10.644312,-7.0943274,-4.927443,-8.092946
4057_left.jpg,4057,0,0,0,0,0,0,1,1,-2.8083131,-5.622509,-8.647174,-9.719917,-12.881596,-10.621791
4058_left.jpg,4058,0,0,0,0,0,0,1,4,-1.7076079,-3.5886536,-2.8938346,-8.065428,-6.0755615,-9.299985
4059_left.jpg,4059,0,0,0,0,0,0,1,1,-2.7002785,-9.434076,-7.6797595,-8.056773,0.2544843,-7.049466
4060_left.jpg,4060,0,0,0,0,0,0,1,4,-2.3066504,-5.0866475,-13.6413,-12.155382,-12.838666,-11.397245
4061_left.jpg,4061,1,0,0,0,0,0,0,0,0.849107,-13.276411,-4.7740417,-8.097452,-6.8092976,-11.750501
4063_left.jpg,4063,1,0,0,0,0,0,0,4,0.61600614,-6.434768,-10.819875,-3.9210315,-2.7514849,-11.130686
4064_left.jpg,4064,1,0,0,0,0,0,0,2,-0.5094991,-8.885827,-6.4550385,-3.7865324,-7.8358383,-5.6498632
4066_left.jpg,4066,1,0,0,0,0,0,0,0,-0.9075769,-3.4456851,-9.855405,-2.6695404,-6.6270795,-4.9304547
4067_left.jpg,4067,1,0,0,0,0,0,0,1,0.12426472,-6.7583933,-7.723073,-9.935294,-1.3197845,-7.7193937
4068_left.jpg,4068,1,0,0,0,0,0,0,0,1.9687034,-4.868608,-7.622893,-4.3062916,-7.3887424,-6.582407
4069_left.jpg,4069,0,0,0,0,0,0,1,2,-1.3131695,-10.111542,-9.325803,-7.080881,-5.256803,-12.362164
4071_left.jpg,4071,1,0,0,0,0,0,0,0,3.1563432,-10.344418,-6.2509093,-7.9388046,-5.6288514,-9.906993
4072_left.jpg,4072,1,0,0,0,1,0,0,4,-2.270068,-4.040828,-8.8887005,-7.605388,-2.2153437,-7.297829
4073_left.jpg,4073,1,0,0,0,0,0,0,2,3.8904922,-12.278975,-11.914469,-5.7236423,-5.2207584,-8.268209
4074_left.jpg,4074,1,0,0,0,0,0,0,1,0.38274917,-6.822519,-4.6663256,-5.1036615,-12.702929,-9.01304
4076_left.jpg,4076,0,0,0,0,0,0,1,0,-4.4599605,-8.776114,-7.7147923,-8.118983,-7.3053,-11.075784
4077_left.jpg,4077,1,0,0,0,1,0,0,3,-1.1362938,-6.771137,-8.461758,-7.9347076,-2.0170724,-12.145708
4078_left.jpg,4078,1,0,0,0,0,0,0,0,-0.04342232,-9.216763,-6.749491,-4.8812847,-12.136376,-9.12396
4079_left.jpg,4079,0,0,0,0,0,0,1,4,-1.7106593,-6.64365,-6.0717587,-6.760307,-9.864885,-9.819923
4080_left.jpg,4080,1,0,0,0,0,0,0,2,-3.501942,-10.208121,-11.45382,-2.6363428,-8.742479,-14.489496
4081_left.jpg,4081,1,0,0,0,0,0,0,2,8.194522,-12.547131,-6.9748797,-9.828248,-6.5420184,-7.8093486
4082_left.jpg,4082,1,0,0,0,0,0,0,3,-0.15150224,-8.312484,-8.728738,-6.2149377,-7.361562,-11.053049
4083_left.jpg,4083,1,0,0,0,0,0,0,1,-1.5215836,-6.6151133,-9.540439,-6.215703,-9.156524,-7.95487
4084_left.jpg,4084,1,0,0,0,0,0,0,4,-2.3047822,-9.985973,-14.986921,-9.390524,-15.108803,-13.52887
4085_left.jpg,4085,1,0,0,0,0,0,0,3,1.1601423,-7.567017,-8.984806,-3.2433393,-8.421534,-12.971566
4086_left.jpg,4086,1,0,0,0,0,0,0,3,0.8055384,-7.9500365,-7.8558497,-7.3447514,-8.500196,-9.131224
4087_left.jpg,4087,1,0,0,0,0,0,0,2,0.4579622,-10.644735,-8.847817,-8.044755,-4.8473654,-6.2437034
4088_left.jpg,4088,1,0,0,0,1,0,0,3,-0.6923292,-7.6554213,-12.283176,-5.878126,-5.9944987,-9.432817
4089_left.jpg,4089,1,0,0,0,0,0,0,1,5.3224826,-8.497898,-2.821898,-8.6572275,-5.386431,-6.659788
4090_left.jpg,4090,1,0,0,0,1,0,0,4,1.6640396,0.4226478,-8.3082075,-6.2925115,-0.2277401,-6.118319
4091_left.jpg,4091,1,0,0,0,0,0,0,3,-1.5022787,-4.8644896,-5.006087,-7.4602685,-8.225764,-7.6123314
4093_left.jpg,4093,1,0,0,0,0,0,0,2,7.6972895,-11.4163685,-7.373471,-7.722688,-7.028394,-11.677717
4094_left.jpg,4094,1,0,0,0,0,0,0,2,6.5342727,-12.363676,-8.844309,-4.299294,-4.9095035,-13.792091
4095_left.jpg,4095,1,0,0,0,0,0,0,3,1.009444,-1.8116465,-3.3634245,-4.906275,-6.4112225,-9.437126
4096_left.jpg,4096,1,0,0,0,0,0,0,2,2.1163871,-12.422009,-11.711203,-6.7503843,-7.471828,-12.657309
4097_left.jpg,4097,1,0,0,0,0,0,0,1,0.39541307,-10.117013,-9.008466,-7.5520506,-5.811522,-7.090529
4098_left.jpg,4098,1,0,0,0,0,0,0,4,8.3209,-7.7764015,-9.679822,-9.633083,-11.875804,-10.358331
4099_left.jpg,4099,1,0,0,0,0,0,0,3,2.9551225,-9.858027,-9.092544,-7.170171,-1.4833124,-8.187276
4100_left.jpg,4100,0,0,0,0,0,0,1,3,1.680727,-13.288705,-9.959347,-8.501463,-10.827839,-9.677037
4101_left.jpg,4101,1,0,0,0,0,0,0,3,0.8300933,-10.28543,-10.180351,-9.639206,-9.717839,-8.351492
4102_left.jpg,4102,1,0,0,0,0,0,0,1,10.545801,-7.916881,-7.508989,-4.74275,-7.808993,-9.193466
4104_left.jpg,4104,1,0,0,0,0,0,0,1,8.160952,-6.1419044,-14.220086,-7.684212,-9.50012,-8.139721
4105_left.jpg,4105,1,0,0,0,0,0,0,4,0.41712224,-7.854171,-8.830465,-12.844217,-6.810992,-5.0519266
4106_left.jpg,4106,0,0,0,0,0,0,1,2,-1.2360829,-10.723517,-11.177021,-7.1428733,-3.8835196,-7.2660584
4107_left.jpg,4107,1,0,0,0,0,0,0,1,-1.0622952,1.4268641,-7.9180217,-7.557899,-13.192513,-2.8516054
4109_left.jpg,4109,1,0,0,0,0,0,0,2,6.4019575,-10.649526,-8.190942,-6.4064384,-6.8494744,-8.45797
4110_left.jpg,4110,1,0,0,0,0,0,0,4,3.1539936,-6.5848804,-6.2622857,-5.1256933,-11.759051,-8.012725
4111_left.jpg,4111,0,0,0,0,0,0,1,1,-3.0568278,-7.395414,-5.8534174,-6.2684846,-9.564087,-9.580773
4112_left.jpg,4112,1,0,0,0,0,0,0,1,2.5513058,-13.294338,-10.677807,-12.387157,-9.953919,-13.969854
4113_left.jpg,4113,1,0,0,0,0,0,0,1,-0.74503714,-10.707205,-12.405734,-8.646822,-5.0561414,-9.545421
4114_left.jpg,4114,1,0,0,0,0,0,0,1,-1.5303825,-6.273919,-2.7085774,-4.239316,-7.626708,-9.579514
4115_left.jpg,4115,1,0,0,0,0,0,0,4,1.3621104,-7.1485786,-6.5781646,-5.769685,-3.40692,-8.254165
4116_left.jpg,4116,1,0,0,0,0,0,0,4,1.7455096,-7.971128,-9.120613,-10.190788,-6.2883058,-8.56137
4117_left.jpg,4117,0,0,0,0,0,0,1,4,-2.0623298,-7.4942613,-7.3685117,-5.9170685,-6.1813254,-9.425402
4118_left.jpg,4118,0,0,0,0,0,0,1,3,-4.5573087,-3.6507099,-11.221381,-11.949918,-13.251286,-12.150385
4119_left.jpg,4119,1,0,0,0,0,0,0,0,0.49316126,-11.500917,-11.231598,-8.711515,-14.161175,-8.046839
4120_left.jpg,4120,1,0,0,0,1,0,0,2,4.526063,-5.81996,-6.623283,-5.919998,0.8216503,-9.084041
4121_left.jpg,4121,1,0,0,0,0,0,0,3,2.9189951,-5.8439703,-9.405512,-11.081821,-7.484766,-11.019911
4122_left.jpg,4122,1,0,0,0,1,0,0,4,0.4246149,-7.024065,-8.058427,-10.057383,-5.9315553,-13.566907
4123_left.jpg,4123,1,0,0,0,0,0,0,1,-2.446088,-9.031689,-10.804165,-3.4985137,-8.52572,-7.757523
4124_left.jpg,4124,1,0,0,0,0,0,0,2,4.8225803,-4.985364,-12.105406,-6.1909075,-6.489688,-8.315717
4125_left.jpg,4125,1,0,0,0,0,0,0,1,10.796643,-12.007675,-8.675071,-6.8789706,-12.768261,-11.932052
4126_left.jpg,4126,0,0,0,0,0,0,1,2,0.16714284,-9.220249,-5.4163632,-5.0477376,-8.927968,-10.877499
4127_left.jpg,4127,1,0,0,0,0,0,0,0,14.381206,-9.679833,-8.701978,-10.923363,-9.95447,-12.346768
4128_left.jpg,4128,1,0,0,0,0,0,0,4,3.5127625,-9.914217,-8.670509,-11.5435915,-4.7197328,-9.326898
4129_left.jpg,4129,0,0,0,0,1,0,0,2,-1.6319277,-7.0182414,-8.628284,-9.24063,-4.115368,-12.089633
4130_left.jpg,4130,0,0,0,0,0,0,1,1,-0.046697736,-11.259022,-9.207424,-8.05745,-7.5641017,-6.137224
4131_left.jpg,4131,1,0,0,0,0,0,0,0,4.5005817,-11.251891,-9.690671,-7.987737,-5.2649,-6.8656926
4133_left.jpg,4133,1,0,0,0,0,0,0,2,4.0969286,-12.242419,-8.195165,-6.6295986,-13.606448,-13.803653
4134_left.jpg,4134,1,0,0,0,0,0,0,0,3.6326146,-8.872047,-6.0779347,-9.472675,-7.707405,-12.4112625
4136_left.jpg,4136,1,0,0,0,0,0,0,4,1.4527253,-9.203511,-5.035589,-6.6954103,-6.185239,-7.427978
4137_left.jpg,4137,1,0,0,0,0,0,0,2,5.6040955,-5.756344,-6.67649,-2.915076,-5.4509954,-11.696716
4138_left.jpg,4138,1,0,0,0,0,0,0,0,-2.2820332,-8.992492,-9.24089,-8.892592,-8.813575,-7.56632
4139_left.jpg,4139,1,0,0,0,0,0,0,2,-0.5560627,-10.842534,-6.3931093,-5.0786285,-9.24476,-9.409038
4140_left.jpg,4140,1,0,0,0,0,0,0,0,3.4794972,-11.826863,-12.428642,-7.4417834,-11.5518055,-8.8963585
4141_left.jpg,4141,0,0,0,0,0,0,1,4,-2.8605018,-10.7130995,-8.107867,-8.025,-7.9086275,-4.785935
4142_left.jpg,4142,1,0,0,0,1,0,0,2,8.470054,-4.720313,-7.5370464,-6.293092,2.0238554,-11.085104
4144_left.jpg,4144,1,0,0,0,0,0,0,3,6.298549,-8.857281,-8.644354,-6.8180766,-7.0324454,-6.631998
4146_left.jpg,4146,0,0,0,0,0,0,1,0,-0.79303557,-3.3404999,-8.645662,-8.650355,-1.2544537,-9.721808
4147_left.jpg,4147,1,0,0,0,0,0,0,3,3.3079195,-3.8973734,-9.726829,-6.918745,-8.138439,-7.381176
4148_left.jpg,4148,1,0,0,0,0,0,0,1,-0.5601112,-4.963374,-2.0046968,-5.971044,-5.9030247,-7.6377745
4151_left.jpg,4151,1,0,0,0,0,0,0,3,2.8516145,-3.5965607,-10.839133,-2.4006505,-0.638602,-6.733639
4152_left.jpg,4152,0,0,0,0,0,0,1,0,-2.4750218,-3.6574469,-8.681438,-3.997792,-7.388092,-10.499896
4153_left.jpg,4153,0,0,0,0,0,0,1,2,-1.9681337,-10.754211,-8.411708,-4.6618567,-9.56219,-5.9567666
4154_left.jpg,4154,0,0,0,0,0,0,1,4,-0.70777136,-10.932004,-12.319059,-13.539635,-9.232445,-12.534681
4155_left.jpg,4155,1,0,0,0,0,0,0,2,3.3670907,-10.82129,-8.667591,-9.708407,-4.533298,-5.35213
4156_left.jpg,4156,1,0,0,0,0,0,0,4,-2.2851086,-10.184702,-6.836763,-10.249585,-13.200857,-9.612943
4158_left.jpg,4158,1,0,0,0,0,0,0,4,7.7955017,-3.5391705,-11.214303,-7.6615725,-9.034207,-9.024902
4159_left.jpg,4159,1,0,0,0,0,0,0,1,-1.2940378,-8.082896,-7.8744807,-4.3250484,-6.064876,-9.058438
4160_left.jpg,4160,1,0,0,0,0,0,0,0,8.286589,-9.653956,-6.2917256,-8.2934885,-8.267645,-9.873068
4161_left.jpg,4161,1,0,0,0,0,0,0,1,8.344988,-7.670223,-10.199244,-8.075363,-8.7417145,-10.709473
4162_left.jpg,4162,1,0,0,0,0,0,0,2,-2.071982,-7.464588,-3.352143,-7.553494,-3.9824674,-10.826173
4163_left.jpg,4163,1,0,0,0,0,0,0,3,-0.4375887,-9.476118,-8.958699,-4.2037053,-11.176941,-7.875835
4164_left.jpg,4164,1,0,0,0,0,0,0,4,-1.5331435,-8.925956,-7.4881115,-6.00645,-5.271282,-10.733465
4166_left.jpg,4166,1,0,0,0,0,0,0,3,0.7414836,-7.379336,-7.727396,-4.7011595,-10.940762,-11.055016
4167_left.jpg,4167,0,0,0,0,0,0,1,4,-2.3559475,-5.193581,-1.3234731,-4.614749,-10.944979,-10.907598
4168_left.jpg,4168,1,0,0,0,0,0,0,1,-0.05423242,-6.3615284,-5.67288,-4.023164,-8.208059,-7.2767067
4171_left.jpg,4171,1,0,0,0,0,0,0,2,6.14854,-9.925036,-7.9406247,-5.633224,-4.0565553,-7.849762
4172_left.jpg,4172,1,0,0,0,0,0,0,0,0.66080314,-10.007303,-9.95411,-9.05922,-5.730214,-10.303145
4173_left.jpg,4173,1,0,0,0,0,0,0,3,0.0872069,-8.213629,-10.83138,-5.360474,-10.181463,-12.856988
4174_left.jpg,4174,1,0,0,0,0,0,0,1,-0.24289541,-7.26994,-4.9856424,-4.578279,-7.6456623,-9.223352
4175_left.jpg,4175,1,0,0,0,0,0,0,2,-1.9235233,-3.6116688,-8.455909,-6.90236,-6.1226883,-11.952584
4176_left.jpg,4176,0,0,0,0,0,0,1,1,-0.35215795,-11.110025,-11.399932,-4.51528,-7.9388084,-10.983425
4177_left.jpg,4177,1,0,0,0,0,0,0,3,3.1862648,-10.135574,-10.594015,-10.982157,-5.4624357,-10.066243
4178_left.jpg,4178,1,0,0,0,0,0,0,4,3.708787,-8.690399,-12.587235,-4.8857303,-11.645194,-9.053535
4179_left.jpg,4179,1,0,0,0,0,0,0,2,-1.2590203,-1.8877752,-8.690128,-8.577697,-5.2742434,-9.195832
4180_left.jpg,4180,1,0,0,0,0,0,0,4,-0.82730216,-6.045714,-5.4962,-11.545911,-3.2843013,-6.0185647
4181_left.jpg,4181,1,0,0,0,0,0,0,1,3.8137937,-11.303059,-13.314808,-8.80127,-8.408221,-8.128742
4182_left.jpg,4182,1,0,0,0,0,0,0,2,0.9528277,-10.361987,-9.5082445,-3.2134793,-8.485971,-10.946901
4183_left.jpg,4183,1,0,0,0,0,0,0,0,-0.15752865,-8.625041,-10.061621,-4.8528275,-7.548878,-9.983498
4184_left.jpg,4184,1,0,0,0,0,0,0,2,2.1161962,-7.542623,-10.525602,-7.3578253,-4.598303,-10.385694
4185_left.jpg,4185,1,0,0,0,0,0,0,3,2.648628,-7.142788,-9.677657,-6.654847,-10.703299,-7.81349
4186_left.jpg,4186,0,0,0,0,0,0,1,2,0.72336733,-8.666763,-6.887112,-7.409424,-5.782256,-6.5329895
4188_left.jpg,4188,1,0,0,0,0,0,0,1,-0.86393344,-11.539475,-10.645951,-7.2276926,-9.877829,-8.498005
4190_left.jpg,4190,1,0,0,0,0,0,0,0,0.5662733,-5.6205134,-9.632062,-9.129444,-0.35004184,-8.011537
4191_left.jpg,4191,1,0,0,0,0,0,0,1,11.541861,-5.925688,-10.71542,-8.833246,-5.9467487,-7.9039173
4192_left.jpg,4192,1,0,0,0,0,0,0,4,5.450049,-2.8563976,-6.697133,-10.685751,-5.071907,-9.987659
4193_left.jpg,4193,0,0,0,0,0,0,1,4,-1.6610595,-5.8127017,-10.71977,-8.54639,-9.298761,-12.111961
4194_left.jpg,4194,1,0,0,0,0,0,0,3,0.5593541,-7.1881003,-8.953403,-6.7756214,-8.076867,-8.377286
4195_left.jpg,4195,1,0,0,0,0,0,0,1,5.0720887,-7.431631,-8.67074,-7.7168417,-6.6531878,-9.516273
4196_left.jpg,4196,1,0,0,0,0,0,0,2,6.3634515,-4.8164005,-7.679862,-2.2262805,-3.9145942,-9.897404
4197_left.jpg,4197,0,0,0,0,0,0,1,4,-1.540054,-12.1615505,-6.3599024,-8.784695,-4.1590004,-10.803287
4198_left.jpg,4198,1,0,0,0,0,0,0,4,-1.2890685,-2.857765,-4.4436035,-8.604701,-6.2287254,-4.5370774
4199_left.jpg,4199,1,0,0,0,1,0,0,3,-1.8771183,-3.8553114,-9.126118,-5.637989,-7.6471424,-8.220577
4200_left.jpg,4200,0,0,0,0,0,0,1,3,-3.0396338,-10.556441,-6.0383406,-7.7422385,-6.493418,-13.34917
4201_left.jpg,4201,1,0,0,0,0,0,0,3,1.1673464,-7.25242,-5.867292,-8.361693,-5.119821,-10.834038
4202_left.jpg,4202,0,0,0,0,1,0,0,1,2.4900117,0.34141108,-10.541489,-4.200933,-5.6629453,-9.246897
4203_left.jpg,4203,0,0,0,0,0,0,1,4,-3.2407372,-8.954024,-10.452545,-7.0055013,-7.012645,-7.5081177
4204_left.jpg,4204,1,0,0,0,0,0,0,2,6.410519,-9.78008,-9.974496,-6.9073596,-6.003878,-5.9204173
4205_left.jpg,4205,1,0,0,0,0,0,0,2,5.13587,-4.382755,-8.690984,-10.796153,-9.630267,-9.899206
4206_left.jpg,4206,1,0,0,0,0,0,0,1,-1.373702,-8.217218,-7.7605367,-5.582187,-4.223432,-10.017658
4207_left.jpg,4207,1,0,0,0,1,0,0,4,-1.3448133,-8.43345,-9.994193,-6.504065,-9.18802,-12.098239
4208_left.jpg,4208,0,0,0,0,0,0,1,3,-0.26166633,-8.739052,-8.362507,-3.4142733,-8.768177,-9.610346
4209_left.jpg,4209,0,0,0,0,0,0,1,4,-4.2884164,-5.220665,-7.963375,-0.16015203,-7.5915008,0.7423066
4210_left.jpg,4210,1,0,0,0,0,0,0,2,5.0687532,-10.702378,-6.997147,-9.994994,-7.234737,-11.362692
4211_left.jpg,4211,1,0,0,0,0,0,0,4,-0.64802957,-7.295338,-7.481496,-9.214886,-8.923922,-9.189633
4212_left.jpg,4212,1,0,0,0,0,0,0,0,-0.45920476,-4.9095798,-9.470613,-7.490344,-9.487731,-10.04667
4213_left.jpg,4213,1,0,0,0,0,0,0,4,0.7920553,-6.178298,-7.213323,-7.9862194,-4.945416,-10.062625
4214_left.jpg,4214,1,0,0,0,1,0,0,4,0.10297736,-5.25794,-9.297654,-9.567531,-3.2905421,-7.097332
4215_left.jpg,4215,1,0,0,0,0,0,0,3,-0.6608089,-5.4840446,-9.438277,-5.966667,-7.1424003,-7.2236733
4216_left.jpg,4216,1,0,0,0,0,0,0,1,6.0462804,-12.841077,-9.04729,-9.304004,-4.970735,-9.637118
4217_left.jpg,4217,1,0,0,0,0,0,0,1,-0.47818145,-5.850348,-9.063799,-4.5715294,-7.574027,-5.0099683
4218_left.jpg,4218,0,0,0,0,0,0,1,2,0.42506742,-5.1300535,-7.8665357,-8.0234165,-6.1719027,-4.887357
4219_left.jpg,4219,0,0,0,0,0,0,1,0,-2.0210583,-7.6494784,-9.968271,-7.3343673,-6.475185,-10.813822
4220_left.jpg,4220,1,0,0,0,0,0,0,2,7.8524446,-11.417732,-8.581859,-6.6756873,-8.791815,-4.5374246
4221_left.jpg,4221,1,0,0,0,0,0,0,4,8.232263,-5.1825356,-11.074074,-12.166618,-8.738248,-9.110034
4222_left.jpg,4222,1,0,0,0,0,0,0,2,6.143846,-11.007881,-9.427014,-9.839813,-11.134496,-8.632144
4223_left.jpg,4223,1,0,0,0,0,0,0,4,7.4385867,-6.0207114,-7.0083537,-9.503329,-6.176521,-12.747598
4224_left.jpg,4224,0,0,0,0,0,0,1,2,0.47383988,-6.6498537,-8.173814,-5.4750404,-7.744575,-9.745675
4225_left.jpg,4225,0,0,0,0,0,0,1,2,-3.1133993,-12.648849,-9.377933,-3.5686593,-9.018157,-9.930942
4226_left.jpg,4226,1,0,0,0,0,0,0,1,1.1727306,-7.3477335,-10.34663,-10.558027,-6.629922,-9.429798
4227_left.jpg,4227,1,0,0,0,0,0,0,3,2.6427581,-4.6643176,-10.916779,-4.6470103,-7.2718606,-11.076353
4229_left.jpg,4229,0,0,0,0,0,0,1,1,-2.390484,-6.06662,-5.806385,-10.25006,-5.4320507,-9.650987
4230_left.jpg,4230,0,0,0,0,0,0,1,2,-1.9338562,-8.2143345,-9.079638,-9.43573,-5.7909427,-8.411576
4231_left.jpg,4231,0,0,0,0,0,0,1,0,-0.69357246,-6.0933843,-7.812506,-10.656708,-6.240122,-8.125308
4232_left.jpg,4232,1,0,0,0,0,0,0,2,3.1391826,-6.254705,-8.182448,-5.7084603,-5.680378,-10.277415
4233_left.jpg,4233,1,0,0,0,0,0,0,1,1.5962896,-4.9790163,-4.8013444,-4.387292,-7.641257,-7.554769
4234_left.jpg,4234,1,0,0,0,0,0,0,0,0.29706857,-7.324826,-9.365805,-5.1914606,-7.3801565,-6.4219627
4235_left.jpg,4235,1,0,0,0,0,0,0,3,3.3259273,-0.7713757,-6.080768,-7.675469,-8.88269,-10.889751
4236_left.jpg,4236,1,0,0,0,0,0,0,3,4.403762,-6.3047214,-7.8921328,-4.822956,-4.476572,-10.101883
4237_left.jpg,4237,1,0,0,0,0,0,0,0,-3.1292317,-11.790381,-6.8346286,-8.186905,-5.943506,-12.509519
4238_left.jpg,4238,0,0,0,0,0,0,1,0,-0.16051571,-7.9261603,-5.916681,-13.483862,-2.8277764,-8.567259
4239_left.jpg,4239,1,0,0,0,0,0,0,1,1.3005313,-6.974489,-11.338718,-5.17882,-1.4723208,-9.846207
4240_left.jpg,4240,0,0,0,0,0,0,1,2,-1.1070658,-10.091366,-8.866782,-5.4920406,-8.630566,-11.274686
4241_left.jpg,4241,1,0,0,0,0,0,0,2,3.426336,-9.551576,-6.762241,-6.8005304,-7.8382273,-9.678958
4242_left.jpg,4242,0,0,0,0,0,0,1,3,-5.0973253,-10.371294,-8.394166,-7.1516433,-5.4661446,-10.429994
4243_left.jpg,4243,1,0,0,0,0,0,0,1,2.8456013,-4.603869,-9.996223,-7.2740235,-10.16321,-8.624621
4244_left.jpg,4244,1,0,0,0,0,0,0,1,3.865197,-12.30261,-10.756714,-9.729792,-6.551645,-10.026628
4245_left.jpg,4245,0,0,0,0,0,0,1,4,-0.61042064,-7.5366845,-6.1447725,-4.619299,-3.704775,-7.1884985
4246_left.jpg,4246,1,0,0,0,0,0,0,4,0.24900836,-5.27651,-8.337922,-0.6299619,-7.4425206,-9.196664
4247_left.jpg,4247,1,0,0,0,0,0,0,0,0.8164955,-8.2785845,-6.15219,-6.7847133,-7.914432,-9.525755
4248_left.jpg,4248,1,0,0,0,0,0,0,1,-0.82342184,-5.6297927,-7.5652137,-7.0811734,-5.2491107,-8.917553
4249_left.jpg,4249,1,0,0,0,0,0,0,3,-3.4674582,-7.2745733,-4.565145,-6.5903654,-2.54971,-10.803213
4250_left.jpg,4250,1,0,0,0,0,0,0,4,-1.0281991,-6.720444,-10.650222,-9.543928,-6.9285626,-11.96161
4251_left.jpg,4251,1,0,0,0,0,0,0,4,-0.058693793,-9.716098,-9.679118,-10.6731615,-6.799694,-10.221969
4252_left.jpg,4252,1,0,0,0,0,0,0,4,-0.6603264,-12.549502,-10.425195,-3.9061584,-12.798639,-10.823779
4253_left.jpg,4253,0,0,0,0,0,0,1,4,-0.43501833,-1.864333,-7.3536725,-8.895253,-0.9091144,-7.87017
4254_left.jpg,4254,1,0,0,0,0,0,0,0,-1.1119026,-8.115556,-10.259699,-5.708849,-7.340289,-7.8394966
4255_left.jpg,4255,1,0,0,0,0,0,0,0,1.6161598,-11.799399,-7.621407,-8.59115,-11.088828,-10.709345
4256_left.jpg,4256,1,0,0,0,0,0,0,4,-2.5061018,-8.499076,-12.336848,1.3362162,-7.9806767,-10.685449
4258_left.jpg,4258,1,0,0,0,0,0,0,2,0.820201,-4.797224,-7.6111956,-4.518998,-7.215971,-8.151185
4259_left.jpg,4259,1,0,0,0,0,0,0,0,2.108209,-5.936308,-7.2942243,-5.3267717,-7.201239,-5.226497
4260_left.jpg,4260,1,0,0,0,0,0,0,2,-1.4292381,-9.34123,-8.138706,-5.6352634,-6.6063247,-7.2971196
4261_left.jpg,4261,0,0,0,0,0,0,1,1,-0.9383677,-9.644815,-7.903611,-11.358695,-8.359499,-6.0872607
4262_left.jpg,4262,1,0,0,0,0,0,0,2,-1.5928974,-5.9961987,-12.2023,-6.976398,-5.0574965,-9.648619
4263_left.jpg,4263,1,0,0,0,0,0,0,1,-2.3346,-2.601771,-1.6433418,-4.556008,-10.027257,-7.38068
4265_left.jpg,4265,1,0,0,0,0,0,0,2,-1.4377587,-5.1310983,-6.477564,-8.436744,-8.619855,-8.047568
4266_left.jpg,4266,1,0,0,0,0,0,0,0,-1.3742805,-14.578911,-8.487743,-10.987353,-8.306275,-12.833003
4267_left.jpg,4267,0,0,0,0,0,0,1,3,1.5541251,-8.406738,-9.212026,-7.2188325,-8.894855,-6.056618
4268_left.jpg,4268,1,0,0,0,0,0,0,0,0.8822406,-11.0234375,-8.967833,-5.900126,-9.025391,-9.55411
4269_left.jpg,4269,1,0,0,0,0,0,0,4,2.3253922,-4.750551,-6.130345,-8.443291,-5.6805186,-10.398115
4270_left.jpg,4270,1,0,0,0,0,0,0,3,9.234069,-9.6202755,-9.902378,-5.4181333,-7.1932993,-11.368267
4271_left.jpg,4271,0,0,0,0,0,0,1,2,-0.92288387,-7.371039,-10.078447,-8.218617,-8.896621,-11.993961
4272_left.jpg,4272,1,0,0,0,0,0,0,3,1.2717994,-7.9429927,-10.89447,-9.340599,-10.765975,-4.8068986
4273_left.jpg,4273,1,0,0,0,0,0,0,4,0.18307778,-1.642395,-4.730884,-6.558773,-3.6134412,-10.9567585
4274_left.jpg,4274,1,0,0,0,0,0,0,0,-5.010144,-4.91343,-10.202128,-6.9201403,-4.578265,-13.822088
4275_left.jpg,4275,1,0,0,0,0,0,0,2,-3.5974014,-0.6995075,-6.072231,-7.0186915,-3.3971372,-9.4267
4276_left.jpg,4276,1,0,0,0,0,0,0,0,-2.8629413,-10.272999,-8.266427,-7.017287,-6.3186784,-8.426637
4277_left.jpg,4277,1,0,0,0,0,0,0,0,3.3568408,-7.798694,-6.6536136,-6.4037504,-7.3360434,-9.306054
4278_left.jpg,4278,1,0,0,0,0,0,0,1,3.171595,-8.261049,-8.280939,-5.7200394,-3.7270353,-10.2453985
4279_left.jpg,4279,1,0,0,0,0,0,0,3,4.3415327,-4.1583095,-8.286634,-2.4210277,-3.8088005,-9.057487
4280_left.jpg,4280,1,0,0,0,0,0,0,2,12.435389,-4.8155656,-5.668906,-7.796079,-5.9454126,-8.296828
4281_left.jpg,4281,1,0,0,0,0,0,0,4,6.3104486,-7.908976,-9.897773,-9.472397,-6.242049,-7.2413535
4282_left.jpg,4282,1,0,0,0,0,0,0,0,6.6540384,-10.088879,-10.418175,-5.717072,-0.47597405,-9.440241
4283_left.jpg,4283,0,0,0,0,0,0,1,2,-0.80681235,-10.674429,-6.175588,-7.971139,-10.357195,-9.153591
4284_left.jpg,4284,1,0,0,0,0,0,0,0,0.4168578,-10.538278,-9.913588,-7.340935,-10.857119,-8.185967
4285_left.jpg,4285,1,0,0,0,0,0,0,3,0.292212,-9.161071,-8.179374,-7.034837,-4.7959137,-8.931651
4286_left.jpg,4286,1,0,0,0,0,0,0,3,0.9772551,-7.1378183,-10.77356,-2.0968878,-10.12695,-9.61723
4287_left.jpg,4287,0,0,0,0,0,0,1,3,0.6815155,-7.608242,-7.666889,-7.837009,-6.9651494,-9.9508705
4288_left.jpg,4288,0,0,0,0,0,0,1,0,-0.90977836,-8.289233,-6.2947702,-11.105285,-9.446103,-10.970727
4289_left.jpg,4289,1,0,0,0,0,0,0,2,1.5541623,-11.01587,-9.819931,-7.588022,-2.2383718,-5.959714
4291_left.jpg,4291,1,0,0,0,0,0,0,2,1.7779335,-5.7815475,-7.282282,-7.132333,-5.7779865,-5.905788
4292_left.jpg,4292,0,0,0,0,0,0,1,4,-0.9927589,-6.579799,-8.3754,-10.686315,-7.829347,-9.001192
4293_left.jpg,4293,1,0,0,0,0,0,0,4,1.6751504,-11.989877,-8.893617,-12.444203,-7.989436,-10.767922
4294_left.jpg,4294,1,0,0,0,0,0,0,4,5.0888495,-10.61027,-11.790529,-2.6816993,-3.6244013,-6.9025416
4295_left.jpg,4295,1,0,0,0,0,0,0,0,-1.2935907,-6.8671536,-8.42328,-6.5166287,-4.3519707,-9.244
4296_left.jpg,4296,1,0,0,0,0,0,0,3,8.177527,-6.259315,-8.273467,-6.718247,-8.631714,-7.8833394
4297_left.jpg,4297,0,0,0,0,0,0,1,3,-3.5919213,-9.713587,-9.778197,-8.73576,-13.028553,-9.649927
4298_left.jpg,4298,0,0,0,0,0,0,1,2,-0.021637447,-3.9831772,-5.801532,-5.5284696,-5.6983786,-6.3696733
4299_left.jpg,4299,1,0,0,0,0,0,0,2,7.048986,-7.3731923,-9.91188,-9.7736635,-7.9015484,-8.556982
4300_left.jpg,4300,0,0,0,0,0,0,1,3,-1.52023,-6.3827806,-6.440079,-6.405539,1.5306772,-6.1493707
4301_left.jpg,4301,1,0,0,0,0,0,0,2,1.7419125,-7.361681,-6.3730516,-5.066184,0.12939927,-5.5828066
4302_left.jpg,4302,1,0,0,0,0,0,0,0,-0.5729513,-4.404025,-8.689255,-6.7636395,-7.1768317,-7.4502997
4303_left.jpg,4303,1,0,0,0,0,0,0,2,3.7336357,-9.685161,-11.953081,-7.685637,-11.870982,-10.550974
4304_left.jpg,4304,1,0,0,0,0,0,0,4,0.0337986,-3.0685527,-8.707797,-6.677175,-4.5049386,-8.245707
4305_left.jpg,4305,1,0,0,0,0,0,0,3,4.155016,-7.84666,-6.563619,-2.6501613,-10.6541605,-7.7587767
4306_left.jpg,4306,1,0,0,0,0,0,0,2,-0.30102965,-6.109502,-10.919354,-8.089707,-4.584939,-13.564152
4307_left.jpg,4307,1,0,0,0,0,0,0,0,3.4672916,-8.69235,-7.007861,-7.27686,-1.6849728,-8.44092
4308_left.jpg,4308,0,0,0,0,0,0,1,1,-2.7798026,-6.7099724,-7.7901025,-10.212322,-7.7481523,-10.43684
4309_left.jpg,4309,0,0,0,0,0,0,1,2,-1.2971425,-8.193394,-3.7144473,-7.989866,-3.4382343,-9.3272915
4310_left.jpg,4310,1,0,0,0,0,0,0,3,11.36969,-6.5808196,-4.844744,-6.809024,-8.099122,-9.101025
4311_left.jpg,4311,1,0,0,0,0,0,0,1,-2.7246573,-5.3905153,-7.318113,-8.7521105,-8.463441,-9.01464
4312_left.jpg,4312,1,0,0,0,0,0,0,0,0.8053047,-7.9685044,-10.272401,-10.732724,-2.5642393,-9.744325
4313_left.jpg,4313,1,0,0,0,0,0,0,2,0.59325933,-7.1132364,-9.300359,-5.6598454,-7.604058,-5.257114
4314_left.jpg,4314,1,0,0,0,0,0,0,4,1.8271295,-4.10856,-6.870131,-7.6081796,-7.784756,-12.361675
4315_left.jpg,4315,1,0,0,0,0,0,0,0,-2.4868433,-10.842171,-6.9873786,-6.496912,-9.143976,-10.007496
4316_left.jpg,4316,0,0,0,0,0,0,1,0,-6.959451,-13.133292,-9.6779175,-11.608397,-10.557906,-10.97136
4317_left.jpg,4317,1,0,0,0,0,0,0,3,6.736322,-7.774385,-10.132959,-8.377948,-10.381055,-7.50823
4318_left.jpg,4318,1,0,0,0,0,0,0,4,3.7246287,-10.053962,-11.128203,-4.849415,-7.614324,-9.5482025
4319_left.jpg,4319,1,0,0,0,0,0,0,0,-3.3661513,-11.190872,-4.6760697,-7.549566,-10.835312,-7.99265
4320_left.jpg,4320,1,0,0,0,0,0,0,2,-0.45112973,-8.405791,-5.1874413,-6.5284905,-3.6265,-5.6641936
4321_left.jpg,4321,1,0,0,0,0,0,0,3,-1.0451047,-12.96091,-11.37816,-7.233777,-8.9839115,-9.457838
4322_left.jpg,4322,1,0,0,0,0,0,0,4,1.2612232,-10.978272,-7.7187486,-5.902061,-5.7210045,-9.884662
4323_left.jpg,4323,1,0,0,0,0,0,0,2,6.568669,-9.275834,-8.141179,-8.187009,-5.755882,-13.359651
4324_left.jpg,4324,1,0,0,0,0,0,0,2,0.58591825,-9.181486,-12.400168,-7.6435895,-9.312332,-9.93289
4325_left.jpg,4325,0,0,0,0,0,0,1,0,-3.0314949,-9.956509,-8.928621,-2.5246916,-11.722415,-7.4745393
4326_left.jpg,4326,1,0,0,0,0,0,0,3,5.317815,-5.7679067,-10.441644,-5.303444,-4.1251135,-12.695005
4327_left.jpg,4327,1,0,0,0,1,0,0,3,-1.788592,-10.298798,-9.49586,-9.305563,-7.466925,-11.837201
4328_left.jpg,4328,1,0,0,0,0,0,0,1,-1.8171284,-11.916029,-11.800913,-6.9776325,-18.708755,-14.022116
4329_left.jpg,4329,0,0,0,0,0,0,1,4,2.818868,-6.4930787,-4.0716314,-10.362207,-10.409061,-7.2817965
4330_left.jpg,4330,0,0,0,0,0,0,1,4,1.0105512,-6.0523615,-7.368569,-5.281422,-7.2347283,-4.1578774
4331_left.jpg,4331,1,0,0,0,0,0,0,0,2.2456357,-4.185405,-3.3223865,-4.648597,-7.7383623,-10.289577
4332_left.jpg,4332,1,0,0,0,0,0,0,3,-3.0054102,-10.580785,-8.73512,-9.290966,-8.410867,-11.640018
4333_left.jpg,4333,0,0,0,0,0,0,1,1,0.6622869,-7.3814926,-8.33146,-7.65868,-4.524907,-6.900231
4334_left.jpg,4334,1,0,0,0,0,0,0,4,3.345523,-8.401835,-10.181174,-5.963575,-3.2090092,-13.188138
4335_left.jpg,4335,1,0,0,0,0,0,0,1,-2.9009576,-5.8664303,-4.7133555,-6.1230135,-11.200731,-9.719021
4336_left.jpg,4336,0,0,0,0,0,0,1,3,-2.6033,-8.480725,-9.52219,-9.744907,-10.921862,-8.515773
4337_left.jpg,4337,1,0,0,0,0,0,0,3,0.19745328,-8.781552,-9.803066,-6.9797173,-4.923142,-9.337923
4338_left.jpg,4338,1,0,0,0,0,0,0,3,4.6782875,-3.660761,-7.1192536,-5.5500727,-5.292001,-7.8101053
4339_left.jpg,4339,1,0,0,0,0,0,0,4,-0.13558063,-8.404401,-6.610865,-6.313223,-3.2857487,-9.159383
4340_left.jpg,4340,1,0,0,0,0,0,0,0,-0.54365194,-6.8139486,-8.398301,-6.600722,-5.990532,-6.8465195
4341_left.jpg,4341,1,0,0,0,0,0,0,4,3.2057207,-6.2416296,-5.5787826,-8.333265,-4.8859196,-9.739473
4342_left.jpg,4342,1,0,0,0,0,0,0,0,-0.5331332,-7.454598,-5.785445,-8.441178,-7.787855,-11.163211
4343_left.jpg,4343,0,0,0,0,0,0,1,2,0.34408405,-7.936761,-8.308133,-4.736411,-2.121607,-13.679989
4344_left.jpg,4344,1,0,0,0,0,0,0,2,6.571361,-8.296004,-8.54768,-2.8169622,-5.3281255,-12.209709
4345_left.jpg,4345,1,0,0,0,0,0,0,0,-3.0344439,-8.909153,-7.140715,-6.682721,-8.687869,-7.7774053
4347_left.jpg,4347,1,0,0,0,0,0,0,3,5.6678653,-10.16216,-10.151461,-6.261689,-10.224585,-5.3163676
4348_left.jpg,4348,0,0,0,0,0,0,1,4,-3.209089,-7.357797,-6.741522,-3.5045357,-9.43813,-12.135824
4349_left.jpg,4349,1,0,0,0,0,0,0,1,5.8394713,-10.108084,-10.302595,-10.076829,-7.214924,-9.293987
4350_left.jpg,4350,1,0,0,0,0,0,0,1,0.8437407,-3.4682121,-2.9071531,-6.057964,-5.4201913,-7.466666
4351_left.jpg,4351,1,0,0,0,0,0,0,1,2.774579,-9.082345,-11.487389,-8.94831,-9.762921,-6.8487277
4352_left.jpg,4352,0,0,0,0,0,0,1,3,-1.5085608,-2.6862593,-8.292685,-7.919488,-7.4568605,-11.164608
4353_left.jpg,4353,1,0,0,0,0,0,0,4,8.3618145,-7.7325435,-6.245083,-11.771462,-8.307706,-9.184923
4354_left.jpg,4354,1,0,0,0,0,0,0,4,0.40860644,-12.4307995,-4.860839,-9.173721,-6.336954,-9.9071045
4355_left.jpg,4355,0,0,0,0,0,0,1,4,1.9604003,-6.550161,-13.807921,-7.6033382,-11.001242,-14.630832
4356_left.jpg,4356,1,0,0,0,0,0,0,1,-4.0672812,-8.166838,-8.8991375,-6.149422,-2.6035104,-7.994522
4357_left.jpg,4357,1,0,0,0,0,0,0,0,3.7339156,-10.461614,-9.802755,-2.8005576,-12.23267,-4.564966
4358_left.jpg,4358,1,0,0,0,0,0,0,1,2.7678647,-10.38954,-9.135889,-6.081276,-1.9470159,-8.928129
4359_left.jpg,4359,1,0,0,0,0,0,0,0,1.1357511,-12.987832,-8.014522,-8.379033,-4.3740325,-11.971925
4360_left.jpg,4360,0,0,0,0,0,0,1,2,0.2457917,-9.832127,-7.188481,-4.452294,-4.608984,-7.7693777
4361_left.jpg,4361,0,0,0,0,0,0,1,2,-2.0130255,-5.0379057,-3.8934388,-6.7540627,-7.090779,-12.335879
4362_left.jpg,4362,1,0,0,0,0,0,0,1,-1.0981594,-9.308316,-8.299365,-4.6835475,-7.373083,-9.131127
4365_left.jpg,4365,1,0,0,0,0,0,0,2,5.187932,-10.223802,-10.397866,-8.345034,-8.106182,-10.4023695
4367_left.jpg,4367,1,0,0,0,0,0,0,3,4.980533,-5.669601,-12.319887,-9.471381,-17.126177,-12.371408
4368_left.jpg,4368,0,0,0,0,0,0,1,0,-3.8068786,-6.3944826,-11.028692,-9.403879,-14.464564,-8.632154
4369_left.jpg,4369,1,0,0,0,0,0,0,1,4.4087353,-9.704044,-7.3573136,-5.359556,-9.824079,-13.23548
4371_left.jpg,4371,1,0,0,0,0,0,0,0,1.5261389,-8.911934,-9.256705,-8.322136,-8.951679,-12.4931555
4372_left.jpg,4372,1,0,0,0,0,0,0,0,-3.2404413,-7.073079,-9.314175,-6.8145375,-4.3514705,-7.3884835
4373_left.jpg,4373,0,0,0,0,0,0,1,1,-0.02416104,-11.128801,-10.647516,-11.197801,-11.816121,-10.211747
4374_left.jpg,4374,0,0,0,0,0,0,1,1,-1.1452783,-5.4606934,-6.474718,-12.566437,-5.5443187,-9.41737
4375_left.jpg,4375,1,0,0,0,0,0,0,0,-1.1614366,-10.234757,-11.052202,-7.708459,-5.968438,-8.432902
4377_left.jpg,4377,0,0,0,0,0,0,1,1,-4.980442,-8.2078495,-8.177612,-0.9543343,-7.8028884,-12.777285
4379_left.jpg,4379,1,0,0,0,0,0,0,2,2.2199113,-10.708279,-13.443692,-12.029255,-5.999312,-12.865221
4380_left.jpg,4380,1,0,0,0,0,0,0,1,1.8877549,-3.9398346,-8.197185,-10.5710745,-11.296846,-9.124312
4381_left.jpg,4381,1,0,0,0,0,0,0,1,11.8992815,-7.3718357,-7.518368,-5.626932,-11.51468,-8.086935
4383_left.jpg,4383,1,0,0,0,0,0,0,1,4.219374,-2.2368243,-10.549665,-8.909787,-6.617474,-9.384014
4384_left.jpg,4384,1,0,0,0,0,0,0,1,2.4493258,-6.305299,-5.89806,-8.443485,-4.089499,-4.408042
4385_left.jpg,4385,1,0,0,0,0,0,0,1,6.249312,-8.296763,-9.696194,-9.936608,-7.492944,-11.459723
4386_left.jpg,4386,1,0,0,0,0,0,0,3,5.8924417,-6.7473717,-8.455749,-2.6722972,-4.415014,-9.116692
4387_left.jpg,4387,0,0,0,0,0,0,1,2,-0.98734796,-4.9531116,-6.730181,-5.6368165,-7.0889206,-7.7813487
4388_left.jpg,4388,1,0,0,0,0,0,0,0,4.401895,-8.118043,-10.730327,-12.432812,-2.8790889,-9.638817
4389_left.jpg,4389,1,0,0,0,0,0,0,0,-1.7338994,-7.9577265,-12.35437,-9.546033,-13.265649,-10.436736
4391_left.jpg,4391,1,0,0,0,0,0,0,1,2.056504,-9.397565,-7.318441,-9.179677,-10.635083,-9.299932
4392_left.jpg,4392,0,0,0,0,0,0,1,3,2.1963184,-12.999333,-12.199452,-7.5536227,-9.731723,-9.28458
4393_left.jpg,4393,1,0,0,0,0,0,0,1,14.462981,-8.829732,-9.83264,-11.849599,-9.4901085,-8.634581
4394_left.jpg,4394,1,0,0,0,0,0,0,1,0.7090242,-7.656822,-7.5540066,-5.6864047,-5.880039,-6.896547
4395_left.jpg,4395,1,0,0,0,0,0,0,2,7.73784,-6.808727,-7.36035,-8.036576,-7.607678,-9.981113
4396_left.jpg,4396,1,0,0,0,0,0,0,3,4.5114284,-5.28263,-9.297418,-6.6700344,-7.488486,-11.400081
4397_left.jpg,4397,1,0,0,0,0,0,0,1,0.7790077,-12.014599,-9.985406,-11.574088,-7.036694,-10.34016
4398_left.jpg,4398,1,0,0,0,0,0,0,2,5.5221543,-7.1097474,-7.472931,-8.391594,-4.92105,-7.7624288
4399_left.jpg,4399,1,0,0,0,0,0,0,4,4.847043,-11.189436,-13.099094,-9.784741,-8.357153,-9.236998
4400_left.jpg,4400,1,0,0,0,0,0,0,0,-1.0810443,-7.764373,-7.374066,-6.647188,-7.4492817,-6.283487
4401_left.jpg,4401,1,0,0,0,0,0,0,3,-3.0353138,-4.1007676,-7.236586,-1.1010447,-7.068005,-8.461351
4402_left.jpg,4402,1,0,0,0,0,0,0,4,3.2788496,-4.51135,-10.980575,-8.077069,-10.055985,-11.481046
4403_left.jpg,4403,1,0,0,0,0,0,0,4,-0.51722777,-0.8041171,-7.4954424,-0.72821486,-6.788153,-4.0423574
4404_left.jpg,4404,1,0,0,0,0,0,0,3,4.6585155,-4.981171,-7.370695,-3.8229992,-12.344346,-13.214696
4406_left.jpg,4406,1,0,0,0,0,0,0,3,3.2186098,-9.729691,-5.68293,-8.912101,-3.0945323,-11.415997
4407_left.jpg,4407,1,0,0,0,0,0,0,3,5.5861897,-6.512887,-8.719502,-9.252301,-6.690401,-6.235837
4408_left.jpg,4408,1,0,0,0,0,0,0,1,1.0867265,-11.778406,-9.628191,-8.729531,-5.0831437,-9.27311
4409_left.jpg,4409,1,0,0,0,0,0,0,4,-0.018975789,-6.1253905,-7.3598366,-10.832749,-6.9009733,-9.630707
4410_left.jpg,4410,0,0,0,0,0,0,1,4,-1.772383,-3.4329565,-11.4459915,-6.317018,-7.9928055,-9.230457
4411_left.jpg,4411,1,0,0,0,0,0,0,2,1.2909821,-8.286776,-9.275041,-7.25811,-7.3491306,-5.7746654
4412_left.jpg,4412,1,0,0,0,0,0,0,3,10.581476,-8.895297,-9.01715,-7.7119017,-7.485049,-9.250493
4413_left.jpg,4413,1,0,0,0,0,0,0,0,2.129549,-8.590333,-8.727093,-6.215393,-3.0909843,-6.6269555
4414_left.jpg,4414,0,0,0,0,0,0,1,4,-1.1660619,-2.8336651,-6.562089,-10.141464,-10.995146,-13.952371
4415_left.jpg,4415,1,0,0,0,0,0,0,2,-2.613093,-4.8729553,-8.626392,-9.99421,-6.808055,-8.45327
4417_left.jpg,4417,0,0,0,0,0,0,1,2,-2.3735723,-7.159098,-6.4936504,-7.6743016,-12.084012,-8.726767
4418_left.jpg,4418,1,0,0,0,0,0,0,0,-2.502771,-2.8222454,-6.92445,-3.653379,-7.636936,-3.2019715
4419_left.jpg,4419,1,0,0,0,0,0,0,4,2.9408314,-5.986443,-6.429621,-9.166979,-1.3384124,-8.89194
4420_left.jpg,4420,1,0,0,0,0,0,0,3,1.0322312,-10.27799,-17.077229,-10.083096,-11.587198,-9.889751
4421_left.jpg,4421,1,0,0,0,0,0,0,3,2.1093779,-4.4075985,-8.883563,-6.0945177,-6.761202,-12.885247
4422_left.jpg,4422,0,0,0,0,0,0,1,2,-2.5653448,-9.217888,-8.76769,-1.9756286,-6.5653214,-10.547351
4424_left.jpg,4424,1,0,0,0,0,0,0,0,4.9370575,-7.271108,-7.8042293,-12.865115,-0.5441487,-10.090471
4425_left.jpg,4425,1,0,0,0,0,0,0,0,7.877241,-6.04151,-8.365689,-8.07501,-2.8960035,-10.10134
4426_left.jpg,4426,1,0,0,0,0,0,0,3,2.3662577,-6.404395,-12.248441,-7.5355186,-9.495684,-9.013346
4427_left.jpg,4427,1,0,0,0,0,0,0,1,-0.623703,-11.666605,-8.308734,-14.854712,-11.198278,-9.140984
4428_left.jpg,4428,1,0,0,0,0,0,0,1,-0.7635479,-9.488286,-6.3192835,-6.074808,-5.8697386,-11.007284
4429_left.jpg,4429,1,0,0,0,0,0,0,0,1.2343271,-5.4751806,-7.2878757,-4.993182,-8.304628,-10.337697
4430_left.jpg,4430,1,0,0,0,0,0,0,1,-1.1785908,-9.368811,-13.165515,-8.882668,-10.638679,-7.4349017
4431_left.jpg,4431,1,0,0,0,0,0,0,1,-3.472205,-12.566121,-7.283116,-9.031162,-6.451987,-14.222911
4432_left.jpg,4432,1,0,0,0,0,0,0,1,2.9151483,-5.761081,-9.406961,-7.1772075,-3.9581916,-8.684324
4433_left.jpg,4433,1,0,0,0,0,0,0,1,4.2966094,-10.566856,-7.48163,-11.212802,-7.349385,-11.849671
4436_left.jpg,4436,1,0,0,0,0,0,0,3,0.6363795,-7.340548,-9.54487,-9.780108,-7.321458,-7.5423226
4437_left.jpg,4437,1,0,0,0,0,0,0,3,0.6187695,-9.478477,-12.758847,-2.1919973,-9.742929,-15.596562
4438_left.jpg,4438,0,0,0,0,0,0,1,1,-0.916885,-7.367282,-7.05518,-5.052795,-6.25351,-6.084542
4439_left.jpg,4439,1,0,0,0,0,0,0,0,-0.7376004,-2.7114534,-6.0848436,-4.6253114,-5.52177,-6.48657
4440_left.jpg,4440,0,0,0,0,0,0,1,0,0.494903,-7.72692,-6.3204293,-5.5636587,-8.339243,-12.655974
4441_left.jpg,4441,1,0,0,0,0,0,0,3,-3.3411129,-1.6785394,-8.303479,-7.0751996,-6.657008,-6.0721517
4443_left.jpg,4443,1,0,0,0,0,0,0,4,0.4764218,-9.1061125,-10.415539,-1.5536493,-1.6430346,-7.9542155
4444_left.jpg,4444,1,0,0,0,0,0,0,4,-1.9001263,-11.01603,-8.803442,-6.1632023,-8.274797,-11.435626
4445_left.jpg,4445,1,0,0,0,1,0,0,1,1.0949037,-2.4995668,-10.747213,-9.263457,-4.0864882,-6.239143
4447_left.jpg,4447,1,0,0,0,0,0,0,4,0.4767501,-5.900382,-12.136813,-9.625589,-8.438504,-14.666065
4449_left.jpg,4449,1,0,0,0,0,0,0,1,6.734828,-11.087619,-10.425243,-8.207068,-7.437828,-7.415736
4450_left.jpg,4450,1,0,0,0,0,0,0,2,4.5655875,-6.493634,-6.7658157,-5.869419,-2.4428089,-13.123333
4451_left.jpg,4451,1,0,0,0,0,0,0,4,-1.6370223,-6.473662,-9.81555,-9.469848,-11.471458,-9.789642
4452_left.jpg,4452,1,0,0,0,0,0,0,4,1.1490521,-5.548459,-8.906468,-8.532707,1.4714358,-7.376745
4453_left.jpg,4453,1,0,0,0,0,0,0,4,-4.488251,-9.158226,-10.120508,-3.9704008,-8.614322,-6.96979
4455_left.jpg,4455,1,0,0,0,0,0,0,0,-2.3153949,-12.39017,-8.888897,-14.322841,-4.5800166,-8.731567
4456_left.jpg,4456,1,0,0,0,0,0,0,1,-2.2988274,-8.850841,-4.548336,-10.577015,-9.293092,-10.115958
4458_left.jpg,4458,1,0,0,0,0,0,0,2,2.4139369,-5.81376,-6.8976927,-6.294077,-6.2869735,-6.7348595
4459_left.jpg,4459,0,0,0,0,0,0,1,3,-2.5499716,-11.12036,-4.879862,-6.358796,-8.152841,-10.281761
4461_left.jpg,4461,1,0,0,0,0,0,0,3,1.3732543,-8.099708,-8.556334,-7.023145,-5.5609922,-11.705702
4462_left.jpg,4462,1,0,0,0,0,0,0,0,-2.5614252,-5.718995,-8.434071,-4.3505445,-7.1364603,-2.643503
4464_left.jpg,4464,0,0,0,0,0,0,1,0,-2.7545109,-8.879589,-4.1065774,-8.084728,-1.6589596,-10.499157
4465_left.jpg,4465,0,0,0,0,0,0,1,0,-2.2151048,-4.9637976,-3.7460427,-9.406169,-4.929396,-11.016243
4466_left.jpg,4466,1,0,0,0,0,0,0,2,6.106344,-5.6027904,-7.232055,-4.9170322,-8.035672,-8.766415
4467_left.jpg,4467,1,0,0,0,0,0,0,0,1.1638925,-5.4996076,-10.114825,-6.199288,-5.107778,-6.043049
4468_left.jpg,4468,0,0,0,0,0,0,1,4,2.0895157,-10.830023,-11.230511,-10.321729,-8.229071,-10.253608
4469_left.jpg,4469,0,0,0,0,0,0,1,3,-1.9373124,-9.792175,-4.445019,-6.9169393,-3.4869795,-9.790443
4470_left.jpg,4470,1,0,0,0,0,0,0,4,3.3704572,-10.09887,-13.60637,-9.066032,-8.246709,-13.817623
4471_left.jpg,4471,1,0,0,0,0,0,0,0,-0.10271817,-6.712464,-7.143635,-2.9289694,-11.214592,-9.597396
4472_left.jpg,4472,1,0,0,0,0,0,0,1,2.8056805,-10.217698,-12.391177,-6.8550305,-8.420558,-8.315251
4473_left.jpg,4473,1,0,0,0,0,0,0,4,0.76739174,-9.632289,-8.153732,-11.683554,-6.208501,-10.723886
4474_left.jpg,4474,1,0,0,0,0,0,0,1,-0.5061757,-14.538802,-15.442023,-5.7595577,-11.785202,-10.1051655
4475_left.jpg,4475,0,0,0,0,0,0,1,2,1.7569568,-10.820985,-10.7509165,-7.3544354,-9.801909,-10.8430195
4476_left.jpg,4476,1,0,0,0,0,0,0,3,-1.6716704,-6.9367623,-3.0272477,-3.3506644,-5.6091886,-13.52901
4477_left.jpg,4477,1,0,0,0,0,0,0,4,-1.1647217,-10.885162,-7.0116315,-7.9421654,-15.407359,-15.028001
4478_left.jpg,4478,0,0,0,0,1,0,0,1,-1.2727988,-9.115765,-5.340442,-7.748889,-4.32476,-9.265883
4479_left.jpg,4479,1,0,0,0,0,0,0,3,-1.0579752,-13.320777,-9.897181,-9.528806,-10.128965,-13.1354265
4480_left.jpg,4480,1,0,0,0,0,0,0,2,2.2759118,-8.440653,-9.56815,-7.895928,-9.228682,-5.901709
4481_left.jpg,4481,1,0,0,0,0,0,0,4,-0.14554587,-8.929219,-9.70933,-13.520318,-5.1773705,-10.197023
4484_left.jpg,4484,1,0,0,0,0,0,0,4,6.9423122,-9.907427,-11.967013,-12.785399,-9.659583,-6.7983966
4486_left.jpg,4486,0,0,0,0,0,0,1,3,1.5036845,-4.0423994,-7.703945,-3.0848997,-6.5312343,-3.8522465
4487_left.jpg,4487,0,0,0,0,0,0,1,0,-0.6864448,-12.829457,-10.25139,-8.621607,-9.651912,-13.19131
4488_left.jpg,4488,1,0,0,0,0,0,0,3,5.6546474,-9.536521,-8.465164,-8.917369,-7.6180468,-8.120945
4489_left.jpg,4489,0,0,0,0,0,0,1,3,-4.235543,-4.8868713,-5.4647717,-8.557858,-9.603172,-8.803474
4491_left.jpg,4491,1,0,0,0,0,0,0,0,1.3092157,-8.472131,-8.721488,-5.732621,-1.3451722,-9.449105
4492_left.jpg,4492,1,0,0,0,0,0,0,1,5.4018564,-5.46505,-6.65235,-7.351311,-6.240208,-10.225681
4493_left.jpg,4493,1,0,0,0,0,0,0,4,4.210452,-8.307362,-7.4398527,-15.178443,-6.7574124,-7.39375
4494_left.jpg,4494,1,0,0,0,0,0,0,1,-2.3762834,-8.327887,-6.6064587,-5.7250853,-8.750939,-10.531166
4495_left.jpg,4495,1,0,0,0,0,0,0,0,-2.0989718,-11.655433,-10.201224,-4.0539875,-11.812665,-8.470228
4496_left.jpg,4496,0,0,0,0,0,0,1,1,-4.7673597,-7.4060884,-7.2248597,-5.2913394,-9.312254,-7.174903
4497_left.jpg,4497,1,0,0,0,0,0,0,2,-1.685754,-7.1472807,-5.4616337,-7.7199016,-3.1103554,-9.373337
4498_left.jpg,4498,1,0,0,0,0,0,0,4,0.54279673,-9.500299,-1.7691827,-9.994697,0.4012473,-10.197837
4499_left.jpg,4499,1,0,0,0,0,0,0,2,3.183012,-7.1370153,-6.12988,-7.6080627,-3.0500622,-12.363551
4500_left.jpg,4500,0,0,0,0,0,0,1,2,-5.4274206,-10.8069105,-10.601996,-4.0896354,-5.200076,-7.3911414
4502_left.jpg,4502,1,0,0,0,0,0,0,2,-1.2514595,-6.5672555,-9.968995,-7.043338,-4.581045,-7.4359922
4504_left.jpg,4504,1,0,0,0,0,0,0,1,6.707147,-5.7580066,-10.399874,-4.8716626,-4.817395,-8.642582
4506_left.jpg,4506,1,0,0,0,0,0,0,4,4.2130237,-9.752899,-8.012812,-7.260778,-10.691964,-9.629457
4507_left.jpg,4507,1,0,0,0,0,0,0,1,-1.0068604,-8.761745,-9.043355,-7.1180496,-7.9694853,-11.6948805
4508_left.jpg,4508,1,0,0,0,0,0,0,3,9.155706,-5.4344983,-8.745667,-5.181818,-3.0679455,-6.258877
4509_left.jpg,4509,1,0,0,0,0,0,0,0,-2.9165192,-9.457361,-6.618686,-6.2347417,-6.2140064,-10.969034
4511_left.jpg,4511,1,0,0,0,0,0,0,4,-0.60405827,-15.179328,-10.067221,-9.74026,-10.598973,-11.3715725
4512_left.jpg,4512,0,0,0,0,0,0,1,3,1.829715,-6.185905,-8.131281,-7.7365966,-6.3440266,-7.3887706
4513_left.jpg,4513,1,0,0,0,0,0,0,2,1.8266107,-12.573588,-11.298949,-5.013614,-13.010893,-13.384357
4515_left.jpg,4515,1,0,0,0,0,0,0,0,10.050529,-5.8018107,-7.166481,-3.0538626,-6.594679,-11.704473
4516_left.jpg,4516,1,0,0,0,0,0,0,0,-4.41564,-12.245727,-8.600019,-6.394002,-10.965289,-8.353473
4519_left.jpg,4519,1,0,0,0,0,0,0,0,-1.8502426,-2.021005,-5.7189426,-1.2629135,-10.235479,-11.069562
4520_left.jpg,4520,1,0,0,0,0,0,0,4,2.293554,-2.6658142,-9.652627,-7.62226,-5.4274683,-7.107709
4523_left.jpg,4523,0,0,0,0,0,0,1,3,-2.3996875,-9.553647,-8.689079,-10.851095,-8.058135,-10.311649
4524_left.jpg,4524,1,0,0,0,0,0,0,4,3.4815583,-9.14375,-10.424769,-8.788018,-10.128465,-5.5979524
4525_left.jpg,4525,1,0,0,0,0,0,0,0,-4.5632873,-0.265772,-7.9255066,-11.188923,-9.513833,-10.63127
4527_left.jpg,4527,1,0,0,0,0,0,0,2,4.3539476,-14.252147,-8.316802,-10.620282,-5.5771136,-12.191095
4528_left.jpg,4528,1,0,0,0,0,0,0,4,-1.4602997,-8.633277,-1.5936927,-7.5589385,-8.341224,-7.781795
4529_left.jpg,4529,1,0,0,0,0,0,0,1,8.050049,-8.59587,-7.0216007,-10.773178,-2.0648415,-6.959618
4530_left.jpg,4530,1,0,0,0,0,0,0,2,5.0276055,-5.393556,-6.622303,-6.3039083,-4.6524196,-3.8866155
4531_left.jpg,4531,0,0,0,0,0,0,1,1,-0.9680449,-8.117405,-7.1004977,-5.465019,-9.099281,-7.624447
4532_left.jpg,4532,1,0,0,0,0,0,0,3,-3.5458786,-5.304769,-8.050953,-4.8900304,-3.5465906,-8.943131
4533_left.jpg,4533,1,0,0,0,0,0,0,3,-0.71181524,-10.912602,-12.01678,-9.179339,-15.290001,-9.526571
4534_left.jpg,4534,1,0,0,0,0,0,0,1,3.5619078,-7.417287,-9.588827,-7.1381273,-5.067406,-10.31691
4535_left.jpg,4535,0,0,0,0,0,0,1,0,-0.9754141,-9.276858,-6.8764753,-6.453367,-6.403692,-9.532812
4536_left.jpg,4536,1,0,0,0,0,0,0,2,-0.16695994,-5.5896587,-8.4053955,-3.0855005,-4.589683,-6.8438034
4538_left.jpg,4538,1,0,0,0,0,0,0,4,0.048242766,-8.668738,-9.641862,-8.73537,-7.011169,-10.229946
4539_left.jpg,4539,1,0,0,0,0,0,0,2,6.447575,-10.30384,-12.349597,-11.34904,-7.052265,-12.043588
4540_left.jpg,4540,1,0,0,0,0,0,0,1,4.7031016,-9.769745,-9.826922,-11.27168,-1.66396,-8.640762
4541_left.jpg,4541,1,0,0,0,0,0,0,0,-1.1144757,-5.7084994,-10.383476,-5.135549,-9.643078,-9.493517
4542_left.jpg,4542,0,0,0,0,0,0,1,0,-4.5101795,-13.297228,-6.245195,-6.227357,-10.302113,-10.81491
4543_left.jpg,4543,1,0,0,0,0,0,0,2,-3.360976,-8.553787,-9.039318,-14.026912,-12.899703,-6.908915
4544_left.jpg,4544,1,0,0,0,0,0,0,2,6.397084,-8.221092,-8.42444,-11.089808,-8.609007,-9.30072
4545_left.jpg,4545,1,0,0,0,0,0,0,2,-0.59332263,-10.314076,-9.3168,-9.240982,-2.9292314,-13.886829
4546_left.jpg,4546,1,0,0,0,0,0,0,3,2.6098099,-11.086298,-9.873707,-6.818462,-7.1731057,-11.184509
4547_left.jpg,4547,1,0,0,0,0,0,0,4,1.6113907,-10.989169,-7.6669636,-7.765394,-5.401167,-4.488886
4548_left.jpg,4548,1,0,0,0,0,0,0,0,0.07185034,-9.312875,-8.066952,-5.327069,-7.477617,-8.536406
4549_left.jpg,4549,1,0,0,0,0,0,0,3,-3.4099324,-9.672107,-10.040379,5.509636,-6.3196287,-10.534881
4550_left.jpg,4550,1,0,0,0,0,0,0,0,-1.2930489,-5.922876,-6.9263406,-5.9600263,-8.038447,-5.760474
4551_left.jpg,4551,1,0,0,0,0,0,0,0,-2.4649932,-7.1410356,-6.658399,-8.794178,-2.4400103,-9.878189
4552_left.jpg,4552,1,0,0,0,0,0,0,0,-4.9635606,-6.0500865,-7.7253413,-3.0348945,-6.3993864,-4.119273
4553_left.jpg,4553,1,0,0,0,0,0,0,3,-1.3560936,-7.7318444,-9.184408,-6.6213064,-7.691953,-12.199666
4555_left.jpg,4555,1,0,0,0,0,0,0,2,-1.4049697,-2.8284335,-7.4700923,-10.216027,-5.4851837,-10.253188
4556_left.jpg,4556,1,0,0,0,0,0,0,2,-1.7897639,-4.48905,-7.850249,-8.157661,-6.8529334,-11.57945
4557_left.jpg,4557,1,0,0,0,0,0,0,1,4.9309306,-4.86603,-6.317852,-8.988896,-3.7057424,-10.147421
4558_left.jpg,4558,1,0,0,0,0,0,0,0,6.8673863,-6.5936847,-10.837565,-4.9308653,-6.394776,-11.004347
4559_left.jpg,4559,0,0,0,0,1,0,0,0,-4.5269723,-4.786547,-3.3324525,-6.2365427,-2.9492676,-10.439003
4560_left.jpg,4560,1,0,0,0,0,0,0,1,1.0860634,-5.1596165,-7.6073117,-5.837942,-6.226497,-1.8109481
4561_left.jpg,4561,1,0,0,0,0,0,0,1,-4.3795757,-5.4506717,-5.400581,-7.1175456,-8.834876,-5.4047084
4562_left.jpg,4562,0,0,0,0,1,0,0,3,-0.5099695,-8.431665,-10.208275,-6.3619394,-5.6332946,-11.411083
4563_left.jpg,4563,1,0,0,0,0,0,0,1,-3.298079,-8.055856,-9.559676,-8.009409,-7.692021,-8.440085
4564_left.jpg,4564,1,0,0,0,0,0,0,2,-2.2149458,-9.976169,-12.641871,-7.952199,-8.760238,-12.167724
4565_left.jpg,4565,1,0,0,0,0,0,0,2,9.757897,-8.395806,-7.729718,-7.153094,-1.3172952,-8.888349
4566_left.jpg,4566,1,0,0,0,0,0,0,0,-1.0971391,-8.752608,-8.532881,-0.99787,-4.967109,-9.780437
4567_left.jpg,4567,1,0,0,0,0,0,0,2,-0.5378626,-6.4290667,-2.35586,-4.5985026,-4.470341,-7.408153
4568_left.jpg,4568,1,0,0,0,0,0,0,4,0.5589699,-7.612955,-12.0014925,-9.02869,-14.0326605,-6.085058
4570_left.jpg,4570,0,0,0,0,0,0,1,3,0.030087886,-7.127244,-8.660901,-9.662121,-11.336341,-9.701341
4571_left.jpg,4571,0,0,0,0,0,0,1,1,-2.3259075,-6.25234,-8.61348,-7.410683,-5.0996366,-10.884726
4572_left.jpg,4572,1,0,0,0,0,0,0,0,2.2485876,-7.7760587,-8.061213,-7.9279337,-6.6165457,-8.7003565
4573_left.jpg,4573,1,0,0,0,0,0,0,2,0.3108348,-9.24649,-7.786053,-9.758922,-9.065717,-5.936379
4574_left.jpg,4574,1,0,0,0,0,0,0,0,3.7925813,-6.246288,-8.13989,-6.7528977,-0.9623743,-4.928183
4575_left.jpg,4575,1,0,0,0,0,0,0,1,-0.7068469,-9.309147,-11.375948,-6.577496,-7.100855,-10.361175
4576_left.jpg,4576,0,0,0,0,0,0,1,2,-3.056307,-6.987081,-9.523888,-9.14715,-3.84804,-8.643178
4577_left.jpg,4577,0,0,0,0,0,0,1,3,-2.6308658,-9.982806,-11.5846815,-6.1913705,-10.871017,-8.360639
4578_left.jpg,4578,0,0,0,0,0,0,1,3,4.933217,-10.248129,-9.04854,-5.4044237,-5.5704646,-10.96315
4579_left.jpg,4579,0,0,0,0,1,0,0,0,-0.7071677,-13.465415,-6.196069,-5.137031,-7.9380717,-8.04381
4581_left.jpg,4581,0,0,0,0,1,0,0,3,-0.49274,-13.931405,-10.687903,-12.989763,-6.984595,-11.275942
4582_left.jpg,4582,1,0,0,0,0,0,0,0,13.107537,-9.294874,-8.986368,-6.905627,-5.610066,-8.859519
4583_left.jpg,4583,1,0,0,0,0,0,0,2,0.24199763,-10.983776,-10.192717,-7.774518,-9.206664,-8.006248
4584_left.jpg,4584,1,0,0,0,0,0,0,1,-0.8239905,-12.967299,-12.347744,-9.380913,-12.465204,-9.512885
4585_left.jpg,4585,1,0,0,0,0,0,0,1,1.456299,-12.015816,-8.772986,-9.869628,0.52890635,-8.761354
4586_left.jpg,4586,1,0,0,0,0,0,0,2,2.8492446,-4.0698957,-6.964938,-9.094722,-2.7440977,-8.021143
4587_left.jpg,4587,1,0,0,0,0,0,0,4,5.5721955,-5.6742864,-8.158581,-2.4153063,-3.8794527,-10.871702
4588_left.jpg,4588,1,0,0,0,0,0,0,1,-0.57529426,-5.977065,-5.934354,-7.7146535,-8.691176,-8.237464
4589_left.jpg,4589,1,0,0,0,0,0,0,1,1.166842,-11.513504,-9.363645,-4.3460517,-4.1262913,-10.020412
4590_left.jpg,4590,1,0,0,0,0,0,0,0,-3.5997336,-9.338215,-10.396798,-3.1112545,-8.386123,-9.933634
4591_left.jpg,4591,1,0,0,0,0,0,0,3,-0.62078667,-4.0412726,-9.411888,-10.637104,-8.96176,-8.884574
4592_left.jpg,4592,0,0,0,0,1,0,0,0,1.0328019,-4.376783,-5.979247,-3.1570432,-7.0021706,-7.3996367
4593_left.jpg,4593,1,0,0,0,0,0,0,4,8.119915,-9.136681,-8.766434,-8.812418,-7.486826,-8.728303
4594_left.jpg,4594,0,0,0,0,0,0,1,4,0.5508288,-8.626151,-7.843647,-7.3503785,-8.2358055,-8.671842
4595_left.jpg,4595,1,0,0,0,0,0,0,1,0.40618047,-16.124653,-13.509893,-8.628369,-7.765968,-9.935858
4596_left.jpg,4596,1,0,0,0,0,0,0,3,3.3527575,-8.036661,-15.136059,-4.50031,-16.213491,-5.087825
4597_left.jpg,4597,1,0,0,0,0,0,0,0,2.035758,-13.333858,-4.5270085,-6.8094697,-10.020687,-10.961252
4599_left.jpg,4599,1,0,0,0,0,0,0,4,8.113619,-6.3057303,-12.728386,-9.971486,-2.4408062,-9.9925375
4601_left.jpg,4601,1,0,0,0,0,0,0,0,-5.4865217,-14.078657,-13.929165,-4.0847206,-16.295244,-15.364617
4602_left.jpg,4602,1,0,0,0,0,0,0,2,-5.0562844,-3.8031332,-6.395337,-7.3149667,-3.647984,-7.08466
4603_left.jpg,4603,1,0,0,0,0,0,0,2,5.339936,-8.211036,-12.630196,-5.8213234,-4.918069,-11.722823
4604_left.jpg,4604,1,0,0,0,0,0,0,3,-1.0351579,-8.266521,-9.57652,-5.8272357,-7.1717677,-11.166175
4605_left.jpg,4605,1,0,0,0,0,0,0,1,0.45347446,-6.307753,-7.8813577,-6.41136,-8.30977,-3.369377
4607_left.jpg,4607,1,0,0,0,0,0,0,0,-2.6237967,-3.4467282,-7.686709,-9.094993,-5.3829083,-5.4411707
4608_left.jpg,4608,0,0,0,0,0,0,1,0,1.8347552,-9.679786,-6.6862645,-12.028137,-9.343263,-8.957082
4609_left.jpg,4609,1,0,0,0,0,0,0,0,-2.3018517,-6.035082,-8.712323,-9.7039585,-5.6187053,-7.5188084
4610_left.jpg,4610,1,0,0,0,0,0,0,4,2.277082,-9.024906,-8.873121,-8.573651,-7.96347,-9.077622
4611_left.jpg,4611,1,0,0,0,0,0,0,3,6.7829986,-4.9498086,-6.3368073,-4.1401906,-11.009506,-10.273859
4612_left.jpg,4612,1,0,0,0,0,0,0,4,6.738399,-6.8864713,-11.642401,-7.263678,-2.9310577,-9.046324
4613_left.jpg,4613,1,0,0,0,0,0,0,0,1.330601,-9.418648,-8.448231,-8.46025,-8.366754,-6.829079
4614_left.jpg,4614,0,0,0,0,0,0,1,4,0.21548966,-11.71881,-10.180283,-7.0152855,-3.765491,-11.516059
4615_left.jpg,4615,1,0,0,0,0,0,0,2,7.3136363,-6.5580835,-11.189459,-2.2117524,-2.6345286,-13.12154
4616_left.jpg,4616,1,0,0,0,0,0,0,4,1.1895221,-7.0480556,-8.734971,-9.126716,-4.098235,-9.950055
4617_left.jpg,4617,1,0,0,0,0,0,0,1,0.015260711,-7.2577305,-7.8263226,-9.506557,-6.253416,-10.77279
4618_left.jpg,4618,0,0,0,0,0,0,1,2,-2.272144,-11.08703,-11.56943,-8.6381235,-9.884519,-13.942669
4619_left.jpg,4619,1,0,0,0,0,0,0,3,7.000104,-4.8643656,-6.0305557,-5.4190583,-11.359731,-8.805449
4620_left.jpg,4620,1,0,0,0,0,0,0,2,8.187304,-10.584722,-5.426508,-8.627441,-6.06051,-10.868512
4621_left.jpg,4621,0,0,0,0,0,0,1,2,-3.4327745,-7.173538,-6.176769,-4.886608,-6.16228,-10.817513
4622_left.jpg,4622,1,0,0,0,0,0,0,3,-2.7860131,-8.7510195,-8.084184,-5.7923946,-7.035993,-7.761079
4623_left.jpg,4623,1,0,0,0,0,0,0,3,8.035206,-0.32671997,-7.1327667,-7.5994525,-2.8858643,-8.059058
4624_left.jpg,4624,1,0,0,0,0,0,0,3,4.979734,-4.561689,-3.8244183,-5.9152513,-4.4600015,-6.3162546
4625_left.jpg,4625,0,0,0,0,0,0,1,0,-4.1748013,-7.942452,-6.7194858,-3.1406443,-7.739441,-6.8910418
4626_left.jpg,4626,1,0,0,0,0,0,0,4,0.45916316,-2.580827,-4.8042192,-7.725537,-4.8745475,-10.568846
4627_left.jpg,4627,1,0,0,0,0,0,0,1,2.020549,-5.8039446,-5.894001,-6.2793365,-5.287126,-9.468626
4628_left.jpg,4628,1,0,0,0,0,0,0,4,-1.3032403,-6.2510886,-4.0574627,-7.40998,-8.487416,-12.735752
4629_left.jpg,4629,1,0,0,0,0,0,0,0,9.529542,-6.5996885,-8.721604,-3.315912,-9.752504,-11.9701605
4630_left.jpg,4630,1,0,0,0,0,0,0,3,6.700924,-8.735014,-11.024125,-4.350419,-8.629325,-9.822182
4631_left.jpg,4631,1,0,0,0,0,0,0,4,5.85895,-6.0549264,-9.7901125,-8.449373,-6.127902,-12.278768
4632_left.jpg,4632,1,0,0,0,0,0,0,4,12.603501,-3.916035,-7.532974,-10.2127285,-3.8137364,-9.891521
4633_left.jpg,4633,1,0,0,0,0,0,0,4,9.279907,-7.9042563,-13.052207,-11.52824,-6.5535464,-7.3142123
4634_left.jpg,4634,1,0,0,0,0,0,0,3,0.7789754,-7.4671173,-10.413615,-6.1770544,-8.294713,-11.3218
4635_left.jpg,4635,1,0,0,0,0,0,0,2,4.3606186,-11.203331,-9.151876,-4.977619,-5.153227,-6.962555
4636_left.jpg,4636,1,0,0,0,0,0,0,4,-0.08053117,-12.53984,-14.753888,-5.6187663,-8.936363,-15.621375
4637_left.jpg,4637,0,0,0,0,0,0,1,2,0.08473692,-9.741664,-11.233594,-9.766853,-7.2299857,-8.428456
4638_left.jpg,4638,1,0,0,0,0,0,0,3,-2.4739256,-3.1966944,-11.184222,-10.001153,-11.724369,-10.284974
4639_left.jpg,4639,0,0,0,0,0,0,1,4,1.231997,-8.832077,-9.0332985,-6.435416,-9.772691,-10.032737
4640_left.jpg,4640,1,0,0,0,0,0,0,3,-1.3896093,-5.404541,-11.996592,-4.455173,-9.734042,-6.9474473
4641_left.jpg,4641,0,0,0,0,0,0,1,3,-0.96286696,-7.0702653,-8.670392,-6.349294,-6.827472,-8.577398
4642_left.jpg,4642,1,0,0,0,0,0,0,1,1.7303438,-8.751518,-10.309253,-5.1326404,-8.214257,-6.602686
4643_left.jpg,4643,1,0,0,0,0,0,0,3,-0.4627583,-12.183861,-9.358184,-4.0209346,-5.652869,-4.3219438
4644_left.jpg,4644,1,0,0,0,0,0,0,0,0.1902776,-7.728888,-5.31513,-4.474058,-6.28503,-7.679611
4645_left.jpg,4645,1,0,0,0,0,0,0,1,7.569155,-7.1663427,-5.780953,-8.987681,-5.842851,-8.008923
4647_left.jpg,4647,1,0,0,0,0,0,0,0,3.8601608,-6.8330755,-8.548322,-6.5155325,-3.1910696,-8.679457
4650_left.jpg,4650,1,0,0,0,0,0,0,2,0.116450526,-11.235684,-9.374681,-8.5443535,-1.0544583,-10.080277
4651_left.jpg,4651,1,0,0,0,0,0,0,3,-1.4208071,-4.314003,-8.199861,-6.5491877,-8.930956,-8.648262
4653_left.jpg,4653,1,0,0,0,0,0,0,1,4.6332326,-6.138758,-8.692232,-2.4912887,-5.1739473,-7.4306912
4655_left.jpg,4655,1,0,0,0,0,0,0,4,-0.9035377,-8.567823,-8.785356,-11.964544,-7.3304405,-12.69
4657_left.jpg,4657,1,0,0,0,0,0,0,4,-1.7355189,-8.381834,-11.870492,-7.0115705,-7.951954,-11.025737
4658_left.jpg,4658,1,0,0,0,0,0,0,0,0.14148724,-10.340505,-7.7209373,-5.6819386,-9.984028,-8.412099
4659_left.jpg,4659,1,0,0,0,0,0,0,3,-1.5357058,-9.5083275,-12.854963,-5.120271,-7.9902596,-13.216846
4660_left.jpg,4660,1,0,0,0,0,0,0,4,4.54322,-10.8245945,-16.77224,-10.390517,-12.619718,-13.960673
4664_left.jpg,4664,1,0,0,0,0,0,0,0,0.45048705,-8.971676,-9.394805,-11.247715,-8.255577,-10.2477255
4669_left.jpg,4669,1,0,0,0,0,0,0,4,2.0939093,-6.2938857,-11.638745,-6.5466056,-10.136655,-6.10671
4670_left.jpg,4670,1,0,0,0,0,0,0,2,1.1049155,-3.6870227,-4.888995,-3.1976116,-2.0342302,-9.901803
4671_left.jpg,4671,1,0,0,0,0,0,0,1,0.33131003,-5.9752436,-5.6295915,-6.2716136,-1.5225168,-6.792745
4672_left.jpg,4672,0,0,0,0,0,0,1,1,-1.1594268,-7.6081963,-6.4467893,-6.116018,-6.831228,-8.753083
4673_left.jpg,4673,1,0,0,0,0,0,0,1,-5.33557,-4.300928,-10.708927,-7.7601905,-14.124132,-4.242479
4675_left.jpg,4675,1,0,0,0,0,0,0,0,6.7746315,-4.489179,-7.897782,-4.233127,-7.5039077,-9.793825
4676_left.jpg,4676,1,0,0,0,0,0,0,0,0.5913015,-9.806471,-9.551647,-6.5581307,-3.5046895,-10.097861
4677_left.jpg,4677,1,0,0,0,0,0,0,2,-1.2139078,-2.5739055,-7.4511094,-8.956938,-6.098134,-8.755035
4678_left.jpg,4678,1,0,0,0,0,0,0,3,0.6991415,-11.914684,-5.9868326,-4.5010824,-5.112555,-8.754453
4679_left.jpg,4679,1,0,0,0,0,0,0,4,0.74295884,-6.600474,-8.985211,-7.207896,-11.472184,-6.814964
4682_left.jpg,4682,1,0,0,0,0,0,0,4,0.13477167,-11.223798,-7.158715,-6.751563,-3.75039,-12.892846
4683_left.jpg,4683,0,0,0,0,0,0,1,0,0.6590049,-9.6713505,-6.9740114,-6.429677,-15.077174,-10.185846
4686_left.jpg,4686,1,0,0,0,0,0,0,1,11.485015,-9.14432,-7.7107754,-8.7248745,-8.85233,-7.058032
4688_left.jpg,4688,1,0,0,0,0,0,0,0,3.34304,-5.013949,-9.810721,-6.0502486,-4.85208,-9.612817
4689_left.jpg,4689,1,0,0,0,0,0,0,1,0.88375044,-14.079028,-8.8902445,-7.7263374,-6.4661255,-10.01128
4690_left.jpg,4690,1,0,0,0,0,0,0,1,1.398674,-10.566095,-7.880346,-6.9618626,-9.128486,-9.151005
4784_left.jpg,4784,0,0,0,1,1,0,0,2,-1.6038259,-12.3644,-8.697428,-3.3778822,-8.75502,-10.188241
