source,groupe,origine,diabete,glaucome,cataracte,dmla,hypertension,myopie,sous_source,rang,categorie,chemin,logit_diabete,logit_glaucome,logit_cataracte,logit_dmla,logit_hypertension,logit_myopie
jsiec,jsiec-1ffa9627-8d87-11e8-9daf-6045cb817f5b.,/home/carld/.cache/kagglehub/datasets/linchundan/fundusimage1000/versions/4/1000images/0.0.Normal/1ffa9627-8d87-11e8-9daf-6045cb817f5b..JPG,0,0,0,0,0,0,,-1,0.0.Normal,/kaggle/temp/troubles/images/jsiec/8d053c2ef3c560fb.jpg,-2.8477278,0.906611,-10.762919,-6.9650836,-8.442493,-7.8811126
jsiec,jsiec-1ffa9628-8d87-11e8-9daf-6045cb817f5b.,/home/carld/.cache/kagglehub/datasets/linchundan/fundusimage1000/versions/4/1000images/0.0.Normal/1ffa9628-8d87-11e8-9daf-6045cb817f5b..JPG,0,0,0,0,0,0,,-1,0.0.Normal,/kaggle/temp/troubles/images/jsiec/ecf76b61b0850341.jpg,-2.3719375,-2.9320817,-5.7067575,-5.1506453,-8.017132,-11.193391
jsiec,jsiec-1ffa9629-8d87-11e8-9daf-6045cb817f5b.,/home/carld/.cache/kagglehub/datasets/linchundan/fundusimage1000/versions/4/1000images/0.0.Normal/1ffa9629-8d87-11e8-9daf-6045cb817f5b..JPG,0,0,0,0,0,0,,-1,0.0.Normal,/kaggle/temp/troubles/images/jsiec/2ce90945f20a6688.jpg,-3.4851468,0.42887437,-9.160915,-7.2797284,-8.734449,-7.621806
jsiec,jsiec-1ffa962a-8d87-11e8-9daf-6045cb817f5b.,/home/carld/.cache/kagglehub/datasets/linchundan/fundusimage1000/versions/4/1000images/0.0.Normal/1ffa962a-8d87-11e8-9daf-6045cb817f5b..JPG,0,0,0,0,0,0,,-1,0.0.Normal,/kaggle/temp/troubles/images/jsiec/b99872d39eb133a3.jpg,-0.26532048,-3.0806994,-11.646676,-5.206469,-6.6447453,-9.084648
jsiec,jsiec-1ffa962b-8d87-11e8-9daf-6045cb817f5b.,/home/carld/.cache/kagglehub/datasets/linchundan/fundusimage1000/versions/4/1000images/0.0.Normal/1ffa962b-8d87-11e8-9daf-6045cb817f5b..JPG,0,0,0,0,0,0,,-1,0.0.Normal,/kaggle/temp/troubles/images/jsiec/3a3047f13970d3dc.jpg,-2.61045,-5.415192,-10.578851,-4.321986,-11.007091,-7.1090894
jsiec,jsiec-1ffa962d-8d87-11e8-9daf-6045cb817f5b.,/home/carld/.cache/kagglehub/datasets/linchundan/fundusimage1000/versions/4/1000images/0.0.Normal/1ffa962d-8d87-11e8-9daf-6045cb817f5b..JPG,0,0,0,0,0,0,,-1,0.0.Normal,/kaggle/temp/troubles/images/jsiec/250b34b0da5717f4.jpg,-2.2167056,-2.198314,-11.491329,-6.0773644,-6.129889,-10.42877
jsiec,jsiec-1ffa962e-8d87-11e8-9daf-6045cb817f5b.,/home/carld/.cache/kagglehub/datasets/linchundan/fundusimage1000/versions/4/1000images/0.0.Normal/1ffa962e-8d87-11e8-9daf-6045cb817f5b..JPG,0,0,0,0,0,0,,-1,0.0.Normal,/kaggle/temp/troubles/images/jsiec/d6b08c8e5529717a.jpg,-0.9640462,-0.3286575,-9.202516,-7.1375957,-7.070353,-9.264598
jsiec,jsiec-1ffa962f-8d87-11e8-9daf-6045cb817f5b.,/home/carld/.cache/kagglehub/datasets/linchundan/fundusimage1000/versions/4/1000images/0.0.Normal/1ffa962f-8d87-11e8-9daf-6045cb817f5b..JPG,0,0,0,0,0,0,,-1,0.0.Normal,/kaggle/temp/troubles/images/jsiec/2d32f93aa0d42227.jpg,-5.2019567,-0.5021902,-6.564824,-5.4805684,-10.62313,-9.7827
jsiec,jsiec-1ffa9630-8d87-11e8-9daf-6045cb817f5b.,/home/carld/.cache/kagglehub/datasets/linchundan/fundusimage1000/versions/4/1000images/0.0.Normal/1ffa9630-8d87-11e8-9daf-6045cb817f5b..JPG,0,0,0,0,0,0,,-1,0.0.Normal,/kaggle/temp/troubles/images/jsiec/e5b25f8f671c1794.jpg,-1.229975,-0.6796468,-7.57967,-5.5431776,-4.586001,-9.565352
jsiec,jsiec-1ffa9631-8d87-11e8-9daf-6045cb817f5b.,/home/carld/.cache/kagglehub/datasets/linchundan/fundusimage1000/versions/4/1000images/0.0.Normal/1ffa9631-8d87-11e8-9daf-6045cb817f5b..JPG,0,0,0,0,0,0,,-1,0.0.Normal,/kaggle/temp/troubles/images/jsiec/58222b114c923bb2.jpg,-1.9126048,-3.267034,-8.831954,-5.3038898,-7.1743393,-10.306144
jsiec,jsiec-1ffa9632-8d87-11e8-9daf-6045cb817f5b.,/home/carld/.cache/kagglehub/datasets/linchundan/fundusimage1000/versions/4/1000images/0.0.Normal/1ffa9632-8d87-11e8-9daf-6045cb817f5b..JPG,0,0,0,0,0,0,,-1,0.0.Normal,/kaggle/temp/troubles/images/jsiec/17b5eb2a18ab1b46.jpg,-1.819902,-1.1644562,-9.915897,-5.243691,-9.603559,-11.129514
jsiec,jsiec-1ffa9633-8d87-11e8-9daf-6045cb817f5b.,/home/carld/.cache/kagglehub/datasets/linchundan/fundusimage1000/versions/4/1000images/0.0.Normal/1ffa9633-8d87-11e8-9daf-6045cb817f5b..JPG,0,0,0,0,0,0,,-1,0.0.Normal,/kaggle/temp/troubles/images/jsiec/2476aceaf7a0a109.jpg,-2.2614355,-2.189047,-7.936576,-4.9954286,-8.722651,-7.980255
jsiec,jsiec-1ffa9634-8d87-11e8-9daf-6045cb817f5b.,/home/carld/.cache/kagglehub/datasets/linchundan/fundusimage1000/versions/4/1000images/0.0.Normal/1ffa9634-8d87-11e8-9daf-6045cb817f5b..JPG,0,0,0,0,0,0,,-1,0.0.Normal,/kaggle/temp/troubles/images/jsiec/07e2ff8a08c015a8.jpg,-2.5468605,-0.654065,-9.805617,-4.8163314,-6.032823,-6.598436
jsiec,jsiec-1ffa9636-8d87-11e8-9daf-6045cb817f5b.,/home/carld/.cache/kagglehub/datasets/linchundan/fundusimage1000/versions/4/1000images/0.0.Normal/1ffa9636-8d87-11e8-9daf-6045cb817f5b..JPG,0,0,0,0,0,0,,-1,0.0.Normal,/kaggle/temp/troubles/images/jsiec/566f6212f03d0eac.jpg,-3.2242148,-3.2744827,-8.977914,-6.966773,-6.649768,-6.3908615
jsiec,jsiec-1ffa9638-8d87-11e8-9daf-6045cb817f5b.,/home/carld/.cache/kagglehub/datasets/linchundan/fundusimage1000/versions/4/1000images/0.0.Normal/1ffa9638-8d87-11e8-9daf-6045cb817f5b..JPG,0,0,0,0,0,0,,-1,0.0.Normal,/kaggle/temp/troubles/images/jsiec/11697326d9b8ea26.jpg,-0.16632327,-3.445972,-8.932939,-6.626945,-8.123268,-9.942686
jsiec,jsiec-1ffa9639-8d87-11e8-9daf-6045cb817f5b.,/home/carld/.cache/kagglehub/datasets/linchundan/fundusimage1000/versions/4/1000images/0.0.Normal/1ffa9639-8d87-11e8-9daf-6045cb817f5b..JPG,0,0,0,0,0,0,,-1,0.0.Normal,/kaggle/temp/troubles/images/jsiec/6f9b33feb031f3d3.jpg,-1.229975,-0.6796468,-7.57967,-5.5431776,-4.586001,-9.565352
jsiec,jsiec-1ffa963a-8d87-11e8-9daf-6045cb817f5b.,/home/carld/.cache/kagglehub/datasets/linchundan/fundusimage1000/versions/4/1000images/0.0.Normal/1ffa963a-8d87-11e8-9daf-6045cb817f5b..JPG,0,0,0,0,0,0,,-1,0.0.Normal,/kaggle/temp/troubles/images/jsiec/e541a7b1dd3caa92.jpg,-0.70107895,-5.1500177,-12.3374195,-8.4164,-6.679945,-11.929589
jsiec,jsiec-1ffa963f-8d87-11e8-9daf-6045cb817f5b.,/home/carld/.cache/kagglehub/datasets/linchundan/fundusimage1000/versions/4/1000images/0.0.Normal/1ffa963f-8d87-11e8-9daf-6045cb817f5b..JPG,0,0,0,0,0,0,,-1,0.0.Normal,/kaggle/temp/troubles/images/jsiec/1cbfe0ddf9ace9a0.jpg,-3.8130174,-2.1448333,-8.716129,-8.057948,-9.380455,-10.074046
jsiec,jsiec-1ffa9640-8d87-11e8-9daf-6045cb817f5b.,/home/carld/.cache/kagglehub/datasets/linchundan/fundusimage1000/versions/4/1000images/0.0.Normal/1ffa9640-8d87-11e8-9daf-6045cb817f5b..JPG,0,0,0,0,0,0,,-1,0.0.Normal,/kaggle/temp/troubles/images/jsiec/435596bd3f216eb4.jpg,-3.2491233,-0.88398314,-9.269606,-3.8996503,-7.520681,-7.2593246
jsiec,jsiec-1ffa9641-8d87-11e8-9daf-6045cb817f5b.,/home/carld/.cache/kagglehub/datasets/linchundan/fundusimage1000/versions/4/1000images/0.0.Normal/1ffa9641-8d87-11e8-9daf-6045cb817f5b..JPG,0,0,0,0,0,0,,-1,0.0.Normal,/kaggle/temp/troubles/images/jsiec/d1fec9c98ebc2c1f.jpg,-3.1324778,-2.4157357,-9.220678,-8.3977785,-8.788547,-12.571722
jsiec,jsiec-1ffa9642-8d87-11e8-9daf-6045cb817f5b.,/home/carld/.cache/kagglehub/datasets/linchundan/fundusimage1000/versions/4/1000images/0.0.Normal/1ffa9642-8d87-11e8-9daf-6045cb817f5b..JPG,0,0,0,0,0,0,,-1,0.0.Normal,/kaggle/temp/troubles/images/jsiec/890ef5a45a360a82.jpg,-2.7567425,-3.936397,-8.681779,-7.512141,-9.308786,-11.451861
jsiec,jsiec-1ffa9643-8d87-11e8-9daf-6045cb817f5b.,/home/carld/.cache/kagglehub/datasets/linchundan/fundusimage1000/versions/4/1000images/0.0.Normal/1ffa9643-8d87-11e8-9daf-6045cb817f5b..JPG,0,0,0,0,0,0,,-1,0.0.Normal,/kaggle/temp/troubles/images/jsiec/a5a03b7b62672342.jpg,-2.2353935,-2.9984293,-11.023766,-4.874451,-8.0740385,-8.381123
jsiec,jsiec-1ffa9644-8d87-11e8-9daf-6045cb817f5b.,/home/carld/.cache/kagglehub/datasets/linchundan/fundusimage1000/versions/4/1000images/0.0.Normal/1ffa9644-8d87-11e8-9daf-6045cb817f5b..JPG,0,0,0,0,0,0,,-1,0.0.Normal,/kaggle/temp/troubles/images/jsiec/dc9c47a75202a5d3.jpg,-3.0030344,-3.2066932,-8.899026,-6.3872647,-8.530929,-12.671228
jsiec,jsiec-1ffa9647-8d87-11e8-9daf-6045cb817f5b.,/home/carld/.cache/kagglehub/datasets/linchundan/fundusimage1000/versions/4/1000images/0.0.Normal/1ffa9647-8d87-11e8-9daf-6045cb817f5b..JPG,0,0,0,0,0,0,,-1,0.0.Normal,/kaggle/temp/troubles/images/jsiec/84ef9281ec41997d.jpg,-2.2524898,-0.4383988,-9.064661,-3.6045067,-4.749909,-7.4470706
jsiec,jsiec-1ffa9649-8d87-11e8-9daf-6045cb817f5b.,/home/carld/.cache/kagglehub/datasets/linchundan/fundusimage1000/versions/4/1000images/0.0.Normal/1ffa9649-8d87-11e8-9daf-6045cb817f5b..JPG,0,0,0,0,0,0,,-1,0.0.Normal,/kaggle/temp/troubles/images/jsiec/44f15bed9e8a1fab.jpg,-1.8247592,-2.658239,-5.7219205,-6.7823977,-5.0799494,-12.195628
jsiec,jsiec-1ffa964a-8d87-11e8-9daf-6045cb817f5b.,/home/carld/.cache/kagglehub/datasets/linchundan/fundusimage1000/versions/4/1000images/0.0.Normal/1ffa964a-8d87-11e8-9daf-6045cb817f5b..JPG,0,0,0,0,0,0,,-1,0.0.Normal,/kaggle/temp/troubles/images/jsiec/0864f1b17ec75b99.jpg,-2.21094,-4.0958867,-10.133805,-5.45439,-7.0564013,-11.099238
jsiec,jsiec-1ffa964b-8d87-11e8-9daf-6045cb817f5b.,/home/carld/.cache/kagglehub/datasets/linchundan/fundusimage1000/versions/4/1000images/0.0.Normal/1ffa964b-8d87-11e8-9daf-6045cb817f5b..JPG,0,0,0,0,0,0,,-1,0.0.Normal,/kaggle/temp/troubles/images/jsiec/c6f74c2bf594fa57.jpg,-0.9504141,-1.7966026,-10.118959,-4.2235317,-8.1012125,-8.086573
jsiec,jsiec-1ffa964c-8d87-11e8-9daf-6045cb817f5b.,/home/carld/.cache/kagglehub/datasets/linchundan/fundusimage1000/versions/4/1000images/0.0.Normal/1ffa964c-8d87-11e8-9daf-6045cb817f5b..JPG,0,0,0,0,0,0,,-1,0.0.Normal,/kaggle/temp/troubles/images/jsiec/03d98799b9cfcf6b.jpg,-0.51171577,-4.3736095,-6.101089,-8.166345,-4.8800187,-12.04808
jsiec,jsiec-1ffa9651-8d87-11e8-9daf-6045cb817f5b.,/home/carld/.cache/kagglehub/datasets/linchundan/fundusimage1000/versions/4/1000images/0.0.Normal/1ffa9651-8d87-11e8-9daf-6045cb817f5b..JPG,0,0,0,0,0,0,,-1,0.0.Normal,/kaggle/temp/troubles/images/jsiec/a4458f71e3e623ff.jpg,-1.9083521,-2.9236097,-5.8867435,-8.531234,-7.7748327,-10.998022
jsiec,jsiec-1ffa9652-8d87-11e8-9daf-6045cb817f5b.,/home/carld/.cache/kagglehub/datasets/linchundan/fundusimage1000/versions/4/1000images/0.0.Normal/1ffa9652-8d87-11e8-9daf-6045cb817f5b..JPG,0,0,0,0,0,0,,-1,0.0.Normal,/kaggle/temp/troubles/images/jsiec/ab00c0891ce02e25.jpg,-1.3555374,-3.5638852,-9.801954,-7.397474,-6.632441,-8.73434
jsiec,jsiec-1ffa9654-8d87-11e8-9daf-6045cb817f5b.,/home/carld/.cache/kagglehub/datasets/linchundan/fundusimage1000/versions/4/1000images/0.0.Normal/1ffa9654-8d87-11e8-9daf-6045cb817f5b..JPG,0,0,0,0,0,0,,-1,0.0.Normal,/kaggle/temp/troubles/images/jsiec/a0bafa9f1061f1e6.jpg,-2.5093756,-1.2359335,-7.9802365,-5.989079,-8.721275,-12.990465
jsiec,jsiec-1ffa9655-8d87-11e8-9daf-6045cb817f5b.,/home/carld/.cache/kagglehub/datasets/linchundan/fundusimage1000/versions/4/1000images/0.0.Normal/1ffa9655-8d87-11e8-9daf-6045cb817f5b..JPG,0,0,0,0,0,0,,-1,0.0.Normal,/kaggle/temp/troubles/images/jsiec/d488b88a6e04b2eb.jpg,-4.0070114,-2.9143908,-10.931073,-9.534929,-8.736081,-10.047042
jsiec,jsiec-1ffa9656-8d87-11e8-9daf-6045cb817f5b.,/home/carld/.cache/kagglehub/datasets/linchundan/fundusimage1000/versions/4/1000images/0.0.Normal/1ffa9656-8d87-11e8-9daf-6045cb817f5b..JPG,0,0,0,0,0,0,,-1,0.0.Normal,/kaggle/temp/troubles/images/jsiec/2693050fb7191ee7.jpg,-2.2727728,-1.3670462,-9.3608,-6.1522374,-7.8479657,-11.8957815
jsiec,jsiec-1ffa9657-8d87-11e8-9daf-6045cb817f5b.,/home/carld/.cache/kagglehub/datasets/linchundan/fundusimage1000/versions/4/1000images/0.0.Normal/1ffa9657-8d87-11e8-9daf-6045cb817f5b..JPG,0,0,0,0,0,0,,-1,0.0.Normal,/kaggle/temp/troubles/images/jsiec/aca6a259c23168cc.jpg,-1.1310894,-1.3027539,-10.907838,-7.2787824,-7.3054953,-10.53958
jsiec,jsiec-1ffa9658-8d87-11e8-9daf-6045cb817f5b.,/home/carld/.cache/kagglehub/datasets/linchundan/fundusimage1000/versions/4/1000images/0.0.Normal/1ffa9658-8d87-11e8-9daf-6045cb817f5b..JPG,0,0,0,0,0,0,,-1,0.0.Normal,/kaggle/temp/troubles/images/jsiec/728c8b5c7bcafeb4.jpg,-2.2342486,-0.33196276,-9.360441,-6.573996,-5.8085,-9.337454
jsiec,jsiec-1ffa9659-8d87-11e8-9daf-6045cb817f5b.,/home/carld/.cache/kagglehub/datasets/linchundan/fundusimage1000/versions/4/1000images/0.0.Normal/1ffa9659-8d87-11e8-9daf-6045cb817f5b..JPG,0,0,0,0,0,0,,-1,0.0.Normal,/kaggle/temp/troubles/images/jsiec/fdea54bb89a6ff0e.jpg,-4.0788383,-4.6999173,-6.45552,-7.6522937,-7.7310843,-12.050488
jsiec,jsiec-1ffa965a-8d87-11e8-9daf-6045cb817f5b.,/home/carld/.cache/kagglehub/datasets/linchundan/fundusimage1000/versions/4/1000images/0.0.Normal/1ffa965a-8d87-11e8-9daf-6045cb817f5b..JPG,0,0,0,0,0,0,,-1,0.0.Normal,/kaggle/temp/troubles/images/jsiec/dfa9847b346518b6.jpg,-2.1431956,-2.3077598,-9.4734745,-5.312498,-7.4108615,-8.853673
jsiec,jsiec-1ffa965b-8d87-11e8-9daf-6045cb817f5b.,/home/carld/.cache/kagglehub/datasets/linchundan/fundusimage1000/versions/4/1000images/0.0.Normal/1ffa965b-8d87-11e8-9daf-6045cb817f5b..JPG,0,0,0,0,0,0,,-1,0.0.Normal,/kaggle/temp/troubles/images/jsiec/e656347c74f23555.jpg,-1.3713095,-0.19654156,-7.976415,-5.315923,-4.705578,-8.676389
jsiec,jsiec-1ffa9574-8d87-11e8-9daf-6045cb817f5b.,/home/carld/.cache/kagglehub/datasets/linchundan/fundusimage1000/versions/4/1000images/0.1.Tessellated fundus/1ffa9574-8d87-11e8-9daf-6045cb817f5b..JPG,0,0,0,0,0,-1,,-1,0.1.Tessellated fundus,/kaggle/temp/troubles/images/jsiec/ec1ec28f5a165332.jpg,-1.5384092,0.033024065,-8.108723,-2.198446,-6.6777744,-1.0771841
jsiec,jsiec-1ffa9575-8d87-11e8-9daf-6045cb817f5b.,/home/carld/.cache/kagglehub/datasets/linchundan/fundusimage1000/versions/4/1000images/0.1.Tessellated fundus/1ffa9575-8d87-11e8-9daf-6045cb817f5b..JPG,0,0,0,0,0,-1,,-1,0.1.Tessellated fundus,/kaggle/temp/troubles/images/jsiec/73958f651f1bfabd.jpg,-3.4136255,-3.1181831,-11.232651,0.21783543,-6.7139807,-0.14521252
jsiec,jsiec-1ffa9578-8d87-11e8-9daf-6045cb817f5b.,/home/carld/.cache/kagglehub/datasets/linchundan/fundusimage1000/versions/4/1000images/0.1.Tessellated fundus/1ffa9578-8d87-11e8-9daf-6045cb817f5b..JPG,0,0,0,0,0,-1,,-1,0.1.Tessellated fundus,/kaggle/temp/troubles/images/jsiec/27c457347ef5221b.jpg,-2.1608028,-2.6595159,-3.9706318,-5.213113,-6.3233566,-4.6819606
jsiec,jsiec-1ffa9579-8d87-11e8-9daf-6045cb817f5b.,/home/carld/.cache/kagglehub/datasets/linchundan/fundusimage1000/versions/4/1000images/0.1.Tessellated fundus/1ffa9579-8d87-11e8-9daf-6045cb817f5b..JPG,0,0,0,0,0,-1,,-1,0.1.Tessellated fundus,/kaggle/temp/troubles/images/jsiec/f64819a309fc95c7.jpg,-3.8012779,-4.643376,1.368431,-4.995971,-5.4280696,-4.3261886
jsiec,jsiec-1ffa957c-8d87-11e8-9daf-6045cb817f5b.,/home/carld/.cache/kagglehub/datasets/linchundan/fundusimage1000/versions/4/1000images/0.1.Tessellated fundus/1ffa957c-8d87-11e8-9daf-6045cb817f5b..JPG,0,0,0,0,0,-1,,-1,0.1.Tessellated fundus,/kaggle/temp/troubles/images/jsiec/e42f349f128d4e04.jpg,-2.2229743,-0.99603885,-7.591064,-4.4443154,-8.622859,-3.082253
jsiec,jsiec-1ffa957d-8d87-11e8-9daf-6045cb817f5b.,/home/carld/.cache/kagglehub/datasets/linchundan/fundusimage1000/versions/4/1000images/0.1.Tessellated fundus/1ffa957d-8d87-11e8-9daf-6045cb817f5b..JPG,0,0,0,0,0,-1,,-1,0.1.Tessellated fundus,/kaggle/temp/troubles/images/jsiec/edb2306f0544399b.jpg,-1.5850015,-0.63574034,-9.542949,-1.7680329,-8.075172,-2.6249263
jsiec,jsiec-1ffa957f-8d87-11e8-9daf-6045cb817f5b.,/home/carld/.cache/kagglehub/datasets/linchundan/fundusimage1000/versions/4/1000images/0.1.Tessellated fundus/1ffa957f-8d87-11e8-9daf-6045cb817f5b..JPG,0,0,0,0,0,-1,,-1,0.1.Tessellated fundus,/kaggle/temp/troubles/images/jsiec/f13482f7b28a49de.jpg,-2.873012,-0.37892985,-6.723847,-4.7417197,-7.6708326,-2.4470956
jsiec,jsiec-1ffa9582-8d87-11e8-9daf-6045cb817f5b.,/home/carld/.cache/kagglehub/datasets/linchundan/fundusimage1000/versions/4/1000images/0.1.Tessellated fundus/1ffa9582-8d87-11e8-9daf-6045cb817f5b..JPG,0,0,0,0,0,-1,,-1,0.1.Tessellated fundus,/kaggle/temp/troubles/images/jsiec/a77fabd531b77bbe.jpg,-1.0409558,-2.2020922,-9.23411,-1.9412009,-8.416403,-3.6431506
jsiec,jsiec-1ffa9583-8d87-11e8-9daf-6045cb817f5b.,/home/carld/.cache/kagglehub/datasets/linchundan/fundusimage1000/versions/4/1000images/0.1.Tessellated fundus/1ffa9583-8d87-11e8-9daf-6045cb817f5b..JPG,0,0,0,0,0,-1,,-1,0.1.Tessellated fundus,/kaggle/temp/troubles/images/jsiec/aa0fc438fcc192dd.jpg,-2.8980286,-1.2913506,-10.501406,0.22696054,-8.03401,-2.2787492
jsiec,jsiec-1ffa958e-8d87-11e8-9daf-6045cb817f5b.,/home/carld/.cache/kagglehub/datasets/linchundan/fundusimage1000/versions/4/1000images/0.1.Tessellated fundus/1ffa958e-8d87-11e8-9daf-6045cb817f5b..JPG,0,0,0,0,0,-1,,-1,0.1.Tessellated fundus,/kaggle/temp/troubles/images/jsiec/4a4ec129f8e462bd.jpg,-1.4762075,-1.582855,-11.742355,-6.984991,-7.2030163,-9.750995
jsiec,jsiec-1ffa958f-8d87-11e8-9daf-6045cb817f5b.,/home/carld/.cache/kagglehub/datasets/linchundan/fundusimage1000/versions/4/1000images/0.1.Tessellated fundus/1ffa958f-8d87-11e8-9daf-6045cb817f5b..JPG,0,0,0,0,0,-1,,-1,0.1.Tessellated fundus,/kaggle/temp/troubles/images/jsiec/bd3ff97adedcd954.jpg,-0.35862488,0.021251863,-7.5582957,-3.594331,-7.7421956,-3.6470535
jsiec,jsiec-1ffa9597-8d87-11e8-9daf-6045cb817f5b.,/home/carld/.cache/kagglehub/datasets/linchundan/fundusimage1000/versions/4/1000images/0.1.Tessellated fundus/1ffa9597-8d87-11e8-9daf-6045cb817f5b..JPG,0,0,0,0,0,-1,,-1,0.1.Tessellated fundus,/kaggle/temp/troubles/images/jsiec/e2f3e1dc86d522cc.jpg,-2.848011,-3.674285,-4.375476,-4.1004906,-4.7793875,-3.180992
jsiec,jsiec-1ffa959d-8d87-11e8-9daf-6045cb817f5b.,/home/carld/.cache/kagglehub/datasets/linchundan/fundusimage1000/versions/4/1000images/0.1.Tessellated fundus/1ffa959d-8d87-11e8-9daf-6045cb817f5b..JPG,0,0,0,0,0,-1,,-1,0.1.Tessellated fundus,/kaggle/temp/troubles/images/jsiec/abe93c25000e184c.jpg,-0.5574345,0.19246913,-7.910037,-5.1174855,-7.204629,-6.674726
jsiec,jsiec-1ffa9493-8d87-11e8-9daf-6045cb817f5b.,/home/carld/.cache/kagglehub/datasets/linchundan/fundusimage1000/versions/4/1000images/0.2.Large optic cup/1ffa9493-8d87-11e8-9daf-6045cb817f5b..JPG,0,-1,0,0,0,0,,-1,0.2.Large optic cup,/kaggle/temp/troubles/images/jsiec/73e343201b59f5f9.jpg,-2.461176,0.970681,-9.344551,-6.1525817,-5.9433603,-9.7773
jsiec,jsiec-1ffa9496-8d87-11e8-9daf-6045cb817f5b.,/home/carld/.cache/kagglehub/datasets/linchundan/fundusimage1000/versions/4/1000images/0.2.Large optic cup/1ffa9496-8d87-11e8-9daf-6045cb817f5b..JPG,0,-1,0,0,0,0,,-1,0.2.Large optic cup,/kaggle/temp/troubles/images/jsiec/f971ac91d64390ac.jpg,-2.106967,-0.11824659,-10.918887,-5.8705587,-8.115735,-10.91295
jsiec,jsiec-1ffa9497-8d87-11e8-9daf-6045cb817f5b.,/home/carld/.cache/kagglehub/datasets/linchundan/fundusimage1000/versions/4/1000images/0.2.Large optic cup/1ffa9497-8d87-11e8-9daf-6045cb817f5b..JPG,0,-1,0,0,0,0,,-1,0.2.Large optic cup,/kaggle/temp/troubles/images/jsiec/6636fb82448d87b3.jpg,-1.6155205,1.4548812,-7.7209935,-6.727745,-6.59364,-8.251394
jsiec,jsiec-1ffa9498-8d87-11e8-9daf-6045cb817f5b.,/home/carld/.cache/kagglehub/datasets/linchundan/fundusimage1000/versions/4/1000images/0.2.Large optic cup/1ffa9498-8d87-11e8-9daf-6045cb817f5b..JPG,0,-1,0,0,0,0,,-1,0.2.Large optic cup,/kaggle/temp/troubles/images/jsiec/854d6b8b7d30da3e.jpg,-1.409385,0.8568416,-7.737573,-6.2145185,-8.21878,-9.926887
jsiec,jsiec-1ffa949b-8d87-11e8-9daf-6045cb817f5b.,/home/carld/.cache/kagglehub/datasets/linchundan/fundusimage1000/versions/4/1000images/0.2.Large optic cup/1ffa949b-8d87-11e8-9daf-6045cb817f5b..JPG,0,-1,0,0,0,0,,-1,0.2.Large optic cup,/kaggle/temp/troubles/images/jsiec/c42df75cc98d621a.jpg,-3.8087099,0.3983332,-6.554821,-6.2312407,-6.2767696,-8.848781
jsiec,jsiec-1ffa949d-8d87-11e8-9daf-6045cb817f5b.,/home/carld/.cache/kagglehub/datasets/linchundan/fundusimage1000/versions/4/1000images/0.2.Large optic cup/1ffa949d-8d87-11e8-9daf-6045cb817f5b..JPG,0,-1,0,0,0,0,,-1,0.2.Large optic cup,/kaggle/temp/troubles/images/jsiec/82e3063c6b25ac3e.jpg,-1.0793173,-0.46129245,-8.332169,-4.225066,-7.8181915,-6.6329775
jsiec,jsiec-1ffa949e-8d87-11e8-9daf-6045cb817f5b.,/home/carld/.cache/kagglehub/datasets/linchundan/fundusimage1000/versions/4/1000images/0.2.Large optic cup/1ffa949e-8d87-11e8-9daf-6045cb817f5b..JPG,0,-1,0,0,0,0,,-1,0.2.Large optic cup,/kaggle/temp/troubles/images/jsiec/743663e6da153475.jpg,-2.1951864,0.33322045,-6.7339997,-6.883037,-5.446816,-8.660312
jsiec,jsiec-1ffa94a0-8d87-11e8-9daf-6045cb817f5b.,/home/carld/.cache/kagglehub/datasets/linchundan/fundusimage1000/versions/4/1000images/0.2.Large optic cup/1ffa94a0-8d87-11e8-9daf-6045cb817f5b..JPG,0,-1,0,0,0,0,,-1,0.2.Large optic cup,/kaggle/temp/troubles/images/jsiec/58db9a26b0f506e4.jpg,-1.9564497,0.2789195,-11.184049,-5.297899,-6.172322,-10.857228
jsiec,jsiec-1ffa94a1-8d87-11e8-9daf-6045cb817f5b.,/home/carld/.cache/kagglehub/datasets/linchundan/fundusimage1000/versions/4/1000images/0.2.Large optic cup/1ffa94a1-8d87-11e8-9daf-6045cb817f5b..JPG,0,-1,0,0,0,0,,-1,0.2.Large optic cup,/kaggle/temp/troubles/images/jsiec/a12651ec54915d7d.jpg,-1.2942078,0.97700536,-4.3720465,-5.389909,-4.4091883,-8.02131
jsiec,jsiec-1ffa94a2-8d87-11e8-9daf-6045cb817f5b.,/home/carld/.cache/kagglehub/datasets/linchundan/fundusimage1000/versions/4/1000images/0.2.Large optic cup/1ffa94a2-8d87-11e8-9daf-6045cb817f5b..JPG,0,-1,0,0,0,0,,-1,0.2.Large optic cup,/kaggle/temp/troubles/images/jsiec/e6bb6bf8e43bd3b0.jpg,-3.8835714,2.0043063,-8.661588,-5.0527353,-7.188467,-9.181657
jsiec,jsiec-1ffa94a3-8d87-11e8-9daf-6045cb817f5b.,/home/carld/.cache/kagglehub/datasets/linchundan/fundusimage1000/versions/4/1000images/0.2.Large optic cup/1ffa94a3-8d87-11e8-9daf-6045cb817f5b..JPG,0,-1,0,0,0,0,,-1,0.2.Large optic cup,/kaggle/temp/troubles/images/jsiec/72683f8bd13ee41f.jpg,-0.98999614,-0.87387437,-10.102228,-3.7965584,-6.2142234,-8.755782
jsiec,jsiec-1ffa94a5-8d87-11e8-9daf-6045cb817f5b.,/home/carld/.cache/kagglehub/datasets/linchundan/fundusimage1000/versions/4/1000images/0.2.Large optic cup/1ffa94a5-8d87-11e8-9daf-6045cb817f5b..JPG,0,-1,0,0,0,0,,-1,0.2.Large optic cup,/kaggle/temp/troubles/images/jsiec/b042b7f14bc7eabc.jpg,-0.39817402,1.6259633,-4.057307,-5.366073,-4.8346915,-7.684861
jsiec,jsiec-1ffa94a6-8d87-11e8-9daf-6045cb817f5b.,/home/carld/.cache/kagglehub/datasets/linchundan/fundusimage1000/versions/4/1000images/0.2.Large optic cup/1ffa94a6-8d87-11e8-9daf-6045cb817f5b..JPG,0,-1,0,0,0,0,,-1,0.2.Large optic cup,/kaggle/temp/troubles/images/jsiec/f0731ffb15f324a0.jpg,-3.9742212,0.8279947,-8.609281,-4.0168476,-7.0886874,-8.534654
jsiec,jsiec-1ffa94a7-8d87-11e8-9daf-6045cb817f5b.,/home/carld/.cache/kagglehub/datasets/linchundan/fundusimage1000/versions/4/1000images/0.2.Large optic cup/1ffa94a7-8d87-11e8-9daf-6045cb817f5b..JPG,0,-1,0,0,0,0,,-1,0.2.Large optic cup,/kaggle/temp/troubles/images/jsiec/4379cfebd548cdb5.jpg,-3.2403274,1.0147045,-11.047766,-6.2274795,-6.0309663,-8.105386
jsiec,jsiec-1ffa94a8-8d87-11e8-9daf-6045cb817f5b.,/home/carld/.cache/kagglehub/datasets/linchundan/fundusimage1000/versions/4/1000images/0.2.Large optic cup/1ffa94a8-8d87-11e8-9daf-6045cb817f5b..JPG,0,-1,0,0,0,0,,-1,0.2.Large optic cup,/kaggle/temp/troubles/images/jsiec/c3451de8f35f55fb.jpg,-1.5844595,0.15223469,-8.889444,-7.29211,-5.987612,-9.576161
jsiec,jsiec-1ffa94a9-8d87-11e8-9daf-6045cb817f5b.,/home/carld/.cache/kagglehub/datasets/linchundan/fundusimage1000/versions/4/1000images/0.2.Large optic cup/1ffa94a9-8d87-11e8-9daf-6045cb817f5b..JPG,0,-1,0,0,0,0,,-1,0.2.Large optic cup,/kaggle/temp/troubles/images/jsiec/bc0ca0168196a617.jpg,-1.1447394,0.37862808,-10.015389,-6.8743005,-5.9503126,-8.283232
jsiec,jsiec-1ffa94ad-8d87-11e8-9daf-6045cb817f5b.,/home/carld/.cache/kagglehub/datasets/linchundan/fundusimage1000/versions/4/1000images/0.2.Large optic cup/1ffa94ad-8d87-11e8-9daf-6045cb817f5b..JPG,0,-1,0,0,0,0,,-1,0.2.Large optic cup,/kaggle/temp/troubles/images/jsiec/dd22f890d981ca14.jpg,-3.2586014,1.9771221,-10.7241745,-6.1672072,-5.574381,-11.021098
jsiec,jsiec-1ffa94af-8d87-11e8-9daf-6045cb817f5b.,/home/carld/.cache/kagglehub/datasets/linchundan/fundusimage1000/versions/4/1000images/0.2.Large optic cup/1ffa94af-8d87-11e8-9daf-6045cb817f5b..JPG,0,-1,0,0,0,0,,-1,0.2.Large optic cup,/kaggle/temp/troubles/images/jsiec/811f92aa8a08838c.jpg,-1.5114625,0.94039226,-8.844395,-4.1424823,-7.8453608,-7.3086762
jsiec,jsiec-1ffa94b0-8d87-11e8-9daf-6045cb817f5b.,/home/carld/.cache/kagglehub/datasets/linchundan/fundusimage1000/versions/4/1000images/0.2.Large optic cup/1ffa94b0-8d87-11e8-9daf-6045cb817f5b..JPG,0,-1,0,0,0,0,,-1,0.2.Large optic cup,/kaggle/temp/troubles/images/jsiec/68755fe5a3202bc6.jpg,-1.3848248,0.15541421,-12.008984,-4.9635396,-6.5320125,-8.317225
jsiec,jsiec-1ffa94b1-8d87-11e8-9daf-6045cb817f5b.,/home/carld/.cache/kagglehub/datasets/linchundan/fundusimage1000/versions/4/1000images/0.2.Large optic cup/1ffa94b1-8d87-11e8-9daf-6045cb817f5b..JPG,0,-1,0,0,0,0,,-1,0.2.Large optic cup,/kaggle/temp/troubles/images/jsiec/157f1c8d3c8755dc.jpg,-1.1512735,0.52572566,-7.9970307,-6.480474,-4.3915157,-10.706316
jsiec,jsiec-1ffa94b2-8d87-11e8-9daf-6045cb817f5b.,/home/carld/.cache/kagglehub/datasets/linchundan/fundusimage1000/versions/4/1000images/0.2.Large optic cup/1ffa94b2-8d87-11e8-9daf-6045cb817f5b..JPG,0,-1,0,0,0,0,,-1,0.2.Large optic cup,/kaggle/temp/troubles/images/jsiec/b3e99bc653e75f33.jpg,-2.0406585,0.8478368,-6.7974577,-5.7289577,-6.21575,-9.593836
jsiec,jsiec-1ffa94b3-8d87-11e8-9daf-6045cb817f5b.,/home/carld/.cache/kagglehub/datasets/linchundan/fundusimage1000/versions/4/1000images/0.2.Large optic cup/1ffa94b3-8d87-11e8-9daf-6045cb817f5b..JPG,0,-1,0,0,0,0,,-1,0.2.Large optic cup,/kaggle/temp/troubles/images/jsiec/8de2b184f4adedc4.jpg,-2.4392679,1.9882448,-8.47596,-7.342765,-7.1162906,-7.2165794
jsiec,jsiec-1ffa94b5-8d87-11e8-9daf-6045cb817f5b.,/home/carld/.cache/kagglehub/datasets/linchundan/fundusimage1000/versions/4/1000images/0.2.Large optic cup/1ffa94b5-8d87-11e8-9daf-6045cb817f5b..JPG,0,-1,0,0,0,0,,-1,0.2.Large optic cup,/kaggle/temp/troubles/images/jsiec/1d4bacc932eb93da.jpg,-0.7667664,1.3951904,-10.388443,-3.6905763,-9.198486,-7.1326656
jsiec,jsiec-1ffa94b6-8d87-11e8-9daf-6045cb817f5b.,/home/carld/.cache/kagglehub/datasets/linchundan/fundusimage1000/versions/4/1000images/0.2.Large optic cup/1ffa94b6-8d87-11e8-9daf-6045cb817f5b..JPG,0,-1,0,0,0,0,,-1,0.2.Large optic cup,/kaggle/temp/troubles/images/jsiec/2e89ae7918d9e6f9.jpg,-3.3516521,1.2885698,-7.4965935,-6.4286103,-6.599429,-9.259387
jsiec,jsiec-1ffa94b7-8d87-11e8-9daf-6045cb817f5b.,/home/carld/.cache/kagglehub/datasets/linchundan/fundusimage1000/versions/4/1000images/0.2.Large optic cup/1ffa94b7-8d87-11e8-9daf-6045cb817f5b..JPG,0,-1,0,0,0,0,,-1,0.2.Large optic cup,/kaggle/temp/troubles/images/jsiec/283f6106b7720e13.jpg,-3.6658015,0.7800565,-9.997421,-5.495567,-5.8567414,-8.585741
jsiec,jsiec-1ffa94b8-8d87-11e8-9daf-6045cb817f5b.,/home/carld/.cache/kagglehub/datasets/linchundan/fundusimage1000/versions/4/1000images/0.2.Large optic cup/1ffa94b8-8d87-11e8-9daf-6045cb817f5b..JPG,0,-1,0,0,0,0,,-1,0.2.Large optic cup,/kaggle/temp/troubles/images/jsiec/8d5f5691258f7860.jpg,-3.0689805,0.72656447,-9.699356,-6.9539137,-7.7147865,-11.131528
jsiec,jsiec-1ffa94b9-8d87-11e8-9daf-6045cb817f5b.,/home/carld/.cache/kagglehub/datasets/linchundan/fundusimage1000/versions/4/1000images/0.2.Large optic cup/1ffa94b9-8d87-11e8-9daf-6045cb817f5b..JPG,0,-1,0,0,0,0,,-1,0.2.Large optic cup,/kaggle/temp/troubles/images/jsiec/960607254f8b45fe.jpg,-0.099212304,-1.7229049,-11.496836,-3.9001136,-6.045702,-7.4837446
jsiec,jsiec-1ffa94ba-8d87-11e8-9daf-6045cb817f5b.,/home/carld/.cache/kagglehub/datasets/linchundan/fundusimage1000/versions/4/1000images/0.2.Large optic cup/1ffa94ba-8d87-11e8-9daf-6045cb817f5b..JPG,0,-1,0,0,0,0,,-1,0.2.Large optic cup,/kaggle/temp/troubles/images/jsiec/b88c4ade750e667e.jpg,-2.6801841,1.7059466,-7.8722353,-4.8807616,-7.47536,-8.511357
jsiec,jsiec-1ffa94bb-8d87-11e8-9daf-6045cb817f5b.,/home/carld/.cache/kagglehub/datasets/linchundan/fundusimage1000/versions/4/1000images/0.2.Large optic cup/1ffa94bb-8d87-11e8-9daf-6045cb817f5b..JPG,0,-1,0,0,0,0,,-1,0.2.Large optic cup,/kaggle/temp/troubles/images/jsiec/66cd90af3cc8620b.jpg,-3.7811239,-1.6212981,-8.945854,-1.7640179,-7.2843504,-9.163842
jsiec,jsiec-1ffa94bc-8d87-11e8-9daf-6045cb817f5b.,/home/carld/.cache/kagglehub/datasets/linchundan/fundusimage1000/versions/4/1000images/0.2.Large optic cup/1ffa94bc-8d87-11e8-9daf-6045cb817f5b..JPG,0,-1,0,0,0,0,,-1,0.2.Large optic cup,/kaggle/temp/troubles/images/jsiec/230debef36fa7909.jpg,-2.8966618,1.8207868,-9.902651,-7.9891925,-8.380607,-10.912828
jsiec,jsiec-1ffa94bd-8d87-11e8-9daf-6045cb817f5b.,/home/carld/.cache/kagglehub/datasets/linchundan/fundusimage1000/versions/4/1000images/0.2.Large optic cup/1ffa94bd-8d87-11e8-9daf-6045cb817f5b..JPG,0,-1,0,0,0,0,,-1,0.2.Large optic cup,/kaggle/temp/troubles/images/jsiec/e57cb5aafe8097a7.jpg,-0.78284836,1.8978006,-8.533902,-4.8318396,-7.0067897,-7.0751143
jsiec,jsiec-1ffa94bf-8d87-11e8-9daf-6045cb817f5b.,/home/carld/.cache/kagglehub/datasets/linchundan/fundusimage1000/versions/4/1000images/0.2.Large optic cup/1ffa94bf-8d87-11e8-9daf-6045cb817f5b..JPG,0,-1,0,0,0,0,,-1,0.2.Large optic cup,/kaggle/temp/troubles/images/jsiec/40e92d55eda82ab8.jpg,-4.098605,0.9451003,-8.778417,-3.6588044,-7.9475317,-10.535974
jsiec,jsiec-1ffa94c0-8d87-11e8-9daf-6045cb817f5b.,/home/carld/.cache/kagglehub/datasets/linchundan/fundusimage1000/versions/4/1000images/0.2.Large optic cup/1ffa94c0-8d87-11e8-9daf-6045cb817f5b..JPG,0,-1,0,0,0,0,,-1,0.2.Large optic cup,/kaggle/temp/troubles/images/jsiec/d29f76f1a8675abb.jpg,-2.1868806,0.50314975,-7.285072,-5.693853,-6.526403,-8.517728
jsiec,jsiec-1ffa94c1-8d87-11e8-9daf-6045cb817f5b.,/home/carld/.cache/kagglehub/datasets/linchundan/fundusimage1000/versions/4/1000images/0.2.Large optic cup/1ffa94c1-8d87-11e8-9daf-6045cb817f5b..JPG,0,-1,0,0,0,0,,-1,0.2.Large optic cup,/kaggle/temp/troubles/images/jsiec/3493ad70c947fde7.jpg,-1.8386924,1.3898743,-11.257547,-4.39839,-7.2632346,-4.335265
jsiec,jsiec-1ffa94c2-8d87-11e8-9daf-6045cb817f5b.,/home/carld/.cache/kagglehub/datasets/linchundan/fundusimage1000/versions/4/1000images/0.2.Large optic cup/1ffa94c2-8d87-11e8-9daf-6045cb817f5b..JPG,0,-1,0,0,0,0,,-1,0.2.Large optic cup,/kaggle/temp/troubles/images/jsiec/6c7b71fc3f0702ee.jpg,-1.5682318,1.3200711,-10.768813,-5.896986,-6.1570086,-9.675976
jsiec,jsiec-1ffa94c3-8d87-11e8-9daf-6045cb817f5b.,/home/carld/.cache/kagglehub/datasets/linchundan/fundusimage1000/versions/4/1000images/0.2.Large optic cup/1ffa94c3-8d87-11e8-9daf-6045cb817f5b..JPG,0,-1,0,0,0,0,,-1,0.2.Large optic cup,/kaggle/temp/troubles/images/jsiec/a96264e0338585ca.jpg,-2.484905,1.6610405,-8.289395,-5.9581943,-6.744387,-7.583989
jsiec,jsiec-1ffa94c4-8d87-11e8-9daf-6045cb817f5b.,/home/carld/.cache/kagglehub/datasets/linchundan/fundusimage1000/versions/4/1000images/0.2.Large optic cup/1ffa94c4-8d87-11e8-9daf-6045cb817f5b..JPG,0,-1,0,0,0,0,,-1,0.2.Large optic cup,/kaggle/temp/troubles/images/jsiec/5ad70bcd7d4b6756.jpg,-2.686647,1.2126696,-9.901812,-3.3683026,-5.852886,-9.28959
jsiec,jsiec-1ffa94c5-8d87-11e8-9daf-6045cb817f5b.,/home/carld/.cache/kagglehub/datasets/linchundan/fundusimage1000/versions/4/1000images/0.2.Large optic cup/1ffa94c5-8d87-11e8-9daf-6045cb817f5b..JPG,0,-1,0,0,0,0,,-1,0.2.Large optic cup,/kaggle/temp/troubles/images/jsiec/63cccc4e323c570d.jpg,-2.8541818,-0.7528183,-11.7943535,0.3019608,-7.1569195,-6.2402344
jsiec,jsiec-1ffa94c6-8d87-11e8-9daf-6045cb817f5b.,/home/carld/.cache/kagglehub/datasets/linchundan/fundusimage1000/versions/4/1000images/0.2.Large optic cup/1ffa94c6-8d87-11e8-9daf-6045cb817f5b..JPG,0,-1,0,0,0,0,,-1,0.2.Large optic cup,/kaggle/temp/troubles/images/jsiec/9c4764882907f03c.jpg,-1.7594926,0.19025294,-6.1323776,-6.505989,-5.6810093,-9.903674
jsiec,jsiec-1ffa94c7-8d87-11e8-9daf-6045cb817f5b.,/home/carld/.cache/kagglehub/datasets/linchundan/fundusimage1000/versions/4/1000images/0.2.Large optic cup/1ffa94c7-8d87-11e8-9daf-6045cb817f5b..JPG,0,-1,0,0,0,0,,-1,0.2.Large optic cup,/kaggle/temp/troubles/images/jsiec/ad465cc2fa66195a.jpg,-1.9809325,1.0825348,-6.7471766,-4.9069123,-5.2385387,-9.427668
jsiec,jsiec-1ffa94c8-8d87-11e8-9daf-6045cb817f5b.,/home/carld/.cache/kagglehub/datasets/linchundan/fundusimage1000/versions/4/1000images/0.2.Large optic cup/1ffa94c8-8d87-11e8-9daf-6045cb817f5b..JPG,0,-1,0,0,0,0,,-1,0.2.Large optic cup,/kaggle/temp/troubles/images/jsiec/ec0e6cb8dc9e534c.jpg,-2.1392372,1.1336138,-8.095633,-6.2790637,-6.318532,-9.462136
jsiec,jsiec-1ffa94c9-8d87-11e8-9daf-6045cb817f5b.,/home/carld/.cache/kagglehub/datasets/linchundan/fundusimage1000/versions/4/1000images/0.2.Large optic cup/1ffa94c9-8d87-11e8-9daf-6045cb817f5b..JPG,0,-1,0,0,0,0,,-1,0.2.Large optic cup,/kaggle/temp/troubles/images/jsiec/5fccac3e2735e4d4.jpg,-1.8581221,1.531174,-9.059914,-5.5430226,-4.859774,-9.472114
jsiec,jsiec-1ffa94ca-8d87-11e8-9daf-6045cb817f5b.,/home/carld/.cache/kagglehub/datasets/linchundan/fundusimage1000/versions/4/1000images/0.2.Large optic cup/1ffa94ca-8d87-11e8-9daf-6045cb817f5b..JPG,0,-1,0,0,0,0,,-1,0.2.Large optic cup,/kaggle/temp/troubles/images/jsiec/0da35967e1b00856.jpg,-2.2286944,0.47685182,-7.9386563,-3.8850937,-5.269321,-11.16389
jsiec,jsiec-1ffa94cb-8d87-11e8-9daf-6045cb817f5b.,/home/carld/.cache/kagglehub/datasets/linchundan/fundusimage1000/versions/4/1000images/0.2.Large optic cup/1ffa94cb-8d87-11e8-9daf-6045cb817f5b..JPG,0,-1,0,0,0,0,,-1,0.2.Large optic cup,/kaggle/temp/troubles/images/jsiec/1269fa26bde6f49d.jpg,-0.3445964,-1.801455,-11.863554,-2.7786613,-6.9761577,-4.177793
jsiec,jsiec-1ffa94cc-8d87-11e8-9daf-6045cb817f5b.,/home/carld/.cache/kagglehub/datasets/linchundan/fundusimage1000/versions/4/1000images/0.2.Large optic cup/1ffa94cc-8d87-11e8-9daf-6045cb817f5b..JPG,0,-1,0,0,0,0,,-1,0.2.Large optic cup,/kaggle/temp/troubles/images/jsiec/795a594ed36e7861.jpg,-2.27937,1.0982964,-4.7488356,-5.1291614,-5.795759,-8.468476
jsiec,jsiec-1ffa94cd-8d87-11e8-9daf-6045cb817f5b.,/home/carld/.cache/kagglehub/datasets/linchundan/fundusimage1000/versions/4/1000images/0.2.Large optic cup/1ffa94cd-8d87-11e8-9daf-6045cb817f5b..JPG,0,-1,0,0,0,0,,-1,0.2.Large optic cup,/kaggle/temp/troubles/images/jsiec/aa58d917a618452b.jpg,-2.2513044,2.4506142,-11.135219,-5.3088355,-4.652813,-7.592067
jsiec,jsiec-1ffa94ce-8d87-11e8-9daf-6045cb817f5b.,/home/carld/.cache/kagglehub/datasets/linchundan/fundusimage1000/versions/4/1000images/0.2.Large optic cup/1ffa94ce-8d87-11e8-9daf-6045cb817f5b..JPG,0,-1,0,0,0,0,,-1,0.2.Large optic cup,/kaggle/temp/troubles/images/jsiec/f93225f6c88e06a3.jpg,-1.9474025,1.4096876,-10.191678,-4.921503,-6.402199,-7.3828473
jsiec,jsiec-1ffa94cf-8d87-11e8-9daf-6045cb817f5b.,/home/carld/.cache/kagglehub/datasets/linchundan/fundusimage1000/versions/4/1000images/0.2.Large optic cup/1ffa94cf-8d87-11e8-9daf-6045cb817f5b..JPG,0,-1,0,0,0,0,,-1,0.2.Large optic cup,/kaggle/temp/troubles/images/jsiec/733f1d3e4fb58f7f.jpg,-1.1948843,1.5151259,-7.8661876,-5.9664054,-5.2571373,-9.050793
jsiec,jsiec-1ffa94d0-8d87-11e8-9daf-6045cb817f5b.,/home/carld/.cache/kagglehub/datasets/linchundan/fundusimage1000/versions/4/1000images/0.2.Large optic cup/1ffa94d0-8d87-11e8-9daf-6045cb817f5b..JPG,0,-1,0,0,0,0,,-1,0.2.Large optic cup,/kaggle/temp/troubles/images/jsiec/9a67443b39e5c268.jpg,-4.4948797,-0.62136406,-11.573991,-6.054021,-6.410968,-6.3626723
jsiec,jsiec-1ffa94d1-8d87-11e8-9daf-6045cb817f5b.,/home/carld/.cache/kagglehub/datasets/linchundan/fundusimage1000/versions/4/1000images/0.2.Large optic cup/1ffa94d1-8d87-11e8-9daf-6045cb817f5b..JPG,0,-1,0,0,0,0,,-1,0.2.Large optic cup,/kaggle/temp/troubles/images/jsiec/8020053a47eec82a.jpg,-2.1526616,-0.70245177,-9.67127,-3.270949,-6.1068187,-9.744953
jsiec,jsiec-1ffa95b1-8d87-11e8-9daf-6045cb817f5b.,/home/carld/.cache/kagglehub/datasets/linchundan/fundusimage1000/versions/4/1000images/0.3.DR1/1ffa95b1-8d87-11e8-9daf-6045cb817f5b..JPG,1,0,0,0,0,0,,-1,0.3.DR1,/kaggle/temp/troubles/images/jsiec/b1c9dfcae7efce81.jpg,-2.1756134,0.0791825,-7.738373,-5.203993,-4.5083046,-8.658648
jsiec,jsiec-1ffa95b8-8d87-11e8-9daf-6045cb817f5b.,/home/carld/.cache/kagglehub/datasets/linchundan/fundusimage1000/versions/4/1000images/0.3.DR1/1ffa95b8-8d87-11e8-9daf-6045cb817f5b..JPG,1,0,0,0,0,0,,-1,0.3.DR1,/kaggle/temp/troubles/images/jsiec/dfd3fb6246dbb7d6.jpg,-1.9876583,1.268553,-4.601051,-3.6260633,-2.6299427,-8.885351
jsiec,jsiec-1ffa95b9-8d87-11e8-9daf-6045cb817f5b.,/home/carld/.cache/kagglehub/datasets/linchundan/fundusimage1000/versions/4/1000images/0.3.DR1/1ffa95b9-8d87-11e8-9daf-6045cb817f5b..JPG,1,0,0,0,0,0,,-1,0.3.DR1,/kaggle/temp/troubles/images/jsiec/26ba0e4f59bf397a.jpg,-1.2916267,-0.94011915,-9.989496,-6.666514,-10.49526,-12.210725
jsiec,jsiec-1ffa95bb-8d87-11e8-9daf-6045cb817f5b.,/home/carld/.cache/kagglehub/datasets/linchundan/fundusimage1000/versions/4/1000images/0.3.DR1/1ffa95bb-8d87-11e8-9daf-6045cb817f5b..JPG,1,0,0,0,0,0,,-1,0.3.DR1,/kaggle/temp/troubles/images/jsiec/0ef8259c22d7b78c.jpg,-0.58914095,-2.9605374,-5.721543,-6.410317,-9.327702,-8.735752
jsiec,jsiec-1ffa95c1-8d87-11e8-9daf-6045cb817f5b.,/home/carld/.cache/kagglehub/datasets/linchundan/fundusimage1000/versions/4/1000images/0.3.DR1/1ffa95c1-8d87-11e8-9daf-6045cb817f5b..JPG,1,0,0,0,0,0,,-1,0.3.DR1,/kaggle/temp/troubles/images/jsiec/02bd92da8bcd367f.jpg,0.16770345,-1.0552768,-7.635999,-5.643949,-6.031511,-9.485042
jsiec,jsiec-1ffa95c2-8d87-11e8-9daf-6045cb817f5b.,/home/carld/.cache/kagglehub/datasets/linchundan/fundusimage1000/versions/4/1000images/0.3.DR1/1ffa95c2-8d87-11e8-9daf-6045cb817f5b..JPG,1,0,0,0,0,0,,-1,0.3.DR1,/kaggle/temp/troubles/images/jsiec/263239684ee8d071.jpg,-0.8701171,-0.3780737,-8.67565,-4.966619,-4.35308,-10.83096
jsiec,jsiec-1ffa95c3-8d87-11e8-9daf-6045cb817f5b.,/home/carld/.cache/kagglehub/datasets/linchundan/fundusimage1000/versions/4/1000images/0.3.DR1/1ffa95c3-8d87-11e8-9daf-6045cb817f5b..JPG,1,0,0,0,0,0,,-1,0.3.DR1,/kaggle/temp/troubles/images/jsiec/f141d1729b379689.jpg,-1.1455679,-3.3500652,-3.3014994,-5.031299,-5.1215854,-9.090128
jsiec,jsiec-1ffa95c5-8d87-11e8-9daf-6045cb817f5b.,/home/carld/.cache/kagglehub/datasets/linchundan/fundusimage1000/versions/4/1000images/0.3.DR1/1ffa95c5-8d87-11e8-9daf-6045cb817f5b..JPG,1,0,0,0,0,0,,-1,0.3.DR1,/kaggle/temp/troubles/images/jsiec/86220b68c5382f25.jpg,0.70376533,-2.372323,-5.579345,-5.201208,-6.378511,-10.84478
jsiec,jsiec-1ffa95c6-8d87-11e8-9daf-6045cb817f5b.,/home/carld/.cache/kagglehub/datasets/linchundan/fundusimage1000/versions/4/1000images/0.3.DR1/1ffa95c6-8d87-11e8-9daf-6045cb817f5b..JPG,1,0,0,0,0,0,,-1,0.3.DR1,/kaggle/temp/troubles/images/jsiec/b8c955021076c79e.jpg,-0.70781654,-0.95577586,-8.2955265,-8.381463,-6.6079197,-11.623463
jsiec,jsiec-1ffa95c7-8d87-11e8-9daf-6045cb817f5b.,/home/carld/.cache/kagglehub/datasets/linchundan/fundusimage1000/versions/4/1000images/0.3.DR1/1ffa95c7-8d87-11e8-9daf-6045cb817f5b..JPG,1,0,0,0,0,0,,-1,0.3.DR1,/kaggle/temp/troubles/images/jsiec/01a8adf616e20023.jpg,-0.48670346,-3.6590621,-6.1723504,-4.9395757,-2.931043,-12.631536
jsiec,jsiec-1ffa95c9-8d87-11e8-9daf-6045cb817f5b.,/home/carld/.cache/kagglehub/datasets/linchundan/fundusimage1000/versions/4/1000images/0.3.DR1/1ffa95c9-8d87-11e8-9daf-6045cb817f5b..JPG,1,0,0,0,0,0,,-1,0.3.DR1,/kaggle/temp/troubles/images/jsiec/17a17190b16b94de.jpg,-3.1300814,-1.447611,-6.061623,-5.310805,-7.813835,-13.132264
jsiec,jsiec-1ffa95ca-8d87-11e8-9daf-6045cb817f5b.,/home/carld/.cache/kagglehub/datasets/linchundan/fundusimage1000/versions/4/1000images/0.3.DR1/1ffa95ca-8d87-11e8-9daf-6045cb817f5b..JPG,1,0,0,0,0,0,,-1,0.3.DR1,/kaggle/temp/troubles/images/jsiec/a2b972f0fea030e1.jpg,0.9692444,-3.4139602,-7.101322,-4.3293967,-7.760035,-10.949519
jsiec,jsiec-1ffa95d0-8d87-11e8-9daf-6045cb817f5b.,/home/carld/.cache/kagglehub/datasets/linchundan/fundusimage1000/versions/4/1000images/0.3.DR1/1ffa95d0-8d87-11e8-9daf-6045cb817f5b..JPG,1,0,0,0,0,0,,-1,0.3.DR1,/kaggle/temp/troubles/images/jsiec/89c8608b53197918.jpg,0.9692444,-3.4139602,-7.101322,-4.3293967,-7.760035,-10.949519
jsiec,jsiec-1ffa95d1-8d87-11e8-9daf-6045cb817f5b.,/home/carld/.cache/kagglehub/datasets/linchundan/fundusimage1000/versions/4/1000images/0.3.DR1/1ffa95d1-8d87-11e8-9daf-6045cb817f5b..JPG,1,0,0,0,0,0,,-1,0.3.DR1,/kaggle/temp/troubles/images/jsiec/ce54734dc4bc5f0d.jpg,0.5319162,-3.118767,-5.9518538,-1.7880383,-7.086569,-9.168694
jsiec,jsiec-1ffa95d4-8d87-11e8-9daf-6045cb817f5b.,/home/carld/.cache/kagglehub/datasets/linchundan/fundusimage1000/versions/4/1000images/0.3.DR1/1ffa95d4-8d87-11e8-9daf-6045cb817f5b..JPG,1,0,0,0,0,0,,-1,0.3.DR1,/kaggle/temp/troubles/images/jsiec/496ab970e5909ee6.jpg,-0.7035867,-4.9555845,-7.628163,-8.117904,-8.110817,-10.159737
jsiec,jsiec-1ffa95d7-8d87-11e8-9daf-6045cb817f5b.,/home/carld/.cache/kagglehub/datasets/linchundan/fundusimage1000/versions/4/1000images/0.3.DR1/1ffa95d7-8d87-11e8-9daf-6045cb817f5b..JPG,1,0,0,0,0,0,,-1,0.3.DR1,/kaggle/temp/troubles/images/jsiec/fbc4d778f3aab9a7.jpg,1.3087001,-4.7442846,-8.498894,-6.4027777,-6.3878365,-9.399344
jsiec,jsiec-1ffa95d8-8d87-11e8-9daf-6045cb817f5b.,/home/carld/.cache/kagglehub/datasets/linchundan/fundusimage1000/versions/4/1000images/0.3.DR1/1ffa95d8-8d87-11e8-9daf-6045cb817f5b..JPG,1,0,0,0,0,0,,-1,0.3.DR1,/kaggle/temp/troubles/images/jsiec/9bc4458455327f81.jpg,-0.22647758,-2.7109861,-5.401735,-5.0312667,-5.854233,-10.806233
jsiec,jsiec-1ffa95da-8d87-11e8-9daf-6045cb817f5b.,/home/carld/.cache/kagglehub/datasets/linchundan/fundusimage1000/versions/4/1000images/0.3.DR1/1ffa95da-8d87-11e8-9daf-6045cb817f5b..JPG,1,0,0,0,0,0,,-1,0.3.DR1,/kaggle/temp/troubles/images/jsiec/e69471c6e845254f.jpg,-0.58914095,-2.9605374,-5.721543,-6.410317,-9.327702,-8.735752
jsiec,jsiec-1ffa93b1-8d87-11e8-9daf-6045cb817f5b.,/home/carld/.cache/kagglehub/datasets/linchundan/fundusimage1000/versions/4/1000images/1.0.DR2/1ffa93b1-8d87-11e8-9daf-6045cb817f5b..JPG,1,0,0,0,0,0,,-1,1.0.DR2,/kaggle/temp/troubles/images/jsiec/16b06a61b9543bff.jpg,10.153701,-3.8604317,-11.944792,-4.846861,-8.123726,-7.1601386
jsiec,jsiec-1ffa93b2-8d87-11e8-9daf-6045cb817f5b.,/home/carld/.cache/kagglehub/datasets/linchundan/fundusimage1000/versions/4/1000images/1.0.DR2/1ffa93b2-8d87-11e8-9daf-6045cb817f5b..JPG,1,0,0,0,0,0,,-1,1.0.DR2,/kaggle/temp/troubles/images/jsiec/17821004b1f7ac6f.jpg,6.058303,-2.2856505,-8.795993,-5.5158625,-1.991606,-8.480134
jsiec,jsiec-1ffa93b4-8d87-11e8-9daf-6045cb817f5b.,/home/carld/.cache/kagglehub/datasets/linchundan/fundusimage1000/versions/4/1000images/1.0.DR2/1ffa93b4-8d87-11e8-9daf-6045cb817f5b..JPG,1,0,0,0,0,0,,-1,1.0.DR2,/kaggle/temp/troubles/images/jsiec/028b392e5e508fc1.jpg,10.039751,-1.4986221,-7.7701764,-7.174043,-8.870772,-8.198703
jsiec,jsiec-1ffa93b6-8d87-11e8-9daf-6045cb817f5b.,/home/carld/.cache/kagglehub/datasets/linchundan/fundusimage1000/versions/4/1000images/1.0.DR2/1ffa93b6-8d87-11e8-9daf-6045cb817f5b..JPG,1,0,0,0,0,0,,-1,1.0.DR2,/kaggle/temp/troubles/images/jsiec/153c4da8bd3d1592.jpg,10.830695,-2.0626493,-14.06845,-7.8310285,-7.427816,-10.798502
jsiec,jsiec-1ffa93b8-8d87-11e8-9daf-6045cb817f5b.,/home/carld/.cache/kagglehub/datasets/linchundan/fundusimage1000/versions/4/1000images/1.0.DR2/1ffa93b8-8d87-11e8-9daf-6045cb817f5b..JPG,1,0,0,0,0,0,,-1,1.0.DR2,/kaggle/temp/troubles/images/jsiec/f64051fedd16062a.jpg,3.976846,-4.195191,-4.8020425,-3.1082585,-6.124709,-9.399687
jsiec,jsiec-1ffa93b9-8d87-11e8-9daf-6045cb817f5b.,/home/carld/.cache/kagglehub/datasets/linchundan/fundusimage1000/versions/4/1000images/1.0.DR2/1ffa93b9-8d87-11e8-9daf-6045cb817f5b..JPG,1,0,0,0,0,0,,-1,1.0.DR2,/kaggle/temp/troubles/images/jsiec/633612a8388c4486.jpg,13.201442,-5.390703,-13.19703,-10.084818,-6.1518397,-11.989062
jsiec,jsiec-1ffa93ba-8d87-11e8-9daf-6045cb817f5b.,/home/carld/.cache/kagglehub/datasets/linchundan/fundusimage1000/versions/4/1000images/1.0.DR2/1ffa93ba-8d87-11e8-9daf-6045cb817f5b..JPG,1,0,0,0,0,0,,-1,1.0.DR2,/kaggle/temp/troubles/images/jsiec/195f963af9d5c64a.jpg,13.201442,-5.390703,-13.19703,-10.084818,-6.1518397,-11.989062
jsiec,jsiec-1ffa93bc-8d87-11e8-9daf-6045cb817f5b.,/home/carld/.cache/kagglehub/datasets/linchundan/fundusimage1000/versions/4/1000images/1.0.DR2/1ffa93bc-8d87-11e8-9daf-6045cb817f5b..JPG,1,0,0,0,0,0,,-1,1.0.DR2,/kaggle/temp/troubles/images/jsiec/ed0c65f0cc9825e5.jpg,3.7737541,-2.2970667,-9.550629,-2.1216276,-6.191637,-2.5669007
jsiec,jsiec-1ffa93bd-8d87-11e8-9daf-6045cb817f5b.,/home/carld/.cache/kagglehub/datasets/linchundan/fundusimage1000/versions/4/1000images/1.0.DR2/1ffa93bd-8d87-11e8-9daf-6045cb817f5b..JPG,1,0,0,0,0,0,,-1,1.0.DR2,/kaggle/temp/troubles/images/jsiec/0d35a6031e41a61a.jpg,6.266858,-3.3610992,-7.9357877,-8.011834,-5.00972,-10.8766365
jsiec,jsiec-1ffa93be-8d87-11e8-9daf-6045cb817f5b.,/home/carld/.cache/kagglehub/datasets/linchundan/fundusimage1000/versions/4/1000images/1.0.DR2/1ffa93be-8d87-11e8-9daf-6045cb817f5b..JPG,1,0,0,0,0,0,,-1,1.0.DR2,/kaggle/temp/troubles/images/jsiec/8b9f52059a55be2b.jpg,9.081959,-3.421332,-7.3996406,-5.385219,-7.18574,-9.678352
jsiec,jsiec-1ffa93c0-8d87-11e8-9daf-6045cb817f5b.,/home/carld/.cache/kagglehub/datasets/linchundan/fundusimage1000/versions/4/1000images/1.0.DR2/1ffa93c0-8d87-11e8-9daf-6045cb817f5b..JPG,1,0,0,0,0,0,,-1,1.0.DR2,/kaggle/temp/troubles/images/jsiec/8cdc7ad3d966fa32.jpg,9.18142,-1.3897445,-15.609335,-6.651058,-7.127567,-12.687485
jsiec,jsiec-1ffa93c1-8d87-11e8-9daf-6045cb817f5b.,/home/carld/.cache/kagglehub/datasets/linchundan/fundusimage1000/versions/4/1000images/1.0.DR2/1ffa93c1-8d87-11e8-9daf-6045cb817f5b..JPG,1,0,0,0,0,0,,-1,1.0.DR2,/kaggle/temp/troubles/images/jsiec/14001a90f732fdd4.jpg,15.102051,-4.060744,-11.430194,-10.430599,-3.2940478,-13.103325
jsiec,jsiec-1ffa93c2-8d87-11e8-9daf-6045cb817f5b.,/home/carld/.cache/kagglehub/datasets/linchundan/fundusimage1000/versions/4/1000images/1.0.DR2/1ffa93c2-8d87-11e8-9daf-6045cb817f5b..JPG,1,0,0,0,0,0,,-1,1.0.DR2,/kaggle/temp/troubles/images/jsiec/cbf4b3c7a937d72b.jpg,9.101058,-0.10657366,-8.545201,-6.705998,-6.590952,-7.228076
jsiec,jsiec-1ffa93c3-8d87-11e8-9daf-6045cb817f5b.,/home/carld/.cache/kagglehub/datasets/linchundan/fundusimage1000/versions/4/1000images/1.0.DR2/1ffa93c3-8d87-11e8-9daf-6045cb817f5b..JPG,1,0,0,0,0,0,,-1,1.0.DR2,/kaggle/temp/troubles/images/jsiec/1eeaa2128c7c7345.jpg,9.743576,-3.0357223,-10.538748,-6.9752655,-10.124441,-7.818214
jsiec,jsiec-1ffa93c4-8d87-11e8-9daf-6045cb817f5b.,/home/carld/.cache/kagglehub/datasets/linchundan/fundusimage1000/versions/4/1000images/1.0.DR2/1ffa93c4-8d87-11e8-9daf-6045cb817f5b..JPG,1,0,0,0,0,0,,-1,1.0.DR2,/kaggle/temp/troubles/images/jsiec/a532a89d2f2a4bfd.jpg,10.355516,-1.8406042,-11.224422,-6.4804373,-2.2303023,-10.029441
jsiec,jsiec-1ffa93c5-8d87-11e8-9daf-6045cb817f5b.,/home/carld/.cache/kagglehub/datasets/linchundan/fundusimage1000/versions/4/1000images/1.0.DR2/1ffa93c5-8d87-11e8-9daf-6045cb817f5b..JPG,1,0,0,0,0,0,,-1,1.0.DR2,/kaggle/temp/troubles/images/jsiec/8cb4bbe4285e239b.jpg,6.4382014,-2.0660646,-7.8273683,-4.6507998,-6.3817334,-6.311335
jsiec,jsiec-1ffa93c6-8d87-11e8-9daf-6045cb817f5b.,/home/carld/.cache/kagglehub/datasets/linchundan/fundusimage1000/versions/4/1000images/1.0.DR2/1ffa93c6-8d87-11e8-9daf-6045cb817f5b..JPG,1,0,0,0,0,0,,-1,1.0.DR2,/kaggle/temp/troubles/images/jsiec/2b7924ffa82a8dcd.jpg,14.024696,-2.218233,-10.544395,-8.186371,-8.887313,-9.3961115
jsiec,jsiec-1ffa93c7-8d87-11e8-9daf-6045cb817f5b.,/home/carld/.cache/kagglehub/datasets/linchundan/fundusimage1000/versions/4/1000images/1.0.DR2/1ffa93c7-8d87-11e8-9daf-6045cb817f5b..JPG,1,0,0,0,0,0,,-1,1.0.DR2,/kaggle/temp/troubles/images/jsiec/fca10facc0dfbf24.jpg,8.0585165,-1.009664,-11.309825,-2.9159992,-8.356402,-0.35971016
jsiec,jsiec-1ffa93c8-8d87-11e8-9daf-6045cb817f5b.,/home/carld/.cache/kagglehub/datasets/linchundan/fundusimage1000/versions/4/1000images/1.0.DR2/1ffa93c8-8d87-11e8-9daf-6045cb817f5b..JPG,1,0,0,0,0,0,,-1,1.0.DR2,/kaggle/temp/troubles/images/jsiec/99f8afbba553d442.jpg,4.3940077,3.0810187,-5.423572,-5.1655297,-1.0166816,-6.4611397
jsiec,jsiec-1ffa93ca-8d87-11e8-9daf-6045cb817f5b.,/home/carld/.cache/kagglehub/datasets/linchundan/fundusimage1000/versions/4/1000images/1.0.DR2/1ffa93ca-8d87-11e8-9daf-6045cb817f5b..JPG,1,0,0,0,0,0,,-1,1.0.DR2,/kaggle/temp/troubles/images/jsiec/f2e76a8938f964ee.jpg,14.233673,-5.2321367,-12.129048,-12.86563,-4.8498983,-11.776672
jsiec,jsiec-1ffa93cb-8d87-11e8-9daf-6045cb817f5b.,/home/carld/.cache/kagglehub/datasets/linchundan/fundusimage1000/versions/4/1000images/1.0.DR2/1ffa93cb-8d87-11e8-9daf-6045cb817f5b..JPG,1,0,0,0,0,0,,-1,1.0.DR2,/kaggle/temp/troubles/images/jsiec/2af6eb3241041a0f.jpg,13.731878,-1.2567334,-14.446608,-8.085378,-7.5993423,-10.20243
jsiec,jsiec-1ffa93cc-8d87-11e8-9daf-6045cb817f5b.,/home/carld/.cache/kagglehub/datasets/linchundan/fundusimage1000/versions/4/1000images/1.0.DR2/1ffa93cc-8d87-11e8-9daf-6045cb817f5b..JPG,1,0,0,0,0,0,,-1,1.0.DR2,/kaggle/temp/troubles/images/jsiec/800ffa3a02cf18a7.jpg,8.696338,-0.24253534,-9.837903,-5.832827,-6.2517476,-5.717761
jsiec,jsiec-1ffa93cd-8d87-11e8-9daf-6045cb817f5b.,/home/carld/.cache/kagglehub/datasets/linchundan/fundusimage1000/versions/4/1000images/1.0.DR2/1ffa93cd-8d87-11e8-9daf-6045cb817f5b..JPG,1,0,0,0,0,0,,-1,1.0.DR2,/kaggle/temp/troubles/images/jsiec/6d5a6957b7d76f41.jpg,9.25759,-0.9470102,-12.357714,-5.575256,-6.236973,-7.4090075
jsiec,jsiec-1ffa93ce-8d87-11e8-9daf-6045cb817f5b.,/home/carld/.cache/kagglehub/datasets/linchundan/fundusimage1000/versions/4/1000images/1.0.DR2/1ffa93ce-8d87-11e8-9daf-6045cb817f5b..JPG,1,0,0,0,0,0,,-1,1.0.DR2,/kaggle/temp/troubles/images/jsiec/9d9ecf642ad2e0bf.jpg,8.896334,-4.374612,-10.603053,-10.759137,-8.279572,-12.3949175
jsiec,jsiec-1ffa93cf-8d87-11e8-9daf-6045cb817f5b.,/home/carld/.cache/kagglehub/datasets/linchundan/fundusimage1000/versions/4/1000images/1.0.DR2/1ffa93cf-8d87-11e8-9daf-6045cb817f5b..JPG,1,0,0,0,0,0,,-1,1.0.DR2,/kaggle/temp/troubles/images/jsiec/ac393382e21adb7b.jpg,9.071869,-1.3605294,-7.523322,-5.452068,-4.9055567,-8.977132
jsiec,jsiec-1ffa93d0-8d87-11e8-9daf-6045cb817f5b.,/home/carld/.cache/kagglehub/datasets/linchundan/fundusimage1000/versions/4/1000images/1.0.DR2/1ffa93d0-8d87-11e8-9daf-6045cb817f5b..JPG,1,0,0,0,0,0,,-1,1.0.DR2,/kaggle/temp/troubles/images/jsiec/060e8506f0adb28e.jpg,12.809944,-2.097682,-10.90628,-7.256871,-10.391964,-10.635915
jsiec,jsiec-1ffa93d1-8d87-11e8-9daf-6045cb817f5b.,/home/carld/.cache/kagglehub/datasets/linchundan/fundusimage1000/versions/4/1000images/1.0.DR2/1ffa93d1-8d87-11e8-9daf-6045cb817f5b..JPG,1,0,0,0,0,0,,-1,1.0.DR2,/kaggle/temp/troubles/images/jsiec/8d2bd86f2ec93398.jpg,3.1588104,-2.7801592,-6.9283223,-5.0941024,-2.532896,-9.45607
jsiec,jsiec-1ffa93d2-8d87-11e8-9daf-6045cb817f5b.,/home/carld/.cache/kagglehub/datasets/linchundan/fundusimage1000/versions/4/1000images/1.0.DR2/1ffa93d2-8d87-11e8-9daf-6045cb817f5b..JPG,1,0,0,0,0,0,,-1,1.0.DR2,/kaggle/temp/troubles/images/jsiec/2ee3396cbe18a858.jpg,11.595406,-0.50741875,-9.405909,-7.160295,-8.311825,-9.8282585
jsiec,jsiec-1ffa93d4-8d87-11e8-9daf-6045cb817f5b.,/home/carld/.cache/kagglehub/datasets/linchundan/fundusimage1000/versions/4/1000images/1.0.DR2/1ffa93d4-8d87-11e8-9daf-6045cb817f5b..JPG,1,0,0,0,0,0,,-1,1.0.DR2,/kaggle/temp/troubles/images/jsiec/279174cd38254b20.jpg,10.601914,-2.2314005,-8.446669,-7.7638383,-4.9982905,-8.095421
jsiec,jsiec-1ffa93d6-8d87-11e8-9daf-6045cb817f5b.,/home/carld/.cache/kagglehub/datasets/linchundan/fundusimage1000/versions/4/1000images/1.0.DR2/1ffa93d6-8d87-11e8-9daf-6045cb817f5b..JPG,1,0,0,0,0,0,,-1,1.0.DR2,/kaggle/temp/troubles/images/jsiec/4731bfbacc39aab7.jpg,10.014648,-1.8739319,-14.257623,-6.9667315,-4.1540728,-8.5244875
jsiec,jsiec-1ffa93d7-8d87-11e8-9daf-6045cb817f5b.,/home/carld/.cache/kagglehub/datasets/linchundan/fundusimage1000/versions/4/1000images/1.0.DR2/1ffa93d7-8d87-11e8-9daf-6045cb817f5b..JPG,1,0,0,0,0,0,,-1,1.0.DR2,/kaggle/temp/troubles/images/jsiec/7e95d1067506bb3c.jpg,7.163978,0.7968529,-5.1768765,-7.501436,-5.9975443,-7.011041
jsiec,jsiec-1ffa93d8-8d87-11e8-9daf-6045cb817f5b.,/home/carld/.cache/kagglehub/datasets/linchundan/fundusimage1000/versions/4/1000images/1.0.DR2/1ffa93d8-8d87-11e8-9daf-6045cb817f5b..JPG,1,0,0,0,0,0,,-1,1.0.DR2,/kaggle/temp/troubles/images/jsiec/d17c7d258ed6cfda.jpg,-1.9100413,-0.8565126,-6.9367046,-2.2770798,-4.0138793,-4.9637427
jsiec,jsiec-1ffa93d9-8d87-11e8-9daf-6045cb817f5b.,/home/carld/.cache/kagglehub/datasets/linchundan/fundusimage1000/versions/4/1000images/1.0.DR2/1ffa93d9-8d87-11e8-9daf-6045cb817f5b..JPG,1,0,0,0,0,0,,-1,1.0.DR2,/kaggle/temp/troubles/images/jsiec/fd441d1e2f06cabb.jpg,7.2469788,-0.6027531,-9.501492,-5.910664,-7.0590425,-7.1598616
jsiec,jsiec-1ffa93da-8d87-11e8-9daf-6045cb817f5b.,/home/carld/.cache/kagglehub/datasets/linchundan/fundusimage1000/versions/4/1000images/1.0.DR2/1ffa93da-8d87-11e8-9daf-6045cb817f5b..JPG,1,0,0,0,0,0,,-1,1.0.DR2,/kaggle/temp/troubles/images/jsiec/05e74db9d58184b9.jpg,8.50886,-2.3620234,-8.255831,-7.805897,-2.1306913,-9.819064
jsiec,jsiec-1ffa93db-8d87-11e8-9daf-6045cb817f5b.,/home/carld/.cache/kagglehub/datasets/linchundan/fundusimage1000/versions/4/1000images/1.0.DR2/1ffa93db-8d87-11e8-9daf-6045cb817f5b..JPG,1,0,0,0,0,0,,-1,1.0.DR2,/kaggle/temp/troubles/images/jsiec/38e32fe1d8eb3b12.jpg,8.580053,-1.143199,-6.1066203,-8.4844055,-6.3891234,-7.4227047
jsiec,jsiec-1ffa93dc-8d87-11e8-9daf-6045cb817f5b.,/home/carld/.cache/kagglehub/datasets/linchundan/fundusimage1000/versions/4/1000images/1.0.DR2/1ffa93dc-8d87-11e8-9daf-6045cb817f5b..JPG,1,0,0,0,0,0,,-1,1.0.DR2,/kaggle/temp/troubles/images/jsiec/d93b06aff56124c1.jpg,11.729934,-2.0143828,-10.291746,-7.323961,-6.5189595,-12.622551
jsiec,jsiec-1ffa93dd-8d87-11e8-9daf-6045cb817f5b.,/home/carld/.cache/kagglehub/datasets/linchundan/fundusimage1000/versions/4/1000images/1.0.DR2/1ffa93dd-8d87-11e8-9daf-6045cb817f5b..JPG,1,0,0,0,0,0,,-1,1.0.DR2,/kaggle/temp/troubles/images/jsiec/c17bbf6dbae454a6.jpg,6.1750793,-3.0010533,-9.571772,-4.5328875,-6.0960026,-11.891057
jsiec,jsiec-1ffa93de-8d87-11e8-9daf-6045cb817f5b.,/home/carld/.cache/kagglehub/datasets/linchundan/fundusimage1000/versions/4/1000images/1.0.DR2/1ffa93de-8d87-11e8-9daf-6045cb817f5b..JPG,1,0,0,0,0,0,,-1,1.0.DR2,/kaggle/temp/troubles/images/jsiec/792dad0e19b5c00d.jpg,10.0557785,-3.1070306,-8.031607,-6.790213,-5.5398073,-8.629566
jsiec,jsiec-1ffa93df-8d87-11e8-9daf-6045cb817f5b.,/home/carld/.cache/kagglehub/datasets/linchundan/fundusimage1000/versions/4/1000images/1.0.DR2/1ffa93df-8d87-11e8-9daf-6045cb817f5b..JPG,1,0,0,0,0,0,,-1,1.0.DR2,/kaggle/temp/troubles/images/jsiec/2ce1579f4b419855.jpg,8.302057,-0.97980255,-11.1693535,-6.9435983,-3.187041,-9.252787
jsiec,jsiec-1ffa93e0-8d87-11e8-9daf-6045cb817f5b.,/home/carld/.cache/kagglehub/datasets/linchundan/fundusimage1000/versions/4/1000images/1.0.DR2/1ffa93e0-8d87-11e8-9daf-6045cb817f5b..JPG,1,0,0,0,0,0,,-1,1.0.DR2,/kaggle/temp/troubles/images/jsiec/e6eab96ac940a252.jpg,11.473667,-0.3342971,-10.87081,-7.853025,-8.101346,-9.136626
jsiec,jsiec-1ffa93e1-8d87-11e8-9daf-6045cb817f5b.,/home/carld/.cache/kagglehub/datasets/linchundan/fundusimage1000/versions/4/1000images/1.0.DR2/1ffa93e1-8d87-11e8-9daf-6045cb817f5b..JPG,1,0,0,0,0,0,,-1,1.0.DR2,/kaggle/temp/troubles/images/jsiec/f5ad0bb9b3a3e120.jpg,2.14164,0.22086146,-6.623689,-6.823952,-3.8367302,-9.932089
jsiec,jsiec-1ffa93e2-8d87-11e8-9daf-6045cb817f5b.,/home/carld/.cache/kagglehub/datasets/linchundan/fundusimage1000/versions/4/1000images/1.0.DR2/1ffa93e2-8d87-11e8-9daf-6045cb817f5b..JPG,1,0,0,0,0,0,,-1,1.0.DR2,/kaggle/temp/troubles/images/jsiec/fab8ab3fdd36e7b7.jpg,7.992006,-2.9557896,-8.827183,-7.4097967,-3.611669,-14.506529
jsiec,jsiec-1ffa93e3-8d87-11e8-9daf-6045cb817f5b.,/home/carld/.cache/kagglehub/datasets/linchundan/fundusimage1000/versions/4/1000images/1.0.DR2/1ffa93e3-8d87-11e8-9daf-6045cb817f5b..JPG,1,0,0,0,0,0,,-1,1.0.DR2,/kaggle/temp/troubles/images/jsiec/c44cbc7c6ae22461.jpg,10.524774,-0.15846466,-8.403787,-8.222026,-5.662511,-10.688133
jsiec,jsiec-1ffa93e5-8d87-11e8-9daf-6045cb817f5b.,/home/carld/.cache/kagglehub/datasets/linchundan/fundusimage1000/versions/4/1000images/1.0.DR2/1ffa93e5-8d87-11e8-9daf-6045cb817f5b..JPG,1,0,0,0,0,0,,-1,1.0.DR2,/kaggle/temp/troubles/images/jsiec/78beab5e93e97524.jpg,6.6610084,1.2659582,-10.793669,-5.587507,-3.164196,-7.115166
jsiec,jsiec-1ffa93e6-8d87-11e8-9daf-6045cb817f5b.,/home/carld/.cache/kagglehub/datasets/linchundan/fundusimage1000/versions/4/1000images/1.0.DR2/1ffa93e6-8d87-11e8-9daf-6045cb817f5b..JPG,1,0,0,0,0,0,,-1,1.0.DR2,/kaggle/temp/troubles/images/jsiec/20bc06751b538e33.jpg,7.7003055,-1.8275602,-12.7377405,-7.3655796,-6.126761,-9.594164
jsiec,jsiec-1ffa93e7-8d87-11e8-9daf-6045cb817f5b.,/home/carld/.cache/kagglehub/datasets/linchundan/fundusimage1000/versions/4/1000images/1.0.DR2/1ffa93e7-8d87-11e8-9daf-6045cb817f5b..JPG,1,0,0,0,0,0,,-1,1.0.DR2,/kaggle/temp/troubles/images/jsiec/e2857f56bdd50896.jpg,9.244605,-1.40305,-10.260201,-6.1907487,-5.8385615,-4.532015
jsiec,jsiec-1ffa93e8-8d87-11e8-9daf-6045cb817f5b.,/home/carld/.cache/kagglehub/datasets/linchundan/fundusimage1000/versions/4/1000images/1.0.DR2/1ffa93e8-8d87-11e8-9daf-6045cb817f5b..JPG,1,0,0,0,0,0,,-1,1.0.DR2,/kaggle/temp/troubles/images/jsiec/27ea808a8731598e.jpg,2.8341534,-2.6141372,-2.8309166,-4.0908217,-5.999303,-10.825099
jsiec,jsiec-1ffa93e9-8d87-11e8-9daf-6045cb817f5b.,/home/carld/.cache/kagglehub/datasets/linchundan/fundusimage1000/versions/4/1000images/1.0.DR2/1ffa93e9-8d87-11e8-9daf-6045cb817f5b..JPG,1,0,0,0,0,0,,-1,1.0.DR2,/kaggle/temp/troubles/images/jsiec/11b766872abbd4f1.jpg,11.775134,-3.639134,-6.153381,-8.369406,-7.484562,-10.956559
jsiec,jsiec-1ffa93eb-8d87-11e8-9daf-6045cb817f5b.,/home/carld/.cache/kagglehub/datasets/linchundan/fundusimage1000/versions/4/1000images/1.0.DR2/1ffa93eb-8d87-11e8-9daf-6045cb817f5b..JPG,1,0,0,0,0,0,,-1,1.0.DR2,/kaggle/temp/troubles/images/jsiec/7509a7727820b404.jpg,0.1528166,-0.823822,-7.804297,-3.3788657,-1.4645785,-10.172272
jsiec,jsiec-1ffa92e3-8d87-11e8-9daf-6045cb817f5b.,/home/carld/.cache/kagglehub/datasets/linchundan/fundusimage1000/versions/4/1000images/1.1.DR3/1ffa92e3-8d87-11e8-9daf-6045cb817f5b..JPG,1,0,0,0,0,0,,-1,1.1.DR3,/kaggle/temp/troubles/images/jsiec/58a228ffcae1da3f.jpg,5.177521,-2.2795744,-10.555909,-2.9301739,-4.016567,-2.9873855
jsiec,jsiec-1ffa92e4-8d87-11e8-9daf-6045cb817f5b.,/home/carld/.cache/kagglehub/datasets/linchundan/fundusimage1000/versions/4/1000images/1.1.DR3/1ffa92e4-8d87-11e8-9daf-6045cb817f5b..JPG,1,0,0,0,0,0,,-1,1.1.DR3,/kaggle/temp/troubles/images/jsiec/5f853e0249935fc3.jpg,11.944993,-4.9996605,-9.530829,-8.01691,-5.934587,-11.629709
jsiec,jsiec-1ffa92e5-8d87-11e8-9daf-6045cb817f5b.,/home/carld/.cache/kagglehub/datasets/linchundan/fundusimage1000/versions/4/1000images/1.1.DR3/1ffa92e5-8d87-11e8-9daf-6045cb817f5b..JPG,1,0,0,0,0,0,,-1,1.1.DR3,/kaggle/temp/troubles/images/jsiec/eb85443cb9ea40e9.jpg,6.2503757,-1.1011004,-9.203678,-6.3401084,-3.3928432,-6.139141
jsiec,jsiec-1ffa92e6-8d87-11e8-9daf-6045cb817f5b.,/home/carld/.cache/kagglehub/datasets/linchundan/fundusimage1000/versions/4/1000images/1.1.DR3/1ffa92e6-8d87-11e8-9daf-6045cb817f5b..JPG,1,0,0,0,0,0,,-1,1.1.DR3,/kaggle/temp/troubles/images/jsiec/0072c6f25a71cbe3.jpg,5.442306,-1.5117668,-4.9677744,-3.1545234,-3.4495158,-2.8234682
jsiec,jsiec-1ffa92e7-8d87-11e8-9daf-6045cb817f5b.,/home/carld/.cache/kagglehub/datasets/linchundan/fundusimage1000/versions/4/1000images/1.1.DR3/1ffa92e7-8d87-11e8-9daf-6045cb817f5b..JPG,1,0,0,0,0,0,,-1,1.1.DR3,/kaggle/temp/troubles/images/jsiec/779de57a16ff4386.jpg,6.3707013,-3.2404227,-9.987976,-7.3334956,-5.280398,-9.693838
jsiec,jsiec-1ffa92e8-8d87-11e8-9daf-6045cb817f5b.,/home/carld/.cache/kagglehub/datasets/linchundan/fundusimage1000/versions/4/1000images/1.1.DR3/1ffa92e8-8d87-11e8-9daf-6045cb817f5b..JPG,1,0,0,0,0,0,,-1,1.1.DR3,/kaggle/temp/troubles/images/jsiec/d552e13a2cde3537.jpg,6.7206745,-2.1086001,-8.3341465,-4.582834,-3.2742922,-7.740959
jsiec,jsiec-1ffa92e9-8d87-11e8-9daf-6045cb817f5b.,/home/carld/.cache/kagglehub/datasets/linchundan/fundusimage1000/versions/4/1000images/1.1.DR3/1ffa92e9-8d87-11e8-9daf-6045cb817f5b..JPG,1,0,0,0,0,0,,-1,1.1.DR3,/kaggle/temp/troubles/images/jsiec/d8b64db370b3630c.jpg,1.4460428,-5.344817,-9.522467,-5.666766,-3.6860256,-4.757407
jsiec,jsiec-1ffa92ea-8d87-11e8-9daf-6045cb817f5b.,/home/carld/.cache/kagglehub/datasets/linchundan/fundusimage1000/versions/4/1000images/1.1.DR3/1ffa92ea-8d87-11e8-9daf-6045cb817f5b..JPG,1,0,0,0,0,0,,-1,1.1.DR3,/kaggle/temp/troubles/images/jsiec/2f64cb26c9ae4228.jpg,11.012292,-5.697071,-9.343302,-9.573754,-5.8936357,-10.607911
jsiec,jsiec-1ffa92eb-8d87-11e8-9daf-6045cb817f5b.,/home/carld/.cache/kagglehub/datasets/linchundan/fundusimage1000/versions/4/1000images/1.1.DR3/1ffa92eb-8d87-11e8-9daf-6045cb817f5b..JPG,1,0,0,0,0,0,,-1,1.1.DR3,/kaggle/temp/troubles/images/jsiec/4cd935e948fa3daa.jpg,0.52297175,-2.6705406,-8.383597,-2.1740837,-0.70359755,-9.5524645
jsiec,jsiec-1ffa92ec-8d87-11e8-9daf-6045cb817f5b.,/home/carld/.cache/kagglehub/datasets/linchundan/fundusimage1000/versions/4/1000images/1.1.DR3/1ffa92ec-8d87-11e8-9daf-6045cb817f5b..JPG,1,0,0,0,0,0,,-1,1.1.DR3,/kaggle/temp/troubles/images/jsiec/75e9977852f71b19.jpg,4.67703,1.56959,-9.866836,-6.08771,-4.1808944,-7.3713593
jsiec,jsiec-1ffa92ed-8d87-11e8-9daf-6045cb817f5b.,/home/carld/.cache/kagglehub/datasets/linchundan/fundusimage1000/versions/4/1000images/1.1.DR3/1ffa92ed-8d87-11e8-9daf-6045cb817f5b..JPG,1,0,0,0,0,0,,-1,1.1.DR3,/kaggle/temp/troubles/images/jsiec/79f5d31bb2b05ae6.jpg,6.243705,-2.097804,-6.7064247,-4.8000283,-2.942124,-7.8800416
jsiec,jsiec-1ffa92ef-8d87-11e8-9daf-6045cb817f5b.,/home/carld/.cache/kagglehub/datasets/linchundan/fundusimage1000/versions/4/1000images/1.1.DR3/1ffa92ef-8d87-11e8-9daf-6045cb817f5b..JPG,1,0,0,0,0,0,,-1,1.1.DR3,/kaggle/temp/troubles/images/jsiec/3dba45fd1adafacd.jpg,-0.3250198,-0.95239025,-8.846067,-1.8878431,-1.5080715,-10.178918
jsiec,jsiec-1ffa92f3-8d87-11e8-9daf-6045cb817f5b.,/home/carld/.cache/kagglehub/datasets/linchundan/fundusimage1000/versions/4/1000images/1.1.DR3/1ffa92f3-8d87-11e8-9daf-6045cb817f5b..JPG,1,0,0,0,0,0,,-1,1.1.DR3,/kaggle/temp/troubles/images/jsiec/edda10367a25cf37.jpg,-3.9291866,-1.5299091,-8.920867,0.023284972,-5.3891106,-0.39704764
jsiec,jsiec-1ffa92f4-8d87-11e8-9daf-6045cb817f5b.,/home/carld/.cache/kagglehub/datasets/linchundan/fundusimage1000/versions/4/1000images/1.1.DR3/1ffa92f4-8d87-11e8-9daf-6045cb817f5b..JPG,1,0,0,0,0,0,,-1,1.1.DR3,/kaggle/temp/troubles/images/jsiec/003ed3352006c194.jpg,9.094702,-0.5627284,-9.365166,-4.7716775,-5.9184513,-7.5756164
jsiec,jsiec-1ffa92f5-8d87-11e8-9daf-6045cb817f5b.,/home/carld/.cache/kagglehub/datasets/linchundan/fundusimage1000/versions/4/1000images/1.1.DR3/1ffa92f5-8d87-11e8-9daf-6045cb817f5b..JPG,1,0,0,0,0,0,,-1,1.1.DR3,/kaggle/temp/troubles/images/jsiec/b331b2e464cc1e0d.jpg,5.6707797,-3.0932198,-8.402068,-5.8482056,-1.8733737,-7.9781566
jsiec,jsiec-1ffa92f6-8d87-11e8-9daf-6045cb817f5b.,/home/carld/.cache/kagglehub/datasets/linchundan/fundusimage1000/versions/4/1000images/1.1.DR3/1ffa92f6-8d87-11e8-9daf-6045cb817f5b..JPG,1,0,0,0,0,0,,-1,1.1.DR3,/kaggle/temp/troubles/images/jsiec/b739b73395dd0f3b.jpg,9.518454,-4.916719,-6.849164,-3.8993025,-5.159141,-5.505019
jsiec,jsiec-1ffa92f7-8d87-11e8-9daf-6045cb817f5b.,/home/carld/.cache/kagglehub/datasets/linchundan/fundusimage1000/versions/4/1000images/1.1.DR3/1ffa92f7-8d87-11e8-9daf-6045cb817f5b..JPG,1,0,0,0,0,0,,-1,1.1.DR3,/kaggle/temp/troubles/images/jsiec/944bad26a34ddd71.jpg,1.691026,-2.5355177,-4.5953507,-5.1755967,-2.8426158,-8.579993
jsiec,jsiec-1ffa92f9-8d87-11e8-9daf-6045cb817f5b.,/home/carld/.cache/kagglehub/datasets/linchundan/fundusimage1000/versions/4/1000images/1.1.DR3/1ffa92f9-8d87-11e8-9daf-6045cb817f5b..JPG,1,0,0,0,0,0,,-1,1.1.DR3,/kaggle/temp/troubles/images/jsiec/b288c341f87758fc.jpg,0.6150029,-0.49217156,-6.5268173,-2.8810785,-6.8496666,-1.1302549
jsiec,jsiec-1ffa92fa-8d87-11e8-9daf-6045cb817f5b.,/home/carld/.cache/kagglehub/datasets/linchundan/fundusimage1000/versions/4/1000images/1.1.DR3/1ffa92fa-8d87-11e8-9daf-6045cb817f5b..JPG,1,0,0,0,0,0,,-1,1.1.DR3,/kaggle/temp/troubles/images/jsiec/ec37298b8c619749.jpg,7.1557684,-3.0075293,-8.801532,-7.177317,-4.4643803,-9.48622
jsiec,jsiec-1ffa92fb-8d87-11e8-9daf-6045cb817f5b.,/home/carld/.cache/kagglehub/datasets/linchundan/fundusimage1000/versions/4/1000images/1.1.DR3/1ffa92fb-8d87-11e8-9daf-6045cb817f5b..JPG,1,0,0,0,0,0,,-1,1.1.DR3,/kaggle/temp/troubles/images/jsiec/f45d959a670801fb.jpg,10.09675,-3.4014614,-9.092755,-7.683529,-3.7761836,-11.585326
jsiec,jsiec-1ffa92fc-8d87-11e8-9daf-6045cb817f5b.,/home/carld/.cache/kagglehub/datasets/linchundan/fundusimage1000/versions/4/1000images/1.1.DR3/1ffa92fc-8d87-11e8-9daf-6045cb817f5b..JPG,1,0,0,0,0,0,,-1,1.1.DR3,/kaggle/temp/troubles/images/jsiec/5862e6c6f3901763.jpg,5.0247874,-3.455195,-10.997466,-6.0569415,-4.002276,-6.919426
jsiec,jsiec-1ffa92fd-8d87-11e8-9daf-6045cb817f5b.,/home/carld/.cache/kagglehub/datasets/linchundan/fundusimage1000/versions/4/1000images/1.1.DR3/1ffa92fd-8d87-11e8-9daf-6045cb817f5b..JPG,1,0,0,0,0,0,,-1,1.1.DR3,/kaggle/temp/troubles/images/jsiec/eafe4e8bbd853ed1.jpg,0.95738345,-1.8305521,-6.2055154,-4.9907966,-4.585583,-8.435866
jsiec,jsiec-1ffa92fe-8d87-11e8-9daf-6045cb817f5b.,/home/carld/.cache/kagglehub/datasets/linchundan/fundusimage1000/versions/4/1000images/1.1.DR3/1ffa92fe-8d87-11e8-9daf-6045cb817f5b..JPG,1,0,0,0,0,0,,-1,1.1.DR3,/kaggle/temp/troubles/images/jsiec/bd07debc497fb7d2.jpg,4.526538,0.7506563,-9.210209,-5.553064,-5.0090365,-7.7939315
jsiec,jsiec-1ffa92ff-8d87-11e8-9daf-6045cb817f5b.,/home/carld/.cache/kagglehub/datasets/linchundan/fundusimage1000/versions/4/1000images/1.1.DR3/1ffa92ff-8d87-11e8-9daf-6045cb817f5b..JPG,1,0,0,0,0,0,,-1,1.1.DR3,/kaggle/temp/troubles/images/jsiec/d3a571be1acc0c5f.jpg,9.381096,-0.44936454,-11.450744,-10.163526,-3.2360957,-11.6388445
jsiec,jsiec-1ffa9300-8d87-11e8-9daf-6045cb817f5b.,/home/carld/.cache/kagglehub/datasets/linchundan/fundusimage1000/versions/4/1000images/1.1.DR3/1ffa9300-8d87-11e8-9daf-6045cb817f5b..JPG,1,0,0,0,0,0,,-1,1.1.DR3,/kaggle/temp/troubles/images/jsiec/4c367257139f01f3.jpg,4.7894864,-0.7654088,-5.313274,-6.950897,-4.1595883,-5.6933885
jsiec,jsiec-1ffa9301-8d87-11e8-9daf-6045cb817f5b.,/home/carld/.cache/kagglehub/datasets/linchundan/fundusimage1000/versions/4/1000images/1.1.DR3/1ffa9301-8d87-11e8-9daf-6045cb817f5b..JPG,1,0,0,0,0,0,,-1,1.1.DR3,/kaggle/temp/troubles/images/jsiec/2593cce63ef3a148.jpg,2.797686,-5.001521,-6.435238,-4.7272687,-1.3286637,-5.7113843
jsiec,jsiec-1ffa9302-8d87-11e8-9daf-6045cb817f5b.,/home/carld/.cache/kagglehub/datasets/linchundan/fundusimage1000/versions/4/1000images/1.1.DR3/1ffa9302-8d87-11e8-9daf-6045cb817f5b..JPG,1,0,0,0,0,0,,-1,1.1.DR3,/kaggle/temp/troubles/images/jsiec/2a3f9ddf654b68aa.jpg,9.506565,-2.902215,-10.709427,-9.444086,-2.7115366,-9.400255
jsiec,jsiec-1ffa9305-8d87-11e8-9daf-6045cb817f5b.,/home/carld/.cache/kagglehub/datasets/linchundan/fundusimage1000/versions/4/1000images/1.1.DR3/1ffa9305-8d87-11e8-9daf-6045cb817f5b..JPG,1,0,0,0,0,0,,-1,1.1.DR3,/kaggle/temp/troubles/images/jsiec/9f22ea18dc033b77.jpg,3.2566962,0.11835521,-8.650442,-5.540419,-3.0048437,-7.5376716
jsiec,jsiec-1ffa9306-8d87-11e8-9daf-6045cb817f5b.,/home/carld/.cache/kagglehub/datasets/linchundan/fundusimage1000/versions/4/1000images/1.1.DR3/1ffa9306-8d87-11e8-9daf-6045cb817f5b..JPG,1,0,0,0,0,0,,-1,1.1.DR3,/kaggle/temp/troubles/images/jsiec/952e9e27d86e96a5.jpg,3.0566308,-1.4637461,-8.349166,-3.7186813,-4.6176257,-5.7759647
jsiec,jsiec-1ffa9307-8d87-11e8-9daf-6045cb817f5b.,/home/carld/.cache/kagglehub/datasets/linchundan/fundusimage1000/versions/4/1000images/1.1.DR3/1ffa9307-8d87-11e8-9daf-6045cb817f5b..JPG,1,0,0,0,0,0,,-1,1.1.DR3,/kaggle/temp/troubles/images/jsiec/04bf5eac7f7d7c81.jpg,5.4022336,-1.5102391,-9.002736,-5.715023,-6.4302897,-7.243871
jsiec,jsiec-1ffa9308-8d87-11e8-9daf-6045cb817f5b.,/home/carld/.cache/kagglehub/datasets/linchundan/fundusimage1000/versions/4/1000images/1.1.DR3/1ffa9308-8d87-11e8-9daf-6045cb817f5b..JPG,1,0,0,0,0,0,,-1,1.1.DR3,/kaggle/temp/troubles/images/jsiec/f325283be2d2311d.jpg,1.7311544,-1.1800283,-6.603578,-2.6937528,-4.7321324,-2.9318485
jsiec,jsiec-1ffa9309-8d87-11e8-9daf-6045cb817f5b.,/home/carld/.cache/kagglehub/datasets/linchundan/fundusimage1000/versions/4/1000images/1.1.DR3/1ffa9309-8d87-11e8-9daf-6045cb817f5b..JPG,1,0,0,0,0,0,,-1,1.1.DR3,/kaggle/temp/troubles/images/jsiec/bb36ed23eaa221ad.jpg,4.6588006,-2.4234908,-9.464318,-5.9707017,-4.219614,-5.9054246
jsiec,jsiec-1ffa930b-8d87-11e8-9daf-6045cb817f5b.,/home/carld/.cache/kagglehub/datasets/linchundan/fundusimage1000/versions/4/1000images/1.1.DR3/1ffa930b-8d87-11e8-9daf-6045cb817f5b..JPG,1,0,0,0,0,0,,-1,1.1.DR3,/kaggle/temp/troubles/images/jsiec/b0017c4c4758d580.jpg,4.5505266,-1.781929,-7.5169725,-4.2214174,-4.010385,-7.942826
jsiec,jsiec-1ffa930c-8d87-11e8-9daf-6045cb817f5b.,/home/carld/.cache/kagglehub/datasets/linchundan/fundusimage1000/versions/4/1000images/1.1.DR3/1ffa930c-8d87-11e8-9daf-6045cb817f5b..JPG,1,0,0,0,0,0,,-1,1.1.DR3,/kaggle/temp/troubles/images/jsiec/3bc1b001213acc33.jpg,7.100965,-5.458157,-11.391992,-7.4313397,-3.2101512,-9.668584
jsiec,jsiec-1ffa930d-8d87-11e8-9daf-6045cb817f5b.,/home/carld/.cache/kagglehub/datasets/linchundan/fundusimage1000/versions/4/1000images/1.1.DR3/1ffa930d-8d87-11e8-9daf-6045cb817f5b..JPG,1,0,0,0,0,0,,-1,1.1.DR3,/kaggle/temp/troubles/images/jsiec/05cae3469aa3ab2a.jpg,2.042689,-2.7841249,-9.750938,-3.8239772,-4.4603634,-7.31289
jsiec,jsiec-1ffa9310-8d87-11e8-9daf-6045cb817f5b.,/home/carld/.cache/kagglehub/datasets/linchundan/fundusimage1000/versions/4/1000images/1.1.DR3/1ffa9310-8d87-11e8-9daf-6045cb817f5b..JPG,1,0,0,0,0,0,,-1,1.1.DR3,/kaggle/temp/troubles/images/jsiec/f70104f7daff902e.jpg,9.839806,-4.4527946,-7.378462,-8.513513,-7.5463634,-11.67764
jsiec,jsiec-1ffa9312-8d87-11e8-9daf-6045cb817f5b.,/home/carld/.cache/kagglehub/datasets/linchundan/fundusimage1000/versions/4/1000images/1.1.DR3/1ffa9312-8d87-11e8-9daf-6045cb817f5b..JPG,1,0,0,0,0,0,,-1,1.1.DR3,/kaggle/temp/troubles/images/jsiec/c868fdbdaac73466.jpg,6.6667953,-3.3411887,-10.876518,-6.613066,-6.185235,-9.312293
jsiec,jsiec-1ffa9314-8d87-11e8-9daf-6045cb817f5b.,/home/carld/.cache/kagglehub/datasets/linchundan/fundusimage1000/versions/4/1000images/1.1.DR3/1ffa9314-8d87-11e8-9daf-6045cb817f5b..JPG,1,0,0,0,0,0,,-1,1.1.DR3,/kaggle/temp/troubles/images/jsiec/97e2a15a6c6dbd61.jpg,4.286054,-0.9043326,-5.359208,-3.476285,-2.9072983,-4.551779
jsiec,jsiec-1ffa9316-8d87-11e8-9daf-6045cb817f5b.,/home/carld/.cache/kagglehub/datasets/linchundan/fundusimage1000/versions/4/1000images/1.1.DR3/1ffa9316-8d87-11e8-9daf-6045cb817f5b..JPG,1,0,0,0,0,0,,-1,1.1.DR3,/kaggle/temp/troubles/images/jsiec/94e969af622cb3eb.jpg,4.727982,-2.9641993,-6.8150377,-2.9470015,-5.373233,-7.543388
jsiec,jsiec-1ffa9331-8d87-11e8-9daf-6045cb817f5b.,/home/carld/.cache/kagglehub/datasets/linchundan/fundusimage1000/versions/4/1000images/10.0.Possible glaucoma/1ffa9331-8d87-11e8-9daf-6045cb817f5b..JPG,0,1,0,0,0,0,,-1,10.0.Possible glaucoma,/kaggle/temp/troubles/images/jsiec/a5d30f9613a1dbfa.jpg,-1.9742696,1.6288501,-9.144507,-4.1490293,-6.258914,-7.954946
jsiec,jsiec-1ffa9332-8d87-11e8-9daf-6045cb817f5b.,/home/carld/.cache/kagglehub/datasets/linchundan/fundusimage1000/versions/4/1000images/10.0.Possible glaucoma/1ffa9332-8d87-11e8-9daf-6045cb817f5b..JPG,0,1,0,0,0,0,,-1,10.0.Possible glaucoma,/kaggle/temp/troubles/images/jsiec/b16bb0e2027951a5.jpg,-1.8718061,4.472877,-3.5029156,-5.0999284,-2.199302,-8.1871395
jsiec,jsiec-1ffa9333-8d87-11e8-9daf-6045cb817f5b.,/home/carld/.cache/kagglehub/datasets/linchundan/fundusimage1000/versions/4/1000images/10.0.Possible glaucoma/1ffa9333-8d87-11e8-9daf-6045cb817f5b..JPG,0,1,0,0,0,0,,-1,10.0.Possible glaucoma,/kaggle/temp/troubles/images/jsiec/511ef853a084c7ec.jpg,-2.5658345,2.5766144,-2.9119012,-2.3665679,-3.4669914,-2.9557433
jsiec,jsiec-1ffa9334-8d87-11e8-9daf-6045cb817f5b.,/home/carld/.cache/kagglehub/datasets/linchundan/fundusimage1000/versions/4/1000images/10.0.Possible glaucoma/1ffa9334-8d87-11e8-9daf-6045cb817f5b..JPG,0,1,0,0,0,0,,-1,10.0.Possible glaucoma,/kaggle/temp/troubles/images/jsiec/f6f4bdd5e0cbfb2a.jpg,-2.6542385,2.2069738,-10.229578,-2.6047282,-5.2159057,-5.488136
jsiec,jsiec-1ffa9335-8d87-11e8-9daf-6045cb817f5b.,/home/carld/.cache/kagglehub/datasets/linchundan/fundusimage1000/versions/4/1000images/10.0.Possible glaucoma/1ffa9335-8d87-11e8-9daf-6045cb817f5b..JPG,0,1,0,0,0,0,,-1,10.0.Possible glaucoma,/kaggle/temp/troubles/images/jsiec/fa6c0911704ea898.jpg,-1.9749804,5.0033164,-4.8332777,-6.707999,-5.9689445,-5.6712646
jsiec,jsiec-1ffa9336-8d87-11e8-9daf-6045cb817f5b.,/home/carld/.cache/kagglehub/datasets/linchundan/fundusimage1000/versions/4/1000images/10.0.Possible glaucoma/1ffa9336-8d87-11e8-9daf-6045cb817f5b..JPG,0,1,0,0,0,0,,-1,10.0.Possible glaucoma,/kaggle/temp/troubles/images/jsiec/8232f7bd6ddc9b67.jpg,-3.1224413,5.7854652,-8.309459,-2.9263806,-3.1318538,-1.4524612
jsiec,jsiec-1ffa9337-8d87-11e8-9daf-6045cb817f5b.,/home/carld/.cache/kagglehub/datasets/linchundan/fundusimage1000/versions/4/1000images/10.0.Possible glaucoma/1ffa9337-8d87-11e8-9daf-6045cb817f5b..JPG,0,1,0,0,0,0,,-1,10.0.Possible glaucoma,/kaggle/temp/troubles/images/jsiec/ef8bc2568e439e74.jpg,-0.91103774,3.700314,-5.0567613,-1.2279546,-1.7404485,-6.7908797
jsiec,jsiec-1ffa9338-8d87-11e8-9daf-6045cb817f5b.,/home/carld/.cache/kagglehub/datasets/linchundan/fundusimage1000/versions/4/1000images/10.0.Possible glaucoma/1ffa9338-8d87-11e8-9daf-6045cb817f5b..JPG,0,1,0,0,0,0,,-1,10.0.Possible glaucoma,/kaggle/temp/troubles/images/jsiec/3f2b28e886d1184d.jpg,-2.6777906,3.7161689,-4.151953,-1.5238769,-3.17698,-3.4293168
jsiec,jsiec-1ffa9339-8d87-11e8-9daf-6045cb817f5b.,/home/carld/.cache/kagglehub/datasets/linchundan/fundusimage1000/versions/4/1000images/10.0.Possible glaucoma/1ffa9339-8d87-11e8-9daf-6045cb817f5b..JPG,0,1,0,0,0,0,,-1,10.0.Possible glaucoma,/kaggle/temp/troubles/images/jsiec/8f08b5d227c2979e.jpg,-0.7824492,4.0861154,-10.673406,-4.8844266,-5.6437736,-6.355723
jsiec,jsiec-1ffa933a-8d87-11e8-9daf-6045cb817f5b.,/home/carld/.cache/kagglehub/datasets/linchundan/fundusimage1000/versions/4/1000images/10.0.Possible glaucoma/1ffa933a-8d87-11e8-9daf-6045cb817f5b..JPG,0,1,0,0,0,0,,-1,10.0.Possible glaucoma,/kaggle/temp/troubles/images/jsiec/ab49c614fa7d8799.jpg,-2.6619084,2.3507655,-10.453336,-2.402291,-6.4723716,-7.202673
jsiec,jsiec-1ffa933b-8d87-11e8-9daf-6045cb817f5b.,/home/carld/.cache/kagglehub/datasets/linchundan/fundusimage1000/versions/4/1000images/10.0.Possible glaucoma/1ffa933b-8d87-11e8-9daf-6045cb817f5b..JPG,0,1,0,0,0,0,,-1,10.0.Possible glaucoma,/kaggle/temp/troubles/images/jsiec/bc7f5f9873cd2d6a.jpg,-2.3890157,2.0130377,-6.091278,-1.0756607,-4.8218145,-0.37743905
jsiec,jsiec-1ffa933c-8d87-11e8-9daf-6045cb817f5b.,/home/carld/.cache/kagglehub/datasets/linchundan/fundusimage1000/versions/4/1000images/10.0.Possible glaucoma/1ffa933c-8d87-11e8-9daf-6045cb817f5b..JPG,0,1,0,0,0,0,,-1,10.0.Possible glaucoma,/kaggle/temp/troubles/images/jsiec/ef999716ef88f099.jpg,-1.5210009,3.8868387,-5.355312,-3.2203982,-3.7997372,-5.219296
jsiec,jsiec-1ffa933d-8d87-11e8-9daf-6045cb817f5b.,/home/carld/.cache/kagglehub/datasets/linchundan/fundusimage1000/versions/4/1000images/10.0.Possible glaucoma/1ffa933d-8d87-11e8-9daf-6045cb817f5b..JPG,0,1,0,0,0,0,,-1,10.0.Possible glaucoma,/kaggle/temp/troubles/images/jsiec/228d4c141c204996.jpg,-2.699047,5.1504717,-7.4982123,-6.7880397,-4.2694387,-7.6460724
jsiec,jsiec-202efd23-8d87-11e8-9daf-6045cb817f5b.,/home/carld/.cache/kagglehub/datasets/linchundan/fundusimage1000/versions/4/1000images/10.1.Optic atrophy/202efd23-8d87-11e8-9daf-6045cb817f5b..JPG,0,-1,0,0,0,0,,-1,10.1.Optic atrophy,/kaggle/temp/troubles/images/jsiec/baade0af18e39660.jpg,-1.7964494,1.2460248,-9.047384,-1.5351973,-6.0521603,-2.9752176
jsiec,jsiec-202efd24-8d87-11e8-9daf-6045cb817f5b.,/home/carld/.cache/kagglehub/datasets/linchundan/fundusimage1000/versions/4/1000images/10.1.Optic atrophy/202efd24-8d87-11e8-9daf-6045cb817f5b..JPG,0,-1,0,0,0,0,,-1,10.1.Optic atrophy,/kaggle/temp/troubles/images/jsiec/c6b3d294370f03e0.jpg,-1.4794867,1.4659889,-6.679978,-0.6798817,-4.5770254,-0.8863225
jsiec,jsiec-202efd25-8d87-11e8-9daf-6045cb817f5b.,/home/carld/.cache/kagglehub/datasets/linchundan/fundusimage1000/versions/4/1000images/10.1.Optic atrophy/202efd25-8d87-11e8-9daf-6045cb817f5b..JPG,0,-1,0,0,0,0,,-1,10.1.Optic atrophy,/kaggle/temp/troubles/images/jsiec/f44899d780a0fe59.jpg,-1.9759345,2.5864518,-8.324903,-5.082755,-5.3071127,-4.972881
jsiec,jsiec-202efd26-8d87-11e8-9daf-6045cb817f5b.,/home/carld/.cache/kagglehub/datasets/linchundan/fundusimage1000/versions/4/1000images/10.1.Optic atrophy/202efd26-8d87-11e8-9daf-6045cb817f5b..JPG,0,-1,0,0,0,0,,-1,10.1.Optic atrophy,/kaggle/temp/troubles/images/jsiec/bca1cf8f4067b19a.jpg,-2.8093874,2.1557238,-10.441251,-3.171001,-6.235857,-5.807539
jsiec,jsiec-202efd27-8d87-11e8-9daf-6045cb817f5b.,/home/carld/.cache/kagglehub/datasets/linchundan/fundusimage1000/versions/4/1000images/10.1.Optic atrophy/202efd27-8d87-11e8-9daf-6045cb817f5b..JPG,0,-1,0,0,0,0,,-1,10.1.Optic atrophy,/kaggle/temp/troubles/images/jsiec/6118f93a495f8f0f.jpg,-0.998201,0.49457893,-5.771681,-3.4387338,-5.8424535,-3.1838915
jsiec,jsiec-202efd28-8d87-11e8-9daf-6045cb817f5b.,/home/carld/.cache/kagglehub/datasets/linchundan/fundusimage1000/versions/4/1000images/10.1.Optic atrophy/202efd28-8d87-11e8-9daf-6045cb817f5b..JPG,0,-1,0,0,0,0,,-1,10.1.Optic atrophy,/kaggle/temp/troubles/images/jsiec/39c695936fb51d58.jpg,-3.8104029,-3.4640937,-5.5795455,-4.2371445,-4.7730207,-9.881578
jsiec,jsiec-202efd29-8d87-11e8-9daf-6045cb817f5b.,/home/carld/.cache/kagglehub/datasets/linchundan/fundusimage1000/versions/4/1000images/10.1.Optic atrophy/202efd29-8d87-11e8-9daf-6045cb817f5b..JPG,0,-1,0,0,0,0,,-1,10.1.Optic atrophy,/kaggle/temp/troubles/images/jsiec/3cdd6fbfa58894e1.jpg,-2.1500893,3.9580255,-8.08674,-6.2878504,-4.2603188,-6.1717052
jsiec,jsiec-202efd2a-8d87-11e8-9daf-6045cb817f5b.,/home/carld/.cache/kagglehub/datasets/linchundan/fundusimage1000/versions/4/1000images/10.1.Optic atrophy/202efd2a-8d87-11e8-9daf-6045cb817f5b..JPG,0,-1,0,0,0,0,,-1,10.1.Optic atrophy,/kaggle/temp/troubles/images/jsiec/bcf0f378ba2be762.jpg,-1.5964668,1.3566644,-8.611186,-2.3074796,-5.204563,-4.7143874
jsiec,jsiec-202efd2b-8d87-11e8-9daf-6045cb817f5b.,/home/carld/.cache/kagglehub/datasets/linchundan/fundusimage1000/versions/4/1000images/10.1.Optic atrophy/202efd2b-8d87-11e8-9daf-6045cb817f5b..JPG,0,-1,0,0,0,0,,-1,10.1.Optic atrophy,/kaggle/temp/troubles/images/jsiec/ec96bd10b0b0ea72.jpg,-1.281857,-0.04543964,-8.049125,-1.632526,-2.7278633,-7.896632
jsiec,jsiec-202efd2c-8d87-11e8-9daf-6045cb817f5b.,/home/carld/.cache/kagglehub/datasets/linchundan/fundusimage1000/versions/4/1000images/10.1.Optic atrophy/202efd2c-8d87-11e8-9daf-6045cb817f5b..JPG,0,-1,0,0,0,0,,-1,10.1.Optic atrophy,/kaggle/temp/troubles/images/jsiec/283ea16bebc5c7dc.jpg,-1.1575723,0.93763644,-6.560053,-2.4070306,-4.742173,-1.6483288
jsiec,jsiec-202efd2d-8d87-11e8-9daf-6045cb817f5b.,/home/carld/.cache/kagglehub/datasets/linchundan/fundusimage1000/versions/4/1000images/10.1.Optic atrophy/202efd2d-8d87-11e8-9daf-6045cb817f5b..JPG,0,-1,0,0,0,0,,-1,10.1.Optic atrophy,/kaggle/temp/troubles/images/jsiec/3352b48f08a0d4cb.jpg,-2.3878145,1.7979679,-8.178839,-5.2538905,-7.1285586,-3.3111649
jsiec,jsiec-202efd2e-8d87-11e8-9daf-6045cb817f5b.,/home/carld/.cache/kagglehub/datasets/linchundan/fundusimage1000/versions/4/1000images/10.1.Optic atrophy/202efd2e-8d87-11e8-9daf-6045cb817f5b..JPG,0,-1,0,0,0,0,,-1,10.1.Optic atrophy,/kaggle/temp/troubles/images/jsiec/809b67fd0c716bf0.jpg,-1.5759876,2.3705485,-9.762379,-3.4814613,-6.9198833,-4.6343017
jsiec,jsiec-0bf8a9db042015e556be924ec11f3bba06f10cf2,/home/carld/.cache/kagglehub/datasets/linchundan/fundusimage1000/versions/4/1000images/11.Severe hypertensive retinopathy/0bf8a9db042015e556be924ec11f3bba06f10cf2.jpg,0,0,0,0,1,0,,-1,11.Severe hypertensive retinopathy,/kaggle/temp/troubles/images/jsiec/85c78b3d527f81f5.jpg,-0.5825612,-1.0328852,-9.866942,-1.2165955,-0.84450287,-8.919216
jsiec,jsiec-1004c8163b0f0e009c3653fa1536bbb330bf214b,/home/carld/.cache/kagglehub/datasets/linchundan/fundusimage1000/versions/4/1000images/11.Severe hypertensive retinopathy/1004c8163b0f0e009c3653fa1536bbb330bf214b.jpg,0,0,0,0,1,0,,-1,11.Severe hypertensive retinopathy,/kaggle/temp/troubles/images/jsiec/a4b1f89d1b50f386.jpg,3.690303,-1.0805315,-10.959661,-3.8417192,-1.0603343,-9.740292
jsiec,jsiec-101a775efe69f6fd9d6766d5ffd592c8d6569891,/home/carld/.cache/kagglehub/datasets/linchundan/fundusimage1000/versions/4/1000images/11.Severe hypertensive retinopathy/101a775efe69f6fd9d6766d5ffd592c8d6569891.jpg,0,0,0,0,1,0,,-1,11.Severe hypertensive retinopathy,/kaggle/temp/troubles/images/jsiec/67cf5afa5ba5af97.jpg,2.5412447,-3.949337,-10.832648,-3.4168842,-1.5097456,-12.446855
jsiec,jsiec-21e273fb1c3c8d166a735c3ce787b64c8ada67c2,/home/carld/.cache/kagglehub/datasets/linchundan/fundusimage1000/versions/4/1000images/11.Severe hypertensive retinopathy/21e273fb1c3c8d166a735c3ce787b64c8ada67c2.jpg,0,0,0,0,1,0,,-1,11.Severe hypertensive retinopathy,/kaggle/temp/troubles/images/jsiec/4cd534846e551e7c.jpg,5.99955,-4.384103,-9.2839,-7.0621905,3.2037115,-12.223575
jsiec,jsiec-239904f2225e0df34f620d5f8724dd2b52b5ee19,/home/carld/.cache/kagglehub/datasets/linchundan/fundusimage1000/versions/4/1000images/11.Severe hypertensive retinopathy/239904f2225e0df34f620d5f8724dd2b52b5ee19.jpg,0,0,0,0,1,0,,-1,11.Severe hypertensive retinopathy,/kaggle/temp/troubles/images/jsiec/7ee62319781830aa.jpg,0.75311834,-3.2990103,-7.5332522,-1.4727299,-1.7272811,-11.15646
jsiec,jsiec-3de36b817ba577bb8a16dd8bf6c95fe05f66755c,/home/carld/.cache/kagglehub/datasets/linchundan/fundusimage1000/versions/4/1000images/11.Severe hypertensive retinopathy/3de36b817ba577bb8a16dd8bf6c95fe05f66755c.jpg,0,0,0,0,1,0,,-1,11.Severe hypertensive retinopathy,/kaggle/temp/troubles/images/jsiec/28f6f638ece6334e.jpg,-2.7337375,-1.9487916,-9.787887,-1.8803672,-1.1952044,-3.6905353
jsiec,jsiec-3eed6f7d0e928c4f695757d2d154a82bf2e3b3d3,/home/carld/.cache/kagglehub/datasets/linchundan/fundusimage1000/versions/4/1000images/11.Severe hypertensive retinopathy/3eed6f7d0e928c4f695757d2d154a82bf2e3b3d3.jpg,0,0,0,0,1,0,,-1,11.Severe hypertensive retinopathy,/kaggle/temp/troubles/images/jsiec/60fa4baf57d5dfa8.jpg,0.7180281,-3.6598067,-5.2929606,-2.139753,-0.97637075,-6.341781
jsiec,jsiec-62e5366cb967fa9d728bd150fe39708c798a0530,/home/carld/.cache/kagglehub/datasets/linchundan/fundusimage1000/versions/4/1000images/11.Severe hypertensive retinopathy/62e5366cb967fa9d728bd150fe39708c798a0530.jpg,0,0,0,0,1,0,,-1,11.Severe hypertensive retinopathy,/kaggle/temp/troubles/images/jsiec/7dd200b59baede0a.jpg,-1.766499,-1.8588017,-4.6776643,-1.1039838,-0.48574102,-8.082612
jsiec,jsiec-6a5ac0d63bb17f4154922af743a98646d89455c2,/home/carld/.cache/kagglehub/datasets/linchundan/fundusimage1000/versions/4/1000images/11.Severe hypertensive retinopathy/6a5ac0d63bb17f4154922af743a98646d89455c2.jpg,0,0,0,0,1,0,,-1,11.Severe hypertensive retinopathy,/kaggle/temp/troubles/images/jsiec/5bf3c899f8004c80.jpg,-0.31057692,-5.051108,-8.383767,-3.835847,0.13941424,-8.954743
jsiec,jsiec-8e06c22851c4492532a1b583383e96be579b00ad,/home/carld/.cache/kagglehub/datasets/linchundan/fundusimage1000/versions/4/1000images/11.Severe hypertensive retinopathy/8e06c22851c4492532a1b583383e96be579b00ad.jpg,0,0,0,0,1,0,,-1,11.Severe hypertensive retinopathy,/kaggle/temp/troubles/images/jsiec/9ec0b4316409382d.jpg,2.9826572,-5.272825,-8.885445,-1.452198,-3.1452188,-9.414556
jsiec,jsiec-ceee348eb63613f6096d278ec0f16c11968d0a4d,/home/carld/.cache/kagglehub/datasets/linchundan/fundusimage1000/versions/4/1000images/11.Severe hypertensive retinopathy/ceee348eb63613f6096d278ec0f16c11968d0a4d.jpg,0,0,0,0,1,0,,-1,11.Severe hypertensive retinopathy,/kaggle/temp/troubles/images/jsiec/6f73d0f583d48269.jpg,1.0715714,-3.1018324,-8.963616,-1.852829,0.14159964,-6.169
jsiec,jsiec-e3a5c4421746b2624928ca7921f79de55aadcf54,/home/carld/.cache/kagglehub/datasets/linchundan/fundusimage1000/versions/4/1000images/11.Severe hypertensive retinopathy/e3a5c4421746b2624928ca7921f79de55aadcf54.jpg,0,0,0,0,1,0,,-1,11.Severe hypertensive retinopathy,/kaggle/temp/troubles/images/jsiec/575de6d9913b2526.jpg,3.7517169,-4.8648744,-8.96562,-2.6648393,-1.3557439,-8.849617
jsiec,jsiec-eb83e7b2d06cebb82e926c0ef14bd5dd6fc747d2,/home/carld/.cache/kagglehub/datasets/linchundan/fundusimage1000/versions/4/1000images/11.Severe hypertensive retinopathy/eb83e7b2d06cebb82e926c0ef14bd5dd6fc747d2.jpg,0,0,0,0,1,0,,-1,11.Severe hypertensive retinopathy,/kaggle/temp/troubles/images/jsiec/507448d2e32952ea.jpg,3.2162755,-3.1251755,-12.752023,-3.767116,-2.9552503,-5.23776
jsiec,jsiec-f3ef1dd4076e5badebfc9db6bbe30c2d19fc408e,/home/carld/.cache/kagglehub/datasets/linchundan/fundusimage1000/versions/4/1000images/11.Severe hypertensive retinopathy/f3ef1dd4076e5badebfc9db6bbe30c2d19fc408e.jpg,0,0,0,0,1,0,,-1,11.Severe hypertensive retinopathy,/kaggle/temp/troubles/images/jsiec/5c0272364883c29b.jpg,0.70651275,-4.292074,-12.164963,-3.5728564,0.58143216,-9.299
jsiec,jsiec-f40442bb45d1bd431e4a51375ebe1f7253cd1648,/home/carld/.cache/kagglehub/datasets/linchundan/fundusimage1000/versions/4/1000images/11.Severe hypertensive retinopathy/f40442bb45d1bd431e4a51375ebe1f7253cd1648.jpg,0,0,0,0,1,0,,-1,11.Severe hypertensive retinopathy,/kaggle/temp/troubles/images/jsiec/11501056ec659f01.jpg,2.0045815,-5.208395,-10.045085,-4.0476403,0.7982081,-7.941271
jsiec,jsiec-1ffa95a4-8d87-11e8-9daf-6045cb817f5b.,/home/carld/.cache/kagglehub/datasets/linchundan/fundusimage1000/versions/4/1000images/12.Disc swelling and elevation/1ffa95a4-8d87-11e8-9daf-6045cb817f5b..JPG,0,0,0,0,0,0,,-1,12.Disc swelling and elevation,/kaggle/temp/troubles/images/jsiec/07ea1cbbe78c5b9b.jpg,-2.5254252,-2.4050038,-11.059352,-2.5825515,-3.5517929,-6.5539436
jsiec,jsiec-1ffa95a5-8d87-11e8-9daf-6045cb817f5b.,/home/carld/.cache/kagglehub/datasets/linchundan/fundusimage1000/versions/4/1000images/12.Disc swelling and elevation/1ffa95a5-8d87-11e8-9daf-6045cb817f5b..JPG,0,0,0,0,0,0,,-1,12.Disc swelling and elevation,/kaggle/temp/troubles/images/jsiec/1268a7d2833eecce.jpg,-2.9355116,-1.2389477,-5.9319124,-4.957468,-7.4484854,-6.7028217
jsiec,jsiec-1ffa95a6-8d87-11e8-9daf-6045cb817f5b.,/home/carld/.cache/kagglehub/datasets/linchundan/fundusimage1000/versions/4/1000images/12.Disc swelling and elevation/1ffa95a6-8d87-11e8-9daf-6045cb817f5b..JPG,0,0,0,0,0,0,,-1,12.Disc swelling and elevation,/kaggle/temp/troubles/images/jsiec/ca6612006705c2aa.jpg,-1.2964206,-2.8536496,-9.276526,-4.4604917,-3.0245416,-7.1181498
jsiec,jsiec-1ffa95a7-8d87-11e8-9daf-6045cb817f5b.,/home/carld/.cache/kagglehub/datasets/linchundan/fundusimage1000/versions/4/1000images/12.Disc swelling and elevation/1ffa95a7-8d87-11e8-9daf-6045cb817f5b..JPG,0,0,0,0,0,0,,-1,12.Disc swelling and elevation,/kaggle/temp/troubles/images/jsiec/824f821283761942.jpg,-1.7991214,-2.030447,-10.448806,-4.670451,-9.9398155,-4.667465
jsiec,jsiec-1ffa95a8-8d87-11e8-9daf-6045cb817f5b.,/home/carld/.cache/kagglehub/datasets/linchundan/fundusimage1000/versions/4/1000images/12.Disc swelling and elevation/1ffa95a8-8d87-11e8-9daf-6045cb817f5b..JPG,0,0,0,0,0,0,,-1,12.Disc swelling and elevation,/kaggle/temp/troubles/images/jsiec/b240327c413d9def.jpg,-2.018237,-1.438051,-10.161111,-3.7574916,-6.0642376,-8.502705
jsiec,jsiec-1ffa95a9-8d87-11e8-9daf-6045cb817f5b.,/home/carld/.cache/kagglehub/datasets/linchundan/fundusimage1000/versions/4/1000images/12.Disc swelling and elevation/1ffa95a9-8d87-11e8-9daf-6045cb817f5b..JPG,0,0,0,0,0,0,,-1,12.Disc swelling and elevation,/kaggle/temp/troubles/images/jsiec/13aee6718c0c1e93.jpg,-5.057769,-1.745527,-9.29027,-1.0005683,-5.686387,-11.38888
jsiec,jsiec-1ffa95aa-8d87-11e8-9daf-6045cb817f5b.,/home/carld/.cache/kagglehub/datasets/linchundan/fundusimage1000/versions/4/1000images/12.Disc swelling and elevation/1ffa95aa-8d87-11e8-9daf-6045cb817f5b..JPG,0,0,0,0,0,0,,-1,12.Disc swelling and elevation,/kaggle/temp/troubles/images/jsiec/3dc24091951d84a2.jpg,-1.2665684,-1.779541,-0.15098992,-2.9566016,-4.5694437,-1.1912599
jsiec,jsiec-1ffa95ab-8d87-11e8-9daf-6045cb817f5b.,/home/carld/.cache/kagglehub/datasets/linchundan/fundusimage1000/versions/4/1000images/12.Disc swelling and elevation/1ffa95ab-8d87-11e8-9daf-6045cb817f5b..JPG,0,0,0,0,0,0,,-1,12.Disc swelling and elevation,/kaggle/temp/troubles/images/jsiec/081a1d31cc5ceb84.jpg,0.9679178,-2.7561033,-8.297799,-3.760679,-3.8802242,-10.822935
jsiec,jsiec-1ffa95ac-8d87-11e8-9daf-6045cb817f5b.,/home/carld/.cache/kagglehub/datasets/linchundan/fundusimage1000/versions/4/1000images/12.Disc swelling and elevation/1ffa95ac-8d87-11e8-9daf-6045cb817f5b..JPG,0,0,0,0,0,0,,-1,12.Disc swelling and elevation,/kaggle/temp/troubles/images/jsiec/a2e346694e53092a.jpg,0.20178041,-1.9712486,-6.674084,-5.5532775,-3.6326473,-9.698284
jsiec,jsiec-1ffa95ad-8d87-11e8-9daf-6045cb817f5b.,/home/carld/.cache/kagglehub/datasets/linchundan/fundusimage1000/versions/4/1000images/12.Disc swelling and elevation/1ffa95ad-8d87-11e8-9daf-6045cb817f5b..JPG,0,0,0,0,0,0,,-1,12.Disc swelling and elevation,/kaggle/temp/troubles/images/jsiec/e52ab167bfe6bdf2.jpg,-1.6422122,0.020382514,-9.750982,-2.497246,-6.888283,-3.6216915
jsiec,jsiec-1ffa95ae-8d87-11e8-9daf-6045cb817f5b.,/home/carld/.cache/kagglehub/datasets/linchundan/fundusimage1000/versions/4/1000images/12.Disc swelling and elevation/1ffa95ae-8d87-11e8-9daf-6045cb817f5b..JPG,0,0,0,0,0,0,,-1,12.Disc swelling and elevation,/kaggle/temp/troubles/images/jsiec/2807786d68b9590f.jpg,-1.106539,-1.1981971,-7.499132,-3.8889592,-4.092747,-6.7235894
jsiec,jsiec-1ffa95af-8d87-11e8-9daf-6045cb817f5b.,/home/carld/.cache/kagglehub/datasets/linchundan/fundusimage1000/versions/4/1000images/12.Disc swelling and elevation/1ffa95af-8d87-11e8-9daf-6045cb817f5b..JPG,0,0,0,0,0,0,,-1,12.Disc swelling and elevation,/kaggle/temp/troubles/images/jsiec/7f2332bde7b478e5.jpg,-2.0233064,-1.2415717,-5.924764,-2.237231,-4.2102394,-2.8439093
jsiec,jsiec-1ffa95b0-8d87-11e8-9daf-6045cb817f5b.,/home/carld/.cache/kagglehub/datasets/linchundan/fundusimage1000/versions/4/1000images/12.Disc swelling and elevation/1ffa95b0-8d87-11e8-9daf-6045cb817f5b..JPG,0,0,0,0,0,0,,-1,12.Disc swelling and elevation,/kaggle/temp/troubles/images/jsiec/5aaa2f06924fe800.jpg,-2.863153,-3.581813,-8.305898,-1.033186,-2.001976,-8.40947
jsiec,jsiec-1ffa9489-8d87-11e8-9daf-6045cb817f5b.,/home/carld/.cache/kagglehub/datasets/linchundan/fundusimage1000/versions/4/1000images/13.Dragged Disc/1ffa9489-8d87-11e8-9daf-6045cb817f5b..JPG,0,0,0,0,0,0,,-1,13.Dragged Disc,/kaggle/temp/troubles/images/jsiec/c57af4fd3954b3e9.jpg,-2.1267755,-1.2672083,-6.520786,-3.784031,-6.4417186,-5.4914274
jsiec,jsiec-1ffa948a-8d87-11e8-9daf-6045cb817f5b.,/home/carld/.cache/kagglehub/datasets/linchundan/fundusimage1000/versions/4/1000images/13.Dragged Disc/1ffa948a-8d87-11e8-9daf-6045cb817f5b..JPG,0,0,0,0,0,0,,-1,13.Dragged Disc,/kaggle/temp/troubles/images/jsiec/beb9d5107488088a.jpg,-1.8435972,-0.31246307,-6.538813,1.5006672,-3.6928523,0.21078537
jsiec,jsiec-1ffa948b-8d87-11e8-9daf-6045cb817f5b.,/home/carld/.cache/kagglehub/datasets/linchundan/fundusimage1000/versions/4/1000images/13.Dragged Disc/1ffa948b-8d87-11e8-9daf-6045cb817f5b..JPG,0,0,0,0,0,0,,-1,13.Dragged Disc,/kaggle/temp/troubles/images/jsiec/1385b2cb9bed6185.jpg,0.65121126,-1.4202445,-8.65273,-1.0566454,-1.1953279,-6.8221536
jsiec,jsiec-1ffa948c-8d87-11e8-9daf-6045cb817f5b.,/home/carld/.cache/kagglehub/datasets/linchundan/fundusimage1000/versions/4/1000images/13.Dragged Disc/1ffa948c-8d87-11e8-9daf-6045cb817f5b..JPG,0,0,0,0,0,0,,-1,13.Dragged Disc,/kaggle/temp/troubles/images/jsiec/e8dcda88ad4ba50b.jpg,0.33309507,0.3325599,-5.921838,-2.6608691,-5.2556334,-5.0819016
jsiec,jsiec-1ffa948d-8d87-11e8-9daf-6045cb817f5b.,/home/carld/.cache/kagglehub/datasets/linchundan/fundusimage1000/versions/4/1000images/13.Dragged Disc/1ffa948d-8d87-11e8-9daf-6045cb817f5b..JPG,0,0,0,0,0,0,,-1,13.Dragged Disc,/kaggle/temp/troubles/images/jsiec/e90fdca54f507d88.jpg,0.0031194687,-0.78329074,-10.09744,-1.7578257,-2.875883,-3.7959263
jsiec,jsiec-1ffa948e-8d87-11e8-9daf-6045cb817f5b.,/home/carld/.cache/kagglehub/datasets/linchundan/fundusimage1000/versions/4/1000images/13.Dragged Disc/1ffa948e-8d87-11e8-9daf-6045cb817f5b..JPG,0,0,0,0,0,0,,-1,13.Dragged Disc,/kaggle/temp/troubles/images/jsiec/41d1e104751aa8b5.jpg,-0.6861782,-0.61869305,-6.535197,0.1762346,-3.7099981,-3.719618
jsiec,jsiec-1ffa948f-8d87-11e8-9daf-6045cb817f5b.,/home/carld/.cache/kagglehub/datasets/linchundan/fundusimage1000/versions/4/1000images/13.Dragged Disc/1ffa948f-8d87-11e8-9daf-6045cb817f5b..JPG,0,0,0,0,0,0,,-1,13.Dragged Disc,/kaggle/temp/troubles/images/jsiec/b0db50e24bc10e7f.jpg,-1.3811831,-1.4795574,-6.6225166,-2.8065777,-5.173182,-5.547831
jsiec,jsiec-1ffa9490-8d87-11e8-9daf-6045cb817f5b.,/home/carld/.cache/kagglehub/datasets/linchundan/fundusimage1000/versions/4/1000images/13.Dragged Disc/1ffa9490-8d87-11e8-9daf-6045cb817f5b..JPG,0,0,0,0,0,0,,-1,13.Dragged Disc,/kaggle/temp/troubles/images/jsiec/21d5f97e04593514.jpg,-0.3422771,-0.54065555,-9.879245,-2.9405942,-2.676896,1.1019332
jsiec,jsiec-1ffa9491-8d87-11e8-9daf-6045cb817f5b.,/home/carld/.cache/kagglehub/datasets/linchundan/fundusimage1000/versions/4/1000images/13.Dragged Disc/1ffa9491-8d87-11e8-9daf-6045cb817f5b..JPG,0,0,0,0,0,0,,-1,13.Dragged Disc,/kaggle/temp/troubles/images/jsiec/ce889d74771b5b5b.jpg,-3.5268307,1.474391,-4.5088906,-3.4464076,-6.558886,-3.1099339
jsiec,jsiec-1ffa9492-8d87-11e8-9daf-6045cb817f5b.,/home/carld/.cache/kagglehub/datasets/linchundan/fundusimage1000/versions/4/1000images/13.Dragged Disc/1ffa9492-8d87-11e8-9daf-6045cb817f5b..JPG,0,0,0,0,0,0,,-1,13.Dragged Disc,/kaggle/temp/troubles/images/jsiec/7b7967f24ed08dbd.jpg,0.38382143,-2.0332656,-7.8908625,-0.8426306,-5.3372087,-4.822075
jsiec,jsiec-1ffa938b-8d87-11e8-9daf-6045cb817f5b.,/home/carld/.cache/kagglehub/datasets/linchundan/fundusimage1000/versions/4/1000images/14.Congenital disc abnormality/1ffa938b-8d87-11e8-9daf-6045cb817f5b..JPG,0,0,0,0,0,0,,-1,14.Congenital disc abnormality,/kaggle/temp/troubles/images/jsiec/d529b69c2be0fb0f.jpg,-2.6388144,0.86235064,-8.16269,-1.1801122,-4.876313,2.1153243
jsiec,jsiec-1ffa938c-8d87-11e8-9daf-6045cb817f5b.,/home/carld/.cache/kagglehub/datasets/linchundan/fundusimage1000/versions/4/1000images/14.Congenital disc abnormality/1ffa938c-8d87-11e8-9daf-6045cb817f5b..JPG,0,0,0,0,0,0,,-1,14.Congenital disc abnormality,/kaggle/temp/troubles/images/jsiec/f2c4991c105de52d.jpg,-1.8116958,-0.9860396,-5.102831,0.3116134,-4.6759896,-4.801902
jsiec,jsiec-1ffa938d-8d87-11e8-9daf-6045cb817f5b.,/home/carld/.cache/kagglehub/datasets/linchundan/fundusimage1000/versions/4/1000images/14.Congenital disc abnormality/1ffa938d-8d87-11e8-9daf-6045cb817f5b..JPG,0,0,0,0,0,0,,-1,14.Congenital disc abnormality,/kaggle/temp/troubles/images/jsiec/9e03569958f633e3.jpg,-3.09928,-0.26325154,-9.7247925,3.551496,-7.768132,-1.169091
jsiec,jsiec-1ffa938e-8d87-11e8-9daf-6045cb817f5b.,/home/carld/.cache/kagglehub/datasets/linchundan/fundusimage1000/versions/4/1000images/14.Congenital disc abnormality/1ffa938e-8d87-11e8-9daf-6045cb817f5b..JPG,0,0,0,0,0,0,,-1,14.Congenital disc abnormality,/kaggle/temp/troubles/images/jsiec/6c29e70549060868.jpg,-2.3312306,-4.30982,-7.8567257,-4.3020487,-5.0900726,6.0752983
jsiec,jsiec-1ffa938f-8d87-11e8-9daf-6045cb817f5b.,/home/carld/.cache/kagglehub/datasets/linchundan/fundusimage1000/versions/4/1000images/14.Congenital disc abnormality/1ffa938f-8d87-11e8-9daf-6045cb817f5b..JPG,0,0,0,0,0,0,,-1,14.Congenital disc abnormality,/kaggle/temp/troubles/images/jsiec/d6f54eab0eefd11d.jpg,-3.447585,2.7583632,-8.529398,-6.9818277,-4.089013,-4.9969616
jsiec,jsiec-1ffa9390-8d87-11e8-9daf-6045cb817f5b.,/home/carld/.cache/kagglehub/datasets/linchundan/fundusimage1000/versions/4/1000images/14.Congenital disc abnormality/1ffa9390-8d87-11e8-9daf-6045cb817f5b..JPG,0,0,0,0,0,0,,-1,14.Congenital disc abnormality,/kaggle/temp/troubles/images/jsiec/afafbd45161ffd3b.jpg,0.6690215,-0.89097124,-6.352256,-1.490254,-2.773714,-3.3179352
jsiec,jsiec-1ffa9391-8d87-11e8-9daf-6045cb817f5b.,/home/carld/.cache/kagglehub/datasets/linchundan/fundusimage1000/versions/4/1000images/14.Congenital disc abnormality/1ffa9391-8d87-11e8-9daf-6045cb817f5b..JPG,0,0,0,0,0,0,,-1,14.Congenital disc abnormality,/kaggle/temp/troubles/images/jsiec/3fc4f06076baee13.jpg,0.028674923,-0.8526078,-8.19561,-2.5142772,-4.6861544,-0.0615562
jsiec,jsiec-1ffa9392-8d87-11e8-9daf-6045cb817f5b.,/home/carld/.cache/kagglehub/datasets/linchundan/fundusimage1000/versions/4/1000images/14.Congenital disc abnormality/1ffa9392-8d87-11e8-9daf-6045cb817f5b..JPG,0,0,0,0,0,0,,-1,14.Congenital disc abnormality,/kaggle/temp/troubles/images/jsiec/3ef9870b4d0ccd9d.jpg,-0.068826035,-0.5900946,-6.9105926,-1.6988132,-1.3815166,-4.4629345
jsiec,jsiec-1ffa9393-8d87-11e8-9daf-6045cb817f5b.,/home/carld/.cache/kagglehub/datasets/linchundan/fundusimage1000/versions/4/1000images/14.Congenital disc abnormality/1ffa9393-8d87-11e8-9daf-6045cb817f5b..JPG,0,0,0,0,0,0,,-1,14.Congenital disc abnormality,/kaggle/temp/troubles/images/jsiec/c5dd843dd962931a.jpg,-3.94289,-1.2951548,-10.207975,2.7987566,-5.2494392,-1.6156918
jsiec,jsiec-1ffa9394-8d87-11e8-9daf-6045cb817f5b.,/home/carld/.cache/kagglehub/datasets/linchundan/fundusimage1000/versions/4/1000images/14.Congenital disc abnormality/1ffa9394-8d87-11e8-9daf-6045cb817f5b..JPG,0,0,0,0,0,0,,-1,14.Congenital disc abnormality,/kaggle/temp/troubles/images/jsiec/f2fb378a96810103.jpg,-3.1115584,-1.0687777,-10.8288965,2.291507,-7.6731663,0.07821119
jsiec,jsiec-1ffa955a-8d87-11e8-9daf-6045cb817f5b.,/home/carld/.cache/kagglehub/datasets/linchundan/fundusimage1000/versions/4/1000images/15.0.Retinitis pigmentosa/1ffa955a-8d87-11e8-9daf-6045cb817f5b..JPG,0,0,0,0,0,0,,-1,15.0.Retinitis pigmentosa,/kaggle/temp/troubles/images/jsiec/60f6a4c8666446b6.jpg,-3.9683385,0.51744634,-7.3900633,0.24490899,-3.3235774,-9.137828
jsiec,jsiec-1ffa955b-8d87-11e8-9daf-6045cb817f5b.,/home/carld/.cache/kagglehub/datasets/linchundan/fundusimage1000/versions/4/1000images/15.0.Retinitis pigmentosa/1ffa955b-8d87-11e8-9daf-6045cb817f5b..JPG,0,0,0,0,0,0,,-1,15.0.Retinitis pigmentosa,/kaggle/temp/troubles/images/jsiec/22cb7bea486237e8.jpg,-1.7235413,-1.8348567,-3.606433,-1.6377727,-4.5117536,-2.8325624
jsiec,jsiec-1ffa955c-8d87-11e8-9daf-6045cb817f5b.,/home/carld/.cache/kagglehub/datasets/linchundan/fundusimage1000/versions/4/1000images/15.0.Retinitis pigmentosa/1ffa955c-8d87-11e8-9daf-6045cb817f5b..JPG,0,0,0,0,0,0,,-1,15.0.Retinitis pigmentosa,/kaggle/temp/troubles/images/jsiec/1837907e6fa2498f.jpg,0.06763443,-1.2720354,-5.9864225,-0.8990233,-6.61142,-5.38685
jsiec,jsiec-1ffa955d-8d87-11e8-9daf-6045cb817f5b.,/home/carld/.cache/kagglehub/datasets/linchundan/fundusimage1000/versions/4/1000images/15.0.Retinitis pigmentosa/1ffa955d-8d87-11e8-9daf-6045cb817f5b..JPG,0,0,0,0,0,0,,-1,15.0.Retinitis pigmentosa,/kaggle/temp/troubles/images/jsiec/6fea34e0c39db9c1.jpg,2.48614,-2.8364444,-4.8682604,-4.5271273,-3.7394204,-8.267915
jsiec,jsiec-1ffa955e-8d87-11e8-9daf-6045cb817f5b.,/home/carld/.cache/kagglehub/datasets/linchundan/fundusimage1000/versions/4/1000images/15.0.Retinitis pigmentosa/1ffa955e-8d87-11e8-9daf-6045cb817f5b..JPG,0,0,0,0,0,0,,-1,15.0.Retinitis pigmentosa,/kaggle/temp/troubles/images/jsiec/08a91e2bbeebc3c1.jpg,-0.16513301,0.97823626,-7.2415547,0.57702565,-5.6283016,-5.76592
jsiec,jsiec-1ffa955f-8d87-11e8-9daf-6045cb817f5b.,/home/carld/.cache/kagglehub/datasets/linchundan/fundusimage1000/versions/4/1000images/15.0.Retinitis pigmentosa/1ffa955f-8d87-11e8-9daf-6045cb817f5b..JPG,0,0,0,0,0,0,,-1,15.0.Retinitis pigmentosa,/kaggle/temp/troubles/images/jsiec/70d7149d044d5317.jpg,-0.66412276,-3.6723328,-2.146479,-1.0709139,-4.699694,-7.7190967
jsiec,jsiec-1ffa9560-8d87-11e8-9daf-6045cb817f5b.,/home/carld/.cache/kagglehub/datasets/linchundan/fundusimage1000/versions/4/1000images/15.0.Retinitis pigmentosa/1ffa9560-8d87-11e8-9daf-6045cb817f5b..JPG,0,0,0,0,0,0,,-1,15.0.Retinitis pigmentosa,/kaggle/temp/troubles/images/jsiec/919e51561fac8d2f.jpg,-0.93475634,-3.9522264,-4.2507668,-2.723013,-8.0787945,-7.437098
jsiec,jsiec-1ffa9561-8d87-11e8-9daf-6045cb817f5b.,/home/carld/.cache/kagglehub/datasets/linchundan/fundusimage1000/versions/4/1000images/15.0.Retinitis pigmentosa/1ffa9561-8d87-11e8-9daf-6045cb817f5b..JPG,0,0,0,0,0,0,,-1,15.0.Retinitis pigmentosa,/kaggle/temp/troubles/images/jsiec/0d6a80c2a22e7d87.jpg,-3.989646,-0.91038734,-2.0835683,-0.7227942,-5.1124873,-5.6140847
jsiec,jsiec-1ffa9562-8d87-11e8-9daf-6045cb817f5b.,/home/carld/.cache/kagglehub/datasets/linchundan/fundusimage1000/versions/4/1000images/15.0.Retinitis pigmentosa/1ffa9562-8d87-11e8-9daf-6045cb817f5b..JPG,0,0,0,0,0,0,,-1,15.0.Retinitis pigmentosa,/kaggle/temp/troubles/images/jsiec/3043a12c4d7f53de.jpg,-0.6302782,0.043716155,-4.642462,0.20755738,-5.9091496,-2.2226107
jsiec,jsiec-1ffa9563-8d87-11e8-9daf-6045cb817f5b.,/home/carld/.cache/kagglehub/datasets/linchundan/fundusimage1000/versions/4/1000images/15.0.Retinitis pigmentosa/1ffa9563-8d87-11e8-9daf-6045cb817f5b..JPG,0,0,0,0,0,0,,-1,15.0.Retinitis pigmentosa,/kaggle/temp/troubles/images/jsiec/caa2b6813b4eacfd.jpg,0.2940006,-1.9971591,-7.4205494,-0.9235586,-4.4015946,-6.5251756
jsiec,jsiec-1ffa9564-8d87-11e8-9daf-6045cb817f5b.,/home/carld/.cache/kagglehub/datasets/linchundan/fundusimage1000/versions/4/1000images/15.0.Retinitis pigmentosa/1ffa9564-8d87-11e8-9daf-6045cb817f5b..JPG,0,0,0,0,0,0,,-1,15.0.Retinitis pigmentosa,/kaggle/temp/troubles/images/jsiec/435782865ce65457.jpg,1.1204064,-2.4178472,-5.164073,-2.5630155,-6.1509347,-5.095212
jsiec,jsiec-1ffa9565-8d87-11e8-9daf-6045cb817f5b.,/home/carld/.cache/kagglehub/datasets/linchundan/fundusimage1000/versions/4/1000images/15.0.Retinitis pigmentosa/1ffa9565-8d87-11e8-9daf-6045cb817f5b..JPG,0,0,0,0,0,0,,-1,15.0.Retinitis pigmentosa,/kaggle/temp/troubles/images/jsiec/da86688f4492e8de.jpg,2.1760075,-2.7725754,-6.208383,-3.8796883,-6.6080027,-7.300993
jsiec,jsiec-1ffa9566-8d87-11e8-9daf-6045cb817f5b.,/home/carld/.cache/kagglehub/datasets/linchundan/fundusimage1000/versions/4/1000images/15.0.Retinitis pigmentosa/1ffa9566-8d87-11e8-9daf-6045cb817f5b..JPG,0,0,0,0,0,0,,-1,15.0.Retinitis pigmentosa,/kaggle/temp/troubles/images/jsiec/9ec596d1d8a3c114.jpg,-3.005924,-2.4484878,-7.749419,3.1573524,-7.6088004,0.33494723
jsiec,jsiec-1ffa9567-8d87-11e8-9daf-6045cb817f5b.,/home/carld/.cache/kagglehub/datasets/linchundan/fundusimage1000/versions/4/1000images/15.0.Retinitis pigmentosa/1ffa9567-8d87-11e8-9daf-6045cb817f5b..JPG,0,0,0,0,0,0,,-1,15.0.Retinitis pigmentosa,/kaggle/temp/troubles/images/jsiec/f64e767d32fbd30a.jpg,-0.05570834,-2.639112,-3.0845864,-2.8504577,-3.9653382,-7.1134877
jsiec,jsiec-1ffa9568-8d87-11e8-9daf-6045cb817f5b.,/home/carld/.cache/kagglehub/datasets/linchundan/fundusimage1000/versions/4/1000images/15.0.Retinitis pigmentosa/1ffa9568-8d87-11e8-9daf-6045cb817f5b..JPG,0,0,0,0,0,0,,-1,15.0.Retinitis pigmentosa,/kaggle/temp/troubles/images/jsiec/505ed2b5b3ec38b2.jpg,0.3814367,1.1603361,-4.0977354,-1.7117714,-5.454268,-2.5800164
jsiec,jsiec-1ffa9569-8d87-11e8-9daf-6045cb817f5b.,/home/carld/.cache/kagglehub/datasets/linchundan/fundusimage1000/versions/4/1000images/15.0.Retinitis pigmentosa/1ffa9569-8d87-11e8-9daf-6045cb817f5b..JPG,0,0,0,0,0,0,,-1,15.0.Retinitis pigmentosa,/kaggle/temp/troubles/images/jsiec/288e832fe74429d6.jpg,-0.8419559,-1.5949869,-5.2032456,-0.52656114,-5.407653,0.4877389
jsiec,jsiec-1ffa956a-8d87-11e8-9daf-6045cb817f5b.,/home/carld/.cache/kagglehub/datasets/linchundan/fundusimage1000/versions/4/1000images/15.0.Retinitis pigmentosa/1ffa956a-8d87-11e8-9daf-6045cb817f5b..JPG,0,0,0,0,0,0,,-1,15.0.Retinitis pigmentosa,/kaggle/temp/troubles/images/jsiec/83e6c482127d4343.jpg,-2.6744595,-1.5723118,-6.1001763,1.9879459,-8.049919,-0.47826838
jsiec,jsiec-1ffa956b-8d87-11e8-9daf-6045cb817f5b.,/home/carld/.cache/kagglehub/datasets/linchundan/fundusimage1000/versions/4/1000images/15.0.Retinitis pigmentosa/1ffa956b-8d87-11e8-9daf-6045cb817f5b..JPG,0,0,0,0,0,0,,-1,15.0.Retinitis pigmentosa,/kaggle/temp/troubles/images/jsiec/57c0a41d86e7df2a.jpg,-1.2235231,-1.261683,-5.309379,0.2135739,-5.6732116,0.10553844
jsiec,jsiec-1ffa956c-8d87-11e8-9daf-6045cb817f5b.,/home/carld/.cache/kagglehub/datasets/linchundan/fundusimage1000/versions/4/1000images/15.0.Retinitis pigmentosa/1ffa956c-8d87-11e8-9daf-6045cb817f5b..JPG,0,0,0,0,0,0,,-1,15.0.Retinitis pigmentosa,/kaggle/temp/troubles/images/jsiec/b8903895ff0d2444.jpg,-3.309806,-1.7017386,-0.8506932,-1.3865663,-7.082131,-3.9826262
jsiec,jsiec-1ffa956d-8d87-11e8-9daf-6045cb817f5b.,/home/carld/.cache/kagglehub/datasets/linchundan/fundusimage1000/versions/4/1000images/15.0.Retinitis pigmentosa/1ffa956d-8d87-11e8-9daf-6045cb817f5b..JPG,0,0,0,0,0,0,,-1,15.0.Retinitis pigmentosa,/kaggle/temp/troubles/images/jsiec/49212c4354665bf0.jpg,-2.9246836,-0.46068892,-3.7241304,-3.1819909,-2.5848045,-8.220178
jsiec,jsiec-1ffa956e-8d87-11e8-9daf-6045cb817f5b.,/home/carld/.cache/kagglehub/datasets/linchundan/fundusimage1000/versions/4/1000images/15.0.Retinitis pigmentosa/1ffa956e-8d87-11e8-9daf-6045cb817f5b..JPG,0,0,0,0,0,0,,-1,15.0.Retinitis pigmentosa,/kaggle/temp/troubles/images/jsiec/30482a7c96af2fae.jpg,-3.6653206,-0.59628403,-5.504451,0.32892483,-3.6338606,-9.397667
jsiec,jsiec-1ffa956f-8d87-11e8-9daf-6045cb817f5b.,/home/carld/.cache/kagglehub/datasets/linchundan/fundusimage1000/versions/4/1000images/15.0.Retinitis pigmentosa/1ffa956f-8d87-11e8-9daf-6045cb817f5b..JPG,0,0,0,0,0,0,,-1,15.0.Retinitis pigmentosa,/kaggle/temp/troubles/images/jsiec/68891a6ec7a718e8.jpg,0.01869867,-2.9917953,-8.086726,0.9046911,-5.9848685,-5.709959
jsiec,jsiec-1ffa9508-8d87-11e8-9daf-6045cb817f5b.,/home/carld/.cache/kagglehub/datasets/linchundan/fundusimage1000/versions/4/1000images/15.1.Bietti crystalline dystrophy/1ffa9508-8d87-11e8-9daf-6045cb817f5b..JPG,0,0,0,0,0,0,,-1,15.1.Bietti crystalline dystrophy,/kaggle/temp/troubles/images/jsiec/e7ad4a0f6a16fa1e.jpg,-4.548522,-3.357376,-6.835979,2.0428376,-2.8080423,-7.233243
jsiec,jsiec-1ffa9509-8d87-11e8-9daf-6045cb817f5b.,/home/carld/.cache/kagglehub/datasets/linchundan/fundusimage1000/versions/4/1000images/15.1.Bietti crystalline dystrophy/1ffa9509-8d87-11e8-9daf-6045cb817f5b..JPG,0,0,0,0,0,0,,-1,15.1.Bietti crystalline dystrophy,/kaggle/temp/troubles/images/jsiec/eafdb690ac770868.jpg,-5.1813993,-2.387943,-6.9832544,2.789197,-4.4734216,-7.0029798
jsiec,jsiec-1ffa950a-8d87-11e8-9daf-6045cb817f5b.,/home/carld/.cache/kagglehub/datasets/linchundan/fundusimage1000/versions/4/1000images/15.1.Bietti crystalline dystrophy/1ffa950a-8d87-11e8-9daf-6045cb817f5b..JPG,0,0,0,0,0,0,,-1,15.1.Bietti crystalline dystrophy,/kaggle/temp/troubles/images/jsiec/4af8ea56ed317b45.jpg,-3.4472246,-2.9300313,-7.1503944,0.59398985,-4.529708,-9.524635
jsiec,jsiec-1ffa950b-8d87-11e8-9daf-6045cb817f5b.,/home/carld/.cache/kagglehub/datasets/linchundan/fundusimage1000/versions/4/1000images/15.1.Bietti crystalline dystrophy/1ffa950b-8d87-11e8-9daf-6045cb817f5b..JPG,0,0,0,0,0,0,,-1,15.1.Bietti crystalline dystrophy,/kaggle/temp/troubles/images/jsiec/4d844ec9d89ddbc3.jpg,-4.006958,-3.7817633,-7.726064,0.06290012,-5.218956,-9.481358
jsiec,jsiec-1ffa950c-8d87-11e8-9daf-6045cb817f5b.,/home/carld/.cache/kagglehub/datasets/linchundan/fundusimage1000/versions/4/1000images/15.1.Bietti crystalline dystrophy/1ffa950c-8d87-11e8-9daf-6045cb817f5b..JPG,0,0,0,0,0,0,,-1,15.1.Bietti crystalline dystrophy,/kaggle/temp/troubles/images/jsiec/7f2adbb3844f768f.jpg,-5.158181,-4.369945,-8.143573,0.6930553,-4.680651,-10.156579
jsiec,jsiec-1ffa950d-8d87-11e8-9daf-6045cb817f5b.,/home/carld/.cache/kagglehub/datasets/linchundan/fundusimage1000/versions/4/1000images/15.1.Bietti crystalline dystrophy/1ffa950d-8d87-11e8-9daf-6045cb817f5b..JPG,0,0,0,0,0,0,,-1,15.1.Bietti crystalline dystrophy,/kaggle/temp/troubles/images/jsiec/2ab0044c4f932c9f.jpg,0.9002954,-2.4361393,-6.894151,1.7026663,-8.207884,-6.728494
jsiec,jsiec-1ffa950e-8d87-11e8-9daf-6045cb817f5b.,/home/carld/.cache/kagglehub/datasets/linchundan/fundusimage1000/versions/4/1000images/15.1.Bietti crystalline dystrophy/1ffa950e-8d87-11e8-9daf-6045cb817f5b..JPG,0,0,0,0,0,0,,-1,15.1.Bietti crystalline dystrophy,/kaggle/temp/troubles/images/jsiec/a317337019863b0c.jpg,-5.0779266,-2.3019946,-6.1301737,1.8002818,-4.7602096,-8.374629
jsiec,jsiec-1ffa950f-8d87-11e8-9daf-6045cb817f5b.,/home/carld/.cache/kagglehub/datasets/linchundan/fundusimage1000/versions/4/1000images/15.1.Bietti crystalline dystrophy/1ffa950f-8d87-11e8-9daf-6045cb817f5b..JPG,0,0,0,0,0,0,,-1,15.1.Bietti crystalline dystrophy,/kaggle/temp/troubles/images/jsiec/bd381b8bc3190385.jpg,-3.9029624,-3.3026938,-6.748074,3.193482,-4.016194,-8.150963
jsiec,jsiec-1ffa95db-8d87-11e8-9daf-6045cb817f5b.,/home/carld/.cache/kagglehub/datasets/linchundan/fundusimage1000/versions/4/1000images/16.Peripheral retinal degeneration and break/1ffa95db-8d87-11e8-9daf-6045cb817f5b..JPG,0,0,0,0,0,0,,-1,16.Peripheral retinal degeneration and break,/kaggle/temp/troubles/images/jsiec/da67ff4afe11295d.jpg,-1.8875337,0.17961453,-3.3823624,-1.2888006,-6.207252,1.9317412
jsiec,jsiec-1ffa95dc-8d87-11e8-9daf-6045cb817f5b.,/home/carld/.cache/kagglehub/datasets/linchundan/fundusimage1000/versions/4/1000images/16.Peripheral retinal degeneration and break/1ffa95dc-8d87-11e8-9daf-6045cb817f5b..JPG,0,0,0,0,0,0,,-1,16.Peripheral retinal degeneration and break,/kaggle/temp/troubles/images/jsiec/070c3d83f618814d.jpg,0.6627755,-1.5096278,-5.07625,2.2294767,-5.9315047,0.21822308
jsiec,jsiec-1ffa95dd-8d87-11e8-9daf-6045cb817f5b.,/home/carld/.cache/kagglehub/datasets/linchundan/fundusimage1000/versions/4/1000images/16.Peripheral retinal degeneration and break/1ffa95dd-8d87-11e8-9daf-6045cb817f5b..JPG,0,0,0,0,0,0,,-1,16.Peripheral retinal degeneration and break,/kaggle/temp/troubles/images/jsiec/5477a2c1cfdf909c.jpg,-1.4780724,0.45136032,-2.7575393,0.49143502,-4.756229,2.074618
jsiec,jsiec-1ffa95de-8d87-11e8-9daf-6045cb817f5b.,/home/carld/.cache/kagglehub/datasets/linchundan/fundusimage1000/versions/4/1000images/16.Peripheral retinal degeneration and break/1ffa95de-8d87-11e8-9daf-6045cb817f5b..JPG,0,0,0,0,0,0,,-1,16.Peripheral retinal degeneration and break,/kaggle/temp/troubles/images/jsiec/e4c0dcfb40c052df.jpg,-2.329941,-0.33079085,-1.5338082,-1.8553404,-5.1605186,-0.4427865
jsiec,jsiec-1ffa95df-8d87-11e8-9daf-6045cb817f5b.,/home/carld/.cache/kagglehub/datasets/linchundan/fundusimage1000/versions/4/1000images/16.Peripheral retinal degeneration and break/1ffa95df-8d87-11e8-9daf-6045cb817f5b..JPG,0,0,0,0,0,0,,-1,16.Peripheral retinal degeneration and break,/kaggle/temp/troubles/images/jsiec/f834d85238060422.jpg,-2.1182675,1.4251738,-2.2779639,-2.2674217,-3.5007222,-2.8428788
jsiec,jsiec-1ffa95e0-8d87-11e8-9daf-6045cb817f5b.,/home/carld/.cache/kagglehub/datasets/linchundan/fundusimage1000/versions/4/1000images/16.Peripheral retinal degeneration and break/1ffa95e0-8d87-11e8-9daf-6045cb817f5b..JPG,0,0,0,0,0,0,,-1,16.Peripheral retinal degeneration and break,/kaggle/temp/troubles/images/jsiec/c1142bf0eb91bcbe.jpg,-4.1135697,-0.83637244,-1.2614924,1.2483237,-7.2724886,0.08340828
jsiec,jsiec-1ffa95e1-8d87-11e8-9daf-6045cb817f5b.,/home/carld/.cache/kagglehub/datasets/linchundan/fundusimage1000/versions/4/1000images/16.Peripheral retinal degeneration and break/1ffa95e1-8d87-11e8-9daf-6045cb817f5b..JPG,0,0,0,0,0,0,,-1,16.Peripheral retinal degeneration and break,/kaggle/temp/troubles/images/jsiec/700b3e8cc735e9ae.jpg,-1.1674521,0.14087929,-5.331807,2.4192731,-8.977799,0.72382003
jsiec,jsiec-1ffa95e2-8d87-11e8-9daf-6045cb817f5b.,/home/carld/.cache/kagglehub/datasets/linchundan/fundusimage1000/versions/4/1000images/16.Peripheral retinal degeneration and break/1ffa95e2-8d87-11e8-9daf-6045cb817f5b..JPG,0,0,0,0,0,0,,-1,16.Peripheral retinal degeneration and break,/kaggle/temp/troubles/images/jsiec/48f6ca96e2f6152d.jpg,-4.870975,0.35558727,-4.4370227,4.0110316,-7.9545617,2.1145298
jsiec,jsiec-1ffa95e3-8d87-11e8-9daf-6045cb817f5b.,/home/carld/.cache/kagglehub/datasets/linchundan/fundusimage1000/versions/4/1000images/16.Peripheral retinal degeneration and break/1ffa95e3-8d87-11e8-9daf-6045cb817f5b..JPG,0,0,0,0,0,0,,-1,16.Peripheral retinal degeneration and break,/kaggle/temp/troubles/images/jsiec/09871bacd728fb82.jpg,-3.6072242,-0.8855145,-5.631506,-1.0055183,-8.817523,-0.88020337
jsiec,jsiec-1ffa95e4-8d87-11e8-9daf-6045cb817f5b.,/home/carld/.cache/kagglehub/datasets/linchundan/fundusimage1000/versions/4/1000images/16.Peripheral retinal degeneration and break/1ffa95e4-8d87-11e8-9daf-6045cb817f5b..JPG,0,0,0,0,0,0,,-1,16.Peripheral retinal degeneration and break,/kaggle/temp/troubles/images/jsiec/1b7fbfaf1836c38a.jpg,-2.8490486,-0.38357684,-2.01949,0.39175704,-6.602962,2.1782446
jsiec,jsiec-1ffa95e5-8d87-11e8-9daf-6045cb817f5b.,/home/carld/.cache/kagglehub/datasets/linchundan/fundusimage1000/versions/4/1000images/16.Peripheral retinal degeneration and break/1ffa95e5-8d87-11e8-9daf-6045cb817f5b..JPG,0,0,0,0,0,0,,-1,16.Peripheral retinal degeneration and break,/kaggle/temp/troubles/images/jsiec/cb853b1586e46679.jpg,-2.0353677,-0.92645234,-3.0869327,0.32526866,-4.5070753,-0.14815272
jsiec,jsiec-1ffa95e6-8d87-11e8-9daf-6045cb817f5b.,/home/carld/.cache/kagglehub/datasets/linchundan/fundusimage1000/versions/4/1000images/16.Peripheral retinal degeneration and break/1ffa95e6-8d87-11e8-9daf-6045cb817f5b..JPG,0,0,0,0,0,0,,-1,16.Peripheral retinal degeneration and break,/kaggle/temp/troubles/images/jsiec/09e8d86510691b90.jpg,-2.3438582,-0.68003434,-3.6948187,-1.713654,-6.592855,-0.85118043
jsiec,jsiec-1ffa95e7-8d87-11e8-9daf-6045cb817f5b.,/home/carld/.cache/kagglehub/datasets/linchundan/fundusimage1000/versions/4/1000images/16.Peripheral retinal degeneration and break/1ffa95e7-8d87-11e8-9daf-6045cb817f5b..JPG,0,0,0,0,0,0,,-1,16.Peripheral retinal degeneration and break,/kaggle/temp/troubles/images/jsiec/1d6095a483baf694.jpg,-0.55495626,-1.21304,-4.3646593,-2.1393812,-7.5696363,1.5976651
jsiec,jsiec-1ffa95e8-8d87-11e8-9daf-6045cb817f5b.,/home/carld/.cache/kagglehub/datasets/linchundan/fundusimage1000/versions/4/1000images/16.Peripheral retinal degeneration and break/1ffa95e8-8d87-11e8-9daf-6045cb817f5b..JPG,0,0,0,0,0,0,,-1,16.Peripheral retinal degeneration and break,/kaggle/temp/troubles/images/jsiec/47d89445674c7900.jpg,-1.4585905,0.432131,-3.7577777,-1.1942871,-5.6028247,-0.33029965
jsiec,jsiec-1ffa92c1-8d87-11e8-9daf-6045cb817f5b.,/home/carld/.cache/kagglehub/datasets/linchundan/fundusimage1000/versions/4/1000images/17.Myelinated nerve fiber/1ffa92c1-8d87-11e8-9daf-6045cb817f5b..JPG,0,0,0,0,0,0,,-1,17.Myelinated nerve fiber,/kaggle/temp/troubles/images/jsiec/5853ef76d59e312d.jpg,-3.2316368,3.3332977,-9.804721,-5.188666,-2.6117823,-3.3370748
jsiec,jsiec-1ffa92c2-8d87-11e8-9daf-6045cb817f5b.,/home/carld/.cache/kagglehub/datasets/linchundan/fundusimage1000/versions/4/1000images/17.Myelinated nerve fiber/1ffa92c2-8d87-11e8-9daf-6045cb817f5b..JPG,0,0,0,0,0,0,,-1,17.Myelinated nerve fiber,/kaggle/temp/troubles/images/jsiec/c4a3d47ae9a54f40.jpg,-3.8225493,-3.136589,-6.8825197,-3.6258948,-3.996237,1.3035207
jsiec,jsiec-1ffa92c3-8d87-11e8-9daf-6045cb817f5b.,/home/carld/.cache/kagglehub/datasets/linchundan/fundusimage1000/versions/4/1000images/17.Myelinated nerve fiber/1ffa92c3-8d87-11e8-9daf-6045cb817f5b..JPG,0,0,0,0,0,0,,-1,17.Myelinated nerve fiber,/kaggle/temp/troubles/images/jsiec/1280923ebdd0a2d4.jpg,-1.0206587,-2.8097558,-9.838361,-2.9541454,-4.0727987,1.5810338
jsiec,jsiec-1ffa92c4-8d87-11e8-9daf-6045cb817f5b.,/home/carld/.cache/kagglehub/datasets/linchundan/fundusimage1000/versions/4/1000images/17.Myelinated nerve fiber/1ffa92c4-8d87-11e8-9daf-6045cb817f5b..JPG,0,0,0,0,0,0,,-1,17.Myelinated nerve fiber,/kaggle/temp/troubles/images/jsiec/1a410bcd5aa83867.jpg,-2.360269,0.029111048,-8.421519,-4.5133104,-5.217374,-7.854641
jsiec,jsiec-1ffa92c5-8d87-11e8-9daf-6045cb817f5b.,/home/carld/.cache/kagglehub/datasets/linchundan/fundusimage1000/versions/4/1000images/17.Myelinated nerve fiber/1ffa92c5-8d87-11e8-9daf-6045cb817f5b..JPG,0,0,0,0,0,0,,-1,17.Myelinated nerve fiber,/kaggle/temp/troubles/images/jsiec/ec0eba8abc37463f.jpg,-2.0532713,-1.9608111,-8.14724,-2.659661,-4.468447,0.1250402
jsiec,jsiec-1ffa92c6-8d87-11e8-9daf-6045cb817f5b.,/home/carld/.cache/kagglehub/datasets/linchundan/fundusimage1000/versions/4/1000images/17.Myelinated nerve fiber/1ffa92c6-8d87-11e8-9daf-6045cb817f5b..JPG,0,0,0,0,0,0,,-1,17.Myelinated nerve fiber,/kaggle/temp/troubles/images/jsiec/3d0a72fe81815adb.jpg,-0.75924045,0.6146645,-8.781004,-6.110572,-1.3331188,-5.987056
jsiec,jsiec-1ffa92c7-8d87-11e8-9daf-6045cb817f5b.,/home/carld/.cache/kagglehub/datasets/linchundan/fundusimage1000/versions/4/1000images/17.Myelinated nerve fiber/1ffa92c7-8d87-11e8-9daf-6045cb817f5b..JPG,0,0,0,0,0,0,,-1,17.Myelinated nerve fiber,/kaggle/temp/troubles/images/jsiec/938d7224d6851602.jpg,-2.6731927,0.6225123,-9.780526,-3.649592,-2.5614567,-4.04184
jsiec,jsiec-1ffa92c8-8d87-11e8-9daf-6045cb817f5b.,/home/carld/.cache/kagglehub/datasets/linchundan/fundusimage1000/versions/4/1000images/17.Myelinated nerve fiber/1ffa92c8-8d87-11e8-9daf-6045cb817f5b..JPG,0,0,0,0,0,0,,-1,17.Myelinated nerve fiber,/kaggle/temp/troubles/images/jsiec/f58913de7b538eb5.jpg,-4.190708,-1.7883373,-10.544189,-7.0079827,-3.054039,-6.927645
jsiec,jsiec-1ffa92c9-8d87-11e8-9daf-6045cb817f5b.,/home/carld/.cache/kagglehub/datasets/linchundan/fundusimage1000/versions/4/1000images/17.Myelinated nerve fiber/1ffa92c9-8d87-11e8-9daf-6045cb817f5b..JPG,0,0,0,0,0,0,,-1,17.Myelinated nerve fiber,/kaggle/temp/troubles/images/jsiec/85cae1c14cfdc96a.jpg,-3.0024307,0.4869238,-6.508208,-3.3664796,-5.3788767,3.2989013
jsiec,jsiec-1ffa92ca-8d87-11e8-9daf-6045cb817f5b.,/home/carld/.cache/kagglehub/datasets/linchundan/fundusimage1000/versions/4/1000images/17.Myelinated nerve fiber/1ffa92ca-8d87-11e8-9daf-6045cb817f5b..JPG,0,0,0,0,0,0,,-1,17.Myelinated nerve fiber,/kaggle/temp/troubles/images/jsiec/d01e1a35e4b73e59.jpg,-2.3913832,-0.29893568,-3.2389638,0.0339647,-3.5359037,-0.45944834
jsiec,jsiec-1ffa92cb-8d87-11e8-9daf-6045cb817f5b.,/home/carld/.cache/kagglehub/datasets/linchundan/fundusimage1000/versions/4/1000images/17.Myelinated nerve fiber/1ffa92cb-8d87-11e8-9daf-6045cb817f5b..JPG,0,0,0,0,0,0,,-1,17.Myelinated nerve fiber,/kaggle/temp/troubles/images/jsiec/652101fb9bbb8925.jpg,-2.0860245,-2.6591406,-9.583217,-3.6044827,-3.272595,-3.0386615
jsiec,jsiec-202efd3f-8d87-11e8-9daf-6045cb817f5b.,/home/carld/.cache/kagglehub/datasets/linchundan/fundusimage1000/versions/4/1000images/18.Vitreous particles/202efd3f-8d87-11e8-9daf-6045cb817f5b..JPG,-1,0,0,0,0,0,,-1,18.Vitreous particles,/kaggle/temp/troubles/images/jsiec/ebae918f822b9279.jpg,0.39836323,-0.56689894,-3.9013853,-1.3712804,-4.568398,-7.770165
jsiec,jsiec-202efd40-8d87-11e8-9daf-6045cb817f5b.,/home/carld/.cache/kagglehub/datasets/linchundan/fundusimage1000/versions/4/1000images/18.Vitreous particles/202efd40-8d87-11e8-9daf-6045cb817f5b..JPG,-1,0,0,0,0,0,,-1,18.Vitreous particles,/kaggle/temp/troubles/images/jsiec/36b372eb43d40a8c.jpg,-1.9071727,-0.3238086,-4.439275,-0.38577393,-2.170514,-7.94398
jsiec,jsiec-202efd41-8d87-11e8-9daf-6045cb817f5b.,/home/carld/.cache/kagglehub/datasets/linchundan/fundusimage1000/versions/4/1000images/18.Vitreous particles/202efd41-8d87-11e8-9daf-6045cb817f5b..JPG,-1,0,0,0,0,0,,-1,18.Vitreous particles,/kaggle/temp/troubles/images/jsiec/14d5c19c7acc33ad.jpg,-3.7318585,-0.38227472,0.782746,-2.1391878,-5.2130814,-6.5542355
jsiec,jsiec-202efd42-8d87-11e8-9daf-6045cb817f5b.,/home/carld/.cache/kagglehub/datasets/linchundan/fundusimage1000/versions/4/1000images/18.Vitreous particles/202efd42-8d87-11e8-9daf-6045cb817f5b..JPG,-1,0,0,0,0,0,,-1,18.Vitreous particles,/kaggle/temp/troubles/images/jsiec/b96a5ca51cc037c9.jpg,-4.27464,-0.2681053,-0.77885777,1.584354,-4.118437,-5.920051
jsiec,jsiec-202efd43-8d87-11e8-9daf-6045cb817f5b.,/home/carld/.cache/kagglehub/datasets/linchundan/fundusimage1000/versions/4/1000images/18.Vitreous particles/202efd43-8d87-11e8-9daf-6045cb817f5b..JPG,-1,0,0,0,0,0,,-1,18.Vitreous particles,/kaggle/temp/troubles/images/jsiec/ca90795c9f8b93d8.jpg,0.2693205,-2.2632177,-1.8177179,-6.2969956,-5.8115215,-7.984838
jsiec,jsiec-202efd44-8d87-11e8-9daf-6045cb817f5b.,/home/carld/.cache/kagglehub/datasets/linchundan/fundusimage1000/versions/4/1000images/18.Vitreous particles/202efd44-8d87-11e8-9daf-6045cb817f5b..JPG,-1,0,0,0,0,0,,-1,18.Vitreous particles,/kaggle/temp/troubles/images/jsiec/f34b3bb6f3fab80e.jpg,-0.48124427,-1.8799113,-3.9334471,-0.36968926,-4.22322,-5.994852
jsiec,jsiec-202efd45-8d87-11e8-9daf-6045cb817f5b.,/home/carld/.cache/kagglehub/datasets/linchundan/fundusimage1000/versions/4/1000images/18.Vitreous particles/202efd45-8d87-11e8-9daf-6045cb817f5b..JPG,-1,0,0,0,0,0,,-1,18.Vitreous particles,/kaggle/temp/troubles/images/jsiec/ea9e983021a7312a.jpg,-4.6006613,-0.30562505,1.4099149,-0.093244,-3.73845,-7.346258
jsiec,jsiec-202efd46-8d87-11e8-9daf-6045cb817f5b.,/home/carld/.cache/kagglehub/datasets/linchundan/fundusimage1000/versions/4/1000images/18.Vitreous particles/202efd46-8d87-11e8-9daf-6045cb817f5b..JPG,-1,0,0,0,0,0,,-1,18.Vitreous particles,/kaggle/temp/troubles/images/jsiec/5295a07e0d8abd1e.jpg,-3.1716506,-0.51860017,-3.9867022,-0.03391525,-4.7285166,-4.9893365
jsiec,jsiec-202efd47-8d87-11e8-9daf-6045cb817f5b.,/home/carld/.cache/kagglehub/datasets/linchundan/fundusimage1000/versions/4/1000images/18.Vitreous particles/202efd47-8d87-11e8-9daf-6045cb817f5b..JPG,-1,0,0,0,0,0,,-1,18.Vitreous particles,/kaggle/temp/troubles/images/jsiec/596372521dcfcb4d.jpg,-5.7816358,0.20272495,-1.8753204,2.8996718,-2.5432324,-5.0296764
jsiec,jsiec-202efd48-8d87-11e8-9daf-6045cb817f5b.,/home/carld/.cache/kagglehub/datasets/linchundan/fundusimage1000/versions/4/1000images/18.Vitreous particles/202efd48-8d87-11e8-9daf-6045cb817f5b..JPG,-1,0,0,0,0,0,,-1,18.Vitreous particles,/kaggle/temp/troubles/images/jsiec/0be56f3b61404419.jpg,-1.6923771,-0.21754067,-0.76674384,-2.4224253,-3.859678,-7.500151
jsiec,jsiec-202efd49-8d87-11e8-9daf-6045cb817f5b.,/home/carld/.cache/kagglehub/datasets/linchundan/fundusimage1000/versions/4/1000images/18.Vitreous particles/202efd49-8d87-11e8-9daf-6045cb817f5b..JPG,-1,0,0,0,0,0,,-1,18.Vitreous particles,/kaggle/temp/troubles/images/jsiec/e2475048651107af.jpg,-0.96541756,-1.1582458,0.14486238,-2.042204,-3.5937943,-5.277682
jsiec,jsiec-202efd4a-8d87-11e8-9daf-6045cb817f5b.,/home/carld/.cache/kagglehub/datasets/linchundan/fundusimage1000/versions/4/1000images/18.Vitreous particles/202efd4a-8d87-11e8-9daf-6045cb817f5b..JPG,-1,0,0,0,0,0,,-1,18.Vitreous particles,/kaggle/temp/troubles/images/jsiec/e5c23060959950b1.jpg,-3.743002,-0.6616097,-1.5438018,1.1919923,-4.516877,-7.5163064
jsiec,jsiec-202efd4b-8d87-11e8-9daf-6045cb817f5b.,/home/carld/.cache/kagglehub/datasets/linchundan/fundusimage1000/versions/4/1000images/18.Vitreous particles/202efd4b-8d87-11e8-9daf-6045cb817f5b..JPG,-1,0,0,0,0,0,,-1,18.Vitreous particles,/kaggle/temp/troubles/images/jsiec/8864c3dfd309c979.jpg,-4.0474343,-0.64176273,-6.371845,0.7825234,-3.3944936,-7.235145
jsiec,jsiec-202efd4c-8d87-11e8-9daf-6045cb817f5b.,/home/carld/.cache/kagglehub/datasets/linchundan/fundusimage1000/versions/4/1000images/18.Vitreous particles/202efd4c-8d87-11e8-9daf-6045cb817f5b..JPG,-1,0,0,0,0,0,,-1,18.Vitreous particles,/kaggle/temp/troubles/images/jsiec/cac1e567c3f11e4d.jpg,-3.9559383,-0.039488353,0.14196828,-0.896896,-4.1579275,-7.0125613
jsiec,jsiec-1ffa95e9-8d87-11e8-9daf-6045cb817f5b.,/home/carld/.cache/kagglehub/datasets/linchundan/fundusimage1000/versions/4/1000images/19.Fundus neoplasm/1ffa95e9-8d87-11e8-9daf-6045cb817f5b..JPG,0,0,0,0,0,0,,-1,19.Fundus neoplasm,/kaggle/temp/troubles/images/jsiec/50b9e3c10266b9eb.jpg,-1.7196505,0.0010523112,-3.2563035,-1.4096315,-6.4519196,-6.8283744
jsiec,jsiec-1ffa95ea-8d87-11e8-9daf-6045cb817f5b.,/home/carld/.cache/kagglehub/datasets/linchundan/fundusimage1000/versions/4/1000images/19.Fundus neoplasm/1ffa95ea-8d87-11e8-9daf-6045cb817f5b..JPG,0,0,0,0,0,0,,-1,19.Fundus neoplasm,/kaggle/temp/troubles/images/jsiec/af04ac62a19a1d0c.jpg,-1.211617,-1.2123855,-6.469005,-3.3360574,-5.934607,1.6660457
jsiec,jsiec-1ffa95eb-8d87-11e8-9daf-6045cb817f5b.,/home/carld/.cache/kagglehub/datasets/linchundan/fundusimage1000/versions/4/1000images/19.Fundus neoplasm/1ffa95eb-8d87-11e8-9daf-6045cb817f5b..JPG,0,0,0,0,0,0,,-1,19.Fundus neoplasm,/kaggle/temp/troubles/images/jsiec/4ebde23ec98178f5.jpg,-1.0552309,0.44915015,-7.4158025,-1.5044138,-3.1410131,-5.8812428
jsiec,jsiec-1ffa95ec-8d87-11e8-9daf-6045cb817f5b.,/home/carld/.cache/kagglehub/datasets/linchundan/fundusimage1000/versions/4/1000images/19.Fundus neoplasm/1ffa95ec-8d87-11e8-9daf-6045cb817f5b..JPG,0,0,0,0,0,0,,-1,19.Fundus neoplasm,/kaggle/temp/troubles/images/jsiec/9c59413463edb18a.jpg,-3.1979907,-1.2658479,-8.214856,3.3366196,-7.8935413,-1.2581005
jsiec,jsiec-1ffa95ed-8d87-11e8-9daf-6045cb817f5b.,/home/carld/.cache/kagglehub/datasets/linchundan/fundusimage1000/versions/4/1000images/19.Fundus neoplasm/1ffa95ed-8d87-11e8-9daf-6045cb817f5b..JPG,0,0,0,0,0,0,,-1,19.Fundus neoplasm,/kaggle/temp/troubles/images/jsiec/da39ef449c96d2ad.jpg,-2.9020703,-2.1921353,-9.385307,1.9281615,-6.7513022,-0.6882744
jsiec,jsiec-1ffa95ee-8d87-11e8-9daf-6045cb817f5b.,/home/carld/.cache/kagglehub/datasets/linchundan/fundusimage1000/versions/4/1000images/19.Fundus neoplasm/1ffa95ee-8d87-11e8-9daf-6045cb817f5b..JPG,0,0,0,0,0,0,,-1,19.Fundus neoplasm,/kaggle/temp/troubles/images/jsiec/52c712a888246790.jpg,-3.430589,-0.48575422,-0.73545676,-0.12600851,-6.6289177,-1.5791681
jsiec,jsiec-1ffa95ef-8d87-11e8-9daf-6045cb817f5b.,/home/carld/.cache/kagglehub/datasets/linchundan/fundusimage1000/versions/4/1000images/19.Fundus neoplasm/1ffa95ef-8d87-11e8-9daf-6045cb817f5b..JPG,0,0,0,0,0,0,,-1,19.Fundus neoplasm,/kaggle/temp/troubles/images/jsiec/9a2e000893228461.jpg,-0.24247038,-0.60731834,-0.82800174,-2.203137,-3.6307867,-3.1103647
jsiec,jsiec-1ffa95f0-8d87-11e8-9daf-6045cb817f5b.,/home/carld/.cache/kagglehub/datasets/linchundan/fundusimage1000/versions/4/1000images/19.Fundus neoplasm/1ffa95f0-8d87-11e8-9daf-6045cb817f5b..JPG,0,0,0,0,0,0,,-1,19.Fundus neoplasm,/kaggle/temp/troubles/images/jsiec/bccb23c9cab9c498.jpg,0.1608845,0.19115952,-9.010223,-3.4426205,-9.195009,-0.7212385
jsiec,jsiec-1ffa95f1-8d87-11e8-9daf-6045cb817f5b.,/home/carld/.cache/kagglehub/datasets/linchundan/fundusimage1000/versions/4/1000images/2.0.BRVO/1ffa95f1-8d87-11e8-9daf-6045cb817f5b..JPG,0,0,0,0,0,0,,-1,2.0.BRVO,/kaggle/temp/troubles/images/jsiec/5767acc1113aef07.jpg,0.2627914,-1.6381423,-7.705897,0.6966932,-5.383592,-3.3239684
jsiec,jsiec-1ffa95f2-8d87-11e8-9daf-6045cb817f5b.,/home/carld/.cache/kagglehub/datasets/linchundan/fundusimage1000/versions/4/1000images/2.0.BRVO/1ffa95f2-8d87-11e8-9daf-6045cb817f5b..JPG,0,0,0,0,0,0,,-1,2.0.BRVO,/kaggle/temp/troubles/images/jsiec/2fe7123bef695fbb.jpg,-3.4276505,-0.80593276,-8.655086,-1.2142749,-5.1452107,-1.6029615
jsiec,jsiec-1ffa95f3-8d87-11e8-9daf-6045cb817f5b.,/home/carld/.cache/kagglehub/datasets/linchundan/fundusimage1000/versions/4/1000images/2.0.BRVO/1ffa95f3-8d87-11e8-9daf-6045cb817f5b..JPG,0,0,0,0,0,0,,-1,2.0.BRVO,/kaggle/temp/troubles/images/jsiec/c585f321e9183c65.jpg,1.1474111,-0.63312155,-8.702758,-0.31986192,-4.659648,-4.644899
jsiec,jsiec-1ffa95f4-8d87-11e8-9daf-6045cb817f5b.,/home/carld/.cache/kagglehub/datasets/linchundan/fundusimage1000/versions/4/1000images/2.0.BRVO/1ffa95f4-8d87-11e8-9daf-6045cb817f5b..JPG,0,0,0,0,0,0,,-1,2.0.BRVO,/kaggle/temp/troubles/images/jsiec/d452a0a54995bf01.jpg,1.9631581,-2.039419,-8.625206,-3.5855913,-7.821173,-4.227556
jsiec,jsiec-1ffa95f5-8d87-11e8-9daf-6045cb817f5b.,/home/carld/.cache/kagglehub/datasets/linchundan/fundusimage1000/versions/4/1000images/2.0.BRVO/1ffa95f5-8d87-11e8-9daf-6045cb817f5b..JPG,0,0,0,0,0,0,,-1,2.0.BRVO,/kaggle/temp/troubles/images/jsiec/c1a4e803faad6bbd.jpg,-0.7292464,-0.02035887,-6.205835,-1.8089631,-6.374742,-2.248154
jsiec,jsiec-1ffa95f6-8d87-11e8-9daf-6045cb817f5b.,/home/carld/.cache/kagglehub/datasets/linchundan/fundusimage1000/versions/4/1000images/2.0.BRVO/1ffa95f6-8d87-11e8-9daf-6045cb817f5b..JPG,0,0,0,0,0,0,,-1,2.0.BRVO,/kaggle/temp/troubles/images/jsiec/2ae478f80de96d8f.jpg,-2.5961804,-1.8806868,-12.193762,-0.46831548,-2.9852095,-7.214672
jsiec,jsiec-1ffa95f7-8d87-11e8-9daf-6045cb817f5b.,/home/carld/.cache/kagglehub/datasets/linchundan/fundusimage1000/versions/4/1000images/2.0.BRVO/1ffa95f7-8d87-11e8-9daf-6045cb817f5b..JPG,0,0,0,0,0,0,,-1,2.0.BRVO,/kaggle/temp/troubles/images/jsiec/41e53c9559cac017.jpg,2.8018157,-1.7786195,-9.826913,-4.0701013,-2.4693973,-9.975839
jsiec,jsiec-1ffa95f8-8d87-11e8-9daf-6045cb817f5b.,/home/carld/.cache/kagglehub/datasets/linchundan/fundusimage1000/versions/4/1000images/2.0.BRVO/1ffa95f8-8d87-11e8-9daf-6045cb817f5b..JPG,0,0,0,0,0,0,,-1,2.0.BRVO,/kaggle/temp/troubles/images/jsiec/199f7ac0f22549ab.jpg,3.0148244,-1.758559,-10.307318,-7.3099866,-1.2492093,-8.175557
jsiec,jsiec-1ffa95f9-8d87-11e8-9daf-6045cb817f5b.,/home/carld/.cache/kagglehub/datasets/linchundan/fundusimage1000/versions/4/1000images/2.0.BRVO/1ffa95f9-8d87-11e8-9daf-6045cb817f5b..JPG,0,0,0,0,0,0,,-1,2.0.BRVO,/kaggle/temp/troubles/images/jsiec/870400224a5f26f9.jpg,-3.7398732,-1.3480135,-6.4638658,-0.9154632,-6.244164,-3.3971963
jsiec,jsiec-1ffa95fa-8d87-11e8-9daf-6045cb817f5b.,/home/carld/.cache/kagglehub/datasets/linchundan/fundusimage1000/versions/4/1000images/2.0.BRVO/1ffa95fa-8d87-11e8-9daf-6045cb817f5b..JPG,0,0,0,0,0,0,,-1,2.0.BRVO,/kaggle/temp/troubles/images/jsiec/f08d4e0380dfcc42.jpg,0.45847982,-3.053674,-9.752797,-2.7189388,-3.341644,-7.2611346
jsiec,jsiec-1ffa95fb-8d87-11e8-9daf-6045cb817f5b.,/home/carld/.cache/kagglehub/datasets/linchundan/fundusimage1000/versions/4/1000images/2.0.BRVO/1ffa95fb-8d87-11e8-9daf-6045cb817f5b..JPG,0,0,0,0,0,0,,-1,2.0.BRVO,/kaggle/temp/troubles/images/jsiec/50cf7a9ab573efb5.jpg,-4.670565,-4.3704815,-6.276515,-0.91576636,-3.5556042,-7.419588
jsiec,jsiec-1ffa95fc-8d87-11e8-9daf-6045cb817f5b.,/home/carld/.cache/kagglehub/datasets/linchundan/fundusimage1000/versions/4/1000images/2.0.BRVO/1ffa95fc-8d87-11e8-9daf-6045cb817f5b..JPG,0,0,0,0,0,0,,-1,2.0.BRVO,/kaggle/temp/troubles/images/jsiec/0a0e450d73d8bdf1.jpg,-0.98823,-0.123958826,-7.130153,-3.2084029,-6.235895,-3.8228855
jsiec,jsiec-1ffa95fd-8d87-11e8-9daf-6045cb817f5b.,/home/carld/.cache/kagglehub/datasets/linchundan/fundusimage1000/versions/4/1000images/2.0.BRVO/1ffa95fd-8d87-11e8-9daf-6045cb817f5b..JPG,0,0,0,0,0,0,,-1,2.0.BRVO,/kaggle/temp/troubles/images/jsiec/70842977eda74257.jpg,0.40227008,-2.0413055,-9.518301,-3.0725331,-0.24071129,-9.850414
jsiec,jsiec-1ffa95fe-8d87-11e8-9daf-6045cb817f5b.,/home/carld/.cache/kagglehub/datasets/linchundan/fundusimage1000/versions/4/1000images/2.0.BRVO/1ffa95fe-8d87-11e8-9daf-6045cb817f5b..JPG,0,0,0,0,0,0,,-1,2.0.BRVO,/kaggle/temp/troubles/images/jsiec/b681f877081d3cc6.jpg,-4.204217,0.043500997,-4.6380506,-1.1685839,-6.313888,-7.650319
jsiec,jsiec-1ffa95ff-8d87-11e8-9daf-6045cb817f5b.,/home/carld/.cache/kagglehub/datasets/linchundan/fundusimage1000/versions/4/1000images/2.0.BRVO/1ffa95ff-8d87-11e8-9daf-6045cb817f5b..JPG,0,0,0,0,0,0,,-1,2.0.BRVO,/kaggle/temp/troubles/images/jsiec/dd272db76428ee08.jpg,-0.1421243,-0.346611,-7.992992,-2.1974208,-3.516797,-6.772328
jsiec,jsiec-1ffa9600-8d87-11e8-9daf-6045cb817f5b.,/home/carld/.cache/kagglehub/datasets/linchundan/fundusimage1000/versions/4/1000images/2.0.BRVO/1ffa9600-8d87-11e8-9daf-6045cb817f5b..JPG,0,0,0,0,0,0,,-1,2.0.BRVO,/kaggle/temp/troubles/images/jsiec/995c79f27beb882f.jpg,-0.30918327,-3.0873337,-7.669046,-5.3619766,0.208683,-7.9116044
jsiec,jsiec-1ffa9601-8d87-11e8-9daf-6045cb817f5b.,/home/carld/.cache/kagglehub/datasets/linchundan/fundusimage1000/versions/4/1000images/2.0.BRVO/1ffa9601-8d87-11e8-9daf-6045cb817f5b..JPG,0,0,0,0,0,0,,-1,2.0.BRVO,/kaggle/temp/troubles/images/jsiec/40449a0cdd3aa951.jpg,0.42577723,-3.322139,-7.781307,-4.223137,-2.876241,-8.003019
jsiec,jsiec-1ffa9602-8d87-11e8-9daf-6045cb817f5b.,/home/carld/.cache/kagglehub/datasets/linchundan/fundusimage1000/versions/4/1000images/2.0.BRVO/1ffa9602-8d87-11e8-9daf-6045cb817f5b..JPG,0,0,0,0,0,0,,-1,2.0.BRVO,/kaggle/temp/troubles/images/jsiec/11768e4b1f97715d.jpg,-1.4783685,-2.6917436,-7.887789,-0.15709428,-4.8369703,-7.770892
jsiec,jsiec-1ffa9603-8d87-11e8-9daf-6045cb817f5b.,/home/carld/.cache/kagglehub/datasets/linchundan/fundusimage1000/versions/4/1000images/2.0.BRVO/1ffa9603-8d87-11e8-9daf-6045cb817f5b..JPG,0,0,0,0,0,0,,-1,2.0.BRVO,/kaggle/temp/troubles/images/jsiec/c43625b2a029611d.jpg,3.4317856,-2.4544334,-8.147949,-6.350241,-4.517776,-6.705811
jsiec,jsiec-1ffa9604-8d87-11e8-9daf-6045cb817f5b.,/home/carld/.cache/kagglehub/datasets/linchundan/fundusimage1000/versions/4/1000images/2.0.BRVO/1ffa9604-8d87-11e8-9daf-6045cb817f5b..JPG,0,0,0,0,0,0,,-1,2.0.BRVO,/kaggle/temp/troubles/images/jsiec/f7afea1866c70ef6.jpg,0.35990477,-2.6235356,-9.523656,-2.2416,-6.4867225,-6.474208
jsiec,jsiec-1ffa9605-8d87-11e8-9daf-6045cb817f5b.,/home/carld/.cache/kagglehub/datasets/linchundan/fundusimage1000/versions/4/1000images/2.0.BRVO/1ffa9605-8d87-11e8-9daf-6045cb817f5b..JPG,0,0,0,0,0,0,,-1,2.0.BRVO,/kaggle/temp/troubles/images/jsiec/9f1b641894b0678c.jpg,-0.98557764,-1.8219683,-10.053536,-1.9907358,-3.9500983,-6.8215723
jsiec,jsiec-1ffa9606-8d87-11e8-9daf-6045cb817f5b.,/home/carld/.cache/kagglehub/datasets/linchundan/fundusimage1000/versions/4/1000images/2.0.BRVO/1ffa9606-8d87-11e8-9daf-6045cb817f5b..JPG,0,0,0,0,0,0,,-1,2.0.BRVO,/kaggle/temp/troubles/images/jsiec/1b4d3a7790f81a70.jpg,-1.5241137,-1.66765,-5.036668,-4.8214207,-2.1060627,-7.643414
jsiec,jsiec-1ffa9607-8d87-11e8-9daf-6045cb817f5b.,/home/carld/.cache/kagglehub/datasets/linchundan/fundusimage1000/versions/4/1000images/2.0.BRVO/1ffa9607-8d87-11e8-9daf-6045cb817f5b..JPG,0,0,0,0,0,0,,-1,2.0.BRVO,/kaggle/temp/troubles/images/jsiec/1f6bb0125205fd50.jpg,8.478921,-2.845378,-9.782731,-5.7408166,-1.5027518,-10.921922
jsiec,jsiec-1ffa9608-8d87-11e8-9daf-6045cb817f5b.,/home/carld/.cache/kagglehub/datasets/linchundan/fundusimage1000/versions/4/1000images/2.0.BRVO/1ffa9608-8d87-11e8-9daf-6045cb817f5b..JPG,0,0,0,0,0,0,,-1,2.0.BRVO,/kaggle/temp/troubles/images/jsiec/7397fb2905c907f8.jpg,-2.3056529,1.184832,-7.9096894,-2.602579,-4.4551487,-3.3415184
jsiec,jsiec-1ffa9609-8d87-11e8-9daf-6045cb817f5b.,/home/carld/.cache/kagglehub/datasets/linchundan/fundusimage1000/versions/4/1000images/2.0.BRVO/1ffa9609-8d87-11e8-9daf-6045cb817f5b..JPG,0,0,0,0,0,0,,-1,2.0.BRVO,/kaggle/temp/troubles/images/jsiec/54efdf139889b9d5.jpg,5.067274,-1.4396911,-6.279931,-4.9141483,-2.1531222,-6.2566566
jsiec,jsiec-1ffa960a-8d87-11e8-9daf-6045cb817f5b.,/home/carld/.cache/kagglehub/datasets/linchundan/fundusimage1000/versions/4/1000images/2.0.BRVO/1ffa960a-8d87-11e8-9daf-6045cb817f5b..JPG,0,0,0,0,0,0,,-1,2.0.BRVO,/kaggle/temp/troubles/images/jsiec/d401a16fc79cdc3e.jpg,-2.2044876,-2.0816865,-7.76861,-3.2981627,-2.089385,-6.6141934
jsiec,jsiec-1ffa960b-8d87-11e8-9daf-6045cb817f5b.,/home/carld/.cache/kagglehub/datasets/linchundan/fundusimage1000/versions/4/1000images/2.0.BRVO/1ffa960b-8d87-11e8-9daf-6045cb817f5b..JPG,0,0,0,0,0,0,,-1,2.0.BRVO,/kaggle/temp/troubles/images/jsiec/b54ac556e787b9b8.jpg,-1.7286165,0.727765,-5.883399,3.2960892,-4.149684,-5.7847905
jsiec,jsiec-1ffa960c-8d87-11e8-9daf-6045cb817f5b.,/home/carld/.cache/kagglehub/datasets/linchundan/fundusimage1000/versions/4/1000images/2.0.BRVO/1ffa960c-8d87-11e8-9daf-6045cb817f5b..JPG,0,0,0,0,0,0,,-1,2.0.BRVO,/kaggle/temp/troubles/images/jsiec/f7db4c40647975dd.jpg,-1.8620718,-1.7244927,-8.985049,-1.704586,-2.093272,-5.792934
jsiec,jsiec-1ffa960d-8d87-11e8-9daf-6045cb817f5b.,/home/carld/.cache/kagglehub/datasets/linchundan/fundusimage1000/versions/4/1000images/2.0.BRVO/1ffa960d-8d87-11e8-9daf-6045cb817f5b..JPG,0,0,0,0,0,0,,-1,2.0.BRVO,/kaggle/temp/troubles/images/jsiec/f71df17db62fc723.jpg,-4.637146,-4.5175867,-3.8290381,-2.8528483,-4.5097766,-9.896746
jsiec,jsiec-1ffa960e-8d87-11e8-9daf-6045cb817f5b.,/home/carld/.cache/kagglehub/datasets/linchundan/fundusimage1000/versions/4/1000images/2.0.BRVO/1ffa960e-8d87-11e8-9daf-6045cb817f5b..JPG,0,0,0,0,0,0,,-1,2.0.BRVO,/kaggle/temp/troubles/images/jsiec/0a0e50eae738a1fb.jpg,-0.17803708,-0.36156067,-9.823695,-0.82809854,-4.1332164,-5.3983207
jsiec,jsiec-1ffa960f-8d87-11e8-9daf-6045cb817f5b.,/home/carld/.cache/kagglehub/datasets/linchundan/fundusimage1000/versions/4/1000images/2.0.BRVO/1ffa960f-8d87-11e8-9daf-6045cb817f5b..JPG,0,0,0,0,0,0,,-1,2.0.BRVO,/kaggle/temp/troubles/images/jsiec/f0ea359d8594cad2.jpg,-2.7486308,-1.0445201,-8.280429,-1.789755,-4.4324875,-6.801509
jsiec,jsiec-1ffa9610-8d87-11e8-9daf-6045cb817f5b.,/home/carld/.cache/kagglehub/datasets/linchundan/fundusimage1000/versions/4/1000images/2.0.BRVO/1ffa9610-8d87-11e8-9daf-6045cb817f5b..JPG,0,0,0,0,0,0,,-1,2.0.BRVO,/kaggle/temp/troubles/images/jsiec/df430e774677b89e.jpg,-0.057428904,-0.39243844,-7.404694,-2.4118679,-3.7412634,-7.635404
jsiec,jsiec-1ffa9611-8d87-11e8-9daf-6045cb817f5b.,/home/carld/.cache/kagglehub/datasets/linchundan/fundusimage1000/versions/4/1000images/2.0.BRVO/1ffa9611-8d87-11e8-9daf-6045cb817f5b..JPG,0,0,0,0,0,0,,-1,2.0.BRVO,/kaggle/temp/troubles/images/jsiec/98eea52ca597bb17.jpg,-0.75013304,-1.6174018,-10.362014,-2.5078993,-1.8012513,-7.405275
jsiec,jsiec-1ffa9612-8d87-11e8-9daf-6045cb817f5b.,/home/carld/.cache/kagglehub/datasets/linchundan/fundusimage1000/versions/4/1000images/2.0.BRVO/1ffa9612-8d87-11e8-9daf-6045cb817f5b..JPG,0,0,0,0,0,0,,-1,2.0.BRVO,/kaggle/temp/troubles/images/jsiec/8433a13aaf483523.jpg,-1.5347283,-3.4775345,-8.874564,-1.3503731,-4.480522,-5.7698417
jsiec,jsiec-1ffa9613-8d87-11e8-9daf-6045cb817f5b.,/home/carld/.cache/kagglehub/datasets/linchundan/fundusimage1000/versions/4/1000images/2.0.BRVO/1ffa9613-8d87-11e8-9daf-6045cb817f5b..JPG,0,0,0,0,0,0,,-1,2.0.BRVO,/kaggle/temp/troubles/images/jsiec/34e50b7110938057.jpg,1.5780149,-0.47466528,-9.881237,-3.7367663,0.8782081,-9.263215
jsiec,jsiec-1ffa9614-8d87-11e8-9daf-6045cb817f5b.,/home/carld/.cache/kagglehub/datasets/linchundan/fundusimage1000/versions/4/1000images/2.0.BRVO/1ffa9614-8d87-11e8-9daf-6045cb817f5b..JPG,0,0,0,0,0,0,,-1,2.0.BRVO,/kaggle/temp/troubles/images/jsiec/854879a5a121e149.jpg,-3.5688019,-0.97071975,-6.899374,-2.8535578,-4.5992055,-4.991758
jsiec,jsiec-1ffa9615-8d87-11e8-9daf-6045cb817f5b.,/home/carld/.cache/kagglehub/datasets/linchundan/fundusimage1000/versions/4/1000images/2.0.BRVO/1ffa9615-8d87-11e8-9daf-6045cb817f5b..JPG,0,0,0,0,0,0,,-1,2.0.BRVO,/kaggle/temp/troubles/images/jsiec/2924f4a6dbcc123d.jpg,1.4683933,-3.3388948,-11.165224,-4.9998937,-1.0817957,-9.097699
jsiec,jsiec-1ffa9616-8d87-11e8-9daf-6045cb817f5b.,/home/carld/.cache/kagglehub/datasets/linchundan/fundusimage1000/versions/4/1000images/2.0.BRVO/1ffa9616-8d87-11e8-9daf-6045cb817f5b..JPG,0,0,0,0,0,0,,-1,2.0.BRVO,/kaggle/temp/troubles/images/jsiec/0055937724413350.jpg,-3.5493689,-1.4801631,-7.336822,-0.6051228,-5.231175,-8.3117075
jsiec,jsiec-1ffa9617-8d87-11e8-9daf-6045cb817f5b.,/home/carld/.cache/kagglehub/datasets/linchundan/fundusimage1000/versions/4/1000images/2.0.BRVO/1ffa9617-8d87-11e8-9daf-6045cb817f5b..JPG,0,0,0,0,0,0,,-1,2.0.BRVO,/kaggle/temp/troubles/images/jsiec/3d13ebb1297aaef9.jpg,-2.3271012,-1.5084723,-6.471629,0.53912985,-4.1912756,-7.2044616
jsiec,jsiec-1ffa9618-8d87-11e8-9daf-6045cb817f5b.,/home/carld/.cache/kagglehub/datasets/linchundan/fundusimage1000/versions/4/1000images/2.0.BRVO/1ffa9618-8d87-11e8-9daf-6045cb817f5b..JPG,0,0,0,0,0,0,,-1,2.0.BRVO,/kaggle/temp/troubles/images/jsiec/730e082070a2f7a5.jpg,-0.074243516,-3.1684046,-8.179194,-4.5655265,-0.41499454,-6.4851565
jsiec,jsiec-1ffa9619-8d87-11e8-9daf-6045cb817f5b.,/home/carld/.cache/kagglehub/datasets/linchundan/fundusimage1000/versions/4/1000images/2.0.BRVO/1ffa9619-8d87-11e8-9daf-6045cb817f5b..JPG,0,0,0,0,0,0,,-1,2.0.BRVO,/kaggle/temp/troubles/images/jsiec/1da4130b4007f85c.jpg,-2.0645924,-2.7286525,-5.3362393,-3.8429112,-4.6450095,-4.1801615
jsiec,jsiec-1ffa961a-8d87-11e8-9daf-6045cb817f5b.,/home/carld/.cache/kagglehub/datasets/linchundan/fundusimage1000/versions/4/1000images/2.0.BRVO/1ffa961a-8d87-11e8-9daf-6045cb817f5b..JPG,0,0,0,0,0,0,,-1,2.0.BRVO,/kaggle/temp/troubles/images/jsiec/cbdc48c0060749c5.jpg,-3.4594111,-1.9485133,-5.0351243,-2.565824,-5.5686593,-1.8146306
jsiec,jsiec-1ffa961b-8d87-11e8-9daf-6045cb817f5b.,/home/carld/.cache/kagglehub/datasets/linchundan/fundusimage1000/versions/4/1000images/2.0.BRVO/1ffa961b-8d87-11e8-9daf-6045cb817f5b..JPG,0,0,0,0,0,0,,-1,2.0.BRVO,/kaggle/temp/troubles/images/jsiec/ba6f25c4657422ee.jpg,0.31256163,-0.2491586,-8.14771,-2.897331,-2.93233,-5.27524
jsiec,jsiec-1ffa961c-8d87-11e8-9daf-6045cb817f5b.,/home/carld/.cache/kagglehub/datasets/linchundan/fundusimage1000/versions/4/1000images/2.0.BRVO/1ffa961c-8d87-11e8-9daf-6045cb817f5b..JPG,0,0,0,0,0,0,,-1,2.0.BRVO,/kaggle/temp/troubles/images/jsiec/b3d3ebd8d2e86e1f.jpg,0.62343335,-1.0136789,-8.492596,-3.319819,-5.576878,-3.151765
jsiec,jsiec-202efd0d-8d87-11e8-9daf-6045cb817f5b.,/home/carld/.cache/kagglehub/datasets/linchundan/fundusimage1000/versions/4/1000images/2.1.CRVO/202efd0d-8d87-11e8-9daf-6045cb817f5b..JPG,0,0,0,0,0,0,,-1,2.1.CRVO,/kaggle/temp/troubles/images/jsiec/c9afa27ea4a2fd36.jpg,-3.5971577,-0.44246653,-9.660529,-4.413289,-5.1354756,-2.674673
jsiec,jsiec-202efd0e-8d87-11e8-9daf-6045cb817f5b.,/home/carld/.cache/kagglehub/datasets/linchundan/fundusimage1000/versions/4/1000images/2.1.CRVO/202efd0e-8d87-11e8-9daf-6045cb817f5b..JPG,0,0,0,0,0,0,,-1,2.1.CRVO,/kaggle/temp/troubles/images/jsiec/876bebc81a12dc8a.jpg,-5.1936727,-1.1370336,-9.670609,-4.750437,-7.9509497,-0.5256097
jsiec,jsiec-202efd0f-8d87-11e8-9daf-6045cb817f5b.,/home/carld/.cache/kagglehub/datasets/linchundan/fundusimage1000/versions/4/1000images/2.1.CRVO/202efd0f-8d87-11e8-9daf-6045cb817f5b..JPG,0,0,0,0,0,0,,-1,2.1.CRVO,/kaggle/temp/troubles/images/jsiec/5b2b999e005d096f.jpg,-3.5268345,-1.8785431,-7.046929,-4.4909163,-7.060979,-8.457615
jsiec,jsiec-202efd10-8d87-11e8-9daf-6045cb817f5b.,/home/carld/.cache/kagglehub/datasets/linchundan/fundusimage1000/versions/4/1000images/2.1.CRVO/202efd10-8d87-11e8-9daf-6045cb817f5b..JPG,0,0,0,0,0,0,,-1,2.1.CRVO,/kaggle/temp/troubles/images/jsiec/95ec712dd798c9f6.jpg,-1.4548299,-3.4870024,-10.3983345,-4.2247815,-0.5875263,-5.883553
jsiec,jsiec-202efd11-8d87-11e8-9daf-6045cb817f5b.,/home/carld/.cache/kagglehub/datasets/linchundan/fundusimage1000/versions/4/1000images/2.1.CRVO/202efd11-8d87-11e8-9daf-6045cb817f5b..JPG,0,0,0,0,0,0,,-1,2.1.CRVO,/kaggle/temp/troubles/images/jsiec/d10a0f57b37e2c18.jpg,-4.7546535,1.641182,-8.033844,-3.0079565,-7.1736784,0.18215643
jsiec,jsiec-202efd12-8d87-11e8-9daf-6045cb817f5b.,/home/carld/.cache/kagglehub/datasets/linchundan/fundusimage1000/versions/4/1000images/2.1.CRVO/202efd12-8d87-11e8-9daf-6045cb817f5b..JPG,0,0,0,0,0,0,,-1,2.1.CRVO,/kaggle/temp/troubles/images/jsiec/6058a66cd0e6de7b.jpg,-3.8801239,-0.9754376,-8.370241,-3.3190775,-4.6326013,-3.3734565
jsiec,jsiec-202efd13-8d87-11e8-9daf-6045cb817f5b.,/home/carld/.cache/kagglehub/datasets/linchundan/fundusimage1000/versions/4/1000images/2.1.CRVO/202efd13-8d87-11e8-9daf-6045cb817f5b..JPG,0,0,0,0,0,0,,-1,2.1.CRVO,/kaggle/temp/troubles/images/jsiec/8ce22bf4101d9e4e.jpg,-4.8336415,0.27440777,-5.9440765,-2.5165453,-7.1114826,-0.8957769
jsiec,jsiec-202efd14-8d87-11e8-9daf-6045cb817f5b.,/home/carld/.cache/kagglehub/datasets/linchundan/fundusimage1000/versions/4/1000images/2.1.CRVO/202efd14-8d87-11e8-9daf-6045cb817f5b..JPG,0,0,0,0,0,0,,-1,2.1.CRVO,/kaggle/temp/troubles/images/jsiec/b6e5534bcacf9925.jpg,-4.043541,-3.589089,-8.994197,-4.174321,-6.0150204,-2.474009
jsiec,jsiec-202efd15-8d87-11e8-9daf-6045cb817f5b.,/home/carld/.cache/kagglehub/datasets/linchundan/fundusimage1000/versions/4/1000images/2.1.CRVO/202efd15-8d87-11e8-9daf-6045cb817f5b..JPG,0,0,0,0,0,0,,-1,2.1.CRVO,/kaggle/temp/troubles/images/jsiec/e3ecbbf4baa684ae.jpg,0.58364576,-2.4855008,-9.067507,-3.9784365,-4.1404614,-8.070677
jsiec,jsiec-202efd16-8d87-11e8-9daf-6045cb817f5b.,/home/carld/.cache/kagglehub/datasets/linchundan/fundusimage1000/versions/4/1000images/2.1.CRVO/202efd16-8d87-11e8-9daf-6045cb817f5b..JPG,0,0,0,0,0,0,,-1,2.1.CRVO,/kaggle/temp/troubles/images/jsiec/bc54d1d70b0f3cfc.jpg,-4.561698,-1.4059515,-9.979975,-5.618539,-4.29795,-5.3539453
jsiec,jsiec-202efd17-8d87-11e8-9daf-6045cb817f5b.,/home/carld/.cache/kagglehub/datasets/linchundan/fundusimage1000/versions/4/1000images/2.1.CRVO/202efd17-8d87-11e8-9daf-6045cb817f5b..JPG,0,0,0,0,0,0,,-1,2.1.CRVO,/kaggle/temp/troubles/images/jsiec/242280e10181621b.jpg,-2.4958699,0.5386925,-7.3400297,-2.696313,-3.726999,-2.6072009
jsiec,jsiec-202efd18-8d87-11e8-9daf-6045cb817f5b.,/home/carld/.cache/kagglehub/datasets/linchundan/fundusimage1000/versions/4/1000images/2.1.CRVO/202efd18-8d87-11e8-9daf-6045cb817f5b..JPG,0,0,0,0,0,0,,-1,2.1.CRVO,/kaggle/temp/troubles/images/jsiec/cf0f25dcdf1a9247.jpg,-2.8030314,-0.65303886,-4.5486665,-4.1554503,-5.5213447,-3.5353405
jsiec,jsiec-202efd19-8d87-11e8-9daf-6045cb817f5b.,/home/carld/.cache/kagglehub/datasets/linchundan/fundusimage1000/versions/4/1000images/2.1.CRVO/202efd19-8d87-11e8-9daf-6045cb817f5b..JPG,0,0,0,0,0,0,,-1,2.1.CRVO,/kaggle/temp/troubles/images/jsiec/0cfbea9052c6e8bc.jpg,-2.9639728,-2.090669,-7.461348,-3.943475,-5.1673245,-5.1950884
jsiec,jsiec-202efd1a-8d87-11e8-9daf-6045cb817f5b.,/home/carld/.cache/kagglehub/datasets/linchundan/fundusimage1000/versions/4/1000images/2.1.CRVO/202efd1a-8d87-11e8-9daf-6045cb817f5b..JPG,0,0,0,0,0,0,,-1,2.1.CRVO,/kaggle/temp/troubles/images/jsiec/05b4870d9fc4bc5f.jpg,-2.9112546,-1.9016423,-8.685999,-3.5824533,-3.9933844,-6.3771987
jsiec,jsiec-202efd1b-8d87-11e8-9daf-6045cb817f5b.,/home/carld/.cache/kagglehub/datasets/linchundan/fundusimage1000/versions/4/1000images/2.1.CRVO/202efd1b-8d87-11e8-9daf-6045cb817f5b..JPG,0,0,0,0,0,0,,-1,2.1.CRVO,/kaggle/temp/troubles/images/jsiec/fcde9bdd4f8bb6f3.jpg,-3.0405025,-1.0747162,-9.559046,-3.959673,-4.0282063,-6.7178426
jsiec,jsiec-202efd1c-8d87-11e8-9daf-6045cb817f5b.,/home/carld/.cache/kagglehub/datasets/linchundan/fundusimage1000/versions/4/1000images/2.1.CRVO/202efd1c-8d87-11e8-9daf-6045cb817f5b..JPG,0,0,0,0,0,0,,-1,2.1.CRVO,/kaggle/temp/troubles/images/jsiec/980cf88abfece337.jpg,-2.920341,-2.5032225,-10.031201,-4.998452,-3.6464417,-6.8905272
jsiec,jsiec-202efd1d-8d87-11e8-9daf-6045cb817f5b.,/home/carld/.cache/kagglehub/datasets/linchundan/fundusimage1000/versions/4/1000images/2.1.CRVO/202efd1d-8d87-11e8-9daf-6045cb817f5b..JPG,0,0,0,0,0,0,,-1,2.1.CRVO,/kaggle/temp/troubles/images/jsiec/998a0fe248fdbdfa.jpg,-3.1811173,-1.983871,-9.250771,-3.8872576,-5.035042,-5.4854393
jsiec,jsiec-202efd1e-8d87-11e8-9daf-6045cb817f5b.,/home/carld/.cache/kagglehub/datasets/linchundan/fundusimage1000/versions/4/1000images/2.1.CRVO/202efd1e-8d87-11e8-9daf-6045cb817f5b..JPG,0,0,0,0,0,0,,-1,2.1.CRVO,/kaggle/temp/troubles/images/jsiec/208804d93ce30ba8.jpg,-3.7244766,-0.32233733,-9.140684,-3.5497236,-5.3065877,-2.86602
jsiec,jsiec-202efd1f-8d87-11e8-9daf-6045cb817f5b.,/home/carld/.cache/kagglehub/datasets/linchundan/fundusimage1000/versions/4/1000images/2.1.CRVO/202efd1f-8d87-11e8-9daf-6045cb817f5b..JPG,0,0,0,0,0,0,,-1,2.1.CRVO,/kaggle/temp/troubles/images/jsiec/d7de36387e108e04.jpg,0.27828127,-3.6905742,-10.242895,-4.8139095,-2.4584167,-7.5096407
jsiec,jsiec-202efd20-8d87-11e8-9daf-6045cb817f5b.,/home/carld/.cache/kagglehub/datasets/linchundan/fundusimage1000/versions/4/1000images/2.1.CRVO/202efd20-8d87-11e8-9daf-6045cb817f5b..JPG,0,0,0,0,0,0,,-1,2.1.CRVO,/kaggle/temp/troubles/images/jsiec/164be73383a420ff.jpg,-1.1746678,-0.40130696,-8.918364,-5.266214,-3.2651305,-2.8474479
jsiec,jsiec-202efd21-8d87-11e8-9daf-6045cb817f5b.,/home/carld/.cache/kagglehub/datasets/linchundan/fundusimage1000/versions/4/1000images/2.1.CRVO/202efd21-8d87-11e8-9daf-6045cb817f5b..JPG,0,0,0,0,0,0,,-1,2.1.CRVO,/kaggle/temp/troubles/images/jsiec/5fe1da310aefdd1c.jpg,2.4349604,0.17864874,-9.177486,-6.677137,-2.5678892,-8.162672
jsiec,jsiec-202efd22-8d87-11e8-9daf-6045cb817f5b.,/home/carld/.cache/kagglehub/datasets/linchundan/fundusimage1000/versions/4/1000images/2.1.CRVO/202efd22-8d87-11e8-9daf-6045cb817f5b..JPG,0,0,0,0,0,0,,-1,2.1.CRVO,/kaggle/temp/troubles/images/jsiec/fdf3583e3a10909e.jpg,-2.6304607,-0.22441284,-8.120436,-3.1787024,-5.229458,-3.5470765
jsiec,jsiec-1ffa9395-8d87-11e8-9daf-6045cb817f5b.,/home/carld/.cache/kagglehub/datasets/linchundan/fundusimage1000/versions/4/1000images/20.Massive hard exudates/1ffa9395-8d87-11e8-9daf-6045cb817f5b..JPG,-1,0,0,0,-1,0,,-1,20.Massive hard exudates,/kaggle/temp/troubles/images/jsiec/8c7de2afc1aa38b0.jpg,-1.482182,-0.5857129,-7.3652816,1.2635303,-6.1432867,2.3334088
jsiec,jsiec-1ffa9396-8d87-11e8-9daf-6045cb817f5b.,/home/carld/.cache/kagglehub/datasets/linchundan/fundusimage1000/versions/4/1000images/20.Massive hard exudates/1ffa9396-8d87-11e8-9daf-6045cb817f5b..JPG,-1,0,0,0,-1,0,,-1,20.Massive hard exudates,/kaggle/temp/troubles/images/jsiec/aea435dad4fcb956.jpg,0.69882435,0.22543378,-4.6144214,1.8168448,-4.9468436,-8.975727
jsiec,jsiec-1ffa9397-8d87-11e8-9daf-6045cb817f5b.,/home/carld/.cache/kagglehub/datasets/linchundan/fundusimage1000/versions/4/1000images/20.Massive hard exudates/1ffa9397-8d87-11e8-9daf-6045cb817f5b..JPG,-1,0,0,0,-1,0,,-1,20.Massive hard exudates,/kaggle/temp/troubles/images/jsiec/5f3ede4a655336a9.jpg,-4.464678,-0.006402531,-4.6232033,-1.2437114,-6.463035,2.0283806
jsiec,jsiec-1ffa9398-8d87-11e8-9daf-6045cb817f5b.,/home/carld/.cache/kagglehub/datasets/linchundan/fundusimage1000/versions/4/1000images/20.Massive hard exudates/1ffa9398-8d87-11e8-9daf-6045cb817f5b..JPG,-1,0,0,0,-1,0,,-1,20.Massive hard exudates,/kaggle/temp/troubles/images/jsiec/49a2d6af7f694585.jpg,-3.8863902,-2.3400495,-8.371757,-1.3222125,-5.243924,-3.6596959
jsiec,jsiec-1ffa9399-8d87-11e8-9daf-6045cb817f5b.,/home/carld/.cache/kagglehub/datasets/linchundan/fundusimage1000/versions/4/1000images/20.Massive hard exudates/1ffa9399-8d87-11e8-9daf-6045cb817f5b..JPG,-1,0,0,0,-1,0,,-1,20.Massive hard exudates,/kaggle/temp/troubles/images/jsiec/33810942affa51df.jpg,-2.4008398,-1.4533544,-6.2867804,1.7868515,-6.677737,-1.13912
jsiec,jsiec-1ffa939a-8d87-11e8-9daf-6045cb817f5b.,/home/carld/.cache/kagglehub/datasets/linchundan/fundusimage1000/versions/4/1000images/20.Massive hard exudates/1ffa939a-8d87-11e8-9daf-6045cb817f5b..JPG,-1,0,0,0,-1,0,,-1,20.Massive hard exudates,/kaggle/temp/troubles/images/jsiec/81759904044e525d.jpg,-0.3555406,-0.43389952,-5.1544967,-0.5907223,-3.608533,-1.2077043
jsiec,jsiec-1ffa939b-8d87-11e8-9daf-6045cb817f5b.,/home/carld/.cache/kagglehub/datasets/linchundan/fundusimage1000/versions/4/1000images/20.Massive hard exudates/1ffa939b-8d87-11e8-9daf-6045cb817f5b..JPG,-1,0,0,0,-1,0,,-1,20.Massive hard exudates,/kaggle/temp/troubles/images/jsiec/026a3ff21fd63b7b.jpg,-1.3462226,1.3134326,-6.421513,2.4998171,-5.9206996,-0.34113532
jsiec,jsiec-1ffa939c-8d87-11e8-9daf-6045cb817f5b.,/home/carld/.cache/kagglehub/datasets/linchundan/fundusimage1000/versions/4/1000images/20.Massive hard exudates/1ffa939c-8d87-11e8-9daf-6045cb817f5b..JPG,-1,0,0,0,-1,0,,-1,20.Massive hard exudates,/kaggle/temp/troubles/images/jsiec/e970b624f355734b.jpg,-4.1361117,-1.9575586,-8.193499,-0.6796603,-7.011597,1.149912
jsiec,jsiec-1ffa939d-8d87-11e8-9daf-6045cb817f5b.,/home/carld/.cache/kagglehub/datasets/linchundan/fundusimage1000/versions/4/1000images/20.Massive hard exudates/1ffa939d-8d87-11e8-9daf-6045cb817f5b..JPG,-1,0,0,0,-1,0,,-1,20.Massive hard exudates,/kaggle/temp/troubles/images/jsiec/67e2795721d824fe.jpg,-3.4274898,-0.12525515,-5.28478,1.888555,-2.8774555,-4.4365206
jsiec,jsiec-1ffa939e-8d87-11e8-9daf-6045cb817f5b.,/home/carld/.cache/kagglehub/datasets/linchundan/fundusimage1000/versions/4/1000images/20.Massive hard exudates/1ffa939e-8d87-11e8-9daf-6045cb817f5b..JPG,-1,0,0,0,-1,0,,-1,20.Massive hard exudates,/kaggle/temp/troubles/images/jsiec/2d409edd0ea186c5.jpg,0.3955804,0.9348344,-9.04977,-3.432227,-3.5600839,-6.4944224
jsiec,jsiec-1ffa939f-8d87-11e8-9daf-6045cb817f5b.,/home/carld/.cache/kagglehub/datasets/linchundan/fundusimage1000/versions/4/1000images/20.Massive hard exudates/1ffa939f-8d87-11e8-9daf-6045cb817f5b..JPG,-1,0,0,0,-1,0,,-1,20.Massive hard exudates,/kaggle/temp/troubles/images/jsiec/3b8f63a629605b27.jpg,-1.3333454,0.39830825,-6.112344,0.38043073,-5.495611,3.2569883
jsiec,jsiec-1ffa93a0-8d87-11e8-9daf-6045cb817f5b.,/home/carld/.cache/kagglehub/datasets/linchundan/fundusimage1000/versions/4/1000images/20.Massive hard exudates/1ffa93a0-8d87-11e8-9daf-6045cb817f5b..JPG,-1,0,0,0,-1,0,,-1,20.Massive hard exudates,/kaggle/temp/troubles/images/jsiec/413234ddba7f02ea.jpg,1.5108931,0.009400209,-6.6137114,-2.700336,-5.0817246,-7.6282
jsiec,jsiec-1ffa93a1-8d87-11e8-9daf-6045cb817f5b.,/home/carld/.cache/kagglehub/datasets/linchundan/fundusimage1000/versions/4/1000images/20.Massive hard exudates/1ffa93a1-8d87-11e8-9daf-6045cb817f5b..JPG,-1,0,0,0,-1,0,,-1,20.Massive hard exudates,/kaggle/temp/troubles/images/jsiec/daa97ea627a8f941.jpg,4.7827096,-2.6411328,-8.360566,-1.0609307,-5.353081,-5.8153596
jsiec,jsiec-1ffa93ec-8d87-11e8-9daf-6045cb817f5b.,/home/carld/.cache/kagglehub/datasets/linchundan/fundusimage1000/versions/4/1000images/21.Yellow-white spots-flecks/1ffa93ec-8d87-11e8-9daf-6045cb817f5b..JPG,0,0,0,-1,0,0,,-1,21.Yellow-white spots-flecks,/kaggle/temp/troubles/images/jsiec/a6f304f16539b907.jpg,-2.3041828,-0.61712056,-3.6618662,-0.03984511,-3.0130172,-7.5046306
jsiec,jsiec-1ffa93ed-8d87-11e8-9daf-6045cb817f5b.,/home/carld/.cache/kagglehub/datasets/linchundan/fundusimage1000/versions/4/1000images/21.Yellow-white spots-flecks/1ffa93ed-8d87-11e8-9daf-6045cb817f5b..JPG,0,0,0,-1,0,0,,-1,21.Yellow-white spots-flecks,/kaggle/temp/troubles/images/jsiec/2e81cb5aa3db7f9a.jpg,-3.4067888,0.20093592,-6.07319,-0.059557125,-2.1185331,-8.509263
jsiec,jsiec-1ffa93ee-8d87-11e8-9daf-6045cb817f5b.,/home/carld/.cache/kagglehub/datasets/linchundan/fundusimage1000/versions/4/1000images/21.Yellow-white spots-flecks/1ffa93ee-8d87-11e8-9daf-6045cb817f5b..JPG,0,0,0,-1,0,0,,-1,21.Yellow-white spots-flecks,/kaggle/temp/troubles/images/jsiec/35fe1bc2f38daff5.jpg,-0.16844186,-1.3868141,-7.501714,-2.5949395,-5.018561,-8.222455
jsiec,jsiec-1ffa93ef-8d87-11e8-9daf-6045cb817f5b.,/home/carld/.cache/kagglehub/datasets/linchundan/fundusimage1000/versions/4/1000images/21.Yellow-white spots-flecks/1ffa93ef-8d87-11e8-9daf-6045cb817f5b..JPG,0,0,0,-1,0,0,,-1,21.Yellow-white spots-flecks,/kaggle/temp/troubles/images/jsiec/5cc375998104350b.jpg,-1.2710905,-1.2787035,-9.788935,-3.3084962,-6.888212,-9.406015
jsiec,jsiec-1ffa93f0-8d87-11e8-9daf-6045cb817f5b.,/home/carld/.cache/kagglehub/datasets/linchundan/fundusimage1000/versions/4/1000images/21.Yellow-white spots-flecks/1ffa93f0-8d87-11e8-9daf-6045cb817f5b..JPG,0,0,0,-1,0,0,,-1,21.Yellow-white spots-flecks,/kaggle/temp/troubles/images/jsiec/745c8bd5c659a0a6.jpg,-4.545622,-0.77794063,-4.3303666,2.2969809,-4.9057736,-5.179379
jsiec,jsiec-1ffa93f1-8d87-11e8-9daf-6045cb817f5b.,/home/carld/.cache/kagglehub/datasets/linchundan/fundusimage1000/versions/4/1000images/21.Yellow-white spots-flecks/1ffa93f1-8d87-11e8-9daf-6045cb817f5b..JPG,0,0,0,-1,0,0,,-1,21.Yellow-white spots-flecks,/kaggle/temp/troubles/images/jsiec/f92163121afbd0d8.jpg,-1.9978426,-1.6805645,-4.6271725,0.53629994,-6.6265917,-7.645638
jsiec,jsiec-1ffa93f2-8d87-11e8-9daf-6045cb817f5b.,/home/carld/.cache/kagglehub/datasets/linchundan/fundusimage1000/versions/4/1000images/21.Yellow-white spots-flecks/1ffa93f2-8d87-11e8-9daf-6045cb817f5b..JPG,0,0,0,-1,0,0,,-1,21.Yellow-white spots-flecks,/kaggle/temp/troubles/images/jsiec/33ab12c0a52340e7.jpg,-2.064006,-1.8059481,-6.7719903,1.2087637,-7.39071,-9.717832
jsiec,jsiec-1ffa93f3-8d87-11e8-9daf-6045cb817f5b.,/home/carld/.cache/kagglehub/datasets/linchundan/fundusimage1000/versions/4/1000images/21.Yellow-white spots-flecks/1ffa93f3-8d87-11e8-9daf-6045cb817f5b..JPG,0,0,0,-1,0,0,,-1,21.Yellow-white spots-flecks,/kaggle/temp/troubles/images/jsiec/2e000b0c6bce9acb.jpg,-1.4886036,-1.3659099,-3.5622873,-3.9425611,-6.120843,-8.173488
jsiec,jsiec-1ffa93f4-8d87-11e8-9daf-6045cb817f5b.,/home/carld/.cache/kagglehub/datasets/linchundan/fundusimage1000/versions/4/1000images/21.Yellow-white spots-flecks/1ffa93f4-8d87-11e8-9daf-6045cb817f5b..JPG,0,0,0,-1,0,0,,-1,21.Yellow-white spots-flecks,/kaggle/temp/troubles/images/jsiec/7fb01f5aa016ba7c.jpg,-1.2655745,-1.2931123,-4.6832237,-1.3996863,-6.5933256,-8.72216
jsiec,jsiec-1ffa93f5-8d87-11e8-9daf-6045cb817f5b.,/home/carld/.cache/kagglehub/datasets/linchundan/fundusimage1000/versions/4/1000images/21.Yellow-white spots-flecks/1ffa93f5-8d87-11e8-9daf-6045cb817f5b..JPG,0,0,0,-1,0,0,,-1,21.Yellow-white spots-flecks,/kaggle/temp/troubles/images/jsiec/32b677512502e532.jpg,-0.95532763,-2.3838522,-9.510436,-0.5815723,-5.3141675,-7.12673
jsiec,jsiec-1ffa93f6-8d87-11e8-9daf-6045cb817f5b.,/home/carld/.cache/kagglehub/datasets/linchundan/fundusimage1000/versions/4/1000images/21.Yellow-white spots-flecks/1ffa93f6-8d87-11e8-9daf-6045cb817f5b..JPG,0,0,0,-1,0,0,,-1,21.Yellow-white spots-flecks,/kaggle/temp/troubles/images/jsiec/0c8b3c337f620568.jpg,-3.5588443,0.24455138,-6.535647,3.2160819,-4.390529,-3.5403223
jsiec,jsiec-1ffa93f7-8d87-11e8-9daf-6045cb817f5b.,/home/carld/.cache/kagglehub/datasets/linchundan/fundusimage1000/versions/4/1000images/21.Yellow-white spots-flecks/1ffa93f7-8d87-11e8-9daf-6045cb817f5b..JPG,0,0,0,-1,0,0,,-1,21.Yellow-white spots-flecks,/kaggle/temp/troubles/images/jsiec/ecddf85989c1d8e2.jpg,-0.2836934,-2.2899075,-7.1477785,-1.0861783,-4.6079493,-10.272896
jsiec,jsiec-1ffa93f8-8d87-11e8-9daf-6045cb817f5b.,/home/carld/.cache/kagglehub/datasets/linchundan/fundusimage1000/versions/4/1000images/21.Yellow-white spots-flecks/1ffa93f8-8d87-11e8-9daf-6045cb817f5b..JPG,0,0,0,-1,0,0,,-1,21.Yellow-white spots-flecks,/kaggle/temp/troubles/images/jsiec/4de0fd6c3ed6553c.jpg,0.5552519,-1.4061406,-10.825872,-4.791425,-6.700801,-9.085714
jsiec,jsiec-1ffa93f9-8d87-11e8-9daf-6045cb817f5b.,/home/carld/.cache/kagglehub/datasets/linchundan/fundusimage1000/versions/4/1000images/21.Yellow-white spots-flecks/1ffa93f9-8d87-11e8-9daf-6045cb817f5b..JPG,0,0,0,-1,0,0,,-1,21.Yellow-white spots-flecks,/kaggle/temp/troubles/images/jsiec/77602490d91cba77.jpg,-1.8234439,-0.8582374,-7.370999,-0.4953888,-4.811451,-8.204516
jsiec,jsiec-1ffa93fa-8d87-11e8-9daf-6045cb817f5b.,/home/carld/.cache/kagglehub/datasets/linchundan/fundusimage1000/versions/4/1000images/21.Yellow-white spots-flecks/1ffa93fa-8d87-11e8-9daf-6045cb817f5b..JPG,0,0,0,-1,0,0,,-1,21.Yellow-white spots-flecks,/kaggle/temp/troubles/images/jsiec/8037da9895be9261.jpg,-1.1996157,-1.3940336,-9.303532,-1.8985331,-2.8744256,-9.576925
jsiec,jsiec-1ffa93fb-8d87-11e8-9daf-6045cb817f5b.,/home/carld/.cache/kagglehub/datasets/linchundan/fundusimage1000/versions/4/1000images/21.Yellow-white spots-flecks/1ffa93fb-8d87-11e8-9daf-6045cb817f5b..JPG,0,0,0,-1,0,0,,-1,21.Yellow-white spots-flecks,/kaggle/temp/troubles/images/jsiec/772ba048ac0d0d75.jpg,-1.9006937,-0.08323536,-5.085961,0.1162453,-2.7067525,-8.7409115
jsiec,jsiec-1ffa93fc-8d87-11e8-9daf-6045cb817f5b.,/home/carld/.cache/kagglehub/datasets/linchundan/fundusimage1000/versions/4/1000images/21.Yellow-white spots-flecks/1ffa93fc-8d87-11e8-9daf-6045cb817f5b..JPG,0,0,0,-1,0,0,,-1,21.Yellow-white spots-flecks,/kaggle/temp/troubles/images/jsiec/8bb4e51d6ba4bc22.jpg,-2.9672124,-2.6598508,-7.511246,-2.0203745,-2.5471509,-11.276281
jsiec,jsiec-1ffa93fd-8d87-11e8-9daf-6045cb817f5b.,/home/carld/.cache/kagglehub/datasets/linchundan/fundusimage1000/versions/4/1000images/21.Yellow-white spots-flecks/1ffa93fd-8d87-11e8-9daf-6045cb817f5b..JPG,0,0,0,-1,0,0,,-1,21.Yellow-white spots-flecks,/kaggle/temp/troubles/images/jsiec/4e2eb11ba5675ea1.jpg,-3.706469,-6.4200506,-6.319928,0.26898083,-4.347476,-12.038544
jsiec,jsiec-1ffa93fe-8d87-11e8-9daf-6045cb817f5b.,/home/carld/.cache/kagglehub/datasets/linchundan/fundusimage1000/versions/4/1000images/21.Yellow-white spots-flecks/1ffa93fe-8d87-11e8-9daf-6045cb817f5b..JPG,0,0,0,-1,0,0,,-1,21.Yellow-white spots-flecks,/kaggle/temp/troubles/images/jsiec/a3947f2a7b017d67.jpg,-1.0651124,-1.5602547,-6.108572,-1.7174928,-6.2115173,-7.4673533
jsiec,jsiec-1ffa93ff-8d87-11e8-9daf-6045cb817f5b.,/home/carld/.cache/kagglehub/datasets/linchundan/fundusimage1000/versions/4/1000images/21.Yellow-white spots-flecks/1ffa93ff-8d87-11e8-9daf-6045cb817f5b..JPG,0,0,0,-1,0,0,,-1,21.Yellow-white spots-flecks,/kaggle/temp/troubles/images/jsiec/9aa594599601c104.jpg,-3.0777721,-0.38524806,-4.3765993,4.953119,-4.1219106,-6.574208
jsiec,jsiec-1ffa9400-8d87-11e8-9daf-6045cb817f5b.,/home/carld/.cache/kagglehub/datasets/linchundan/fundusimage1000/versions/4/1000images/21.Yellow-white spots-flecks/1ffa9400-8d87-11e8-9daf-6045cb817f5b..JPG,0,0,0,-1,0,0,,-1,21.Yellow-white spots-flecks,/kaggle/temp/troubles/images/jsiec/12c777039a8e5d39.jpg,-2.2384567,-1.150259,-4.780285,1.6316146,-4.562321,-8.181107
jsiec,jsiec-1ffa9401-8d87-11e8-9daf-6045cb817f5b.,/home/carld/.cache/kagglehub/datasets/linchundan/fundusimage1000/versions/4/1000images/21.Yellow-white spots-flecks/1ffa9401-8d87-11e8-9daf-6045cb817f5b..JPG,0,0,0,-1,0,0,,-1,21.Yellow-white spots-flecks,/kaggle/temp/troubles/images/jsiec/bb6f31a6ffd44a63.jpg,-1.1195762,-1.6032636,-5.182984,0.09300655,-3.855371,-8.098024
jsiec,jsiec-1ffa9402-8d87-11e8-9daf-6045cb817f5b.,/home/carld/.cache/kagglehub/datasets/linchundan/fundusimage1000/versions/4/1000images/21.Yellow-white spots-flecks/1ffa9402-8d87-11e8-9daf-6045cb817f5b..JPG,0,0,0,-1,0,0,,-1,21.Yellow-white spots-flecks,/kaggle/temp/troubles/images/jsiec/0cf8190b38b91fb4.jpg,-0.091814324,-0.6514548,-8.950776,1.0938506,-6.3609023,-9.011732
jsiec,jsiec-1ffa9403-8d87-11e8-9daf-6045cb817f5b.,/home/carld/.cache/kagglehub/datasets/linchundan/fundusimage1000/versions/4/1000images/21.Yellow-white spots-flecks/1ffa9403-8d87-11e8-9daf-6045cb817f5b..JPG,0,0,0,-1,0,0,,-1,21.Yellow-white spots-flecks,/kaggle/temp/troubles/images/jsiec/1580ae5fc58be52f.jpg,-1.1964734,-1.5520961,-4.3119116,-3.8735192,-3.132885,-7.6863604
jsiec,jsiec-1ffa9404-8d87-11e8-9daf-6045cb817f5b.,/home/carld/.cache/kagglehub/datasets/linchundan/fundusimage1000/versions/4/1000images/21.Yellow-white spots-flecks/1ffa9404-8d87-11e8-9daf-6045cb817f5b..JPG,0,0,0,-1,0,0,,-1,21.Yellow-white spots-flecks,/kaggle/temp/troubles/images/jsiec/af5071f16aefa5a3.jpg,0.55425483,-1.5717921,-10.734194,-3.9203014,-6.8551006,-9.549153
jsiec,jsiec-1ffa9405-8d87-11e8-9daf-6045cb817f5b.,/home/carld/.cache/kagglehub/datasets/linchundan/fundusimage1000/versions/4/1000images/21.Yellow-white spots-flecks/1ffa9405-8d87-11e8-9daf-6045cb817f5b..JPG,0,0,0,-1,0,0,,-1,21.Yellow-white spots-flecks,/kaggle/temp/troubles/images/jsiec/0a40248e30c2ed6c.jpg,3.4557984,-2.194601,-11.133283,-3.4420779,-3.9226882,-9.205271
jsiec,jsiec-1ffa9407-8d87-11e8-9daf-6045cb817f5b.,/home/carld/.cache/kagglehub/datasets/linchundan/fundusimage1000/versions/4/1000images/21.Yellow-white spots-flecks/1ffa9407-8d87-11e8-9daf-6045cb817f5b..JPG,0,0,0,-1,0,0,,-1,21.Yellow-white spots-flecks,/kaggle/temp/troubles/images/jsiec/638184bc4d8bf2f3.jpg,2.3207672,-2.987263,-9.089543,-5.7867703,-7.3454986,-7.008796
jsiec,jsiec-1ffa9408-8d87-11e8-9daf-6045cb817f5b.,/home/carld/.cache/kagglehub/datasets/linchundan/fundusimage1000/versions/4/1000images/21.Yellow-white spots-flecks/1ffa9408-8d87-11e8-9daf-6045cb817f5b..JPG,0,0,0,-1,0,0,,-1,21.Yellow-white spots-flecks,/kaggle/temp/troubles/images/jsiec/38d35ee84cd2b1d9.jpg,-1.0187252,-1.3525963,-7.5394063,-5.3386855,-7.771936,-8.445094
jsiec,jsiec-1ffa9409-8d87-11e8-9daf-6045cb817f5b.,/home/carld/.cache/kagglehub/datasets/linchundan/fundusimage1000/versions/4/1000images/21.Yellow-white spots-flecks/1ffa9409-8d87-11e8-9daf-6045cb817f5b..JPG,0,0,0,-1,0,0,,-1,21.Yellow-white spots-flecks,/kaggle/temp/troubles/images/jsiec/498c428d45ff551b.jpg,-1.2905922,-1.6263086,-9.632684,-5.019968,-2.8734255,-10.725903
jsiec,jsiec-1ffa9414-8d87-11e8-9daf-6045cb817f5b.,/home/carld/.cache/kagglehub/datasets/linchundan/fundusimage1000/versions/4/1000images/22.Cotton-wool spots/1ffa9414-8d87-11e8-9daf-6045cb817f5b..JPG,-1,0,0,0,-1,0,,-1,22.Cotton-wool spots,/kaggle/temp/troubles/images/jsiec/3044bce4510febfb.jpg,-0.33686084,-0.4360869,-8.872515,-4.2295074,-1.0459602,-4.5698442
jsiec,jsiec-1ffa9415-8d87-11e8-9daf-6045cb817f5b.,/home/carld/.cache/kagglehub/datasets/linchundan/fundusimage1000/versions/4/1000images/22.Cotton-wool spots/1ffa9415-8d87-11e8-9daf-6045cb817f5b..JPG,-1,0,0,0,-1,0,,-1,22.Cotton-wool spots,/kaggle/temp/troubles/images/jsiec/44959b8bb6e26973.jpg,0.6515891,1.122129,-10.44515,-4.0258102,-4.0116625,-7.176994
jsiec,jsiec-1ffa9416-8d87-11e8-9daf-6045cb817f5b.,/home/carld/.cache/kagglehub/datasets/linchundan/fundusimage1000/versions/4/1000images/22.Cotton-wool spots/1ffa9416-8d87-11e8-9daf-6045cb817f5b..JPG,-1,0,0,0,-1,0,,-1,22.Cotton-wool spots,/kaggle/temp/troubles/images/jsiec/2f8f69ebdd69c0dd.jpg,2.2043672,-1.4568179,-12.254256,-2.693058,-2.0882816,-9.725547
jsiec,jsiec-1ffa9417-8d87-11e8-9daf-6045cb817f5b.,/home/carld/.cache/kagglehub/datasets/linchundan/fundusimage1000/versions/4/1000images/22.Cotton-wool spots/1ffa9417-8d87-11e8-9daf-6045cb817f5b..JPG,-1,0,0,0,-1,0,,-1,22.Cotton-wool spots,/kaggle/temp/troubles/images/jsiec/714edccd21e21da8.jpg,-0.6530786,0.04958061,-11.568569,-4.982266,-1.3193595,-7.1360183
jsiec,jsiec-1ffa9419-8d87-11e8-9daf-6045cb817f5b.,/home/carld/.cache/kagglehub/datasets/linchundan/fundusimage1000/versions/4/1000images/22.Cotton-wool spots/1ffa9419-8d87-11e8-9daf-6045cb817f5b..JPG,-1,0,0,0,-1,0,,-1,22.Cotton-wool spots,/kaggle/temp/troubles/images/jsiec/f3037af6ee223ab2.jpg,-1.3334439,-0.7762185,-7.50577,-3.4281766,-1.997076,-4.263439
jsiec,jsiec-1ffa941a-8d87-11e8-9daf-6045cb817f5b.,/home/carld/.cache/kagglehub/datasets/linchundan/fundusimage1000/versions/4/1000images/22.Cotton-wool spots/1ffa941a-8d87-11e8-9daf-6045cb817f5b..JPG,-1,0,0,0,-1,0,,-1,22.Cotton-wool spots,/kaggle/temp/troubles/images/jsiec/7c9821f97723a91e.jpg,-0.33673295,0.35717845,-9.012238,-6.4083357,-1.5073211,-11.730062
jsiec,jsiec-1ffa941b-8d87-11e8-9daf-6045cb817f5b.,/home/carld/.cache/kagglehub/datasets/linchundan/fundusimage1000/versions/4/1000images/22.Cotton-wool spots/1ffa941b-8d87-11e8-9daf-6045cb817f5b..JPG,-1,0,0,0,-1,0,,-1,22.Cotton-wool spots,/kaggle/temp/troubles/images/jsiec/2f243365df6d3151.jpg,-0.665437,-1.300704,-5.7032776,-3.295801,-2.3926437,-8.182273
jsiec,jsiec-1ffa941c-8d87-11e8-9daf-6045cb817f5b.,/home/carld/.cache/kagglehub/datasets/linchundan/fundusimage1000/versions/4/1000images/22.Cotton-wool spots/1ffa941c-8d87-11e8-9daf-6045cb817f5b..JPG,-1,0,0,0,-1,0,,-1,22.Cotton-wool spots,/kaggle/temp/troubles/images/jsiec/bb331b1ebdbb29ce.jpg,2.2369468,-2.1356692,-7.458263,-3.912281,-4.0610294,-9.359562
jsiec,jsiec-1ffa941d-8d87-11e8-9daf-6045cb817f5b.,/home/carld/.cache/kagglehub/datasets/linchundan/fundusimage1000/versions/4/1000images/22.Cotton-wool spots/1ffa941d-8d87-11e8-9daf-6045cb817f5b..JPG,-1,0,0,0,-1,0,,-1,22.Cotton-wool spots,/kaggle/temp/troubles/images/jsiec/7b471436089bdbbe.jpg,3.3502386,-2.2578743,-8.81742,-8.319526,-2.701422,-11.338722
jsiec,jsiec-1ffa941e-8d87-11e8-9daf-6045cb817f5b.,/home/carld/.cache/kagglehub/datasets/linchundan/fundusimage1000/versions/4/1000images/22.Cotton-wool spots/1ffa941e-8d87-11e8-9daf-6045cb817f5b..JPG,-1,0,0,0,-1,0,,-1,22.Cotton-wool spots,/kaggle/temp/troubles/images/jsiec/9363363a6f72c928.jpg,-0.6575367,-1.112827,-12.162702,-4.385327,-6.413751,-10.645741
jsiec,jsiec-prob100#99__23___6bf3356a65b11254058e59802aeb38b57a9f7210,/home/carld/.cache/kagglehub/datasets/linchundan/fundusimage1000/versions/4/1000images/23.Vessel tortuosity/prob100#99__23___6bf3356a65b11254058e59802aeb38b57a9f7210.JPG,0,0,0,0,-1,0,,-1,23.Vessel tortuosity,/kaggle/temp/troubles/images/jsiec/5fbfd205388d51b1.jpg,-1.0387397,-0.69760597,-4.863192,-6.08877,-4.901037,-6.713169
jsiec,jsiec-prob100#99__23___6ff31e6f74a644621a85d0d8e48683459db7469e,/home/carld/.cache/kagglehub/datasets/linchundan/fundusimage1000/versions/4/1000images/23.Vessel tortuosity/prob100#99__23___6ff31e6f74a644621a85d0d8e48683459db7469e.JPG,0,0,0,0,-1,0,,-1,23.Vessel tortuosity,/kaggle/temp/troubles/images/jsiec/e8b9481697bc66f2.jpg,-1.862519,-1.4843428,-7.712724,-6.001487,-5.407698,-8.410469
jsiec,jsiec-prob100#99__23___74f7df73d8e36217bc3828236591778eaee2a6c1,/home/carld/.cache/kagglehub/datasets/linchundan/fundusimage1000/versions/4/1000images/23.Vessel tortuosity/prob100#99__23___74f7df73d8e36217bc3828236591778eaee2a6c1.JPG,0,0,0,0,-1,0,,-1,23.Vessel tortuosity,/kaggle/temp/troubles/images/jsiec/95eb043757567044.jpg,-2.631792,-2.836898,-4.9140353,-7.899917,-4.8302836,-10.431773
jsiec,jsiec-prob100#99__23___7bc1269673f54e9df717e4940013758482cc76f6,/home/carld/.cache/kagglehub/datasets/linchundan/fundusimage1000/versions/4/1000images/23.Vessel tortuosity/prob100#99__23___7bc1269673f54e9df717e4940013758482cc76f6.JPG,0,0,0,0,-1,0,,-1,23.Vessel tortuosity,/kaggle/temp/troubles/images/jsiec/57d4c5fa19d075fa.jpg,-1.2139025,1.4848696,-6.1112785,-6.994523,-5.5429163,-8.709113
jsiec,jsiec-prob100#99__23___8c1a79bbb808f3ba3b42ab352582ed49f87ef2bb,/home/carld/.cache/kagglehub/datasets/linchundan/fundusimage1000/versions/4/1000images/23.Vessel tortuosity/prob100#99__23___8c1a79bbb808f3ba3b42ab352582ed49f87ef2bb.JPG,0,0,0,0,-1,0,,-1,23.Vessel tortuosity,/kaggle/temp/troubles/images/jsiec/a94657cc334708ab.jpg,-0.9248529,-2.4705787,-6.817594,-6.3918624,-3.1708004,-10.2121315
jsiec,jsiec-prob100#99__23___e43c3b958c0422419daf2452ed71500921520e48,/home/carld/.cache/kagglehub/datasets/linchundan/fundusimage1000/versions/4/1000images/23.Vessel tortuosity/prob100#99__23___e43c3b958c0422419daf2452ed71500921520e48.jpg,0,0,0,0,-1,0,,-1,23.Vessel tortuosity,/kaggle/temp/troubles/images/jsiec/0d14307eef78a687.jpg,0.91781723,-3.6723967,-4.908414,-4.4979672,-3.7717104,-11.862189
jsiec,jsiec-prob100#99__23___f30817ae240ab9da9299c0836a2d9a892554cede,/home/carld/.cache/kagglehub/datasets/linchundan/fundusimage1000/versions/4/1000images/23.Vessel tortuosity/prob100#99__23___f30817ae240ab9da9299c0836a2d9a892554cede.JPG,0,0,0,0,-1,0,,-1,23.Vessel tortuosity,/kaggle/temp/troubles/images/jsiec/707cd3dc64048442.jpg,-1.1015384,-2.4471288,-7.798711,-7.156987,-5.2818995,-8.955498
jsiec,jsiec-prob90#98__23___9745fdc5833fb1e791af7b05d210a94a6e5d78d5,/home/carld/.cache/kagglehub/datasets/linchundan/fundusimage1000/versions/4/1000images/23.Vessel tortuosity/prob90#98__23___9745fdc5833fb1e791af7b05d210a94a6e5d78d5.JPG,0,0,0,0,-1,0,,-1,23.Vessel tortuosity,/kaggle/temp/troubles/images/jsiec/6e99986b3acc75a6.jpg,0.1198649,-0.43836552,-5.145512,-5.407313,-4.2350554,-7.651425
jsiec,jsiec-prob95#95__23___196cff70cedaddc65a62f2f93f6054ac5a9df863,/home/carld/.cache/kagglehub/datasets/linchundan/fundusimage1000/versions/4/1000images/23.Vessel tortuosity/prob95#95__23___196cff70cedaddc65a62f2f93f6054ac5a9df863.JPG,0,0,0,0,-1,0,,-1,23.Vessel tortuosity,/kaggle/temp/troubles/images/jsiec/f51ea05b0e5a981d.jpg,-1.1650589,-2.854071,-10.332853,-1.044484,-5.124034,-2.8475683
jsiec,jsiec-prob95#99__23___118b4f276fd7d6340d8c366b3065be4c7283fea3,/home/carld/.cache/kagglehub/datasets/linchundan/fundusimage1000/versions/4/1000images/23.Vessel tortuosity/prob95#99__23___118b4f276fd7d6340d8c366b3065be4c7283fea3.JPG,0,0,0,0,-1,0,,-1,23.Vessel tortuosity,/kaggle/temp/troubles/images/jsiec/bede442780c9611c.jpg,-0.63512695,0.111964695,-5.5610833,-6.0407434,-4.133712,-7.889504
jsiec,jsiec-prob98#84__23___e52ce50ab496ab70055d034a93a111630b6650d6,/home/carld/.cache/kagglehub/datasets/linchundan/fundusimage1000/versions/4/1000images/23.Vessel tortuosity/prob98#84__23___e52ce50ab496ab70055d034a93a111630b6650d6.JPG,0,0,0,0,-1,0,,-1,23.Vessel tortuosity,/kaggle/temp/troubles/images/jsiec/91044dc2707cbcda.jpg,-1.5699954,-0.4275658,-10.714175,-7.108964,-5.035259,-10.015667
jsiec,jsiec-prob99#98__23___9fd229ee664c234854863e419ced9c8b87162e2a,/home/carld/.cache/kagglehub/datasets/linchundan/fundusimage1000/versions/4/1000images/23.Vessel tortuosity/prob99#98__23___9fd229ee664c234854863e419ced9c8b87162e2a.JPG,0,0,0,0,-1,0,,-1,23.Vessel tortuosity,/kaggle/temp/troubles/images/jsiec/1e958cbd70c29768.jpg,-0.77538306,-3.0380964,-10.762215,-2.5560138,-6.155403,-9.196225
jsiec,jsiec-prob99#99__23___3fbf49bfa5587fdfce5ff6578a3c9d5f8fd34802,/home/carld/.cache/kagglehub/datasets/linchundan/fundusimage1000/versions/4/1000images/23.Vessel tortuosity/prob99#99__23___3fbf49bfa5587fdfce5ff6578a3c9d5f8fd34802.JPG,0,0,0,0,-1,0,,-1,23.Vessel tortuosity,/kaggle/temp/troubles/images/jsiec/7cd4482985341f59.jpg,-0.94555414,-3.174223,-4.848138,-7.0092688,-4.9146953,-10.900518
jsiec,jsiec-prob99#99__23___449d6d9f7cf8fbc2f691564768e0631f0111071f,/home/carld/.cache/kagglehub/datasets/linchundan/fundusimage1000/versions/4/1000images/23.Vessel tortuosity/prob99#99__23___449d6d9f7cf8fbc2f691564768e0631f0111071f.JPG,0,0,0,0,-1,0,,-1,23.Vessel tortuosity,/kaggle/temp/troubles/images/jsiec/1f407e6b261ddde2.jpg,-1.1351192,-2.3827791,-9.00814,-5.638613,-1.3476199,-10.888158
jsiec,jsiec-1ffa965d-8d87-11e8-9daf-6045cb817f5b.,/home/carld/.cache/kagglehub/datasets/linchundan/fundusimage1000/versions/4/1000images/24.Chorioretinal atrophy-coloboma/1ffa965d-8d87-11e8-9daf-6045cb817f5b..JPG,0,0,0,0,0,-1,,-1,24.Chorioretinal atrophy-coloboma,/kaggle/temp/troubles/images/jsiec/ec836349c351d13e.jpg,-2.4085035,-1.9698827,-7.6366043,0.79091835,-6.0958734,-1.2438971
jsiec,jsiec-1ffa965e-8d87-11e8-9daf-6045cb817f5b.,/home/carld/.cache/kagglehub/datasets/linchundan/fundusimage1000/versions/4/1000images/24.Chorioretinal atrophy-coloboma/1ffa965e-8d87-11e8-9daf-6045cb817f5b..JPG,0,0,0,0,0,-1,,-1,24.Chorioretinal atrophy-coloboma,/kaggle/temp/troubles/images/jsiec/25f23e2c7c7ecb8f.jpg,-1.917345,-1.120785,-10.038018,1.1002584,-6.727939,0.08583696
jsiec,jsiec-1ffa965f-8d87-11e8-9daf-6045cb817f5b.,/home/carld/.cache/kagglehub/datasets/linchundan/fundusimage1000/versions/4/1000images/24.Chorioretinal atrophy-coloboma/1ffa965f-8d87-11e8-9daf-6045cb817f5b..JPG,0,0,0,0,0,-1,,-1,24.Chorioretinal atrophy-coloboma,/kaggle/temp/troubles/images/jsiec/d3ad5afe40904bbb.jpg,-4.8963885,-1.616967,-7.5123744,-0.70196915,-6.8413935,0.41402924
jsiec,jsiec-1ffa9660-8d87-11e8-9daf-6045cb817f5b.,/home/carld/.cache/kagglehub/datasets/linchundan/fundusimage1000/versions/4/1000images/24.Chorioretinal atrophy-coloboma/1ffa9660-8d87-11e8-9daf-6045cb817f5b..JPG,0,0,0,0,0,-1,,-1,24.Chorioretinal atrophy-coloboma,/kaggle/temp/troubles/images/jsiec/a8ebca835042985a.jpg,-1.4194958,-3.171679,-5.348606,0.39440212,-5.277407,-2.5187242
jsiec,jsiec-1ffa9661-8d87-11e8-9daf-6045cb817f5b.,/home/carld/.cache/kagglehub/datasets/linchundan/fundusimage1000/versions/4/1000images/24.Chorioretinal atrophy-coloboma/1ffa9661-8d87-11e8-9daf-6045cb817f5b..JPG,0,0,0,0,0,-1,,-1,24.Chorioretinal atrophy-coloboma,/kaggle/temp/troubles/images/jsiec/27f4806333c34713.jpg,-2.1816237,-3.8206916,-12.312616,2.9265015,-5.661438,-0.7708398
jsiec,jsiec-1ffa9662-8d87-11e8-9daf-6045cb817f5b.,/home/carld/.cache/kagglehub/datasets/linchundan/fundusimage1000/versions/4/1000images/24.Chorioretinal atrophy-coloboma/1ffa9662-8d87-11e8-9daf-6045cb817f5b..JPG,0,0,0,0,0,-1,,-1,24.Chorioretinal atrophy-coloboma,/kaggle/temp/troubles/images/jsiec/d7a3394146375d63.jpg,-3.0779865,-0.42870256,-7.7132487,0.05051385,-5.031315,-4.511645
jsiec,jsiec-1ffa9663-8d87-11e8-9daf-6045cb817f5b.,/home/carld/.cache/kagglehub/datasets/linchundan/fundusimage1000/versions/4/1000images/24.Chorioretinal atrophy-coloboma/1ffa9663-8d87-11e8-9daf-6045cb817f5b..JPG,0,0,0,0,0,-1,,-1,24.Chorioretinal atrophy-coloboma,/kaggle/temp/troubles/images/jsiec/22f408c09034aae5.jpg,-2.444399,-2.0207856,-8.905342,1.4991286,-5.1837955,0.52356666
jsiec,jsiec-1ffa9664-8d87-11e8-9daf-6045cb817f5b.,/home/carld/.cache/kagglehub/datasets/linchundan/fundusimage1000/versions/4/1000images/24.Chorioretinal atrophy-coloboma/1ffa9664-8d87-11e8-9daf-6045cb817f5b..JPG,0,0,0,0,0,-1,,-1,24.Chorioretinal atrophy-coloboma,/kaggle/temp/troubles/images/jsiec/b7ef61f307a8a4ae.jpg,2.140549,-0.80977833,-6.730408,1.262004,-7.068618,0.69254297
jsiec,jsiec-1ffa9665-8d87-11e8-9daf-6045cb817f5b.,/home/carld/.cache/kagglehub/datasets/linchundan/fundusimage1000/versions/4/1000images/24.Chorioretinal atrophy-coloboma/1ffa9665-8d87-11e8-9daf-6045cb817f5b..JPG,0,0,0,0,0,-1,,-1,24.Chorioretinal atrophy-coloboma,/kaggle/temp/troubles/images/jsiec/38b2f37bba9c561b.jpg,-2.1338725,-1.3108301,-7.522591,2.3131497,-7.144765,2.5967886
jsiec,jsiec-1ffa9666-8d87-11e8-9daf-6045cb817f5b.,/home/carld/.cache/kagglehub/datasets/linchundan/fundusimage1000/versions/4/1000images/24.Chorioretinal atrophy-coloboma/1ffa9666-8d87-11e8-9daf-6045cb817f5b..JPG,0,0,0,0,0,-1,,-1,24.Chorioretinal atrophy-coloboma,/kaggle/temp/troubles/images/jsiec/81a4705a7a7d4c7d.jpg,-0.87266165,-1.4239566,-8.184863,2.2409956,-5.0899067,-1.3816751
jsiec,jsiec-1ffa9667-8d87-11e8-9daf-6045cb817f5b.,/home/carld/.cache/kagglehub/datasets/linchundan/fundusimage1000/versions/4/1000images/24.Chorioretinal atrophy-coloboma/1ffa9667-8d87-11e8-9daf-6045cb817f5b..JPG,0,0,0,0,0,-1,,-1,24.Chorioretinal atrophy-coloboma,/kaggle/temp/troubles/images/jsiec/5723175e891261d8.jpg,-1.3491695,-0.7960841,-10.196382,2.9143314,-3.9141278,-0.1457488
jsiec,jsiec-1ffa9668-8d87-11e8-9daf-6045cb817f5b.,/home/carld/.cache/kagglehub/datasets/linchundan/fundusimage1000/versions/4/1000images/24.Chorioretinal atrophy-coloboma/1ffa9668-8d87-11e8-9daf-6045cb817f5b..JPG,0,0,0,0,0,-1,,-1,24.Chorioretinal atrophy-coloboma,/kaggle/temp/troubles/images/jsiec/6ab2b1790f206593.jpg,-3.9745436,-1.3989711,-9.919563,0.8896462,-4.5583405,-2.7965937
jsiec,jsiec-1ffa9669-8d87-11e8-9daf-6045cb817f5b.,/home/carld/.cache/kagglehub/datasets/linchundan/fundusimage1000/versions/4/1000images/24.Chorioretinal atrophy-coloboma/1ffa9669-8d87-11e8-9daf-6045cb817f5b..JPG,0,0,0,0,0,-1,,-1,24.Chorioretinal atrophy-coloboma,/kaggle/temp/troubles/images/jsiec/098bb32b42d602e5.jpg,-1.8960485,-0.77413577,-8.885288,0.68496907,-4.915752,-0.92182386
jsiec,jsiec-1ffa966a-8d87-11e8-9daf-6045cb817f5b.,/home/carld/.cache/kagglehub/datasets/linchundan/fundusimage1000/versions/4/1000images/24.Chorioretinal atrophy-coloboma/1ffa966a-8d87-11e8-9daf-6045cb817f5b..JPG,0,0,0,0,0,-1,,-1,24.Chorioretinal atrophy-coloboma,/kaggle/temp/troubles/images/jsiec/bffae7727e325ec6.jpg,0.92806673,0.042181157,-8.139003,0.12970918,-5.4916883,3.0014865
jsiec,jsiec-1ffa966b-8d87-11e8-9daf-6045cb817f5b.,/home/carld/.cache/kagglehub/datasets/linchundan/fundusimage1000/versions/4/1000images/24.Chorioretinal atrophy-coloboma/1ffa966b-8d87-11e8-9daf-6045cb817f5b..JPG,0,0,0,0,0,-1,,-1,24.Chorioretinal atrophy-coloboma,/kaggle/temp/troubles/images/jsiec/bf1900bd3c73e17d.jpg,-2.993709,-0.28662243,-10.969761,2.1364992,-4.7837415,-5.7028975
jsiec,jsiec-1ffa940a-8d87-11e8-9daf-6045cb817f5b.,/home/carld/.cache/kagglehub/datasets/linchundan/fundusimage1000/versions/4/1000images/25.Preretinal hemorrhage/1ffa940a-8d87-11e8-9daf-6045cb817f5b..JPG,-1,0,0,0,0,0,,-1,25.Preretinal hemorrhage,/kaggle/temp/troubles/images/jsiec/0468cf3ae42cbe43.jpg,-1.773809,-1.2095189,-5.960121,-0.7671939,-3.941248,-5.7338037
jsiec,jsiec-1ffa940b-8d87-11e8-9daf-6045cb817f5b.,/home/carld/.cache/kagglehub/datasets/linchundan/fundusimage1000/versions/4/1000images/25.Preretinal hemorrhage/1ffa940b-8d87-11e8-9daf-6045cb817f5b..JPG,-1,0,0,0,0,0,,-1,25.Preretinal hemorrhage,/kaggle/temp/troubles/images/jsiec/629a50c554c49c97.jpg,-0.013229817,1.3752328,-8.296346,-3.240909,-7.1884766,-5.771315
jsiec,jsiec-1ffa940c-8d87-11e8-9daf-6045cb817f5b.,/home/carld/.cache/kagglehub/datasets/linchundan/fundusimage1000/versions/4/1000images/25.Preretinal hemorrhage/1ffa940c-8d87-11e8-9daf-6045cb817f5b..JPG,-1,0,0,0,0,0,,-1,25.Preretinal hemorrhage,/kaggle/temp/troubles/images/jsiec/7f1b14324b5d3a68.jpg,0.3069811,-1.5191036,-10.780075,-3.407776,-3.8792512,-7.290434
jsiec,jsiec-1ffa940d-8d87-11e8-9daf-6045cb817f5b.,/home/carld/.cache/kagglehub/datasets/linchundan/fundusimage1000/versions/4/1000images/25.Preretinal hemorrhage/1ffa940d-8d87-11e8-9daf-6045cb817f5b..JPG,-1,0,0,0,0,0,,-1,25.Preretinal hemorrhage,/kaggle/temp/troubles/images/jsiec/9efd729e08a2ac46.jpg,-0.13832916,-0.6525094,-4.53037,-4.470659,-4.753811,-6.8027325
jsiec,jsiec-1ffa940e-8d87-11e8-9daf-6045cb817f5b.,/home/carld/.cache/kagglehub/datasets/linchundan/fundusimage1000/versions/4/1000images/25.Preretinal hemorrhage/1ffa940e-8d87-11e8-9daf-6045cb817f5b..JPG,-1,0,0,0,0,0,,-1,25.Preretinal hemorrhage,/kaggle/temp/troubles/images/jsiec/5b0add10bb80339f.jpg,-0.1300101,-0.113187976,-10.111794,-2.9715672,-3.7800152,-7.377871
jsiec,jsiec-1ffa940f-8d87-11e8-9daf-6045cb817f5b.,/home/carld/.cache/kagglehub/datasets/linchundan/fundusimage1000/versions/4/1000images/25.Preretinal hemorrhage/1ffa940f-8d87-11e8-9daf-6045cb817f5b..JPG,-1,0,0,0,0,0,,-1,25.Preretinal hemorrhage,/kaggle/temp/troubles/images/jsiec/1105636f74a4f69b.jpg,3.133763,-2.138018,-7.5453978,-2.1388812,-4.584361,-8.057942
jsiec,jsiec-1ffa9410-8d87-11e8-9daf-6045cb817f5b.,/home/carld/.cache/kagglehub/datasets/linchundan/fundusimage1000/versions/4/1000images/25.Preretinal hemorrhage/1ffa9410-8d87-11e8-9daf-6045cb817f5b..JPG,-1,0,0,0,0,0,,-1,25.Preretinal hemorrhage,/kaggle/temp/troubles/images/jsiec/8072c9c7a971a66e.jpg,-0.748735,-0.8429591,-5.6694093,-0.9961883,-4.8736005,-2.3088415
jsiec,jsiec-1ffa9411-8d87-11e8-9daf-6045cb817f5b.,/home/carld/.cache/kagglehub/datasets/linchundan/fundusimage1000/versions/4/1000images/25.Preretinal hemorrhage/1ffa9411-8d87-11e8-9daf-6045cb817f5b..JPG,-1,0,0,0,0,0,,-1,25.Preretinal hemorrhage,/kaggle/temp/troubles/images/jsiec/24e22637dc7ec911.jpg,-2.3943343,-3.4851148,-9.244581,-2.3741848,-7.577553,-4.6887097
jsiec,jsiec-1ffa9412-8d87-11e8-9daf-6045cb817f5b.,/home/carld/.cache/kagglehub/datasets/linchundan/fundusimage1000/versions/4/1000images/25.Preretinal hemorrhage/1ffa9412-8d87-11e8-9daf-6045cb817f5b..JPG,-1,0,0,0,0,0,,-1,25.Preretinal hemorrhage,/kaggle/temp/troubles/images/jsiec/62d04c69a355cca0.jpg,-0.6359387,-2.3062592,-7.353018,-3.6532977,-5.3901305,-5.631578
jsiec,jsiec-1ffa9413-8d87-11e8-9daf-6045cb817f5b.,/home/carld/.cache/kagglehub/datasets/linchundan/fundusimage1000/versions/4/1000images/25.Preretinal hemorrhage/1ffa9413-8d87-11e8-9daf-6045cb817f5b..JPG,-1,0,0,0,0,0,,-1,25.Preretinal hemorrhage,/kaggle/temp/troubles/images/jsiec/ead7aee783ac0be2.jpg,-0.56767446,-0.54545444,-3.3953884,-2.556739,-6.980626,-4.7913666
jsiec,jsiec-1ffa961d-8d87-11e8-9daf-6045cb817f5b.,/home/carld/.cache/kagglehub/datasets/linchundan/fundusimage1000/versions/4/1000images/26.Fibrosis/1ffa961d-8d87-11e8-9daf-6045cb817f5b..JPG,0,0,0,0,0,0,,-1,26.Fibrosis,/kaggle/temp/troubles/images/jsiec/0c2991a2014ffd0c.jpg,-2.0572143,-1.568211,-9.921708,2.047648,-6.0482388,-0.36822507
jsiec,jsiec-1ffa961e-8d87-11e8-9daf-6045cb817f5b.,/home/carld/.cache/kagglehub/datasets/linchundan/fundusimage1000/versions/4/1000images/26.Fibrosis/1ffa961e-8d87-11e8-9daf-6045cb817f5b..JPG,0,0,0,0,0,0,,-1,26.Fibrosis,/kaggle/temp/troubles/images/jsiec/8857d7746ec9c347.jpg,-1.6004791,-2.056503,-4.669925,0.5789927,-3.4715128,-7.367912
jsiec,jsiec-1ffa961f-8d87-11e8-9daf-6045cb817f5b.,/home/carld/.cache/kagglehub/datasets/linchundan/fundusimage1000/versions/4/1000images/26.Fibrosis/1ffa961f-8d87-11e8-9daf-6045cb817f5b..JPG,0,0,0,0,0,0,,-1,26.Fibrosis,/kaggle/temp/troubles/images/jsiec/a41c453d63f872f9.jpg,-2.2074976,0.03117702,-8.310745,-0.67272055,-1.6213341,-6.7625995
jsiec,jsiec-1ffa9620-8d87-11e8-9daf-6045cb817f5b.,/home/carld/.cache/kagglehub/datasets/linchundan/fundusimage1000/versions/4/1000images/26.Fibrosis/1ffa9620-8d87-11e8-9daf-6045cb817f5b..JPG,0,0,0,0,0,0,,-1,26.Fibrosis,/kaggle/temp/troubles/images/jsiec/f938f18eae85e488.jpg,2.0211787,-1.4418237,-3.900191,-3.3780556,-5.0431743,-5.7323976
jsiec,jsiec-1ffa9621-8d87-11e8-9daf-6045cb817f5b.,/home/carld/.cache/kagglehub/datasets/linchundan/fundusimage1000/versions/4/1000images/26.Fibrosis/1ffa9621-8d87-11e8-9daf-6045cb817f5b..JPG,0,0,0,0,0,0,,-1,26.Fibrosis,/kaggle/temp/troubles/images/jsiec/3bc0ccd6737233e2.jpg,-0.44890112,-3.1727192,-7.776951,0.22012666,-1.7565817,-6.527925
jsiec,jsiec-1ffa9622-8d87-11e8-9daf-6045cb817f5b.,/home/carld/.cache/kagglehub/datasets/linchundan/fundusimage1000/versions/4/1000images/26.Fibrosis/1ffa9622-8d87-11e8-9daf-6045cb817f5b..JPG,0,0,0,0,0,0,,-1,26.Fibrosis,/kaggle/temp/troubles/images/jsiec/3f155f5e766e8f06.jpg,1.2602758,-0.086960904,-7.1460547,-1.0497742,-1.2061813,-8.756651
jsiec,jsiec-1ffa9623-8d87-11e8-9daf-6045cb817f5b.,/home/carld/.cache/kagglehub/datasets/linchundan/fundusimage1000/versions/4/1000images/26.Fibrosis/1ffa9623-8d87-11e8-9daf-6045cb817f5b..JPG,0,0,0,0,0,0,,-1,26.Fibrosis,/kaggle/temp/troubles/images/jsiec/a5d8969ad3e99916.jpg,-0.11237812,-0.58057016,-4.9822865,0.49192587,-4.2689037,-4.52907
jsiec,jsiec-1ffa9624-8d87-11e8-9daf-6045cb817f5b.,/home/carld/.cache/kagglehub/datasets/linchundan/fundusimage1000/versions/4/1000images/26.Fibrosis/1ffa9624-8d87-11e8-9daf-6045cb817f5b..JPG,0,0,0,0,0,0,,-1,26.Fibrosis,/kaggle/temp/troubles/images/jsiec/e963b5a6d332a781.jpg,-2.5302098,-0.26488295,-5.0969815,-2.7839673,-5.8496466,-5.628014
jsiec,jsiec-1ffa9625-8d87-11e8-9daf-6045cb817f5b.,/home/carld/.cache/kagglehub/datasets/linchundan/fundusimage1000/versions/4/1000images/26.Fibrosis/1ffa9625-8d87-11e8-9daf-6045cb817f5b..JPG,0,0,0,0,0,0,,-1,26.Fibrosis,/kaggle/temp/troubles/images/jsiec/705d8f739068a396.jpg,-2.3479745,-2.6694045,-3.1502554,1.0284986,-2.4297712,-6.9757233
jsiec,jsiec-1ffa9626-8d87-11e8-9daf-6045cb817f5b.,/home/carld/.cache/kagglehub/datasets/linchundan/fundusimage1000/versions/4/1000images/26.Fibrosis/1ffa9626-8d87-11e8-9daf-6045cb817f5b..JPG,0,0,0,0,0,0,,-1,26.Fibrosis,/kaggle/temp/troubles/images/jsiec/d8ac434d70a31bf7.jpg,-1.8929393,-2.1265845,-10.483387,1.0853624,-4.471939,-6.285066
jsiec,jsiec-1ffa9377-8d87-11e8-9daf-6045cb817f5b.,/home/carld/.cache/kagglehub/datasets/linchundan/fundusimage1000/versions/4/1000images/27.Laser Spots/1ffa9377-8d87-11e8-9daf-6045cb817f5b..JPG,-1,0,0,0,0,0,,-1,27.Laser Spots,/kaggle/temp/troubles/images/jsiec/166d092266918ac0.jpg,-1.6476762,0.5796613,-3.8660955,-2.1293783,-7.1748347,-3.526095
jsiec,jsiec-1ffa9378-8d87-11e8-9daf-6045cb817f5b.,/home/carld/.cache/kagglehub/datasets/linchundan/fundusimage1000/versions/4/1000images/27.Laser Spots/1ffa9378-8d87-11e8-9daf-6045cb817f5b..JPG,-1,0,0,0,0,0,,-1,27.Laser Spots,/kaggle/temp/troubles/images/jsiec/3f03916ad48e869f.jpg,-2.6144633,-0.078182854,-3.1554763,-2.7428946,-7.377937,1.4080765
jsiec,jsiec-1ffa9379-8d87-11e8-9daf-6045cb817f5b.,/home/carld/.cache/kagglehub/datasets/linchundan/fundusimage1000/versions/4/1000images/27.Laser Spots/1ffa9379-8d87-11e8-9daf-6045cb817f5b..JPG,-1,0,0,0,0,0,,-1,27.Laser Spots,/kaggle/temp/troubles/images/jsiec/e4d298ceb370f7f1.jpg,-0.08857125,-0.09253565,-5.4373636,-1.6029528,-3.5661948,-6.4070363
jsiec,jsiec-1ffa937a-8d87-11e8-9daf-6045cb817f5b.,/home/carld/.cache/kagglehub/datasets/linchundan/fundusimage1000/versions/4/1000images/27.Laser Spots/1ffa937a-8d87-11e8-9daf-6045cb817f5b..JPG,-1,0,0,0,0,0,,-1,27.Laser Spots,/kaggle/temp/troubles/images/jsiec/794f28b7880af125.jpg,-0.8185218,1.7699844,-2.8988814,1.5763441,-6.638314,-0.73524517
jsiec,jsiec-1ffa937b-8d87-11e8-9daf-6045cb817f5b.,/home/carld/.cache/kagglehub/datasets/linchundan/fundusimage1000/versions/4/1000images/27.Laser Spots/1ffa937b-8d87-11e8-9daf-6045cb817f5b..JPG,-1,0,0,0,0,0,,-1,27.Laser Spots,/kaggle/temp/troubles/images/jsiec/956a2b60a0da27ad.jpg,-1.6286986,1.003897,-6.7524047,-1.6409342,-4.2637057,-3.4608312
jsiec,jsiec-1ffa937c-8d87-11e8-9daf-6045cb817f5b.,/home/carld/.cache/kagglehub/datasets/linchundan/fundusimage1000/versions/4/1000images/27.Laser Spots/1ffa937c-8d87-11e8-9daf-6045cb817f5b..JPG,-1,0,0,0,0,0,,-1,27.Laser Spots,/kaggle/temp/troubles/images/jsiec/6445941d0bc92e6f.jpg,-3.4052048,0.7033275,-2.782544,-0.15316956,-7.1209955,-1.0086555
jsiec,jsiec-1ffa937d-8d87-11e8-9daf-6045cb817f5b.,/home/carld/.cache/kagglehub/datasets/linchundan/fundusimage1000/versions/4/1000images/27.Laser Spots/1ffa937d-8d87-11e8-9daf-6045cb817f5b..JPG,-1,0,0,0,0,0,,-1,27.Laser Spots,/kaggle/temp/troubles/images/jsiec/8a705f98a20a52e5.jpg,-2.0686069,0.96523464,-1.531131,-2.061482,-4.6212883,-0.8667067
jsiec,jsiec-1ffa937e-8d87-11e8-9daf-6045cb817f5b.,/home/carld/.cache/kagglehub/datasets/linchundan/fundusimage1000/versions/4/1000images/27.Laser Spots/1ffa937e-8d87-11e8-9daf-6045cb817f5b..JPG,-1,0,0,0,0,0,,-1,27.Laser Spots,/kaggle/temp/troubles/images/jsiec/334c7d41a88b1453.jpg,-0.9433958,-1.3038255,-5.472149,-1.1653881,-3.9655619,-8.975361
jsiec,jsiec-1ffa937f-8d87-11e8-9daf-6045cb817f5b.,/home/carld/.cache/kagglehub/datasets/linchundan/fundusimage1000/versions/4/1000images/27.Laser Spots/1ffa937f-8d87-11e8-9daf-6045cb817f5b..JPG,-1,0,0,0,0,0,,-1,27.Laser Spots,/kaggle/temp/troubles/images/jsiec/ac0010b99b4ecc66.jpg,-1.6913567,0.43721017,-1.7442182,-1.2437097,-4.9513326,-5.0946608
jsiec,jsiec-1ffa9380-8d87-11e8-9daf-6045cb817f5b.,/home/carld/.cache/kagglehub/datasets/linchundan/fundusimage1000/versions/4/1000images/27.Laser Spots/1ffa9380-8d87-11e8-9daf-6045cb817f5b..JPG,-1,0,0,0,0,0,,-1,27.Laser Spots,/kaggle/temp/troubles/images/jsiec/dbb9ffc6bb0d17d0.jpg,-3.5228267,1.3767844,-4.9171424,0.79245424,-4.1949024,-6.1685314
jsiec,jsiec-1ffa9381-8d87-11e8-9daf-6045cb817f5b.,/home/carld/.cache/kagglehub/datasets/linchundan/fundusimage1000/versions/4/1000images/27.Laser Spots/1ffa9381-8d87-11e8-9daf-6045cb817f5b..JPG,-1,0,0,0,0,0,,-1,27.Laser Spots,/kaggle/temp/troubles/images/jsiec/ba2e1c175fa41c1d.jpg,-0.2621336,0.3102893,-6.18234,0.28932664,-7.2941523,-1.3564317
jsiec,jsiec-1ffa9382-8d87-11e8-9daf-6045cb817f5b.,/home/carld/.cache/kagglehub/datasets/linchundan/fundusimage1000/versions/4/1000images/27.Laser Spots/1ffa9382-8d87-11e8-9daf-6045cb817f5b..JPG,-1,0,0,0,0,0,,-1,27.Laser Spots,/kaggle/temp/troubles/images/jsiec/542b430df5aa53a7.jpg,2.968003,-0.84356004,-5.95131,-4.9330425,-4.3710685,-4.7033887
jsiec,jsiec-1ffa9383-8d87-11e8-9daf-6045cb817f5b.,/home/carld/.cache/kagglehub/datasets/linchundan/fundusimage1000/versions/4/1000images/27.Laser Spots/1ffa9383-8d87-11e8-9daf-6045cb817f5b..JPG,-1,0,0,0,0,0,,-1,27.Laser Spots,/kaggle/temp/troubles/images/jsiec/4c4d1ea31d2b5c7d.jpg,4.3527637,0.78599113,-4.233239,-2.139409,-5.466278,-2.26177
jsiec,jsiec-1ffa9384-8d87-11e8-9daf-6045cb817f5b.,/home/carld/.cache/kagglehub/datasets/linchundan/fundusimage1000/versions/4/1000images/27.Laser Spots/1ffa9384-8d87-11e8-9daf-6045cb817f5b..JPG,-1,0,0,0,0,0,,-1,27.Laser Spots,/kaggle/temp/troubles/images/jsiec/7dbda977162f2e6d.jpg,-2.6744583,-0.60929626,-6.238617,-2.0984464,-3.7229412,-6.5023003
jsiec,jsiec-1ffa9385-8d87-11e8-9daf-6045cb817f5b.,/home/carld/.cache/kagglehub/datasets/linchundan/fundusimage1000/versions/4/1000images/27.Laser Spots/1ffa9385-8d87-11e8-9daf-6045cb817f5b..JPG,-1,0,0,0,0,0,,-1,27.Laser Spots,/kaggle/temp/troubles/images/jsiec/8fcfcd57cd2df05a.jpg,-4.908995,0.4243131,0.19980487,-4.016119,-4.9541526,-4.0038834
jsiec,jsiec-1ffa9386-8d87-11e8-9daf-6045cb817f5b.,/home/carld/.cache/kagglehub/datasets/linchundan/fundusimage1000/versions/4/1000images/27.Laser Spots/1ffa9386-8d87-11e8-9daf-6045cb817f5b..JPG,-1,0,0,0,0,0,,-1,27.Laser Spots,/kaggle/temp/troubles/images/jsiec/87c507a034f9bd8e.jpg,-4.178521,1.3547856,-0.26572484,-1.3277271,-5.638572,-1.2508398
jsiec,jsiec-1ffa9387-8d87-11e8-9daf-6045cb817f5b.,/home/carld/.cache/kagglehub/datasets/linchundan/fundusimage1000/versions/4/1000images/27.Laser Spots/1ffa9387-8d87-11e8-9daf-6045cb817f5b..JPG,-1,0,0,0,0,0,,-1,27.Laser Spots,/kaggle/temp/troubles/images/jsiec/a2f98685afae609c.jpg,-2.3599513,-0.16801254,-1.1920773,-0.9135839,-7.027985,0.0071774013
jsiec,jsiec-1ffa9388-8d87-11e8-9daf-6045cb817f5b.,/home/carld/.cache/kagglehub/datasets/linchundan/fundusimage1000/versions/4/1000images/27.Laser Spots/1ffa9388-8d87-11e8-9daf-6045cb817f5b..JPG,-1,0,0,0,0,0,,-1,27.Laser Spots,/kaggle/temp/troubles/images/jsiec/002c53a3db14597c.jpg,-2.584401,-0.07841203,-1.71653,-1.7465171,-5.0704107,-2.2611349
jsiec,jsiec-1ffa9389-8d87-11e8-9daf-6045cb817f5b.,/home/carld/.cache/kagglehub/datasets/linchundan/fundusimage1000/versions/4/1000images/27.Laser Spots/1ffa9389-8d87-11e8-9daf-6045cb817f5b..JPG,-1,0,0,0,0,0,,-1,27.Laser Spots,/kaggle/temp/troubles/images/jsiec/eccfa96218eb5a1a.jpg,-2.6459262,1.0707011,-1.7887408,0.06966673,-5.153336,-2.915598
jsiec,jsiec-1ffa938a-8d87-11e8-9daf-6045cb817f5b.,/home/carld/.cache/kagglehub/datasets/linchundan/fundusimage1000/versions/4/1000images/27.Laser Spots/1ffa938a-8d87-11e8-9daf-6045cb817f5b..JPG,-1,0,0,0,0,0,,-1,27.Laser Spots,/kaggle/temp/troubles/images/jsiec/72b6000729d77651.jpg,-0.5748799,0.43659177,-2.3409169,-2.802624,-5.4444885,-2.6764553
jsiec,jsiec-1ffa92ae-8d87-11e8-9daf-6045cb817f5b.,/home/carld/.cache/kagglehub/datasets/linchundan/fundusimage1000/versions/4/1000images/28.Silicon oil in eye/1ffa92ae-8d87-11e8-9daf-6045cb817f5b..JPG,0,0,0,0,0,0,,-1,28.Silicon oil in eye,/kaggle/temp/troubles/images/jsiec/591d94cf39d9c936.jpg,-1.0586021,-1.0508649,-5.6793237,-1.8791802,-7.5859904,-2.44228
jsiec,jsiec-1ffa92af-8d87-11e8-9daf-6045cb817f5b.,/home/carld/.cache/kagglehub/datasets/linchundan/fundusimage1000/versions/4/1000images/28.Silicon oil in eye/1ffa92af-8d87-11e8-9daf-6045cb817f5b..JPG,0,0,0,0,0,0,,-1,28.Silicon oil in eye,/kaggle/temp/troubles/images/jsiec/1d4e8849c5909e28.jpg,4.4616485,-0.8693438,-6.7884426,-6.0415564,-5.66625,-5.6416936
jsiec,jsiec-1ffa92b0-8d87-11e8-9daf-6045cb817f5b.,/home/carld/.cache/kagglehub/datasets/linchundan/fundusimage1000/versions/4/1000images/28.Silicon oil in eye/1ffa92b0-8d87-11e8-9daf-6045cb817f5b..JPG,0,0,0,0,0,0,,-1,28.Silicon oil in eye,/kaggle/temp/troubles/images/jsiec/13ec8c6c57b98fb4.jpg,7.2302027,-0.20711736,-9.145059,-8.435323,-2.4013758,-6.6371684
jsiec,jsiec-1ffa92b1-8d87-11e8-9daf-6045cb817f5b.,/home/carld/.cache/kagglehub/datasets/linchundan/fundusimage1000/versions/4/1000images/28.Silicon oil in eye/1ffa92b1-8d87-11e8-9daf-6045cb817f5b..JPG,0,0,0,0,0,0,,-1,28.Silicon oil in eye,/kaggle/temp/troubles/images/jsiec/317bea5783e30179.jpg,-0.44042215,0.34630075,-8.047237,-1.5305502,-6.81931,-8.184087
jsiec,jsiec-1ffa92b2-8d87-11e8-9daf-6045cb817f5b.,/home/carld/.cache/kagglehub/datasets/linchundan/fundusimage1000/versions/4/1000images/28.Silicon oil in eye/1ffa92b2-8d87-11e8-9daf-6045cb817f5b..JPG,0,0,0,0,0,0,,-1,28.Silicon oil in eye,/kaggle/temp/troubles/images/jsiec/f39ceba94b272d37.jpg,1.985523,0.03624221,-8.140912,-2.3803809,-3.4481544,-3.905124
jsiec,jsiec-1ffa92b3-8d87-11e8-9daf-6045cb817f5b.,/home/carld/.cache/kagglehub/datasets/linchundan/fundusimage1000/versions/4/1000images/28.Silicon oil in eye/1ffa92b3-8d87-11e8-9daf-6045cb817f5b..JPG,0,0,0,0,0,0,,-1,28.Silicon oil in eye,/kaggle/temp/troubles/images/jsiec/019ca0eede0b41b4.jpg,4.84914,-1.3493254,-9.663218,-5.3267064,-0.6614757,-4.9960527
jsiec,jsiec-1ffa92b4-8d87-11e8-9daf-6045cb817f5b.,/home/carld/.cache/kagglehub/datasets/linchundan/fundusimage1000/versions/4/1000images/28.Silicon oil in eye/1ffa92b4-8d87-11e8-9daf-6045cb817f5b..JPG,0,0,0,0,0,0,,-1,28.Silicon oil in eye,/kaggle/temp/troubles/images/jsiec/6c928770c384ef23.jpg,2.9543142,-0.8834224,-10.9027605,-3.1270847,-1.0764092,-6.446768
jsiec,jsiec-1ffa92b5-8d87-11e8-9daf-6045cb817f5b.,/home/carld/.cache/kagglehub/datasets/linchundan/fundusimage1000/versions/4/1000images/28.Silicon oil in eye/1ffa92b5-8d87-11e8-9daf-6045cb817f5b..JPG,0,0,0,0,0,0,,-1,28.Silicon oil in eye,/kaggle/temp/troubles/images/jsiec/36a3b1e9c86486b2.jpg,3.4424212,-2.9144955,-9.068009,-5.558145,-4.1656585,-11.228247
jsiec,jsiec-1ffa92b6-8d87-11e8-9daf-6045cb817f5b.,/home/carld/.cache/kagglehub/datasets/linchundan/fundusimage1000/versions/4/1000images/28.Silicon oil in eye/1ffa92b6-8d87-11e8-9daf-6045cb817f5b..JPG,0,0,0,0,0,0,,-1,28.Silicon oil in eye,/kaggle/temp/troubles/images/jsiec/2f7897411e0a3707.jpg,0.11489797,0.4383969,-7.0610485,-1.9057089,-4.694511,-2.8720453
jsiec,jsiec-1ffa92b7-8d87-11e8-9daf-6045cb817f5b.,/home/carld/.cache/kagglehub/datasets/linchundan/fundusimage1000/versions/4/1000images/28.Silicon oil in eye/1ffa92b7-8d87-11e8-9daf-6045cb817f5b..JPG,0,0,0,0,0,0,,-1,28.Silicon oil in eye,/kaggle/temp/troubles/images/jsiec/a8fcb11fbdf64fc6.jpg,-0.71531934,1.098799,-7.374693,0.51939654,-0.53955257,-7.403189
jsiec,jsiec-1ffa92b8-8d87-11e8-9daf-6045cb817f5b.,/home/carld/.cache/kagglehub/datasets/linchundan/fundusimage1000/versions/4/1000images/28.Silicon oil in eye/1ffa92b8-8d87-11e8-9daf-6045cb817f5b..JPG,0,0,0,0,0,0,,-1,28.Silicon oil in eye,/kaggle/temp/troubles/images/jsiec/73f4e2da8ee6ad27.jpg,1.7829692,-2.598308,-7.0783696,-1.3273284,-1.5855843,-6.02509
jsiec,jsiec-1ffa92b9-8d87-11e8-9daf-6045cb817f5b.,/home/carld/.cache/kagglehub/datasets/linchundan/fundusimage1000/versions/4/1000images/28.Silicon oil in eye/1ffa92b9-8d87-11e8-9daf-6045cb817f5b..JPG,0,0,0,0,0,0,,-1,28.Silicon oil in eye,/kaggle/temp/troubles/images/jsiec/6d8680274c0a23fd.jpg,0.598021,0.09420433,-2.1364167,-2.1656332,-4.6191115,-3.7296326
jsiec,jsiec-1ffa92ba-8d87-11e8-9daf-6045cb817f5b.,/home/carld/.cache/kagglehub/datasets/linchundan/fundusimage1000/versions/4/1000images/28.Silicon oil in eye/1ffa92ba-8d87-11e8-9daf-6045cb817f5b..JPG,0,0,0,0,0,0,,-1,28.Silicon oil in eye,/kaggle/temp/troubles/images/jsiec/328ddbdbe9112d21.jpg,-2.5335593,-2.748718,-9.476956,-4.7514544,-5.2312145,-4.3734937
jsiec,jsiec-1ffa92bb-8d87-11e8-9daf-6045cb817f5b.,/home/carld/.cache/kagglehub/datasets/linchundan/fundusimage1000/versions/4/1000images/28.Silicon oil in eye/1ffa92bb-8d87-11e8-9daf-6045cb817f5b..JPG,0,0,0,0,0,0,,-1,28.Silicon oil in eye,/kaggle/temp/troubles/images/jsiec/3f0d577c6f6de73a.jpg,2.1662176,-1.6328231,-12.168339,-3.7698956,-2.8939345,-5.621791
jsiec,jsiec-1ffa92bc-8d87-11e8-9daf-6045cb817f5b.,/home/carld/.cache/kagglehub/datasets/linchundan/fundusimage1000/versions/4/1000images/28.Silicon oil in eye/1ffa92bc-8d87-11e8-9daf-6045cb817f5b..JPG,0,0,0,0,0,0,,-1,28.Silicon oil in eye,/kaggle/temp/troubles/images/jsiec/76923ac46c26c393.jpg,1.7986586,2.2325175,-8.778593,-3.873134,-0.36319286,-6.892475
jsiec,jsiec-1ffa92bd-8d87-11e8-9daf-6045cb817f5b.,/home/carld/.cache/kagglehub/datasets/linchundan/fundusimage1000/versions/4/1000images/28.Silicon oil in eye/1ffa92bd-8d87-11e8-9daf-6045cb817f5b..JPG,0,0,0,0,0,0,,-1,28.Silicon oil in eye,/kaggle/temp/troubles/images/jsiec/de39d29e7adccada.jpg,1.0832381,-1.2311367,-8.693444,-1.2367374,-2.6791306,-7.895368
jsiec,jsiec-1ffa92be-8d87-11e8-9daf-6045cb817f5b.,/home/carld/.cache/kagglehub/datasets/linchundan/fundusimage1000/versions/4/1000images/28.Silicon oil in eye/1ffa92be-8d87-11e8-9daf-6045cb817f5b..JPG,0,0,0,0,0,0,,-1,28.Silicon oil in eye,/kaggle/temp/troubles/images/jsiec/111c5926541b9d77.jpg,-0.98557675,-1.0680108,-2.555598,2.7165282,-4.730983,-2.821631
jsiec,jsiec-1ffa92bf-8d87-11e8-9daf-6045cb817f5b.,/home/carld/.cache/kagglehub/datasets/linchundan/fundusimage1000/versions/4/1000images/28.Silicon oil in eye/1ffa92bf-8d87-11e8-9daf-6045cb817f5b..JPG,0,0,0,0,0,0,,-1,28.Silicon oil in eye,/kaggle/temp/troubles/images/jsiec/470aab4f81b71541.jpg,2.940611,-1.9849867,-7.810394,-2.6765394,-5.0787573,-9.058005
jsiec,jsiec-1ffa92c0-8d87-11e8-9daf-6045cb817f5b.,/home/carld/.cache/kagglehub/datasets/linchundan/fundusimage1000/versions/4/1000images/28.Silicon oil in eye/1ffa92c0-8d87-11e8-9daf-6045cb817f5b..JPG,0,0,0,0,0,0,,-1,28.Silicon oil in eye,/kaggle/temp/troubles/images/jsiec/0788d001e8e39de4.jpg,3.9681697,-1.3719928,-4.6640487,-3.0472457,-3.9206083,-6.979737
jsiec,jsiec-006d45bd44298e4ccbda36858067ba0c,/home/carld/.cache/kagglehub/datasets/linchundan/fundusimage1000/versions/4/1000images/29.0.Blur fundus without PDR/006d45bd44298e4ccbda36858067ba0c.jpg,0,0,-1,0,0,0,,-1,29.0.Blur fundus without PDR,/kaggle/temp/troubles/images/jsiec/304feac75f243779.jpg,-3.1912956,0.39418003,-3.6240346,-2.6077802,-6.254162,-0.86425936
jsiec,jsiec-0b41d00ae77a38215045609a22a1fc74,/home/carld/.cache/kagglehub/datasets/linchundan/fundusimage1000/versions/4/1000images/29.0.Blur fundus without PDR/0b41d00ae77a38215045609a22a1fc74.jpg,0,0,-1,0,0,0,,-1,29.0.Blur fundus without PDR,/kaggle/temp/troubles/images/jsiec/0a7ffee7380efeef.jpg,-2.2698314,-1.9088035,2.614126,-5.5369935,-6.3583236,-4.1670184
jsiec,jsiec-1dcdf5863101f1652a7af5ab93ec729a,/home/carld/.cache/kagglehub/datasets/linchundan/fundusimage1000/versions/4/1000images/29.0.Blur fundus without PDR/1dcdf5863101f1652a7af5ab93ec729a.jpg,0,0,-1,0,0,0,,-1,29.0.Blur fundus without PDR,/kaggle/temp/troubles/images/jsiec/5a8be368d3e7e359.jpg,-3.4826274,-0.6073006,-5.033273,-5.490981,-7.699139,-3.8968432
jsiec,jsiec-1ffa941f-8d87-11e8-9daf-6045cb817f5b.,/home/carld/.cache/kagglehub/datasets/linchundan/fundusimage1000/versions/4/1000images/29.0.Blur fundus without PDR/1ffa941f-8d87-11e8-9daf-6045cb817f5b..JPG,0,0,-1,0,0,0,,-1,29.0.Blur fundus without PDR,/kaggle/temp/troubles/images/jsiec/019e9ad7f7ecc69d.jpg,-2.1843114,-4.312662,5.730965,0.35943094,-8.58319,-3.9239204
jsiec,jsiec-1ffa9420-8d87-11e8-9daf-6045cb817f5b.,/home/carld/.cache/kagglehub/datasets/linchundan/fundusimage1000/versions/4/1000images/29.0.Blur fundus without PDR/1ffa9420-8d87-11e8-9daf-6045cb817f5b..JPG,0,0,-1,0,0,0,,-1,29.0.Blur fundus without PDR,/kaggle/temp/troubles/images/jsiec/42c6dc1d87971e85.jpg,-1.8217909,-1.6530359,0.80447197,-4.4583716,-5.061421,-4.8579164
jsiec,jsiec-1ffa9421-8d87-11e8-9daf-6045cb817f5b.,/home/carld/.cache/kagglehub/datasets/linchundan/fundusimage1000/versions/4/1000images/29.0.Blur fundus without PDR/1ffa9421-8d87-11e8-9daf-6045cb817f5b..JPG,0,0,-1,0,0,0,,-1,29.0.Blur fundus without PDR,/kaggle/temp/troubles/images/jsiec/a6a6abcc62bdead3.jpg,-5.4403496,-3.5033453,6.3223844,-7.0650225,-5.8125253,-6.8303175
jsiec,jsiec-1ffa9422-8d87-11e8-9daf-6045cb817f5b.,/home/carld/.cache/kagglehub/datasets/linchundan/fundusimage1000/versions/4/1000images/29.0.Blur fundus without PDR/1ffa9422-8d87-11e8-9daf-6045cb817f5b..JPG,0,0,-1,0,0,0,,-1,29.0.Blur fundus without PDR,/kaggle/temp/troubles/images/jsiec/17aa2f15e8d4619d.jpg,-3.950162,-4.1462684,5.106179,-5.446532,-6.8764477,-4.3431706
jsiec,jsiec-1ffa9423-8d87-11e8-9daf-6045cb817f5b.,/home/carld/.cache/kagglehub/datasets/linchundan/fundusimage1000/versions/4/1000images/29.0.Blur fundus without PDR/1ffa9423-8d87-11e8-9daf-6045cb817f5b..JPG,0,0,-1,0,0,0,,-1,29.0.Blur fundus without PDR,/kaggle/temp/troubles/images/jsiec/6416be39ddfb32d1.jpg,-3.7825541,-4.5097117,6.4632707,-2.5469942,-6.8591175,-5.259191
jsiec,jsiec-1ffa9424-8d87-11e8-9daf-6045cb817f5b.,/home/carld/.cache/kagglehub/datasets/linchundan/fundusimage1000/versions/4/1000images/29.0.Blur fundus without PDR/1ffa9424-8d87-11e8-9daf-6045cb817f5b..JPG,0,0,-1,0,0,0,,-1,29.0.Blur fundus without PDR,/kaggle/temp/troubles/images/jsiec/1e048a8832906fc7.jpg,-4.8122354,-4.2750726,6.1613603,-4.790135,-7.2985353,-5.656583
jsiec,jsiec-1ffa9425-8d87-11e8-9daf-6045cb817f5b.,/home/carld/.cache/kagglehub/datasets/linchundan/fundusimage1000/versions/4/1000images/29.0.Blur fundus without PDR/1ffa9425-8d87-11e8-9daf-6045cb817f5b..JPG,0,0,-1,0,0,0,,-1,29.0.Blur fundus without PDR,/kaggle/temp/troubles/images/jsiec/b6bbf915eb059590.jpg,-4.5147333,-3.0098295,5.500766,-5.949888,-5.7263927,-6.5008984
jsiec,jsiec-1ffa9426-8d87-11e8-9daf-6045cb817f5b.,/home/carld/.cache/kagglehub/datasets/linchundan/fundusimage1000/versions/4/1000images/29.0.Blur fundus without PDR/1ffa9426-8d87-11e8-9daf-6045cb817f5b..JPG,0,0,-1,0,0,0,,-1,29.0.Blur fundus without PDR,/kaggle/temp/troubles/images/jsiec/e62df36289b4d78c.jpg,-5.077681,-4.6618724,4.2856956,-3.0702395,-8.194228,-6.8675942
jsiec,jsiec-1ffa9427-8d87-11e8-9daf-6045cb817f5b.,/home/carld/.cache/kagglehub/datasets/linchundan/fundusimage1000/versions/4/1000images/29.0.Blur fundus without PDR/1ffa9427-8d87-11e8-9daf-6045cb817f5b..JPG,0,0,-1,0,0,0,,-1,29.0.Blur fundus without PDR,/kaggle/temp/troubles/images/jsiec/499830e7dd295397.jpg,-3.8083224,1.1112978,2.7132006,-3.2554536,-5.1694775,-9.117742
jsiec,jsiec-1ffa9428-8d87-11e8-9daf-6045cb817f5b.,/home/carld/.cache/kagglehub/datasets/linchundan/fundusimage1000/versions/4/1000images/29.0.Blur fundus without PDR/1ffa9428-8d87-11e8-9daf-6045cb817f5b..JPG,0,0,-1,0,0,0,,-1,29.0.Blur fundus without PDR,/kaggle/temp/troubles/images/jsiec/2b29788ee92c0bd7.jpg,-3.5984132,-4.5300617,5.252749,-4.6751595,-7.5183735,-3.9348776
jsiec,jsiec-1ffa9429-8d87-11e8-9daf-6045cb817f5b.,/home/carld/.cache/kagglehub/datasets/linchundan/fundusimage1000/versions/4/1000images/29.0.Blur fundus without PDR/1ffa9429-8d87-11e8-9daf-6045cb817f5b..JPG,0,0,-1,0,0,0,,-1,29.0.Blur fundus without PDR,/kaggle/temp/troubles/images/jsiec/e13f3fed1c5c9417.jpg,-3.7284336,-2.4463055,4.7102237,-4.7096357,-6.2595434,-6.7909293
jsiec,jsiec-1ffa942a-8d87-11e8-9daf-6045cb817f5b.,/home/carld/.cache/kagglehub/datasets/linchundan/fundusimage1000/versions/4/1000images/29.0.Blur fundus without PDR/1ffa942a-8d87-11e8-9daf-6045cb817f5b..JPG,0,0,-1,0,0,0,,-1,29.0.Blur fundus without PDR,/kaggle/temp/troubles/images/jsiec/f3d23eb0be6f1c36.jpg,-3.6254947,-3.8027525,3.5379236,-5.0352254,-6.263224,-3.8770006
jsiec,jsiec-1ffa942b-8d87-11e8-9daf-6045cb817f5b.,/home/carld/.cache/kagglehub/datasets/linchundan/fundusimage1000/versions/4/1000images/29.0.Blur fundus without PDR/1ffa942b-8d87-11e8-9daf-6045cb817f5b..JPG,0,0,-1,0,0,0,,-1,29.0.Blur fundus without PDR,/kaggle/temp/troubles/images/jsiec/ff23bb136ae5edaf.jpg,-4.785653,-2.7675197,4.614853,-6.614462,-5.3462224,-7.2210937
jsiec,jsiec-1ffa942c-8d87-11e8-9daf-6045cb817f5b.,/home/carld/.cache/kagglehub/datasets/linchundan/fundusimage1000/versions/4/1000images/29.0.Blur fundus without PDR/1ffa942c-8d87-11e8-9daf-6045cb817f5b..JPG,0,0,-1,0,0,0,,-1,29.0.Blur fundus without PDR,/kaggle/temp/troubles/images/jsiec/257e6ab72871e93a.jpg,-3.696215,-0.9418728,2.2740397,-3.6291335,-6.0758357,-3.1379404
jsiec,jsiec-1ffa942d-8d87-11e8-9daf-6045cb817f5b.,/home/carld/.cache/kagglehub/datasets/linchundan/fundusimage1000/versions/4/1000images/29.0.Blur fundus without PDR/1ffa942d-8d87-11e8-9daf-6045cb817f5b..JPG,0,0,-1,0,0,0,,-1,29.0.Blur fundus without PDR,/kaggle/temp/troubles/images/jsiec/1235d320614e0b67.jpg,-3.6455064,-1.5527294,3.5702186,-4.7707906,-6.077773,-6.5317183
jsiec,jsiec-1ffa942e-8d87-11e8-9daf-6045cb817f5b.,/home/carld/.cache/kagglehub/datasets/linchundan/fundusimage1000/versions/4/1000images/29.0.Blur fundus without PDR/1ffa942e-8d87-11e8-9daf-6045cb817f5b..JPG,0,0,-1,0,0,0,,-1,29.0.Blur fundus without PDR,/kaggle/temp/troubles/images/jsiec/43fdfe86ad5e1886.jpg,-3.165411,-1.8337349,3.5500038,-3.3413808,-5.6374006,-5.231961
jsiec,jsiec-1ffa942f-8d87-11e8-9daf-6045cb817f5b.,/home/carld/.cache/kagglehub/datasets/linchundan/fundusimage1000/versions/4/1000images/29.0.Blur fundus without PDR/1ffa942f-8d87-11e8-9daf-6045cb817f5b..JPG,0,0,-1,0,0,0,,-1,29.0.Blur fundus without PDR,/kaggle/temp/troubles/images/jsiec/1cafc1c0542ec2e8.jpg,-3.7117999,-1.6687121,4.1670494,-4.4788704,-6.041136,-5.541905
jsiec,jsiec-1ffa9430-8d87-11e8-9daf-6045cb817f5b.,/home/carld/.cache/kagglehub/datasets/linchundan/fundusimage1000/versions/4/1000images/29.0.Blur fundus without PDR/1ffa9430-8d87-11e8-9daf-6045cb817f5b..JPG,0,0,-1,0,0,0,,-1,29.0.Blur fundus without PDR,/kaggle/temp/troubles/images/jsiec/47c3b9d523efd2f5.jpg,-4.1112413,-0.9566729,3.4703982,-4.01756,-4.2117224,-5.6645837
jsiec,jsiec-1ffa9431-8d87-11e8-9daf-6045cb817f5b.,/home/carld/.cache/kagglehub/datasets/linchundan/fundusimage1000/versions/4/1000images/29.0.Blur fundus without PDR/1ffa9431-8d87-11e8-9daf-6045cb817f5b..JPG,0,0,-1,0,0,0,,-1,29.0.Blur fundus without PDR,/kaggle/temp/troubles/images/jsiec/9e6b25e394840b9a.jpg,-5.633881,-4.36254,5.5695696,-6.8946834,-5.793607,-6.8936896
jsiec,jsiec-1ffa9432-8d87-11e8-9daf-6045cb817f5b.,/home/carld/.cache/kagglehub/datasets/linchundan/fundusimage1000/versions/4/1000images/29.0.Blur fundus without PDR/1ffa9432-8d87-11e8-9daf-6045cb817f5b..JPG,0,0,-1,0,0,0,,-1,29.0.Blur fundus without PDR,/kaggle/temp/troubles/images/jsiec/20393546ea33281c.jpg,-3.733739,-3.65359,5.707084,-4.714229,-7.7402697,-5.9626927
jsiec,jsiec-1ffa9433-8d87-11e8-9daf-6045cb817f5b.,/home/carld/.cache/kagglehub/datasets/linchundan/fundusimage1000/versions/4/1000images/29.0.Blur fundus without PDR/1ffa9433-8d87-11e8-9daf-6045cb817f5b..JPG,0,0,-1,0,0,0,,-1,29.0.Blur fundus without PDR,/kaggle/temp/troubles/images/jsiec/3ce7bb7857f1d0ec.jpg,-4.759766,-4.694444,6.653978,-5.750104,-7.946824,-4.321579
jsiec,jsiec-1ffa9434-8d87-11e8-9daf-6045cb817f5b.,/home/carld/.cache/kagglehub/datasets/linchundan/fundusimage1000/versions/4/1000images/29.0.Blur fundus without PDR/1ffa9434-8d87-11e8-9daf-6045cb817f5b..JPG,0,0,-1,0,0,0,,-1,29.0.Blur fundus without PDR,/kaggle/temp/troubles/images/jsiec/f806bcff8c4acdd0.jpg,-4.7951083,-3.5069764,5.7895217,-4.74995,-6.4665484,-3.9687853
jsiec,jsiec-1ffa9435-8d87-11e8-9daf-6045cb817f5b.,/home/carld/.cache/kagglehub/datasets/linchundan/fundusimage1000/versions/4/1000images/29.0.Blur fundus without PDR/1ffa9435-8d87-11e8-9daf-6045cb817f5b..JPG,0,0,-1,0,0,0,,-1,29.0.Blur fundus without PDR,/kaggle/temp/troubles/images/jsiec/7baa31e87e984c7c.jpg,-3.9167132,-4.9595866,6.461731,-5.129515,-8.466131,-6.241715
jsiec,jsiec-1ffa9436-8d87-11e8-9daf-6045cb817f5b.,/home/carld/.cache/kagglehub/datasets/linchundan/fundusimage1000/versions/4/1000images/29.0.Blur fundus without PDR/1ffa9436-8d87-11e8-9daf-6045cb817f5b..JPG,0,0,-1,0,0,0,,-1,29.0.Blur fundus without PDR,/kaggle/temp/troubles/images/jsiec/a0d5fc0406208c14.jpg,-5.2286506,-3.9383402,6.093973,-4.8019924,-6.379568,-5.61445
jsiec,jsiec-1ffa9437-8d87-11e8-9daf-6045cb817f5b.,/home/carld/.cache/kagglehub/datasets/linchundan/fundusimage1000/versions/4/1000images/29.0.Blur fundus without PDR/1ffa9437-8d87-11e8-9daf-6045cb817f5b..JPG,0,0,-1,0,0,0,,-1,29.0.Blur fundus without PDR,/kaggle/temp/troubles/images/jsiec/be00724b7cf4a6e4.jpg,-4.647044,-4.2985535,5.5603337,-5.556872,-7.4442987,-4.543302
jsiec,jsiec-1ffa9438-8d87-11e8-9daf-6045cb817f5b.,/home/carld/.cache/kagglehub/datasets/linchundan/fundusimage1000/versions/4/1000images/29.0.Blur fundus without PDR/1ffa9438-8d87-11e8-9daf-6045cb817f5b..JPG,0,0,-1,0,0,0,,-1,29.0.Blur fundus without PDR,/kaggle/temp/troubles/images/jsiec/fd04c52102e78291.jpg,-3.3206935,-3.7173758,5.989397,-2.3518853,-7.9850197,-5.308977
jsiec,jsiec-1ffa9439-8d87-11e8-9daf-6045cb817f5b.,/home/carld/.cache/kagglehub/datasets/linchundan/fundusimage1000/versions/4/1000images/29.0.Blur fundus without PDR/1ffa9439-8d87-11e8-9daf-6045cb817f5b..JPG,0,0,-1,0,0,0,,-1,29.0.Blur fundus without PDR,/kaggle/temp/troubles/images/jsiec/202188341ffcecf7.jpg,-6.2818747,-4.0890155,5.730269,-6.295468,-6.2362857,-5.8686757
jsiec,jsiec-1ffa943a-8d87-11e8-9daf-6045cb817f5b.,/home/carld/.cache/kagglehub/datasets/linchundan/fundusimage1000/versions/4/1000images/29.0.Blur fundus without PDR/1ffa943a-8d87-11e8-9daf-6045cb817f5b..JPG,0,0,-1,0,0,0,,-1,29.0.Blur fundus without PDR,/kaggle/temp/troubles/images/jsiec/c310bfb5ae85a944.jpg,-4.5276165,-4.0168114,4.746717,-5.200706,-6.5459685,-5.1046033
jsiec,jsiec-1ffa943b-8d87-11e8-9daf-6045cb817f5b.,/home/carld/.cache/kagglehub/datasets/linchundan/fundusimage1000/versions/4/1000images/29.0.Blur fundus without PDR/1ffa943b-8d87-11e8-9daf-6045cb817f5b..JPG,0,0,-1,0,0,0,,-1,29.0.Blur fundus without PDR,/kaggle/temp/troubles/images/jsiec/9119d814b98a54b3.jpg,-2.3312604,-4.9495835,5.3973765,-2.9294453,-8.266449,-4.2204285
jsiec,jsiec-1ffa943c-8d87-11e8-9daf-6045cb817f5b.,/home/carld/.cache/kagglehub/datasets/linchundan/fundusimage1000/versions/4/1000images/29.0.Blur fundus without PDR/1ffa943c-8d87-11e8-9daf-6045cb817f5b..JPG,0,0,-1,0,0,0,,-1,29.0.Blur fundus without PDR,/kaggle/temp/troubles/images/jsiec/b4cb7f814b20e1f8.jpg,-4.4449816,-3.4062645,4.5690465,-6.2473454,-5.7549095,-4.004305
jsiec,jsiec-1ffa943d-8d87-11e8-9daf-6045cb817f5b.,/home/carld/.cache/kagglehub/datasets/linchundan/fundusimage1000/versions/4/1000images/29.0.Blur fundus without PDR/1ffa943d-8d87-11e8-9daf-6045cb817f5b..JPG,0,0,-1,0,0,0,,-1,29.0.Blur fundus without PDR,/kaggle/temp/troubles/images/jsiec/72e67db687f9cb5b.jpg,-3.7152207,-0.31025025,5.206261,-4.5023713,-6.7571926,-7.254452
jsiec,jsiec-1ffa943e-8d87-11e8-9daf-6045cb817f5b.,/home/carld/.cache/kagglehub/datasets/linchundan/fundusimage1000/versions/4/1000images/29.0.Blur fundus without PDR/1ffa943e-8d87-11e8-9daf-6045cb817f5b..JPG,0,0,-1,0,0,0,,-1,29.0.Blur fundus without PDR,/kaggle/temp/troubles/images/jsiec/d8e8430a8014f592.jpg,-4.4114466,-5.3020024,5.530237,-1.6686294,-8.678438,-3.4730003
jsiec,jsiec-1ffa943f-8d87-11e8-9daf-6045cb817f5b.,/home/carld/.cache/kagglehub/datasets/linchundan/fundusimage1000/versions/4/1000images/29.0.Blur fundus without PDR/1ffa943f-8d87-11e8-9daf-6045cb817f5b..JPG,0,0,-1,0,0,0,,-1,29.0.Blur fundus without PDR,/kaggle/temp/troubles/images/jsiec/6b776cb7e711aeb6.jpg,-3.5222206,-3.1263537,7.1505003,-1.712232,-8.530304,-5.610147
jsiec,jsiec-1ffa9440-8d87-11e8-9daf-6045cb817f5b.,/home/carld/.cache/kagglehub/datasets/linchundan/fundusimage1000/versions/4/1000images/29.0.Blur fundus without PDR/1ffa9440-8d87-11e8-9daf-6045cb817f5b..JPG,0,0,-1,0,0,0,,-1,29.0.Blur fundus without PDR,/kaggle/temp/troubles/images/jsiec/598ca7721d376be6.jpg,-2.3315651,0.22224762,2.152257,0.6687968,-8.086578,-2.1317737
jsiec,jsiec-1ffa9441-8d87-11e8-9daf-6045cb817f5b.,/home/carld/.cache/kagglehub/datasets/linchundan/fundusimage1000/versions/4/1000images/29.0.Blur fundus without PDR/1ffa9441-8d87-11e8-9daf-6045cb817f5b..JPG,0,0,-1,0,0,0,,-1,29.0.Blur fundus without PDR,/kaggle/temp/troubles/images/jsiec/e69f0a001f2c9d4f.jpg,-2.817772,-3.1116796,4.541419,-2.85761,-6.3707037,-1.9645386
jsiec,jsiec-1ffa9442-8d87-11e8-9daf-6045cb817f5b.,/home/carld/.cache/kagglehub/datasets/linchundan/fundusimage1000/versions/4/1000images/29.0.Blur fundus without PDR/1ffa9442-8d87-11e8-9daf-6045cb817f5b..JPG,0,0,-1,0,0,0,,-1,29.0.Blur fundus without PDR,/kaggle/temp/troubles/images/jsiec/e9ea58e27a1a60a0.jpg,-3.7803712,-3.300917,3.5885997,-3.1368449,-7.9538875,-3.7825062
jsiec,jsiec-1ffa9443-8d87-11e8-9daf-6045cb817f5b.,/home/carld/.cache/kagglehub/datasets/linchundan/fundusimage1000/versions/4/1000images/29.0.Blur fundus without PDR/1ffa9443-8d87-11e8-9daf-6045cb817f5b..JPG,0,0,-1,0,0,0,,-1,29.0.Blur fundus without PDR,/kaggle/temp/troubles/images/jsiec/bad5727ffd634395.jpg,-3.5480635,-3.5291314,4.860269,-0.8298485,-8.30933,-5.3454247
jsiec,jsiec-1ffa9444-8d87-11e8-9daf-6045cb817f5b.,/home/carld/.cache/kagglehub/datasets/linchundan/fundusimage1000/versions/4/1000images/29.0.Blur fundus without PDR/1ffa9444-8d87-11e8-9daf-6045cb817f5b..JPG,0,0,-1,0,0,0,,-1,29.0.Blur fundus without PDR,/kaggle/temp/troubles/images/jsiec/053bdd614bf0268d.jpg,-4.4663544,-3.5840418,4.7424603,-5.995736,-5.7741375,-5.482693
jsiec,jsiec-1ffa9445-8d87-11e8-9daf-6045cb817f5b.,/home/carld/.cache/kagglehub/datasets/linchundan/fundusimage1000/versions/4/1000images/29.0.Blur fundus without PDR/1ffa9445-8d87-11e8-9daf-6045cb817f5b..JPG,0,0,-1,0,0,0,,-1,29.0.Blur fundus without PDR,/kaggle/temp/troubles/images/jsiec/254d1fed56e857bf.jpg,-2.029457,-2.6706262,-0.61774755,-4.7514496,-6.448171,-7.4395485
jsiec,jsiec-1ffa9446-8d87-11e8-9daf-6045cb817f5b.,/home/carld/.cache/kagglehub/datasets/linchundan/fundusimage1000/versions/4/1000images/29.0.Blur fundus without PDR/1ffa9446-8d87-11e8-9daf-6045cb817f5b..JPG,0,0,-1,0,0,0,,-1,29.0.Blur fundus without PDR,/kaggle/temp/troubles/images/jsiec/a7b1f1ad81a9c126.jpg,-4.3847227,-4.545648,5.6396003,-5.3498898,-7.5866575,-4.7099147
jsiec,jsiec-1ffa9447-8d87-11e8-9daf-6045cb817f5b.,/home/carld/.cache/kagglehub/datasets/linchundan/fundusimage1000/versions/4/1000images/29.0.Blur fundus without PDR/1ffa9447-8d87-11e8-9daf-6045cb817f5b..JPG,0,0,-1,0,0,0,,-1,29.0.Blur fundus without PDR,/kaggle/temp/troubles/images/jsiec/f0feae526dcb2849.jpg,-4.765069,-4.036341,5.622312,-4.993239,-7.2612157,-3.5235984
jsiec,jsiec-1ffa9448-8d87-11e8-9daf-6045cb817f5b.,/home/carld/.cache/kagglehub/datasets/linchundan/fundusimage1000/versions/4/1000images/29.0.Blur fundus without PDR/1ffa9448-8d87-11e8-9daf-6045cb817f5b..JPG,0,0,-1,0,0,0,,-1,29.0.Blur fundus without PDR,/kaggle/temp/troubles/images/jsiec/f53ca3512008aa00.jpg,-5.171953,-3.2142,5.4570656,-5.714159,-5.7810345,-6.167374
jsiec,jsiec-1ffa9449-8d87-11e8-9daf-6045cb817f5b.,/home/carld/.cache/kagglehub/datasets/linchundan/fundusimage1000/versions/4/1000images/29.0.Blur fundus without PDR/1ffa9449-8d87-11e8-9daf-6045cb817f5b..JPG,0,0,-1,0,0,0,,-1,29.0.Blur fundus without PDR,/kaggle/temp/troubles/images/jsiec/4b89b178f84a328b.jpg,-3.6947594,-0.80850893,1.5320266,-0.7731885,-6.045368,-1.6995057
jsiec,jsiec-1ffa944a-8d87-11e8-9daf-6045cb817f5b.,/home/carld/.cache/kagglehub/datasets/linchundan/fundusimage1000/versions/4/1000images/29.0.Blur fundus without PDR/1ffa944a-8d87-11e8-9daf-6045cb817f5b..JPG,0,0,-1,0,0,0,,-1,29.0.Blur fundus without PDR,/kaggle/temp/troubles/images/jsiec/043f9e8f16913639.jpg,-4.9803944,-4.4812903,5.901226,-5.89622,-7.135377,-5.66318
jsiec,jsiec-1ffa944b-8d87-11e8-9daf-6045cb817f5b.,/home/carld/.cache/kagglehub/datasets/linchundan/fundusimage1000/versions/4/1000images/29.0.Blur fundus without PDR/1ffa944b-8d87-11e8-9daf-6045cb817f5b..JPG,0,0,-1,0,0,0,,-1,29.0.Blur fundus without PDR,/kaggle/temp/troubles/images/jsiec/574d34fbf4956f59.jpg,-4.7645454,-1.8154652,5.3428445,-5.923077,-4.925785,-7.604519
jsiec,jsiec-1ffa944c-8d87-11e8-9daf-6045cb817f5b.,/home/carld/.cache/kagglehub/datasets/linchundan/fundusimage1000/versions/4/1000images/29.0.Blur fundus without PDR/1ffa944c-8d87-11e8-9daf-6045cb817f5b..JPG,0,0,-1,0,0,0,,-1,29.0.Blur fundus without PDR,/kaggle/temp/troubles/images/jsiec/0983c9c4b0bddea5.jpg,-4.597763,-3.7834866,4.8451858,-3.2500374,-7.8861704,-3.1490333
jsiec,jsiec-1ffa944d-8d87-11e8-9daf-6045cb817f5b.,/home/carld/.cache/kagglehub/datasets/linchundan/fundusimage1000/versions/4/1000images/29.0.Blur fundus without PDR/1ffa944d-8d87-11e8-9daf-6045cb817f5b..JPG,0,0,-1,0,0,0,,-1,29.0.Blur fundus without PDR,/kaggle/temp/troubles/images/jsiec/5a2f2f8490d40a29.jpg,-4.3041387,0.16150178,3.2534354,-2.9592452,-7.0024056,-3.625494
jsiec,jsiec-1ffa944e-8d87-11e8-9daf-6045cb817f5b.,/home/carld/.cache/kagglehub/datasets/linchundan/fundusimage1000/versions/4/1000images/29.0.Blur fundus without PDR/1ffa944e-8d87-11e8-9daf-6045cb817f5b..JPG,0,0,-1,0,0,0,,-1,29.0.Blur fundus without PDR,/kaggle/temp/troubles/images/jsiec/d9124f7bd15f1952.jpg,-5.460283,-3.952677,4.683619,-4.456857,-7.2953787,-7.0115967
jsiec,jsiec-1ffa944f-8d87-11e8-9daf-6045cb817f5b.,/home/carld/.cache/kagglehub/datasets/linchundan/fundusimage1000/versions/4/1000images/29.0.Blur fundus without PDR/1ffa944f-8d87-11e8-9daf-6045cb817f5b..JPG,0,0,-1,0,0,0,,-1,29.0.Blur fundus without PDR,/kaggle/temp/troubles/images/jsiec/52563948bdaa3778.jpg,-4.6216836,-3.1004856,5.353482,-5.4727955,-5.5944877,-6.41891
jsiec,jsiec-1ffa9450-8d87-11e8-9daf-6045cb817f5b.,/home/carld/.cache/kagglehub/datasets/linchundan/fundusimage1000/versions/4/1000images/29.0.Blur fundus without PDR/1ffa9450-8d87-11e8-9daf-6045cb817f5b..JPG,0,0,-1,0,0,0,,-1,29.0.Blur fundus without PDR,/kaggle/temp/troubles/images/jsiec/f75c0fe9b43db2ad.jpg,-4.46933,-2.1345787,5.217349,-3.2025704,-7.1878886,-5.6535897
jsiec,jsiec-1ffa9451-8d87-11e8-9daf-6045cb817f5b.,/home/carld/.cache/kagglehub/datasets/linchundan/fundusimage1000/versions/4/1000images/29.0.Blur fundus without PDR/1ffa9451-8d87-11e8-9daf-6045cb817f5b..JPG,0,0,-1,0,0,0,,-1,29.0.Blur fundus without PDR,/kaggle/temp/troubles/images/jsiec/26c5ff5a81d03096.jpg,-2.905268,0.10892757,1.3251587,-3.5551,-4.679969,-2.7387059
jsiec,jsiec-1ffa9452-8d87-11e8-9daf-6045cb817f5b.,/home/carld/.cache/kagglehub/datasets/linchundan/fundusimage1000/versions/4/1000images/29.0.Blur fundus without PDR/1ffa9452-8d87-11e8-9daf-6045cb817f5b..JPG,0,0,-1,0,0,0,,-1,29.0.Blur fundus without PDR,/kaggle/temp/troubles/images/jsiec/1a3951d1da03a1d4.jpg,-3.6896348,-4.9856033,5.9416413,-3.2540414,-8.636597,-4.753923
jsiec,jsiec-1ffa9453-8d87-11e8-9daf-6045cb817f5b.,/home/carld/.cache/kagglehub/datasets/linchundan/fundusimage1000/versions/4/1000images/29.0.Blur fundus without PDR/1ffa9453-8d87-11e8-9daf-6045cb817f5b..JPG,0,0,-1,0,0,0,,-1,29.0.Blur fundus without PDR,/kaggle/temp/troubles/images/jsiec/87bbd256381b22bc.jpg,-2.4344037,-0.30213043,2.4500008,-2.277234,-5.9188843,-1.7222015
jsiec,jsiec-1ffa9454-8d87-11e8-9daf-6045cb817f5b.,/home/carld/.cache/kagglehub/datasets/linchundan/fundusimage1000/versions/4/1000images/29.0.Blur fundus without PDR/1ffa9454-8d87-11e8-9daf-6045cb817f5b..JPG,0,0,-1,0,0,0,,-1,29.0.Blur fundus without PDR,/kaggle/temp/troubles/images/jsiec/65e59c79532b1e90.jpg,-4.1623373,-3.8018396,4.779901,-5.377189,-6.1784043,-4.616879
jsiec,jsiec-1ffa9455-8d87-11e8-9daf-6045cb817f5b.,/home/carld/.cache/kagglehub/datasets/linchundan/fundusimage1000/versions/4/1000images/29.0.Blur fundus without PDR/1ffa9455-8d87-11e8-9daf-6045cb817f5b..JPG,0,0,-1,0,0,0,,-1,29.0.Blur fundus without PDR,/kaggle/temp/troubles/images/jsiec/e909dc23be311009.jpg,-3.806037,-2.545301,5.035401,-4.627536,-5.187282,-5.760743
jsiec,jsiec-1ffa9456-8d87-11e8-9daf-6045cb817f5b.,/home/carld/.cache/kagglehub/datasets/linchundan/fundusimage1000/versions/4/1000images/29.0.Blur fundus without PDR/1ffa9456-8d87-11e8-9daf-6045cb817f5b..JPG,0,0,-1,0,0,0,,-1,29.0.Blur fundus without PDR,/kaggle/temp/troubles/images/jsiec/5e55f54a243978e5.jpg,-3.4066389,-0.79615974,2.8855274,-4.1124973,-6.4652734,-4.6429243
jsiec,jsiec-1ffa9457-8d87-11e8-9daf-6045cb817f5b.,/home/carld/.cache/kagglehub/datasets/linchundan/fundusimage1000/versions/4/1000images/29.0.Blur fundus without PDR/1ffa9457-8d87-11e8-9daf-6045cb817f5b..JPG,0,0,-1,0,0,0,,-1,29.0.Blur fundus without PDR,/kaggle/temp/troubles/images/jsiec/320a27a0f815f611.jpg,-5.135416,-2.3295078,3.4385922,-0.10276452,-7.5510416,-3.7739532
jsiec,jsiec-1ffa9458-8d87-11e8-9daf-6045cb817f5b.,/home/carld/.cache/kagglehub/datasets/linchundan/fundusimage1000/versions/4/1000images/29.0.Blur fundus without PDR/1ffa9458-8d87-11e8-9daf-6045cb817f5b..JPG,0,0,-1,0,0,0,,-1,29.0.Blur fundus without PDR,/kaggle/temp/troubles/images/jsiec/6102f5e361d608ef.jpg,-4.2496214,-5.0846457,6.1458817,-5.349751,-7.521683,-6.117084
jsiec,jsiec-1ffa9459-8d87-11e8-9daf-6045cb817f5b.,/home/carld/.cache/kagglehub/datasets/linchundan/fundusimage1000/versions/4/1000images/29.0.Blur fundus without PDR/1ffa9459-8d87-11e8-9daf-6045cb817f5b..TIF,0,0,-1,0,0,0,,-1,29.0.Blur fundus without PDR,/kaggle/temp/troubles/images/jsiec/7e8131162657d63a.jpg,-3.3231056,1.6965246,5.02067,-4.30374,-7.813424,-6.244665
jsiec,jsiec-1ffa945a-8d87-11e8-9daf-6045cb817f5b.,/home/carld/.cache/kagglehub/datasets/linchundan/fundusimage1000/versions/4/1000images/29.0.Blur fundus without PDR/1ffa945a-8d87-11e8-9daf-6045cb817f5b..JPG,0,0,-1,0,0,0,,-1,29.0.Blur fundus without PDR,/kaggle/temp/troubles/images/jsiec/097d825dd64af26b.jpg,-2.8880572,-2.5267463,4.714497,-3.2477112,-8.047108,-5.549356
jsiec,jsiec-1ffa945b-8d87-11e8-9daf-6045cb817f5b.,/home/carld/.cache/kagglehub/datasets/linchundan/fundusimage1000/versions/4/1000images/29.0.Blur fundus without PDR/1ffa945b-8d87-11e8-9daf-6045cb817f5b..JPG,0,0,-1,0,0,0,,-1,29.0.Blur fundus without PDR,/kaggle/temp/troubles/images/jsiec/360c29c4d5ff2b7e.jpg,-4.575921,-3.1971145,5.974482,-4.933744,-5.693009,-4.94061
jsiec,jsiec-1ffa945c-8d87-11e8-9daf-6045cb817f5b.,/home/carld/.cache/kagglehub/datasets/linchundan/fundusimage1000/versions/4/1000images/29.0.Blur fundus without PDR/1ffa945c-8d87-11e8-9daf-6045cb817f5b..JPG,0,0,-1,0,0,0,,-1,29.0.Blur fundus without PDR,/kaggle/temp/troubles/images/jsiec/b6f1c0a79d697040.jpg,-2.1420674,-1.0880871,1.9212731,-0.73712504,-5.4656487,-5.2200847
jsiec,jsiec-1ffa945d-8d87-11e8-9daf-6045cb817f5b.,/home/carld/.cache/kagglehub/datasets/linchundan/fundusimage1000/versions/4/1000images/29.0.Blur fundus without PDR/1ffa945d-8d87-11e8-9daf-6045cb817f5b..JPG,0,0,-1,0,0,0,,-1,29.0.Blur fundus without PDR,/kaggle/temp/troubles/images/jsiec/f66e99e019713e6d.jpg,-2.7233446,-2.7561576,3.289767,-2.0585837,-7.319004,-2.009662
jsiec,jsiec-1ffa945e-8d87-11e8-9daf-6045cb817f5b.,/home/carld/.cache/kagglehub/datasets/linchundan/fundusimage1000/versions/4/1000images/29.0.Blur fundus without PDR/1ffa945e-8d87-11e8-9daf-6045cb817f5b..JPG,0,0,-1,0,0,0,,-1,29.0.Blur fundus without PDR,/kaggle/temp/troubles/images/jsiec/0cc42eaa1505d15b.jpg,-2.918056,-3.1048021,4.9379516,-1.9137554,-8.656913,-4.706765
jsiec,jsiec-1ffa945f-8d87-11e8-9daf-6045cb817f5b.,/home/carld/.cache/kagglehub/datasets/linchundan/fundusimage1000/versions/4/1000images/29.0.Blur fundus without PDR/1ffa945f-8d87-11e8-9daf-6045cb817f5b..JPG,0,0,-1,0,0,0,,-1,29.0.Blur fundus without PDR,/kaggle/temp/troubles/images/jsiec/ccbe186b0ec5ba70.jpg,-3.0527265,-0.19268696,-1.616892,-1.6606785,-8.025564,-3.3041337
jsiec,jsiec-1ffa9460-8d87-11e8-9daf-6045cb817f5b.,/home/carld/.cache/kagglehub/datasets/linchundan/fundusimage1000/versions/4/1000images/29.0.Blur fundus without PDR/1ffa9460-8d87-11e8-9daf-6045cb817f5b..JPG,0,0,-1,0,0,0,,-1,29.0.Blur fundus without PDR,/kaggle/temp/troubles/images/jsiec/728bd68f2f161847.jpg,-4.6492796,-1.9532125,3.424083,-3.7789888,-4.7527614,-5.143891
jsiec,jsiec-1ffa9461-8d87-11e8-9daf-6045cb817f5b.,/home/carld/.cache/kagglehub/datasets/linchundan/fundusimage1000/versions/4/1000images/29.0.Blur fundus without PDR/1ffa9461-8d87-11e8-9daf-6045cb817f5b..JPG,0,0,-1,0,0,0,,-1,29.0.Blur fundus without PDR,/kaggle/temp/troubles/images/jsiec/2dc7a92110acc0b3.jpg,-4.0645204,-5.199487,6.0419497,-5.411831,-7.9221363,-4.251182
jsiec,jsiec-1ffa9462-8d87-11e8-9daf-6045cb817f5b.,/home/carld/.cache/kagglehub/datasets/linchundan/fundusimage1000/versions/4/1000images/29.0.Blur fundus without PDR/1ffa9462-8d87-11e8-9daf-6045cb817f5b..JPG,0,0,-1,0,0,0,,-1,29.0.Blur fundus without PDR,/kaggle/temp/troubles/images/jsiec/c68b677b38540df6.jpg,-3.0352373,-1.0835915,2.2929673,-4.8611674,-6.1396403,-3.5492718
jsiec,jsiec-1ffa9463-8d87-11e8-9daf-6045cb817f5b.,/home/carld/.cache/kagglehub/datasets/linchundan/fundusimage1000/versions/4/1000images/29.0.Blur fundus without PDR/1ffa9463-8d87-11e8-9daf-6045cb817f5b..JPG,0,0,-1,0,0,0,,-1,29.0.Blur fundus without PDR,/kaggle/temp/troubles/images/jsiec/5507d1d3c36bf3ed.jpg,-3.2713704,-4.000094,6.1209493,-2.5639768,-7.7151585,-7.6838627
jsiec,jsiec-1ffa9464-8d87-11e8-9daf-6045cb817f5b.,/home/carld/.cache/kagglehub/datasets/linchundan/fundusimage1000/versions/4/1000images/29.0.Blur fundus without PDR/1ffa9464-8d87-11e8-9daf-6045cb817f5b..JPG,0,0,-1,0,0,0,,-1,29.0.Blur fundus without PDR,/kaggle/temp/troubles/images/jsiec/f08b6875a38b1d96.jpg,-4.979404,-2.9361312,3.301586,-0.55420256,-7.683094,-2.1547713
jsiec,jsiec-1ffa9465-8d87-11e8-9daf-6045cb817f5b.,/home/carld/.cache/kagglehub/datasets/linchundan/fundusimage1000/versions/4/1000images/29.0.Blur fundus without PDR/1ffa9465-8d87-11e8-9daf-6045cb817f5b..JPG,0,0,-1,0,0,0,,-1,29.0.Blur fundus without PDR,/kaggle/temp/troubles/images/jsiec/c0db45c64eb0c635.jpg,-3.8206825,-4.578653,5.370739,-5.0353255,-7.1363406,-4.8308845
jsiec,jsiec-1ffa9466-8d87-11e8-9daf-6045cb817f5b.,/home/carld/.cache/kagglehub/datasets/linchundan/fundusimage1000/versions/4/1000images/29.0.Blur fundus without PDR/1ffa9466-8d87-11e8-9daf-6045cb817f5b..JPG,0,0,-1,0,0,0,,-1,29.0.Blur fundus without PDR,/kaggle/temp/troubles/images/jsiec/d5c82900afe66934.jpg,-3.8185365,-4.670477,4.904242,-3.1313581,-8.327661,-3.1998208
jsiec,jsiec-1ffa9467-8d87-11e8-9daf-6045cb817f5b.,/home/carld/.cache/kagglehub/datasets/linchundan/fundusimage1000/versions/4/1000images/29.0.Blur fundus without PDR/1ffa9467-8d87-11e8-9daf-6045cb817f5b..JPG,0,0,-1,0,0,0,,-1,29.0.Blur fundus without PDR,/kaggle/temp/troubles/images/jsiec/49920e7fa5efc408.jpg,-3.5325615,-2.2210999,4.6722302,-4.690397,-6.8798223,-4.6836233
jsiec,jsiec-1ffa9468-8d87-11e8-9daf-6045cb817f5b.,/home/carld/.cache/kagglehub/datasets/linchundan/fundusimage1000/versions/4/1000images/29.0.Blur fundus without PDR/1ffa9468-8d87-11e8-9daf-6045cb817f5b..TIF,0,0,-1,0,0,0,,-1,29.0.Blur fundus without PDR,/kaggle/temp/troubles/images/jsiec/f4a5789014e8bb55.jpg,-4.538316,-4.148698,5.27456,-3.2021418,-8.489708,-5.5165925
jsiec,jsiec-1ffa9469-8d87-11e8-9daf-6045cb817f5b.,/home/carld/.cache/kagglehub/datasets/linchundan/fundusimage1000/versions/4/1000images/29.0.Blur fundus without PDR/1ffa9469-8d87-11e8-9daf-6045cb817f5b..JPG,0,0,-1,0,0,0,,-1,29.0.Blur fundus without PDR,/kaggle/temp/troubles/images/jsiec/5ffaf4c01b102b16.jpg,-0.53092015,-3.009027,1.5779825,-4.88896,-5.0633974,-8.36738
jsiec,jsiec-1ffa946a-8d87-11e8-9daf-6045cb817f5b.,/home/carld/.cache/kagglehub/datasets/linchundan/fundusimage1000/versions/4/1000images/29.0.Blur fundus without PDR/1ffa946a-8d87-11e8-9daf-6045cb817f5b..JPG,0,0,-1,0,0,0,,-1,29.0.Blur fundus without PDR,/kaggle/temp/troubles/images/jsiec/d716e6dee20855a4.jpg,-1.688746,-1.2914696,3.4321644,-2.2301545,-7.513498,-5.170896
jsiec,jsiec-1ffa946b-8d87-11e8-9daf-6045cb817f5b.,/home/carld/.cache/kagglehub/datasets/linchundan/fundusimage1000/versions/4/1000images/29.0.Blur fundus without PDR/1ffa946b-8d87-11e8-9daf-6045cb817f5b..JPG,0,0,-1,0,0,0,,-1,29.0.Blur fundus without PDR,/kaggle/temp/troubles/images/jsiec/4ce61d3618c48683.jpg,-3.621765,-3.9334805,5.3524804,-4.962595,-7.096854,-4.5465255
jsiec,jsiec-1ffa946c-8d87-11e8-9daf-6045cb817f5b.,/home/carld/.cache/kagglehub/datasets/linchundan/fundusimage1000/versions/4/1000images/29.0.Blur fundus without PDR/1ffa946c-8d87-11e8-9daf-6045cb817f5b..JPG,0,0,-1,0,0,0,,-1,29.0.Blur fundus without PDR,/kaggle/temp/troubles/images/jsiec/d86a847b3fbf9d78.jpg,-3.3119771,-4.7864585,5.4226484,0.3651032,-8.653483,-4.346274
jsiec,jsiec-1ffa946d-8d87-11e8-9daf-6045cb817f5b.,/home/carld/.cache/kagglehub/datasets/linchundan/fundusimage1000/versions/4/1000images/29.0.Blur fundus without PDR/1ffa946d-8d87-11e8-9daf-6045cb817f5b..JPG,0,0,-1,0,0,0,,-1,29.0.Blur fundus without PDR,/kaggle/temp/troubles/images/jsiec/b1a272dcd125dd53.jpg,-6.050323,-3.4928772,5.4343414,-6.9004097,-6.1076584,-6.4340644
jsiec,jsiec-1ffa946e-8d87-11e8-9daf-6045cb817f5b.,/home/carld/.cache/kagglehub/datasets/linchundan/fundusimage1000/versions/4/1000images/29.0.Blur fundus without PDR/1ffa946e-8d87-11e8-9daf-6045cb817f5b..JPG,0,0,-1,0,0,0,,-1,29.0.Blur fundus without PDR,/kaggle/temp/troubles/images/jsiec/85ad0adeb434f9ed.jpg,-3.1335425,-4.494378,6.1676974,-3.3155992,-9.693273,-8.251033
jsiec,jsiec-1ffa946f-8d87-11e8-9daf-6045cb817f5b.,/home/carld/.cache/kagglehub/datasets/linchundan/fundusimage1000/versions/4/1000images/29.0.Blur fundus without PDR/1ffa946f-8d87-11e8-9daf-6045cb817f5b..JPG,0,0,-1,0,0,0,,-1,29.0.Blur fundus without PDR,/kaggle/temp/troubles/images/jsiec/aaa9283409e3209b.jpg,-3.873376,-3.7987702,5.650802,-5.904753,-5.951968,-6.619471
jsiec,jsiec-1ffa9470-8d87-11e8-9daf-6045cb817f5b.,/home/carld/.cache/kagglehub/datasets/linchundan/fundusimage1000/versions/4/1000images/29.0.Blur fundus without PDR/1ffa9470-8d87-11e8-9daf-6045cb817f5b..JPG,0,0,-1,0,0,0,,-1,29.0.Blur fundus without PDR,/kaggle/temp/troubles/images/jsiec/531ba6c262e8a4c4.jpg,-4.0888853,-3.4481387,6.6793256,-5.3618784,-8.620526,-7.1175594
jsiec,jsiec-1ffa9471-8d87-11e8-9daf-6045cb817f5b.,/home/carld/.cache/kagglehub/datasets/linchundan/fundusimage1000/versions/4/1000images/29.0.Blur fundus without PDR/1ffa9471-8d87-11e8-9daf-6045cb817f5b..JPG,0,0,-1,0,0,0,,-1,29.0.Blur fundus without PDR,/kaggle/temp/troubles/images/jsiec/82a29b6d69c14bf8.jpg,-2.915386,-1.9274491,3.6438968,-4.4919477,-4.419277,-2.9561543
jsiec,jsiec-1ffa9472-8d87-11e8-9daf-6045cb817f5b.,/home/carld/.cache/kagglehub/datasets/linchundan/fundusimage1000/versions/4/1000images/29.0.Blur fundus without PDR/1ffa9472-8d87-11e8-9daf-6045cb817f5b..JPG,0,0,-1,0,0,0,,-1,29.0.Blur fundus without PDR,/kaggle/temp/troubles/images/jsiec/e411df42dfc6101a.jpg,-4.1815495,-4.933717,6.4127493,-4.0805492,-7.8721905,-4.7386737
jsiec,jsiec-1ffa9473-8d87-11e8-9daf-6045cb817f5b.,/home/carld/.cache/kagglehub/datasets/linchundan/fundusimage1000/versions/4/1000images/29.0.Blur fundus without PDR/1ffa9473-8d87-11e8-9daf-6045cb817f5b..JPG,0,0,-1,0,0,0,,-1,29.0.Blur fundus without PDR,/kaggle/temp/troubles/images/jsiec/e02092a372b51198.jpg,-4.734703,-3.9380324,5.7612243,-5.6425424,-7.528232,-5.425447
jsiec,jsiec-1ffa9474-8d87-11e8-9daf-6045cb817f5b.,/home/carld/.cache/kagglehub/datasets/linchundan/fundusimage1000/versions/4/1000images/29.0.Blur fundus without PDR/1ffa9474-8d87-11e8-9daf-6045cb817f5b..JPG,0,0,-1,0,0,0,,-1,29.0.Blur fundus without PDR,/kaggle/temp/troubles/images/jsiec/3b7dba829784203a.jpg,-3.2553554,-3.013476,4.8947673,-3.7731707,-7.5530686,-6.301733
jsiec,jsiec-1ffa9475-8d87-11e8-9daf-6045cb817f5b.,/home/carld/.cache/kagglehub/datasets/linchundan/fundusimage1000/versions/4/1000images/29.0.Blur fundus without PDR/1ffa9475-8d87-11e8-9daf-6045cb817f5b..JPG,0,0,-1,0,0,0,,-1,29.0.Blur fundus without PDR,/kaggle/temp/troubles/images/jsiec/90400712456d5211.jpg,-3.4519756,-2.6556606,2.7131426,-2.2319543,-6.935302,-2.591332
jsiec,jsiec-1ffa9476-8d87-11e8-9daf-6045cb817f5b.,/home/carld/.cache/kagglehub/datasets/linchundan/fundusimage1000/versions/4/1000images/29.0.Blur fundus without PDR/1ffa9476-8d87-11e8-9daf-6045cb817f5b..JPG,0,0,-1,0,0,0,,-1,29.0.Blur fundus without PDR,/kaggle/temp/troubles/images/jsiec/4651f0708eb17ea0.jpg,-5.5507,-4.3552628,4.685307,-6.556751,-6.3773923,-5.4908357
jsiec,jsiec-1ffa9477-8d87-11e8-9daf-6045cb817f5b.,/home/carld/.cache/kagglehub/datasets/linchundan/fundusimage1000/versions/4/1000images/29.0.Blur fundus without PDR/1ffa9477-8d87-11e8-9daf-6045cb817f5b..JPG,0,0,-1,0,0,0,,-1,29.0.Blur fundus without PDR,/kaggle/temp/troubles/images/jsiec/d54b75ee52db81bc.jpg,-4.306293,-4.3191857,5.3046374,-5.438724,-6.7642155,-5.294139
jsiec,jsiec-1ffa9478-8d87-11e8-9daf-6045cb817f5b.,/home/carld/.cache/kagglehub/datasets/linchundan/fundusimage1000/versions/4/1000images/29.0.Blur fundus without PDR/1ffa9478-8d87-11e8-9daf-6045cb817f5b..JPG,0,0,-1,0,0,0,,-1,29.0.Blur fundus without PDR,/kaggle/temp/troubles/images/jsiec/6c6dc6636d353b4c.jpg,-4.188775,-4.7677684,4.814775,-3.4534314,-7.726218,-5.0210223
jsiec,jsiec-1ffa9479-8d87-11e8-9daf-6045cb817f5b.,/home/carld/.cache/kagglehub/datasets/linchundan/fundusimage1000/versions/4/1000images/29.0.Blur fundus without PDR/1ffa9479-8d87-11e8-9daf-6045cb817f5b..JPG,0,0,-1,0,0,0,,-1,29.0.Blur fundus without PDR,/kaggle/temp/troubles/images/jsiec/b34aec202ed94fa0.jpg,-4.6337957,-3.7986376,4.9708934,-7.376987,-6.205612,-7.356633
jsiec,jsiec-1ffa947a-8d87-11e8-9daf-6045cb817f5b.,/home/carld/.cache/kagglehub/datasets/linchundan/fundusimage1000/versions/4/1000images/29.0.Blur fundus without PDR/1ffa947a-8d87-11e8-9daf-6045cb817f5b..JPG,0,0,-1,0,0,0,,-1,29.0.Blur fundus without PDR,/kaggle/temp/troubles/images/jsiec/73cca5d02fdcb85d.jpg,-3.5385053,-0.8248761,0.5103973,-3.653994,-4.932953,-4.6670756
jsiec,jsiec-1ffa947b-8d87-11e8-9daf-6045cb817f5b.,/home/carld/.cache/kagglehub/datasets/linchundan/fundusimage1000/versions/4/1000images/29.0.Blur fundus without PDR/1ffa947b-8d87-11e8-9daf-6045cb817f5b..JPG,0,0,-1,0,0,0,,-1,29.0.Blur fundus without PDR,/kaggle/temp/troubles/images/jsiec/cc0ec0b42568da7d.jpg,-3.7819023,-1.7699974,4.064608,-4.4420066,-7.8941445,-1.7515559
jsiec,jsiec-1ffa947c-8d87-11e8-9daf-6045cb817f5b.,/home/carld/.cache/kagglehub/datasets/linchundan/fundusimage1000/versions/4/1000images/29.0.Blur fundus without PDR/1ffa947c-8d87-11e8-9daf-6045cb817f5b..JPG,0,0,-1,0,0,0,,-1,29.0.Blur fundus without PDR,/kaggle/temp/troubles/images/jsiec/b3692fec84627d6e.jpg,-5.0449,-1.241716,4.8562174,-4.8257103,-5.9036617,-3.9900033
jsiec,jsiec-1ffa947d-8d87-11e8-9daf-6045cb817f5b.,/home/carld/.cache/kagglehub/datasets/linchundan/fundusimage1000/versions/4/1000images/29.0.Blur fundus without PDR/1ffa947d-8d87-11e8-9daf-6045cb817f5b..JPG,0,0,-1,0,0,0,,-1,29.0.Blur fundus without PDR,/kaggle/temp/troubles/images/jsiec/2686ded6afe8f56a.jpg,-2.5295556,0.109623216,2.6595783,-2.9122036,-5.3618917,-4.1119804
jsiec,jsiec-1ffa947e-8d87-11e8-9daf-6045cb817f5b.,/home/carld/.cache/kagglehub/datasets/linchundan/fundusimage1000/versions/4/1000images/29.0.Blur fundus without PDR/1ffa947e-8d87-11e8-9daf-6045cb817f5b..JPG,0,0,-1,0,0,0,,-1,29.0.Blur fundus without PDR,/kaggle/temp/troubles/images/jsiec/c5a8b9a0c1901f29.jpg,-4.7918396,-3.6990013,5.741233,-5.469091,-7.408743,-7.2380843
jsiec,jsiec-1ffa947f-8d87-11e8-9daf-6045cb817f5b.,/home/carld/.cache/kagglehub/datasets/linchundan/fundusimage1000/versions/4/1000images/29.0.Blur fundus without PDR/1ffa947f-8d87-11e8-9daf-6045cb817f5b..JPG,0,0,-1,0,0,0,,-1,29.0.Blur fundus without PDR,/kaggle/temp/troubles/images/jsiec/62b5f9d40761e982.jpg,-4.631544,-3.0134416,5.1040683,-5.297199,-5.1370316,-5.953887
jsiec,jsiec-1ffa9480-8d87-11e8-9daf-6045cb817f5b.,/home/carld/.cache/kagglehub/datasets/linchundan/fundusimage1000/versions/4/1000images/29.0.Blur fundus without PDR/1ffa9480-8d87-11e8-9daf-6045cb817f5b..JPG,0,0,-1,0,0,0,,-1,29.0.Blur fundus without PDR,/kaggle/temp/troubles/images/jsiec/e2e028cb74867c33.jpg,-3.8246074,-3.5689485,5.2487707,-2.1297936,-7.855657,-3.4696891
jsiec,jsiec-1ffa9481-8d87-11e8-9daf-6045cb817f5b.,/home/carld/.cache/kagglehub/datasets/linchundan/fundusimage1000/versions/4/1000images/29.0.Blur fundus without PDR/1ffa9481-8d87-11e8-9daf-6045cb817f5b..JPG,0,0,-1,0,0,0,,-1,29.0.Blur fundus without PDR,/kaggle/temp/troubles/images/jsiec/6be2f1df2ee98bfc.jpg,-2.1127892,0.6131086,2.1335218,-4.04027,-5.135436,-5.2015758
jsiec,jsiec-1ffa9482-8d87-11e8-9daf-6045cb817f5b.,/home/carld/.cache/kagglehub/datasets/linchundan/fundusimage1000/versions/4/1000images/29.0.Blur fundus without PDR/1ffa9482-8d87-11e8-9daf-6045cb817f5b..JPG,0,0,-1,0,0,0,,-1,29.0.Blur fundus without PDR,/kaggle/temp/troubles/images/jsiec/4fe7b859163d6db6.jpg,-3.9246023,-5.1337433,6.4511485,-5.5519795,-7.9095845,-4.5109615
jsiec,jsiec-1ffa9483-8d87-11e8-9daf-6045cb817f5b.,/home/carld/.cache/kagglehub/datasets/linchundan/fundusimage1000/versions/4/1000images/29.0.Blur fundus without PDR/1ffa9483-8d87-11e8-9daf-6045cb817f5b..JPG,0,0,-1,0,0,0,,-1,29.0.Blur fundus without PDR,/kaggle/temp/troubles/images/jsiec/ebac48ff4bae4a21.jpg,-3.1949494,-3.4588904,4.94474,-4.643617,-8.373289,-7.4736304
jsiec,jsiec-1ffa9484-8d87-11e8-9daf-6045cb817f5b.,/home/carld/.cache/kagglehub/datasets/linchundan/fundusimage1000/versions/4/1000images/29.0.Blur fundus without PDR/1ffa9484-8d87-11e8-9daf-6045cb817f5b..JPG,0,0,-1,0,0,0,,-1,29.0.Blur fundus without PDR,/kaggle/temp/troubles/images/jsiec/87fee917f70f33cd.jpg,-4.2620163,-4.666115,5.7155504,-4.200787,-8.113518,-4.3260493
jsiec,jsiec-1ffa9485-8d87-11e8-9daf-6045cb817f5b.,/home/carld/.cache/kagglehub/datasets/linchundan/fundusimage1000/versions/4/1000images/29.0.Blur fundus without PDR/1ffa9485-8d87-11e8-9daf-6045cb817f5b..JPG,0,0,-1,0,0,0,,-1,29.0.Blur fundus without PDR,/kaggle/temp/troubles/images/jsiec/af7c5432d05e9b57.jpg,-4.403028,-5.0694404,5.195203,-6.1538,-7.127882,-4.950158
jsiec,jsiec-1ffa9486-8d87-11e8-9daf-6045cb817f5b.,/home/carld/.cache/kagglehub/datasets/linchundan/fundusimage1000/versions/4/1000images/29.0.Blur fundus without PDR/1ffa9486-8d87-11e8-9daf-6045cb817f5b..JPG,0,0,-1,0,0,0,,-1,29.0.Blur fundus without PDR,/kaggle/temp/troubles/images/jsiec/d3e51e51c076b082.jpg,-3.6738496,-4.95706,6.064798,-3.8359282,-8.53704,-5.9158707
jsiec,jsiec-1ffa9487-8d87-11e8-9daf-6045cb817f5b.,/home/carld/.cache/kagglehub/datasets/linchundan/fundusimage1000/versions/4/1000images/29.0.Blur fundus without PDR/1ffa9487-8d87-11e8-9daf-6045cb817f5b..JPG,0,0,-1,0,0,0,,-1,29.0.Blur fundus without PDR,/kaggle/temp/troubles/images/jsiec/9837b2479726a306.jpg,-3.918024,-3.3607512,7.2337904,-5.151113,-8.7548,-7.498029
jsiec,jsiec-1ffa9488-8d87-11e8-9daf-6045cb817f5b.,/home/carld/.cache/kagglehub/datasets/linchundan/fundusimage1000/versions/4/1000images/29.0.Blur fundus without PDR/1ffa9488-8d87-11e8-9daf-6045cb817f5b..TIF,0,0,-1,0,0,0,,-1,29.0.Blur fundus without PDR,/kaggle/temp/troubles/images/jsiec/c049b7cafeaa8a76.jpg,-3.842087,-4.533545,5.193564,-4.7956843,-7.597072,-3.5030477
jsiec,jsiec-2133fc16623f581db3fb85ae91430465,/home/carld/.cache/kagglehub/datasets/linchundan/fundusimage1000/versions/4/1000images/29.0.Blur fundus without PDR/2133fc16623f581db3fb85ae91430465.jpg,0,0,-1,0,0,0,,-1,29.0.Blur fundus without PDR,/kaggle/temp/troubles/images/jsiec/f2821a44adcc7c2b.jpg,-3.546905,0.5405403,-0.20604298,-3.4144452,-6.5355015,0.8828511
jsiec,jsiec-4a063fcd03cf9a593c1cae893e2603c5,/home/carld/.cache/kagglehub/datasets/linchundan/fundusimage1000/versions/4/1000images/29.0.Blur fundus without PDR/4a063fcd03cf9a593c1cae893e2603c5.jpg,0,0,-1,0,0,0,,-1,29.0.Blur fundus without PDR,/kaggle/temp/troubles/images/jsiec/4c87d5f8aa300fc5.jpg,-3.4016793,0.5486926,-1.1586982,-2.6955252,-5.201456,1.222519
jsiec,jsiec-820c830112020f92404cf356772b956f,/home/carld/.cache/kagglehub/datasets/linchundan/fundusimage1000/versions/4/1000images/29.0.Blur fundus without PDR/820c830112020f92404cf356772b956f.jpg,0,0,-1,0,0,0,,-1,29.0.Blur fundus without PDR,/kaggle/temp/troubles/images/jsiec/d39ce6e9dc5a870d.jpg,-4.698567,0.18300803,0.26142672,-5.390852,-6.8689947,-4.348313
jsiec,jsiec-909994ec4df3890a11be8286d069e246,/home/carld/.cache/kagglehub/datasets/linchundan/fundusimage1000/versions/4/1000images/29.0.Blur fundus without PDR/909994ec4df3890a11be8286d069e246.jpg,0,0,-1,0,0,0,,-1,29.0.Blur fundus without PDR,/kaggle/temp/troubles/images/jsiec/d0f38bc2c759a726.jpg,-2.807632,-1.1960433,-2.770793,-6.298272,-4.3685923,-4.549818
jsiec,jsiec-cdb07f7fa99c820e4928ef08180f62fa,/home/carld/.cache/kagglehub/datasets/linchundan/fundusimage1000/versions/4/1000images/29.0.Blur fundus without PDR/cdb07f7fa99c820e4928ef08180f62fa.jpg,0,0,-1,0,0,0,,-1,29.0.Blur fundus without PDR,/kaggle/temp/troubles/images/jsiec/251e0a00f601d521.jpg,-4.5385795,0.27454823,-2.1454086,-6.7437887,-7.4465456,-3.6542513
jsiec,jsiec-1ffa967b-8d87-11e8-9daf-6045cb817f5b.,/home/carld/.cache/kagglehub/datasets/linchundan/fundusimage1000/versions/4/1000images/29.1.Blur fundus with suspected PDR/1ffa967b-8d87-11e8-9daf-6045cb817f5b..JPG,-1,0,-1,0,0,0,,-1,29.1.Blur fundus with suspected PDR,/kaggle/temp/troubles/images/jsiec/d243c38f6803e6be.jpg,-2.383676,-0.76369995,-4.126001,-0.878971,-6.196154,2.0645285
jsiec,jsiec-1ffa967c-8d87-11e8-9daf-6045cb817f5b.,/home/carld/.cache/kagglehub/datasets/linchundan/fundusimage1000/versions/4/1000images/29.1.Blur fundus with suspected PDR/1ffa967c-8d87-11e8-9daf-6045cb817f5b..JPG,-1,0,-1,0,0,0,,-1,29.1.Blur fundus with suspected PDR,/kaggle/temp/troubles/images/jsiec/57c115a939b65af3.jpg,-2.0010304,-3.8715372,5.320345,-2.2034724,-9.136698,-3.9089334
jsiec,jsiec-1ffa967d-8d87-11e8-9daf-6045cb817f5b.,/home/carld/.cache/kagglehub/datasets/linchundan/fundusimage1000/versions/4/1000images/29.1.Blur fundus with suspected PDR/1ffa967d-8d87-11e8-9daf-6045cb817f5b..JPG,-1,0,-1,0,0,0,,-1,29.1.Blur fundus with suspected PDR,/kaggle/temp/troubles/images/jsiec/4a0bef6e26d77825.jpg,-0.42423806,-0.35255638,2.0061266,-2.2650936,-5.2697473,-3.5922682
jsiec,jsiec-1ffa967e-8d87-11e8-9daf-6045cb817f5b.,/home/carld/.cache/kagglehub/datasets/linchundan/fundusimage1000/versions/4/1000images/29.1.Blur fundus with suspected PDR/1ffa967e-8d87-11e8-9daf-6045cb817f5b..JPG,-1,0,-1,0,0,0,,-1,29.1.Blur fundus with suspected PDR,/kaggle/temp/troubles/images/jsiec/1af6aaa36784256d.jpg,-2.6519804,-2.0634236,0.58145106,-1.8846965,-6.495253,1.3028475
jsiec,jsiec-1ffa967f-8d87-11e8-9daf-6045cb817f5b.,/home/carld/.cache/kagglehub/datasets/linchundan/fundusimage1000/versions/4/1000images/29.1.Blur fundus with suspected PDR/1ffa967f-8d87-11e8-9daf-6045cb817f5b..JPG,-1,0,-1,0,0,0,,-1,29.1.Blur fundus with suspected PDR,/kaggle/temp/troubles/images/jsiec/d27f05e8431e0ddf.jpg,-3.4095924,-0.6092027,-1.704913,0.7446381,-6.622779,1.6491054
jsiec,jsiec-1ffa9680-8d87-11e8-9daf-6045cb817f5b.,/home/carld/.cache/kagglehub/datasets/linchundan/fundusimage1000/versions/4/1000images/29.1.Blur fundus with suspected PDR/1ffa9680-8d87-11e8-9daf-6045cb817f5b..JPG,-1,0,-1,0,0,0,,-1,29.1.Blur fundus with suspected PDR,/kaggle/temp/troubles/images/jsiec/200c95d12995962a.jpg,-0.20936966,-0.78281766,-1.8425525,-3.6985404,-2.5109553,-5.3411655
jsiec,jsiec-1ffa9681-8d87-11e8-9daf-6045cb817f5b.,/home/carld/.cache/kagglehub/datasets/linchundan/fundusimage1000/versions/4/1000images/29.1.Blur fundus with suspected PDR/1ffa9681-8d87-11e8-9daf-6045cb817f5b..JPG,-1,0,-1,0,0,0,,-1,29.1.Blur fundus with suspected PDR,/kaggle/temp/troubles/images/jsiec/c6138a8a03ba01b7.jpg,-1.5323637,-1.9800849,-1.3326828,-2.1718419,-6.8499775,-4.45066
jsiec,jsiec-1ffa9683-8d87-11e8-9daf-6045cb817f5b.,/home/carld/.cache/kagglehub/datasets/linchundan/fundusimage1000/versions/4/1000images/29.1.Blur fundus with suspected PDR/1ffa9683-8d87-11e8-9daf-6045cb817f5b..JPG,-1,0,-1,0,0,0,,-1,29.1.Blur fundus with suspected PDR,/kaggle/temp/troubles/images/jsiec/3ec8b0bf6741a943.jpg,0.2712397,-0.22574712,0.55727863,-3.7886913,-4.7861247,-5.396016
jsiec,jsiec-1ffa9684-8d87-11e8-9daf-6045cb817f5b.,/home/carld/.cache/kagglehub/datasets/linchundan/fundusimage1000/versions/4/1000images/29.1.Blur fundus with suspected PDR/1ffa9684-8d87-11e8-9daf-6045cb817f5b..JPG,-1,0,-1,0,0,0,,-1,29.1.Blur fundus with suspected PDR,/kaggle/temp/troubles/images/jsiec/88f840753e56c761.jpg,2.3578022,-1.7409819,-2.2097857,-1.7004945,-6.5437107,-1.2464002
jsiec,jsiec-1ffa9685-8d87-11e8-9daf-6045cb817f5b.,/home/carld/.cache/kagglehub/datasets/linchundan/fundusimage1000/versions/4/1000images/29.1.Blur fundus with suspected PDR/1ffa9685-8d87-11e8-9daf-6045cb817f5b..JPG,-1,0,-1,0,0,0,,-1,29.1.Blur fundus with suspected PDR,/kaggle/temp/troubles/images/jsiec/3e56df4136641ff5.jpg,-0.8631068,-1.4091852,0.3594487,-3.414532,-3.8675163,-3.367713
jsiec,jsiec-1ffa9686-8d87-11e8-9daf-6045cb817f5b.,/home/carld/.cache/kagglehub/datasets/linchundan/fundusimage1000/versions/4/1000images/29.1.Blur fundus with suspected PDR/1ffa9686-8d87-11e8-9daf-6045cb817f5b..JPG,-1,0,-1,0,0,0,,-1,29.1.Blur fundus with suspected PDR,/kaggle/temp/troubles/images/jsiec/1a9c95bcddcf96d2.jpg,-1.249249,-1.6318148,-0.57823205,-0.03806681,-6.2720523,-2.5095701
jsiec,jsiec-1ffa9687-8d87-11e8-9daf-6045cb817f5b.,/home/carld/.cache/kagglehub/datasets/linchundan/fundusimage1000/versions/4/1000images/29.1.Blur fundus with suspected PDR/1ffa9687-8d87-11e8-9daf-6045cb817f5b..JPG,-1,0,-1,0,0,0,,-1,29.1.Blur fundus with suspected PDR,/kaggle/temp/troubles/images/jsiec/5ba87e30404bb0bf.jpg,-0.6944448,-2.7958384,0.29481682,-2.8830314,-6.479697,-6.766438
jsiec,jsiec-1ffa9688-8d87-11e8-9daf-6045cb817f5b.,/home/carld/.cache/kagglehub/datasets/linchundan/fundusimage1000/versions/4/1000images/29.1.Blur fundus with suspected PDR/1ffa9688-8d87-11e8-9daf-6045cb817f5b..JPG,-1,0,-1,0,0,0,,-1,29.1.Blur fundus with suspected PDR,/kaggle/temp/troubles/images/jsiec/ea2663198743509c.jpg,-1.2682886,-0.8203512,0.5799303,-1.5598607,-6.9210706,0.9547846
jsiec,jsiec-1ffa9689-8d87-11e8-9daf-6045cb817f5b.,/home/carld/.cache/kagglehub/datasets/linchundan/fundusimage1000/versions/4/1000images/29.1.Blur fundus with suspected PDR/1ffa9689-8d87-11e8-9daf-6045cb817f5b..JPG,-1,0,-1,0,0,0,,-1,29.1.Blur fundus with suspected PDR,/kaggle/temp/troubles/images/jsiec/a2dedeb895ddd2aa.jpg,0.42324793,-3.618095,0.3185703,-2.671325,-5.793873,-2.8608944
jsiec,jsiec-1ffa968a-8d87-11e8-9daf-6045cb817f5b.,/home/carld/.cache/kagglehub/datasets/linchundan/fundusimage1000/versions/4/1000images/29.1.Blur fundus with suspected PDR/1ffa968a-8d87-11e8-9daf-6045cb817f5b..JPG,-1,0,-1,0,0,0,,-1,29.1.Blur fundus with suspected PDR,/kaggle/temp/troubles/images/jsiec/26e6a33675a2ecda.jpg,-2.6475186,0.425885,1.9530336,-1.3724302,-6.430468,-4.499964
jsiec,jsiec-1ffa968b-8d87-11e8-9daf-6045cb817f5b.,/home/carld/.cache/kagglehub/datasets/linchundan/fundusimage1000/versions/4/1000images/29.1.Blur fundus with suspected PDR/1ffa968b-8d87-11e8-9daf-6045cb817f5b..JPG,-1,0,-1,0,0,0,,-1,29.1.Blur fundus with suspected PDR,/kaggle/temp/troubles/images/jsiec/db2f1e7badfd4e61.jpg,-1.1441772,-3.20409,-1.3064282,-3.22139,-7.409072,-1.7355908
jsiec,jsiec-1ffa968d-8d87-11e8-9daf-6045cb817f5b.,/home/carld/.cache/kagglehub/datasets/linchundan/fundusimage1000/versions/4/1000images/29.1.Blur fundus with suspected PDR/1ffa968d-8d87-11e8-9daf-6045cb817f5b..JPG,-1,0,-1,0,0,0,,-1,29.1.Blur fundus with suspected PDR,/kaggle/temp/troubles/images/jsiec/d3cdf0cfb79f76f1.jpg,3.3572469,-1.2172406,-3.614858,-6.1292086,-8.05017,-6.7034845
jsiec,jsiec-1ffa968e-8d87-11e8-9daf-6045cb817f5b.,/home/carld/.cache/kagglehub/datasets/linchundan/fundusimage1000/versions/4/1000images/29.1.Blur fundus with suspected PDR/1ffa968e-8d87-11e8-9daf-6045cb817f5b..JPG,-1,0,-1,0,0,0,,-1,29.1.Blur fundus with suspected PDR,/kaggle/temp/troubles/images/jsiec/0f8d7d31246015eb.jpg,5.238348,-1.3977231,-2.619344,-5.794677,-6.676249,-4.087091
jsiec,jsiec-1ffa968f-8d87-11e8-9daf-6045cb817f5b.,/home/carld/.cache/kagglehub/datasets/linchundan/fundusimage1000/versions/4/1000images/29.1.Blur fundus with suspected PDR/1ffa968f-8d87-11e8-9daf-6045cb817f5b..JPG,-1,0,-1,0,0,0,,-1,29.1.Blur fundus with suspected PDR,/kaggle/temp/troubles/images/jsiec/2580dbc73666a18c.jpg,2.7170014,-1.8620957,-4.380728,-5.1944113,-7.8618965,-5.555581
jsiec,jsiec-1ffa9690-8d87-11e8-9daf-6045cb817f5b.,/home/carld/.cache/kagglehub/datasets/linchundan/fundusimage1000/versions/4/1000images/29.1.Blur fundus with suspected PDR/1ffa9690-8d87-11e8-9daf-6045cb817f5b..JPG,-1,0,-1,0,0,0,,-1,29.1.Blur fundus with suspected PDR,/kaggle/temp/troubles/images/jsiec/e8252c17a7aca5b4.jpg,-0.8245555,-2.6240156,3.3881903,-2.1489904,-7.190455,-2.8020983
jsiec,jsiec-1ffa9691-8d87-11e8-9daf-6045cb817f5b.,/home/carld/.cache/kagglehub/datasets/linchundan/fundusimage1000/versions/4/1000images/29.1.Blur fundus with suspected PDR/1ffa9691-8d87-11e8-9daf-6045cb817f5b..JPG,-1,0,-1,0,0,0,,-1,29.1.Blur fundus with suspected PDR,/kaggle/temp/troubles/images/jsiec/96f566ac0be0fbd2.jpg,-0.6696882,-0.90004337,-2.2704484,-1.7881565,-5.4406986,-0.7067068
jsiec,jsiec-1ffa9692-8d87-11e8-9daf-6045cb817f5b.,/home/carld/.cache/kagglehub/datasets/linchundan/fundusimage1000/versions/4/1000images/29.1.Blur fundus with suspected PDR/1ffa9692-8d87-11e8-9daf-6045cb817f5b..JPG,-1,0,-1,0,0,0,,-1,29.1.Blur fundus with suspected PDR,/kaggle/temp/troubles/images/jsiec/768e9893366bcb51.jpg,-2.7959607,-1.6346502,1.2045046,-0.6123538,-7.877362,-2.8792818
jsiec,jsiec-1ffa9693-8d87-11e8-9daf-6045cb817f5b.,/home/carld/.cache/kagglehub/datasets/linchundan/fundusimage1000/versions/4/1000images/29.1.Blur fundus with suspected PDR/1ffa9693-8d87-11e8-9daf-6045cb817f5b..JPG,-1,0,-1,0,0,0,,-1,29.1.Blur fundus with suspected PDR,/kaggle/temp/troubles/images/jsiec/060a4a2ce2ac7e65.jpg,-0.88481116,-2.6100597,3.970987,-2.4921365,-7.243437,-3.866564
jsiec,jsiec-1ffa9694-8d87-11e8-9daf-6045cb817f5b.,/home/carld/.cache/kagglehub/datasets/linchundan/fundusimage1000/versions/4/1000images/29.1.Blur fundus with suspected PDR/1ffa9694-8d87-11e8-9daf-6045cb817f5b..JPG,-1,0,-1,0,0,0,,-1,29.1.Blur fundus with suspected PDR,/kaggle/temp/troubles/images/jsiec/63aaa05792d738ad.jpg,0.24861431,-1.279665,3.196286,-0.41904226,-5.679648,-1.7401291
jsiec,jsiec-1ffa9695-8d87-11e8-9daf-6045cb817f5b.,/home/carld/.cache/kagglehub/datasets/linchundan/fundusimage1000/versions/4/1000images/29.1.Blur fundus with suspected PDR/1ffa9695-8d87-11e8-9daf-6045cb817f5b..JPG,-1,0,-1,0,0,0,,-1,29.1.Blur fundus with suspected PDR,/kaggle/temp/troubles/images/jsiec/1c8a90631be031c0.jpg,-1.828964,0.36283484,0.10262688,-0.07624197,-4.6130304,-1.6796564
jsiec,jsiec-202efcf6-8d87-11e8-9daf-6045cb817f5b.,/home/carld/.cache/kagglehub/datasets/linchundan/fundusimage1000/versions/4/1000images/29.1.Blur fundus with suspected PDR/202efcf6-8d87-11e8-9daf-6045cb817f5b..JPG,-1,0,-1,0,0,0,,-1,29.1.Blur fundus with suspected PDR,/kaggle/temp/troubles/images/jsiec/bcedc02877af8bce.jpg,-1.918561,-2.4361782,2.27703,-2.456628,-6.8873425,-2.818201
jsiec,jsiec-202efcf7-8d87-11e8-9daf-6045cb817f5b.,/home/carld/.cache/kagglehub/datasets/linchundan/fundusimage1000/versions/4/1000images/29.1.Blur fundus with suspected PDR/202efcf7-8d87-11e8-9daf-6045cb817f5b..JPG,-1,0,-1,0,0,0,,-1,29.1.Blur fundus with suspected PDR,/kaggle/temp/troubles/images/jsiec/5ac4f2c7353f207b.jpg,-0.44709992,-2.515635,-0.4740857,-2.5051594,-4.8600426,-2.609398
jsiec,jsiec-202efcf9-8d87-11e8-9daf-6045cb817f5b.,/home/carld/.cache/kagglehub/datasets/linchundan/fundusimage1000/versions/4/1000images/29.1.Blur fundus with suspected PDR/202efcf9-8d87-11e8-9daf-6045cb817f5b..JPG,-1,0,-1,0,0,0,,-1,29.1.Blur fundus with suspected PDR,/kaggle/temp/troubles/images/jsiec/d94b89e23572b91b.jpg,-0.61314875,-2.3403456,-3.0921645,-0.8323438,-5.4426494,0.3944123
jsiec,jsiec-202efcfa-8d87-11e8-9daf-6045cb817f5b.,/home/carld/.cache/kagglehub/datasets/linchundan/fundusimage1000/versions/4/1000images/29.1.Blur fundus with suspected PDR/202efcfa-8d87-11e8-9daf-6045cb817f5b..JPG,-1,0,-1,0,0,0,,-1,29.1.Blur fundus with suspected PDR,/kaggle/temp/troubles/images/jsiec/a88cc7b0406e6d38.jpg,1.3164744,-1.2222233,-3.0891793,-2.2004166,-2.308494,-1.777951
jsiec,jsiec-202efcfb-8d87-11e8-9daf-6045cb817f5b.,/home/carld/.cache/kagglehub/datasets/linchundan/fundusimage1000/versions/4/1000images/29.1.Blur fundus with suspected PDR/202efcfb-8d87-11e8-9daf-6045cb817f5b..JPG,-1,0,-1,0,0,0,,-1,29.1.Blur fundus with suspected PDR,/kaggle/temp/troubles/images/jsiec/2e0ac230fde18fb1.jpg,1.5036695,-3.2147384,2.314232,-3.2266412,-8.473465,-5.18257
jsiec,jsiec-202efcfc-8d87-11e8-9daf-6045cb817f5b.,/home/carld/.cache/kagglehub/datasets/linchundan/fundusimage1000/versions/4/1000images/29.1.Blur fundus with suspected PDR/202efcfc-8d87-11e8-9daf-6045cb817f5b..JPG,-1,0,-1,0,0,0,,-1,29.1.Blur fundus with suspected PDR,/kaggle/temp/troubles/images/jsiec/e5c189a6d251afdb.jpg,7.4158473,-1.0384946,-2.5147328,-8.3872595,-5.411283,-6.4289126
jsiec,jsiec-202efcfd-8d87-11e8-9daf-6045cb817f5b.,/home/carld/.cache/kagglehub/datasets/linchundan/fundusimage1000/versions/4/1000images/29.1.Blur fundus with suspected PDR/202efcfd-8d87-11e8-9daf-6045cb817f5b..JPG,-1,0,-1,0,0,0,,-1,29.1.Blur fundus with suspected PDR,/kaggle/temp/troubles/images/jsiec/464c3d9b448b5710.jpg,-1.1914866,-1.5758328,0.64348006,-0.3953613,-6.9555826,0.2873549
jsiec,jsiec-202efcfe-8d87-11e8-9daf-6045cb817f5b.,/home/carld/.cache/kagglehub/datasets/linchundan/fundusimage1000/versions/4/1000images/29.1.Blur fundus with suspected PDR/202efcfe-8d87-11e8-9daf-6045cb817f5b..JPG,-1,0,-1,0,0,0,,-1,29.1.Blur fundus with suspected PDR,/kaggle/temp/troubles/images/jsiec/8c5900a0c0edc784.jpg,-0.66051215,-0.3347849,-0.96605486,0.7359474,-6.472922,0.047907162
jsiec,jsiec-202efcff-8d87-11e8-9daf-6045cb817f5b.,/home/carld/.cache/kagglehub/datasets/linchundan/fundusimage1000/versions/4/1000images/29.1.Blur fundus with suspected PDR/202efcff-8d87-11e8-9daf-6045cb817f5b..JPG,-1,0,-1,0,0,0,,-1,29.1.Blur fundus with suspected PDR,/kaggle/temp/troubles/images/jsiec/9d899c713477c068.jpg,-2.3813303,-2.780523,2.597467,-2.6566873,-8.1090975,-2.7752542
jsiec,jsiec-202efd00-8d87-11e8-9daf-6045cb817f5b.,/home/carld/.cache/kagglehub/datasets/linchundan/fundusimage1000/versions/4/1000images/29.1.Blur fundus with suspected PDR/202efd00-8d87-11e8-9daf-6045cb817f5b..JPG,-1,0,-1,0,0,0,,-1,29.1.Blur fundus with suspected PDR,/kaggle/temp/troubles/images/jsiec/1d83e1e024557362.jpg,0.09367828,0.2414682,-2.112487,-2.6430192,-7.6493316,-0.5275225
jsiec,jsiec-202efd01-8d87-11e8-9daf-6045cb817f5b.,/home/carld/.cache/kagglehub/datasets/linchundan/fundusimage1000/versions/4/1000images/29.1.Blur fundus with suspected PDR/202efd01-8d87-11e8-9daf-6045cb817f5b..JPG,-1,0,-1,0,0,0,,-1,29.1.Blur fundus with suspected PDR,/kaggle/temp/troubles/images/jsiec/b44339e6327fcab1.jpg,-1.0104141,-1.6269863,1.2101713,-2.3199236,-5.6098285,-4.7151165
jsiec,jsiec-202efd02-8d87-11e8-9daf-6045cb817f5b.,/home/carld/.cache/kagglehub/datasets/linchundan/fundusimage1000/versions/4/1000images/29.1.Blur fundus with suspected PDR/202efd02-8d87-11e8-9daf-6045cb817f5b..JPG,-1,0,-1,0,0,0,,-1,29.1.Blur fundus with suspected PDR,/kaggle/temp/troubles/images/jsiec/77f7b8c7a3a40cb4.jpg,-2.275414,-0.61034614,2.5293121,-4.2610526,-5.235584,-1.6064996
jsiec,jsiec-202efd03-8d87-11e8-9daf-6045cb817f5b.,/home/carld/.cache/kagglehub/datasets/linchundan/fundusimage1000/versions/4/1000images/29.1.Blur fundus with suspected PDR/202efd03-8d87-11e8-9daf-6045cb817f5b..JPG,-1,0,-1,0,0,0,,-1,29.1.Blur fundus with suspected PDR,/kaggle/temp/troubles/images/jsiec/f734cd426e629116.jpg,-1.7876298,-3.4616284,3.0208077,-5.080221,-6.733888,-3.8886778
jsiec,jsiec-202efd04-8d87-11e8-9daf-6045cb817f5b.,/home/carld/.cache/kagglehub/datasets/linchundan/fundusimage1000/versions/4/1000images/29.1.Blur fundus with suspected PDR/202efd04-8d87-11e8-9daf-6045cb817f5b..JPG,-1,0,-1,0,0,0,,-1,29.1.Blur fundus with suspected PDR,/kaggle/temp/troubles/images/jsiec/be610e386e2867c8.jpg,-2.1183245,1.3569528,0.3027731,-0.86880934,-6.226061,0.4191029
jsiec,jsiec-202efd07-8d87-11e8-9daf-6045cb817f5b.,/home/carld/.cache/kagglehub/datasets/linchundan/fundusimage1000/versions/4/1000images/29.1.Blur fundus with suspected PDR/202efd07-8d87-11e8-9daf-6045cb817f5b..JPG,-1,0,-1,0,0,0,,-1,29.1.Blur fundus with suspected PDR,/kaggle/temp/troubles/images/jsiec/e84a38cad473e7c8.jpg,-1.8409667,-0.13529529,0.5372334,-4.202614,-6.3350554,-2.2319376
jsiec,jsiec-202efd08-8d87-11e8-9daf-6045cb817f5b.,/home/carld/.cache/kagglehub/datasets/linchundan/fundusimage1000/versions/4/1000images/29.1.Blur fundus with suspected PDR/202efd08-8d87-11e8-9daf-6045cb817f5b..JPG,-1,0,-1,0,0,0,,-1,29.1.Blur fundus with suspected PDR,/kaggle/temp/troubles/images/jsiec/eab365bc50fe7731.jpg,1.0429451,-0.8528252,-1.339612,-3.563183,-3.9847872,-4.8387146
jsiec,jsiec-202efd09-8d87-11e8-9daf-6045cb817f5b.,/home/carld/.cache/kagglehub/datasets/linchundan/fundusimage1000/versions/4/1000images/29.1.Blur fundus with suspected PDR/202efd09-8d87-11e8-9daf-6045cb817f5b..JPG,-1,0,-1,0,0,0,,-1,29.1.Blur fundus with suspected PDR,/kaggle/temp/troubles/images/jsiec/89a73b0c1fc12e31.jpg,-2.370984,-1.0089965,1.2675508,-0.7111801,-8.317024,-4.6935463
jsiec,jsiec-202efd0a-8d87-11e8-9daf-6045cb817f5b.,/home/carld/.cache/kagglehub/datasets/linchundan/fundusimage1000/versions/4/1000images/29.1.Blur fundus with suspected PDR/202efd0a-8d87-11e8-9daf-6045cb817f5b..JPG,-1,0,-1,0,0,0,,-1,29.1.Blur fundus with suspected PDR,/kaggle/temp/troubles/images/jsiec/df8912ff80c95346.jpg,-2.4205205,-1.1340616,-0.611045,1.3981566,-7.005583,1.7597412
jsiec,jsiec-202efd0b-8d87-11e8-9daf-6045cb817f5b.,/home/carld/.cache/kagglehub/datasets/linchundan/fundusimage1000/versions/4/1000images/29.1.Blur fundus with suspected PDR/202efd0b-8d87-11e8-9daf-6045cb817f5b..JPG,-1,0,-1,0,0,0,,-1,29.1.Blur fundus with suspected PDR,/kaggle/temp/troubles/images/jsiec/069ba0c6fefbbf13.jpg,-2.1397371,-0.9668613,0.88694495,-2.0235033,-7.547121,-1.7574601
jsiec,jsiec-202efd0c-8d87-11e8-9daf-6045cb817f5b.,/home/carld/.cache/kagglehub/datasets/linchundan/fundusimage1000/versions/4/1000images/29.1.Blur fundus with suspected PDR/202efd0c-8d87-11e8-9daf-6045cb817f5b..JPG,-1,0,-1,0,0,0,,-1,29.1.Blur fundus with suspected PDR,/kaggle/temp/troubles/images/jsiec/9b88ea65648d9907.jpg,-0.77668124,1.2047924,-3.231929,-2.2770987,-4.9772277,1.6771011
jsiec,jsiec-202efd2f-8d87-11e8-9daf-6045cb817f5b.,/home/carld/.cache/kagglehub/datasets/linchundan/fundusimage1000/versions/4/1000images/3.RAO/202efd2f-8d87-11e8-9daf-6045cb817f5b..JPG,0,0,0,0,0,0,,-1,3.RAO,/kaggle/temp/troubles/images/jsiec/e7b1347579d7607e.jpg,-1.6474898,-2.004438,-6.6476097,1.2409056,-7.0800276,-5.402125
jsiec,jsiec-202efd30-8d87-11e8-9daf-6045cb817f5b.,/home/carld/.cache/kagglehub/datasets/linchundan/fundusimage1000/versions/4/1000images/3.RAO/202efd30-8d87-11e8-9daf-6045cb817f5b..JPG,0,0,0,0,0,0,,-1,3.RAO,/kaggle/temp/troubles/images/jsiec/8ea6ef898a244e01.jpg,-0.8965955,-3.5556283,-11.116956,-1.8852521,-7.2343845,-5.205947
jsiec,jsiec-202efd31-8d87-11e8-9daf-6045cb817f5b.,/home/carld/.cache/kagglehub/datasets/linchundan/fundusimage1000/versions/4/1000images/3.RAO/202efd31-8d87-11e8-9daf-6045cb817f5b..JPG,0,0,0,0,0,0,,-1,3.RAO,/kaggle/temp/troubles/images/jsiec/023aaf949bdccddd.jpg,1.0192392,-1.0567191,-8.19306,-2.7031431,-3.7981858,-7.587125
jsiec,jsiec-202efd32-8d87-11e8-9daf-6045cb817f5b.,/home/carld/.cache/kagglehub/datasets/linchundan/fundusimage1000/versions/4/1000images/3.RAO/202efd32-8d87-11e8-9daf-6045cb817f5b..JPG,0,0,0,0,0,0,,-1,3.RAO,/kaggle/temp/troubles/images/jsiec/a32d1875c935b666.jpg,-2.015616,-4.7742543,-12.924327,-2.3356586,-6.5129414,-9.900678
jsiec,jsiec-202efd33-8d87-11e8-9daf-6045cb817f5b.,/home/carld/.cache/kagglehub/datasets/linchundan/fundusimage1000/versions/4/1000images/3.RAO/202efd33-8d87-11e8-9daf-6045cb817f5b..JPG,0,0,0,0,0,0,,-1,3.RAO,/kaggle/temp/troubles/images/jsiec/3702a1d8d2f728bf.jpg,-1.5255961,-1.53186,-8.875579,-0.09899132,-6.169939,-3.7778196
jsiec,jsiec-202efd34-8d87-11e8-9daf-6045cb817f5b.,/home/carld/.cache/kagglehub/datasets/linchundan/fundusimage1000/versions/4/1000images/3.RAO/202efd34-8d87-11e8-9daf-6045cb817f5b..JPG,0,0,0,0,0,0,,-1,3.RAO,/kaggle/temp/troubles/images/jsiec/378b2baee45b4611.jpg,-1.8003845,-0.9804813,-8.595306,-1.420288,-3.2217517,-3.360624
jsiec,jsiec-202efd35-8d87-11e8-9daf-6045cb817f5b.,/home/carld/.cache/kagglehub/datasets/linchundan/fundusimage1000/versions/4/1000images/3.RAO/202efd35-8d87-11e8-9daf-6045cb817f5b..JPG,0,0,0,0,0,0,,-1,3.RAO,/kaggle/temp/troubles/images/jsiec/ea1b4f99080b1c69.jpg,-1.7526779,-2.733004,-8.935058,-0.42460752,-4.746172,-7.03943
jsiec,jsiec-202efd36-8d87-11e8-9daf-6045cb817f5b.,/home/carld/.cache/kagglehub/datasets/linchundan/fundusimage1000/versions/4/1000images/3.RAO/202efd36-8d87-11e8-9daf-6045cb817f5b..JPG,0,0,0,0,0,0,,-1,3.RAO,/kaggle/temp/troubles/images/jsiec/515c249754183bb5.jpg,-2.2740285,-1.5732535,-11.502598,-3.8685431,-7.7551746,-6.44695
jsiec,jsiec-202efd37-8d87-11e8-9daf-6045cb817f5b.,/home/carld/.cache/kagglehub/datasets/linchundan/fundusimage1000/versions/4/1000images/3.RAO/202efd37-8d87-11e8-9daf-6045cb817f5b..JPG,0,0,0,0,0,0,,-1,3.RAO,/kaggle/temp/troubles/images/jsiec/25ff383742c684c3.jpg,-1.5306971,-1.5969403,-6.880721,0.35121715,-4.904769,-6.8505683
jsiec,jsiec-202efd38-8d87-11e8-9daf-6045cb817f5b.,/home/carld/.cache/kagglehub/datasets/linchundan/fundusimage1000/versions/4/1000images/3.RAO/202efd38-8d87-11e8-9daf-6045cb817f5b..JPG,0,0,0,0,0,0,,-1,3.RAO,/kaggle/temp/troubles/images/jsiec/7313fac128c37694.jpg,-1.4544692,-2.6471014,-7.293342,-0.43277678,-8.973368,-6.827839
jsiec,jsiec-202efd39-8d87-11e8-9daf-6045cb817f5b.,/home/carld/.cache/kagglehub/datasets/linchundan/fundusimage1000/versions/4/1000images/3.RAO/202efd39-8d87-11e8-9daf-6045cb817f5b..JPG,0,0,0,0,0,0,,-1,3.RAO,/kaggle/temp/troubles/images/jsiec/31a6b06ff5c4f870.jpg,-0.4532398,-4.911651,-9.663979,-0.597422,-6.15219,-8.640563
jsiec,jsiec-202efd3a-8d87-11e8-9daf-6045cb817f5b.,/home/carld/.cache/kagglehub/datasets/linchundan/fundusimage1000/versions/4/1000images/3.RAO/202efd3a-8d87-11e8-9daf-6045cb817f5b..JPG,0,0,0,0,0,0,,-1,3.RAO,/kaggle/temp/troubles/images/jsiec/600fc7f51d10517a.jpg,-1.9745429,-4.4775844,-8.525075,4.6754107,-7.0580707,-6.9101834
jsiec,jsiec-202efd3b-8d87-11e8-9daf-6045cb817f5b.,/home/carld/.cache/kagglehub/datasets/linchundan/fundusimage1000/versions/4/1000images/3.RAO/202efd3b-8d87-11e8-9daf-6045cb817f5b..JPG,0,0,0,0,0,0,,-1,3.RAO,/kaggle/temp/troubles/images/jsiec/8f614e0aae27e118.jpg,-0.61980337,-0.18965983,-9.69348,-0.81456196,-6.41303,-3.595841
jsiec,jsiec-202efd3c-8d87-11e8-9daf-6045cb817f5b.,/home/carld/.cache/kagglehub/datasets/linchundan/fundusimage1000/versions/4/1000images/3.RAO/202efd3c-8d87-11e8-9daf-6045cb817f5b..JPG,0,0,0,0,0,0,,-1,3.RAO,/kaggle/temp/troubles/images/jsiec/d2a22ae81ec12aae.jpg,-0.67215765,-1.7802378,-11.637053,3.145539,-5.8231926,-6.720888
jsiec,jsiec-202efd3d-8d87-11e8-9daf-6045cb817f5b.,/home/carld/.cache/kagglehub/datasets/linchundan/fundusimage1000/versions/4/1000images/3.RAO/202efd3d-8d87-11e8-9daf-6045cb817f5b..JPG,0,0,0,0,0,0,,-1,3.RAO,/kaggle/temp/troubles/images/jsiec/546c84c6edcd6d58.jpg,-0.6868128,-2.7936378,-6.73491,-0.57548404,-9.016455,-6.4486985
jsiec,jsiec-202efd3e-8d87-11e8-9daf-6045cb817f5b.,/home/carld/.cache/kagglehub/datasets/linchundan/fundusimage1000/versions/4/1000images/3.RAO/202efd3e-8d87-11e8-9daf-6045cb817f5b..JPG,0,0,0,0,0,0,,-1,3.RAO,/kaggle/temp/troubles/images/jsiec/160b8f84d8ea5286.jpg,-2.178849,-2.7100105,-6.324086,-0.4194594,-6.9278574,-7.0740075
jsiec,jsiec-1ffa933e-8d87-11e8-9daf-6045cb817f5b.,/home/carld/.cache/kagglehub/datasets/linchundan/fundusimage1000/versions/4/1000images/4.Rhegmatogenous RD/1ffa933e-8d87-11e8-9daf-6045cb817f5b..JPG,0,0,0,0,0,0,,-1,4.Rhegmatogenous RD,/kaggle/temp/troubles/images/jsiec/fbf112bcaf0ef201.jpg,-1.1239862,-3.1338017,-9.8961,-1.3916644,-8.029503,-7.708398
jsiec,jsiec-1ffa933f-8d87-11e8-9daf-6045cb817f5b.,/home/carld/.cache/kagglehub/datasets/linchundan/fundusimage1000/versions/4/1000images/4.Rhegmatogenous RD/1ffa933f-8d87-11e8-9daf-6045cb817f5b..JPG,0,0,0,0,0,0,,-1,4.Rhegmatogenous RD,/kaggle/temp/troubles/images/jsiec/5a275c80edcd1740.jpg,-1.1186233,-1.1365969,-7.9078317,2.14318,-6.059166,-3.0556839
jsiec,jsiec-1ffa9340-8d87-11e8-9daf-6045cb817f5b.,/home/carld/.cache/kagglehub/datasets/linchundan/fundusimage1000/versions/4/1000images/4.Rhegmatogenous RD/1ffa9340-8d87-11e8-9daf-6045cb817f5b..JPG,0,0,0,0,0,0,,-1,4.Rhegmatogenous RD,/kaggle/temp/troubles/images/jsiec/e423726f7816c23d.jpg,-1.3204854,-0.90142286,-6.439524,-4.516467,-6.761482,-6.2104406
jsiec,jsiec-1ffa9341-8d87-11e8-9daf-6045cb817f5b.,/home/carld/.cache/kagglehub/datasets/linchundan/fundusimage1000/versions/4/1000images/4.Rhegmatogenous RD/1ffa9341-8d87-11e8-9daf-6045cb817f5b..JPG,0,0,0,0,0,0,,-1,4.Rhegmatogenous RD,/kaggle/temp/troubles/images/jsiec/673c9ea18965bc24.jpg,-1.3425055,-0.49765846,-1.9517527,0.5630516,-4.991204,-1.7535974
jsiec,jsiec-1ffa9342-8d87-11e8-9daf-6045cb817f5b.,/home/carld/.cache/kagglehub/datasets/linchundan/fundusimage1000/versions/4/1000images/4.Rhegmatogenous RD/1ffa9342-8d87-11e8-9daf-6045cb817f5b..JPG,0,0,0,0,0,0,,-1,4.Rhegmatogenous RD,/kaggle/temp/troubles/images/jsiec/37227615bf0bdac6.jpg,-2.5317466,-1.0038797,-6.622574,0.6624199,-4.4910827,1.4755443
jsiec,jsiec-1ffa9343-8d87-11e8-9daf-6045cb817f5b.,/home/carld/.cache/kagglehub/datasets/linchundan/fundusimage1000/versions/4/1000images/4.Rhegmatogenous RD/1ffa9343-8d87-11e8-9daf-6045cb817f5b..JPG,0,0,0,0,0,0,,-1,4.Rhegmatogenous RD,/kaggle/temp/troubles/images/jsiec/087f45b188e25eeb.jpg,-1.1022813,-0.68680614,-3.712207,-2.3380237,-6.555418,0.82706994
jsiec,jsiec-1ffa9344-8d87-11e8-9daf-6045cb817f5b.,/home/carld/.cache/kagglehub/datasets/linchundan/fundusimage1000/versions/4/1000images/4.Rhegmatogenous RD/1ffa9344-8d87-11e8-9daf-6045cb817f5b..JPG,0,0,0,0,0,0,,-1,4.Rhegmatogenous RD,/kaggle/temp/troubles/images/jsiec/fd7f15c745b35af9.jpg,-2.484429,-1.0062428,-7.332759,1.3302532,-7.7133746,-4.206933
jsiec,jsiec-1ffa9345-8d87-11e8-9daf-6045cb817f5b.,/home/carld/.cache/kagglehub/datasets/linchundan/fundusimage1000/versions/4/1000images/4.Rhegmatogenous RD/1ffa9345-8d87-11e8-9daf-6045cb817f5b..JPG,0,0,0,0,0,0,,-1,4.Rhegmatogenous RD,/kaggle/temp/troubles/images/jsiec/1a412543dd807d7d.jpg,-0.25076526,-0.74329954,-8.6380825,-1.2275941,-7.555496,-1.3201687
jsiec,jsiec-1ffa9346-8d87-11e8-9daf-6045cb817f5b.,/home/carld/.cache/kagglehub/datasets/linchundan/fundusimage1000/versions/4/1000images/4.Rhegmatogenous RD/1ffa9346-8d87-11e8-9daf-6045cb817f5b..JPG,0,0,0,0,0,0,,-1,4.Rhegmatogenous RD,/kaggle/temp/troubles/images/jsiec/f80d8533cb109624.jpg,-0.46346217,0.28412202,-8.801216,0.62340915,-4.196693,-6.3888354
jsiec,jsiec-1ffa9347-8d87-11e8-9daf-6045cb817f5b.,/home/carld/.cache/kagglehub/datasets/linchundan/fundusimage1000/versions/4/1000images/4.Rhegmatogenous RD/1ffa9347-8d87-11e8-9daf-6045cb817f5b..JPG,0,0,0,0,0,0,,-1,4.Rhegmatogenous RD,/kaggle/temp/troubles/images/jsiec/849ad0b2bbd7c372.jpg,-2.792455,-0.55984193,-6.6990223,0.62698746,-1.9592148,-5.1744843
jsiec,jsiec-1ffa9348-8d87-11e8-9daf-6045cb817f5b.,/home/carld/.cache/kagglehub/datasets/linchundan/fundusimage1000/versions/4/1000images/4.Rhegmatogenous RD/1ffa9348-8d87-11e8-9daf-6045cb817f5b..JPG,0,0,0,0,0,0,,-1,4.Rhegmatogenous RD,/kaggle/temp/troubles/images/jsiec/29a92867f93c4119.jpg,0.7319378,-1.0968046,-5.661834,-1.9602787,-3.6332195,-5.1629133
jsiec,jsiec-1ffa9349-8d87-11e8-9daf-6045cb817f5b.,/home/carld/.cache/kagglehub/datasets/linchundan/fundusimage1000/versions/4/1000images/4.Rhegmatogenous RD/1ffa9349-8d87-11e8-9daf-6045cb817f5b..JPG,0,0,0,0,0,0,,-1,4.Rhegmatogenous RD,/kaggle/temp/troubles/images/jsiec/cac59c6b4241b3eb.jpg,-0.84128255,0.8222582,-2.8629243,-1.0745821,-5.5045376,-0.95633477
jsiec,jsiec-1ffa934a-8d87-11e8-9daf-6045cb817f5b.,/home/carld/.cache/kagglehub/datasets/linchundan/fundusimage1000/versions/4/1000images/4.Rhegmatogenous RD/1ffa934a-8d87-11e8-9daf-6045cb817f5b..JPG,0,0,0,0,0,0,,-1,4.Rhegmatogenous RD,/kaggle/temp/troubles/images/jsiec/9284a7ec1a7f0442.jpg,0.67400056,2.413538,-0.5664326,-2.7557201,-2.635729,-5.8726935
jsiec,jsiec-1ffa934b-8d87-11e8-9daf-6045cb817f5b.,/home/carld/.cache/kagglehub/datasets/linchundan/fundusimage1000/versions/4/1000images/4.Rhegmatogenous RD/1ffa934b-8d87-11e8-9daf-6045cb817f5b..JPG,0,0,0,0,0,0,,-1,4.Rhegmatogenous RD,/kaggle/temp/troubles/images/jsiec/9bfad86638605c5a.jpg,-0.8570968,1.0476748,-7.7887106,-3.2331853,-4.2933664,-5.8877144
jsiec,jsiec-1ffa934c-8d87-11e8-9daf-6045cb817f5b.,/home/carld/.cache/kagglehub/datasets/linchundan/fundusimage1000/versions/4/1000images/4.Rhegmatogenous RD/1ffa934c-8d87-11e8-9daf-6045cb817f5b..JPG,0,0,0,0,0,0,,-1,4.Rhegmatogenous RD,/kaggle/temp/troubles/images/jsiec/ceebc4993e144462.jpg,-2.8014417,0.7958006,1.2223333,-1.432091,-4.2524233,-1.5405165
jsiec,jsiec-1ffa934d-8d87-11e8-9daf-6045cb817f5b.,/home/carld/.cache/kagglehub/datasets/linchundan/fundusimage1000/versions/4/1000images/4.Rhegmatogenous RD/1ffa934d-8d87-11e8-9daf-6045cb817f5b..JPG,0,0,0,0,0,0,,-1,4.Rhegmatogenous RD,/kaggle/temp/troubles/images/jsiec/2868b39f34663b07.jpg,-1.0041482,-1.9558841,-7.803452,-4.202848,-6.314741,-8.292989
jsiec,jsiec-1ffa934e-8d87-11e8-9daf-6045cb817f5b.,/home/carld/.cache/kagglehub/datasets/linchundan/fundusimage1000/versions/4/1000images/4.Rhegmatogenous RD/1ffa934e-8d87-11e8-9daf-6045cb817f5b..JPG,0,0,0,0,0,0,,-1,4.Rhegmatogenous RD,/kaggle/temp/troubles/images/jsiec/dc9c9e073a9da122.jpg,-0.29137224,0.6092654,-4.1203065,-1.7635752,-3.2309728,-3.4546144
jsiec,jsiec-1ffa934f-8d87-11e8-9daf-6045cb817f5b.,/home/carld/.cache/kagglehub/datasets/linchundan/fundusimage1000/versions/4/1000images/4.Rhegmatogenous RD/1ffa934f-8d87-11e8-9daf-6045cb817f5b..JPG,0,0,0,0,0,0,,-1,4.Rhegmatogenous RD,/kaggle/temp/troubles/images/jsiec/d0d07441a01cf0d5.jpg,-2.5400329,2.9981859,-10.987155,-3.7305026,-7.4432836,-2.2027287
jsiec,jsiec-1ffa9350-8d87-11e8-9daf-6045cb817f5b.,/home/carld/.cache/kagglehub/datasets/linchundan/fundusimage1000/versions/4/1000images/4.Rhegmatogenous RD/1ffa9350-8d87-11e8-9daf-6045cb817f5b..JPG,0,0,0,0,0,0,,-1,4.Rhegmatogenous RD,/kaggle/temp/troubles/images/jsiec/a9c633e8ed53fb61.jpg,-1.6966393,1.4243811,-0.6353208,0.019168943,-4.3299284,-0.98323023
jsiec,jsiec-1ffa9351-8d87-11e8-9daf-6045cb817f5b.,/home/carld/.cache/kagglehub/datasets/linchundan/fundusimage1000/versions/4/1000images/4.Rhegmatogenous RD/1ffa9351-8d87-11e8-9daf-6045cb817f5b..JPG,0,0,0,0,0,0,,-1,4.Rhegmatogenous RD,/kaggle/temp/troubles/images/jsiec/c2f2ea95fc292a37.jpg,-1.7843025,0.34424987,-1.6312152,-3.8127723,-5.3777227,-2.06708
jsiec,jsiec-1ffa9352-8d87-11e8-9daf-6045cb817f5b.,/home/carld/.cache/kagglehub/datasets/linchundan/fundusimage1000/versions/4/1000images/4.Rhegmatogenous RD/1ffa9352-8d87-11e8-9daf-6045cb817f5b..JPG,0,0,0,0,0,0,,-1,4.Rhegmatogenous RD,/kaggle/temp/troubles/images/jsiec/b59218778b9953d9.jpg,-2.8673728,0.7708924,-1.8286157,-0.4991411,-6.1298947,-0.5649368
jsiec,jsiec-1ffa9353-8d87-11e8-9daf-6045cb817f5b.,/home/carld/.cache/kagglehub/datasets/linchundan/fundusimage1000/versions/4/1000images/4.Rhegmatogenous RD/1ffa9353-8d87-11e8-9daf-6045cb817f5b..JPG,0,0,0,0,0,0,,-1,4.Rhegmatogenous RD,/kaggle/temp/troubles/images/jsiec/4f7cd3c0f1e86e3f.jpg,-1.127784,-0.18682866,-4.1486406,0.85810816,-4.224548,-1.9737903
jsiec,jsiec-1ffa9354-8d87-11e8-9daf-6045cb817f5b.,/home/carld/.cache/kagglehub/datasets/linchundan/fundusimage1000/versions/4/1000images/4.Rhegmatogenous RD/1ffa9354-8d87-11e8-9daf-6045cb817f5b..JPG,0,0,0,0,0,0,,-1,4.Rhegmatogenous RD,/kaggle/temp/troubles/images/jsiec/86b5a7c1b0085f45.jpg,-2.3311293,0.54355097,-1.5069252,-0.021465272,-6.2438526,-1.8620697
jsiec,jsiec-1ffa9355-8d87-11e8-9daf-6045cb817f5b.,/home/carld/.cache/kagglehub/datasets/linchundan/fundusimage1000/versions/4/1000images/4.Rhegmatogenous RD/1ffa9355-8d87-11e8-9daf-6045cb817f5b..JPG,0,0,0,0,0,0,,-1,4.Rhegmatogenous RD,/kaggle/temp/troubles/images/jsiec/7accf79ca5c5c715.jpg,-1.1659539,-1.658372,-8.167382,-2.4691093,-5.9996524,-8.629657
jsiec,jsiec-1ffa9356-8d87-11e8-9daf-6045cb817f5b.,/home/carld/.cache/kagglehub/datasets/linchundan/fundusimage1000/versions/4/1000images/4.Rhegmatogenous RD/1ffa9356-8d87-11e8-9daf-6045cb817f5b..JPG,0,0,0,0,0,0,,-1,4.Rhegmatogenous RD,/kaggle/temp/troubles/images/jsiec/5d8395ce6adf4caf.jpg,-1.4240489,-0.93901867,-8.687496,-0.08248981,-4.626568,-6.1271296
jsiec,jsiec-1ffa9357-8d87-11e8-9daf-6045cb817f5b.,/home/carld/.cache/kagglehub/datasets/linchundan/fundusimage1000/versions/4/1000images/4.Rhegmatogenous RD/1ffa9357-8d87-11e8-9daf-6045cb817f5b..JPG,0,0,0,0,0,0,,-1,4.Rhegmatogenous RD,/kaggle/temp/troubles/images/jsiec/d2fd9c3dde4a1baa.jpg,-0.96799135,2.3018088,-2.9677842,0.09122682,-2.2117743,-2.2445843
jsiec,jsiec-1ffa9358-8d87-11e8-9daf-6045cb817f5b.,/home/carld/.cache/kagglehub/datasets/linchundan/fundusimage1000/versions/4/1000images/4.Rhegmatogenous RD/1ffa9358-8d87-11e8-9daf-6045cb817f5b..JPG,0,0,0,0,0,0,,-1,4.Rhegmatogenous RD,/kaggle/temp/troubles/images/jsiec/dfdce1d8478b66f2.jpg,-1.5179751,0.9566738,-4.789927,-1.9178498,-3.2593296,-4.693075
jsiec,jsiec-1ffa9359-8d87-11e8-9daf-6045cb817f5b.,/home/carld/.cache/kagglehub/datasets/linchundan/fundusimage1000/versions/4/1000images/4.Rhegmatogenous RD/1ffa9359-8d87-11e8-9daf-6045cb817f5b..JPG,0,0,0,0,0,0,,-1,4.Rhegmatogenous RD,/kaggle/temp/troubles/images/jsiec/4a4897dce89aa10f.jpg,0.4916888,0.4438101,-2.2663238,-2.9903011,-2.797485,-3.5995734
jsiec,jsiec-1ffa935a-8d87-11e8-9daf-6045cb817f5b.,/home/carld/.cache/kagglehub/datasets/linchundan/fundusimage1000/versions/4/1000images/4.Rhegmatogenous RD/1ffa935a-8d87-11e8-9daf-6045cb817f5b..JPG,0,0,0,0,0,0,,-1,4.Rhegmatogenous RD,/kaggle/temp/troubles/images/jsiec/600eceab345bb74b.jpg,-1.8540916,-0.810301,-3.1561356,-1.7910767,-6.297469,-2.9769175
jsiec,jsiec-1ffa935b-8d87-11e8-9daf-6045cb817f5b.,/home/carld/.cache/kagglehub/datasets/linchundan/fundusimage1000/versions/4/1000images/4.Rhegmatogenous RD/1ffa935b-8d87-11e8-9daf-6045cb817f5b..JPG,0,0,0,0,0,0,,-1,4.Rhegmatogenous RD,/kaggle/temp/troubles/images/jsiec/fe0933c23c37b2d2.jpg,-1.9203684,0.026580652,-5.568251,-2.5818324,-7.587567,-2.589647
jsiec,jsiec-1ffa935c-8d87-11e8-9daf-6045cb817f5b.,/home/carld/.cache/kagglehub/datasets/linchundan/fundusimage1000/versions/4/1000images/4.Rhegmatogenous RD/1ffa935c-8d87-11e8-9daf-6045cb817f5b..JPG,0,0,0,0,0,0,,-1,4.Rhegmatogenous RD,/kaggle/temp/troubles/images/jsiec/e1d0b3cc2b3f5756.jpg,-1.6683908,-1.1151335,0.29532716,-2.1739569,-3.6041777,-3.5426874
jsiec,jsiec-1ffa935d-8d87-11e8-9daf-6045cb817f5b.,/home/carld/.cache/kagglehub/datasets/linchundan/fundusimage1000/versions/4/1000images/4.Rhegmatogenous RD/1ffa935d-8d87-11e8-9daf-6045cb817f5b..JPG,0,0,0,0,0,0,,-1,4.Rhegmatogenous RD,/kaggle/temp/troubles/images/jsiec/28a619e79f989613.jpg,-0.3141116,-2.8224201,-10.942911,-1.4210898,-2.8156042,-9.97777
jsiec,jsiec-1ffa935e-8d87-11e8-9daf-6045cb817f5b.,/home/carld/.cache/kagglehub/datasets/linchundan/fundusimage1000/versions/4/1000images/4.Rhegmatogenous RD/1ffa935e-8d87-11e8-9daf-6045cb817f5b..JPG,0,0,0,0,0,0,,-1,4.Rhegmatogenous RD,/kaggle/temp/troubles/images/jsiec/505a3f1cffcbf5ed.jpg,-0.7568917,-1.3101139,-10.738266,-4.4120364,-6.3535814,-9.806296
jsiec,jsiec-1ffa935f-8d87-11e8-9daf-6045cb817f5b.,/home/carld/.cache/kagglehub/datasets/linchundan/fundusimage1000/versions/4/1000images/4.Rhegmatogenous RD/1ffa935f-8d87-11e8-9daf-6045cb817f5b..JPG,0,0,0,0,0,0,,-1,4.Rhegmatogenous RD,/kaggle/temp/troubles/images/jsiec/75de7e00af54a636.jpg,-2.380756,0.2707549,-3.5751624,0.20702365,-5.203206,0.94798803
jsiec,jsiec-1ffa9360-8d87-11e8-9daf-6045cb817f5b.,/home/carld/.cache/kagglehub/datasets/linchundan/fundusimage1000/versions/4/1000images/4.Rhegmatogenous RD/1ffa9360-8d87-11e8-9daf-6045cb817f5b..JPG,0,0,0,0,0,0,,-1,4.Rhegmatogenous RD,/kaggle/temp/troubles/images/jsiec/db5600a0745cb656.jpg,-2.0291493,0.029544523,-10.287686,-4.6463385,-7.298798,-3.2072496
jsiec,jsiec-1ffa9361-8d87-11e8-9daf-6045cb817f5b.,/home/carld/.cache/kagglehub/datasets/linchundan/fundusimage1000/versions/4/1000images/4.Rhegmatogenous RD/1ffa9361-8d87-11e8-9daf-6045cb817f5b..JPG,0,0,0,0,0,0,,-1,4.Rhegmatogenous RD,/kaggle/temp/troubles/images/jsiec/f985521c6125fe47.jpg,-1.4395003,-0.79130214,-9.370298,-3.815075,-5.989647,-9.896143
jsiec,jsiec-1ffa9362-8d87-11e8-9daf-6045cb817f5b.,/home/carld/.cache/kagglehub/datasets/linchundan/fundusimage1000/versions/4/1000images/4.Rhegmatogenous RD/1ffa9362-8d87-11e8-9daf-6045cb817f5b..JPG,0,0,0,0,0,0,,-1,4.Rhegmatogenous RD,/kaggle/temp/troubles/images/jsiec/2c0331e3162b99d5.jpg,-1.769948,-1.4136746,-10.708387,-0.0795898,-5.9485216,-6.488095
jsiec,jsiec-1ffa9363-8d87-11e8-9daf-6045cb817f5b.,/home/carld/.cache/kagglehub/datasets/linchundan/fundusimage1000/versions/4/1000images/4.Rhegmatogenous RD/1ffa9363-8d87-11e8-9daf-6045cb817f5b..JPG,0,0,0,0,0,0,,-1,4.Rhegmatogenous RD,/kaggle/temp/troubles/images/jsiec/1ced8146f5ff3558.jpg,-2.2313318,0.21952246,-10.5776,-2.9831219,-8.092294,-3.3901212
jsiec,jsiec-1ffa9364-8d87-11e8-9daf-6045cb817f5b.,/home/carld/.cache/kagglehub/datasets/linchundan/fundusimage1000/versions/4/1000images/4.Rhegmatogenous RD/1ffa9364-8d87-11e8-9daf-6045cb817f5b..JPG,0,0,0,0,0,0,,-1,4.Rhegmatogenous RD,/kaggle/temp/troubles/images/jsiec/86264f26ce12f182.jpg,-2.4130507,0.6468964,-5.794603,1.7622102,-4.1215596,-0.5902774
jsiec,jsiec-1ffa9365-8d87-11e8-9daf-6045cb817f5b.,/home/carld/.cache/kagglehub/datasets/linchundan/fundusimage1000/versions/4/1000images/4.Rhegmatogenous RD/1ffa9365-8d87-11e8-9daf-6045cb817f5b..JPG,0,0,0,0,0,0,,-1,4.Rhegmatogenous RD,/kaggle/temp/troubles/images/jsiec/f96bf87e9f0e02cd.jpg,0.86603636,-1.8845953,-4.688088,-0.2782501,-2.795267,-5.0353546
jsiec,jsiec-1ffa9366-8d87-11e8-9daf-6045cb817f5b.,/home/carld/.cache/kagglehub/datasets/linchundan/fundusimage1000/versions/4/1000images/4.Rhegmatogenous RD/1ffa9366-8d87-11e8-9daf-6045cb817f5b..JPG,0,0,0,0,0,0,,-1,4.Rhegmatogenous RD,/kaggle/temp/troubles/images/jsiec/649c728c07fe347f.jpg,-1.2125995,0.6118757,-8.77714,-1.1723442,-6.292123,-7.1280828
jsiec,jsiec-1ffa9367-8d87-11e8-9daf-6045cb817f5b.,/home/carld/.cache/kagglehub/datasets/linchundan/fundusimage1000/versions/4/1000images/4.Rhegmatogenous RD/1ffa9367-8d87-11e8-9daf-6045cb817f5b..JPG,0,0,0,0,0,0,,-1,4.Rhegmatogenous RD,/kaggle/temp/troubles/images/jsiec/b96eaa17878fd269.jpg,-0.75161767,-2.0373359,-9.53789,-0.23836476,-6.5360546,-7.3938565
jsiec,jsiec-1ffa9368-8d87-11e8-9daf-6045cb817f5b.,/home/carld/.cache/kagglehub/datasets/linchundan/fundusimage1000/versions/4/1000images/4.Rhegmatogenous RD/1ffa9368-8d87-11e8-9daf-6045cb817f5b..JPG,0,0,0,0,0,0,,-1,4.Rhegmatogenous RD,/kaggle/temp/troubles/images/jsiec/73b83b16fbd2e092.jpg,-1.8123124,-1.206317,-4.645325,-3.4273243,-5.5572414,-3.0615668
jsiec,jsiec-1ffa9369-8d87-11e8-9daf-6045cb817f5b.,/home/carld/.cache/kagglehub/datasets/linchundan/fundusimage1000/versions/4/1000images/4.Rhegmatogenous RD/1ffa9369-8d87-11e8-9daf-6045cb817f5b..JPG,0,0,0,0,0,0,,-1,4.Rhegmatogenous RD,/kaggle/temp/troubles/images/jsiec/9d12fb1b147818fb.jpg,0.98814315,-2.2103772,-11.281518,-1.8566604,-7.114161,-2.4550905
jsiec,jsiec-1ffa936a-8d87-11e8-9daf-6045cb817f5b.,/home/carld/.cache/kagglehub/datasets/linchundan/fundusimage1000/versions/4/1000images/4.Rhegmatogenous RD/1ffa936a-8d87-11e8-9daf-6045cb817f5b..JPG,0,0,0,0,0,0,,-1,4.Rhegmatogenous RD,/kaggle/temp/troubles/images/jsiec/16c100950a3fa8eb.jpg,-1.0252635,-1.959835,-4.936173,-2.1544018,-4.6639004,-4.131673
jsiec,jsiec-1ffa936b-8d87-11e8-9daf-6045cb817f5b.,/home/carld/.cache/kagglehub/datasets/linchundan/fundusimage1000/versions/4/1000images/4.Rhegmatogenous RD/1ffa936b-8d87-11e8-9daf-6045cb817f5b..JPG,0,0,0,0,0,0,,-1,4.Rhegmatogenous RD,/kaggle/temp/troubles/images/jsiec/a02c1014da58d55e.jpg,-0.9966621,0.25675085,-4.4213023,-0.06022647,-3.260269,-0.80308187
jsiec,jsiec-1ffa936c-8d87-11e8-9daf-6045cb817f5b.,/home/carld/.cache/kagglehub/datasets/linchundan/fundusimage1000/versions/4/1000images/4.Rhegmatogenous RD/1ffa936c-8d87-11e8-9daf-6045cb817f5b..JPG,0,0,0,0,0,0,,-1,4.Rhegmatogenous RD,/kaggle/temp/troubles/images/jsiec/27ed9a585ef7d1f4.jpg,5.907297,-3.5871394,-9.069,-3.7957456,-6.0816565,-8.47623
jsiec,jsiec-1ffa936d-8d87-11e8-9daf-6045cb817f5b.,/home/carld/.cache/kagglehub/datasets/linchundan/fundusimage1000/versions/4/1000images/4.Rhegmatogenous RD/1ffa936d-8d87-11e8-9daf-6045cb817f5b..JPG,0,0,0,0,0,0,,-1,4.Rhegmatogenous RD,/kaggle/temp/troubles/images/jsiec/c18204f3cc0fe748.jpg,-1.1041994,-0.124817885,-7.07901,-2.8546665,-3.6629176,-6.565861
jsiec,jsiec-1ffa936e-8d87-11e8-9daf-6045cb817f5b.,/home/carld/.cache/kagglehub/datasets/linchundan/fundusimage1000/versions/4/1000images/4.Rhegmatogenous RD/1ffa936e-8d87-11e8-9daf-6045cb817f5b..JPG,0,0,0,0,0,0,,-1,4.Rhegmatogenous RD,/kaggle/temp/troubles/images/jsiec/7766c5be840b9db6.jpg,-1.4891839,-0.39700386,-1.2945548,-1.2166429,-7.668709,-1.1727196
jsiec,jsiec-1ffa936f-8d87-11e8-9daf-6045cb817f5b.,/home/carld/.cache/kagglehub/datasets/linchundan/fundusimage1000/versions/4/1000images/4.Rhegmatogenous RD/1ffa936f-8d87-11e8-9daf-6045cb817f5b..JPG,0,0,0,0,0,0,,-1,4.Rhegmatogenous RD,/kaggle/temp/troubles/images/jsiec/83c69b414901fbf8.jpg,-0.5398357,-0.7379567,-1.4424788,0.52672994,-4.712136,-2.998673
jsiec,jsiec-1ffa9370-8d87-11e8-9daf-6045cb817f5b.,/home/carld/.cache/kagglehub/datasets/linchundan/fundusimage1000/versions/4/1000images/4.Rhegmatogenous RD/1ffa9370-8d87-11e8-9daf-6045cb817f5b..JPG,0,0,0,0,0,0,,-1,4.Rhegmatogenous RD,/kaggle/temp/troubles/images/jsiec/98ff95974311ee91.jpg,-3.0692592,-0.7574036,-1.446361,-3.3041985,-7.3967166,-3.058314
jsiec,jsiec-1ffa9371-8d87-11e8-9daf-6045cb817f5b.,/home/carld/.cache/kagglehub/datasets/linchundan/fundusimage1000/versions/4/1000images/4.Rhegmatogenous RD/1ffa9371-8d87-11e8-9daf-6045cb817f5b..JPG,0,0,0,0,0,0,,-1,4.Rhegmatogenous RD,/kaggle/temp/troubles/images/jsiec/5aa52313d234a258.jpg,-2.293282,0.9866763,-7.834621,-4.0254765,-7.4316063,-5.7424006
jsiec,jsiec-1ffa9372-8d87-11e8-9daf-6045cb817f5b.,/home/carld/.cache/kagglehub/datasets/linchundan/fundusimage1000/versions/4/1000images/4.Rhegmatogenous RD/1ffa9372-8d87-11e8-9daf-6045cb817f5b..JPG,0,0,0,0,0,0,,-1,4.Rhegmatogenous RD,/kaggle/temp/troubles/images/jsiec/35bbb2a40256a84f.jpg,-3.1413085,-0.74268395,-3.8972585,-3.8533638,-6.8318815,-4.4153953
jsiec,jsiec-1ffa9373-8d87-11e8-9daf-6045cb817f5b.,/home/carld/.cache/kagglehub/datasets/linchundan/fundusimage1000/versions/4/1000images/4.Rhegmatogenous RD/1ffa9373-8d87-11e8-9daf-6045cb817f5b..JPG,0,0,0,0,0,0,,-1,4.Rhegmatogenous RD,/kaggle/temp/troubles/images/jsiec/8d3f50cc5b027fdc.jpg,-1.1472015,-1.0873897,-6.1379547,-1.9355633,-3.0947971,-5.5642138
jsiec,jsiec-1ffa9374-8d87-11e8-9daf-6045cb817f5b.,/home/carld/.cache/kagglehub/datasets/linchundan/fundusimage1000/versions/4/1000images/4.Rhegmatogenous RD/1ffa9374-8d87-11e8-9daf-6045cb817f5b..JPG,0,0,0,0,0,0,,-1,4.Rhegmatogenous RD,/kaggle/temp/troubles/images/jsiec/1d5727be4f908523.jpg,-0.7237911,-1.0055035,-1.6792754,-0.08406137,-3.8650432,-4.301297
jsiec,jsiec-1ffa9375-8d87-11e8-9daf-6045cb817f5b.,/home/carld/.cache/kagglehub/datasets/linchundan/fundusimage1000/versions/4/1000images/4.Rhegmatogenous RD/1ffa9375-8d87-11e8-9daf-6045cb817f5b..JPG,0,0,0,0,0,0,,-1,4.Rhegmatogenous RD,/kaggle/temp/troubles/images/jsiec/57835f72811cfb19.jpg,-3.382696,-0.32846907,-11.403644,-0.7940128,-8.038916,-2.8820982
jsiec,jsiec-1ffa9376-8d87-11e8-9daf-6045cb817f5b.,/home/carld/.cache/kagglehub/datasets/linchundan/fundusimage1000/versions/4/1000images/4.Rhegmatogenous RD/1ffa9376-8d87-11e8-9daf-6045cb817f5b..JPG,0,0,0,0,0,0,,-1,4.Rhegmatogenous RD,/kaggle/temp/troubles/images/jsiec/cf677cf48dab9de0.jpg,-2.4403305,-0.50388396,-10.369317,-1.0193671,-5.3444967,-6.7212243
jsiec,jsiec-1ffa966c-8d87-11e8-9daf-6045cb817f5b.,/home/carld/.cache/kagglehub/datasets/linchundan/fundusimage1000/versions/4/1000images/5.0.CSCR/1ffa966c-8d87-11e8-9daf-6045cb817f5b..JPG,0,0,0,-1,0,0,,-1,5.0.CSCR,/kaggle/temp/troubles/images/jsiec/29ebdc1aa4e3ffd9.jpg,-2.7110276,-0.4180453,-8.813756,0.620157,-9.1738,-5.502078
jsiec,jsiec-1ffa966d-8d87-11e8-9daf-6045cb817f5b.,/home/carld/.cache/kagglehub/datasets/linchundan/fundusimage1000/versions/4/1000images/5.0.CSCR/1ffa966d-8d87-11e8-9daf-6045cb817f5b..JPG,0,0,0,-1,0,0,,-1,5.0.CSCR,/kaggle/temp/troubles/images/jsiec/285771523f90c565.jpg,-1.9761064,-1.1165069,-7.6158442,-2.813891,-8.471848,-7.337908
jsiec,jsiec-1ffa966e-8d87-11e8-9daf-6045cb817f5b.,/home/carld/.cache/kagglehub/datasets/linchundan/fundusimage1000/versions/4/1000images/5.0.CSCR/1ffa966e-8d87-11e8-9daf-6045cb817f5b..JPG,0,0,0,-1,0,0,,-1,5.0.CSCR,/kaggle/temp/troubles/images/jsiec/aeffb79751fe22ac.jpg,-3.1379042,-0.48703054,-5.551624,-3.0368292,-5.5213842,-6.864816
jsiec,jsiec-1ffa966f-8d87-11e8-9daf-6045cb817f5b.,/home/carld/.cache/kagglehub/datasets/linchundan/fundusimage1000/versions/4/1000images/5.0.CSCR/1ffa966f-8d87-11e8-9daf-6045cb817f5b..JPG,0,0,0,-1,0,0,,-1,5.0.CSCR,/kaggle/temp/troubles/images/jsiec/3eef35c3baca56dc.jpg,-2.2036228,-3.4366736,-11.561742,1.3160304,-6.6824093,-7.494968
jsiec,jsiec-1ffa9670-8d87-11e8-9daf-6045cb817f5b.,/home/carld/.cache/kagglehub/datasets/linchundan/fundusimage1000/versions/4/1000images/5.0.CSCR/1ffa9670-8d87-11e8-9daf-6045cb817f5b..JPG,0,0,0,-1,0,0,,-1,5.0.CSCR,/kaggle/temp/troubles/images/jsiec/a0159f71d94b6a79.jpg,-2.2161841,0.36721084,-6.025899,-4.615316,-6.211266,-8.041917
jsiec,jsiec-1ffa9671-8d87-11e8-9daf-6045cb817f5b.,/home/carld/.cache/kagglehub/datasets/linchundan/fundusimage1000/versions/4/1000images/5.0.CSCR/1ffa9671-8d87-11e8-9daf-6045cb817f5b..JPG,0,0,0,-1,0,0,,-1,5.0.CSCR,/kaggle/temp/troubles/images/jsiec/f4b39452485a6ca3.jpg,-2.6079986,-0.52152115,-8.497418,-1.8689581,-4.462498,-6.7898555
jsiec,jsiec-1ffa9672-8d87-11e8-9daf-6045cb817f5b.,/home/carld/.cache/kagglehub/datasets/linchundan/fundusimage1000/versions/4/1000images/5.0.CSCR/1ffa9672-8d87-11e8-9daf-6045cb817f5b..JPG,0,0,0,-1,0,0,,-1,5.0.CSCR,/kaggle/temp/troubles/images/jsiec/e8a87ddf0621f1b9.jpg,-2.6501718,0.053708814,-9.996387,-2.367305,-6.6035905,-6.094085
jsiec,jsiec-1ffa9673-8d87-11e8-9daf-6045cb817f5b.,/home/carld/.cache/kagglehub/datasets/linchundan/fundusimage1000/versions/4/1000images/5.0.CSCR/1ffa9673-8d87-11e8-9daf-6045cb817f5b..JPG,0,0,0,-1,0,0,,-1,5.0.CSCR,/kaggle/temp/troubles/images/jsiec/1194450e30a8ae16.jpg,-1.8041365,-4.215753,-10.402197,-3.4714458,-8.426773,-10.058896
jsiec,jsiec-1ffa9674-8d87-11e8-9daf-6045cb817f5b.,/home/carld/.cache/kagglehub/datasets/linchundan/fundusimage1000/versions/4/1000images/5.0.CSCR/1ffa9674-8d87-11e8-9daf-6045cb817f5b..JPG,0,0,0,-1,0,0,,-1,5.0.CSCR,/kaggle/temp/troubles/images/jsiec/95b3775f6b4976cd.jpg,-2.0974402,1.569354,-4.391509,-4.531698,-5.5169325,-6.0151477
jsiec,jsiec-1ffa9675-8d87-11e8-9daf-6045cb817f5b.,/home/carld/.cache/kagglehub/datasets/linchundan/fundusimage1000/versions/4/1000images/5.0.CSCR/1ffa9675-8d87-11e8-9daf-6045cb817f5b..JPG,0,0,0,-1,0,0,,-1,5.0.CSCR,/kaggle/temp/troubles/images/jsiec/2385f71a4cd9a9e3.jpg,-2.9601161,-0.84144914,-7.0393987,-2.3387594,-4.372333,-7.782425
jsiec,jsiec-1ffa9676-8d87-11e8-9daf-6045cb817f5b.,/home/carld/.cache/kagglehub/datasets/linchundan/fundusimage1000/versions/4/1000images/5.0.CSCR/1ffa9676-8d87-11e8-9daf-6045cb817f5b..JPG,0,0,0,-1,0,0,,-1,5.0.CSCR,/kaggle/temp/troubles/images/jsiec/8eb4e0f6885c57b1.jpg,-1.2675812,-1.2158148,-8.539326,-3.8219862,-6.224321,-5.677906
jsiec,jsiec-1ffa9677-8d87-11e8-9daf-6045cb817f5b.,/home/carld/.cache/kagglehub/datasets/linchundan/fundusimage1000/versions/4/1000images/5.0.CSCR/1ffa9677-8d87-11e8-9daf-6045cb817f5b..JPG,0,0,0,-1,0,0,,-1,5.0.CSCR,/kaggle/temp/troubles/images/jsiec/bbdc64597c3f8f2f.jpg,-0.57231134,-2.545844,-7.3917136,-1.6605616,-6.7365193,-7.895553
jsiec,jsiec-1ffa9678-8d87-11e8-9daf-6045cb817f5b.,/home/carld/.cache/kagglehub/datasets/linchundan/fundusimage1000/versions/4/1000images/5.0.CSCR/1ffa9678-8d87-11e8-9daf-6045cb817f5b..JPG,0,0,0,-1,0,0,,-1,5.0.CSCR,/kaggle/temp/troubles/images/jsiec/b3786bb2ad0cf609.jpg,-1.066819,-1.6021549,-8.317638,-1.0832329,-6.582215,-7.179281
jsiec,jsiec-1ffa9679-8d87-11e8-9daf-6045cb817f5b.,/home/carld/.cache/kagglehub/datasets/linchundan/fundusimage1000/versions/4/1000images/5.0.CSCR/1ffa9679-8d87-11e8-9daf-6045cb817f5b..JPG,0,0,0,-1,0,0,,-1,5.0.CSCR,/kaggle/temp/troubles/images/jsiec/78ce21bf52f93944.jpg,-2.1269937,0.80986494,-13.997684,-3.7418897,-7.989945,-7.992405
jsiec,jsiec-1ffa93a2-8d87-11e8-9daf-6045cb817f5b.,/home/carld/.cache/kagglehub/datasets/linchundan/fundusimage1000/versions/4/1000images/5.1.VKH disease/1ffa93a2-8d87-11e8-9daf-6045cb817f5b..JPG,0,0,0,0,0,0,,-1,5.1.VKH disease,/kaggle/temp/troubles/images/jsiec/e317d0439d1c6979.jpg,-0.6669243,-0.7209038,-10.198409,-4.4905443,-5.1077957,-6.8094053
jsiec,jsiec-1ffa93a3-8d87-11e8-9daf-6045cb817f5b.,/home/carld/.cache/kagglehub/datasets/linchundan/fundusimage1000/versions/4/1000images/5.1.VKH disease/1ffa93a3-8d87-11e8-9daf-6045cb817f5b..JPG,0,0,0,0,0,0,,-1,5.1.VKH disease,/kaggle/temp/troubles/images/jsiec/5dcc45e7fb707372.jpg,-3.5075817,-0.65595186,-10.281616,-0.925465,-8.236241,-5.31191
jsiec,jsiec-1ffa93a4-8d87-11e8-9daf-6045cb817f5b.,/home/carld/.cache/kagglehub/datasets/linchundan/fundusimage1000/versions/4/1000images/5.1.VKH disease/1ffa93a4-8d87-11e8-9daf-6045cb817f5b..JPG,0,0,0,0,0,0,,-1,5.1.VKH disease,/kaggle/temp/troubles/images/jsiec/53aab02b3bd283eb.jpg,-2.3271074,-1.5780344,-9.767764,-4.5796313,-5.5724096,-6.9435387
jsiec,jsiec-1ffa93a5-8d87-11e8-9daf-6045cb817f5b.,/home/carld/.cache/kagglehub/datasets/linchundan/fundusimage1000/versions/4/1000images/5.1.VKH disease/1ffa93a5-8d87-11e8-9daf-6045cb817f5b..JPG,0,0,0,0,0,0,,-1,5.1.VKH disease,/kaggle/temp/troubles/images/jsiec/fca462bf049e4df5.jpg,-2.4174,-0.6351954,-7.0765314,-2.859776,-7.094789,-4.966906
jsiec,jsiec-1ffa93a6-8d87-11e8-9daf-6045cb817f5b.,/home/carld/.cache/kagglehub/datasets/linchundan/fundusimage1000/versions/4/1000images/5.1.VKH disease/1ffa93a6-8d87-11e8-9daf-6045cb817f5b..JPG,0,0,0,0,0,0,,-1,5.1.VKH disease,/kaggle/temp/troubles/images/jsiec/956f33b213e90393.jpg,-1.6199987,-2.0287719,-8.620598,-1.059397,-7.6613545,-3.9032567
jsiec,jsiec-1ffa93a7-8d87-11e8-9daf-6045cb817f5b.,/home/carld/.cache/kagglehub/datasets/linchundan/fundusimage1000/versions/4/1000images/5.1.VKH disease/1ffa93a7-8d87-11e8-9daf-6045cb817f5b..JPG,0,0,0,0,0,0,,-1,5.1.VKH disease,/kaggle/temp/troubles/images/jsiec/1593301e930caa66.jpg,-1.6421576,-2.6421697,-10.242123,-1.3507757,-3.1971316,-6.8648977
jsiec,jsiec-1ffa93a8-8d87-11e8-9daf-6045cb817f5b.,/home/carld/.cache/kagglehub/datasets/linchundan/fundusimage1000/versions/4/1000images/5.1.VKH disease/1ffa93a8-8d87-11e8-9daf-6045cb817f5b..JPG,0,0,0,0,0,0,,-1,5.1.VKH disease,/kaggle/temp/troubles/images/jsiec/01882eee0566f18f.jpg,-1.055759,-2.1754055,-9.106848,-1.2669863,-4.8548894,-3.7409854
jsiec,jsiec-1ffa93a9-8d87-11e8-9daf-6045cb817f5b.,/home/carld/.cache/kagglehub/datasets/linchundan/fundusimage1000/versions/4/1000images/5.1.VKH disease/1ffa93a9-8d87-11e8-9daf-6045cb817f5b..JPG,0,0,0,0,0,0,,-1,5.1.VKH disease,/kaggle/temp/troubles/images/jsiec/31b4d749184bdf8b.jpg,-1.5299172,-0.84665877,-11.816054,-3.1622665,-11.125248,-8.484533
jsiec,jsiec-1ffa93aa-8d87-11e8-9daf-6045cb817f5b.,/home/carld/.cache/kagglehub/datasets/linchundan/fundusimage1000/versions/4/1000images/5.1.VKH disease/1ffa93aa-8d87-11e8-9daf-6045cb817f5b..JPG,0,0,0,0,0,0,,-1,5.1.VKH disease,/kaggle/temp/troubles/images/jsiec/4c413da22c1e1f38.jpg,-0.5617865,-3.5970528,-11.440357,-4.4286227,-4.8426375,-8.412383
jsiec,jsiec-1ffa93ab-8d87-11e8-9daf-6045cb817f5b.,/home/carld/.cache/kagglehub/datasets/linchundan/fundusimage1000/versions/4/1000images/5.1.VKH disease/1ffa93ab-8d87-11e8-9daf-6045cb817f5b..JPG,0,0,0,0,0,0,,-1,5.1.VKH disease,/kaggle/temp/troubles/images/jsiec/3582ede14d3e5965.jpg,-0.9536589,-1.4638665,-10.70729,-4.589689,-4.9955688,-5.2433114
jsiec,jsiec-1ffa93ac-8d87-11e8-9daf-6045cb817f5b.,/home/carld/.cache/kagglehub/datasets/linchundan/fundusimage1000/versions/4/1000images/5.1.VKH disease/1ffa93ac-8d87-11e8-9daf-6045cb817f5b..JPG,0,0,0,0,0,0,,-1,5.1.VKH disease,/kaggle/temp/troubles/images/jsiec/9fb98e5cbae8412c.jpg,-2.5826273,-2.4063597,-10.844576,-2.764778,-4.595288,-3.9753892
jsiec,jsiec-1ffa93ad-8d87-11e8-9daf-6045cb817f5b.,/home/carld/.cache/kagglehub/datasets/linchundan/fundusimage1000/versions/4/1000images/5.1.VKH disease/1ffa93ad-8d87-11e8-9daf-6045cb817f5b..JPG,0,0,0,0,0,0,,-1,5.1.VKH disease,/kaggle/temp/troubles/images/jsiec/9cd90a0f474aa5fe.jpg,-0.18415058,-4.170258,-8.65483,-3.9625626,-4.8425093,-9.7137375
jsiec,jsiec-1ffa93ae-8d87-11e8-9daf-6045cb817f5b.,/home/carld/.cache/kagglehub/datasets/linchundan/fundusimage1000/versions/4/1000images/5.1.VKH disease/1ffa93ae-8d87-11e8-9daf-6045cb817f5b..JPG,0,0,0,0,0,0,,-1,5.1.VKH disease,/kaggle/temp/troubles/images/jsiec/8ea26ce08e63b750.jpg,-0.58444685,-2.4961908,-12.049342,-4.5591626,-4.0300784,-6.228371
jsiec,jsiec-1ffa93af-8d87-11e8-9daf-6045cb817f5b.,/home/carld/.cache/kagglehub/datasets/linchundan/fundusimage1000/versions/4/1000images/5.1.VKH disease/1ffa93af-8d87-11e8-9daf-6045cb817f5b..JPG,0,0,0,0,0,0,,-1,5.1.VKH disease,/kaggle/temp/troubles/images/jsiec/696533fd47c4eb19.jpg,-0.2193015,-3.1312153,-10.16804,-2.9447594,-4.360917,-6.8842373
jsiec,jsiec-1ffa9510-8d87-11e8-9daf-6045cb817f5b.,/home/carld/.cache/kagglehub/datasets/linchundan/fundusimage1000/versions/4/1000images/6.Maculopathy/1ffa9510-8d87-11e8-9daf-6045cb817f5b..JPG,0,0,0,1,0,0,,-1,6.Maculopathy,/kaggle/temp/troubles/images/jsiec/a6795a4d8107723b.jpg,0.0687705,-1.4104631,-4.725881,0.8328949,-6.026809,-8.230679
jsiec,jsiec-1ffa9511-8d87-11e8-9daf-6045cb817f5b.,/home/carld/.cache/kagglehub/datasets/linchundan/fundusimage1000/versions/4/1000images/6.Maculopathy/1ffa9511-8d87-11e8-9daf-6045cb817f5b..JPG,0,0,0,1,0,0,,-1,6.Maculopathy,/kaggle/temp/troubles/images/jsiec/2fcd52612da74f6b.jpg,-2.7969456,1.5731363,-7.928632,2.1568615,-4.895438,-5.987064
jsiec,jsiec-1ffa9512-8d87-11e8-9daf-6045cb817f5b.,/home/carld/.cache/kagglehub/datasets/linchundan/fundusimage1000/versions/4/1000images/6.Maculopathy/1ffa9512-8d87-11e8-9daf-6045cb817f5b..JPG,0,0,0,1,0,0,,-1,6.Maculopathy,/kaggle/temp/troubles/images/jsiec/f855fd1f88bfa024.jpg,-1.5282593,0.29901034,-10.217125,-0.4562364,-5.467734,-6.502862
jsiec,jsiec-1ffa9513-8d87-11e8-9daf-6045cb817f5b.,/home/carld/.cache/kagglehub/datasets/linchundan/fundusimage1000/versions/4/1000images/6.Maculopathy/1ffa9513-8d87-11e8-9daf-6045cb817f5b..JPG,0,0,0,1,0,0,,-1,6.Maculopathy,/kaggle/temp/troubles/images/jsiec/5bab0122e48f9e4b.jpg,2.6389093,-3.151193,-12.0111065,-0.37919217,-5.674506,-11.068676
jsiec,jsiec-1ffa9514-8d87-11e8-9daf-6045cb817f5b.,/home/carld/.cache/kagglehub/datasets/linchundan/fundusimage1000/versions/4/1000images/6.Maculopathy/1ffa9514-8d87-11e8-9daf-6045cb817f5b..JPG,0,0,0,1,0,0,,-1,6.Maculopathy,/kaggle/temp/troubles/images/jsiec/d9498ab15a19f87c.jpg,-1.4950383,0.16135082,-9.858739,3.1477203,-5.6816125,-0.67949086
jsiec,jsiec-1ffa9515-8d87-11e8-9daf-6045cb817f5b.,/home/carld/.cache/kagglehub/datasets/linchundan/fundusimage1000/versions/4/1000images/6.Maculopathy/1ffa9515-8d87-11e8-9daf-6045cb817f5b..JPG,0,0,0,1,0,0,,-1,6.Maculopathy,/kaggle/temp/troubles/images/jsiec/efd5ce698af25f02.jpg,3.0760193,-1.2849747,-9.762707,0.36246523,-8.390111,-8.550314
jsiec,jsiec-1ffa9516-8d87-11e8-9daf-6045cb817f5b.,/home/carld/.cache/kagglehub/datasets/linchundan/fundusimage1000/versions/4/1000images/6.Maculopathy/1ffa9516-8d87-11e8-9daf-6045cb817f5b..JPG,0,0,0,1,0,0,,-1,6.Maculopathy,/kaggle/temp/troubles/images/jsiec/f9e61e7025e88872.jpg,-2.5394356,-3.4043136,-7.9037175,5.32984,-6.0398984,-5.5978146
jsiec,jsiec-1ffa9517-8d87-11e8-9daf-6045cb817f5b.,/home/carld/.cache/kagglehub/datasets/linchundan/fundusimage1000/versions/4/1000images/6.Maculopathy/1ffa9517-8d87-11e8-9daf-6045cb817f5b..JPG,0,0,0,1,0,0,,-1,6.Maculopathy,/kaggle/temp/troubles/images/jsiec/2960db087f0c8f3f.jpg,-1.2136519,-0.6982966,-8.358415,3.2395127,-8.123811,-2.1718261
jsiec,jsiec-1ffa9518-8d87-11e8-9daf-6045cb817f5b.,/home/carld/.cache/kagglehub/datasets/linchundan/fundusimage1000/versions/4/1000images/6.Maculopathy/1ffa9518-8d87-11e8-9daf-6045cb817f5b..JPG,0,0,0,1,0,0,,-1,6.Maculopathy,/kaggle/temp/troubles/images/jsiec/86c5c9e1a14245a3.jpg,-1.4380505,-0.36712515,-7.5267587,-3.327309,-8.9289255,-7.5699186
jsiec,jsiec-1ffa9519-8d87-11e8-9daf-6045cb817f5b.,/home/carld/.cache/kagglehub/datasets/linchundan/fundusimage1000/versions/4/1000images/6.Maculopathy/1ffa9519-8d87-11e8-9daf-6045cb817f5b..JPG,0,0,0,1,0,0,,-1,6.Maculopathy,/kaggle/temp/troubles/images/jsiec/fd4b1b5f49b500ed.jpg,-1.0530126,-1.3231039,-9.33485,3.882646,-7.008092,-1.1518543
jsiec,jsiec-1ffa951a-8d87-11e8-9daf-6045cb817f5b.,/home/carld/.cache/kagglehub/datasets/linchundan/fundusimage1000/versions/4/1000images/6.Maculopathy/1ffa951a-8d87-11e8-9daf-6045cb817f5b..JPG,0,0,0,1,0,0,,-1,6.Maculopathy,/kaggle/temp/troubles/images/jsiec/de06f11dfb06fb40.jpg,-1.9708445,-4.5320444,-12.9521265,6.524836,-5.349627,-4.6570764
jsiec,jsiec-1ffa951b-8d87-11e8-9daf-6045cb817f5b.,/home/carld/.cache/kagglehub/datasets/linchundan/fundusimage1000/versions/4/1000images/6.Maculopathy/1ffa951b-8d87-11e8-9daf-6045cb817f5b..JPG,0,0,0,1,0,0,,-1,6.Maculopathy,/kaggle/temp/troubles/images/jsiec/3e65c2f7f3968de5.jpg,-2.5658133,-3.0768993,-7.885052,5.3428144,-4.001035,-1.4020683
jsiec,jsiec-1ffa951c-8d87-11e8-9daf-6045cb817f5b.,/home/carld/.cache/kagglehub/datasets/linchundan/fundusimage1000/versions/4/1000images/6.Maculopathy/1ffa951c-8d87-11e8-9daf-6045cb817f5b..JPG,0,0,0,1,0,0,,-1,6.Maculopathy,/kaggle/temp/troubles/images/jsiec/681fa4435fce59a6.jpg,-2.2217894,-2.0094533,-7.361458,2.0225236,-6.8772416,-9.047569
jsiec,jsiec-1ffa951d-8d87-11e8-9daf-6045cb817f5b.,/home/carld/.cache/kagglehub/datasets/linchundan/fundusimage1000/versions/4/1000images/6.Maculopathy/1ffa951d-8d87-11e8-9daf-6045cb817f5b..JPG,0,0,0,1,0,0,,-1,6.Maculopathy,/kaggle/temp/troubles/images/jsiec/e896cd14498c051f.jpg,-4.573709,-2.5319097,-9.748272,5.31105,-7.5945754,-0.8491021
jsiec,jsiec-1ffa951e-8d87-11e8-9daf-6045cb817f5b.,/home/carld/.cache/kagglehub/datasets/linchundan/fundusimage1000/versions/4/1000images/6.Maculopathy/1ffa951e-8d87-11e8-9daf-6045cb817f5b..JPG,0,0,0,1,0,0,,-1,6.Maculopathy,/kaggle/temp/troubles/images/jsiec/6cf2db68b140676e.jpg,-1.9496493,-0.7012413,-8.970103,3.2121012,-7.436419,-3.0256262
jsiec,jsiec-1ffa951f-8d87-11e8-9daf-6045cb817f5b.,/home/carld/.cache/kagglehub/datasets/linchundan/fundusimage1000/versions/4/1000images/6.Maculopathy/1ffa951f-8d87-11e8-9daf-6045cb817f5b..JPG,0,0,0,1,0,0,,-1,6.Maculopathy,/kaggle/temp/troubles/images/jsiec/5de999a958144458.jpg,-3.2938507,0.5325251,-7.3627095,1.2546978,-6.956856,-5.7429852
jsiec,jsiec-1ffa9520-8d87-11e8-9daf-6045cb817f5b.,/home/carld/.cache/kagglehub/datasets/linchundan/fundusimage1000/versions/4/1000images/6.Maculopathy/1ffa9520-8d87-11e8-9daf-6045cb817f5b..JPG,0,0,0,1,0,0,,-1,6.Maculopathy,/kaggle/temp/troubles/images/jsiec/b6d38447a942c760.jpg,-5.684855,-2.1343513,-9.266108,7.710647,-6.8420525,-1.8884802
jsiec,jsiec-1ffa9521-8d87-11e8-9daf-6045cb817f5b.,/home/carld/.cache/kagglehub/datasets/linchundan/fundusimage1000/versions/4/1000images/6.Maculopathy/1ffa9521-8d87-11e8-9daf-6045cb817f5b..JPG,0,0,0,1,0,0,,-1,6.Maculopathy,/kaggle/temp/troubles/images/jsiec/46643f20fa6db0ea.jpg,-2.9733503,-2.4548624,-9.628273,5.6168156,-6.0613494,-1.7944497
jsiec,jsiec-1ffa9522-8d87-11e8-9daf-6045cb817f5b.,/home/carld/.cache/kagglehub/datasets/linchundan/fundusimage1000/versions/4/1000images/6.Maculopathy/1ffa9522-8d87-11e8-9daf-6045cb817f5b..JPG,0,0,0,1,0,0,,-1,6.Maculopathy,/kaggle/temp/troubles/images/jsiec/62606c956abc51a8.jpg,-5.2789383,-2.5234787,-10.821089,5.328309,-10.473484,-0.15270546
jsiec,jsiec-1ffa9523-8d87-11e8-9daf-6045cb817f5b.,/home/carld/.cache/kagglehub/datasets/linchundan/fundusimage1000/versions/4/1000images/6.Maculopathy/1ffa9523-8d87-11e8-9daf-6045cb817f5b..JPG,0,0,0,1,0,0,,-1,6.Maculopathy,/kaggle/temp/troubles/images/jsiec/cd55b698690c5a19.jpg,-2.9723094,-1.1974218,-7.217993,4.3564863,-6.6371098,-4.228091
jsiec,jsiec-1ffa9524-8d87-11e8-9daf-6045cb817f5b.,/home/carld/.cache/kagglehub/datasets/linchundan/fundusimage1000/versions/4/1000images/6.Maculopathy/1ffa9524-8d87-11e8-9daf-6045cb817f5b..JPG,0,0,0,1,0,0,,-1,6.Maculopathy,/kaggle/temp/troubles/images/jsiec/9cb02542793c2009.jpg,-2.7638555,0.45102236,-5.650234,1.5079173,-5.812481,-5.6418796
jsiec,jsiec-1ffa9525-8d87-11e8-9daf-6045cb817f5b.,/home/carld/.cache/kagglehub/datasets/linchundan/fundusimage1000/versions/4/1000images/6.Maculopathy/1ffa9525-8d87-11e8-9daf-6045cb817f5b..JPG,0,0,0,1,0,0,,-1,6.Maculopathy,/kaggle/temp/troubles/images/jsiec/1224c298342724c4.jpg,-2.1826808,-0.22478965,-4.4284415,2.9365268,-7.8025413,1.0018297
jsiec,jsiec-1ffa9526-8d87-11e8-9daf-6045cb817f5b.,/home/carld/.cache/kagglehub/datasets/linchundan/fundusimage1000/versions/4/1000images/6.Maculopathy/1ffa9526-8d87-11e8-9daf-6045cb817f5b..JPG,0,0,0,1,0,0,,-1,6.Maculopathy,/kaggle/temp/troubles/images/jsiec/632e8a1586715d80.jpg,0.75750506,-0.84904534,-11.2292385,0.9140085,-3.185417,-6.7642837
jsiec,jsiec-1ffa9527-8d87-11e8-9daf-6045cb817f5b.,/home/carld/.cache/kagglehub/datasets/linchundan/fundusimage1000/versions/4/1000images/6.Maculopathy/1ffa9527-8d87-11e8-9daf-6045cb817f5b..JPG,0,0,0,1,0,0,,-1,6.Maculopathy,/kaggle/temp/troubles/images/jsiec/d57f0e8c157e8cbd.jpg,-1.9259522,0.4625067,-5.3312097,2.1679838,-7.223308,-2.9663756
jsiec,jsiec-1ffa9528-8d87-11e8-9daf-6045cb817f5b.,/home/carld/.cache/kagglehub/datasets/linchundan/fundusimage1000/versions/4/1000images/6.Maculopathy/1ffa9528-8d87-11e8-9daf-6045cb817f5b..JPG,0,0,0,1,0,0,,-1,6.Maculopathy,/kaggle/temp/troubles/images/jsiec/f36820d6f8643ddd.jpg,-2.394028,-1.3439789,-9.369011,3.2967086,-7.1650424,-6.4019117
jsiec,jsiec-1ffa9529-8d87-11e8-9daf-6045cb817f5b.,/home/carld/.cache/kagglehub/datasets/linchundan/fundusimage1000/versions/4/1000images/6.Maculopathy/1ffa9529-8d87-11e8-9daf-6045cb817f5b..JPG,0,0,0,1,0,0,,-1,6.Maculopathy,/kaggle/temp/troubles/images/jsiec/00b12e2ce26b0cf8.jpg,-1.4864988,-1.6235094,-9.284293,4.656623,-7.6308365,-1.7514329
jsiec,jsiec-1ffa952a-8d87-11e8-9daf-6045cb817f5b.,/home/carld/.cache/kagglehub/datasets/linchundan/fundusimage1000/versions/4/1000images/6.Maculopathy/1ffa952a-8d87-11e8-9daf-6045cb817f5b..JPG,0,0,0,1,0,0,,-1,6.Maculopathy,/kaggle/temp/troubles/images/jsiec/545870f683002576.jpg,-2.2977514,-2.5950136,-12.374189,6.1313205,-5.5608425,-7.339261
jsiec,jsiec-1ffa952b-8d87-11e8-9daf-6045cb817f5b.,/home/carld/.cache/kagglehub/datasets/linchundan/fundusimage1000/versions/4/1000images/6.Maculopathy/1ffa952b-8d87-11e8-9daf-6045cb817f5b..JPG,0,0,0,1,0,0,,-1,6.Maculopathy,/kaggle/temp/troubles/images/jsiec/de942042832b38ef.jpg,-2.228445,-2.8250968,-8.199369,4.310483,-7.221401,-2.6064286
jsiec,jsiec-1ffa952c-8d87-11e8-9daf-6045cb817f5b.,/home/carld/.cache/kagglehub/datasets/linchundan/fundusimage1000/versions/4/1000images/6.Maculopathy/1ffa952c-8d87-11e8-9daf-6045cb817f5b..JPG,0,0,0,1,0,0,,-1,6.Maculopathy,/kaggle/temp/troubles/images/jsiec/e08c3822ca6aad49.jpg,1.0411825,-3.270927,-9.666178,3.6401675,-8.501175,-3.6742518
jsiec,jsiec-1ffa952d-8d87-11e8-9daf-6045cb817f5b.,/home/carld/.cache/kagglehub/datasets/linchundan/fundusimage1000/versions/4/1000images/6.Maculopathy/1ffa952d-8d87-11e8-9daf-6045cb817f5b..JPG,0,0,0,1,0,0,,-1,6.Maculopathy,/kaggle/temp/troubles/images/jsiec/c2ed8f7111769e43.jpg,-2.4908369,1.3125305,-6.5680637,1.5903352,-5.6471996,-3.8056643
jsiec,jsiec-1ffa952e-8d87-11e8-9daf-6045cb817f5b.,/home/carld/.cache/kagglehub/datasets/linchundan/fundusimage1000/versions/4/1000images/6.Maculopathy/1ffa952e-8d87-11e8-9daf-6045cb817f5b..JPG,0,0,0,1,0,0,,-1,6.Maculopathy,/kaggle/temp/troubles/images/jsiec/9556f3d4ab9157c6.jpg,-1.0870497,-1.3656079,-9.492578,2.1952019,-8.584764,-7.011396
jsiec,jsiec-1ffa952f-8d87-11e8-9daf-6045cb817f5b.,/home/carld/.cache/kagglehub/datasets/linchundan/fundusimage1000/versions/4/1000images/6.Maculopathy/1ffa952f-8d87-11e8-9daf-6045cb817f5b..JPG,0,0,0,1,0,0,,-1,6.Maculopathy,/kaggle/temp/troubles/images/jsiec/986ba0253f935145.jpg,0.5391176,-1.8663281,-11.034759,3.951838,-7.122925,-4.5564575
jsiec,jsiec-1ffa9530-8d87-11e8-9daf-6045cb817f5b.,/home/carld/.cache/kagglehub/datasets/linchundan/fundusimage1000/versions/4/1000images/6.Maculopathy/1ffa9530-8d87-11e8-9daf-6045cb817f5b..JPG,0,0,0,1,0,0,,-1,6.Maculopathy,/kaggle/temp/troubles/images/jsiec/daa69111044870f8.jpg,-2.5582438,2.4406908,-4.016641,-2.6785128,-3.6662285,-6.6858883
jsiec,jsiec-1ffa9531-8d87-11e8-9daf-6045cb817f5b.,/home/carld/.cache/kagglehub/datasets/linchundan/fundusimage1000/versions/4/1000images/6.Maculopathy/1ffa9531-8d87-11e8-9daf-6045cb817f5b..JPG,0,0,0,1,0,0,,-1,6.Maculopathy,/kaggle/temp/troubles/images/jsiec/057ff8a49d7654bf.jpg,-1.8575051,-1.7801888,-8.288376,2.0430145,-2.1992145,-8.400227
jsiec,jsiec-1ffa9532-8d87-11e8-9daf-6045cb817f5b.,/home/carld/.cache/kagglehub/datasets/linchundan/fundusimage1000/versions/4/1000images/6.Maculopathy/1ffa9532-8d87-11e8-9daf-6045cb817f5b..JPG,0,0,0,1,0,0,,-1,6.Maculopathy,/kaggle/temp/troubles/images/jsiec/3dc66425ac72ef4b.jpg,-1.6354475,-2.8098745,-10.428963,3.9389935,-6.2588277,-1.9601294
jsiec,jsiec-1ffa9533-8d87-11e8-9daf-6045cb817f5b.,/home/carld/.cache/kagglehub/datasets/linchundan/fundusimage1000/versions/4/1000images/6.Maculopathy/1ffa9533-8d87-11e8-9daf-6045cb817f5b..JPG,0,0,0,1,0,0,,-1,6.Maculopathy,/kaggle/temp/troubles/images/jsiec/a73e62ece1d488d8.jpg,-1.8519132,-2.1366665,-9.124812,3.413486,-8.4081745,-8.607594
jsiec,jsiec-1ffa9534-8d87-11e8-9daf-6045cb817f5b.,/home/carld/.cache/kagglehub/datasets/linchundan/fundusimage1000/versions/4/1000images/6.Maculopathy/1ffa9534-8d87-11e8-9daf-6045cb817f5b..JPG,0,0,0,1,0,0,,-1,6.Maculopathy,/kaggle/temp/troubles/images/jsiec/1d6a4371d9cfc409.jpg,-2.665006,1.0085883,-7.614165,1.2319148,-4.49488,-6.512711
jsiec,jsiec-1ffa9535-8d87-11e8-9daf-6045cb817f5b.,/home/carld/.cache/kagglehub/datasets/linchundan/fundusimage1000/versions/4/1000images/6.Maculopathy/1ffa9535-8d87-11e8-9daf-6045cb817f5b..JPG,0,0,0,1,0,0,,-1,6.Maculopathy,/kaggle/temp/troubles/images/jsiec/328ffc00508271da.jpg,-2.8332996,-1.0837624,-8.859952,2.6203656,-4.7753196,-5.81453
jsiec,jsiec-1ffa9536-8d87-11e8-9daf-6045cb817f5b.,/home/carld/.cache/kagglehub/datasets/linchundan/fundusimage1000/versions/4/1000images/6.Maculopathy/1ffa9536-8d87-11e8-9daf-6045cb817f5b..JPG,0,0,0,1,0,0,,-1,6.Maculopathy,/kaggle/temp/troubles/images/jsiec/ffd6a53c57d4f5be.jpg,-1.2165139,-1.1851493,-9.525042,-0.10762911,-5.797284,-10.704924
jsiec,jsiec-1ffa9537-8d87-11e8-9daf-6045cb817f5b.,/home/carld/.cache/kagglehub/datasets/linchundan/fundusimage1000/versions/4/1000images/6.Maculopathy/1ffa9537-8d87-11e8-9daf-6045cb817f5b..JPG,0,0,0,1,0,0,,-1,6.Maculopathy,/kaggle/temp/troubles/images/jsiec/7fbd7c8b05190003.jpg,0.06304046,-1.8664333,-7.6258335,0.4425057,-3.6215773,-6.344622
jsiec,jsiec-1ffa9538-8d87-11e8-9daf-6045cb817f5b.,/home/carld/.cache/kagglehub/datasets/linchundan/fundusimage1000/versions/4/1000images/6.Maculopathy/1ffa9538-8d87-11e8-9daf-6045cb817f5b..JPG,0,0,0,1,0,0,,-1,6.Maculopathy,/kaggle/temp/troubles/images/jsiec/accc9950eccba146.jpg,-1.9002321,-1.9010367,-8.711312,4.6670117,-3.5783558,-4.3068233
jsiec,jsiec-1ffa9539-8d87-11e8-9daf-6045cb817f5b.,/home/carld/.cache/kagglehub/datasets/linchundan/fundusimage1000/versions/4/1000images/6.Maculopathy/1ffa9539-8d87-11e8-9daf-6045cb817f5b..JPG,0,0,0,1,0,0,,-1,6.Maculopathy,/kaggle/temp/troubles/images/jsiec/fe4c9785a92f7dc1.jpg,-2.260226,-1.9287364,-6.792998,3.9856691,-5.474453,-1.935675
jsiec,jsiec-1ffa953a-8d87-11e8-9daf-6045cb817f5b.,/home/carld/.cache/kagglehub/datasets/linchundan/fundusimage1000/versions/4/1000images/6.Maculopathy/1ffa953a-8d87-11e8-9daf-6045cb817f5b..JPG,0,0,0,1,0,0,,-1,6.Maculopathy,/kaggle/temp/troubles/images/jsiec/75e510a281c81c82.jpg,-2.1087594,-2.2928426,-12.975813,5.003687,-5.356648,-5.8660836
jsiec,jsiec-1ffa953b-8d87-11e8-9daf-6045cb817f5b.,/home/carld/.cache/kagglehub/datasets/linchundan/fundusimage1000/versions/4/1000images/6.Maculopathy/1ffa953b-8d87-11e8-9daf-6045cb817f5b..JPG,0,0,0,1,0,0,,-1,6.Maculopathy,/kaggle/temp/troubles/images/jsiec/b5c442ed63738d74.jpg,-3.0458827,0.9029373,-7.046784,3.1564903,-4.2669797,-5.469158
jsiec,jsiec-1ffa953c-8d87-11e8-9daf-6045cb817f5b.,/home/carld/.cache/kagglehub/datasets/linchundan/fundusimage1000/versions/4/1000images/6.Maculopathy/1ffa953c-8d87-11e8-9daf-6045cb817f5b..JPG,0,0,0,1,0,0,,-1,6.Maculopathy,/kaggle/temp/troubles/images/jsiec/7e29fb706538c524.jpg,-4.0004764,-1.6742448,-8.166793,3.8156781,-5.799224,-6.121683
jsiec,jsiec-1ffa953d-8d87-11e8-9daf-6045cb817f5b.,/home/carld/.cache/kagglehub/datasets/linchundan/fundusimage1000/versions/4/1000images/6.Maculopathy/1ffa953d-8d87-11e8-9daf-6045cb817f5b..JPG,0,0,0,1,0,0,,-1,6.Maculopathy,/kaggle/temp/troubles/images/jsiec/a7a109cd1b8ff74a.jpg,-1.2838414,-1.6013814,-8.018868,6.1267924,-5.349474,-3.6417196
jsiec,jsiec-1ffa953e-8d87-11e8-9daf-6045cb817f5b.,/home/carld/.cache/kagglehub/datasets/linchundan/fundusimage1000/versions/4/1000images/6.Maculopathy/1ffa953e-8d87-11e8-9daf-6045cb817f5b..JPG,0,0,0,1,0,0,,-1,6.Maculopathy,/kaggle/temp/troubles/images/jsiec/eacb435e24a20a42.jpg,-2.518958,0.018438688,-5.923482,2.2222943,-5.920933,0.336999
jsiec,jsiec-1ffa953f-8d87-11e8-9daf-6045cb817f5b.,/home/carld/.cache/kagglehub/datasets/linchundan/fundusimage1000/versions/4/1000images/6.Maculopathy/1ffa953f-8d87-11e8-9daf-6045cb817f5b..JPG,0,0,0,1,0,0,,-1,6.Maculopathy,/kaggle/temp/troubles/images/jsiec/f22f42b42381a17b.jpg,0.1333883,-2.554718,-11.886161,5.4564743,-7.7283173,-4.5970483
jsiec,jsiec-1ffa9540-8d87-11e8-9daf-6045cb817f5b.,/home/carld/.cache/kagglehub/datasets/linchundan/fundusimage1000/versions/4/1000images/6.Maculopathy/1ffa9540-8d87-11e8-9daf-6045cb817f5b..JPG,0,0,0,1,0,0,,-1,6.Maculopathy,/kaggle/temp/troubles/images/jsiec/635909305aa0e73d.jpg,-2.5283184,1.0232928,-9.064284,1.9816493,-7.0127587,0.55204713
jsiec,jsiec-1ffa9541-8d87-11e8-9daf-6045cb817f5b.,/home/carld/.cache/kagglehub/datasets/linchundan/fundusimage1000/versions/4/1000images/6.Maculopathy/1ffa9541-8d87-11e8-9daf-6045cb817f5b..JPG,0,0,0,1,0,0,,-1,6.Maculopathy,/kaggle/temp/troubles/images/jsiec/003d313da15a43d1.jpg,-3.7716968,-4.305178,-9.704758,9.092669,-10.746267,-1.2458729
jsiec,jsiec-1ffa9542-8d87-11e8-9daf-6045cb817f5b.,/home/carld/.cache/kagglehub/datasets/linchundan/fundusimage1000/versions/4/1000images/6.Maculopathy/1ffa9542-8d87-11e8-9daf-6045cb817f5b..JPG,0,0,0,1,0,0,,-1,6.Maculopathy,/kaggle/temp/troubles/images/jsiec/06c33d1232d65274.jpg,-3.4573886,0.861278,-8.079304,2.396797,-5.7344694,0.75167644
jsiec,jsiec-1ffa9543-8d87-11e8-9daf-6045cb817f5b.,/home/carld/.cache/kagglehub/datasets/linchundan/fundusimage1000/versions/4/1000images/6.Maculopathy/1ffa9543-8d87-11e8-9daf-6045cb817f5b..JPG,0,0,0,1,0,0,,-1,6.Maculopathy,/kaggle/temp/troubles/images/jsiec/f4e58ab2519f4eba.jpg,-0.3587676,-2.870825,-10.685842,-0.41474828,-7.4293914,-5.3841066
jsiec,jsiec-1ffa9544-8d87-11e8-9daf-6045cb817f5b.,/home/carld/.cache/kagglehub/datasets/linchundan/fundusimage1000/versions/4/1000images/6.Maculopathy/1ffa9544-8d87-11e8-9daf-6045cb817f5b..JPG,0,0,0,1,0,0,,-1,6.Maculopathy,/kaggle/temp/troubles/images/jsiec/a08dafe916442b76.jpg,-2.2332015,0.651249,-4.8432426,0.56844914,-4.271343,-4.842549
jsiec,jsiec-1ffa9545-8d87-11e8-9daf-6045cb817f5b.,/home/carld/.cache/kagglehub/datasets/linchundan/fundusimage1000/versions/4/1000images/6.Maculopathy/1ffa9545-8d87-11e8-9daf-6045cb817f5b..JPG,0,0,0,1,0,0,,-1,6.Maculopathy,/kaggle/temp/troubles/images/jsiec/588342077e9a4215.jpg,-3.1749756,-2.0494318,-8.775082,5.590896,-5.0407467,-4.934094
jsiec,jsiec-1ffa9546-8d87-11e8-9daf-6045cb817f5b.,/home/carld/.cache/kagglehub/datasets/linchundan/fundusimage1000/versions/4/1000images/6.Maculopathy/1ffa9546-8d87-11e8-9daf-6045cb817f5b..JPG,0,0,0,1,0,0,,-1,6.Maculopathy,/kaggle/temp/troubles/images/jsiec/cb1e925764098d22.jpg,-2.4322348,-1.3718934,-10.467623,3.7056987,-7.6856947,-4.896062
jsiec,jsiec-1ffa9547-8d87-11e8-9daf-6045cb817f5b.,/home/carld/.cache/kagglehub/datasets/linchundan/fundusimage1000/versions/4/1000images/6.Maculopathy/1ffa9547-8d87-11e8-9daf-6045cb817f5b..JPG,0,0,0,1,0,0,,-1,6.Maculopathy,/kaggle/temp/troubles/images/jsiec/70805c06b8f38cc7.jpg,-4.8602533,-2.1256275,-8.472585,4.868512,-8.107657,-1.7224542
jsiec,jsiec-1ffa9548-8d87-11e8-9daf-6045cb817f5b.,/home/carld/.cache/kagglehub/datasets/linchundan/fundusimage1000/versions/4/1000images/6.Maculopathy/1ffa9548-8d87-11e8-9daf-6045cb817f5b..JPG,0,0,0,1,0,0,,-1,6.Maculopathy,/kaggle/temp/troubles/images/jsiec/a85565db88bd21a0.jpg,-4.8126616,-4.4302225,-8.4698105,7.8253436,-5.1279945,-2.6384027
jsiec,jsiec-1ffa9549-8d87-11e8-9daf-6045cb817f5b.,/home/carld/.cache/kagglehub/datasets/linchundan/fundusimage1000/versions/4/1000images/6.Maculopathy/1ffa9549-8d87-11e8-9daf-6045cb817f5b..JPG,0,0,0,1,0,0,,-1,6.Maculopathy,/kaggle/temp/troubles/images/jsiec/766ed310d67c3624.jpg,-2.7729936,-2.313294,-8.08037,6.1361685,-5.9590683,-4.3183045
jsiec,jsiec-1ffa954a-8d87-11e8-9daf-6045cb817f5b.,/home/carld/.cache/kagglehub/datasets/linchundan/fundusimage1000/versions/4/1000images/6.Maculopathy/1ffa954a-8d87-11e8-9daf-6045cb817f5b..JPG,0,0,0,1,0,0,,-1,6.Maculopathy,/kaggle/temp/troubles/images/jsiec/0b29f5c6b38324e5.jpg,3.7812083,-3.37677,-10.260923,-1.9651575,-7.371537,-5.719436
jsiec,jsiec-1ffa954b-8d87-11e8-9daf-6045cb817f5b.,/home/carld/.cache/kagglehub/datasets/linchundan/fundusimage1000/versions/4/1000images/6.Maculopathy/1ffa954b-8d87-11e8-9daf-6045cb817f5b..JPG,0,0,0,1,0,0,,-1,6.Maculopathy,/kaggle/temp/troubles/images/jsiec/6a3f7b3a18d2ea08.jpg,0.7221847,-1.0050702,-8.409453,3.0431461,-6.3853264,-4.026086
jsiec,jsiec-1ffa954c-8d87-11e8-9daf-6045cb817f5b.,/home/carld/.cache/kagglehub/datasets/linchundan/fundusimage1000/versions/4/1000images/6.Maculopathy/1ffa954c-8d87-11e8-9daf-6045cb817f5b..JPG,0,0,0,1,0,0,,-1,6.Maculopathy,/kaggle/temp/troubles/images/jsiec/d60b8d34b2b8ba47.jpg,0.39159423,-2.7939205,-9.5527935,4.4943185,-7.332171,-6.7316175
jsiec,jsiec-1ffa954d-8d87-11e8-9daf-6045cb817f5b.,/home/carld/.cache/kagglehub/datasets/linchundan/fundusimage1000/versions/4/1000images/6.Maculopathy/1ffa954d-8d87-11e8-9daf-6045cb817f5b..JPG,0,0,0,1,0,0,,-1,6.Maculopathy,/kaggle/temp/troubles/images/jsiec/96cc1d6cc90e6924.jpg,-0.7564402,-1.5914884,-8.9452095,5.503239,-6.9628434,-1.0138925
jsiec,jsiec-1ffa954e-8d87-11e8-9daf-6045cb817f5b.,/home/carld/.cache/kagglehub/datasets/linchundan/fundusimage1000/versions/4/1000images/6.Maculopathy/1ffa954e-8d87-11e8-9daf-6045cb817f5b..JPG,0,0,0,1,0,0,,-1,6.Maculopathy,/kaggle/temp/troubles/images/jsiec/0101419155dc1427.jpg,-4.698681,-1.7346776,-3.318929,4.811054,-7.701438,-0.3222435
jsiec,jsiec-1ffa954f-8d87-11e8-9daf-6045cb817f5b.,/home/carld/.cache/kagglehub/datasets/linchundan/fundusimage1000/versions/4/1000images/6.Maculopathy/1ffa954f-8d87-11e8-9daf-6045cb817f5b..JPG,0,0,0,1,0,0,,-1,6.Maculopathy,/kaggle/temp/troubles/images/jsiec/54d122bc53bc29fa.jpg,-0.4770472,-2.2029943,-6.7151904,1.3774414,-4.9586716,-7.2443066
jsiec,jsiec-1ffa9550-8d87-11e8-9daf-6045cb817f5b.,/home/carld/.cache/kagglehub/datasets/linchundan/fundusimage1000/versions/4/1000images/6.Maculopathy/1ffa9550-8d87-11e8-9daf-6045cb817f5b..JPG,0,0,0,1,0,0,,-1,6.Maculopathy,/kaggle/temp/troubles/images/jsiec/62eb53230d81d500.jpg,-3.6686454,-3.1736908,-8.907997,3.3498623,-6.12898,-2.666142
jsiec,jsiec-1ffa9551-8d87-11e8-9daf-6045cb817f5b.,/home/carld/.cache/kagglehub/datasets/linchundan/fundusimage1000/versions/4/1000images/6.Maculopathy/1ffa9551-8d87-11e8-9daf-6045cb817f5b..JPG,0,0,0,1,0,0,,-1,6.Maculopathy,/kaggle/temp/troubles/images/jsiec/9568dc01b7d2b042.jpg,-4.2860436,-1.32428,-3.2314646,1.4254746,-3.1134272,-5.5048814
jsiec,jsiec-1ffa9552-8d87-11e8-9daf-6045cb817f5b.,/home/carld/.cache/kagglehub/datasets/linchundan/fundusimage1000/versions/4/1000images/6.Maculopathy/1ffa9552-8d87-11e8-9daf-6045cb817f5b..JPG,0,0,0,1,0,0,,-1,6.Maculopathy,/kaggle/temp/troubles/images/jsiec/6c9eba97c200a09d.jpg,-2.8959866,-1.4105078,-6.410652,5.558228,-4.886566,-3.0814898
jsiec,jsiec-1ffa9553-8d87-11e8-9daf-6045cb817f5b.,/home/carld/.cache/kagglehub/datasets/linchundan/fundusimage1000/versions/4/1000images/6.Maculopathy/1ffa9553-8d87-11e8-9daf-6045cb817f5b..JPG,0,0,0,1,0,0,,-1,6.Maculopathy,/kaggle/temp/troubles/images/jsiec/251c9a1f547314a6.jpg,-3.8005803,-2.4846807,-8.879379,5.9378905,-7.1991963,-5.498382
jsiec,jsiec-1ffa9554-8d87-11e8-9daf-6045cb817f5b.,/home/carld/.cache/kagglehub/datasets/linchundan/fundusimage1000/versions/4/1000images/6.Maculopathy/1ffa9554-8d87-11e8-9daf-6045cb817f5b..JPG,0,0,0,1,0,0,,-1,6.Maculopathy,/kaggle/temp/troubles/images/jsiec/1ef451877b46a5fd.jpg,-2.2388885,0.3533127,-6.806998,1.1563631,-6.1991615,-1.3376911
jsiec,jsiec-1ffa9555-8d87-11e8-9daf-6045cb817f5b.,/home/carld/.cache/kagglehub/datasets/linchundan/fundusimage1000/versions/4/1000images/6.Maculopathy/1ffa9555-8d87-11e8-9daf-6045cb817f5b..JPG,0,0,0,1,0,0,,-1,6.Maculopathy,/kaggle/temp/troubles/images/jsiec/390f3f17699509df.jpg,-3.447181,0.44018632,-10.910557,5.739039,-6.004903,-3.3330736
jsiec,jsiec-1ffa9556-8d87-11e8-9daf-6045cb817f5b.,/home/carld/.cache/kagglehub/datasets/linchundan/fundusimage1000/versions/4/1000images/6.Maculopathy/1ffa9556-8d87-11e8-9daf-6045cb817f5b..JPG,0,0,0,1,0,0,,-1,6.Maculopathy,/kaggle/temp/troubles/images/jsiec/0032ca6ba4705786.jpg,-2.240353,-1.9962499,-9.177263,2.1302977,-3.0450191,-3.6511095
jsiec,jsiec-1ffa9557-8d87-11e8-9daf-6045cb817f5b.,/home/carld/.cache/kagglehub/datasets/linchundan/fundusimage1000/versions/4/1000images/6.Maculopathy/1ffa9557-8d87-11e8-9daf-6045cb817f5b..JPG,0,0,0,1,0,0,,-1,6.Maculopathy,/kaggle/temp/troubles/images/jsiec/98fe23daddd60570.jpg,-3.5927022,-1.155544,-6.213199,2.7658775,-6.0135646,1.1708268
jsiec,jsiec-1ffa9558-8d87-11e8-9daf-6045cb817f5b.,/home/carld/.cache/kagglehub/datasets/linchundan/fundusimage1000/versions/4/1000images/6.Maculopathy/1ffa9558-8d87-11e8-9daf-6045cb817f5b..JPG,0,0,0,1,0,0,,-1,6.Maculopathy,/kaggle/temp/troubles/images/jsiec/470a237957c878e8.jpg,-1.1057785,-2.4669356,-10.6589365,1.9086945,-3.1255217,-10.292923
jsiec,jsiec-1ffa9559-8d87-11e8-9daf-6045cb817f5b.,/home/carld/.cache/kagglehub/datasets/linchundan/fundusimage1000/versions/4/1000images/6.Maculopathy/1ffa9559-8d87-11e8-9daf-6045cb817f5b..JPG,0,0,0,1,0,0,,-1,6.Maculopathy,/kaggle/temp/troubles/images/jsiec/06ff9773a08f3f85.jpg,-1.0585783,-0.9508702,-5.781351,3.1282823,-5.097328,-2.504254
jsiec,jsiec-1ffa9317-8d87-11e8-9daf-6045cb817f5b.,/home/carld/.cache/kagglehub/datasets/linchundan/fundusimage1000/versions/4/1000images/7.ERM/1ffa9317-8d87-11e8-9daf-6045cb817f5b..JPG,0,0,0,0,0,0,,-1,7.ERM,/kaggle/temp/troubles/images/jsiec/f2bf74033e18b260.jpg,-2.7863944,-1.7591407,-7.5577626,-1.2755857,-3.6601849,-3.173989
jsiec,jsiec-1ffa9318-8d87-11e8-9daf-6045cb817f5b.,/home/carld/.cache/kagglehub/datasets/linchundan/fundusimage1000/versions/4/1000images/7.ERM/1ffa9318-8d87-11e8-9daf-6045cb817f5b..JPG,0,0,0,0,0,0,,-1,7.ERM,/kaggle/temp/troubles/images/jsiec/52df5e7df46a5986.jpg,-0.8610153,0.7611261,-3.4443135,0.30740276,-2.8846426,-4.6919403
jsiec,jsiec-1ffa9319-8d87-11e8-9daf-6045cb817f5b.,/home/carld/.cache/kagglehub/datasets/linchundan/fundusimage1000/versions/4/1000images/7.ERM/1ffa9319-8d87-11e8-9daf-6045cb817f5b..JPG,0,0,0,0,0,0,,-1,7.ERM,/kaggle/temp/troubles/images/jsiec/375516f76743aeaa.jpg,-1.3558369,-0.88331026,-8.043201,-2.7889457,-3.597235,-5.524431
jsiec,jsiec-1ffa931a-8d87-11e8-9daf-6045cb817f5b.,/home/carld/.cache/kagglehub/datasets/linchundan/fundusimage1000/versions/4/1000images/7.ERM/1ffa931a-8d87-11e8-9daf-6045cb817f5b..JPG,0,0,0,0,0,0,,-1,7.ERM,/kaggle/temp/troubles/images/jsiec/d8d9a47e051570dd.jpg,-0.7200026,-1.3449823,-2.1310189,-3.289299,-4.030095,-5.458941
jsiec,jsiec-1ffa931b-8d87-11e8-9daf-6045cb817f5b.,/home/carld/.cache/kagglehub/datasets/linchundan/fundusimage1000/versions/4/1000images/7.ERM/1ffa931b-8d87-11e8-9daf-6045cb817f5b..JPG,0,0,0,0,0,0,,-1,7.ERM,/kaggle/temp/troubles/images/jsiec/9b8a67806ba65ddb.jpg,-1.6956933,-0.0147752855,-8.263679,-4.54959,-8.084377,-7.353872
jsiec,jsiec-1ffa931c-8d87-11e8-9daf-6045cb817f5b.,/home/carld/.cache/kagglehub/datasets/linchundan/fundusimage1000/versions/4/1000images/7.ERM/1ffa931c-8d87-11e8-9daf-6045cb817f5b..JPG,0,0,0,0,0,0,,-1,7.ERM,/kaggle/temp/troubles/images/jsiec/00748b06d2ef30d5.jpg,0.21688096,-1.5513132,-6.2791834,-1.0350641,-1.23099,-6.8401084
jsiec,jsiec-1ffa931d-8d87-11e8-9daf-6045cb817f5b.,/home/carld/.cache/kagglehub/datasets/linchundan/fundusimage1000/versions/4/1000images/7.ERM/1ffa931d-8d87-11e8-9daf-6045cb817f5b..JPG,0,0,0,0,0,0,,-1,7.ERM,/kaggle/temp/troubles/images/jsiec/f07325d8913d80ac.jpg,-1.0812821,0.2062604,-6.630253,-4.4548244,-5.299405,-7.4585447
jsiec,jsiec-1ffa931e-8d87-11e8-9daf-6045cb817f5b.,/home/carld/.cache/kagglehub/datasets/linchundan/fundusimage1000/versions/4/1000images/7.ERM/1ffa931e-8d87-11e8-9daf-6045cb817f5b..JPG,0,0,0,0,0,0,,-1,7.ERM,/kaggle/temp/troubles/images/jsiec/be305bab8e3664a5.jpg,-1.4233932,0.45944455,-4.2524905,-3.4655735,-5.461291,-3.978662
jsiec,jsiec-1ffa931f-8d87-11e8-9daf-6045cb817f5b.,/home/carld/.cache/kagglehub/datasets/linchundan/fundusimage1000/versions/4/1000images/7.ERM/1ffa931f-8d87-11e8-9daf-6045cb817f5b..JPG,0,0,0,0,0,0,,-1,7.ERM,/kaggle/temp/troubles/images/jsiec/ef84080b3603c914.jpg,-2.753206,-1.5779498,-9.91191,-0.071350604,-6.165896,-7.9805007
jsiec,jsiec-1ffa9320-8d87-11e8-9daf-6045cb817f5b.,/home/carld/.cache/kagglehub/datasets/linchundan/fundusimage1000/versions/4/1000images/7.ERM/1ffa9320-8d87-11e8-9daf-6045cb817f5b..JPG,0,0,0,0,0,0,,-1,7.ERM,/kaggle/temp/troubles/images/jsiec/2c50afc7c605741d.jpg,-1.77916,-1.8342415,-6.7017026,0.9554033,-5.5236363,-5.5509467
jsiec,jsiec-1ffa9321-8d87-11e8-9daf-6045cb817f5b.,/home/carld/.cache/kagglehub/datasets/linchundan/fundusimage1000/versions/4/1000images/7.ERM/1ffa9321-8d87-11e8-9daf-6045cb817f5b..JPG,0,0,0,0,0,0,,-1,7.ERM,/kaggle/temp/troubles/images/jsiec/0f5b089d17181167.jpg,-0.23353109,-4.0110292,-9.9810505,3.1171718,-5.437196,-7.4350214
jsiec,jsiec-1ffa9322-8d87-11e8-9daf-6045cb817f5b.,/home/carld/.cache/kagglehub/datasets/linchundan/fundusimage1000/versions/4/1000images/7.ERM/1ffa9322-8d87-11e8-9daf-6045cb817f5b..JPG,0,0,0,0,0,0,,-1,7.ERM,/kaggle/temp/troubles/images/jsiec/afd00604bf34de60.jpg,-1.621594,-3.483337,-8.446754,-1.6949178,-2.9299254,-10.70745
jsiec,jsiec-1ffa9323-8d87-11e8-9daf-6045cb817f5b.,/home/carld/.cache/kagglehub/datasets/linchundan/fundusimage1000/versions/4/1000images/7.ERM/1ffa9323-8d87-11e8-9daf-6045cb817f5b..JPG,0,0,0,0,0,0,,-1,7.ERM,/kaggle/temp/troubles/images/jsiec/a26583ba48ede6ba.jpg,-0.8111439,-0.85846835,-4.5090594,-0.9644623,-4.827602,-3.4065733
jsiec,jsiec-1ffa9324-8d87-11e8-9daf-6045cb817f5b.,/home/carld/.cache/kagglehub/datasets/linchundan/fundusimage1000/versions/4/1000images/7.ERM/1ffa9324-8d87-11e8-9daf-6045cb817f5b..JPG,0,0,0,0,0,0,,-1,7.ERM,/kaggle/temp/troubles/images/jsiec/99e3f8df2c9bbc45.jpg,-1.315217,-0.9122531,-5.424211,-0.4639472,-4.963797,-5.739487
jsiec,jsiec-1ffa9325-8d87-11e8-9daf-6045cb817f5b.,/home/carld/.cache/kagglehub/datasets/linchundan/fundusimage1000/versions/4/1000images/7.ERM/1ffa9325-8d87-11e8-9daf-6045cb817f5b..JPG,0,0,0,0,0,0,,-1,7.ERM,/kaggle/temp/troubles/images/jsiec/38301bb4a1790639.jpg,-1.2585912,-2.360845,-5.5239873,-2.0392885,-2.8870087,-5.6963115
jsiec,jsiec-1ffa9326-8d87-11e8-9daf-6045cb817f5b.,/home/carld/.cache/kagglehub/datasets/linchundan/fundusimage1000/versions/4/1000images/7.ERM/1ffa9326-8d87-11e8-9daf-6045cb817f5b..JPG,0,0,0,0,0,0,,-1,7.ERM,/kaggle/temp/troubles/images/jsiec/ad4615b101e825df.jpg,-2.5768409,-1.3256094,-6.287185,1.6378958,-4.654356,-4.3807154
jsiec,jsiec-1ffa9327-8d87-11e8-9daf-6045cb817f5b.,/home/carld/.cache/kagglehub/datasets/linchundan/fundusimage1000/versions/4/1000images/7.ERM/1ffa9327-8d87-11e8-9daf-6045cb817f5b..JPG,0,0,0,0,0,0,,-1,7.ERM,/kaggle/temp/troubles/images/jsiec/ccccd8c5ae02d501.jpg,-1.7899375,-1.0359724,-8.147041,1.7329267,-5.4651365,-4.1998296
jsiec,jsiec-1ffa9328-8d87-11e8-9daf-6045cb817f5b.,/home/carld/.cache/kagglehub/datasets/linchundan/fundusimage1000/versions/4/1000images/7.ERM/1ffa9328-8d87-11e8-9daf-6045cb817f5b..JPG,0,0,0,0,0,0,,-1,7.ERM,/kaggle/temp/troubles/images/jsiec/0e5e0b35cd119a6f.jpg,-1.6311543,-2.0866234,-5.51919,-1.755355,-4.375326,-4.8813987
jsiec,jsiec-1ffa9329-8d87-11e8-9daf-6045cb817f5b.,/home/carld/.cache/kagglehub/datasets/linchundan/fundusimage1000/versions/4/1000images/7.ERM/1ffa9329-8d87-11e8-9daf-6045cb817f5b..JPG,0,0,0,0,0,0,,-1,7.ERM,/kaggle/temp/troubles/images/jsiec/2ef64f4fd71507e0.jpg,-2.9077117,-0.84420305,-5.1310744,0.16493833,-4.9950347,-5.561708
jsiec,jsiec-1ffa932a-8d87-11e8-9daf-6045cb817f5b.,/home/carld/.cache/kagglehub/datasets/linchundan/fundusimage1000/versions/4/1000images/7.ERM/1ffa932a-8d87-11e8-9daf-6045cb817f5b..JPG,0,0,0,0,0,0,,-1,7.ERM,/kaggle/temp/troubles/images/jsiec/5f4817162f9182f7.jpg,-0.22929452,-0.796842,-7.1591015,-0.09609236,-2.0994081,-6.033572
jsiec,jsiec-1ffa932b-8d87-11e8-9daf-6045cb817f5b.,/home/carld/.cache/kagglehub/datasets/linchundan/fundusimage1000/versions/4/1000images/7.ERM/1ffa932b-8d87-11e8-9daf-6045cb817f5b..JPG,0,0,0,0,0,0,,-1,7.ERM,/kaggle/temp/troubles/images/jsiec/d3e60488b76ec1dc.jpg,-2.7442267,-2.063118,-8.466229,2.8331013,-7.1391954,-4.243975
jsiec,jsiec-1ffa932c-8d87-11e8-9daf-6045cb817f5b.,/home/carld/.cache/kagglehub/datasets/linchundan/fundusimage1000/versions/4/1000images/7.ERM/1ffa932c-8d87-11e8-9daf-6045cb817f5b..JPG,0,0,0,0,0,0,,-1,7.ERM,/kaggle/temp/troubles/images/jsiec/9e5345485a379a69.jpg,-2.8480227,0.44503266,-8.119636,-0.031887174,-5.8721123,-3.5201154
jsiec,jsiec-1ffa932d-8d87-11e8-9daf-6045cb817f5b.,/home/carld/.cache/kagglehub/datasets/linchundan/fundusimage1000/versions/4/1000images/7.ERM/1ffa932d-8d87-11e8-9daf-6045cb817f5b..JPG,0,0,0,0,0,0,,-1,7.ERM,/kaggle/temp/troubles/images/jsiec/a77afe5133f08cc6.jpg,0.5615007,-0.71726227,-9.865114,-1.1445222,-6.3367505,-7.6032414
jsiec,jsiec-1ffa932e-8d87-11e8-9daf-6045cb817f5b.,/home/carld/.cache/kagglehub/datasets/linchundan/fundusimage1000/versions/4/1000images/7.ERM/1ffa932e-8d87-11e8-9daf-6045cb817f5b..JPG,0,0,0,0,0,0,,-1,7.ERM,/kaggle/temp/troubles/images/jsiec/e7f9ff088d6951fd.jpg,-1.1992738,-1.1272945,-7.396282,-5.444651,-8.749849,-8.023734
jsiec,jsiec-1ffa932f-8d87-11e8-9daf-6045cb817f5b.,/home/carld/.cache/kagglehub/datasets/linchundan/fundusimage1000/versions/4/1000images/7.ERM/1ffa932f-8d87-11e8-9daf-6045cb817f5b..JPG,0,0,0,0,0,0,,-1,7.ERM,/kaggle/temp/troubles/images/jsiec/a89d9f6a92cfbb34.jpg,-3.301633,-0.26120856,0.437645,-4.235114,-4.6530166,-5.288325
jsiec,jsiec-1ffa9330-8d87-11e8-9daf-6045cb817f5b.,/home/carld/.cache/kagglehub/datasets/linchundan/fundusimage1000/versions/4/1000images/7.ERM/1ffa9330-8d87-11e8-9daf-6045cb817f5b..JPG,0,0,0,0,0,0,,-1,7.ERM,/kaggle/temp/troubles/images/jsiec/c8711adb57d78979.jpg,-1.1972528,-2.2920732,-5.032375,-1.643085,-3.6989603,-4.1188593
jsiec,jsiec-1ffa92cc-8d87-11e8-9daf-6045cb817f5b.,/home/carld/.cache/kagglehub/datasets/linchundan/fundusimage1000/versions/4/1000images/8.MH/1ffa92cc-8d87-11e8-9daf-6045cb817f5b..JPG,0,0,0,0,0,0,,-1,8.MH,/kaggle/temp/troubles/images/jsiec/db97d90b0ec190b1.jpg,-3.28241,-1.0501904,-4.7495236,-0.6920818,-5.7648997,-5.740206
jsiec,jsiec-1ffa92cd-8d87-11e8-9daf-6045cb817f5b.,/home/carld/.cache/kagglehub/datasets/linchundan/fundusimage1000/versions/4/1000images/8.MH/1ffa92cd-8d87-11e8-9daf-6045cb817f5b..JPG,0,0,0,0,0,0,,-1,8.MH,/kaggle/temp/troubles/images/jsiec/878624f30c8629b0.jpg,-2.7479072,-3.7642734,-1.581324,-2.737711,-3.700516,-9.659016
jsiec,jsiec-1ffa92ce-8d87-11e8-9daf-6045cb817f5b.,/home/carld/.cache/kagglehub/datasets/linchundan/fundusimage1000/versions/4/1000images/8.MH/1ffa92ce-8d87-11e8-9daf-6045cb817f5b..JPG,0,0,0,0,0,0,,-1,8.MH,/kaggle/temp/troubles/images/jsiec/35658258cfdf6113.jpg,-3.2893507,-2.7010682,-5.9923987,-4.670393,-7.3731,-10.966033
jsiec,jsiec-1ffa92cf-8d87-11e8-9daf-6045cb817f5b.,/home/carld/.cache/kagglehub/datasets/linchundan/fundusimage1000/versions/4/1000images/8.MH/1ffa92cf-8d87-11e8-9daf-6045cb817f5b..JPG,0,0,0,0,0,0,,-1,8.MH,/kaggle/temp/troubles/images/jsiec/0f621db758c8df5c.jpg,-2.3221445,-0.44988158,-7.229375,-0.031197652,-5.2017403,-7.29628
jsiec,jsiec-1ffa92d0-8d87-11e8-9daf-6045cb817f5b.,/home/carld/.cache/kagglehub/datasets/linchundan/fundusimage1000/versions/4/1000images/8.MH/1ffa92d0-8d87-11e8-9daf-6045cb817f5b..JPG,0,0,0,0,0,0,,-1,8.MH,/kaggle/temp/troubles/images/jsiec/ca360ec75c9b11df.jpg,-4.7208633,-0.16029221,-8.368372,-3.6629577,-7.046886,-3.4908774
jsiec,jsiec-1ffa92d1-8d87-11e8-9daf-6045cb817f5b.,/home/carld/.cache/kagglehub/datasets/linchundan/fundusimage1000/versions/4/1000images/8.MH/1ffa92d1-8d87-11e8-9daf-6045cb817f5b..JPG,0,0,0,0,0,0,,-1,8.MH,/kaggle/temp/troubles/images/jsiec/306d5a50acde0f6a.jpg,-0.9971186,0.9432016,-3.968531,-2.5844886,-4.369368,-6.5227547
jsiec,jsiec-1ffa92d2-8d87-11e8-9daf-6045cb817f5b.,/home/carld/.cache/kagglehub/datasets/linchundan/fundusimage1000/versions/4/1000images/8.MH/1ffa92d2-8d87-11e8-9daf-6045cb817f5b..JPG,0,0,0,0,0,0,,-1,8.MH,/kaggle/temp/troubles/images/jsiec/03d734d927fdbe33.jpg,-1.6743364,-0.4886282,-3.2634153,-6.432372,-5.627312,-10.681494
jsiec,jsiec-1ffa92d3-8d87-11e8-9daf-6045cb817f5b.,/home/carld/.cache/kagglehub/datasets/linchundan/fundusimage1000/versions/4/1000images/8.MH/1ffa92d3-8d87-11e8-9daf-6045cb817f5b..JPG,0,0,0,0,0,0,,-1,8.MH,/kaggle/temp/troubles/images/jsiec/91c93117bdd15084.jpg,-2.6012015,-0.7344217,-8.74638,-2.8098416,-7.8416696,-7.0031896
jsiec,jsiec-1ffa92d4-8d87-11e8-9daf-6045cb817f5b.,/home/carld/.cache/kagglehub/datasets/linchundan/fundusimage1000/versions/4/1000images/8.MH/1ffa92d4-8d87-11e8-9daf-6045cb817f5b..JPG,0,0,0,0,0,0,,-1,8.MH,/kaggle/temp/troubles/images/jsiec/b80104168b728a87.jpg,-2.8762445,-0.9459195,-9.538309,-2.6603537,-5.20597,-8.7934265
jsiec,jsiec-1ffa92d5-8d87-11e8-9daf-6045cb817f5b.,/home/carld/.cache/kagglehub/datasets/linchundan/fundusimage1000/versions/4/1000images/8.MH/1ffa92d5-8d87-11e8-9daf-6045cb817f5b..JPG,0,0,0,0,0,0,,-1,8.MH,/kaggle/temp/troubles/images/jsiec/1cbb2400603a78f7.jpg,-3.2236788,-1.4752376,-5.8008757,-0.7019173,-6.722564,-11.461206
jsiec,jsiec-1ffa92d6-8d87-11e8-9daf-6045cb817f5b.,/home/carld/.cache/kagglehub/datasets/linchundan/fundusimage1000/versions/4/1000images/8.MH/1ffa92d6-8d87-11e8-9daf-6045cb817f5b..JPG,0,0,0,0,0,0,,-1,8.MH,/kaggle/temp/troubles/images/jsiec/e7448cb2f16b1604.jpg,-3.7313344,-0.66123736,-2.1005795,-0.42344478,-6.4880385,-7.2048326
jsiec,jsiec-1ffa92d7-8d87-11e8-9daf-6045cb817f5b.,/home/carld/.cache/kagglehub/datasets/linchundan/fundusimage1000/versions/4/1000images/8.MH/1ffa92d7-8d87-11e8-9daf-6045cb817f5b..JPG,0,0,0,0,0,0,,-1,8.MH,/kaggle/temp/troubles/images/jsiec/8128aadf3155dbbc.jpg,-3.0425415,-0.31083605,-5.5129266,-4.6362586,-7.6844845,-9.128332
jsiec,jsiec-1ffa92d8-8d87-11e8-9daf-6045cb817f5b.,/home/carld/.cache/kagglehub/datasets/linchundan/fundusimage1000/versions/4/1000images/8.MH/1ffa92d8-8d87-11e8-9daf-6045cb817f5b..JPG,0,0,0,0,0,0,,-1,8.MH,/kaggle/temp/troubles/images/jsiec/6641a3f73c176804.jpg,-2.33879,-0.40036032,-3.316641,-4.845815,-5.102729,-7.9310617
jsiec,jsiec-1ffa92d9-8d87-11e8-9daf-6045cb817f5b.,/home/carld/.cache/kagglehub/datasets/linchundan/fundusimage1000/versions/4/1000images/8.MH/1ffa92d9-8d87-11e8-9daf-6045cb817f5b..JPG,0,0,0,0,0,0,,-1,8.MH,/kaggle/temp/troubles/images/jsiec/b217cc4f5c573afb.jpg,-3.8039093,-1.2704159,-9.66403,-3.7466674,-10.245617,-8.78426
jsiec,jsiec-1ffa92da-8d87-11e8-9daf-6045cb817f5b.,/home/carld/.cache/kagglehub/datasets/linchundan/fundusimage1000/versions/4/1000images/8.MH/1ffa92da-8d87-11e8-9daf-6045cb817f5b..JPG,0,0,0,0,0,0,,-1,8.MH,/kaggle/temp/troubles/images/jsiec/25560a9c910f9671.jpg,-2.6495755,-1.5515039,-6.75534,-0.9936278,-8.350615,-9.9271
jsiec,jsiec-1ffa92db-8d87-11e8-9daf-6045cb817f5b.,/home/carld/.cache/kagglehub/datasets/linchundan/fundusimage1000/versions/4/1000images/8.MH/1ffa92db-8d87-11e8-9daf-6045cb817f5b..JPG,0,0,0,0,0,0,,-1,8.MH,/kaggle/temp/troubles/images/jsiec/5239bec1df1ba03c.jpg,-2.8686543,-1.5801469,-10.430047,-0.46593565,-3.954025,-8.183822
jsiec,jsiec-1ffa92dc-8d87-11e8-9daf-6045cb817f5b.,/home/carld/.cache/kagglehub/datasets/linchundan/fundusimage1000/versions/4/1000images/8.MH/1ffa92dc-8d87-11e8-9daf-6045cb817f5b..JPG,0,0,0,0,0,0,,-1,8.MH,/kaggle/temp/troubles/images/jsiec/e4334289e2387486.jpg,-3.1467197,-3.2182887,-7.8867655,0.26863155,-4.4017406,-7.2555647
jsiec,jsiec-1ffa92dd-8d87-11e8-9daf-6045cb817f5b.,/home/carld/.cache/kagglehub/datasets/linchundan/fundusimage1000/versions/4/1000images/8.MH/1ffa92dd-8d87-11e8-9daf-6045cb817f5b..JPG,0,0,0,0,0,0,,-1,8.MH,/kaggle/temp/troubles/images/jsiec/d5256090865bcbb3.jpg,-2.4241228,-1.8634186,-5.7093005,-2.5110633,-5.6313066,-11.842626
jsiec,jsiec-1ffa92de-8d87-11e8-9daf-6045cb817f5b.,/home/carld/.cache/kagglehub/datasets/linchundan/fundusimage1000/versions/4/1000images/8.MH/1ffa92de-8d87-11e8-9daf-6045cb817f5b..JPG,0,0,0,0,0,0,,-1,8.MH,/kaggle/temp/troubles/images/jsiec/c0cd1f9834b8bb3e.jpg,-4.1184454,-0.4259724,1.4244688,-3.5876803,-5.7219687,-7.0627127
jsiec,jsiec-1ffa92df-8d87-11e8-9daf-6045cb817f5b.,/home/carld/.cache/kagglehub/datasets/linchundan/fundusimage1000/versions/4/1000images/8.MH/1ffa92df-8d87-11e8-9daf-6045cb817f5b..JPG,0,0,0,0,0,0,,-1,8.MH,/kaggle/temp/troubles/images/jsiec/cc3f8d413551a689.jpg,-2.628576,-1.0417447,-2.130722,-2.4921408,-5.6563163,-9.116604
jsiec,jsiec-1ffa92e0-8d87-11e8-9daf-6045cb817f5b.,/home/carld/.cache/kagglehub/datasets/linchundan/fundusimage1000/versions/4/1000images/8.MH/1ffa92e0-8d87-11e8-9daf-6045cb817f5b..JPG,0,0,0,0,0,0,,-1,8.MH,/kaggle/temp/troubles/images/jsiec/945ac48b297f8e8e.jpg,-3.8212068,-0.020128394,-3.3808165,-7.4110465,-6.249382,-6.9558063
jsiec,jsiec-1ffa92e1-8d87-11e8-9daf-6045cb817f5b.,/home/carld/.cache/kagglehub/datasets/linchundan/fundusimage1000/versions/4/1000images/8.MH/1ffa92e1-8d87-11e8-9daf-6045cb817f5b..JPG,0,0,0,0,0,0,,-1,8.MH,/kaggle/temp/troubles/images/jsiec/e500447bd9eaa22c.jpg,-2.588513,-1.6794143,-7.2875986,-4.637874,-5.025111,-9.211174
jsiec,jsiec-1ffa92e2-8d87-11e8-9daf-6045cb817f5b.,/home/carld/.cache/kagglehub/datasets/linchundan/fundusimage1000/versions/4/1000images/8.MH/1ffa92e2-8d87-11e8-9daf-6045cb817f5b..JPG,0,0,0,0,0,0,,-1,8.MH,/kaggle/temp/troubles/images/jsiec/1683d23ea55fe63c.jpg,-1.4678402,-4.299983,-5.1389203,-2.38513,-6.0755253,-9.1659
jsiec,jsiec-1ffa94d2-8d87-11e8-9daf-6045cb817f5b.,/home/carld/.cache/kagglehub/datasets/linchundan/fundusimage1000/versions/4/1000images/9.Pathological myopia/1ffa94d2-8d87-11e8-9daf-6045cb817f5b..JPG,0,0,0,0,0,1,,-1,9.Pathological myopia,/kaggle/temp/troubles/images/jsiec/e584da69b9cb65b3.jpg,-0.8168551,-2.4303515,-9.226509,1.9659183,-2.8809845,3.1181943
jsiec,jsiec-1ffa94d3-8d87-11e8-9daf-6045cb817f5b.,/home/carld/.cache/kagglehub/datasets/linchundan/fundusimage1000/versions/4/1000images/9.Pathological myopia/1ffa94d3-8d87-11e8-9daf-6045cb817f5b..JPG,0,0,0,0,0,1,,-1,9.Pathological myopia,/kaggle/temp/troubles/images/jsiec/4ea2ceace6f0ba01.jpg,-2.887973,-2.0381978,-6.78212,4.3360667,-8.693709,5.8754063
jsiec,jsiec-1ffa94d4-8d87-11e8-9daf-6045cb817f5b.,/home/carld/.cache/kagglehub/datasets/linchundan/fundusimage1000/versions/4/1000images/9.Pathological myopia/1ffa94d4-8d87-11e8-9daf-6045cb817f5b..JPG,0,0,0,0,0,1,,-1,9.Pathological myopia,/kaggle/temp/troubles/images/jsiec/9f477cb42580c42d.jpg,-4.212253,-0.44611195,-9.171251,-0.06407685,-8.349974,8.327292
jsiec,jsiec-1ffa94d5-8d87-11e8-9daf-6045cb817f5b.,/home/carld/.cache/kagglehub/datasets/linchundan/fundusimage1000/versions/4/1000images/9.Pathological myopia/1ffa94d5-8d87-11e8-9daf-6045cb817f5b..JPG,0,0,0,0,0,1,,-1,9.Pathological myopia,/kaggle/temp/troubles/images/jsiec/310324d268b8282e.jpg,-3.3492875,-1.1196268,-8.506605,-0.47723973,-6.877884,5.476434
jsiec,jsiec-1ffa94d6-8d87-11e8-9daf-6045cb817f5b.,/home/carld/.cache/kagglehub/datasets/linchundan/fundusimage1000/versions/4/1000images/9.Pathological myopia/1ffa94d6-8d87-11e8-9daf-6045cb817f5b..JPG,0,0,0,0,0,1,,-1,9.Pathological myopia,/kaggle/temp/troubles/images/jsiec/e54c5011d034c7e2.jpg,-4.3339014,-1.7826035,-10.271433,-1.7169487,-9.213468,10.851301
jsiec,jsiec-1ffa94d7-8d87-11e8-9daf-6045cb817f5b.,/home/carld/.cache/kagglehub/datasets/linchundan/fundusimage1000/versions/4/1000images/9.Pathological myopia/1ffa94d7-8d87-11e8-9daf-6045cb817f5b..JPG,0,0,0,0,0,1,,-1,9.Pathological myopia,/kaggle/temp/troubles/images/jsiec/7103aae65f0c8928.jpg,-4.748911,-1.774936,-10.482332,1.706439,-6.718514,9.0049715
jsiec,jsiec-1ffa94d8-8d87-11e8-9daf-6045cb817f5b.,/home/carld/.cache/kagglehub/datasets/linchundan/fundusimage1000/versions/4/1000images/9.Pathological myopia/1ffa94d8-8d87-11e8-9daf-6045cb817f5b..JPG,0,0,0,0,0,1,,-1,9.Pathological myopia,/kaggle/temp/troubles/images/jsiec/85276dc85284f077.jpg,-2.3242557,-0.58148175,-9.572969,-0.54781675,-7.666852,8.918029
jsiec,jsiec-1ffa94d9-8d87-11e8-9daf-6045cb817f5b.,/home/carld/.cache/kagglehub/datasets/linchundan/fundusimage1000/versions/4/1000images/9.Pathological myopia/1ffa94d9-8d87-11e8-9daf-6045cb817f5b..JPG,0,0,0,0,0,1,,-1,9.Pathological myopia,/kaggle/temp/troubles/images/jsiec/2eb4b383e7a92b29.jpg,-6.240784,-1.6555045,-9.927886,-2.779385,-7.4655704,11.298311
jsiec,jsiec-1ffa94da-8d87-11e8-9daf-6045cb817f5b.,/home/carld/.cache/kagglehub/datasets/linchundan/fundusimage1000/versions/4/1000images/9.Pathological myopia/1ffa94da-8d87-11e8-9daf-6045cb817f5b..JPG,0,0,0,0,0,1,,-1,9.Pathological myopia,/kaggle/temp/troubles/images/jsiec/14691b884a8e8ca4.jpg,-3.5997243,-2.0028944,-7.933685,-0.052122146,-6.051317,6.8275695
jsiec,jsiec-1ffa94db-8d87-11e8-9daf-6045cb817f5b.,/home/carld/.cache/kagglehub/datasets/linchundan/fundusimage1000/versions/4/1000images/9.Pathological myopia/1ffa94db-8d87-11e8-9daf-6045cb817f5b..JPG,0,0,0,0,0,1,,-1,9.Pathological myopia,/kaggle/temp/troubles/images/jsiec/4791a540e1552e16.jpg,-2.907504,-0.5878379,-10.922592,-3.1039853,-6.8533483,10.208533
jsiec,jsiec-1ffa94dc-8d87-11e8-9daf-6045cb817f5b.,/home/carld/.cache/kagglehub/datasets/linchundan/fundusimage1000/versions/4/1000images/9.Pathological myopia/1ffa94dc-8d87-11e8-9daf-6045cb817f5b..JPG,0,0,0,0,0,1,,-1,9.Pathological myopia,/kaggle/temp/troubles/images/jsiec/edc49804ed9b7caf.jpg,-4.1726065,-4.4012184,-7.528641,-0.17676821,-4.784877,7.1987157
jsiec,jsiec-1ffa94dd-8d87-11e8-9daf-6045cb817f5b.,/home/carld/.cache/kagglehub/datasets/linchundan/fundusimage1000/versions/4/1000images/9.Pathological myopia/1ffa94dd-8d87-11e8-9daf-6045cb817f5b..JPG,0,0,0,0,0,1,,-1,9.Pathological myopia,/kaggle/temp/troubles/images/jsiec/f82ee2c4169b9703.jpg,-2.8220968,-1.7348542,-6.9625506,-4.4263306,-6.9100204,6.7610855
jsiec,jsiec-1ffa94de-8d87-11e8-9daf-6045cb817f5b.,/home/carld/.cache/kagglehub/datasets/linchundan/fundusimage1000/versions/4/1000images/9.Pathological myopia/1ffa94de-8d87-11e8-9daf-6045cb817f5b..JPG,0,0,0,0,0,1,,-1,9.Pathological myopia,/kaggle/temp/troubles/images/jsiec/04cae91f7085de01.jpg,-3.0145533,-0.1650512,-7.0643487,-3.9156551,-7.551393,5.4228563
jsiec,jsiec-1ffa94df-8d87-11e8-9daf-6045cb817f5b.,/home/carld/.cache/kagglehub/datasets/linchundan/fundusimage1000/versions/4/1000images/9.Pathological myopia/1ffa94df-8d87-11e8-9daf-6045cb817f5b..JPG,0,0,0,0,0,1,,-1,9.Pathological myopia,/kaggle/temp/troubles/images/jsiec/dfd79ac127fa6c37.jpg,-4.4718623,0.5830638,-9.2611475,2.3733113,-6.675478,6.621956
jsiec,jsiec-1ffa94e0-8d87-11e8-9daf-6045cb817f5b.,/home/carld/.cache/kagglehub/datasets/linchundan/fundusimage1000/versions/4/1000images/9.Pathological myopia/1ffa94e0-8d87-11e8-9daf-6045cb817f5b..JPG,0,0,0,0,0,1,,-1,9.Pathological myopia,/kaggle/temp/troubles/images/jsiec/996608ba80062485.jpg,-2.1790848,-0.19380876,-9.206961,-0.20271435,-7.8073235,6.871524
jsiec,jsiec-1ffa94e1-8d87-11e8-9daf-6045cb817f5b.,/home/carld/.cache/kagglehub/datasets/linchundan/fundusimage1000/versions/4/1000images/9.Pathological myopia/1ffa94e1-8d87-11e8-9daf-6045cb817f5b..JPG,0,0,0,0,0,1,,-1,9.Pathological myopia,/kaggle/temp/troubles/images/jsiec/789adf600f0d66ac.jpg,-2.0236979,-2.17136,-9.0299,-2.4026425,-4.1994348,7.603638
jsiec,jsiec-1ffa94e2-8d87-11e8-9daf-6045cb817f5b.,/home/carld/.cache/kagglehub/datasets/linchundan/fundusimage1000/versions/4/1000images/9.Pathological myopia/1ffa94e2-8d87-11e8-9daf-6045cb817f5b..JPG,0,0,0,0,0,1,,-1,9.Pathological myopia,/kaggle/temp/troubles/images/jsiec/8624050f41cea58d.jpg,-3.9832597,-1.8045462,-8.461597,3.065116,-8.781063,7.4708786
jsiec,jsiec-1ffa94e3-8d87-11e8-9daf-6045cb817f5b.,/home/carld/.cache/kagglehub/datasets/linchundan/fundusimage1000/versions/4/1000images/9.Pathological myopia/1ffa94e3-8d87-11e8-9daf-6045cb817f5b..JPG,0,0,0,0,0,1,,-1,9.Pathological myopia,/kaggle/temp/troubles/images/jsiec/b6ccc35e82d4760f.jpg,-3.2468622,-0.6191234,-6.4624457,-1.3712664,-5.29197,5.5393
jsiec,jsiec-1ffa94e4-8d87-11e8-9daf-6045cb817f5b.,/home/carld/.cache/kagglehub/datasets/linchundan/fundusimage1000/versions/4/1000images/9.Pathological myopia/1ffa94e4-8d87-11e8-9daf-6045cb817f5b..JPG,0,0,0,0,0,1,,-1,9.Pathological myopia,/kaggle/temp/troubles/images/jsiec/b77b74820c37b969.jpg,-3.950855,-0.3087308,-9.035907,2.5142374,-6.7860456,6.4603567
jsiec,jsiec-1ffa94e5-8d87-11e8-9daf-6045cb817f5b.,/home/carld/.cache/kagglehub/datasets/linchundan/fundusimage1000/versions/4/1000images/9.Pathological myopia/1ffa94e5-8d87-11e8-9daf-6045cb817f5b..JPG,0,0,0,0,0,1,,-1,9.Pathological myopia,/kaggle/temp/troubles/images/jsiec/b740e1642bae9e21.jpg,-2.981069,-0.92841333,-7.6344523,-2.6373284,-4.175319,3.646657
jsiec,jsiec-1ffa94e6-8d87-11e8-9daf-6045cb817f5b.,/home/carld/.cache/kagglehub/datasets/linchundan/fundusimage1000/versions/4/1000images/9.Pathological myopia/1ffa94e6-8d87-11e8-9daf-6045cb817f5b..JPG,0,0,0,0,0,1,,-1,9.Pathological myopia,/kaggle/temp/troubles/images/jsiec/fa13611e869abe6a.jpg,-2.377892,-2.3819387,-9.1650505,0.4554062,-6.9285417,8.281144
jsiec,jsiec-1ffa94e7-8d87-11e8-9daf-6045cb817f5b.,/home/carld/.cache/kagglehub/datasets/linchundan/fundusimage1000/versions/4/1000images/9.Pathological myopia/1ffa94e7-8d87-11e8-9daf-6045cb817f5b..JPG,0,0,0,0,0,1,,-1,9.Pathological myopia,/kaggle/temp/troubles/images/jsiec/4e8c77741ef77f19.jpg,-3.759965,-0.741779,-6.52861,1.631923,-5.7452106,2.1258998
jsiec,jsiec-1ffa94e8-8d87-11e8-9daf-6045cb817f5b.,/home/carld/.cache/kagglehub/datasets/linchundan/fundusimage1000/versions/4/1000images/9.Pathological myopia/1ffa94e8-8d87-11e8-9daf-6045cb817f5b..JPG,0,0,0,0,0,1,,-1,9.Pathological myopia,/kaggle/temp/troubles/images/jsiec/9d3fec3c288a0d23.jpg,-0.65754014,-0.89225376,-6.547678,-0.62838054,-3.2553957,3.1663175
jsiec,jsiec-1ffa94e9-8d87-11e8-9daf-6045cb817f5b.,/home/carld/.cache/kagglehub/datasets/linchundan/fundusimage1000/versions/4/1000images/9.Pathological myopia/1ffa94e9-8d87-11e8-9daf-6045cb817f5b..JPG,0,0,0,0,0,1,,-1,9.Pathological myopia,/kaggle/temp/troubles/images/jsiec/dba25d7168227750.jpg,-3.0898418,-0.88118607,-7.3596206,2.1992002,-4.849186,2.2504592
jsiec,jsiec-1ffa94ea-8d87-11e8-9daf-6045cb817f5b.,/home/carld/.cache/kagglehub/datasets/linchundan/fundusimage1000/versions/4/1000images/9.Pathological myopia/1ffa94ea-8d87-11e8-9daf-6045cb817f5b..JPG,0,0,0,0,0,1,,-1,9.Pathological myopia,/kaggle/temp/troubles/images/jsiec/aed57e3e3a1822c6.jpg,-3.105523,-1.2162032,-8.581373,-2.3674297,-5.976077,9.180399
jsiec,jsiec-1ffa94eb-8d87-11e8-9daf-6045cb817f5b.,/home/carld/.cache/kagglehub/datasets/linchundan/fundusimage1000/versions/4/1000images/9.Pathological myopia/1ffa94eb-8d87-11e8-9daf-6045cb817f5b..JPG,0,0,0,0,0,1,,-1,9.Pathological myopia,/kaggle/temp/troubles/images/jsiec/cc85b6ffd275cd6f.jpg,-4.6154118,-1.9200325,-9.673429,-1.0661242,-7.7030025,7.991121
jsiec,jsiec-1ffa94ec-8d87-11e8-9daf-6045cb817f5b.,/home/carld/.cache/kagglehub/datasets/linchundan/fundusimage1000/versions/4/1000images/9.Pathological myopia/1ffa94ec-8d87-11e8-9daf-6045cb817f5b..JPG,0,0,0,0,0,1,,-1,9.Pathological myopia,/kaggle/temp/troubles/images/jsiec/b2fa53429ad93447.jpg,-4.4135733,-2.9104173,-9.604457,-3.27786,-5.8258266,9.877159
jsiec,jsiec-1ffa94ed-8d87-11e8-9daf-6045cb817f5b.,/home/carld/.cache/kagglehub/datasets/linchundan/fundusimage1000/versions/4/1000images/9.Pathological myopia/1ffa94ed-8d87-11e8-9daf-6045cb817f5b..JPG,0,0,0,0,0,1,,-1,9.Pathological myopia,/kaggle/temp/troubles/images/jsiec/a7c1364c82648a64.jpg,-3.577054,-1.0316412,-8.168382,-1.8047447,-4.8250117,8.186854
jsiec,jsiec-1ffa94ee-8d87-11e8-9daf-6045cb817f5b.,/home/carld/.cache/kagglehub/datasets/linchundan/fundusimage1000/versions/4/1000images/9.Pathological myopia/1ffa94ee-8d87-11e8-9daf-6045cb817f5b..JPG,0,0,0,0,0,1,,-1,9.Pathological myopia,/kaggle/temp/troubles/images/jsiec/1ba4692383c27452.jpg,-4.5496974,-2.5510035,-8.5649395,-3.0664797,-6.7092447,11.131061
jsiec,jsiec-1ffa94ef-8d87-11e8-9daf-6045cb817f5b.,/home/carld/.cache/kagglehub/datasets/linchundan/fundusimage1000/versions/4/1000images/9.Pathological myopia/1ffa94ef-8d87-11e8-9daf-6045cb817f5b..JPG,0,0,0,0,0,1,,-1,9.Pathological myopia,/kaggle/temp/troubles/images/jsiec/cdb5a98bda601115.jpg,-2.4980295,-3.9968443,-11.014423,-2.4429753,-5.4408813,11.8592415
jsiec,jsiec-1ffa94f0-8d87-11e8-9daf-6045cb817f5b.,/home/carld/.cache/kagglehub/datasets/linchundan/fundusimage1000/versions/4/1000images/9.Pathological myopia/1ffa94f0-8d87-11e8-9daf-6045cb817f5b..JPG,0,0,0,0,0,1,,-1,9.Pathological myopia,/kaggle/temp/troubles/images/jsiec/fb078e3492dc70c3.jpg,-2.8814728,-0.8407119,-5.056408,-0.83727026,-5.688462,5.430933
jsiec,jsiec-1ffa94f1-8d87-11e8-9daf-6045cb817f5b.,/home/carld/.cache/kagglehub/datasets/linchundan/fundusimage1000/versions/4/1000images/9.Pathological myopia/1ffa94f1-8d87-11e8-9daf-6045cb817f5b..JPG,0,0,0,0,0,1,,-1,9.Pathological myopia,/kaggle/temp/troubles/images/jsiec/5e1292f28aa1a587.jpg,-2.8439138,-1.2096479,-7.4066005,1.82046,-7.807307,8.726897
jsiec,jsiec-1ffa94f2-8d87-11e8-9daf-6045cb817f5b.,/home/carld/.cache/kagglehub/datasets/linchundan/fundusimage1000/versions/4/1000images/9.Pathological myopia/1ffa94f2-8d87-11e8-9daf-6045cb817f5b..JPG,0,0,0,0,0,1,,-1,9.Pathological myopia,/kaggle/temp/troubles/images/jsiec/fb4634c5223b5f09.jpg,-3.6228962,-3.4437613,-10.534558,-3.7156808,-6.7425194,11.56769
jsiec,jsiec-1ffa94f3-8d87-11e8-9daf-6045cb817f5b.,/home/carld/.cache/kagglehub/datasets/linchundan/fundusimage1000/versions/4/1000images/9.Pathological myopia/1ffa94f3-8d87-11e8-9daf-6045cb817f5b..JPG,0,0,0,0,0,1,,-1,9.Pathological myopia,/kaggle/temp/troubles/images/jsiec/7a4e8ac9bdace52d.jpg,-4.9384327,-0.8806662,-9.901935,-3.8241413,-7.1109467,9.536537
jsiec,jsiec-1ffa94f4-8d87-11e8-9daf-6045cb817f5b.,/home/carld/.cache/kagglehub/datasets/linchundan/fundusimage1000/versions/4/1000images/9.Pathological myopia/1ffa94f4-8d87-11e8-9daf-6045cb817f5b..JPG,0,0,0,0,0,1,,-1,9.Pathological myopia,/kaggle/temp/troubles/images/jsiec/89a8229acf8264b2.jpg,-2.5443456,-3.0841134,-4.808402,-3.6610558,-5.952171,8.9082365
jsiec,jsiec-1ffa94f5-8d87-11e8-9daf-6045cb817f5b.,/home/carld/.cache/kagglehub/datasets/linchundan/fundusimage1000/versions/4/1000images/9.Pathological myopia/1ffa94f5-8d87-11e8-9daf-6045cb817f5b..JPG,0,0,0,0,0,1,,-1,9.Pathological myopia,/kaggle/temp/troubles/images/jsiec/b47055de042d6d80.jpg,-3.40698,-0.6188459,-9.021759,-0.3567478,-5.2213273,5.3375154
jsiec,jsiec-1ffa94f6-8d87-11e8-9daf-6045cb817f5b.,/home/carld/.cache/kagglehub/datasets/linchundan/fundusimage1000/versions/4/1000images/9.Pathological myopia/1ffa94f6-8d87-11e8-9daf-6045cb817f5b..JPG,0,0,0,0,0,1,,-1,9.Pathological myopia,/kaggle/temp/troubles/images/jsiec/45e15da2fe4d5e73.jpg,-5.0122004,-1.9151831,-7.884827,1.683613,-6.2523894,8.676431
jsiec,jsiec-1ffa94f7-8d87-11e8-9daf-6045cb817f5b.,/home/carld/.cache/kagglehub/datasets/linchundan/fundusimage1000/versions/4/1000images/9.Pathological myopia/1ffa94f7-8d87-11e8-9daf-6045cb817f5b..JPG,0,0,0,0,0,1,,-1,9.Pathological myopia,/kaggle/temp/troubles/images/jsiec/5c6ffa792247cacc.jpg,-4.1855416,-2.420046,-9.129324,-5.328267,-6.490821,9.781192
jsiec,jsiec-1ffa94f8-8d87-11e8-9daf-6045cb817f5b.,/home/carld/.cache/kagglehub/datasets/linchundan/fundusimage1000/versions/4/1000images/9.Pathological myopia/1ffa94f8-8d87-11e8-9daf-6045cb817f5b..JPG,0,0,0,0,0,1,,-1,9.Pathological myopia,/kaggle/temp/troubles/images/jsiec/c3255661840446f9.jpg,-0.7263032,-1.1462934,-9.832233,-2.249471,-3.967451,7.8464966
jsiec,jsiec-1ffa94f9-8d87-11e8-9daf-6045cb817f5b.,/home/carld/.cache/kagglehub/datasets/linchundan/fundusimage1000/versions/4/1000images/9.Pathological myopia/1ffa94f9-8d87-11e8-9daf-6045cb817f5b..JPG,0,0,0,0,0,1,,-1,9.Pathological myopia,/kaggle/temp/troubles/images/jsiec/4b9446beb91f21b4.jpg,-3.6483684,0.3338126,-9.899671,3.297026,-6.791452,4.0111094
jsiec,jsiec-1ffa94fa-8d87-11e8-9daf-6045cb817f5b.,/home/carld/.cache/kagglehub/datasets/linchundan/fundusimage1000/versions/4/1000images/9.Pathological myopia/1ffa94fa-8d87-11e8-9daf-6045cb817f5b..JPG,0,0,0,0,0,1,,-1,9.Pathological myopia,/kaggle/temp/troubles/images/jsiec/5106364edcec54cd.jpg,-4.9570217,-0.013095418,-8.157637,1.0583951,-7.1337323,7.5072384
jsiec,jsiec-1ffa94fb-8d87-11e8-9daf-6045cb817f5b.,/home/carld/.cache/kagglehub/datasets/linchundan/fundusimage1000/versions/4/1000images/9.Pathological myopia/1ffa94fb-8d87-11e8-9daf-6045cb817f5b..JPG,0,0,0,0,0,1,,-1,9.Pathological myopia,/kaggle/temp/troubles/images/jsiec/a31fce37703d7e1f.jpg,-4.4958034,-0.10925607,-9.587442,1.6437011,-8.306272,6.60631
jsiec,jsiec-1ffa94fc-8d87-11e8-9daf-6045cb817f5b.,/home/carld/.cache/kagglehub/datasets/linchundan/fundusimage1000/versions/4/1000images/9.Pathological myopia/1ffa94fc-8d87-11e8-9daf-6045cb817f5b..JPG,0,0,0,0,0,1,,-1,9.Pathological myopia,/kaggle/temp/troubles/images/jsiec/c0d1ed4b4be2e135.jpg,-2.689217,0.7912305,-6.320678,-1.5469306,-5.514441,3.6776583
jsiec,jsiec-1ffa94fd-8d87-11e8-9daf-6045cb817f5b.,/home/carld/.cache/kagglehub/datasets/linchundan/fundusimage1000/versions/4/1000images/9.Pathological myopia/1ffa94fd-8d87-11e8-9daf-6045cb817f5b..JPG,0,0,0,0,0,1,,-1,9.Pathological myopia,/kaggle/temp/troubles/images/jsiec/cbc16cd0b160d941.jpg,-5.4477124,-3.1641424,-8.906133,1.8158894,-6.510471,7.7755456
jsiec,jsiec-1ffa94fe-8d87-11e8-9daf-6045cb817f5b.,/home/carld/.cache/kagglehub/datasets/linchundan/fundusimage1000/versions/4/1000images/9.Pathological myopia/1ffa94fe-8d87-11e8-9daf-6045cb817f5b..JPG,0,0,0,0,0,1,,-1,9.Pathological myopia,/kaggle/temp/troubles/images/jsiec/04ec816c9756b62f.jpg,-4.499962,-1.6639149,-7.6566677,-0.5084877,-5.96787,8.098153
jsiec,jsiec-1ffa94ff-8d87-11e8-9daf-6045cb817f5b.,/home/carld/.cache/kagglehub/datasets/linchundan/fundusimage1000/versions/4/1000images/9.Pathological myopia/1ffa94ff-8d87-11e8-9daf-6045cb817f5b..JPG,0,0,0,0,0,1,,-1,9.Pathological myopia,/kaggle/temp/troubles/images/jsiec/15c47752b1db204e.jpg,-1.5153272,-1.1820294,-8.485437,-1.0159893,-5.2997003,6.736088
jsiec,jsiec-1ffa9500-8d87-11e8-9daf-6045cb817f5b.,/home/carld/.cache/kagglehub/datasets/linchundan/fundusimage1000/versions/4/1000images/9.Pathological myopia/1ffa9500-8d87-11e8-9daf-6045cb817f5b..JPG,0,0,0,0,0,1,,-1,9.Pathological myopia,/kaggle/temp/troubles/images/jsiec/69257e604ca7e7f2.jpg,-3.2986438,0.44987562,-8.769164,-2.239014,-5.6366887,7.5212636
jsiec,jsiec-1ffa9501-8d87-11e8-9daf-6045cb817f5b.,/home/carld/.cache/kagglehub/datasets/linchundan/fundusimage1000/versions/4/1000images/9.Pathological myopia/1ffa9501-8d87-11e8-9daf-6045cb817f5b..JPG,0,0,0,0,0,1,,-1,9.Pathological myopia,/kaggle/temp/troubles/images/jsiec/53f1de17d97f03db.jpg,-3.934583,-3.307847,-12.333279,-4.223159,-7.6147056,14.012569
jsiec,jsiec-1ffa9502-8d87-11e8-9daf-6045cb817f5b.,/home/carld/.cache/kagglehub/datasets/linchundan/fundusimage1000/versions/4/1000images/9.Pathological myopia/1ffa9502-8d87-11e8-9daf-6045cb817f5b..JPG,0,0,0,0,0,1,,-1,9.Pathological myopia,/kaggle/temp/troubles/images/jsiec/41e70e20209220e0.jpg,-1.715507,-2.9611816,-8.672888,3.4182794,-7.5763464,4.9780593
jsiec,jsiec-1ffa9503-8d87-11e8-9daf-6045cb817f5b.,/home/carld/.cache/kagglehub/datasets/linchundan/fundusimage1000/versions/4/1000images/9.Pathological myopia/1ffa9503-8d87-11e8-9daf-6045cb817f5b..JPG,0,0,0,0,0,1,,-1,9.Pathological myopia,/kaggle/temp/troubles/images/jsiec/abeb34e29e7c9f2b.jpg,-0.35720253,-1.8989062,-8.043755,1.1478901,-3.0903203,5.349562
jsiec,jsiec-1ffa9504-8d87-11e8-9daf-6045cb817f5b.,/home/carld/.cache/kagglehub/datasets/linchundan/fundusimage1000/versions/4/1000images/9.Pathological myopia/1ffa9504-8d87-11e8-9daf-6045cb817f5b..JPG,0,0,0,0,0,1,,-1,9.Pathological myopia,/kaggle/temp/troubles/images/jsiec/9efc88080e744c05.jpg,-4.021598,-3.5973012,-9.454769,-3.7083285,-5.5674243,11.7311945
jsiec,jsiec-1ffa9505-8d87-11e8-9daf-6045cb817f5b.,/home/carld/.cache/kagglehub/datasets/linchundan/fundusimage1000/versions/4/1000images/9.Pathological myopia/1ffa9505-8d87-11e8-9daf-6045cb817f5b..JPG,0,0,0,0,0,1,,-1,9.Pathological myopia,/kaggle/temp/troubles/images/jsiec/8c639383b7760c38.jpg,-4.406259,-2.4755085,-9.218322,-3.8495414,-6.390534,10.00248
jsiec,jsiec-1ffa9506-8d87-11e8-9daf-6045cb817f5b.,/home/carld/.cache/kagglehub/datasets/linchundan/fundusimage1000/versions/4/1000images/9.Pathological myopia/1ffa9506-8d87-11e8-9daf-6045cb817f5b..JPG,0,0,0,0,0,1,,-1,9.Pathological myopia,/kaggle/temp/troubles/images/jsiec/a35a69779ec777d2.jpg,-4.0618377,-1.0874388,-7.6492696,4.284167,-6.4600368,5.3595304
jsiec,jsiec-1ffa9507-8d87-11e8-9daf-6045cb817f5b.,/home/carld/.cache/kagglehub/datasets/linchundan/fundusimage1000/versions/4/1000images/9.Pathological myopia/1ffa9507-8d87-11e8-9daf-6045cb817f5b..JPG,0,0,0,0,0,1,,-1,9.Pathological myopia,/kaggle/temp/troubles/images/jsiec/55d5a2baf215ad35.jpg,-3.8227806,-0.7435191,-7.3608756,2.3231738,-5.877277,3.532688
